ISO-10303-21;
HEADER;
FILE_DESCRIPTION(('Open CASCADE Model'),'2;1');
FILE_NAME('Open CASCADE Shape Model','2026-09-14T09:30:47',('Author'),(
    'Open CASCADE'),'Open CASCADE STEP processor 7.9','Open CASCADE 7.9'
  ,'Unknown');
FILE_SCHEMA(('AUTOMOTIVE_DESIGN { 1 0 10303 214 1 1 1 1 }'));
ENDSEC;
DATA;
#1 = APPLICATION_PROTOCOL_DEFINITION('international standard',
  'automotive_design',2000,#2);
#2 = APPLICATION_CONTEXT(
  'core data for automotive mechanical design processes');
#3 = SHAPE_DEFINITION_REPRESENTATION(#4,#10);
#4 = PRODUCT_DEFINITION_SHAPE('','',#5);
#5 = PRODUCT_DEFINITION('design','',#6,#9);
#6 = PRODUCT_DEFINITION_FORMATION('','',#7);
#7 = PRODUCT('Open CASCADE STEP translator 7.9 6',
  'Open CASCADE STEP translator 7.9 6','',(#8));
#8 = PRODUCT_CONTEXT('',#2,'mechanical');
#9 = PRODUCT_DEFINITION_CONTEXT('part definition',#2,'design');
#10 = ADVANCED_BREP_SHAPE_REPRESENTATION('',(#11,#15),#1960);
#11 = AXIS2_PLACEMENT_3D('',#12,#13,#14);
#12 = CARTESIAN_POINT('',(0.,0.,0.));
#13 = DIRECTION('',(0.,0.,1.));
#14 = DIRECTION('',(1.,0.,-0.));
#15 = MANIFOLD_SOLID_BREP('',#16);
#16 = CLOSED_SHELL('',(#17,#888,#1058,#1464,#1726,#1860,#1894,#1947,
    #1953));
#17 = ADVANCED_FACE('',(#18),#31,.T.);
#18 = FACE_BOUND('',#19,.T.);
#19 = EDGE_LOOP('',(#20,#247,#538,#599));
#20 = ORIENTED_EDGE('',*,*,#21,.F.);
#21 = EDGE_CURVE('',#22,#24,#26,.T.);
#22 = VERTEX_POINT('',#23);
#23 = CARTESIAN_POINT('',(15.000000166429,2.60820204101E-07,1.5312499932
    ));
#24 = VERTEX_POINT('',#25);
#25 = CARTESIAN_POINT('',(15.000000166429,2.60820204101E-07,1.9687499932
    ));
#26 = SURFACE_CURVE('',#27,(#30,#218),.PCURVE_S1.);
#27 = B_SPLINE_CURVE_WITH_KNOTS('',1,(#28,#29),.UNSPECIFIED.,.F.,.F.,(2,
    2),(0.,1.),.PIECEWISE_BEZIER_KNOTS.);
#28 = CARTESIAN_POINT('',(15.,7.105427357601E-15,1.53125));
#29 = CARTESIAN_POINT('',(15.,7.105427357601E-15,1.96875));
#30 = PCURVE('',#31,#212);
#31 = B_SPLINE_SURFACE_WITH_KNOTS('',12,1,(
    (#32,#33)
    ,(#34,#35)
    ,(#36,#37)
    ,(#38,#39)
    ,(#40,#41)
    ,(#42,#43)
    ,(#44,#45)
    ,(#46,#47)
    ,(#48,#49)
    ,(#50,#51)
    ,(#52,#53)
    ,(#54,#55)
    ,(#56,#57)
    ,(#58,#59)
    ,(#60,#61)
    ,(#62,#63)
    ,(#64,#65)
    ,(#66,#67)
    ,(#68,#69)
    ,(#70,#71)
    ,(#72,#73)
    ,(#74,#75)
    ,(#76,#77)
    ,(#78,#79)
    ,(#80,#81)
    ,(#82,#83)
    ,(#84,#85)
    ,(#86,#87)
    ,(#88,#89)
    ,(#90,#91)
    ,(#92,#93)
    ,(#94,#95)
    ,(#96,#97)
    ,(#98,#99)
    ,(#100,#101)
    ,(#102,#103)
    ,(#104,#105)
    ,(#106,#107)
    ,(#108,#109)
    ,(#110,#111)
    ,(#112,#113)
    ,(#114,#115)
    ,(#116,#117)
    ,(#118,#119)
    ,(#120,#121)
    ,(#122,#123)
    ,(#124,#125)
    ,(#126,#127)
    ,(#128,#129)
    ,(#130,#131)
    ,(#132,#133)
    ,(#134,#135)
    ,(#136,#137)
    ,(#138,#139)
    ,(#140,#141)
    ,(#142,#143)
    ,(#144,#145)
    ,(#146,#147)
    ,(#148,#149)
    ,(#150,#151)
    ,(#152,#153)
    ,(#154,#155)
    ,(#156,#157)
    ,(#158,#159)
    ,(#160,#161)
    ,(#162,#163)
    ,(#164,#165)
    ,(#166,#167)
    ,(#168,#169)
    ,(#170,#171)
    ,(#172,#173)
    ,(#174,#175)
    ,(#176,#177)
    ,(#178,#179)
    ,(#180,#181)
    ,(#182,#183)
    ,(#184,#185)
    ,(#186,#187)
    ,(#188,#189)
    ,(#190,#191)
    ,(#192,#193)
    ,(#194,#195)
    ,(#196,#197)
    ,(#198,#199)
    ,(#200,#201)
    ,(#202,#203)
    ,(#204,#205)
    ,(#206,#207)
    ,(#208,#209)
    ,(#210,#211
  )),.UNSPECIFIED.,.F.,.F.,.F.,(13,11,11,11,11,11,11,11,13),(2,2),(0.,
    6.421649150304,12.843298300607,19.264947450911,25.686596601215,
    32.108245751518,38.529894901822,44.951544052126,51.37319320243),(0.,
    1.),.UNSPECIFIED.);
#32 = CARTESIAN_POINT('',(15.,7.105427357601E-15,1.53125));
#33 = CARTESIAN_POINT('',(15.,7.105427357601E-15,1.96875));
#34 = CARTESIAN_POINT('',(15.000000000002,7.012483601763,1.791666666666)
  );
#35 = CARTESIAN_POINT('',(15.000000000002,7.012483601763,2.229166666666)
  );
#36 = CARTESIAN_POINT('',(11.423624014343,14.02493243428,2.052083333334)
  );
#37 = CARTESIAN_POINT('',(11.423624014343,14.02493243428,2.489583333334)
  );
#38 = CARTESIAN_POINT('',(4.271062137075,19.031368100459,2.312499999997)
  );
#39 = CARTESIAN_POINT('',(4.271062137075,19.031368100459,2.749999999997)
  );
#40 = CARTESIAN_POINT('',(-5.208106695063,20.023673132454,2.572916666672
    ));
#41 = CARTESIAN_POINT('',(-5.208106695063,20.023673132454,3.010416666672
    ));
#42 = CARTESIAN_POINT('',(-14.5088667063,15.878422905944,2.833333333325)
  );
#43 = CARTESIAN_POINT('',(-14.5088667063,15.878422905944,3.270833333325)
  );
#44 = CARTESIAN_POINT('',(-20.59299353169,7.205800090015,3.09375000001)
  );
#45 = CARTESIAN_POINT('',(-20.59299353169,7.205800090015,3.53125000001)
  );
#46 = CARTESIAN_POINT('',(-21.24352351737,-3.368120491904,3.354166666658
    ));
#47 = CARTESIAN_POINT('',(-21.24352351737,-3.368120491904,3.791666666658
    ));
#48 = CARTESIAN_POINT('',(-16.55641777209,-12.40793663823,3.61458333334)
  );
#49 = CARTESIAN_POINT('',(-16.55641777209,-12.40793663823,4.05208333334)
  );
#50 = CARTESIAN_POINT('',(-8.526613083712,-17.54228642095,3.874999999997
    ));
#51 = CARTESIAN_POINT('',(-8.526613083712,-17.54228642095,4.312499999997
    ));
#52 = CARTESIAN_POINT('',(0.186946553759,-18.08764678981,4.135416666668)
  );
#53 = CARTESIAN_POINT('',(0.186946553759,-18.08764678981,4.572916666668)
  );
#54 = CARTESIAN_POINT('',(7.355260225621,-14.83492747803,4.395833333333)
  );
#55 = CARTESIAN_POINT('',(7.355260225621,-14.83492747803,4.833333333333)
  );
#56 = CARTESIAN_POINT('',(16.09968424842,-3.869766577729,4.916666666667)
  );
#57 = CARTESIAN_POINT('',(16.09968424842,-3.869766577729,5.354166666667)
  );
#58 = CARTESIAN_POINT('',(17.675751242834,3.842620643376,5.17708333333)
  );
#59 = CARTESIAN_POINT('',(17.675751242834,3.842620643376,5.61458333333)
  );
#60 = CARTESIAN_POINT('',(15.20511476837,12.216359049858,5.437500000009)
  );
#61 = CARTESIAN_POINT('',(15.20511476837,12.216359049858,5.875000000009)
  );
#62 = CARTESIAN_POINT('',(8.412694215636,18.902339460865,5.697916666649)
  );
#63 = CARTESIAN_POINT('',(8.412694215636,18.902339460865,6.135416666649)
  );
#64 = CARTESIAN_POINT('',(-1.443454014539,21.460381347866,5.958333333359
    ));
#65 = CARTESIAN_POINT('',(-1.443454014539,21.460381347866,6.395833333359
    ));
#66 = CARTESIAN_POINT('',(-11.6075077909,18.473242823333,6.218749999973)
  );
#67 = CARTESIAN_POINT('',(-11.6075077909,18.473242823333,6.656249999973)
  );
#68 = CARTESIAN_POINT('',(-18.70884426263,10.611817631464,6.47916666669)
  );
#69 = CARTESIAN_POINT('',(-18.70884426263,10.611817631464,6.91666666669)
  );
#70 = CARTESIAN_POINT('',(-20.68055060711,0.62184213987,6.739583333318)
  );
#71 = CARTESIAN_POINT('',(-20.68055060711,0.62184213987,7.177083333318)
  );
#72 = CARTESIAN_POINT('',(-17.60381123244,-8.398855496228,7.000000000007
    ));
#73 = CARTESIAN_POINT('',(-17.60381123244,-8.398855496228,7.437500000007
    ));
#74 = CARTESIAN_POINT('',(-11.13130261179,-14.25805097382,7.260416666664
    ));
#75 = CARTESIAN_POINT('',(-11.13130261179,-14.25805097382,7.697916666664
    ));
#76 = CARTESIAN_POINT('',(-3.498851987732,-16.18434308314,7.520833333334
    ));
#77 = CARTESIAN_POINT('',(-3.498851987732,-16.18434308314,7.958333333334
    ));
#78 = CARTESIAN_POINT('',(10.174480006421,-13.06349428231,8.041666666667
    ));
#79 = CARTESIAN_POINT('',(10.174480006421,-13.06349428231,8.479166666667
    ));
#80 = CARTESIAN_POINT('',(16.215293581482,-8.016368845916,8.302083333333
    ));
#81 = CARTESIAN_POINT('',(16.215293581482,-8.016368845916,8.739583333333
    ));
#82 = CARTESIAN_POINT('',(19.504612703869,7.090011212115E-02,
    8.562500000001));
#83 = CARTESIAN_POINT('',(19.504612703869,7.090011212115E-02,
    9.000000000001));
#84 = CARTESIAN_POINT('',(18.362725075309,9.53321503323,8.822916666663)
  );
#85 = CARTESIAN_POINT('',(18.362725075309,9.53321503323,9.260416666663)
  );
#86 = CARTESIAN_POINT('',(12.251791122296,17.678380621007,9.083333333341
    ));
#87 = CARTESIAN_POINT('',(12.251791122296,17.678380621007,9.520833333341
    ));
#88 = CARTESIAN_POINT('',(2.442763483725,21.680125555222,9.34374999999)
  );
#89 = CARTESIAN_POINT('',(2.442763483725,21.680125555222,9.78124999999)
  );
#90 = CARTESIAN_POINT('',(-8.010803372751,19.961426712775,9.604166666676
    ));
#91 = CARTESIAN_POINT('',(-8.010803372751,19.961426712775,
    10.041666666676));
#92 = CARTESIAN_POINT('',(-15.78099330682,13.380288162457,9.864583333327
    ));
#93 = CARTESIAN_POINT('',(-15.78099330682,13.380288162457,
    10.302083333327));
#94 = CARTESIAN_POINT('',(-18.99981458213,4.409307133612,10.125000000003
    ));
#95 = CARTESIAN_POINT('',(-18.99981458213,4.409307133612,10.562500000003
    ));
#96 = CARTESIAN_POINT('',(-17.59255219933,-4.207139470105,
    10.385416666666));
#97 = CARTESIAN_POINT('',(-17.59255219933,-4.207139470105,
    10.822916666666));
#98 = CARTESIAN_POINT('',(-12.82628549862,-10.4719304129,10.645833333333
    ));
#99 = CARTESIAN_POINT('',(-12.82628549862,-10.4719304129,11.083333333333
    ));
#100 = CARTESIAN_POINT('',(-0.190226674899,-16.55713562417,
    11.166666666667));
#101 = CARTESIAN_POINT('',(-0.190226674899,-16.55713562417,
    11.604166666667));
#102 = CARTESIAN_POINT('',(7.6795027961,-16.377519721,11.427083333333));
#103 = CARTESIAN_POINT('',(7.6795027961,-16.377519721,11.864583333333));
#104 = CARTESIAN_POINT('',(15.29352576208,-12.10549517031,
    11.687500000001));
#105 = CARTESIAN_POINT('',(15.29352576208,-12.10549517031,
    12.125000000001));
#106 = CARTESIAN_POINT('',(20.300418919949,-3.995604176649,
    11.947916666665));
#107 = CARTESIAN_POINT('',(20.300418919949,-3.995604176649,
    12.385416666665));
#108 = CARTESIAN_POINT('',(20.601126046571,6.182647709262,
    12.208333333334));
#109 = CARTESIAN_POINT('',(20.601126046571,6.182647709262,
    12.645833333334));
#110 = CARTESIAN_POINT('',(15.427166582544,15.427166582524,12.46875));
#111 = CARTESIAN_POINT('',(15.427166582544,15.427166582524,12.90625));
#112 = CARTESIAN_POINT('',(6.182647709244,20.60112604659,12.729166666665
    ));
#113 = CARTESIAN_POINT('',(6.182647709244,20.60112604659,13.166666666665
    ));
#114 = CARTESIAN_POINT('',(-3.995604176637,20.300418919936,
    12.989583333335));
#115 = CARTESIAN_POINT('',(-3.995604176637,20.300418919936,
    13.427083333335));
#116 = CARTESIAN_POINT('',(-12.10549517031,15.293525762087,
    13.249999999998));
#117 = CARTESIAN_POINT('',(-12.10549517031,15.293525762087,
    13.687499999998));
#118 = CARTESIAN_POINT('',(-16.377519721,7.679502796097,13.510416666668)
  );
#119 = CARTESIAN_POINT('',(-16.377519721,7.679502796097,13.947916666668)
  );
#120 = CARTESIAN_POINT('',(-16.55713562417,-0.190226674898,
    13.770833333333));
#121 = CARTESIAN_POINT('',(-16.55713562417,-0.190226674898,
    14.208333333333));
#122 = CARTESIAN_POINT('',(-10.4719304129,-12.82628549863,
    14.291666666668));
#123 = CARTESIAN_POINT('',(-10.4719304129,-12.82628549863,
    14.729166666668));
#124 = CARTESIAN_POINT('',(-4.207139470104,-17.59255219933,
    14.552083333326));
#125 = CARTESIAN_POINT('',(-4.207139470104,-17.59255219933,
    14.989583333326));
#126 = CARTESIAN_POINT('',(4.409307133608,-18.99981458215,
    14.812500000018));
#127 = CARTESIAN_POINT('',(4.409307133608,-18.99981458215,
    15.250000000018));
#128 = CARTESIAN_POINT('',(13.380288162471,-15.78099330678,
    15.072916666637));
#129 = CARTESIAN_POINT('',(13.380288162471,-15.78099330678,
    15.510416666637));
#130 = CARTESIAN_POINT('',(19.961426712752,-8.010803372796,
    15.333333333371));
#131 = CARTESIAN_POINT('',(19.961426712752,-8.010803372796,
    15.770833333371));
#132 = CARTESIAN_POINT('',(21.680125555249,2.442763483769,
    15.593749999964));
#133 = CARTESIAN_POINT('',(21.680125555249,2.442763483769,
    16.031249999964));
#134 = CARTESIAN_POINT('',(17.678380620986,12.251791122264,
    15.854166666695));
#135 = CARTESIAN_POINT('',(17.678380620986,12.251791122264,
    16.291666666695));
#136 = CARTESIAN_POINT('',(9.533215033241,18.362725075328,
    16.114583333316));
#137 = CARTESIAN_POINT('',(9.533215033241,18.362725075328,
    16.552083333316));
#138 = CARTESIAN_POINT('',(7.090011211751E-02,19.50461270386,
    16.375000000008));
#139 = CARTESIAN_POINT('',(7.090011211751E-02,19.50461270386,
    16.812500000008));
#140 = CARTESIAN_POINT('',(-8.016368845916,16.215293581485,
    16.635416666664));
#141 = CARTESIAN_POINT('',(-8.016368845916,16.215293581485,
    17.072916666664));
#142 = CARTESIAN_POINT('',(-13.0634942823,10.17448000642,16.895833333334
    ));
#143 = CARTESIAN_POINT('',(-13.0634942823,10.17448000642,17.333333333334
    ));
#144 = CARTESIAN_POINT('',(-16.18434308314,-3.498851987731,
    17.416666666667));
#145 = CARTESIAN_POINT('',(-16.18434308314,-3.498851987731,
    17.854166666667));
#146 = CARTESIAN_POINT('',(-14.2580509738,-11.1313026118,17.67708333333)
  );
#147 = CARTESIAN_POINT('',(-14.2580509738,-11.1313026118,18.11458333333)
  );
#148 = CARTESIAN_POINT('',(-8.398855496269,-17.60381123242,
    17.937500000008));
#149 = CARTESIAN_POINT('',(-8.398855496269,-17.60381123242,
    18.375000000008));
#150 = CARTESIAN_POINT('',(0.621842139955,-20.68055060714,
    18.197916666652));
#151 = CARTESIAN_POINT('',(0.621842139955,-20.68055060714,
    18.635416666652));
#152 = CARTESIAN_POINT('',(10.611817631337,-18.7088442626,
    18.458333333352));
#153 = CARTESIAN_POINT('',(10.611817631337,-18.7088442626,
    18.895833333352));
#154 = CARTESIAN_POINT('',(18.473242823478,-11.60750779094,
    18.718749999982));
#155 = CARTESIAN_POINT('',(18.473242823478,-11.60750779094,
    19.156249999982));
#156 = CARTESIAN_POINT('',(21.460381347739,-1.4434540145,18.979166666679
    ));
#157 = CARTESIAN_POINT('',(21.460381347739,-1.4434540145,19.416666666679
    ));
#158 = CARTESIAN_POINT('',(18.902339460951,8.412694215611,
    19.239583333327));
#159 = CARTESIAN_POINT('',(18.902339460951,8.412694215611,
    19.677083333327));
#160 = CARTESIAN_POINT('',(12.216359049814,15.205114768383,
    19.500000000002));
#161 = CARTESIAN_POINT('',(12.216359049814,15.205114768383,
    19.937500000002));
#162 = CARTESIAN_POINT('',(3.842620643392,17.675751242829,
    19.760416666667));
#163 = CARTESIAN_POINT('',(3.842620643392,17.675751242829,
    20.197916666667));
#164 = CARTESIAN_POINT('',(-3.869766577732,16.099684248421,
    20.020833333333));
#165 = CARTESIAN_POINT('',(-3.869766577732,16.099684248421,
    20.458333333333));
#166 = CARTESIAN_POINT('',(-14.83492747803,7.355260225619,
    20.541666666667));
#167 = CARTESIAN_POINT('',(-14.83492747803,7.355260225619,
    20.979166666667));
#168 = CARTESIAN_POINT('',(-18.08764678982,0.186946553771,
    20.802083333331));
#169 = CARTESIAN_POINT('',(-18.08764678982,0.186946553771,
    21.239583333331));
#170 = CARTESIAN_POINT('',(-17.54228642094,-8.526613083744,
    21.062500000007));
#171 = CARTESIAN_POINT('',(-17.54228642094,-8.526613083744,
    21.500000000007));
#172 = CARTESIAN_POINT('',(-12.40793663823,-16.55641777203,
    21.322916666652));
#173 = CARTESIAN_POINT('',(-12.40793663823,-16.55641777203,
    21.760416666652));
#174 = CARTESIAN_POINT('',(-3.368120491905,-21.24352351747,
    21.583333333355));
#175 = CARTESIAN_POINT('',(-3.368120491905,-21.24352351747,
    22.020833333355));
#176 = CARTESIAN_POINT('',(7.205800090017,-20.59299353158,
    21.843749999975));
#177 = CARTESIAN_POINT('',(7.205800090017,-20.59299353158,
    22.281249999975));
#178 = CARTESIAN_POINT('',(15.878422905946,-14.5088667064,22.10416666669
    ));
#179 = CARTESIAN_POINT('',(15.878422905946,-14.5088667064,22.54166666669
    ));
#180 = CARTESIAN_POINT('',(20.023673132452,-5.208106694996,
    22.364583333317));
#181 = CARTESIAN_POINT('',(20.023673132452,-5.208106694996,
    22.802083333317));
#182 = CARTESIAN_POINT('',(19.031368100461,4.27106213704,22.625000000009
    ));
#183 = CARTESIAN_POINT('',(19.031368100461,4.27106213704,23.062500000009
    ));
#184 = CARTESIAN_POINT('',(14.024932434279,11.423624014356,
    22.885416666663));
#185 = CARTESIAN_POINT('',(14.024932434279,11.423624014356,
    23.322916666663));
#186 = CARTESIAN_POINT('',(7.012483601763,14.999999999999,
    23.145833333334));
#187 = CARTESIAN_POINT('',(7.012483601763,14.999999999999,
    23.583333333334));
#188 = CARTESIAN_POINT('',(-7.012483601763,15.000000000001,
    23.666666666666));
#189 = CARTESIAN_POINT('',(-7.012483601763,15.000000000001,
    24.104166666666));
#190 = CARTESIAN_POINT('',(-14.02493243427,11.423624014347,
    23.927083333338));
#191 = CARTESIAN_POINT('',(-14.02493243427,11.423624014347,
    24.364583333338));
#192 = CARTESIAN_POINT('',(-19.03136810047,4.271062137064,
    24.187499999988));
#193 = CARTESIAN_POINT('',(-19.03136810047,4.271062137064,
    24.624999999988));
#194 = CARTESIAN_POINT('',(-20.02367313241,-5.20810669504,
    24.447916666688));
#195 = CARTESIAN_POINT('',(-20.02367313241,-5.20810669504,
    24.885416666688));
#196 = CARTESIAN_POINT('',(-15.878422906,-14.50886670634,24.708333333303
    ));
#197 = CARTESIAN_POINT('',(-15.878422906,-14.50886670634,25.145833333303
    ));
#198 = CARTESIAN_POINT('',(-7.205800089948,-20.59299353164,
    24.968750000033));
#199 = CARTESIAN_POINT('',(-7.205800089948,-20.59299353164,
    25.406250000033));
#200 = CARTESIAN_POINT('',(3.368120491844,-21.24352351742,
    25.229166666638));
#201 = CARTESIAN_POINT('',(3.368120491844,-21.24352351742,
    25.666666666638));
#202 = CARTESIAN_POINT('',(12.407936638277,-16.55641777206,
    25.489583333354));
#203 = CARTESIAN_POINT('',(12.407936638277,-16.55641777206,
    25.927083333354));
#204 = CARTESIAN_POINT('',(17.542286420927,-8.526613083727,
    25.749999999989));
#205 = CARTESIAN_POINT('',(17.542286420927,-8.526613083727,
    26.187499999989));
#206 = CARTESIAN_POINT('',(18.087646789827,0.186946553764,
    26.010416666671));
#207 = CARTESIAN_POINT('',(18.087646789827,0.186946553764,
    26.447916666671));
#208 = CARTESIAN_POINT('',(14.834927478029,7.355260225621,
    26.270833333332));
#209 = CARTESIAN_POINT('',(14.834927478029,7.355260225621,
    26.708333333332));
#210 = CARTESIAN_POINT('',(9.352347027881,11.72747223702,26.53125));
#211 = CARTESIAN_POINT('',(9.352347027881,11.72747223702,26.96875));
#212 = DEFINITIONAL_REPRESENTATION('',(#213),#217);
#213 = LINE('',#214,#215);
#214 = CARTESIAN_POINT('',(0.,0.));
#215 = VECTOR('',#216,1.);
#216 = DIRECTION('',(0.,1.));
#217 = ( GEOMETRIC_REPRESENTATION_CONTEXT(2) 
PARAMETRIC_REPRESENTATION_CONTEXT() REPRESENTATION_CONTEXT('2D SPACE',''
  ) );
#218 = PCURVE('',#219,#242);
#219 = B_SPLINE_SURFACE_WITH_KNOTS('',6,1,(
    (#220,#221)
    ,(#222,#223)
    ,(#224,#225)
    ,(#226,#227)
    ,(#228,#229)
    ,(#230,#231)
    ,(#232,#233)
    ,(#234,#235)
    ,(#236,#237)
    ,(#238,#239)
    ,(#240,#241
    )),.UNSPECIFIED.,.F.,.F.,.F.,(7,4,7),(2,2),(0.,0.509703713325,1.),(
    0.,1.),.UNSPECIFIED.);
#220 = CARTESIAN_POINT('',(15.000000332859,5.21640408202E-07,
    1.9687499864));
#221 = CARTESIAN_POINT('',(15.000000332859,5.21640408202E-07,
    1.5312499864));
#222 = CARTESIAN_POINT('',(14.768165821346,-1.834667182192,
    1.900617789025));
#223 = CARTESIAN_POINT('',(14.768165821346,-1.834667182192,
    1.463117789025));
#224 = CARTESIAN_POINT('',(14.262838623759,-3.634701777285,
    1.831242957571));
#225 = CARTESIAN_POINT('',(14.262838623759,-3.634701777285,
    1.393742957571));
#226 = CARTESIAN_POINT('',(13.490153655562,-5.349200708016,
    1.760514271229));
#227 = CARTESIAN_POINT('',(13.490153655562,-5.349200708016,
    1.323014271229));
#228 = CARTESIAN_POINT('',(12.469560257458,-6.928360981961,
    1.688346217206));
#229 = CARTESIAN_POINT('',(12.469560257458,-6.928360981961,
    1.250846217206));
#230 = CARTESIAN_POINT('',(10.044286421759,-9.678729423091,
    1.543921119015));
#231 = CARTESIAN_POINT('',(10.044286421759,-9.678729423091,
    1.106421119015));
#232 = CARTESIAN_POINT('',(6.941318249592,-11.626897154,1.394478717307)
  );
#233 = CARTESIAN_POINT('',(6.941318249592,-11.626897154,0.956978717307)
  );
#234 = CARTESIAN_POINT('',(5.292202785791,-12.36142367407,1.320127687381
    ));
#235 = CARTESIAN_POINT('',(5.292202785791,-12.36142367407,0.882627687381
    ));
#236 = CARTESIAN_POINT('',(3.556877885785,-12.85680995846,1.244943933097
    ));
#237 = CARTESIAN_POINT('',(3.556877885785,-12.85680995846,0.807443933097
    ));
#238 = CARTESIAN_POINT('',(1.778442288474,-13.1045761938,1.169347059997)
  );
#239 = CARTESIAN_POINT('',(1.778442288474,-13.1045761938,0.731847059997)
  );
#240 = CARTESIAN_POINT('',(-2.415047593018E-07,-13.10456862028,
    1.093749999949));
#241 = CARTESIAN_POINT('',(-2.415047593018E-07,-13.10456862028,
    0.656249999949));
#242 = DEFINITIONAL_REPRESENTATION('',(#243),#246);
#243 = B_SPLINE_CURVE_WITH_KNOTS('',1,(#244,#245),.UNSPECIFIED.,.F.,.F.,
  (2,2),(0.,1.),.PIECEWISE_BEZIER_KNOTS.);
#244 = CARTESIAN_POINT('',(0.,1.));
#245 = CARTESIAN_POINT('',(0.,0.));
#246 = ( GEOMETRIC_REPRESENTATION_CONTEXT(2) 
PARAMETRIC_REPRESENTATION_CONTEXT() REPRESENTATION_CONTEXT('2D SPACE',''
  ) );
#247 = ORIENTED_EDGE('',*,*,#248,.T.);
#248 = EDGE_CURVE('',#22,#249,#251,.T.);
#249 = VERTEX_POINT('',#250);
#250 = CARTESIAN_POINT('',(-4.152532765239,-14.41375975243,25.));
#251 = SURFACE_CURVE('',#252,(#343,#350),.PCURVE_S1.);
#252 = B_SPLINE_CURVE_WITH_KNOTS('',12,(#253,#254,#255,#256,#257,#258,
    #259,#260,#261,#262,#263,#264,#265,#266,#267,#268,#269,#270,#271,
    #272,#273,#274,#275,#276,#277,#278,#279,#280,#281,#282,#283,#284,
    #285,#286,#287,#288,#289,#290,#291,#292,#293,#294,#295,#296,#297,
    #298,#299,#300,#301,#302,#303,#304,#305,#306,#307,#308,#309,#310,
    #311,#312,#313,#314,#315,#316,#317,#318,#319,#320,#321,#322,#323,
    #324,#325,#326,#327,#328,#329,#330,#331,#332,#333,#334,#335,#336,
    #337,#338,#339,#340,#341,#342),.UNSPECIFIED.,.F.,.F.,(13,11,11,11,11
    ,11,11,11,13),(0.,6.421649150304,12.843298300607,19.264947450911,
    25.686596601215,32.108245751518,38.529894901822,44.951544052126,
    51.37319320243),.UNSPECIFIED.);
#253 = CARTESIAN_POINT('',(15.,7.105427357601E-15,1.53125));
#254 = CARTESIAN_POINT('',(15.000000000002,7.012483601763,1.791666666666
    ));
#255 = CARTESIAN_POINT('',(11.423624014343,14.02493243428,2.052083333334
    ));
#256 = CARTESIAN_POINT('',(4.271062137075,19.031368100459,2.312499999997
    ));
#257 = CARTESIAN_POINT('',(-5.208106695063,20.023673132454,
    2.572916666672));
#258 = CARTESIAN_POINT('',(-14.5088667063,15.878422905944,2.833333333325
    ));
#259 = CARTESIAN_POINT('',(-20.59299353169,7.205800090015,3.09375000001)
  );
#260 = CARTESIAN_POINT('',(-21.24352351737,-3.368120491904,
    3.354166666658));
#261 = CARTESIAN_POINT('',(-16.55641777209,-12.40793663823,3.61458333334
    ));
#262 = CARTESIAN_POINT('',(-8.526613083712,-17.54228642095,
    3.874999999997));
#263 = CARTESIAN_POINT('',(0.186946553759,-18.08764678981,4.135416666668
    ));
#264 = CARTESIAN_POINT('',(7.355260225621,-14.83492747803,4.395833333333
    ));
#265 = CARTESIAN_POINT('',(16.09968424842,-3.869766577729,4.916666666667
    ));
#266 = CARTESIAN_POINT('',(17.675751242834,3.842620643376,5.17708333333)
  );
#267 = CARTESIAN_POINT('',(15.20511476837,12.216359049858,5.437500000009
    ));
#268 = CARTESIAN_POINT('',(8.412694215636,18.902339460865,5.697916666649
    ));
#269 = CARTESIAN_POINT('',(-1.443454014539,21.460381347866,
    5.958333333359));
#270 = CARTESIAN_POINT('',(-11.6075077909,18.473242823333,6.218749999973
    ));
#271 = CARTESIAN_POINT('',(-18.70884426263,10.611817631464,6.47916666669
    ));
#272 = CARTESIAN_POINT('',(-20.68055060711,0.62184213987,6.739583333318)
  );
#273 = CARTESIAN_POINT('',(-17.60381123244,-8.398855496228,
    7.000000000007));
#274 = CARTESIAN_POINT('',(-11.13130261179,-14.25805097382,
    7.260416666664));
#275 = CARTESIAN_POINT('',(-3.498851987732,-16.18434308314,
    7.520833333334));
#276 = CARTESIAN_POINT('',(10.174480006421,-13.06349428231,
    8.041666666667));
#277 = CARTESIAN_POINT('',(16.215293581482,-8.016368845916,
    8.302083333333));
#278 = CARTESIAN_POINT('',(19.504612703869,7.090011212115E-02,
    8.562500000001));
#279 = CARTESIAN_POINT('',(18.362725075309,9.53321503323,8.822916666663)
  );
#280 = CARTESIAN_POINT('',(12.251791122296,17.678380621007,
    9.083333333341));
#281 = CARTESIAN_POINT('',(2.442763483725,21.680125555222,9.34374999999)
  );
#282 = CARTESIAN_POINT('',(-8.010803372751,19.961426712775,
    9.604166666676));
#283 = CARTESIAN_POINT('',(-15.78099330682,13.380288162457,
    9.864583333327));
#284 = CARTESIAN_POINT('',(-18.99981458213,4.409307133612,
    10.125000000003));
#285 = CARTESIAN_POINT('',(-17.59255219933,-4.207139470105,
    10.385416666666));
#286 = CARTESIAN_POINT('',(-12.82628549862,-10.4719304129,
    10.645833333333));
#287 = CARTESIAN_POINT('',(-0.190226674899,-16.55713562417,
    11.166666666667));
#288 = CARTESIAN_POINT('',(7.6795027961,-16.377519721,11.427083333333));
#289 = CARTESIAN_POINT('',(15.29352576208,-12.10549517031,
    11.687500000001));
#290 = CARTESIAN_POINT('',(20.300418919949,-3.995604176649,
    11.947916666665));
#291 = CARTESIAN_POINT('',(20.601126046571,6.182647709262,
    12.208333333334));
#292 = CARTESIAN_POINT('',(15.427166582544,15.427166582524,12.46875));
#293 = CARTESIAN_POINT('',(6.182647709244,20.60112604659,12.729166666665
    ));
#294 = CARTESIAN_POINT('',(-3.995604176637,20.300418919936,
    12.989583333335));
#295 = CARTESIAN_POINT('',(-12.10549517031,15.293525762087,
    13.249999999998));
#296 = CARTESIAN_POINT('',(-16.377519721,7.679502796097,13.510416666668)
  );
#297 = CARTESIAN_POINT('',(-16.55713562417,-0.190226674898,
    13.770833333333));
#298 = CARTESIAN_POINT('',(-10.4719304129,-12.82628549863,
    14.291666666668));
#299 = CARTESIAN_POINT('',(-4.207139470104,-17.59255219933,
    14.552083333326));
#300 = CARTESIAN_POINT('',(4.409307133608,-18.99981458215,
    14.812500000018));
#301 = CARTESIAN_POINT('',(13.380288162471,-15.78099330678,
    15.072916666637));
#302 = CARTESIAN_POINT('',(19.961426712752,-8.010803372796,
    15.333333333371));
#303 = CARTESIAN_POINT('',(21.680125555249,2.442763483769,
    15.593749999964));
#304 = CARTESIAN_POINT('',(17.678380620986,12.251791122264,
    15.854166666695));
#305 = CARTESIAN_POINT('',(9.533215033241,18.362725075328,
    16.114583333316));
#306 = CARTESIAN_POINT('',(7.090011211751E-02,19.50461270386,
    16.375000000008));
#307 = CARTESIAN_POINT('',(-8.016368845916,16.215293581485,
    16.635416666664));
#308 = CARTESIAN_POINT('',(-13.0634942823,10.17448000642,16.895833333334
    ));
#309 = CARTESIAN_POINT('',(-16.18434308314,-3.498851987731,
    17.416666666667));
#310 = CARTESIAN_POINT('',(-14.2580509738,-11.1313026118,17.67708333333)
  );
#311 = CARTESIAN_POINT('',(-8.398855496269,-17.60381123242,
    17.937500000008));
#312 = CARTESIAN_POINT('',(0.621842139955,-20.68055060714,
    18.197916666652));
#313 = CARTESIAN_POINT('',(10.611817631337,-18.7088442626,
    18.458333333352));
#314 = CARTESIAN_POINT('',(18.473242823478,-11.60750779094,
    18.718749999982));
#315 = CARTESIAN_POINT('',(21.460381347739,-1.4434540145,18.979166666679
    ));
#316 = CARTESIAN_POINT('',(18.902339460951,8.412694215611,
    19.239583333327));
#317 = CARTESIAN_POINT('',(12.216359049814,15.205114768383,
    19.500000000002));
#318 = CARTESIAN_POINT('',(3.842620643392,17.675751242829,
    19.760416666667));
#319 = CARTESIAN_POINT('',(-3.869766577732,16.099684248421,
    20.020833333333));
#320 = CARTESIAN_POINT('',(-14.83492747803,7.355260225619,
    20.541666666667));
#321 = CARTESIAN_POINT('',(-18.08764678982,0.186946553771,
    20.802083333331));
#322 = CARTESIAN_POINT('',(-17.54228642094,-8.526613083744,
    21.062500000007));
#323 = CARTESIAN_POINT('',(-12.40793663823,-16.55641777203,
    21.322916666652));
#324 = CARTESIAN_POINT('',(-3.368120491905,-21.24352351747,
    21.583333333355));
#325 = CARTESIAN_POINT('',(7.205800090017,-20.59299353158,
    21.843749999975));
#326 = CARTESIAN_POINT('',(15.878422905946,-14.5088667064,22.10416666669
    ));
#327 = CARTESIAN_POINT('',(20.023673132452,-5.208106694996,
    22.364583333317));
#328 = CARTESIAN_POINT('',(19.031368100461,4.27106213704,22.625000000009
    ));
#329 = CARTESIAN_POINT('',(14.024932434279,11.423624014356,
    22.885416666663));
#330 = CARTESIAN_POINT('',(7.012483601763,14.999999999999,
    23.145833333334));
#331 = CARTESIAN_POINT('',(-7.012483601763,15.000000000001,
    23.666666666666));
#332 = CARTESIAN_POINT('',(-14.02493243427,11.423624014347,
    23.927083333338));
#333 = CARTESIAN_POINT('',(-19.03136810047,4.271062137064,
    24.187499999988));
#334 = CARTESIAN_POINT('',(-20.02367313241,-5.20810669504,
    24.447916666688));
#335 = CARTESIAN_POINT('',(-15.878422906,-14.50886670634,24.708333333303
    ));
#336 = CARTESIAN_POINT('',(-7.205800089948,-20.59299353164,
    24.968750000033));
#337 = CARTESIAN_POINT('',(3.368120491844,-21.24352351742,
    25.229166666638));
#338 = CARTESIAN_POINT('',(12.407936638277,-16.55641777206,
    25.489583333354));
#339 = CARTESIAN_POINT('',(17.542286420927,-8.526613083727,
    25.749999999989));
#340 = CARTESIAN_POINT('',(18.087646789827,0.186946553764,
    26.010416666671));
#341 = CARTESIAN_POINT('',(14.834927478029,7.355260225621,
    26.270833333332));
#342 = CARTESIAN_POINT('',(9.352347027881,11.72747223702,26.53125));
#343 = PCURVE('',#31,#344);
#344 = DEFINITIONAL_REPRESENTATION('',(#345),#349);
#345 = LINE('',#346,#347);
#346 = CARTESIAN_POINT('',(0.,0.));
#347 = VECTOR('',#348,1.);
#348 = DIRECTION('',(1.,0.));
#349 = ( GEOMETRIC_REPRESENTATION_CONTEXT(2) 
PARAMETRIC_REPRESENTATION_CONTEXT() REPRESENTATION_CONTEXT('2D SPACE',''
  ) );
#350 = PCURVE('',#351,#532);
#351 = B_SPLINE_SURFACE_WITH_KNOTS('',12,1,(
    (#352,#353)
    ,(#354,#355)
    ,(#356,#357)
    ,(#358,#359)
    ,(#360,#361)
    ,(#362,#363)
    ,(#364,#365)
    ,(#366,#367)
    ,(#368,#369)
    ,(#370,#371)
    ,(#372,#373)
    ,(#374,#375)
    ,(#376,#377)
    ,(#378,#379)
    ,(#380,#381)
    ,(#382,#383)
    ,(#384,#385)
    ,(#386,#387)
    ,(#388,#389)
    ,(#390,#391)
    ,(#392,#393)
    ,(#394,#395)
    ,(#396,#397)
    ,(#398,#399)
    ,(#400,#401)
    ,(#402,#403)
    ,(#404,#405)
    ,(#406,#407)
    ,(#408,#409)
    ,(#410,#411)
    ,(#412,#413)
    ,(#414,#415)
    ,(#416,#417)
    ,(#418,#419)
    ,(#420,#421)
    ,(#422,#423)
    ,(#424,#425)
    ,(#426,#427)
    ,(#428,#429)
    ,(#430,#431)
    ,(#432,#433)
    ,(#434,#435)
    ,(#436,#437)
    ,(#438,#439)
    ,(#440,#441)
    ,(#442,#443)
    ,(#444,#445)
    ,(#446,#447)
    ,(#448,#449)
    ,(#450,#451)
    ,(#452,#453)
    ,(#454,#455)
    ,(#456,#457)
    ,(#458,#459)
    ,(#460,#461)
    ,(#462,#463)
    ,(#464,#465)
    ,(#466,#467)
    ,(#468,#469)
    ,(#470,#471)
    ,(#472,#473)
    ,(#474,#475)
    ,(#476,#477)
    ,(#478,#479)
    ,(#480,#481)
    ,(#482,#483)
    ,(#484,#485)
    ,(#486,#487)
    ,(#488,#489)
    ,(#490,#491)
    ,(#492,#493)
    ,(#494,#495)
    ,(#496,#497)
    ,(#498,#499)
    ,(#500,#501)
    ,(#502,#503)
    ,(#504,#505)
    ,(#506,#507)
    ,(#508,#509)
    ,(#510,#511)
    ,(#512,#513)
    ,(#514,#515)
    ,(#516,#517)
    ,(#518,#519)
    ,(#520,#521)
    ,(#522,#523)
    ,(#524,#525)
    ,(#526,#527)
    ,(#528,#529)
    ,(#530,#531
  )),.UNSPECIFIED.,.F.,.F.,.F.,(13,11,11,11,11,11,11,11,13),(2,2),(0.,
    6.421649150304,12.843298300607,19.264947450911,25.686596601215,
    32.108245751518,38.529894901822,44.951544052126,51.37319320243),(0.,
    1.),.UNSPECIFIED.);
#352 = CARTESIAN_POINT('',(13.104569429222,8.881784197001E-16,0.4375));
#353 = CARTESIAN_POINT('',(15.,7.105427357601E-15,1.53125));
#354 = CARTESIAN_POINT('',(13.104569429223,6.126371882039,0.697916666666
    ));
#355 = CARTESIAN_POINT('',(15.000000000002,7.012483601763,1.791666666666
    ));
#356 = CARTESIAN_POINT('',(9.980111601953,12.252713388343,0.958333333334
    ));
#357 = CARTESIAN_POINT('',(11.423624014343,14.02493243428,2.052083333334
    ));
#358 = CARTESIAN_POINT('',(3.731362020784,16.626525640371,1.218749999997
    ));
#359 = CARTESIAN_POINT('',(4.271062137075,19.031368100459,2.312499999997
    ));
#360 = CARTESIAN_POINT('',(-4.549999718676,17.49344098615,1.479166666672
    ));
#361 = CARTESIAN_POINT('',(-5.208106695063,20.023673132454,
    2.572916666672));
#362 = CARTESIAN_POINT('',(-12.67549673948,13.871993026503,
    1.739583333325));
#363 = CARTESIAN_POINT('',(-14.5088667063,15.878422905944,2.833333333325
    ));
#364 = CARTESIAN_POINT('',(-17.99082089943,6.295260504843,2.00000000001)
  );
#365 = CARTESIAN_POINT('',(-20.59299353169,7.205800090015,3.09375000001)
  );
#366 = CARTESIAN_POINT('',(-18.55914859032,-2.942517922139,
    2.260416666658));
#367 = CARTESIAN_POINT('',(-21.24352351737,-3.368120491904,
    3.354166666658));
#368 = CARTESIAN_POINT('',(-14.46431507956,-10.84004447661,2.52083333334
    ));
#369 = CARTESIAN_POINT('',(-16.55641777209,-12.40793663823,3.61458333334
    ));
#370 = CARTESIAN_POINT('',(-7.449172876777,-15.3256073567,2.781249999997
    ));
#371 = CARTESIAN_POINT('',(-8.526613083712,-17.54228642095,
    3.874999999997));
#372 = CARTESIAN_POINT('',(0.16332360622,-15.80205487789,3.041666666668)
  );
#373 = CARTESIAN_POINT('',(0.186946553759,-18.08764678981,4.135416666668
    ));
#374 = CARTESIAN_POINT('',(6.42583455311,-12.96035580755,3.302083333333)
  );
#375 = CARTESIAN_POINT('',(7.355260225621,-14.83492747803,4.395833333333
    ));
#376 = CARTESIAN_POINT('',(14.065295334797,-3.380774986183,
    3.822916666667));
#377 = CARTESIAN_POINT('',(16.09968424842,-3.869766577729,4.916666666667
    ));
#378 = CARTESIAN_POINT('',(15.442207291691,3.357059267419,4.08333333333)
  );
#379 = CARTESIAN_POINT('',(17.675751242834,3.842620643376,5.17708333333)
  );
#380 = CARTESIAN_POINT('',(13.283765477425,10.672675022743,
    4.343750000009));
#381 = CARTESIAN_POINT('',(15.20511476837,12.216359049858,5.437500000009
    ));
#382 = CARTESIAN_POINT('',(7.349649029044,16.513801322644,4.604166666649
    ));
#383 = CARTESIAN_POINT('',(8.412694215636,18.902339460865,5.697916666649
    ));
#384 = CARTESIAN_POINT('',(-1.26105622343,18.748603823374,4.864583333359
    ));
#385 = CARTESIAN_POINT('',(-1.443454014539,21.460381347866,
    5.958333333359));
#386 = CARTESIAN_POINT('',(-10.14075944974,16.138926210755,
    5.124999999973));
#387 = CARTESIAN_POINT('',(-11.6075077909,18.473242823333,6.218749999973
    ));
#388 = CARTESIAN_POINT('',(-16.34475657201,9.270886728112,5.38541666669)
  );
#389 = CARTESIAN_POINT('',(-18.70884426263,10.611817631464,6.47916666669
    ));
#390 = CARTESIAN_POINT('',(-18.06731408436,0.543264899734,5.645833333318
    ));
#391 = CARTESIAN_POINT('',(-20.68055060711,0.62184213987,6.739583333318)
  );
#392 = CARTESIAN_POINT('',(-15.37935776762,-7.337558998423,
    5.906250000007));
#393 = CARTESIAN_POINT('',(-17.60381123244,-8.398855496228,
    7.000000000007));
#394 = CARTESIAN_POINT('',(-9.724728527599,-12.45637459412,
    6.166666666664));
#395 = CARTESIAN_POINT('',(-11.13130261179,-14.25805097382,
    7.260416666664));
#396 = CARTESIAN_POINT('',(-3.05672991972,-14.13925650662,6.427083333334
    ));
#397 = CARTESIAN_POINT('',(-3.498851987732,-16.18434308314,
    7.520833333334));
#398 = CARTESIAN_POINT('',(8.888811976691,-11.41276452071,6.947916666667
    ));
#399 = CARTESIAN_POINT('',(10.174480006421,-13.06349428231,
    8.041666666667));
#400 = CARTESIAN_POINT('',(14.166296036917,-7.00340414077,7.208333333333
    ));
#401 = CARTESIAN_POINT('',(16.215293581482,-8.016368845916,
    8.302083333333));
#402 = CARTESIAN_POINT('',(17.039970091193,6.194102945389E-02,
    7.468750000001));
#403 = CARTESIAN_POINT('',(19.504612703869,7.090011212115E-02,
    8.562500000001));
#404 = CARTESIAN_POINT('',(16.04237371061,8.328578552447,7.729166666663)
  );
#405 = CARTESIAN_POINT('',(18.362725075309,9.53321503323,8.822916666663)
  );
#406 = CARTESIAN_POINT('',(10.703629826291,15.444504416274,
    7.989583333341));
#407 = CARTESIAN_POINT('',(12.251791122296,17.678380621007,
    9.083333333341));
#408 = CARTESIAN_POINT('',(2.134090911449,18.940580704849,8.24999999999)
  );
#409 = CARTESIAN_POINT('',(2.442763483725,21.680125555222,9.34374999999)
  );
#410 = CARTESIAN_POINT('',(-6.998541932143,17.43906015092,8.510416666676
    ));
#411 = CARTESIAN_POINT('',(-8.010803372751,19.961426712775,
    9.604166666676));
#412 = CARTESIAN_POINT('',(-13.78687483008,11.68952768053,8.770833333327
    ));
#413 = CARTESIAN_POINT('',(-15.78099330682,13.380288162457,
    9.864583333327));
#414 = CARTESIAN_POINT('',(-16.59895928893,3.852138097811,9.031250000003
    ));
#415 = CARTESIAN_POINT('',(-18.99981458213,4.409307133612,
    10.125000000003));
#416 = CARTESIAN_POINT('',(-15.36952144889,-3.675516752294,
    9.291666666666));
#417 = CARTESIAN_POINT('',(-17.59255219933,-4.207139470105,
    10.385416666666));
#418 = CARTESIAN_POINT('',(-11.20552992238,-9.14867594359,9.552083333333
    ));
#419 = CARTESIAN_POINT('',(-12.82628549862,-10.4719304129,
    10.645833333333));
#420 = CARTESIAN_POINT('',(-0.166189244567,-14.46494222239,
    10.072916666667));
#421 = CARTESIAN_POINT('',(-0.190226674899,-16.55713562417,
    11.166666666667));
#422 = CARTESIAN_POINT('',(6.709105171558,-14.30802295082,
    10.333333333333));
#423 = CARTESIAN_POINT('',(7.6795027961,-16.377519721,11.427083333333));
#424 = CARTESIAN_POINT('',(13.361004677787,-10.57582012896,
    10.593750000001));
#425 = CARTESIAN_POINT('',(15.29352576208,-12.10549517031,
    11.687500000001));
#426 = CARTESIAN_POINT('',(17.73521661191,-3.490711489631,
    10.854166666665));
#427 = CARTESIAN_POINT('',(20.300418919949,-3.995604176649,
    11.947916666665));
#428 = CARTESIAN_POINT('',(17.997925773173,5.401395744151,
    11.114583333334));
#429 = CARTESIAN_POINT('',(20.601126046571,6.182647709262,
    12.208333333334));
#430 = CARTESIAN_POINT('',(13.477758371795,13.477758371802,11.375));
#431 = CARTESIAN_POINT('',(15.427166582544,15.427166582524,12.46875));
#432 = CARTESIAN_POINT('',(5.401395744159,17.997925773169,
    11.635416666665));
#433 = CARTESIAN_POINT('',(6.182647709244,20.60112604659,12.729166666665
    ));
#434 = CARTESIAN_POINT('',(-3.490711489637,17.735216611912,
    11.895833333335));
#435 = CARTESIAN_POINT('',(-3.995604176637,20.300418919936,
    12.989583333335));
#436 = CARTESIAN_POINT('',(-10.57582012896,13.361004677787,
    12.156249999998));
#437 = CARTESIAN_POINT('',(-12.10549517031,15.293525762087,
    13.249999999998));
#438 = CARTESIAN_POINT('',(-14.30802295082,6.709105171558,
    12.416666666668));
#439 = CARTESIAN_POINT('',(-16.377519721,7.679502796097,13.510416666668)
  );
#440 = CARTESIAN_POINT('',(-14.46494222239,-0.166189244566,
    12.677083333333));
#441 = CARTESIAN_POINT('',(-16.55713562417,-0.190226674898,
    13.770833333333));
#442 = CARTESIAN_POINT('',(-9.14867594359,-11.20552992238,
    13.197916666668));
#443 = CARTESIAN_POINT('',(-10.4719304129,-12.82628549863,
    14.291666666668));
#444 = CARTESIAN_POINT('',(-3.675516752292,-15.36952144889,
    13.458333333326));
#445 = CARTESIAN_POINT('',(-4.207139470104,-17.59255219933,
    14.552083333326));
#446 = CARTESIAN_POINT('',(3.852138097804,-16.59895928894,
    13.718750000018));
#447 = CARTESIAN_POINT('',(4.409307133608,-18.99981458215,
    14.812500000018));
#448 = CARTESIAN_POINT('',(11.689527680546,-13.78687483006,
    13.979166666637));
#449 = CARTESIAN_POINT('',(13.380288162471,-15.78099330678,
    15.072916666637));
#450 = CARTESIAN_POINT('',(17.439060150895,-6.998541932162,
    14.239583333371));
#451 = CARTESIAN_POINT('',(19.961426712752,-8.010803372796,
    15.333333333371));
#452 = CARTESIAN_POINT('',(18.940580704877,2.134090911464,
    14.499999999964));
#453 = CARTESIAN_POINT('',(21.680125555249,2.442763483769,
    15.593749999964));
#454 = CARTESIAN_POINT('',(15.444504416252,10.703629826284,
    14.760416666695));
#455 = CARTESIAN_POINT('',(17.678380620986,12.251791122264,
    15.854166666695));
#456 = CARTESIAN_POINT('',(8.32857855246,16.042373710612,15.020833333316
    ));
#457 = CARTESIAN_POINT('',(9.533215033241,18.362725075328,
    16.114583333316));
#458 = CARTESIAN_POINT('',(6.19410294491E-02,17.039970091193,
    15.281250000008));
#459 = CARTESIAN_POINT('',(7.090011211751E-02,19.50461270386,
    16.375000000008));
#460 = CARTESIAN_POINT('',(-7.003404140769,14.166296036917,
    15.541666666664));
#461 = CARTESIAN_POINT('',(-8.016368845916,16.215293581485,
    16.635416666664));
#462 = CARTESIAN_POINT('',(-11.41276452071,8.888811976691,
    15.802083333334));
#463 = CARTESIAN_POINT('',(-13.0634942823,10.17448000642,16.895833333334
    ));
#464 = CARTESIAN_POINT('',(-14.13925650662,-3.056729919719,
    16.322916666667));
#465 = CARTESIAN_POINT('',(-16.18434308314,-3.498851987731,
    17.416666666667));
#466 = CARTESIAN_POINT('',(-12.45637459411,-9.724728527604,
    16.58333333333));
#467 = CARTESIAN_POINT('',(-14.2580509738,-11.1313026118,17.67708333333)
  );
#468 = CARTESIAN_POINT('',(-7.337558998457,-15.37935776761,
    16.843750000008));
#469 = CARTESIAN_POINT('',(-8.398855496269,-17.60381123242,
    17.937500000008));
#470 = CARTESIAN_POINT('',(0.543264899804,-18.06731408439,
    17.104166666652));
#471 = CARTESIAN_POINT('',(0.621842139955,-20.68055060714,
    18.197916666652));
#472 = CARTESIAN_POINT('',(9.270886728007,-16.34475657197,
    17.364583333352));
#473 = CARTESIAN_POINT('',(10.611817631337,-18.7088442626,
    18.458333333352));
#474 = CARTESIAN_POINT('',(16.138926210875,-10.14075944978,
    17.624999999982));
#475 = CARTESIAN_POINT('',(18.473242823478,-11.60750779094,
    18.718749999982));
#476 = CARTESIAN_POINT('',(18.748603823267,-1.261056223387,
    17.885416666679));
#477 = CARTESIAN_POINT('',(21.460381347739,-1.4434540145,18.979166666679
    ));
#478 = CARTESIAN_POINT('',(16.513801322718,7.349649029015,
    18.145833333327));
#479 = CARTESIAN_POINT('',(18.902339460951,8.412694215611,
    19.239583333327));
#480 = CARTESIAN_POINT('',(10.672675022704,13.283765477439,
    18.406250000002));
#481 = CARTESIAN_POINT('',(12.216359049814,15.205114768383,
    19.500000000002));
#482 = CARTESIAN_POINT('',(3.357059267433,15.442207291686,
    18.666666666667));
#483 = CARTESIAN_POINT('',(3.842620643392,17.675751242829,
    19.760416666667));
#484 = CARTESIAN_POINT('',(-3.380774986185,14.065295334799,
    18.927083333333));
#485 = CARTESIAN_POINT('',(-3.869766577732,16.099684248421,
    20.020833333333));
#486 = CARTESIAN_POINT('',(-12.96035580755,6.425834553108,
    19.447916666667));
#487 = CARTESIAN_POINT('',(-14.83492747803,7.355260225619,
    20.541666666667));
#488 = CARTESIAN_POINT('',(-15.80205487789,0.163323606229,
    19.708333333331));
#489 = CARTESIAN_POINT('',(-18.08764678982,0.186946553771,
    20.802083333331));
#490 = CARTESIAN_POINT('',(-15.3256073567,-7.4491728768,19.968750000007)
  );
#491 = CARTESIAN_POINT('',(-17.54228642094,-8.526613083744,
    21.062500000007));
#492 = CARTESIAN_POINT('',(-10.84004447662,-14.46431507952,
    20.229166666652));
#493 = CARTESIAN_POINT('',(-12.40793663823,-16.55641777203,
    21.322916666652));
#494 = CARTESIAN_POINT('',(-2.942517922129,-18.55914859039,
    20.489583333355));
#495 = CARTESIAN_POINT('',(-3.368120491905,-21.24352351747,
    21.583333333355));
#496 = CARTESIAN_POINT('',(6.295260504831,-17.99082089935,
    20.749999999975));
#497 = CARTESIAN_POINT('',(7.205800090017,-20.59299353158,
    21.843749999975));
#498 = CARTESIAN_POINT('',(13.871993026515,-12.67549673954,
    21.01041666669));
#499 = CARTESIAN_POINT('',(15.878422905946,-14.5088667064,22.10416666669
    ));
#500 = CARTESIAN_POINT('',(17.493440986141,-4.549999718632,
    21.270833333317));
#501 = CARTESIAN_POINT('',(20.023673132452,-5.208106694996,
    22.364583333317));
#502 = CARTESIAN_POINT('',(16.626525640375,3.731362020762,
    21.531250000009));
#503 = CARTESIAN_POINT('',(19.031368100461,4.27106213704,22.625000000009
    ));
#504 = CARTESIAN_POINT('',(12.252713388342,9.980111601962,
    21.791666666663));
#505 = CARTESIAN_POINT('',(14.024932434279,11.423624014356,
    22.885416666663));
#506 = CARTESIAN_POINT('',(6.126371882039,13.104569429221,
    22.052083333334));
#507 = CARTESIAN_POINT('',(7.012483601763,14.999999999999,
    23.145833333334));
#508 = CARTESIAN_POINT('',(-6.126371882039,13.104569429222,
    22.572916666666));
#509 = CARTESIAN_POINT('',(-7.012483601763,15.000000000001,
    23.666666666666));
#510 = CARTESIAN_POINT('',(-12.25271338834,9.980111601958,
    22.833333333338));
#511 = CARTESIAN_POINT('',(-14.02493243427,11.423624014347,
    23.927083333338));
#512 = CARTESIAN_POINT('',(-16.62652564038,3.731362020771,
    23.093749999988));
#513 = CARTESIAN_POINT('',(-19.03136810047,4.271062137064,
    24.187499999988));
#514 = CARTESIAN_POINT('',(-17.49344098612,-4.549999718648,
    23.354166666688));
#515 = CARTESIAN_POINT('',(-20.02367313241,-5.20810669504,
    24.447916666688));
#516 = CARTESIAN_POINT('',(-13.87199302653,-12.67549673953,
    23.614583333303));
#517 = CARTESIAN_POINT('',(-15.878422906,-14.50886670634,24.708333333303
    ));
#518 = CARTESIAN_POINT('',(-6.295260504803,-17.99082089937,
    23.875000000033));
#519 = CARTESIAN_POINT('',(-7.205800089948,-20.59299353164,
    24.968750000033));
#520 = CARTESIAN_POINT('',(2.942517922105,-18.55914859038,
    24.135416666638));
#521 = CARTESIAN_POINT('',(3.368120491844,-21.24352351742,
    25.229166666638));
#522 = CARTESIAN_POINT('',(10.840044476633,-14.46431507953,
    24.395833333354));
#523 = CARTESIAN_POINT('',(12.407936638277,-16.55641777206,
    25.489583333354));
#524 = CARTESIAN_POINT('',(15.325607356695,-7.449172876794,
    24.656249999989));
#525 = CARTESIAN_POINT('',(17.542286420927,-8.526613083727,
    25.749999999989));
#526 = CARTESIAN_POINT('',(15.802054877899,0.163323606226,
    24.916666666671));
#527 = CARTESIAN_POINT('',(18.087646789827,0.186946553764,
    26.010416666671));
#528 = CARTESIAN_POINT('',(12.960355807554,6.425834553109,
    25.177083333332));
#529 = CARTESIAN_POINT('',(14.834927478029,7.355260225621,
    26.270833333332));
#530 = CARTESIAN_POINT('',(8.170565396869,10.245564943953,25.4375));
#531 = CARTESIAN_POINT('',(9.352347027881,11.72747223702,26.53125));
#532 = DEFINITIONAL_REPRESENTATION('',(#533),#537);
#533 = LINE('',#534,#535);
#534 = CARTESIAN_POINT('',(0.,1.));
#535 = VECTOR('',#536,1.);
#536 = DIRECTION('',(1.,0.));
#537 = ( GEOMETRIC_REPRESENTATION_CONTEXT(2) 
PARAMETRIC_REPRESENTATION_CONTEXT() REPRESENTATION_CONTEXT('2D SPACE',''
  ) );
#538 = ORIENTED_EDGE('',*,*,#539,.T.);
#539 = EDGE_CURVE('',#249,#540,#542,.T.);
#540 = VERTEX_POINT('',#541);
#541 = CARTESIAN_POINT('',(-13.12835144861,-7.25578330476,25.));
#542 = SURFACE_CURVE('',#543,(#558,#576),.PCURVE_S1.);
#543 = B_SPLINE_CURVE_WITH_KNOTS('',4,(#544,#545,#546,#547,#548,#549,
    #550,#551,#552,#553,#554,#555,#556,#557),.UNSPECIFIED.,.F.,.F.,(5,3,
    3,3,5),(0.,0.249999970282,0.499999957258,0.749999970963,1.),
  .UNSPECIFIED.);
#544 = CARTESIAN_POINT('',(-4.152532765239,-14.41375975243,25.));
#545 = CARTESIAN_POINT('',(-4.860065732635,-14.20992301868,25.));
#546 = CARTESIAN_POINT('',(-5.554261933169,-13.95977692936,25.));
#547 = CARTESIAN_POINT('',(-6.230556359848,-13.66463750619,25.));
#548 = CARTESIAN_POINT('',(-7.538899088912,-12.9887316657,25.));
#549 = CARTESIAN_POINT('',(-8.17095546186,-12.60796107153,25.));
#550 = CARTESIAN_POINT('',(-8.776676277505,-12.18655414604,25.));
#551 = CARTESIAN_POINT('',(-9.928016998502,-11.26839058322,25.));
#552 = CARTESIAN_POINT('',(-10.47364400185,-10.77162827183,25.));
#553 = CARTESIAN_POINT('',(-10.98551372877,-10.24014825955,25.));
#554 = CARTESIAN_POINT('',(-11.93560707144,-9.115011470446,25.));
#555 = CARTESIAN_POINT('',(-12.37383654535,-8.521347746947,25.));
#556 = CARTESIAN_POINT('',(-12.77218428725,-7.900219124073,25.));
#557 = CARTESIAN_POINT('',(-13.12835144861,-7.25578330476,25.));
#558 = PCURVE('',#31,#559);
#559 = DEFINITIONAL_REPRESENTATION('',(#560),#575);
#560 = B_SPLINE_CURVE_WITH_KNOTS('',4,(#561,#562,#563,#564,#565,#566,
    #567,#568,#569,#570,#571,#572,#573,#574),.UNSPECIFIED.,.F.,.F.,(5,3,
    3,3,5),(0.,0.249999970282,0.499999957258,0.749999970963,1.),
  .UNSPECIFIED.);
#561 = CARTESIAN_POINT('',(48.226585118781,0.));
#562 = CARTESIAN_POINT('',(48.170395745951,6.24999363363E-02));
#563 = CARTESIAN_POINT('',(48.114206257784,0.125000000964));
#564 = CARTESIAN_POINT('',(48.058016770096,0.187500065059));
#565 = CARTESIAN_POINT('',(47.945638023192,0.312499939115));
#566 = CARTESIAN_POINT('',(47.889448534467,0.375000004363));
#567 = CARTESIAN_POINT('',(47.833259047907,0.437500067203));
#568 = CARTESIAN_POINT('',(47.720880302604,0.56249993948));
#569 = CARTESIAN_POINT('',(47.664690814373,0.625000004178));
#570 = CARTESIAN_POINT('',(47.608501328206,0.687500066581));
#571 = CARTESIAN_POINT('',(47.496122584345,0.812499937253));
#572 = CARTESIAN_POINT('',(47.439933097183,0.875000000763));
#573 = CARTESIAN_POINT('',(47.383743610372,0.937500063881));
#574 = CARTESIAN_POINT('',(47.327554237738,1.));
#575 = ( GEOMETRIC_REPRESENTATION_CONTEXT(2) 
PARAMETRIC_REPRESENTATION_CONTEXT() REPRESENTATION_CONTEXT('2D SPACE',''
  ) );
#576 = PCURVE('',#577,#582);
#577 = PLANE('',#578);
#578 = AXIS2_PLACEMENT_3D('',#579,#580,#581);
#579 = CARTESIAN_POINT('',(-30.,-30.,25.));
#580 = DIRECTION('',(0.,0.,1.));
#581 = DIRECTION('',(1.,0.,-0.));
#582 = DEFINITIONAL_REPRESENTATION('',(#583),#598);
#583 = B_SPLINE_CURVE_WITH_KNOTS('',4,(#584,#585,#586,#587,#588,#589,
    #590,#591,#592,#593,#594,#595,#596,#597),.UNSPECIFIED.,.F.,.F.,(5,3,
    3,3,5),(0.,0.249999970282,0.499999957258,0.749999970963,1.),
  .UNSPECIFIED.);
#584 = CARTESIAN_POINT('',(25.847467234761,15.586240247568));
#585 = CARTESIAN_POINT('',(25.139934267365,15.790076981313));
#586 = CARTESIAN_POINT('',(24.445738066831,16.040223070635));
#587 = CARTESIAN_POINT('',(23.769443640152,16.335362493809));
#588 = CARTESIAN_POINT('',(22.461100911088,17.011268334293));
#589 = CARTESIAN_POINT('',(21.82904453814,17.392038928468));
#590 = CARTESIAN_POINT('',(21.223323722495,17.813445853957));
#591 = CARTESIAN_POINT('',(20.071983001498,18.731609416771));
#592 = CARTESIAN_POINT('',(19.526355998146,19.228371728161));
#593 = CARTESIAN_POINT('',(19.014486271228,19.759851740448));
#594 = CARTESIAN_POINT('',(18.064392928558,20.884988529554));
#595 = CARTESIAN_POINT('',(17.626163454644,21.478652253053));
#596 = CARTESIAN_POINT('',(17.22781571275,22.099780875927));
#597 = CARTESIAN_POINT('',(16.871648551383,22.74421669524));
#598 = ( GEOMETRIC_REPRESENTATION_CONTEXT(2) 
PARAMETRIC_REPRESENTATION_CONTEXT() REPRESENTATION_CONTEXT('2D SPACE',''
  ) );
#599 = ORIENTED_EDGE('',*,*,#600,.F.);
#600 = EDGE_CURVE('',#24,#540,#601,.T.);
#601 = SURFACE_CURVE('',#602,(#693,#700),.PCURVE_S1.);
#602 = B_SPLINE_CURVE_WITH_KNOTS('',12,(#603,#604,#605,#606,#607,#608,
    #609,#610,#611,#612,#613,#614,#615,#616,#617,#618,#619,#620,#621,
    #622,#623,#624,#625,#626,#627,#628,#629,#630,#631,#632,#633,#634,
    #635,#636,#637,#638,#639,#640,#641,#642,#643,#644,#645,#646,#647,
    #648,#649,#650,#651,#652,#653,#654,#655,#656,#657,#658,#659,#660,
    #661,#662,#663,#664,#665,#666,#667,#668,#669,#670,#671,#672,#673,
    #674,#675,#676,#677,#678,#679,#680,#681,#682,#683,#684,#685,#686,
    #687,#688,#689,#690,#691,#692),.UNSPECIFIED.,.F.,.F.,(13,11,11,11,11
    ,11,11,11,13),(0.,6.421649150304,12.843298300607,19.264947450911,
    25.686596601215,32.108245751518,38.529894901822,44.951544052126,
    51.37319320243),.UNSPECIFIED.);
#603 = CARTESIAN_POINT('',(15.,7.105427357601E-15,1.96875));
#604 = CARTESIAN_POINT('',(15.000000000002,7.012483601763,2.229166666666
    ));
#605 = CARTESIAN_POINT('',(11.423624014343,14.02493243428,2.489583333334
    ));
#606 = CARTESIAN_POINT('',(4.271062137075,19.031368100459,2.749999999997
    ));
#607 = CARTESIAN_POINT('',(-5.208106695063,20.023673132454,
    3.010416666672));
#608 = CARTESIAN_POINT('',(-14.5088667063,15.878422905944,3.270833333325
    ));
#609 = CARTESIAN_POINT('',(-20.59299353169,7.205800090015,3.53125000001)
  );
#610 = CARTESIAN_POINT('',(-21.24352351737,-3.368120491904,
    3.791666666658));
#611 = CARTESIAN_POINT('',(-16.55641777209,-12.40793663823,4.05208333334
    ));
#612 = CARTESIAN_POINT('',(-8.526613083712,-17.54228642095,
    4.312499999997));
#613 = CARTESIAN_POINT('',(0.186946553759,-18.08764678981,4.572916666668
    ));
#614 = CARTESIAN_POINT('',(7.355260225621,-14.83492747803,4.833333333333
    ));
#615 = CARTESIAN_POINT('',(16.09968424842,-3.869766577729,5.354166666667
    ));
#616 = CARTESIAN_POINT('',(17.675751242834,3.842620643376,5.61458333333)
  );
#617 = CARTESIAN_POINT('',(15.20511476837,12.216359049858,5.875000000009
    ));
#618 = CARTESIAN_POINT('',(8.412694215636,18.902339460865,6.135416666649
    ));
#619 = CARTESIAN_POINT('',(-1.443454014539,21.460381347866,
    6.395833333359));
#620 = CARTESIAN_POINT('',(-11.6075077909,18.473242823333,6.656249999973
    ));
#621 = CARTESIAN_POINT('',(-18.70884426263,10.611817631464,6.91666666669
    ));
#622 = CARTESIAN_POINT('',(-20.68055060711,0.62184213987,7.177083333318)
  );
#623 = CARTESIAN_POINT('',(-17.60381123244,-8.398855496228,
    7.437500000007));
#624 = CARTESIAN_POINT('',(-11.13130261179,-14.25805097382,
    7.697916666664));
#625 = CARTESIAN_POINT('',(-3.498851987732,-16.18434308314,
    7.958333333334));
#626 = CARTESIAN_POINT('',(10.174480006421,-13.06349428231,
    8.479166666667));
#627 = CARTESIAN_POINT('',(16.215293581482,-8.016368845916,
    8.739583333333));
#628 = CARTESIAN_POINT('',(19.504612703869,7.090011212115E-02,
    9.000000000001));
#629 = CARTESIAN_POINT('',(18.362725075309,9.53321503323,9.260416666663)
  );
#630 = CARTESIAN_POINT('',(12.251791122296,17.678380621007,
    9.520833333341));
#631 = CARTESIAN_POINT('',(2.442763483725,21.680125555222,9.78124999999)
  );
#632 = CARTESIAN_POINT('',(-8.010803372751,19.961426712775,
    10.041666666676));
#633 = CARTESIAN_POINT('',(-15.78099330682,13.380288162457,
    10.302083333327));
#634 = CARTESIAN_POINT('',(-18.99981458213,4.409307133612,
    10.562500000003));
#635 = CARTESIAN_POINT('',(-17.59255219933,-4.207139470105,
    10.822916666666));
#636 = CARTESIAN_POINT('',(-12.82628549862,-10.4719304129,
    11.083333333333));
#637 = CARTESIAN_POINT('',(-0.190226674899,-16.55713562417,
    11.604166666667));
#638 = CARTESIAN_POINT('',(7.6795027961,-16.377519721,11.864583333333));
#639 = CARTESIAN_POINT('',(15.29352576208,-12.10549517031,
    12.125000000001));
#640 = CARTESIAN_POINT('',(20.300418919949,-3.995604176649,
    12.385416666665));
#641 = CARTESIAN_POINT('',(20.601126046571,6.182647709262,
    12.645833333334));
#642 = CARTESIAN_POINT('',(15.427166582544,15.427166582524,12.90625));
#643 = CARTESIAN_POINT('',(6.182647709244,20.60112604659,13.166666666665
    ));
#644 = CARTESIAN_POINT('',(-3.995604176637,20.300418919936,
    13.427083333335));
#645 = CARTESIAN_POINT('',(-12.10549517031,15.293525762087,
    13.687499999998));
#646 = CARTESIAN_POINT('',(-16.377519721,7.679502796097,13.947916666668)
  );
#647 = CARTESIAN_POINT('',(-16.55713562417,-0.190226674898,
    14.208333333333));
#648 = CARTESIAN_POINT('',(-10.4719304129,-12.82628549863,
    14.729166666668));
#649 = CARTESIAN_POINT('',(-4.207139470104,-17.59255219933,
    14.989583333326));
#650 = CARTESIAN_POINT('',(4.409307133608,-18.99981458215,
    15.250000000018));
#651 = CARTESIAN_POINT('',(13.380288162471,-15.78099330678,
    15.510416666637));
#652 = CARTESIAN_POINT('',(19.961426712752,-8.010803372796,
    15.770833333371));
#653 = CARTESIAN_POINT('',(21.680125555249,2.442763483769,
    16.031249999964));
#654 = CARTESIAN_POINT('',(17.678380620986,12.251791122264,
    16.291666666695));
#655 = CARTESIAN_POINT('',(9.533215033241,18.362725075328,
    16.552083333316));
#656 = CARTESIAN_POINT('',(7.090011211751E-02,19.50461270386,
    16.812500000008));
#657 = CARTESIAN_POINT('',(-8.016368845916,16.215293581485,
    17.072916666664));
#658 = CARTESIAN_POINT('',(-13.0634942823,10.17448000642,17.333333333334
    ));
#659 = CARTESIAN_POINT('',(-16.18434308314,-3.498851987731,
    17.854166666667));
#660 = CARTESIAN_POINT('',(-14.2580509738,-11.1313026118,18.11458333333)
  );
#661 = CARTESIAN_POINT('',(-8.398855496269,-17.60381123242,
    18.375000000008));
#662 = CARTESIAN_POINT('',(0.621842139955,-20.68055060714,
    18.635416666652));
#663 = CARTESIAN_POINT('',(10.611817631337,-18.7088442626,
    18.895833333352));
#664 = CARTESIAN_POINT('',(18.473242823478,-11.60750779094,
    19.156249999982));
#665 = CARTESIAN_POINT('',(21.460381347739,-1.4434540145,19.416666666679
    ));
#666 = CARTESIAN_POINT('',(18.902339460951,8.412694215611,
    19.677083333327));
#667 = CARTESIAN_POINT('',(12.216359049814,15.205114768383,
    19.937500000002));
#668 = CARTESIAN_POINT('',(3.842620643392,17.675751242829,
    20.197916666667));
#669 = CARTESIAN_POINT('',(-3.869766577732,16.099684248421,
    20.458333333333));
#670 = CARTESIAN_POINT('',(-14.83492747803,7.355260225619,
    20.979166666667));
#671 = CARTESIAN_POINT('',(-18.08764678982,0.186946553771,
    21.239583333331));
#672 = CARTESIAN_POINT('',(-17.54228642094,-8.526613083744,
    21.500000000007));
#673 = CARTESIAN_POINT('',(-12.40793663823,-16.55641777203,
    21.760416666652));
#674 = CARTESIAN_POINT('',(-3.368120491905,-21.24352351747,
    22.020833333355));
#675 = CARTESIAN_POINT('',(7.205800090017,-20.59299353158,
    22.281249999975));
#676 = CARTESIAN_POINT('',(15.878422905946,-14.5088667064,22.54166666669
    ));
#677 = CARTESIAN_POINT('',(20.023673132452,-5.208106694996,
    22.802083333317));
#678 = CARTESIAN_POINT('',(19.031368100461,4.27106213704,23.062500000009
    ));
#679 = CARTESIAN_POINT('',(14.024932434279,11.423624014356,
    23.322916666663));
#680 = CARTESIAN_POINT('',(7.012483601763,14.999999999999,
    23.583333333334));
#681 = CARTESIAN_POINT('',(-7.012483601763,15.000000000001,
    24.104166666666));
#682 = CARTESIAN_POINT('',(-14.02493243427,11.423624014347,
    24.364583333338));
#683 = CARTESIAN_POINT('',(-19.03136810047,4.271062137064,
    24.624999999988));
#684 = CARTESIAN_POINT('',(-20.02367313241,-5.20810669504,
    24.885416666688));
#685 = CARTESIAN_POINT('',(-15.878422906,-14.50886670634,25.145833333303
    ));
#686 = CARTESIAN_POINT('',(-7.205800089948,-20.59299353164,
    25.406250000033));
#687 = CARTESIAN_POINT('',(3.368120491844,-21.24352351742,
    25.666666666638));
#688 = CARTESIAN_POINT('',(12.407936638277,-16.55641777206,
    25.927083333354));
#689 = CARTESIAN_POINT('',(17.542286420927,-8.526613083727,
    26.187499999989));
#690 = CARTESIAN_POINT('',(18.087646789827,0.186946553764,
    26.447916666671));
#691 = CARTESIAN_POINT('',(14.834927478029,7.355260225621,
    26.708333333332));
#692 = CARTESIAN_POINT('',(9.352347027881,11.72747223702,26.96875));
#693 = PCURVE('',#31,#694);
#694 = DEFINITIONAL_REPRESENTATION('',(#695),#699);
#695 = LINE('',#696,#697);
#696 = CARTESIAN_POINT('',(0.,1.));
#697 = VECTOR('',#698,1.);
#698 = DIRECTION('',(1.,0.));
#699 = ( GEOMETRIC_REPRESENTATION_CONTEXT(2) 
PARAMETRIC_REPRESENTATION_CONTEXT() REPRESENTATION_CONTEXT('2D SPACE',''
  ) );
#700 = PCURVE('',#701,#882);
#701 = B_SPLINE_SURFACE_WITH_KNOTS('',12,1,(
    (#702,#703)
    ,(#704,#705)
    ,(#706,#707)
    ,(#708,#709)
    ,(#710,#711)
    ,(#712,#713)
    ,(#714,#715)
    ,(#716,#717)
    ,(#718,#719)
    ,(#720,#721)
    ,(#722,#723)
    ,(#724,#725)
    ,(#726,#727)
    ,(#728,#729)
    ,(#730,#731)
    ,(#732,#733)
    ,(#734,#735)
    ,(#736,#737)
    ,(#738,#739)
    ,(#740,#741)
    ,(#742,#743)
    ,(#744,#745)
    ,(#746,#747)
    ,(#748,#749)
    ,(#750,#751)
    ,(#752,#753)
    ,(#754,#755)
    ,(#756,#757)
    ,(#758,#759)
    ,(#760,#761)
    ,(#762,#763)
    ,(#764,#765)
    ,(#766,#767)
    ,(#768,#769)
    ,(#770,#771)
    ,(#772,#773)
    ,(#774,#775)
    ,(#776,#777)
    ,(#778,#779)
    ,(#780,#781)
    ,(#782,#783)
    ,(#784,#785)
    ,(#786,#787)
    ,(#788,#789)
    ,(#790,#791)
    ,(#792,#793)
    ,(#794,#795)
    ,(#796,#797)
    ,(#798,#799)
    ,(#800,#801)
    ,(#802,#803)
    ,(#804,#805)
    ,(#806,#807)
    ,(#808,#809)
    ,(#810,#811)
    ,(#812,#813)
    ,(#814,#815)
    ,(#816,#817)
    ,(#818,#819)
    ,(#820,#821)
    ,(#822,#823)
    ,(#824,#825)
    ,(#826,#827)
    ,(#828,#829)
    ,(#830,#831)
    ,(#832,#833)
    ,(#834,#835)
    ,(#836,#837)
    ,(#838,#839)
    ,(#840,#841)
    ,(#842,#843)
    ,(#844,#845)
    ,(#846,#847)
    ,(#848,#849)
    ,(#850,#851)
    ,(#852,#853)
    ,(#854,#855)
    ,(#856,#857)
    ,(#858,#859)
    ,(#860,#861)
    ,(#862,#863)
    ,(#864,#865)
    ,(#866,#867)
    ,(#868,#869)
    ,(#870,#871)
    ,(#872,#873)
    ,(#874,#875)
    ,(#876,#877)
    ,(#878,#879)
    ,(#880,#881
  )),.UNSPECIFIED.,.F.,.F.,.F.,(13,11,11,11,11,11,11,11,13),(2,2),(0.,
    6.421649150304,12.843298300607,19.264947450911,25.686596601215,
    32.108245751518,38.529894901822,44.951544052126,51.37319320243),(0.,
    1.),.UNSPECIFIED.);
#702 = CARTESIAN_POINT('',(15.,7.105427357601E-15,1.96875));
#703 = CARTESIAN_POINT('',(13.104569429222,8.881784197001E-16,3.0625));
#704 = CARTESIAN_POINT('',(15.000000000002,7.012483601763,2.229166666666
    ));
#705 = CARTESIAN_POINT('',(13.104569429223,6.126371882039,3.322916666666
    ));
#706 = CARTESIAN_POINT('',(11.423624014343,14.02493243428,2.489583333334
    ));
#707 = CARTESIAN_POINT('',(9.980111601953,12.252713388343,3.583333333334
    ));
#708 = CARTESIAN_POINT('',(4.271062137075,19.031368100459,2.749999999997
    ));
#709 = CARTESIAN_POINT('',(3.731362020784,16.626525640371,3.843749999997
    ));
#710 = CARTESIAN_POINT('',(-5.208106695063,20.023673132454,
    3.010416666672));
#711 = CARTESIAN_POINT('',(-4.549999718676,17.49344098615,4.104166666672
    ));
#712 = CARTESIAN_POINT('',(-14.5088667063,15.878422905944,3.270833333325
    ));
#713 = CARTESIAN_POINT('',(-12.67549673948,13.871993026503,
    4.364583333325));
#714 = CARTESIAN_POINT('',(-20.59299353169,7.205800090015,3.53125000001)
  );
#715 = CARTESIAN_POINT('',(-17.99082089943,6.295260504843,4.62500000001)
  );
#716 = CARTESIAN_POINT('',(-21.24352351737,-3.368120491904,
    3.791666666658));
#717 = CARTESIAN_POINT('',(-18.55914859032,-2.942517922139,
    4.885416666658));
#718 = CARTESIAN_POINT('',(-16.55641777209,-12.40793663823,4.05208333334
    ));
#719 = CARTESIAN_POINT('',(-14.46431507956,-10.84004447661,5.14583333334
    ));
#720 = CARTESIAN_POINT('',(-8.526613083712,-17.54228642095,
    4.312499999997));
#721 = CARTESIAN_POINT('',(-7.449172876777,-15.3256073567,5.406249999997
    ));
#722 = CARTESIAN_POINT('',(0.186946553759,-18.08764678981,4.572916666668
    ));
#723 = CARTESIAN_POINT('',(0.16332360622,-15.80205487789,5.666666666668)
  );
#724 = CARTESIAN_POINT('',(7.355260225621,-14.83492747803,4.833333333333
    ));
#725 = CARTESIAN_POINT('',(6.42583455311,-12.96035580755,5.927083333333)
  );
#726 = CARTESIAN_POINT('',(16.09968424842,-3.869766577729,5.354166666667
    ));
#727 = CARTESIAN_POINT('',(14.065295334797,-3.380774986183,
    6.447916666667));
#728 = CARTESIAN_POINT('',(17.675751242834,3.842620643376,5.61458333333)
  );
#729 = CARTESIAN_POINT('',(15.442207291691,3.357059267419,6.70833333333)
  );
#730 = CARTESIAN_POINT('',(15.20511476837,12.216359049858,5.875000000009
    ));
#731 = CARTESIAN_POINT('',(13.283765477425,10.672675022743,
    6.968750000009));
#732 = CARTESIAN_POINT('',(8.412694215636,18.902339460865,6.135416666649
    ));
#733 = CARTESIAN_POINT('',(7.349649029044,16.513801322644,7.229166666649
    ));
#734 = CARTESIAN_POINT('',(-1.443454014539,21.460381347866,
    6.395833333359));
#735 = CARTESIAN_POINT('',(-1.26105622343,18.748603823374,7.489583333359
    ));
#736 = CARTESIAN_POINT('',(-11.6075077909,18.473242823333,6.656249999973
    ));
#737 = CARTESIAN_POINT('',(-10.14075944974,16.138926210755,
    7.749999999973));
#738 = CARTESIAN_POINT('',(-18.70884426263,10.611817631464,6.91666666669
    ));
#739 = CARTESIAN_POINT('',(-16.34475657201,9.270886728112,8.01041666669)
  );
#740 = CARTESIAN_POINT('',(-20.68055060711,0.62184213987,7.177083333318)
  );
#741 = CARTESIAN_POINT('',(-18.06731408436,0.543264899734,8.270833333318
    ));
#742 = CARTESIAN_POINT('',(-17.60381123244,-8.398855496228,
    7.437500000007));
#743 = CARTESIAN_POINT('',(-15.37935776762,-7.337558998423,
    8.531250000007));
#744 = CARTESIAN_POINT('',(-11.13130261179,-14.25805097382,
    7.697916666664));
#745 = CARTESIAN_POINT('',(-9.724728527599,-12.45637459412,
    8.791666666664));
#746 = CARTESIAN_POINT('',(-3.498851987732,-16.18434308314,
    7.958333333334));
#747 = CARTESIAN_POINT('',(-3.05672991972,-14.13925650662,9.052083333334
    ));
#748 = CARTESIAN_POINT('',(10.174480006421,-13.06349428231,
    8.479166666667));
#749 = CARTESIAN_POINT('',(8.888811976691,-11.41276452071,9.572916666667
    ));
#750 = CARTESIAN_POINT('',(16.215293581482,-8.016368845916,
    8.739583333333));
#751 = CARTESIAN_POINT('',(14.166296036917,-7.00340414077,9.833333333333
    ));
#752 = CARTESIAN_POINT('',(19.504612703869,7.090011212115E-02,
    9.000000000001));
#753 = CARTESIAN_POINT('',(17.039970091193,6.194102945389E-02,
    10.093750000001));
#754 = CARTESIAN_POINT('',(18.362725075309,9.53321503323,9.260416666663)
  );
#755 = CARTESIAN_POINT('',(16.04237371061,8.328578552447,10.354166666663
    ));
#756 = CARTESIAN_POINT('',(12.251791122296,17.678380621007,
    9.520833333341));
#757 = CARTESIAN_POINT('',(10.703629826291,15.444504416274,
    10.614583333341));
#758 = CARTESIAN_POINT('',(2.442763483725,21.680125555222,9.78124999999)
  );
#759 = CARTESIAN_POINT('',(2.134090911449,18.940580704849,10.87499999999
    ));
#760 = CARTESIAN_POINT('',(-8.010803372751,19.961426712775,
    10.041666666676));
#761 = CARTESIAN_POINT('',(-6.998541932143,17.43906015092,
    11.135416666676));
#762 = CARTESIAN_POINT('',(-15.78099330682,13.380288162457,
    10.302083333327));
#763 = CARTESIAN_POINT('',(-13.78687483008,11.68952768053,
    11.395833333327));
#764 = CARTESIAN_POINT('',(-18.99981458213,4.409307133612,
    10.562500000003));
#765 = CARTESIAN_POINT('',(-16.59895928893,3.852138097811,
    11.656250000003));
#766 = CARTESIAN_POINT('',(-17.59255219933,-4.207139470105,
    10.822916666666));
#767 = CARTESIAN_POINT('',(-15.36952144889,-3.675516752294,
    11.916666666666));
#768 = CARTESIAN_POINT('',(-12.82628549862,-10.4719304129,
    11.083333333333));
#769 = CARTESIAN_POINT('',(-11.20552992238,-9.14867594359,
    12.177083333333));
#770 = CARTESIAN_POINT('',(-0.190226674899,-16.55713562417,
    11.604166666667));
#771 = CARTESIAN_POINT('',(-0.166189244567,-14.46494222239,
    12.697916666667));
#772 = CARTESIAN_POINT('',(7.6795027961,-16.377519721,11.864583333333));
#773 = CARTESIAN_POINT('',(6.709105171558,-14.30802295082,
    12.958333333333));
#774 = CARTESIAN_POINT('',(15.29352576208,-12.10549517031,
    12.125000000001));
#775 = CARTESIAN_POINT('',(13.361004677787,-10.57582012896,
    13.218750000001));
#776 = CARTESIAN_POINT('',(20.300418919949,-3.995604176649,
    12.385416666665));
#777 = CARTESIAN_POINT('',(17.73521661191,-3.490711489631,
    13.479166666665));
#778 = CARTESIAN_POINT('',(20.601126046571,6.182647709262,
    12.645833333334));
#779 = CARTESIAN_POINT('',(17.997925773173,5.401395744151,
    13.739583333334));
#780 = CARTESIAN_POINT('',(15.427166582544,15.427166582524,12.90625));
#781 = CARTESIAN_POINT('',(13.477758371795,13.477758371802,14.));
#782 = CARTESIAN_POINT('',(6.182647709244,20.60112604659,13.166666666665
    ));
#783 = CARTESIAN_POINT('',(5.401395744159,17.997925773169,
    14.260416666665));
#784 = CARTESIAN_POINT('',(-3.995604176637,20.300418919936,
    13.427083333335));
#785 = CARTESIAN_POINT('',(-3.490711489637,17.735216611912,
    14.520833333335));
#786 = CARTESIAN_POINT('',(-12.10549517031,15.293525762087,
    13.687499999998));
#787 = CARTESIAN_POINT('',(-10.57582012896,13.361004677787,
    14.781249999998));
#788 = CARTESIAN_POINT('',(-16.377519721,7.679502796097,13.947916666668)
  );
#789 = CARTESIAN_POINT('',(-14.30802295082,6.709105171558,
    15.041666666668));
#790 = CARTESIAN_POINT('',(-16.55713562417,-0.190226674898,
    14.208333333333));
#791 = CARTESIAN_POINT('',(-14.46494222239,-0.166189244566,
    15.302083333333));
#792 = CARTESIAN_POINT('',(-10.4719304129,-12.82628549863,
    14.729166666668));
#793 = CARTESIAN_POINT('',(-9.14867594359,-11.20552992238,
    15.822916666668));
#794 = CARTESIAN_POINT('',(-4.207139470104,-17.59255219933,
    14.989583333326));
#795 = CARTESIAN_POINT('',(-3.675516752292,-15.36952144889,
    16.083333333326));
#796 = CARTESIAN_POINT('',(4.409307133608,-18.99981458215,
    15.250000000018));
#797 = CARTESIAN_POINT('',(3.852138097804,-16.59895928894,
    16.343750000018));
#798 = CARTESIAN_POINT('',(13.380288162471,-15.78099330678,
    15.510416666637));
#799 = CARTESIAN_POINT('',(11.689527680546,-13.78687483006,
    16.604166666637));
#800 = CARTESIAN_POINT('',(19.961426712752,-8.010803372796,
    15.770833333371));
#801 = CARTESIAN_POINT('',(17.439060150895,-6.998541932162,
    16.864583333371));
#802 = CARTESIAN_POINT('',(21.680125555249,2.442763483769,
    16.031249999964));
#803 = CARTESIAN_POINT('',(18.940580704877,2.134090911464,
    17.124999999964));
#804 = CARTESIAN_POINT('',(17.678380620986,12.251791122264,
    16.291666666695));
#805 = CARTESIAN_POINT('',(15.444504416252,10.703629826284,
    17.385416666695));
#806 = CARTESIAN_POINT('',(9.533215033241,18.362725075328,
    16.552083333316));
#807 = CARTESIAN_POINT('',(8.32857855246,16.042373710612,17.645833333316
    ));
#808 = CARTESIAN_POINT('',(7.090011211751E-02,19.50461270386,
    16.812500000008));
#809 = CARTESIAN_POINT('',(6.19410294491E-02,17.039970091193,
    17.906250000008));
#810 = CARTESIAN_POINT('',(-8.016368845916,16.215293581485,
    17.072916666664));
#811 = CARTESIAN_POINT('',(-7.003404140769,14.166296036917,
    18.166666666664));
#812 = CARTESIAN_POINT('',(-13.0634942823,10.17448000642,17.333333333334
    ));
#813 = CARTESIAN_POINT('',(-11.41276452071,8.888811976691,
    18.427083333334));
#814 = CARTESIAN_POINT('',(-16.18434308314,-3.498851987731,
    17.854166666667));
#815 = CARTESIAN_POINT('',(-14.13925650662,-3.056729919719,
    18.947916666667));
#816 = CARTESIAN_POINT('',(-14.2580509738,-11.1313026118,18.11458333333)
  );
#817 = CARTESIAN_POINT('',(-12.45637459411,-9.724728527604,
    19.20833333333));
#818 = CARTESIAN_POINT('',(-8.398855496269,-17.60381123242,
    18.375000000008));
#819 = CARTESIAN_POINT('',(-7.337558998457,-15.37935776761,
    19.468750000008));
#820 = CARTESIAN_POINT('',(0.621842139955,-20.68055060714,
    18.635416666652));
#821 = CARTESIAN_POINT('',(0.543264899804,-18.06731408439,
    19.729166666652));
#822 = CARTESIAN_POINT('',(10.611817631337,-18.7088442626,
    18.895833333352));
#823 = CARTESIAN_POINT('',(9.270886728007,-16.34475657197,
    19.989583333352));
#824 = CARTESIAN_POINT('',(18.473242823478,-11.60750779094,
    19.156249999982));
#825 = CARTESIAN_POINT('',(16.138926210875,-10.14075944978,
    20.249999999982));
#826 = CARTESIAN_POINT('',(21.460381347739,-1.4434540145,19.416666666679
    ));
#827 = CARTESIAN_POINT('',(18.748603823267,-1.261056223387,
    20.510416666679));
#828 = CARTESIAN_POINT('',(18.902339460951,8.412694215611,
    19.677083333327));
#829 = CARTESIAN_POINT('',(16.513801322718,7.349649029015,
    20.770833333327));
#830 = CARTESIAN_POINT('',(12.216359049814,15.205114768383,
    19.937500000002));
#831 = CARTESIAN_POINT('',(10.672675022704,13.283765477439,
    21.031250000002));
#832 = CARTESIAN_POINT('',(3.842620643392,17.675751242829,
    20.197916666667));
#833 = CARTESIAN_POINT('',(3.357059267433,15.442207291686,
    21.291666666667));
#834 = CARTESIAN_POINT('',(-3.869766577732,16.099684248421,
    20.458333333333));
#835 = CARTESIAN_POINT('',(-3.380774986185,14.065295334799,
    21.552083333333));
#836 = CARTESIAN_POINT('',(-14.83492747803,7.355260225619,
    20.979166666667));
#837 = CARTESIAN_POINT('',(-12.96035580755,6.425834553108,
    22.072916666667));
#838 = CARTESIAN_POINT('',(-18.08764678982,0.186946553771,
    21.239583333331));
#839 = CARTESIAN_POINT('',(-15.80205487789,0.163323606229,
    22.333333333331));
#840 = CARTESIAN_POINT('',(-17.54228642094,-8.526613083744,
    21.500000000007));
#841 = CARTESIAN_POINT('',(-15.3256073567,-7.4491728768,22.593750000007)
  );
#842 = CARTESIAN_POINT('',(-12.40793663823,-16.55641777203,
    21.760416666652));
#843 = CARTESIAN_POINT('',(-10.84004447662,-14.46431507952,
    22.854166666652));
#844 = CARTESIAN_POINT('',(-3.368120491905,-21.24352351747,
    22.020833333355));
#845 = CARTESIAN_POINT('',(-2.942517922129,-18.55914859039,
    23.114583333355));
#846 = CARTESIAN_POINT('',(7.205800090017,-20.59299353158,
    22.281249999975));
#847 = CARTESIAN_POINT('',(6.295260504831,-17.99082089935,
    23.374999999975));
#848 = CARTESIAN_POINT('',(15.878422905946,-14.5088667064,22.54166666669
    ));
#849 = CARTESIAN_POINT('',(13.871993026515,-12.67549673954,
    23.63541666669));
#850 = CARTESIAN_POINT('',(20.023673132452,-5.208106694996,
    22.802083333317));
#851 = CARTESIAN_POINT('',(17.493440986141,-4.549999718632,
    23.895833333317));
#852 = CARTESIAN_POINT('',(19.031368100461,4.27106213704,23.062500000009
    ));
#853 = CARTESIAN_POINT('',(16.626525640375,3.731362020762,
    24.156250000009));
#854 = CARTESIAN_POINT('',(14.024932434279,11.423624014356,
    23.322916666663));
#855 = CARTESIAN_POINT('',(12.252713388342,9.980111601962,
    24.416666666663));
#856 = CARTESIAN_POINT('',(7.012483601763,14.999999999999,
    23.583333333334));
#857 = CARTESIAN_POINT('',(6.126371882039,13.104569429221,
    24.677083333334));
#858 = CARTESIAN_POINT('',(-7.012483601763,15.000000000001,
    24.104166666666));
#859 = CARTESIAN_POINT('',(-6.126371882039,13.104569429222,
    25.197916666666));
#860 = CARTESIAN_POINT('',(-14.02493243427,11.423624014347,
    24.364583333338));
#861 = CARTESIAN_POINT('',(-12.25271338834,9.980111601958,
    25.458333333338));
#862 = CARTESIAN_POINT('',(-19.03136810047,4.271062137064,
    24.624999999988));
#863 = CARTESIAN_POINT('',(-16.62652564038,3.731362020771,
    25.718749999988));
#864 = CARTESIAN_POINT('',(-20.02367313241,-5.20810669504,
    24.885416666688));
#865 = CARTESIAN_POINT('',(-17.49344098612,-4.549999718648,
    25.979166666688));
#866 = CARTESIAN_POINT('',(-15.878422906,-14.50886670634,25.145833333303
    ));
#867 = CARTESIAN_POINT('',(-13.87199302653,-12.67549673953,
    26.239583333303));
#868 = CARTESIAN_POINT('',(-7.205800089948,-20.59299353164,
    25.406250000033));
#869 = CARTESIAN_POINT('',(-6.295260504803,-17.99082089937,
    26.500000000033));
#870 = CARTESIAN_POINT('',(3.368120491844,-21.24352351742,
    25.666666666638));
#871 = CARTESIAN_POINT('',(2.942517922105,-18.55914859038,
    26.760416666638));
#872 = CARTESIAN_POINT('',(12.407936638277,-16.55641777206,
    25.927083333354));
#873 = CARTESIAN_POINT('',(10.840044476633,-14.46431507953,
    27.020833333354));
#874 = CARTESIAN_POINT('',(17.542286420927,-8.526613083727,
    26.187499999989));
#875 = CARTESIAN_POINT('',(15.325607356695,-7.449172876794,
    27.281249999989));
#876 = CARTESIAN_POINT('',(18.087646789827,0.186946553764,
    26.447916666671));
#877 = CARTESIAN_POINT('',(15.802054877899,0.163323606226,
    27.541666666671));
#878 = CARTESIAN_POINT('',(14.834927478029,7.355260225621,
    26.708333333332));
#879 = CARTESIAN_POINT('',(12.960355807554,6.425834553109,
    27.802083333332));
#880 = CARTESIAN_POINT('',(9.352347027881,11.72747223702,26.96875));
#881 = CARTESIAN_POINT('',(8.170565396869,10.245564943953,28.0625));
#882 = DEFINITIONAL_REPRESENTATION('',(#883),#887);
#883 = LINE('',#884,#885);
#884 = CARTESIAN_POINT('',(0.,0.));
#885 = VECTOR('',#886,1.);
#886 = DIRECTION('',(1.,0.));
#887 = ( GEOMETRIC_REPRESENTATION_CONTEXT(2) 
PARAMETRIC_REPRESENTATION_CONTEXT() REPRESENTATION_CONTEXT('2D SPACE',''
  ) );
#888 = ADVANCED_FACE('',(#889),#219,.T.);
#889 = FACE_BOUND('',#890,.T.);
#890 = EDGE_LOOP('',(#891,#953,#997,#1057));
#891 = ORIENTED_EDGE('',*,*,#892,.T.);
#892 = EDGE_CURVE('',#24,#893,#895,.T.);
#893 = VERTEX_POINT('',#894);
#894 = CARTESIAN_POINT('',(-2.398779583856E-07,-13.10456909288,
    1.093749999974));
#895 = SURFACE_CURVE('',#896,(#908,#915),.PCURVE_S1.);
#896 = B_SPLINE_CURVE_WITH_KNOTS('',6,(#897,#898,#899,#900,#901,#902,
    #903,#904,#905,#906,#907),.UNSPECIFIED.,.F.,.F.,(7,4,7),(0.,
    0.509703713325,1.),.UNSPECIFIED.);
#897 = CARTESIAN_POINT('',(15.000000332859,5.21640408202E-07,
    1.9687499864));
#898 = CARTESIAN_POINT('',(14.768165821346,-1.834667182192,
    1.900617789025));
#899 = CARTESIAN_POINT('',(14.262838623759,-3.634701777285,
    1.831242957571));
#900 = CARTESIAN_POINT('',(13.490153655562,-5.349200708016,
    1.760514271229));
#901 = CARTESIAN_POINT('',(12.469560257458,-6.928360981961,
    1.688346217206));
#902 = CARTESIAN_POINT('',(10.044286421759,-9.678729423091,
    1.543921119015));
#903 = CARTESIAN_POINT('',(6.941318249592,-11.626897154,1.394478717307)
  );
#904 = CARTESIAN_POINT('',(5.292202785791,-12.36142367407,1.320127687381
    ));
#905 = CARTESIAN_POINT('',(3.556877885785,-12.85680995846,1.244943933097
    ));
#906 = CARTESIAN_POINT('',(1.778442288474,-13.1045761938,1.169347059997)
  );
#907 = CARTESIAN_POINT('',(-2.415047593018E-07,-13.10456862028,
    1.093749999949));
#908 = PCURVE('',#219,#909);
#909 = DEFINITIONAL_REPRESENTATION('',(#910),#914);
#910 = LINE('',#911,#912);
#911 = CARTESIAN_POINT('',(0.,0.));
#912 = VECTOR('',#913,1.);
#913 = DIRECTION('',(1.,0.));
#914 = ( GEOMETRIC_REPRESENTATION_CONTEXT(2) 
PARAMETRIC_REPRESENTATION_CONTEXT() REPRESENTATION_CONTEXT('2D SPACE',''
  ) );
#915 = PCURVE('',#916,#947);
#916 = B_SPLINE_SURFACE_WITH_KNOTS('',6,1,(
    (#917,#918)
    ,(#919,#920)
    ,(#921,#922)
    ,(#923,#924)
    ,(#925,#926)
    ,(#927,#928)
    ,(#929,#930)
    ,(#931,#932)
    ,(#933,#934)
    ,(#935,#936)
    ,(#937,#938)
    ,(#939,#940)
    ,(#941,#942)
    ,(#943,#944)
    ,(#945,#946
    )),.UNSPECIFIED.,.F.,.F.,.F.,(7,4,4,7),(2,2),(0.,0.5,0.509703713325,
    1.),(0.,1.),.UNSPECIFIED.);
#917 = CARTESIAN_POINT('',(13.104569565474,2.382512702681E-07,3.0625));
#918 = CARTESIAN_POINT('',(15.000000332859,5.21640408202E-07,
    1.9687499864));
#919 = CARTESIAN_POINT('',(13.104568398863,-1.715386037415,2.8984375));
#920 = CARTESIAN_POINT('',(14.772579474964,-1.799738871923,
    1.901914886327));
#921 = CARTESIAN_POINT('',(12.835120804464,-3.430761588009,2.734375));
#922 = CARTESIAN_POINT('',(14.281980284994,-3.566151290921,
    1.833884016199));
#923 = CARTESIAN_POINT('',(12.296207422075,-5.093260542934,2.5703125));
#924 = CARTESIAN_POINT('',(13.533993918137,-5.251186423847,
    1.764552387289));
#925 = CARTESIAN_POINT('',(11.501718218349,-6.649880231632,2.40625));
#926 = CARTESIAN_POINT('',(12.546740626046,-6.807812149653,
    1.693838816375));
#927 = CARTESIAN_POINT('',(10.459446666222,-8.080608517786,
    2.239003469065));
#928 = CARTESIAN_POINT('',(11.327056126674,-8.22309446099,1.62033490309)
  );
#929 = CARTESIAN_POINT('',(9.219177274296,-9.31333896414,2.071756938131)
  );
#930 = CARTESIAN_POINT('',(9.928314784333,-9.432360247315,1.545516977879
    ));
#931 = CARTESIAN_POINT('',(9.195493599167,-9.336735587088,2.068572907196
    ));
#932 = CARTESIAN_POINT('',(9.901620989715,-9.455307299395,1.5440921227)
  );
#933 = CARTESIAN_POINT('',(9.171738709192,-9.360059901489,2.065388876261
    ));
#934 = CARTESIAN_POINT('',(9.874862837642,-9.478179245538,1.542666793136
    ));
#935 = CARTESIAN_POINT('',(7.944073183286,-10.55814430531,1.901326376261
    ));
#936 = CARTESIAN_POINT('',(8.492802335676,-10.65281328854,1.469199918161
    ));
#937 = CARTESIAN_POINT('',(6.528802576228,-11.56281620491,1.737263876261
    ));
#938 = CARTESIAN_POINT('',(6.941318249592,-11.626897154,1.394478717307)
  );
#939 = CARTESIAN_POINT('',(4.996406702174,-12.32727970662,1.576385407195
    ));
#940 = CARTESIAN_POINT('',(5.292202785791,-12.36142367407,1.320127687381
    ));
#941 = CARTESIAN_POINT('',(3.364179533621,-12.84547788678,1.415506938131
    ));
#942 = CARTESIAN_POINT('',(3.556877885785,-12.85680995846,1.244943933097
    ));
#943 = CARTESIAN_POINT('',(1.682094804093,-13.10456842151,1.254628469065
    ));
#944 = CARTESIAN_POINT('',(1.778442288474,-13.1045761938,1.169347059997)
  );
#945 = CARTESIAN_POINT('',(-2.382511574694E-07,-13.10456956547,1.09375)
  );
#946 = CARTESIAN_POINT('',(-2.415047593018E-07,-13.10456862028,
    1.093749999949));
#947 = DEFINITIONAL_REPRESENTATION('',(#948),#952);
#948 = LINE('',#949,#950);
#949 = CARTESIAN_POINT('',(0.,1.));
#950 = VECTOR('',#951,1.);
#951 = DIRECTION('',(1.,0.));
#952 = ( GEOMETRIC_REPRESENTATION_CONTEXT(2) 
PARAMETRIC_REPRESENTATION_CONTEXT() REPRESENTATION_CONTEXT('2D SPACE',''
  ) );
#953 = ORIENTED_EDGE('',*,*,#954,.F.);
#954 = EDGE_CURVE('',#955,#893,#957,.T.);
#955 = VERTEX_POINT('',#956);
#956 = CARTESIAN_POINT('',(-2.398778784496E-07,-13.10456909288,
    0.656249999974));
#957 = SURFACE_CURVE('',#958,(#961,#967),.PCURVE_S1.);
#958 = B_SPLINE_CURVE_WITH_KNOTS('',1,(#959,#960),.UNSPECIFIED.,.F.,.F.,
  (2,2),(0.,1.),.PIECEWISE_BEZIER_KNOTS.);
#959 = CARTESIAN_POINT('',(-2.382509975973E-07,-13.10456956547,0.65625)
  );
#960 = CARTESIAN_POINT('',(-2.382511574694E-07,-13.10456956547,1.09375)
  );
#961 = PCURVE('',#219,#962);
#962 = DEFINITIONAL_REPRESENTATION('',(#963),#966);
#963 = B_SPLINE_CURVE_WITH_KNOTS('',1,(#964,#965),.UNSPECIFIED.,.F.,.F.,
  (2,2),(0.,1.),.PIECEWISE_BEZIER_KNOTS.);
#964 = CARTESIAN_POINT('',(1.,1.));
#965 = CARTESIAN_POINT('',(1.,0.));
#966 = ( GEOMETRIC_REPRESENTATION_CONTEXT(2) 
PARAMETRIC_REPRESENTATION_CONTEXT() REPRESENTATION_CONTEXT('2D SPACE',''
  ) );
#967 = PCURVE('',#968,#991);
#968 = B_SPLINE_SURFACE_WITH_KNOTS('',6,1,(
    (#969,#970)
    ,(#971,#972)
    ,(#973,#974)
    ,(#975,#976)
    ,(#977,#978)
    ,(#979,#980)
    ,(#981,#982)
    ,(#983,#984)
    ,(#985,#986)
    ,(#987,#988)
    ,(#989,#990
    )),.UNSPECIFIED.,.F.,.F.,.F.,(7,4,7),(2,2),(0.,0.5,1.),(0.,1.),
  .UNSPECIFIED.);
#969 = CARTESIAN_POINT('',(13.104569565472,2.382506094634E-07,0.4375));
#970 = CARTESIAN_POINT('',(13.104569565474,2.382512702681E-07,3.0625));
#971 = CARTESIAN_POINT('',(13.104568398872,-1.715386037412,
    0.455729166667));
#972 = CARTESIAN_POINT('',(13.104568398863,-1.715386037415,2.8984375));
#973 = CARTESIAN_POINT('',(12.835120804449,-3.430761588013,
    0.473958333333));
#974 = CARTESIAN_POINT('',(12.835120804464,-3.430761588009,2.734375));
#975 = CARTESIAN_POINT('',(12.296207422088,-5.093260542931,0.4921875));
#976 = CARTESIAN_POINT('',(12.296207422075,-5.093260542934,2.5703125));
#977 = CARTESIAN_POINT('',(11.501718218345,-6.649880231632,
    0.510416666667));
#978 = CARTESIAN_POINT('',(11.501718218349,-6.649880231632,2.40625));
#979 = CARTESIAN_POINT('',(9.456860539509,-9.456860539509,0.546875));
#980 = CARTESIAN_POINT('',(9.456860539505,-9.456860539509,2.078125));
#981 = CARTESIAN_POINT('',(6.649880231632,-11.50171821834,0.583333333333
    ));
#982 = CARTESIAN_POINT('',(6.649880231634,-11.50171821834,1.75));
#983 = CARTESIAN_POINT('',(5.093260542933,-12.29620742208,0.6015625));
#984 = CARTESIAN_POINT('',(5.093260542931,-12.29620742208,1.5859375));
#985 = CARTESIAN_POINT('',(3.43076158801,-12.83512080445,0.619791666667)
  );
#986 = CARTESIAN_POINT('',(3.430761588011,-12.83512080445,1.421875));
#987 = CARTESIAN_POINT('',(1.715386037414,-13.10456839886,0.638020833333
    ));
#988 = CARTESIAN_POINT('',(1.715386037414,-13.10456839886,1.2578125));
#989 = CARTESIAN_POINT('',(-2.382509975973E-07,-13.10456956547,0.65625)
  );
#990 = CARTESIAN_POINT('',(-2.382511574694E-07,-13.10456956547,1.09375)
  );
#991 = DEFINITIONAL_REPRESENTATION('',(#992),#996);
#992 = LINE('',#993,#994);
#993 = CARTESIAN_POINT('',(1.,0.));
#994 = VECTOR('',#995,1.);
#995 = DIRECTION('',(0.,1.));
#996 = ( GEOMETRIC_REPRESENTATION_CONTEXT(2) 
PARAMETRIC_REPRESENTATION_CONTEXT() REPRESENTATION_CONTEXT('2D SPACE',''
  ) );
#997 = ORIENTED_EDGE('',*,*,#998,.F.);
#998 = EDGE_CURVE('',#22,#955,#999,.T.);
#999 = SURFACE_CURVE('',#1000,(#1012,#1019),.PCURVE_S1.);
#1000 = B_SPLINE_CURVE_WITH_KNOTS('',6,(#1001,#1002,#1003,#1004,#1005,
    #1006,#1007,#1008,#1009,#1010,#1011),.UNSPECIFIED.,.F.,.F.,(7,4,7),(
    0.,0.509703713325,1.),.UNSPECIFIED.);
#1001 = CARTESIAN_POINT('',(15.000000332859,5.21640408202E-07,
    1.5312499864));
#1002 = CARTESIAN_POINT('',(14.768165821346,-1.834667182192,
    1.463117789025));
#1003 = CARTESIAN_POINT('',(14.262838623759,-3.634701777285,
    1.393742957571));
#1004 = CARTESIAN_POINT('',(13.490153655562,-5.349200708016,
    1.323014271229));
#1005 = CARTESIAN_POINT('',(12.469560257458,-6.928360981961,
    1.250846217206));
#1006 = CARTESIAN_POINT('',(10.044286421759,-9.678729423091,
    1.106421119015));
#1007 = CARTESIAN_POINT('',(6.941318249592,-11.626897154,0.956978717307)
  );
#1008 = CARTESIAN_POINT('',(5.292202785791,-12.36142367407,
    0.882627687381));
#1009 = CARTESIAN_POINT('',(3.556877885785,-12.85680995846,
    0.807443933097));
#1010 = CARTESIAN_POINT('',(1.778442288474,-13.1045761938,0.731847059997
    ));
#1011 = CARTESIAN_POINT('',(-2.415047593018E-07,-13.10456862028,
    0.656249999949));
#1012 = PCURVE('',#219,#1013);
#1013 = DEFINITIONAL_REPRESENTATION('',(#1014),#1018);
#1014 = LINE('',#1015,#1016);
#1015 = CARTESIAN_POINT('',(0.,1.));
#1016 = VECTOR('',#1017,1.);
#1017 = DIRECTION('',(1.,0.));
#1018 = ( GEOMETRIC_REPRESENTATION_CONTEXT(2) 
PARAMETRIC_REPRESENTATION_CONTEXT() REPRESENTATION_CONTEXT('2D SPACE',''
  ) );
#1019 = PCURVE('',#1020,#1051);
#1020 = B_SPLINE_SURFACE_WITH_KNOTS('',6,1,(
    (#1021,#1022)
    ,(#1023,#1024)
    ,(#1025,#1026)
    ,(#1027,#1028)
    ,(#1029,#1030)
    ,(#1031,#1032)
    ,(#1033,#1034)
    ,(#1035,#1036)
    ,(#1037,#1038)
    ,(#1039,#1040)
    ,(#1041,#1042)
    ,(#1043,#1044)
    ,(#1045,#1046)
    ,(#1047,#1048)
    ,(#1049,#1050
    )),.UNSPECIFIED.,.F.,.F.,.F.,(7,4,4,7),(2,2),(0.,0.5,0.509703713325,
    1.),(0.,1.),.UNSPECIFIED.);
#1021 = CARTESIAN_POINT('',(15.000000332859,5.21640408202E-07,
    1.5312499864));
#1022 = CARTESIAN_POINT('',(13.104569565472,2.382506094634E-07,0.4375));
#1023 = CARTESIAN_POINT('',(14.772579474964,-1.799738871923,
    1.464414886327));
#1024 = CARTESIAN_POINT('',(13.104568398872,-1.715386037412,
    0.455729166667));
#1025 = CARTESIAN_POINT('',(14.281980284994,-3.566151290921,
    1.396384016199));
#1026 = CARTESIAN_POINT('',(12.835120804449,-3.430761588013,
    0.473958333333));
#1027 = CARTESIAN_POINT('',(13.533993918137,-5.251186423847,
    1.327052387289));
#1028 = CARTESIAN_POINT('',(12.296207422088,-5.093260542931,0.4921875));
#1029 = CARTESIAN_POINT('',(12.546740626046,-6.807812149653,
    1.256338816375));
#1030 = CARTESIAN_POINT('',(11.501718218345,-6.649880231632,
    0.510416666667));
#1031 = CARTESIAN_POINT('',(11.327056126674,-8.22309446099,1.18283490309
    ));
#1032 = CARTESIAN_POINT('',(10.459446666221,-8.080608517787,
    0.528999614548));
#1033 = CARTESIAN_POINT('',(9.928314784333,-9.432360247315,
    1.108016977879));
#1034 = CARTESIAN_POINT('',(9.219177274296,-9.31333896414,0.54758256243)
  );
#1035 = CARTESIAN_POINT('',(9.901620989715,-9.455307299395,1.1065921227)
  );
#1036 = CARTESIAN_POINT('',(9.195493599167,-9.336735587088,
    0.547936343645));
#1037 = CARTESIAN_POINT('',(9.874862837642,-9.478179245538,
    1.105166793136));
#1038 = CARTESIAN_POINT('',(9.171738709192,-9.360059901489,0.54829012486
    ));
#1039 = CARTESIAN_POINT('',(8.492802335676,-10.65281328854,
    1.031699918161));
#1040 = CARTESIAN_POINT('',(7.944073183286,-10.5581443053,0.566519291527
    ));
#1041 = CARTESIAN_POINT('',(6.941318249592,-11.626897154,0.956978717307)
  );
#1042 = CARTESIAN_POINT('',(6.528802576226,-11.56281620491,
    0.584748458193));
#1043 = CARTESIAN_POINT('',(5.292202785791,-12.36142367407,
    0.882627687381));
#1044 = CARTESIAN_POINT('',(4.996406702176,-12.32727970662,
    0.602623843645));
#1045 = CARTESIAN_POINT('',(3.556877885785,-12.85680995846,
    0.807443933097));
#1046 = CARTESIAN_POINT('',(3.364179533621,-12.84547788678,
    0.620499229097));
#1047 = CARTESIAN_POINT('',(1.778442288474,-13.1045761938,0.731847059997
    ));
#1048 = CARTESIAN_POINT('',(1.682094804093,-13.10456842151,
    0.638374614548));
#1049 = CARTESIAN_POINT('',(-2.415047593018E-07,-13.10456862028,
    0.656249999949));
#1050 = CARTESIAN_POINT('',(-2.382509975973E-07,-13.10456956547,0.65625)
  );
#1051 = DEFINITIONAL_REPRESENTATION('',(#1052),#1056);
#1052 = LINE('',#1053,#1054);
#1053 = CARTESIAN_POINT('',(0.,0.));
#1054 = VECTOR('',#1055,1.);
#1055 = DIRECTION('',(1.,0.));
#1056 = ( GEOMETRIC_REPRESENTATION_CONTEXT(2) 
PARAMETRIC_REPRESENTATION_CONTEXT() REPRESENTATION_CONTEXT('2D SPACE',''
  ) );
#1057 = ORIENTED_EDGE('',*,*,#21,.T.);
#1058 = ADVANCED_FACE('',(#1059),#701,.T.);
#1059 = FACE_BOUND('',#1060,.T.);
#1060 = EDGE_LOOP('',(#1061,#1082,#1083,#1175));
#1061 = ORIENTED_EDGE('',*,*,#1062,.T.);
#1062 = EDGE_CURVE('',#1063,#24,#1065,.T.);
#1063 = VERTEX_POINT('',#1064);
#1064 = CARTESIAN_POINT('',(13.104569497348,1.191256351341E-07,3.0625));
#1065 = SURFACE_CURVE('',#1066,(#1069,#1075),.PCURVE_S1.);
#1066 = B_SPLINE_CURVE_WITH_KNOTS('',1,(#1067,#1068),.UNSPECIFIED.,.F.,
  .F.,(2,2),(0.,1.),.PIECEWISE_BEZIER_KNOTS.);
#1067 = CARTESIAN_POINT('',(13.104569565474,2.382512702681E-07,3.0625));
#1068 = CARTESIAN_POINT('',(15.000000332859,5.21640408202E-07,
    1.9687499864));
#1069 = PCURVE('',#701,#1070);
#1070 = DEFINITIONAL_REPRESENTATION('',(#1071),#1074);
#1071 = B_SPLINE_CURVE_WITH_KNOTS('',1,(#1072,#1073),.UNSPECIFIED.,.F.,
  .F.,(2,2),(0.,1.),.PIECEWISE_BEZIER_KNOTS.);
#1072 = CARTESIAN_POINT('',(0.,1.));
#1073 = CARTESIAN_POINT('',(0.,0.));
#1074 = ( GEOMETRIC_REPRESENTATION_CONTEXT(2) 
PARAMETRIC_REPRESENTATION_CONTEXT() REPRESENTATION_CONTEXT('2D SPACE',''
  ) );
#1075 = PCURVE('',#916,#1076);
#1076 = DEFINITIONAL_REPRESENTATION('',(#1077),#1081);
#1077 = LINE('',#1078,#1079);
#1078 = CARTESIAN_POINT('',(0.,0.));
#1079 = VECTOR('',#1080,1.);
#1080 = DIRECTION('',(0.,1.));
#1081 = ( GEOMETRIC_REPRESENTATION_CONTEXT(2) 
PARAMETRIC_REPRESENTATION_CONTEXT() REPRESENTATION_CONTEXT('2D SPACE',''
  ) );
#1082 = ORIENTED_EDGE('',*,*,#600,.T.);
#1083 = ORIENTED_EDGE('',*,*,#1084,.T.);
#1084 = EDGE_CURVE('',#540,#1085,#1087,.T.);
#1085 = VERTEX_POINT('',#1086);
#1086 = CARTESIAN_POINT('',(-1.467245864887,13.022170458597,25.));
#1087 = SURFACE_CURVE('',#1088,(#1115,#1145),.PCURVE_S1.);
#1088 = B_SPLINE_CURVE_WITH_KNOTS('',7,(#1089,#1090,#1091,#1092,#1093,
    #1094,#1095,#1096,#1097,#1098,#1099,#1100,#1101,#1102,#1103,#1104,
    #1105,#1106,#1107,#1108,#1109,#1110,#1111,#1112,#1113,#1114),
  .UNSPECIFIED.,.F.,.F.,(8,6,6,6,8),(0.,0.289314380472,0.549582219096,
    0.784687853633,1.),.UNSPECIFIED.);
#1089 = CARTESIAN_POINT('',(-13.12835144861,-7.25578330476,25.));
#1090 = CARTESIAN_POINT('',(-13.61607675451,-6.221486775108,25.));
#1091 = CARTESIAN_POINT('',(-14.01169694137,-5.143563356847,25.));
#1092 = CARTESIAN_POINT('',(-14.3097252057,-4.03187868215,25.));
#1093 = CARTESIAN_POINT('',(-14.5061922822,-2.896876372575,25.));
#1094 = CARTESIAN_POINT('',(-14.59844195348,-1.749508609527,25.));
#1095 = CARTESIAN_POINT('',(-14.58518010936,-0.601243404826,25.));
#1096 = CARTESIAN_POINT('',(-14.36056920162,1.558870226637,25.));
#1097 = CARTESIAN_POINT('',(-14.16921323253,2.573115352918,25.));
#1098 = CARTESIAN_POINT('',(-13.89318054333,3.569853286213,25.));
#1099 = CARTESIAN_POINT('',(-13.53393518626,4.540492922411,25.));
#1100 = CARTESIAN_POINT('',(-13.09395260423,5.476586445666,25.));
#1101 = CARTESIAN_POINT('',(-12.57677634241,6.369863809527,25.));
#1102 = CARTESIAN_POINT('',(-11.45476508973,7.973378632927,25.));
#1103 = CARTESIAN_POINT('',(-10.86313088204,8.69311801791,25.));
#1104 = CARTESIAN_POINT('',(-10.21592667769,9.365644161077,25.));
#1105 = CARTESIAN_POINT('',(-9.517386880462,9.985546878791,25.));
#1106 = CARTESIAN_POINT('',(-8.772361251459,10.547860882848,25.));
#1107 = CARTESIAN_POINT('',(-7.986340276992,11.048106214526,25.));
#1108 = CARTESIAN_POINT('',(-6.413900975221,11.880195916793,25.));
#1109 = CARTESIAN_POINT('',(-5.632967441767,12.222736153594,25.));
#1110 = CARTESIAN_POINT('',(-4.827561642392,12.507062897416,25.));
#1111 = CARTESIAN_POINT('',(-4.002773450092,12.730764873461,25.));
#1112 = CARTESIAN_POINT('',(-3.163971642119,12.891954222184,25.));
#1113 = CARTESIAN_POINT('',(-2.316808173456,12.989302587182,25.));
#1114 = CARTESIAN_POINT('',(-1.467245864887,13.022170458597,25.));
#1115 = PCURVE('',#701,#1116);
#1116 = DEFINITIONAL_REPRESENTATION('',(#1117),#1144);
#1117 = B_SPLINE_CURVE_WITH_KNOTS('',7,(#1118,#1119,#1120,#1121,#1122,
    #1123,#1124,#1125,#1126,#1127,#1128,#1129,#1130,#1131,#1132,#1133,
    #1134,#1135,#1136,#1137,#1138,#1139,#1140,#1141,#1142,#1143),
  .UNSPECIFIED.,.F.,.F.,(8,6,6,6,8),(0.,0.289314380472,0.549582219096,
    0.784687853633,1.),.UNSPECIFIED.);
#1118 = CARTESIAN_POINT('',(47.327554237738,0.));
#1119 = CARTESIAN_POINT('',(47.240469728241,3.874594803523E-02));
#1120 = CARTESIAN_POINT('',(47.152876429429,7.771826841224E-02));
#1121 = CARTESIAN_POINT('',(47.064791760506,0.116909210917));
#1122 = CARTESIAN_POINT('',(46.97620114217,0.156325262225));
#1123 = CARTESIAN_POINT('',(46.887084550569,0.195975331419));
#1124 = CARTESIAN_POINT('',(46.797420763889,0.235868860582));
#1125 = CARTESIAN_POINT('',(46.626080764386,0.312102059293));
#1126 = CARTESIAN_POINT('',(46.54448476817,0.348406038583));
#1127 = CARTESIAN_POINT('',(46.462444627125,0.384907628361));
#1128 = CARTESIAN_POINT('',(46.379950578866,0.421611172143));
#1129 = CARTESIAN_POINT('',(46.296983858905,0.458525018691));
#1130 = CARTESIAN_POINT('',(46.213530086308,0.49565556642));
#1131 = CARTESIAN_POINT('',(46.053775720215,0.566734044128));
#1132 = CARTESIAN_POINT('',(45.977548399819,0.60064937318));
#1133 = CARTESIAN_POINT('',(45.900919104738,0.634743550231));
#1134 = CARTESIAN_POINT('',(45.823879446042,0.669020307713));
#1135 = CARTESIAN_POINT('',(45.746414604549,0.703486239029));
#1136 = CARTESIAN_POINT('',(45.668512838082,0.73814656855));
#1137 = CARTESIAN_POINT('',(45.518436352917,0.80491912924));
#1138 = CARTESIAN_POINT('',(45.446320327732,0.837005246282));
#1139 = CARTESIAN_POINT('',(45.37383201203,0.869257004139));
#1140 = CARTESIAN_POINT('',(45.300963908927,0.901677738349));
#1141 = CARTESIAN_POINT('',(45.227703612159,0.934272968752));
#1142 = CARTESIAN_POINT('',(45.154041003857,0.967047197027));
#1143 = CARTESIAN_POINT('',(45.079977035132,1.));
#1144 = ( GEOMETRIC_REPRESENTATION_CONTEXT(2) 
PARAMETRIC_REPRESENTATION_CONTEXT() REPRESENTATION_CONTEXT('2D SPACE',''
  ) );
#1145 = PCURVE('',#577,#1146);
#1146 = DEFINITIONAL_REPRESENTATION('',(#1147),#1174);
#1147 = B_SPLINE_CURVE_WITH_KNOTS('',7,(#1148,#1149,#1150,#1151,#1152,
    #1153,#1154,#1155,#1156,#1157,#1158,#1159,#1160,#1161,#1162,#1163,
    #1164,#1165,#1166,#1167,#1168,#1169,#1170,#1171,#1172,#1173),
  .UNSPECIFIED.,.F.,.F.,(8,6,6,6,8),(0.,0.289314380472,0.549582219096,
    0.784687853633,1.),.UNSPECIFIED.);
#1148 = CARTESIAN_POINT('',(16.871648551383,22.74421669524));
#1149 = CARTESIAN_POINT('',(16.383923245483,23.778513224892));
#1150 = CARTESIAN_POINT('',(15.988303058625,24.856436643153));
#1151 = CARTESIAN_POINT('',(15.690274794296,25.96812131785));
#1152 = CARTESIAN_POINT('',(15.4938077178,27.103123627425));
#1153 = CARTESIAN_POINT('',(15.401558046518,28.250491390473));
#1154 = CARTESIAN_POINT('',(15.414819890638,29.398756595174));
#1155 = CARTESIAN_POINT('',(15.639430798372,31.558870226637));
#1156 = CARTESIAN_POINT('',(15.830786767467,32.573115352918));
#1157 = CARTESIAN_POINT('',(16.106819456669,33.569853286213));
#1158 = CARTESIAN_POINT('',(16.466064813738,34.540492922411));
#1159 = CARTESIAN_POINT('',(16.906047395763,35.476586445666));
#1160 = CARTESIAN_POINT('',(17.423223657584,36.369863809527));
#1161 = CARTESIAN_POINT('',(18.545234910265,37.973378632927));
#1162 = CARTESIAN_POINT('',(19.13686911796,38.69311801791));
#1163 = CARTESIAN_POINT('',(19.784073322302,39.365644161077));
#1164 = CARTESIAN_POINT('',(20.482613119538,39.985546878791));
#1165 = CARTESIAN_POINT('',(21.227638748541,40.547860882848));
#1166 = CARTESIAN_POINT('',(22.013659723008,41.048106214526));
#1167 = CARTESIAN_POINT('',(23.586099024779,41.880195916793));
#1168 = CARTESIAN_POINT('',(24.367032558233,42.222736153594));
#1169 = CARTESIAN_POINT('',(25.172438357608,42.507062897416));
#1170 = CARTESIAN_POINT('',(25.997226549908,42.730764873461));
#1171 = CARTESIAN_POINT('',(26.836028357881,42.891954222184));
#1172 = CARTESIAN_POINT('',(27.683191826544,42.989302587182));
#1173 = CARTESIAN_POINT('',(28.532754135113,43.022170458597));
#1174 = ( GEOMETRIC_REPRESENTATION_CONTEXT(2) 
PARAMETRIC_REPRESENTATION_CONTEXT() REPRESENTATION_CONTEXT('2D SPACE',''
  ) );
#1175 = ORIENTED_EDGE('',*,*,#1176,.F.);
#1176 = EDGE_CURVE('',#1063,#1085,#1177,.T.);
#1177 = SURFACE_CURVE('',#1178,(#1269,#1276),.PCURVE_S1.);
#1178 = B_SPLINE_CURVE_WITH_KNOTS('',12,(#1179,#1180,#1181,#1182,#1183,
    #1184,#1185,#1186,#1187,#1188,#1189,#1190,#1191,#1192,#1193,#1194,
    #1195,#1196,#1197,#1198,#1199,#1200,#1201,#1202,#1203,#1204,#1205,
    #1206,#1207,#1208,#1209,#1210,#1211,#1212,#1213,#1214,#1215,#1216,
    #1217,#1218,#1219,#1220,#1221,#1222,#1223,#1224,#1225,#1226,#1227,
    #1228,#1229,#1230,#1231,#1232,#1233,#1234,#1235,#1236,#1237,#1238,
    #1239,#1240,#1241,#1242,#1243,#1244,#1245,#1246,#1247,#1248,#1249,
    #1250,#1251,#1252,#1253,#1254,#1255,#1256,#1257,#1258,#1259,#1260,
    #1261,#1262,#1263,#1264,#1265,#1266,#1267,#1268),.UNSPECIFIED.,.F.,
  .F.,(13,11,11,11,11,11,11,11,13),(0.,6.421649150304,12.843298300607,
    19.264947450911,25.686596601215,32.108245751518,38.529894901822,
    44.951544052126,51.37319320243),.UNSPECIFIED.);
#1179 = CARTESIAN_POINT('',(13.104569429222,8.881784197001E-16,3.0625));
#1180 = CARTESIAN_POINT('',(13.104569429223,6.126371882039,
    3.322916666666));
#1181 = CARTESIAN_POINT('',(9.980111601953,12.252713388343,
    3.583333333334));
#1182 = CARTESIAN_POINT('',(3.731362020784,16.626525640371,
    3.843749999997));
#1183 = CARTESIAN_POINT('',(-4.549999718676,17.49344098615,
    4.104166666672));
#1184 = CARTESIAN_POINT('',(-12.67549673948,13.871993026503,
    4.364583333325));
#1185 = CARTESIAN_POINT('',(-17.99082089943,6.295260504843,4.62500000001
    ));
#1186 = CARTESIAN_POINT('',(-18.55914859032,-2.942517922139,
    4.885416666658));
#1187 = CARTESIAN_POINT('',(-14.46431507956,-10.84004447661,
    5.14583333334));
#1188 = CARTESIAN_POINT('',(-7.449172876777,-15.3256073567,
    5.406249999997));
#1189 = CARTESIAN_POINT('',(0.16332360622,-15.80205487789,5.666666666668
    ));
#1190 = CARTESIAN_POINT('',(6.42583455311,-12.96035580755,5.927083333333
    ));
#1191 = CARTESIAN_POINT('',(14.065295334797,-3.380774986183,
    6.447916666667));
#1192 = CARTESIAN_POINT('',(15.442207291691,3.357059267419,6.70833333333
    ));
#1193 = CARTESIAN_POINT('',(13.283765477425,10.672675022743,
    6.968750000009));
#1194 = CARTESIAN_POINT('',(7.349649029044,16.513801322644,
    7.229166666649));
#1195 = CARTESIAN_POINT('',(-1.26105622343,18.748603823374,
    7.489583333359));
#1196 = CARTESIAN_POINT('',(-10.14075944974,16.138926210755,
    7.749999999973));
#1197 = CARTESIAN_POINT('',(-16.34475657201,9.270886728112,8.01041666669
    ));
#1198 = CARTESIAN_POINT('',(-18.06731408436,0.543264899734,
    8.270833333318));
#1199 = CARTESIAN_POINT('',(-15.37935776762,-7.337558998423,
    8.531250000007));
#1200 = CARTESIAN_POINT('',(-9.724728527599,-12.45637459412,
    8.791666666664));
#1201 = CARTESIAN_POINT('',(-3.05672991972,-14.13925650662,
    9.052083333334));
#1202 = CARTESIAN_POINT('',(8.888811976691,-11.41276452071,
    9.572916666667));
#1203 = CARTESIAN_POINT('',(14.166296036917,-7.00340414077,
    9.833333333333));
#1204 = CARTESIAN_POINT('',(17.039970091193,6.194102945389E-02,
    10.093750000001));
#1205 = CARTESIAN_POINT('',(16.04237371061,8.328578552447,
    10.354166666663));
#1206 = CARTESIAN_POINT('',(10.703629826291,15.444504416274,
    10.614583333341));
#1207 = CARTESIAN_POINT('',(2.134090911449,18.940580704849,
    10.87499999999));
#1208 = CARTESIAN_POINT('',(-6.998541932143,17.43906015092,
    11.135416666676));
#1209 = CARTESIAN_POINT('',(-13.78687483008,11.68952768053,
    11.395833333327));
#1210 = CARTESIAN_POINT('',(-16.59895928893,3.852138097811,
    11.656250000003));
#1211 = CARTESIAN_POINT('',(-15.36952144889,-3.675516752294,
    11.916666666666));
#1212 = CARTESIAN_POINT('',(-11.20552992238,-9.14867594359,
    12.177083333333));
#1213 = CARTESIAN_POINT('',(-0.166189244567,-14.46494222239,
    12.697916666667));
#1214 = CARTESIAN_POINT('',(6.709105171558,-14.30802295082,
    12.958333333333));
#1215 = CARTESIAN_POINT('',(13.361004677787,-10.57582012896,
    13.218750000001));
#1216 = CARTESIAN_POINT('',(17.73521661191,-3.490711489631,
    13.479166666665));
#1217 = CARTESIAN_POINT('',(17.997925773173,5.401395744151,
    13.739583333334));
#1218 = CARTESIAN_POINT('',(13.477758371795,13.477758371802,14.));
#1219 = CARTESIAN_POINT('',(5.401395744159,17.997925773169,
    14.260416666665));
#1220 = CARTESIAN_POINT('',(-3.490711489637,17.735216611912,
    14.520833333335));
#1221 = CARTESIAN_POINT('',(-10.57582012896,13.361004677787,
    14.781249999998));
#1222 = CARTESIAN_POINT('',(-14.30802295082,6.709105171558,
    15.041666666668));
#1223 = CARTESIAN_POINT('',(-14.46494222239,-0.166189244566,
    15.302083333333));
#1224 = CARTESIAN_POINT('',(-9.14867594359,-11.20552992238,
    15.822916666668));
#1225 = CARTESIAN_POINT('',(-3.675516752292,-15.36952144889,
    16.083333333326));
#1226 = CARTESIAN_POINT('',(3.852138097804,-16.59895928894,
    16.343750000018));
#1227 = CARTESIAN_POINT('',(11.689527680546,-13.78687483006,
    16.604166666637));
#1228 = CARTESIAN_POINT('',(17.439060150895,-6.998541932162,
    16.864583333371));
#1229 = CARTESIAN_POINT('',(18.940580704877,2.134090911464,
    17.124999999964));
#1230 = CARTESIAN_POINT('',(15.444504416252,10.703629826284,
    17.385416666695));
#1231 = CARTESIAN_POINT('',(8.32857855246,16.042373710612,
    17.645833333316));
#1232 = CARTESIAN_POINT('',(6.19410294491E-02,17.039970091193,
    17.906250000008));
#1233 = CARTESIAN_POINT('',(-7.003404140769,14.166296036917,
    18.166666666664));
#1234 = CARTESIAN_POINT('',(-11.41276452071,8.888811976691,
    18.427083333334));
#1235 = CARTESIAN_POINT('',(-14.13925650662,-3.056729919719,
    18.947916666667));
#1236 = CARTESIAN_POINT('',(-12.45637459411,-9.724728527604,
    19.20833333333));
#1237 = CARTESIAN_POINT('',(-7.337558998457,-15.37935776761,
    19.468750000008));
#1238 = CARTESIAN_POINT('',(0.543264899804,-18.06731408439,
    19.729166666652));
#1239 = CARTESIAN_POINT('',(9.270886728007,-16.34475657197,
    19.989583333352));
#1240 = CARTESIAN_POINT('',(16.138926210875,-10.14075944978,
    20.249999999982));
#1241 = CARTESIAN_POINT('',(18.748603823267,-1.261056223387,
    20.510416666679));
#1242 = CARTESIAN_POINT('',(16.513801322718,7.349649029015,
    20.770833333327));
#1243 = CARTESIAN_POINT('',(10.672675022704,13.283765477439,
    21.031250000002));
#1244 = CARTESIAN_POINT('',(3.357059267433,15.442207291686,
    21.291666666667));
#1245 = CARTESIAN_POINT('',(-3.380774986185,14.065295334799,
    21.552083333333));
#1246 = CARTESIAN_POINT('',(-12.96035580755,6.425834553108,
    22.072916666667));
#1247 = CARTESIAN_POINT('',(-15.80205487789,0.163323606229,
    22.333333333331));
#1248 = CARTESIAN_POINT('',(-15.3256073567,-7.4491728768,22.593750000007
    ));
#1249 = CARTESIAN_POINT('',(-10.84004447662,-14.46431507952,
    22.854166666652));
#1250 = CARTESIAN_POINT('',(-2.942517922129,-18.55914859039,
    23.114583333355));
#1251 = CARTESIAN_POINT('',(6.295260504831,-17.99082089935,
    23.374999999975));
#1252 = CARTESIAN_POINT('',(13.871993026515,-12.67549673954,
    23.63541666669));
#1253 = CARTESIAN_POINT('',(17.493440986141,-4.549999718632,
    23.895833333317));
#1254 = CARTESIAN_POINT('',(16.626525640375,3.731362020762,
    24.156250000009));
#1255 = CARTESIAN_POINT('',(12.252713388342,9.980111601962,
    24.416666666663));
#1256 = CARTESIAN_POINT('',(6.126371882039,13.104569429221,
    24.677083333334));
#1257 = CARTESIAN_POINT('',(-6.126371882039,13.104569429222,
    25.197916666666));
#1258 = CARTESIAN_POINT('',(-12.25271338834,9.980111601958,
    25.458333333338));
#1259 = CARTESIAN_POINT('',(-16.62652564038,3.731362020771,
    25.718749999988));
#1260 = CARTESIAN_POINT('',(-17.49344098612,-4.549999718648,
    25.979166666688));
#1261 = CARTESIAN_POINT('',(-13.87199302653,-12.67549673953,
    26.239583333303));
#1262 = CARTESIAN_POINT('',(-6.295260504803,-17.99082089937,
    26.500000000033));
#1263 = CARTESIAN_POINT('',(2.942517922105,-18.55914859038,
    26.760416666638));
#1264 = CARTESIAN_POINT('',(10.840044476633,-14.46431507953,
    27.020833333354));
#1265 = CARTESIAN_POINT('',(15.325607356695,-7.449172876794,
    27.281249999989));
#1266 = CARTESIAN_POINT('',(15.802054877899,0.163323606226,
    27.541666666671));
#1267 = CARTESIAN_POINT('',(12.960355807554,6.425834553109,
    27.802083333332));
#1268 = CARTESIAN_POINT('',(8.170565396869,10.245564943953,28.0625));
#1269 = PCURVE('',#701,#1270);
#1270 = DEFINITIONAL_REPRESENTATION('',(#1271),#1275);
#1271 = LINE('',#1272,#1273);
#1272 = CARTESIAN_POINT('',(0.,1.));
#1273 = VECTOR('',#1274,1.);
#1274 = DIRECTION('',(1.,0.));
#1275 = ( GEOMETRIC_REPRESENTATION_CONTEXT(2) 
PARAMETRIC_REPRESENTATION_CONTEXT() REPRESENTATION_CONTEXT('2D SPACE',''
  ) );
#1276 = PCURVE('',#1277,#1458);
#1277 = B_SPLINE_SURFACE_WITH_KNOTS('',12,1,(
    (#1278,#1279)
    ,(#1280,#1281)
    ,(#1282,#1283)
    ,(#1284,#1285)
    ,(#1286,#1287)
    ,(#1288,#1289)
    ,(#1290,#1291)
    ,(#1292,#1293)
    ,(#1294,#1295)
    ,(#1296,#1297)
    ,(#1298,#1299)
    ,(#1300,#1301)
    ,(#1302,#1303)
    ,(#1304,#1305)
    ,(#1306,#1307)
    ,(#1308,#1309)
    ,(#1310,#1311)
    ,(#1312,#1313)
    ,(#1314,#1315)
    ,(#1316,#1317)
    ,(#1318,#1319)
    ,(#1320,#1321)
    ,(#1322,#1323)
    ,(#1324,#1325)
    ,(#1326,#1327)
    ,(#1328,#1329)
    ,(#1330,#1331)
    ,(#1332,#1333)
    ,(#1334,#1335)
    ,(#1336,#1337)
    ,(#1338,#1339)
    ,(#1340,#1341)
    ,(#1342,#1343)
    ,(#1344,#1345)
    ,(#1346,#1347)
    ,(#1348,#1349)
    ,(#1350,#1351)
    ,(#1352,#1353)
    ,(#1354,#1355)
    ,(#1356,#1357)
    ,(#1358,#1359)
    ,(#1360,#1361)
    ,(#1362,#1363)
    ,(#1364,#1365)
    ,(#1366,#1367)
    ,(#1368,#1369)
    ,(#1370,#1371)
    ,(#1372,#1373)
    ,(#1374,#1375)
    ,(#1376,#1377)
    ,(#1378,#1379)
    ,(#1380,#1381)
    ,(#1382,#1383)
    ,(#1384,#1385)
    ,(#1386,#1387)
    ,(#1388,#1389)
    ,(#1390,#1391)
    ,(#1392,#1393)
    ,(#1394,#1395)
    ,(#1396,#1397)
    ,(#1398,#1399)
    ,(#1400,#1401)
    ,(#1402,#1403)
    ,(#1404,#1405)
    ,(#1406,#1407)
    ,(#1408,#1409)
    ,(#1410,#1411)
    ,(#1412,#1413)
    ,(#1414,#1415)
    ,(#1416,#1417)
    ,(#1418,#1419)
    ,(#1420,#1421)
    ,(#1422,#1423)
    ,(#1424,#1425)
    ,(#1426,#1427)
    ,(#1428,#1429)
    ,(#1430,#1431)
    ,(#1432,#1433)
    ,(#1434,#1435)
    ,(#1436,#1437)
    ,(#1438,#1439)
    ,(#1440,#1441)
    ,(#1442,#1443)
    ,(#1444,#1445)
    ,(#1446,#1447)
    ,(#1448,#1449)
    ,(#1450,#1451)
    ,(#1452,#1453)
    ,(#1454,#1455)
    ,(#1456,#1457
    )),.UNSPECIFIED.,.F.,.F.,.F.,(13,11,11,11,11,11,11,11,13),(2,2),(0.,
    6.421649150304,12.843298300607,19.264947450911,25.686596601215,
    32.108245751518,38.529894901822,44.951544052126,51.37319320243),(0.,
    1.),.UNSPECIFIED.);
#1278 = CARTESIAN_POINT('',(13.104569429222,8.881784197001E-16,3.0625));
#1279 = CARTESIAN_POINT('',(13.104569429222,8.881784197001E-16,0.4375));
#1280 = CARTESIAN_POINT('',(13.104569429223,6.126371882039,
    3.322916666666));
#1281 = CARTESIAN_POINT('',(13.104569429223,6.126371882039,
    0.697916666666));
#1282 = CARTESIAN_POINT('',(9.980111601953,12.252713388343,
    3.583333333334));
#1283 = CARTESIAN_POINT('',(9.980111601953,12.252713388343,
    0.958333333334));
#1284 = CARTESIAN_POINT('',(3.731362020784,16.626525640371,
    3.843749999997));
#1285 = CARTESIAN_POINT('',(3.731362020784,16.626525640371,
    1.218749999997));
#1286 = CARTESIAN_POINT('',(-4.549999718676,17.49344098615,
    4.104166666672));
#1287 = CARTESIAN_POINT('',(-4.549999718676,17.49344098615,
    1.479166666672));
#1288 = CARTESIAN_POINT('',(-12.67549673948,13.871993026503,
    4.364583333325));
#1289 = CARTESIAN_POINT('',(-12.67549673948,13.871993026503,
    1.739583333325));
#1290 = CARTESIAN_POINT('',(-17.99082089943,6.295260504843,4.62500000001
    ));
#1291 = CARTESIAN_POINT('',(-17.99082089943,6.295260504843,2.00000000001
    ));
#1292 = CARTESIAN_POINT('',(-18.55914859032,-2.942517922139,
    4.885416666658));
#1293 = CARTESIAN_POINT('',(-18.55914859032,-2.942517922139,
    2.260416666658));
#1294 = CARTESIAN_POINT('',(-14.46431507956,-10.84004447661,
    5.14583333334));
#1295 = CARTESIAN_POINT('',(-14.46431507956,-10.84004447661,
    2.52083333334));
#1296 = CARTESIAN_POINT('',(-7.449172876777,-15.3256073567,
    5.406249999997));
#1297 = CARTESIAN_POINT('',(-7.449172876777,-15.3256073567,
    2.781249999997));
#1298 = CARTESIAN_POINT('',(0.16332360622,-15.80205487789,5.666666666668
    ));
#1299 = CARTESIAN_POINT('',(0.16332360622,-15.80205487789,3.041666666668
    ));
#1300 = CARTESIAN_POINT('',(6.42583455311,-12.96035580755,5.927083333333
    ));
#1301 = CARTESIAN_POINT('',(6.42583455311,-12.96035580755,3.302083333333
    ));
#1302 = CARTESIAN_POINT('',(14.065295334797,-3.380774986183,
    6.447916666667));
#1303 = CARTESIAN_POINT('',(14.065295334797,-3.380774986183,
    3.822916666667));
#1304 = CARTESIAN_POINT('',(15.442207291691,3.357059267419,6.70833333333
    ));
#1305 = CARTESIAN_POINT('',(15.442207291691,3.357059267419,4.08333333333
    ));
#1306 = CARTESIAN_POINT('',(13.283765477425,10.672675022743,
    6.968750000009));
#1307 = CARTESIAN_POINT('',(13.283765477425,10.672675022743,
    4.343750000009));
#1308 = CARTESIAN_POINT('',(7.349649029044,16.513801322644,
    7.229166666649));
#1309 = CARTESIAN_POINT('',(7.349649029044,16.513801322644,
    4.604166666649));
#1310 = CARTESIAN_POINT('',(-1.26105622343,18.748603823374,
    7.489583333359));
#1311 = CARTESIAN_POINT('',(-1.26105622343,18.748603823374,
    4.864583333359));
#1312 = CARTESIAN_POINT('',(-10.14075944974,16.138926210755,
    7.749999999973));
#1313 = CARTESIAN_POINT('',(-10.14075944974,16.138926210755,
    5.124999999973));
#1314 = CARTESIAN_POINT('',(-16.34475657201,9.270886728112,8.01041666669
    ));
#1315 = CARTESIAN_POINT('',(-16.34475657201,9.270886728112,5.38541666669
    ));
#1316 = CARTESIAN_POINT('',(-18.06731408436,0.543264899734,
    8.270833333318));
#1317 = CARTESIAN_POINT('',(-18.06731408436,0.543264899734,
    5.645833333318));
#1318 = CARTESIAN_POINT('',(-15.37935776762,-7.337558998423,
    8.531250000007));
#1319 = CARTESIAN_POINT('',(-15.37935776762,-7.337558998423,
    5.906250000007));
#1320 = CARTESIAN_POINT('',(-9.724728527599,-12.45637459412,
    8.791666666664));
#1321 = CARTESIAN_POINT('',(-9.724728527599,-12.45637459412,
    6.166666666664));
#1322 = CARTESIAN_POINT('',(-3.05672991972,-14.13925650662,
    9.052083333334));
#1323 = CARTESIAN_POINT('',(-3.05672991972,-14.13925650662,
    6.427083333334));
#1324 = CARTESIAN_POINT('',(8.888811976691,-11.41276452071,
    9.572916666667));
#1325 = CARTESIAN_POINT('',(8.888811976691,-11.41276452071,
    6.947916666667));
#1326 = CARTESIAN_POINT('',(14.166296036917,-7.00340414077,
    9.833333333333));
#1327 = CARTESIAN_POINT('',(14.166296036917,-7.00340414077,
    7.208333333333));
#1328 = CARTESIAN_POINT('',(17.039970091193,6.194102945389E-02,
    10.093750000001));
#1329 = CARTESIAN_POINT('',(17.039970091193,6.194102945389E-02,
    7.468750000001));
#1330 = CARTESIAN_POINT('',(16.04237371061,8.328578552447,
    10.354166666663));
#1331 = CARTESIAN_POINT('',(16.04237371061,8.328578552447,7.729166666663
    ));
#1332 = CARTESIAN_POINT('',(10.703629826291,15.444504416274,
    10.614583333341));
#1333 = CARTESIAN_POINT('',(10.703629826291,15.444504416274,
    7.989583333341));
#1334 = CARTESIAN_POINT('',(2.134090911449,18.940580704849,
    10.87499999999));
#1335 = CARTESIAN_POINT('',(2.134090911449,18.940580704849,8.24999999999
    ));
#1336 = CARTESIAN_POINT('',(-6.998541932143,17.43906015092,
    11.135416666676));
#1337 = CARTESIAN_POINT('',(-6.998541932143,17.43906015092,
    8.510416666676));
#1338 = CARTESIAN_POINT('',(-13.78687483008,11.68952768053,
    11.395833333327));
#1339 = CARTESIAN_POINT('',(-13.78687483008,11.68952768053,
    8.770833333327));
#1340 = CARTESIAN_POINT('',(-16.59895928893,3.852138097811,
    11.656250000003));
#1341 = CARTESIAN_POINT('',(-16.59895928893,3.852138097811,
    9.031250000003));
#1342 = CARTESIAN_POINT('',(-15.36952144889,-3.675516752294,
    11.916666666666));
#1343 = CARTESIAN_POINT('',(-15.36952144889,-3.675516752294,
    9.291666666666));
#1344 = CARTESIAN_POINT('',(-11.20552992238,-9.14867594359,
    12.177083333333));
#1345 = CARTESIAN_POINT('',(-11.20552992238,-9.14867594359,
    9.552083333333));
#1346 = CARTESIAN_POINT('',(-0.166189244567,-14.46494222239,
    12.697916666667));
#1347 = CARTESIAN_POINT('',(-0.166189244567,-14.46494222239,
    10.072916666667));
#1348 = CARTESIAN_POINT('',(6.709105171558,-14.30802295082,
    12.958333333333));
#1349 = CARTESIAN_POINT('',(6.709105171558,-14.30802295082,
    10.333333333333));
#1350 = CARTESIAN_POINT('',(13.361004677787,-10.57582012896,
    13.218750000001));
#1351 = CARTESIAN_POINT('',(13.361004677787,-10.57582012896,
    10.593750000001));
#1352 = CARTESIAN_POINT('',(17.73521661191,-3.490711489631,
    13.479166666665));
#1353 = CARTESIAN_POINT('',(17.73521661191,-3.490711489631,
    10.854166666665));
#1354 = CARTESIAN_POINT('',(17.997925773173,5.401395744151,
    13.739583333334));
#1355 = CARTESIAN_POINT('',(17.997925773173,5.401395744151,
    11.114583333334));
#1356 = CARTESIAN_POINT('',(13.477758371795,13.477758371802,14.));
#1357 = CARTESIAN_POINT('',(13.477758371795,13.477758371802,11.375));
#1358 = CARTESIAN_POINT('',(5.401395744159,17.997925773169,
    14.260416666665));
#1359 = CARTESIAN_POINT('',(5.401395744159,17.997925773169,
    11.635416666665));
#1360 = CARTESIAN_POINT('',(-3.490711489637,17.735216611912,
    14.520833333335));
#1361 = CARTESIAN_POINT('',(-3.490711489637,17.735216611912,
    11.895833333335));
#1362 = CARTESIAN_POINT('',(-10.57582012896,13.361004677787,
    14.781249999998));
#1363 = CARTESIAN_POINT('',(-10.57582012896,13.361004677787,
    12.156249999998));
#1364 = CARTESIAN_POINT('',(-14.30802295082,6.709105171558,
    15.041666666668));
#1365 = CARTESIAN_POINT('',(-14.30802295082,6.709105171558,
    12.416666666668));
#1366 = CARTESIAN_POINT('',(-14.46494222239,-0.166189244566,
    15.302083333333));
#1367 = CARTESIAN_POINT('',(-14.46494222239,-0.166189244566,
    12.677083333333));
#1368 = CARTESIAN_POINT('',(-9.14867594359,-11.20552992238,
    15.822916666668));
#1369 = CARTESIAN_POINT('',(-9.14867594359,-11.20552992238,
    13.197916666668));
#1370 = CARTESIAN_POINT('',(-3.675516752292,-15.36952144889,
    16.083333333326));
#1371 = CARTESIAN_POINT('',(-3.675516752292,-15.36952144889,
    13.458333333326));
#1372 = CARTESIAN_POINT('',(3.852138097804,-16.59895928894,
    16.343750000018));
#1373 = CARTESIAN_POINT('',(3.852138097804,-16.59895928894,
    13.718750000018));
#1374 = CARTESIAN_POINT('',(11.689527680546,-13.78687483006,
    16.604166666637));
#1375 = CARTESIAN_POINT('',(11.689527680546,-13.78687483006,
    13.979166666637));
#1376 = CARTESIAN_POINT('',(17.439060150895,-6.998541932162,
    16.864583333371));
#1377 = CARTESIAN_POINT('',(17.439060150895,-6.998541932162,
    14.239583333371));
#1378 = CARTESIAN_POINT('',(18.940580704877,2.134090911464,
    17.124999999964));
#1379 = CARTESIAN_POINT('',(18.940580704877,2.134090911464,
    14.499999999964));
#1380 = CARTESIAN_POINT('',(15.444504416252,10.703629826284,
    17.385416666695));
#1381 = CARTESIAN_POINT('',(15.444504416252,10.703629826284,
    14.760416666695));
#1382 = CARTESIAN_POINT('',(8.32857855246,16.042373710612,
    17.645833333316));
#1383 = CARTESIAN_POINT('',(8.32857855246,16.042373710612,
    15.020833333316));
#1384 = CARTESIAN_POINT('',(6.19410294491E-02,17.039970091193,
    17.906250000008));
#1385 = CARTESIAN_POINT('',(6.19410294491E-02,17.039970091193,
    15.281250000008));
#1386 = CARTESIAN_POINT('',(-7.003404140769,14.166296036917,
    18.166666666664));
#1387 = CARTESIAN_POINT('',(-7.003404140769,14.166296036917,
    15.541666666664));
#1388 = CARTESIAN_POINT('',(-11.41276452071,8.888811976691,
    18.427083333334));
#1389 = CARTESIAN_POINT('',(-11.41276452071,8.888811976691,
    15.802083333334));
#1390 = CARTESIAN_POINT('',(-14.13925650662,-3.056729919719,
    18.947916666667));
#1391 = CARTESIAN_POINT('',(-14.13925650662,-3.056729919719,
    16.322916666667));
#1392 = CARTESIAN_POINT('',(-12.45637459411,-9.724728527604,
    19.20833333333));
#1393 = CARTESIAN_POINT('',(-12.45637459411,-9.724728527604,
    16.58333333333));
#1394 = CARTESIAN_POINT('',(-7.337558998457,-15.37935776761,
    19.468750000008));
#1395 = CARTESIAN_POINT('',(-7.337558998457,-15.37935776761,
    16.843750000008));
#1396 = CARTESIAN_POINT('',(0.543264899804,-18.06731408439,
    19.729166666652));
#1397 = CARTESIAN_POINT('',(0.543264899804,-18.06731408439,
    17.104166666652));
#1398 = CARTESIAN_POINT('',(9.270886728007,-16.34475657197,
    19.989583333352));
#1399 = CARTESIAN_POINT('',(9.270886728007,-16.34475657197,
    17.364583333352));
#1400 = CARTESIAN_POINT('',(16.138926210875,-10.14075944978,
    20.249999999982));
#1401 = CARTESIAN_POINT('',(16.138926210875,-10.14075944978,
    17.624999999982));
#1402 = CARTESIAN_POINT('',(18.748603823267,-1.261056223387,
    20.510416666679));
#1403 = CARTESIAN_POINT('',(18.748603823267,-1.261056223387,
    17.885416666679));
#1404 = CARTESIAN_POINT('',(16.513801322718,7.349649029015,
    20.770833333327));
#1405 = CARTESIAN_POINT('',(16.513801322718,7.349649029015,
    18.145833333327));
#1406 = CARTESIAN_POINT('',(10.672675022704,13.283765477439,
    21.031250000002));
#1407 = CARTESIAN_POINT('',(10.672675022704,13.283765477439,
    18.406250000002));
#1408 = CARTESIAN_POINT('',(3.357059267433,15.442207291686,
    21.291666666667));
#1409 = CARTESIAN_POINT('',(3.357059267433,15.442207291686,
    18.666666666667));
#1410 = CARTESIAN_POINT('',(-3.380774986185,14.065295334799,
    21.552083333333));
#1411 = CARTESIAN_POINT('',(-3.380774986185,14.065295334799,
    18.927083333333));
#1412 = CARTESIAN_POINT('',(-12.96035580755,6.425834553108,
    22.072916666667));
#1413 = CARTESIAN_POINT('',(-12.96035580755,6.425834553108,
    19.447916666667));
#1414 = CARTESIAN_POINT('',(-15.80205487789,0.163323606229,
    22.333333333331));
#1415 = CARTESIAN_POINT('',(-15.80205487789,0.163323606229,
    19.708333333331));
#1416 = CARTESIAN_POINT('',(-15.3256073567,-7.4491728768,22.593750000007
    ));
#1417 = CARTESIAN_POINT('',(-15.3256073567,-7.4491728768,19.968750000007
    ));
#1418 = CARTESIAN_POINT('',(-10.84004447662,-14.46431507952,
    22.854166666652));
#1419 = CARTESIAN_POINT('',(-10.84004447662,-14.46431507952,
    20.229166666652));
#1420 = CARTESIAN_POINT('',(-2.942517922129,-18.55914859039,
    23.114583333355));
#1421 = CARTESIAN_POINT('',(-2.942517922129,-18.55914859039,
    20.489583333355));
#1422 = CARTESIAN_POINT('',(6.295260504831,-17.99082089935,
    23.374999999975));
#1423 = CARTESIAN_POINT('',(6.295260504831,-17.99082089935,
    20.749999999975));
#1424 = CARTESIAN_POINT('',(13.871993026515,-12.67549673954,
    23.63541666669));
#1425 = CARTESIAN_POINT('',(13.871993026515,-12.67549673954,
    21.01041666669));
#1426 = CARTESIAN_POINT('',(17.493440986141,-4.549999718632,
    23.895833333317));
#1427 = CARTESIAN_POINT('',(17.493440986141,-4.549999718632,
    21.270833333317));
#1428 = CARTESIAN_POINT('',(16.626525640375,3.731362020762,
    24.156250000009));
#1429 = CARTESIAN_POINT('',(16.626525640375,3.731362020762,
    21.531250000009));
#1430 = CARTESIAN_POINT('',(12.252713388342,9.980111601962,
    24.416666666663));
#1431 = CARTESIAN_POINT('',(12.252713388342,9.980111601962,
    21.791666666663));
#1432 = CARTESIAN_POINT('',(6.126371882039,13.104569429221,
    24.677083333334));
#1433 = CARTESIAN_POINT('',(6.126371882039,13.104569429221,
    22.052083333334));
#1434 = CARTESIAN_POINT('',(-6.126371882039,13.104569429222,
    25.197916666666));
#1435 = CARTESIAN_POINT('',(-6.126371882039,13.104569429222,
    22.572916666666));
#1436 = CARTESIAN_POINT('',(-12.25271338834,9.980111601958,
    25.458333333338));
#1437 = CARTESIAN_POINT('',(-12.25271338834,9.980111601958,
    22.833333333338));
#1438 = CARTESIAN_POINT('',(-16.62652564038,3.731362020771,
    25.718749999988));
#1439 = CARTESIAN_POINT('',(-16.62652564038,3.731362020771,
    23.093749999988));
#1440 = CARTESIAN_POINT('',(-17.49344098612,-4.549999718648,
    25.979166666688));
#1441 = CARTESIAN_POINT('',(-17.49344098612,-4.549999718648,
    23.354166666688));
#1442 = CARTESIAN_POINT('',(-13.87199302653,-12.67549673953,
    26.239583333303));
#1443 = CARTESIAN_POINT('',(-13.87199302653,-12.67549673953,
    23.614583333303));
#1444 = CARTESIAN_POINT('',(-6.295260504803,-17.99082089937,
    26.500000000033));
#1445 = CARTESIAN_POINT('',(-6.295260504803,-17.99082089937,
    23.875000000033));
#1446 = CARTESIAN_POINT('',(2.942517922105,-18.55914859038,
    26.760416666638));
#1447 = CARTESIAN_POINT('',(2.942517922105,-18.55914859038,
    24.135416666638));
#1448 = CARTESIAN_POINT('',(10.840044476633,-14.46431507953,
    27.020833333354));
#1449 = CARTESIAN_POINT('',(10.840044476633,-14.46431507953,
    24.395833333354));
#1450 = CARTESIAN_POINT('',(15.325607356695,-7.449172876794,
    27.281249999989));
#1451 = CARTESIAN_POINT('',(15.325607356695,-7.449172876794,
    24.656249999989));
#1452 = CARTESIAN_POINT('',(15.802054877899,0.163323606226,
    27.541666666671));
#1453 = CARTESIAN_POINT('',(15.802054877899,0.163323606226,
    24.916666666671));
#1454 = CARTESIAN_POINT('',(12.960355807554,6.425834553109,
    27.802083333332));
#1455 = CARTESIAN_POINT('',(12.960355807554,6.425834553109,
    25.177083333332));
#1456 = CARTESIAN_POINT('',(8.170565396869,10.245564943953,28.0625));
#1457 = CARTESIAN_POINT('',(8.170565396869,10.245564943953,25.4375));
#1458 = DEFINITIONAL_REPRESENTATION('',(#1459),#1463);
#1459 = LINE('',#1460,#1461);
#1460 = CARTESIAN_POINT('',(0.,0.));
#1461 = VECTOR('',#1462,1.);
#1462 = DIRECTION('',(1.,0.));
#1463 = ( GEOMETRIC_REPRESENTATION_CONTEXT(2) 
PARAMETRIC_REPRESENTATION_CONTEXT() REPRESENTATION_CONTEXT('2D SPACE',''
  ) );
#1464 = ADVANCED_FACE('',(#1465),#577,.T.);
#1465 = FACE_BOUND('',#1466,.T.);
#1466 = EDGE_LOOP('',(#1467,#1468,#1560,#1725));
#1467 = ORIENTED_EDGE('',*,*,#539,.F.);
#1468 = ORIENTED_EDGE('',*,*,#1469,.F.);
#1469 = EDGE_CURVE('',#1470,#249,#1472,.T.);
#1470 = VERTEX_POINT('',#1471);
#1471 = CARTESIAN_POINT('',(13.022170975054,1.467246140444,25.));
#1472 = SURFACE_CURVE('',#1473,(#1500,#1530),.PCURVE_S1.);
#1473 = B_SPLINE_CURVE_WITH_KNOTS('',7,(#1474,#1475,#1476,#1477,#1478,
    #1479,#1480,#1481,#1482,#1483,#1484,#1485,#1486,#1487,#1488,#1489,
    #1490,#1491,#1492,#1493,#1494,#1495,#1496,#1497,#1498,#1499),
  .UNSPECIFIED.,.F.,.F.,(8,6,6,6,8),(0.,0.215312119659,0.450417758341,
    0.710685622878,1.),.UNSPECIFIED.);
#1474 = CARTESIAN_POINT('',(13.022170975054,1.467246140444,25.));
#1475 = CARTESIAN_POINT('',(13.179172557266,0.631670443045,25.));
#1476 = CARTESIAN_POINT('',(13.272776451045,-0.215914820907,25.));
#1477 = CARTESIAN_POINT('',(13.302279148608,-1.069554010174,25.));
#1478 = CARTESIAN_POINT('',(13.26771812481,-1.923441285937,25.));
#1479 = CARTESIAN_POINT('',(13.169739380408,-2.771922390253,25.));
#1480 = CARTESIAN_POINT('',(13.009561211284,-3.60949850983,25.));
#1481 = CARTESIAN_POINT('',(12.548234275313,-5.327670675351,25.));
#1482 = CARTESIAN_POINT('',(12.235437327012,-6.205299527355,25.));
#1483 = CARTESIAN_POINT('',(11.853005736693,-7.056772537668,25.));
#1484 = CARTESIAN_POINT('',(11.404085320134,-7.875739978138,25.));
#1485 = CARTESIAN_POINT('',(10.892437608188,-8.656368760748,25.));
#1486 = CARTESIAN_POINT('',(10.322394827499,-9.393326727051,25.));
#1487 = CARTESIAN_POINT('',(9.008754711468,-10.8440227896,25.));
#1488 = CARTESIAN_POINT('',(8.25295621146,-11.54700542102,25.));
#1489 = CARTESIAN_POINT('',(7.438237716649,-12.1842571297,25.));
#1490 = CARTESIAN_POINT('',(6.571873451245,-12.75048296746,25.));
#1491 = CARTESIAN_POINT('',(5.661548643335,-13.24138979161,25.));
#1492 = CARTESIAN_POINT('',(4.715313266941,-13.65363861551,25.));
#1493 = CARTESIAN_POINT('',(2.659338620144,-14.35328809395,25.));
#1494 = CARTESIAN_POINT('',(1.542813863193,-14.62173027096,25.));
#1495 = CARTESIAN_POINT('',(0.403685559729,-14.78710675275,25.));
#1496 = CARTESIAN_POINT('',(-0.746577857157,-14.8481273364,25.));
#1497 = CARTESIAN_POINT('',(-1.896707754179,-14.80494450125,25.));
#1498 = CARTESIAN_POINT('',(-3.035639123266,-14.65910401242,25.));
#1499 = CARTESIAN_POINT('',(-4.152532765239,-14.41375975243,25.));
#1500 = PCURVE('',#577,#1501);
#1501 = DEFINITIONAL_REPRESENTATION('',(#1502),#1529);
#1502 = B_SPLINE_CURVE_WITH_KNOTS('',7,(#1503,#1504,#1505,#1506,#1507,
    #1508,#1509,#1510,#1511,#1512,#1513,#1514,#1515,#1516,#1517,#1518,
    #1519,#1520,#1521,#1522,#1523,#1524,#1525,#1526,#1527,#1528),
  .UNSPECIFIED.,.F.,.F.,(8,6,6,6,8),(0.,0.215312119659,0.450417758341,
    0.710685622878,1.),.UNSPECIFIED.);
#1503 = CARTESIAN_POINT('',(43.022170975054,31.467246140444));
#1504 = CARTESIAN_POINT('',(43.179172557266,30.631670443045));
#1505 = CARTESIAN_POINT('',(43.272776451045,29.784085179093));
#1506 = CARTESIAN_POINT('',(43.302279148608,28.930445989826));
#1507 = CARTESIAN_POINT('',(43.26771812481,28.076558714063));
#1508 = CARTESIAN_POINT('',(43.169739380408,27.228077609747));
#1509 = CARTESIAN_POINT('',(43.009561211284,26.39050149017));
#1510 = CARTESIAN_POINT('',(42.548234275313,24.672329324649));
#1511 = CARTESIAN_POINT('',(42.235437327012,23.794700472645));
#1512 = CARTESIAN_POINT('',(41.853005736693,22.943227462332));
#1513 = CARTESIAN_POINT('',(41.404085320134,22.124260021862));
#1514 = CARTESIAN_POINT('',(40.892437608188,21.343631239252));
#1515 = CARTESIAN_POINT('',(40.322394827499,20.606673272949));
#1516 = CARTESIAN_POINT('',(39.008754711468,19.155977210396));
#1517 = CARTESIAN_POINT('',(38.25295621146,18.452994578977));
#1518 = CARTESIAN_POINT('',(37.438237716649,17.815742870294));
#1519 = CARTESIAN_POINT('',(36.571873451245,17.249517032532));
#1520 = CARTESIAN_POINT('',(35.661548643335,16.758610208381));
#1521 = CARTESIAN_POINT('',(34.715313266941,16.346361384486));
#1522 = CARTESIAN_POINT('',(32.659338620144,15.646711906044));
#1523 = CARTESIAN_POINT('',(31.542813863193,15.378269729039));
#1524 = CARTESIAN_POINT('',(30.403685559729,15.212893247245));
#1525 = CARTESIAN_POINT('',(29.253422142843,15.151872663596));
#1526 = CARTESIAN_POINT('',(28.103292245821,15.195055498749));
#1527 = CARTESIAN_POINT('',(26.964360876734,15.34089598758));
#1528 = CARTESIAN_POINT('',(25.847467234761,15.586240247568));
#1529 = ( GEOMETRIC_REPRESENTATION_CONTEXT(2) 
PARAMETRIC_REPRESENTATION_CONTEXT() REPRESENTATION_CONTEXT('2D SPACE',''
  ) );
#1530 = PCURVE('',#351,#1531);
#1531 = DEFINITIONAL_REPRESENTATION('',(#1532),#1559);
#1532 = B_SPLINE_CURVE_WITH_KNOTS('',7,(#1533,#1534,#1535,#1536,#1537,
    #1538,#1539,#1540,#1541,#1542,#1543,#1544,#1545,#1546,#1547,#1548,
    #1549,#1550,#1551,#1552,#1553,#1554,#1555,#1556,#1557,#1558),
  .UNSPECIFIED.,.F.,.F.,(8,6,6,6,8),(0.,0.215312119659,0.450417758341,
    0.710685622878,1.),.UNSPECIFIED.);
#1533 = CARTESIAN_POINT('',(50.474162321387,0.));
#1534 = CARTESIAN_POINT('',(50.400098380015,3.295279080352E-02));
#1535 = CARTESIAN_POINT('',(50.326435787974,6.572701184263E-02));
#1536 = CARTESIAN_POINT('',(50.253175482954,9.832224591723E-02));
#1537 = CARTESIAN_POINT('',(50.180307362629,0.13074298779));
#1538 = CARTESIAN_POINT('',(50.107819034099,0.162994751354));
#1539 = CARTESIAN_POINT('',(50.035703002163,0.195080871401));
#1540 = CARTESIAN_POINT('',(49.88562650891,0.261853435688));
#1541 = CARTESIAN_POINT('',(49.807724739389,0.296513766568));
#1542 = CARTESIAN_POINT('',(49.73025989952,0.330979697162));
#1543 = CARTESIAN_POINT('',(49.653220244688,0.365256452925));
#1544 = CARTESIAN_POINT('',(49.576590953362,0.399350628305));
#1545 = CARTESIAN_POINT('',(49.500363635185,0.43326595637));
#1546 = CARTESIAN_POINT('',(49.340609264572,0.504344436089));
#1547 = CARTESIAN_POINT('',(49.257155486281,0.541474986352));
#1548 = CARTESIAN_POINT('',(49.174188763692,0.578388834069));
#1549 = CARTESIAN_POINT('',(49.091694716082,0.615092377562));
#1550 = CARTESIAN_POINT('',(49.009654578213,0.651593965927));
#1551 = CARTESIAN_POINT('',(48.928058586839,0.687897943063));
#1552 = CARTESIAN_POINT('',(48.756718608536,0.764131132341));
#1553 = CARTESIAN_POINT('',(48.667054837,0.804024654767));
#1554 = CARTESIAN_POINT('',(48.577938254162,0.843674720061));
#1555 = CARTESIAN_POINT('',(48.489347636009,0.883090771288));
#1556 = CARTESIAN_POINT('',(48.401262959173,0.922281717313));
#1557 = CARTESIAN_POINT('',(48.31366964626,0.961254043964));
#1558 = CARTESIAN_POINT('',(48.226585118781,1.));
#1559 = ( GEOMETRIC_REPRESENTATION_CONTEXT(2) 
PARAMETRIC_REPRESENTATION_CONTEXT() REPRESENTATION_CONTEXT('2D SPACE',''
  ) );
#1560 = ORIENTED_EDGE('',*,*,#1561,.F.);
#1561 = EDGE_CURVE('',#1085,#1470,#1562,.T.);
#1562 = SURFACE_CURVE('',#1563,(#1615,#1670),.PCURVE_S1.);
#1563 = B_SPLINE_CURVE_WITH_KNOTS('',8,(#1564,#1565,#1566,#1567,#1568,
    #1569,#1570,#1571,#1572,#1573,#1574,#1575,#1576,#1577,#1578,#1579,
    #1580,#1581,#1582,#1583,#1584,#1585,#1586,#1587,#1588,#1589,#1590,
    #1591,#1592,#1593,#1594,#1595,#1596,#1597,#1598,#1599,#1600,#1601,
    #1602,#1603,#1604,#1605,#1606,#1607,#1608,#1609,#1610,#1611,#1612,
    #1613,#1614),.UNSPECIFIED.,.F.,.F.,(9,7,7,7,7,7,7,9),(0.,
    6.903763553456E-02,8.404593227773E-02,0.143078318444,0.357059395144,
    0.572037849514,0.786018923477,1.),.UNSPECIFIED.);
#1564 = CARTESIAN_POINT('',(-1.467245864886,13.022170458597,25.));
#1565 = CARTESIAN_POINT('',(-1.996519604224,12.962535532145,25.));
#1566 = CARTESIAN_POINT('',(-2.523033638183,12.878314499144,25.));
#1567 = CARTESIAN_POINT('',(-3.045440313689,12.769657575999,25.));
#1568 = CARTESIAN_POINT('',(-3.562416488437,12.636803789589,25.));
#1569 = CARTESIAN_POINT('',(-4.07266226717,12.480075561155,25.));
#1570 = CARTESIAN_POINT('',(-4.574900744257,12.299876860783,25.));
#1571 = CARTESIAN_POINT('',(-5.067878752557,12.096694932479,25.));
#1572 = CARTESIAN_POINT('',(-5.655258524333,11.822064052271,25.));
#1573 = CARTESIAN_POINT('',(-5.759653214304,11.771963336395,25.));
#1574 = CARTESIAN_POINT('',(-5.863540203581,11.720809279482,25.));
#1575 = CARTESIAN_POINT('',(-5.966907095924,11.668607892217,25.));
#1576 = CARTESIAN_POINT('',(-6.06974158376,11.615365358698,25.));
#1577 = CARTESIAN_POINT('',(-6.172031448186,11.56108803643,25.));
#1578 = CARTESIAN_POINT('',(-6.273764558969,11.505782456332,25.));
#1579 = CARTESIAN_POINT('',(-6.772840179568,11.227902860175,25.));
#1580 = CARTESIAN_POINT('',(-7.161955910629,10.990543598165,25.));
#1581 = CARTESIAN_POINT('',(-7.541537297524,10.737788117648,25.));
#1582 = CARTESIAN_POINT('',(-7.910874702565,10.470085863159,25.));
#1583 = CARTESIAN_POINT('',(-8.269286373774,10.187923339472,25.));
#1584 = CARTESIAN_POINT('',(-8.616118078177,9.891823473007,25.));
#1585 = CARTESIAN_POINT('',(-8.950743615205,9.582346138008,25.));
#1586 = CARTESIAN_POINT('',(-10.43911138741,8.091972607166,25.));
#1587 = CARTESIAN_POINT('',(-11.43952684899,6.753852669689,25.));
#1588 = CARTESIAN_POINT('',(-12.24123886628,5.276311320853,25.));
#1589 = CARTESIAN_POINT('',(-12.82373066493,3.694453051325,25.));
#1590 = CARTESIAN_POINT('',(-13.17212063597,2.045151274457,25.));
#1591 = CARTESIAN_POINT('',(-13.27939105528,0.367544883139,25.));
#1592 = CARTESIAN_POINT('',(-13.14423752986,-1.297726753237,25.));
#1593 = CARTESIAN_POINT('',(-12.40999741798,-4.52465506664,25.));
#1594 = CARTESIAN_POINT('',(-11.80744381558,-6.091538760367,25.));
#1595 = CARTESIAN_POINT('',(-10.97892554697,-7.563557202276,25.));
#1596 = CARTESIAN_POINT('',(-9.943533057502,-8.90416039529,25.));
#1597 = CARTESIAN_POINT('',(-8.724907864738,-10.08068370494,25.));
#1598 = CARTESIAN_POINT('',(-7.352916922545,-11.06603723663,25.));
#1599 = CARTESIAN_POINT('',(-5.861789508522,-11.83722745317,25.));
#1600 = CARTESIAN_POINT('',(-2.735163410451,-12.92183988529,25.));
#1601 = CARTESIAN_POINT('',(-1.094850511458,-13.2392828893,25.));
#1602 = CARTESIAN_POINT('',(0.584378715081,-13.3171283386,25.));
#1603 = CARTESIAN_POINT('',(2.26198784951,-13.15220408356,25.));
#1604 = CARTESIAN_POINT('',(3.898303597508,-12.74718154713,25.));
#1605 = CARTESIAN_POINT('',(5.455039722715,-12.1127972564,25.));
#1606 = CARTESIAN_POINT('',(6.895048691297,-11.2655837792,25.));
#1607 = CARTESIAN_POINT('',(9.473657262719,-9.203526118818,25.));
#1608 = CARTESIAN_POINT('',(10.616784416073,-7.985061343582,25.));
#1609 = CARTESIAN_POINT('',(11.577959287447,-6.605926465269,25.));
#1610 = CARTESIAN_POINT('',(12.332885403474,-5.09872426145,25.));
#1611 = CARTESIAN_POINT('',(12.86267029097,-3.498442957148,25.));
#1612 = CARTESIAN_POINT('',(13.155984318592,-1.84319751426,25.));
#1613 = CARTESIAN_POINT('',(13.207007942082,-0.173229654752,25.));
#1614 = CARTESIAN_POINT('',(13.022170975054,1.467246140444,25.));
#1615 = PCURVE('',#577,#1616);
#1616 = DEFINITIONAL_REPRESENTATION('',(#1617),#1669);
#1617 = B_SPLINE_CURVE_WITH_KNOTS('',8,(#1618,#1619,#1620,#1621,#1622,
    #1623,#1624,#1625,#1626,#1627,#1628,#1629,#1630,#1631,#1632,#1633,
    #1634,#1635,#1636,#1637,#1638,#1639,#1640,#1641,#1642,#1643,#1644,
    #1645,#1646,#1647,#1648,#1649,#1650,#1651,#1652,#1653,#1654,#1655,
    #1656,#1657,#1658,#1659,#1660,#1661,#1662,#1663,#1664,#1665,#1666,
    #1667,#1668),.UNSPECIFIED.,.F.,.F.,(9,7,7,7,7,7,7,9),(0.,
    6.903763553456E-02,8.404593227773E-02,0.143078318444,0.357059395144,
    0.572037849514,0.786018923477,1.),.UNSPECIFIED.);
#1618 = CARTESIAN_POINT('',(28.532754135114,43.022170458597));
#1619 = CARTESIAN_POINT('',(28.003480395776,42.962535532145));
#1620 = CARTESIAN_POINT('',(27.476966361817,42.878314499144));
#1621 = CARTESIAN_POINT('',(26.954559686311,42.769657575999));
#1622 = CARTESIAN_POINT('',(26.437583511563,42.636803789589));
#1623 = CARTESIAN_POINT('',(25.92733773283,42.480075561155));
#1624 = CARTESIAN_POINT('',(25.425099255743,42.299876860783));
#1625 = CARTESIAN_POINT('',(24.932121247443,42.096694932479));
#1626 = CARTESIAN_POINT('',(24.344741475667,41.822064052271));
#1627 = CARTESIAN_POINT('',(24.240346785696,41.771963336395));
#1628 = CARTESIAN_POINT('',(24.136459796419,41.720809279482));
#1629 = CARTESIAN_POINT('',(24.033092904076,41.668607892217));
#1630 = CARTESIAN_POINT('',(23.93025841624,41.615365358698));
#1631 = CARTESIAN_POINT('',(23.827968551814,41.56108803643));
#1632 = CARTESIAN_POINT('',(23.726235441031,41.505782456332));
#1633 = CARTESIAN_POINT('',(23.227159820432,41.227902860175));
#1634 = CARTESIAN_POINT('',(22.838044089371,40.990543598165));
#1635 = CARTESIAN_POINT('',(22.458462702476,40.737788117648));
#1636 = CARTESIAN_POINT('',(22.089125297435,40.470085863159));
#1637 = CARTESIAN_POINT('',(21.730713626226,40.187923339472));
#1638 = CARTESIAN_POINT('',(21.383881921823,39.891823473007));
#1639 = CARTESIAN_POINT('',(21.049256384795,39.582346138008));
#1640 = CARTESIAN_POINT('',(19.56088861259,38.091972607166));
#1641 = CARTESIAN_POINT('',(18.560473151004,36.753852669689));
#1642 = CARTESIAN_POINT('',(17.758761133715,35.276311320853));
#1643 = CARTESIAN_POINT('',(17.176269335065,33.694453051325));
#1644 = CARTESIAN_POINT('',(16.827879364023,32.045151274457));
#1645 = CARTESIAN_POINT('',(16.720608944713,30.367544883139));
#1646 = CARTESIAN_POINT('',(16.855762470135,28.702273246763));
#1647 = CARTESIAN_POINT('',(17.590002582013,25.47534493336));
#1648 = CARTESIAN_POINT('',(18.192556184414,23.908461239633));
#1649 = CARTESIAN_POINT('',(19.021074453028,22.436442797724));
#1650 = CARTESIAN_POINT('',(20.056466942498,21.09583960471));
#1651 = CARTESIAN_POINT('',(21.275092135262,19.91931629506));
#1652 = CARTESIAN_POINT('',(22.647083077455,18.933962763367));
#1653 = CARTESIAN_POINT('',(24.138210491478,18.162772546827));
#1654 = CARTESIAN_POINT('',(27.264836589549,17.078160114703));
#1655 = CARTESIAN_POINT('',(28.905149488542,16.760717110696));
#1656 = CARTESIAN_POINT('',(30.584378715081,16.682871661396));
#1657 = CARTESIAN_POINT('',(32.26198784951,16.847795916439));
#1658 = CARTESIAN_POINT('',(33.898303597508,17.252818452866));
#1659 = CARTESIAN_POINT('',(35.455039722715,17.887202743593));
#1660 = CARTESIAN_POINT('',(36.895048691297,18.734416220798));
#1661 = CARTESIAN_POINT('',(39.473657262719,20.796473881182));
#1662 = CARTESIAN_POINT('',(40.616784416073,22.014938656418));
#1663 = CARTESIAN_POINT('',(41.577959287447,23.394073534731));
#1664 = CARTESIAN_POINT('',(42.332885403474,24.90127573855));
#1665 = CARTESIAN_POINT('',(42.86267029097,26.501557042852));
#1666 = CARTESIAN_POINT('',(43.155984318592,28.15680248574));
#1667 = CARTESIAN_POINT('',(43.207007942082,29.826770345248));
#1668 = CARTESIAN_POINT('',(43.022170975054,31.467246140444));
#1669 = ( GEOMETRIC_REPRESENTATION_CONTEXT(2) 
PARAMETRIC_REPRESENTATION_CONTEXT() REPRESENTATION_CONTEXT('2D SPACE',''
  ) );
#1670 = PCURVE('',#1277,#1671);
#1671 = DEFINITIONAL_REPRESENTATION('',(#1672),#1724);
#1672 = B_SPLINE_CURVE_WITH_KNOTS('',8,(#1673,#1674,#1675,#1676,#1677,
    #1678,#1679,#1680,#1681,#1682,#1683,#1684,#1685,#1686,#1687,#1688,
    #1689,#1690,#1691,#1692,#1693,#1694,#1695,#1696,#1697,#1698,#1699,
    #1700,#1701,#1702,#1703,#1704,#1705,#1706,#1707,#1708,#1709,#1710,
    #1711,#1712,#1713,#1714,#1715,#1716,#1717,#1718,#1719,#1720,#1721,
    #1722,#1723),.UNSPECIFIED.,.F.,.F.,(9,7,7,7,7,7,7,9),(0.,
    6.903763553456E-02,8.404593227773E-02,0.143078318444,0.357059395144,
    0.572037849514,0.786018923477,1.),.UNSPECIFIED.);
#1673 = CARTESIAN_POINT('',(45.079977035132,0.));
#1674 = CARTESIAN_POINT('',(45.126501547601,8.624937780171E-03));
#1675 = CARTESIAN_POINT('',(45.173026960965,1.725004257262E-02));
#1676 = CARTESIAN_POINT('',(45.219551964515,2.587507139182E-02));
#1677 = CARTESIAN_POINT('',(45.266076458438,3.450000573389E-02));
#1678 = CARTESIAN_POINT('',(45.312600947893,4.312493924767E-02));
#1679 = CARTESIAN_POINT('',(45.359125938111,5.174996559541E-02));
#1680 = CARTESIAN_POINT('',(45.405651330519,6.037506650301E-02));
#1681 = CARTESIAN_POINT('',(45.46228991688,7.087499992301E-02));
#1682 = CARTESIAN_POINT('',(45.472404014076,7.274999988305E-02));
#1683 = CARTESIAN_POINT('',(45.482518111433,7.462499987294E-02));
#1684 = CARTESIAN_POINT('',(45.492632208911,7.649999988522E-02));
#1685 = CARTESIAN_POINT('',(45.502746306468,7.837499991217E-02));
#1686 = CARTESIAN_POINT('',(45.512860404062,8.024999994582E-02));
#1687 = CARTESIAN_POINT('',(45.522974501647,8.212499997793E-02));
#1688 = CARTESIAN_POINT('',(45.572870549213,9.137496914263E-02));
#1689 = CARTESIAN_POINT('',(45.612652916324,9.875001560467E-02));
#1690 = CARTESIAN_POINT('',(45.652435100378,0.106125028131));
#1691 = CARTESIAN_POINT('',(45.692217055149,0.113499998151));
#1692 = CARTESIAN_POINT('',(45.731999011302,0.120874968428));
#1693 = CARTESIAN_POINT('',(45.771781199394,0.128249981703));
#1694 = CARTESIAN_POINT('',(45.81156357287,0.135625029344));
#1695 = CARTESIAN_POINT('',(45.995547498849,0.169732854014));
#1696 = CARTESIAN_POINT('',(46.140001864415,0.196512498743));
#1697 = CARTESIAN_POINT('',(46.28430149778,0.223263458472));
#1698 = CARTESIAN_POINT('',(46.428523362956,0.250000001161));
#1699 = CARTESIAN_POINT('',(46.572745223006,0.276736542898));
#1700 = CARTESIAN_POINT('',(46.717044848483,0.303487501166));
#1701 = CARTESIAN_POINT('',(46.861499210425,0.330267145223));
#1702 = CARTESIAN_POINT('',(47.150575287617,0.383857458097));
#1703 = CARTESIAN_POINT('',(47.295707751969,0.410762812038));
#1704 = CARTESIAN_POINT('',(47.440681445585,0.437638732297));
#1705 = CARTESIAN_POINT('',(47.585576053433,0.464499991256));
#1706 = CARTESIAN_POINT('',(47.730470673662,0.491361252511));
#1707 = CARTESIAN_POINT('',(47.875444396749,0.518237178233));
#1708 = CARTESIAN_POINT('',(48.020576891293,0.545142537772));
#1709 = CARTESIAN_POINT('',(48.309653011108,0.598732858548));
#1710 = CARTESIAN_POINT('',(48.454107396656,0.625512506981));
#1711 = CARTESIAN_POINT('',(48.598407035468,0.65226346772));
#1712 = CARTESIAN_POINT('',(48.742628890799,0.679000008584));
#1713 = CARTESIAN_POINT('',(48.886850734,0.705736547198));
#1714 = CARTESIAN_POINT('',(49.031150344005,0.732487502597));
#1715 = CARTESIAN_POINT('',(49.175604699914,0.759267145535));
#1716 = CARTESIAN_POINT('',(49.46400864207,0.812732854785));
#1717 = CARTESIAN_POINT('',(49.608463004009,0.839512498841));
#1718 = CARTESIAN_POINT('',(49.752762629466,0.866263457105));
#1719 = CARTESIAN_POINT('',(49.896984489511,0.892999998841));
#1720 = CARTESIAN_POINT('',(50.04120635467,0.919736541528));
#1721 = CARTESIAN_POINT('',(50.185505988027,0.946487501255));
#1722 = CARTESIAN_POINT('',(50.329960353589,0.973267145983));
#1723 = CARTESIAN_POINT('',(50.474162321387,1.));
#1724 = ( GEOMETRIC_REPRESENTATION_CONTEXT(2) 
PARAMETRIC_REPRESENTATION_CONTEXT() REPRESENTATION_CONTEXT('2D SPACE',''
  ) );
#1725 = ORIENTED_EDGE('',*,*,#1084,.F.);
#1726 = ADVANCED_FACE('',(#1727),#351,.T.);
#1727 = FACE_BOUND('',#1728,.T.);
#1728 = EDGE_LOOP('',(#1729,#1750,#1858,#1859));
#1729 = ORIENTED_EDGE('',*,*,#1730,.T.);
#1730 = EDGE_CURVE('',#22,#1731,#1733,.T.);
#1731 = VERTEX_POINT('',#1732);
#1732 = CARTESIAN_POINT('',(13.104569497347,1.191253047317E-07,0.4375));
#1733 = SURFACE_CURVE('',#1734,(#1737,#1743),.PCURVE_S1.);
#1734 = B_SPLINE_CURVE_WITH_KNOTS('',1,(#1735,#1736),.UNSPECIFIED.,.F.,
  .F.,(2,2),(0.,1.),.PIECEWISE_BEZIER_KNOTS.);
#1735 = CARTESIAN_POINT('',(15.000000332859,5.21640408202E-07,
    1.5312499864));
#1736 = CARTESIAN_POINT('',(13.104569565472,2.382506094634E-07,0.4375));
#1737 = PCURVE('',#351,#1738);
#1738 = DEFINITIONAL_REPRESENTATION('',(#1739),#1742);
#1739 = B_SPLINE_CURVE_WITH_KNOTS('',1,(#1740,#1741),.UNSPECIFIED.,.F.,
  .F.,(2,2),(0.,1.),.PIECEWISE_BEZIER_KNOTS.);
#1740 = CARTESIAN_POINT('',(0.,1.));
#1741 = CARTESIAN_POINT('',(0.,0.));
#1742 = ( GEOMETRIC_REPRESENTATION_CONTEXT(2) 
PARAMETRIC_REPRESENTATION_CONTEXT() REPRESENTATION_CONTEXT('2D SPACE',''
  ) );
#1743 = PCURVE('',#1020,#1744);
#1744 = DEFINITIONAL_REPRESENTATION('',(#1745),#1749);
#1745 = LINE('',#1746,#1747);
#1746 = CARTESIAN_POINT('',(0.,0.));
#1747 = VECTOR('',#1748,1.);
#1748 = DIRECTION('',(0.,1.));
#1749 = ( GEOMETRIC_REPRESENTATION_CONTEXT(2) 
PARAMETRIC_REPRESENTATION_CONTEXT() REPRESENTATION_CONTEXT('2D SPACE',''
  ) );
#1750 = ORIENTED_EDGE('',*,*,#1751,.T.);
#1751 = EDGE_CURVE('',#1731,#1470,#1752,.T.);
#1752 = SURFACE_CURVE('',#1753,(#1844,#1851),.PCURVE_S1.);
#1753 = B_SPLINE_CURVE_WITH_KNOTS('',12,(#1754,#1755,#1756,#1757,#1758,
    #1759,#1760,#1761,#1762,#1763,#1764,#1765,#1766,#1767,#1768,#1769,
    #1770,#1771,#1772,#1773,#1774,#1775,#1776,#1777,#1778,#1779,#1780,
    #1781,#1782,#1783,#1784,#1785,#1786,#1787,#1788,#1789,#1790,#1791,
    #1792,#1793,#1794,#1795,#1796,#1797,#1798,#1799,#1800,#1801,#1802,
    #1803,#1804,#1805,#1806,#1807,#1808,#1809,#1810,#1811,#1812,#1813,
    #1814,#1815,#1816,#1817,#1818,#1819,#1820,#1821,#1822,#1823,#1824,
    #1825,#1826,#1827,#1828,#1829,#1830,#1831,#1832,#1833,#1834,#1835,
    #1836,#1837,#1838,#1839,#1840,#1841,#1842,#1843),.UNSPECIFIED.,.F.,
  .F.,(13,11,11,11,11,11,11,11,13),(0.,6.421649150304,12.843298300607,
    19.264947450911,25.686596601215,32.108245751518,38.529894901822,
    44.951544052126,51.37319320243),.UNSPECIFIED.);
#1754 = CARTESIAN_POINT('',(13.104569429222,8.881784197001E-16,0.4375));
#1755 = CARTESIAN_POINT('',(13.104569429223,6.126371882039,
    0.697916666666));
#1756 = CARTESIAN_POINT('',(9.980111601953,12.252713388343,
    0.958333333334));
#1757 = CARTESIAN_POINT('',(3.731362020784,16.626525640371,
    1.218749999997));
#1758 = CARTESIAN_POINT('',(-4.549999718676,17.49344098615,
    1.479166666672));
#1759 = CARTESIAN_POINT('',(-12.67549673948,13.871993026503,
    1.739583333325));
#1760 = CARTESIAN_POINT('',(-17.99082089943,6.295260504843,2.00000000001
    ));
#1761 = CARTESIAN_POINT('',(-18.55914859032,-2.942517922139,
    2.260416666658));
#1762 = CARTESIAN_POINT('',(-14.46431507956,-10.84004447661,
    2.52083333334));
#1763 = CARTESIAN_POINT('',(-7.449172876777,-15.3256073567,
    2.781249999997));
#1764 = CARTESIAN_POINT('',(0.16332360622,-15.80205487789,3.041666666668
    ));
#1765 = CARTESIAN_POINT('',(6.42583455311,-12.96035580755,3.302083333333
    ));
#1766 = CARTESIAN_POINT('',(14.065295334797,-3.380774986183,
    3.822916666667));
#1767 = CARTESIAN_POINT('',(15.442207291691,3.357059267419,4.08333333333
    ));
#1768 = CARTESIAN_POINT('',(13.283765477425,10.672675022743,
    4.343750000009));
#1769 = CARTESIAN_POINT('',(7.349649029044,16.513801322644,
    4.604166666649));
#1770 = CARTESIAN_POINT('',(-1.26105622343,18.748603823374,
    4.864583333359));
#1771 = CARTESIAN_POINT('',(-10.14075944974,16.138926210755,
    5.124999999973));
#1772 = CARTESIAN_POINT('',(-16.34475657201,9.270886728112,5.38541666669
    ));
#1773 = CARTESIAN_POINT('',(-18.06731408436,0.543264899734,
    5.645833333318));
#1774 = CARTESIAN_POINT('',(-15.37935776762,-7.337558998423,
    5.906250000007));
#1775 = CARTESIAN_POINT('',(-9.724728527599,-12.45637459412,
    6.166666666664));
#1776 = CARTESIAN_POINT('',(-3.05672991972,-14.13925650662,
    6.427083333334));
#1777 = CARTESIAN_POINT('',(8.888811976691,-11.41276452071,
    6.947916666667));
#1778 = CARTESIAN_POINT('',(14.166296036917,-7.00340414077,
    7.208333333333));
#1779 = CARTESIAN_POINT('',(17.039970091193,6.194102945389E-02,
    7.468750000001));
#1780 = CARTESIAN_POINT('',(16.04237371061,8.328578552447,7.729166666663
    ));
#1781 = CARTESIAN_POINT('',(10.703629826291,15.444504416274,
    7.989583333341));
#1782 = CARTESIAN_POINT('',(2.134090911449,18.940580704849,8.24999999999
    ));
#1783 = CARTESIAN_POINT('',(-6.998541932143,17.43906015092,
    8.510416666676));
#1784 = CARTESIAN_POINT('',(-13.78687483008,11.68952768053,
    8.770833333327));
#1785 = CARTESIAN_POINT('',(-16.59895928893,3.852138097811,
    9.031250000003));
#1786 = CARTESIAN_POINT('',(-15.36952144889,-3.675516752294,
    9.291666666666));
#1787 = CARTESIAN_POINT('',(-11.20552992238,-9.14867594359,
    9.552083333333));
#1788 = CARTESIAN_POINT('',(-0.166189244567,-14.46494222239,
    10.072916666667));
#1789 = CARTESIAN_POINT('',(6.709105171558,-14.30802295082,
    10.333333333333));
#1790 = CARTESIAN_POINT('',(13.361004677787,-10.57582012896,
    10.593750000001));
#1791 = CARTESIAN_POINT('',(17.73521661191,-3.490711489631,
    10.854166666665));
#1792 = CARTESIAN_POINT('',(17.997925773173,5.401395744151,
    11.114583333334));
#1793 = CARTESIAN_POINT('',(13.477758371795,13.477758371802,11.375));
#1794 = CARTESIAN_POINT('',(5.401395744159,17.997925773169,
    11.635416666665));
#1795 = CARTESIAN_POINT('',(-3.490711489637,17.735216611912,
    11.895833333335));
#1796 = CARTESIAN_POINT('',(-10.57582012896,13.361004677787,
    12.156249999998));
#1797 = CARTESIAN_POINT('',(-14.30802295082,6.709105171558,
    12.416666666668));
#1798 = CARTESIAN_POINT('',(-14.46494222239,-0.166189244566,
    12.677083333333));
#1799 = CARTESIAN_POINT('',(-9.14867594359,-11.20552992238,
    13.197916666668));
#1800 = CARTESIAN_POINT('',(-3.675516752292,-15.36952144889,
    13.458333333326));
#1801 = CARTESIAN_POINT('',(3.852138097804,-16.59895928894,
    13.718750000018));
#1802 = CARTESIAN_POINT('',(11.689527680546,-13.78687483006,
    13.979166666637));
#1803 = CARTESIAN_POINT('',(17.439060150895,-6.998541932162,
    14.239583333371));
#1804 = CARTESIAN_POINT('',(18.940580704877,2.134090911464,
    14.499999999964));
#1805 = CARTESIAN_POINT('',(15.444504416252,10.703629826284,
    14.760416666695));
#1806 = CARTESIAN_POINT('',(8.32857855246,16.042373710612,
    15.020833333316));
#1807 = CARTESIAN_POINT('',(6.19410294491E-02,17.039970091193,
    15.281250000008));
#1808 = CARTESIAN_POINT('',(-7.003404140769,14.166296036917,
    15.541666666664));
#1809 = CARTESIAN_POINT('',(-11.41276452071,8.888811976691,
    15.802083333334));
#1810 = CARTESIAN_POINT('',(-14.13925650662,-3.056729919719,
    16.322916666667));
#1811 = CARTESIAN_POINT('',(-12.45637459411,-9.724728527604,
    16.58333333333));
#1812 = CARTESIAN_POINT('',(-7.337558998457,-15.37935776761,
    16.843750000008));
#1813 = CARTESIAN_POINT('',(0.543264899804,-18.06731408439,
    17.104166666652));
#1814 = CARTESIAN_POINT('',(9.270886728007,-16.34475657197,
    17.364583333352));
#1815 = CARTESIAN_POINT('',(16.138926210875,-10.14075944978,
    17.624999999982));
#1816 = CARTESIAN_POINT('',(18.748603823267,-1.261056223387,
    17.885416666679));
#1817 = CARTESIAN_POINT('',(16.513801322718,7.349649029015,
    18.145833333327));
#1818 = CARTESIAN_POINT('',(10.672675022704,13.283765477439,
    18.406250000002));
#1819 = CARTESIAN_POINT('',(3.357059267433,15.442207291686,
    18.666666666667));
#1820 = CARTESIAN_POINT('',(-3.380774986185,14.065295334799,
    18.927083333333));
#1821 = CARTESIAN_POINT('',(-12.96035580755,6.425834553108,
    19.447916666667));
#1822 = CARTESIAN_POINT('',(-15.80205487789,0.163323606229,
    19.708333333331));
#1823 = CARTESIAN_POINT('',(-15.3256073567,-7.4491728768,19.968750000007
    ));
#1824 = CARTESIAN_POINT('',(-10.84004447662,-14.46431507952,
    20.229166666652));
#1825 = CARTESIAN_POINT('',(-2.942517922129,-18.55914859039,
    20.489583333355));
#1826 = CARTESIAN_POINT('',(6.295260504831,-17.99082089935,
    20.749999999975));
#1827 = CARTESIAN_POINT('',(13.871993026515,-12.67549673954,
    21.01041666669));
#1828 = CARTESIAN_POINT('',(17.493440986141,-4.549999718632,
    21.270833333317));
#1829 = CARTESIAN_POINT('',(16.626525640375,3.731362020762,
    21.531250000009));
#1830 = CARTESIAN_POINT('',(12.252713388342,9.980111601962,
    21.791666666663));
#1831 = CARTESIAN_POINT('',(6.126371882039,13.104569429221,
    22.052083333334));
#1832 = CARTESIAN_POINT('',(-6.126371882039,13.104569429222,
    22.572916666666));
#1833 = CARTESIAN_POINT('',(-12.25271338834,9.980111601958,
    22.833333333338));
#1834 = CARTESIAN_POINT('',(-16.62652564038,3.731362020771,
    23.093749999988));
#1835 = CARTESIAN_POINT('',(-17.49344098612,-4.549999718648,
    23.354166666688));
#1836 = CARTESIAN_POINT('',(-13.87199302653,-12.67549673953,
    23.614583333303));
#1837 = CARTESIAN_POINT('',(-6.295260504803,-17.99082089937,
    23.875000000033));
#1838 = CARTESIAN_POINT('',(2.942517922105,-18.55914859038,
    24.135416666638));
#1839 = CARTESIAN_POINT('',(10.840044476633,-14.46431507953,
    24.395833333354));
#1840 = CARTESIAN_POINT('',(15.325607356695,-7.449172876794,
    24.656249999989));
#1841 = CARTESIAN_POINT('',(15.802054877899,0.163323606226,
    24.916666666671));
#1842 = CARTESIAN_POINT('',(12.960355807554,6.425834553109,
    25.177083333332));
#1843 = CARTESIAN_POINT('',(8.170565396869,10.245564943953,25.4375));
#1844 = PCURVE('',#351,#1845);
#1845 = DEFINITIONAL_REPRESENTATION('',(#1846),#1850);
#1846 = LINE('',#1847,#1848);
#1847 = CARTESIAN_POINT('',(0.,0.));
#1848 = VECTOR('',#1849,1.);
#1849 = DIRECTION('',(1.,0.));
#1850 = ( GEOMETRIC_REPRESENTATION_CONTEXT(2) 
PARAMETRIC_REPRESENTATION_CONTEXT() REPRESENTATION_CONTEXT('2D SPACE',''
  ) );
#1851 = PCURVE('',#1277,#1852);
#1852 = DEFINITIONAL_REPRESENTATION('',(#1853),#1857);
#1853 = LINE('',#1854,#1855);
#1854 = CARTESIAN_POINT('',(0.,1.));
#1855 = VECTOR('',#1856,1.);
#1856 = DIRECTION('',(1.,0.));
#1857 = ( GEOMETRIC_REPRESENTATION_CONTEXT(2) 
PARAMETRIC_REPRESENTATION_CONTEXT() REPRESENTATION_CONTEXT('2D SPACE',''
  ) );
#1858 = ORIENTED_EDGE('',*,*,#1469,.T.);
#1859 = ORIENTED_EDGE('',*,*,#248,.F.);
#1860 = ADVANCED_FACE('',(#1861),#916,.T.);
#1861 = FACE_BOUND('',#1862,.T.);
#1862 = EDGE_LOOP('',(#1863,#1892,#1893));
#1863 = ORIENTED_EDGE('',*,*,#1864,.T.);
#1864 = EDGE_CURVE('',#1063,#893,#1865,.T.);
#1865 = SURFACE_CURVE('',#1866,(#1878,#1885),.PCURVE_S1.);
#1866 = B_SPLINE_CURVE_WITH_KNOTS('',6,(#1867,#1868,#1869,#1870,#1871,
    #1872,#1873,#1874,#1875,#1876,#1877),.UNSPECIFIED.,.F.,.F.,(7,4,7),(
    0.,0.5,1.),.UNSPECIFIED.);
#1867 = CARTESIAN_POINT('',(13.104569565474,2.382512702681E-07,3.0625));
#1868 = CARTESIAN_POINT('',(13.104568398863,-1.715386037415,2.8984375));
#1869 = CARTESIAN_POINT('',(12.835120804464,-3.430761588009,2.734375));
#1870 = CARTESIAN_POINT('',(12.296207422075,-5.093260542934,2.5703125));
#1871 = CARTESIAN_POINT('',(11.501718218349,-6.649880231632,2.40625));
#1872 = CARTESIAN_POINT('',(9.456860539505,-9.456860539509,2.078125));
#1873 = CARTESIAN_POINT('',(6.649880231634,-11.50171821834,1.75));
#1874 = CARTESIAN_POINT('',(5.093260542931,-12.29620742208,1.5859375));
#1875 = CARTESIAN_POINT('',(3.430761588011,-12.83512080445,1.421875));
#1876 = CARTESIAN_POINT('',(1.715386037414,-13.10456839886,1.2578125));
#1877 = CARTESIAN_POINT('',(-2.382511574694E-07,-13.10456956547,1.09375)
  );
#1878 = PCURVE('',#916,#1879);
#1879 = DEFINITIONAL_REPRESENTATION('',(#1880),#1884);
#1880 = LINE('',#1881,#1882);
#1881 = CARTESIAN_POINT('',(0.,0.));
#1882 = VECTOR('',#1883,1.);
#1883 = DIRECTION('',(1.,0.));
#1884 = ( GEOMETRIC_REPRESENTATION_CONTEXT(2) 
PARAMETRIC_REPRESENTATION_CONTEXT() REPRESENTATION_CONTEXT('2D SPACE',''
  ) );
#1885 = PCURVE('',#968,#1886);
#1886 = DEFINITIONAL_REPRESENTATION('',(#1887),#1891);
#1887 = LINE('',#1888,#1889);
#1888 = CARTESIAN_POINT('',(0.,1.));
#1889 = VECTOR('',#1890,1.);
#1890 = DIRECTION('',(1.,0.));
#1891 = ( GEOMETRIC_REPRESENTATION_CONTEXT(2) 
PARAMETRIC_REPRESENTATION_CONTEXT() REPRESENTATION_CONTEXT('2D SPACE',''
  ) );
#1892 = ORIENTED_EDGE('',*,*,#892,.F.);
#1893 = ORIENTED_EDGE('',*,*,#1062,.F.);
#1894 = ADVANCED_FACE('',(#1895),#968,.T.);
#1895 = FACE_BOUND('',#1896,.T.);
#1896 = EDGE_LOOP('',(#1897,#1926,#1927,#1928));
#1897 = ORIENTED_EDGE('',*,*,#1898,.T.);
#1898 = EDGE_CURVE('',#1731,#955,#1899,.T.);
#1899 = SURFACE_CURVE('',#1900,(#1912,#1919),.PCURVE_S1.);
#1900 = B_SPLINE_CURVE_WITH_KNOTS('',6,(#1901,#1902,#1903,#1904,#1905,
    #1906,#1907,#1908,#1909,#1910,#1911),.UNSPECIFIED.,.F.,.F.,(7,4,7),(
    0.,0.5,1.),.UNSPECIFIED.);
#1901 = CARTESIAN_POINT('',(13.104569565472,2.382506094634E-07,0.4375));
#1902 = CARTESIAN_POINT('',(13.104568398872,-1.715386037412,
    0.455729166667));
#1903 = CARTESIAN_POINT('',(12.835120804449,-3.430761588013,
    0.473958333333));
#1904 = CARTESIAN_POINT('',(12.296207422088,-5.093260542931,0.4921875));
#1905 = CARTESIAN_POINT('',(11.501718218345,-6.649880231632,
    0.510416666667));
#1906 = CARTESIAN_POINT('',(9.456860539509,-9.456860539509,0.546875));
#1907 = CARTESIAN_POINT('',(6.649880231632,-11.50171821834,
    0.583333333333));
#1908 = CARTESIAN_POINT('',(5.093260542933,-12.29620742208,0.6015625));
#1909 = CARTESIAN_POINT('',(3.43076158801,-12.83512080445,0.619791666667
    ));
#1910 = CARTESIAN_POINT('',(1.715386037414,-13.10456839886,
    0.638020833333));
#1911 = CARTESIAN_POINT('',(-2.382509975973E-07,-13.10456956547,0.65625)
  );
#1912 = PCURVE('',#968,#1913);
#1913 = DEFINITIONAL_REPRESENTATION('',(#1914),#1918);
#1914 = LINE('',#1915,#1916);
#1915 = CARTESIAN_POINT('',(0.,0.));
#1916 = VECTOR('',#1917,1.);
#1917 = DIRECTION('',(1.,0.));
#1918 = ( GEOMETRIC_REPRESENTATION_CONTEXT(2) 
PARAMETRIC_REPRESENTATION_CONTEXT() REPRESENTATION_CONTEXT('2D SPACE',''
  ) );
#1919 = PCURVE('',#1020,#1920);
#1920 = DEFINITIONAL_REPRESENTATION('',(#1921),#1925);
#1921 = LINE('',#1922,#1923);
#1922 = CARTESIAN_POINT('',(0.,1.));
#1923 = VECTOR('',#1924,1.);
#1924 = DIRECTION('',(1.,0.));
#1925 = ( GEOMETRIC_REPRESENTATION_CONTEXT(2) 
PARAMETRIC_REPRESENTATION_CONTEXT() REPRESENTATION_CONTEXT('2D SPACE',''
  ) );
#1926 = ORIENTED_EDGE('',*,*,#954,.T.);
#1927 = ORIENTED_EDGE('',*,*,#1864,.F.);
#1928 = ORIENTED_EDGE('',*,*,#1929,.F.);
#1929 = EDGE_CURVE('',#1731,#1063,#1930,.T.);
#1930 = SURFACE_CURVE('',#1931,(#1934,#1941),.PCURVE_S1.);
#1931 = B_SPLINE_CURVE_WITH_KNOTS('',1,(#1932,#1933),.UNSPECIFIED.,.F.,
  .F.,(2,2),(0.,1.),.PIECEWISE_BEZIER_KNOTS.);
#1932 = CARTESIAN_POINT('',(13.104569565472,2.382506094634E-07,0.4375));
#1933 = CARTESIAN_POINT('',(13.104569565474,2.382512702681E-07,3.0625));
#1934 = PCURVE('',#968,#1935);
#1935 = DEFINITIONAL_REPRESENTATION('',(#1936),#1940);
#1936 = LINE('',#1937,#1938);
#1937 = CARTESIAN_POINT('',(0.,0.));
#1938 = VECTOR('',#1939,1.);
#1939 = DIRECTION('',(0.,1.));
#1940 = ( GEOMETRIC_REPRESENTATION_CONTEXT(2) 
PARAMETRIC_REPRESENTATION_CONTEXT() REPRESENTATION_CONTEXT('2D SPACE',''
  ) );
#1941 = PCURVE('',#1277,#1942);
#1942 = DEFINITIONAL_REPRESENTATION('',(#1943),#1946);
#1943 = B_SPLINE_CURVE_WITH_KNOTS('',1,(#1944,#1945),.UNSPECIFIED.,.F.,
  .F.,(2,2),(0.,1.),.PIECEWISE_BEZIER_KNOTS.);
#1944 = CARTESIAN_POINT('',(0.,1.));
#1945 = CARTESIAN_POINT('',(0.,0.));
#1946 = ( GEOMETRIC_REPRESENTATION_CONTEXT(2) 
PARAMETRIC_REPRESENTATION_CONTEXT() REPRESENTATION_CONTEXT('2D SPACE',''
  ) );
#1947 = ADVANCED_FACE('',(#1948),#1020,.T.);
#1948 = FACE_BOUND('',#1949,.T.);
#1949 = EDGE_LOOP('',(#1950,#1951,#1952));
#1950 = ORIENTED_EDGE('',*,*,#998,.T.);
#1951 = ORIENTED_EDGE('',*,*,#1898,.F.);
#1952 = ORIENTED_EDGE('',*,*,#1730,.F.);
#1953 = ADVANCED_FACE('',(#1954),#1277,.T.);
#1954 = FACE_BOUND('',#1955,.T.);
#1955 = EDGE_LOOP('',(#1956,#1957,#1958,#1959));
#1956 = ORIENTED_EDGE('',*,*,#1929,.T.);
#1957 = ORIENTED_EDGE('',*,*,#1176,.T.);
#1958 = ORIENTED_EDGE('',*,*,#1561,.T.);
#1959 = ORIENTED_EDGE('',*,*,#1751,.F.);
#1960 = ( GEOMETRIC_REPRESENTATION_CONTEXT(3) 
GLOBAL_UNCERTAINTY_ASSIGNED_CONTEXT((#1964)) 
GLOBAL_UNIT_ASSIGNED_CONTEXT((#1961,#1962,#1963)) REPRESENTATION_CONTEXT
('Context #1','3D Context with UNIT and UNCERTAINTY') );
#1961 = ( LENGTH_UNIT() NAMED_UNIT(*) SI_UNIT(.MILLI.,.METRE.) );
#1962 = ( NAMED_UNIT(*) PLANE_ANGLE_UNIT() SI_UNIT($,.RADIAN.) );
#1963 = ( NAMED_UNIT(*) SI_UNIT($,.STERADIAN.) SOLID_ANGLE_UNIT() );
#1964 = UNCERTAINTY_MEASURE_WITH_UNIT(LENGTH_MEASURE(2.E-06),#1961,
  'distance_accuracy_value','confusion accuracy');
#1965 = PRODUCT_RELATED_PRODUCT_CATEGORY('part',$,(#7));
ENDSEC;
END-ISO-10303-21;
