ISO-10303-21;
HEADER;
FILE_DESCRIPTION(('Open CASCADE Model'),'2;1');
FILE_NAME('Open CASCADE Shape Model','2026-09-14T12:39:48',('Author'),(
    'Open CASCADE'),'Open CASCADE STEP processor 7.9','Open CASCADE 7.9'
  ,'Unknown');
FILE_SCHEMA(('AUTOMOTIVE_DESIGN { 1 0 10303 214 1 1 1 1 }'));
ENDSEC;
DATA;
#1 = APPLICATION_PROTOCOL_DEFINITION('international standard',
  'automotive_design',2000,#2);
#2 = APPLICATION_CONTEXT(
  'core data for automotive mechanical design processes');
#3 = SHAPE_DEFINITION_REPRESENTATION(#4,#10);
#4 = PRODUCT_DEFINITION_SHAPE('','',#5);
#5 = PRODUCT_DEFINITION('design','',#6,#9);
#6 = PRODUCT_DEFINITION_FORMATION('','',#7);
#7 = PRODUCT('Open CASCADE STEP translator 7.9 2',
  'Open CASCADE STEP translator 7.9 2','',(#8));
#8 = PRODUCT_CONTEXT('',#2,'mechanical');
#9 = PRODUCT_DEFINITION_CONTEXT('part definition',#2,'design');
#10 = ADVANCED_BREP_SHAPE_REPRESENTATION('',(#11,#15),#1825);
#11 = AXIS2_PLACEMENT_3D('',#12,#13,#14);
#12 = CARTESIAN_POINT('',(0.,0.,0.));
#13 = DIRECTION('',(0.,0.,1.));
#14 = DIRECTION('',(1.,0.,-0.));
#15 = MANIFOLD_SOLID_BREP('',#16);
#16 = CLOSED_SHELL('',(#17,#234,#289,#469,#566,#697,#773,#909,#985,#1121
    ,#1197,#1333,#1409,#1545,#1616,#1720,#1748,#1755,#1762,#1769,#1776,
    #1783,#1790,#1797,#1804,#1811,#1818));
#17 = ADVANCED_FACE('',(#18,#203),#33,.F.);
#18 = FACE_BOUND('',#19,.T.);
#19 = EDGE_LOOP('',(#20,#60,#89,#118,#147,#176));
#20 = ORIENTED_EDGE('',*,*,#21,.T.);
#21 = EDGE_CURVE('',#22,#24,#26,.T.);
#22 = VERTEX_POINT('',#23);
#23 = CARTESIAN_POINT('',(2.381569853846,1.375000011364,0.));
#24 = VERTEX_POINT('',#25);
#25 = CARTESIAN_POINT('',(2.381569864962,-1.37499999211,0.));
#26 = SURFACE_CURVE('',#27,(#32,#48),.PCURVE_S1.);
#27 = CIRCLE('',#28,2.75);
#28 = AXIS2_PLACEMENT_3D('',#29,#30,#31);
#29 = CARTESIAN_POINT('',(0.,0.,0.));
#30 = DIRECTION('',(0.,0.,-1.));
#31 = DIRECTION('',(0.866025401399,0.500000004133,0.));
#32 = PCURVE('',#33,#38);
#33 = PLANE('',#34);
#34 = AXIS2_PLACEMENT_3D('',#35,#36,#37);
#35 = CARTESIAN_POINT('',(0.,0.,0.));
#36 = DIRECTION('',(0.,0.,1.));
#37 = DIRECTION('',(1.,0.,-0.));
#38 = DEFINITIONAL_REPRESENTATION('',(#39),#47);
#39 = ( BOUNDED_CURVE() B_SPLINE_CURVE(2,(#40,#41,#42,#43,#44,#45,#46),
.UNSPECIFIED.,.T.,.F.) B_SPLINE_CURVE_WITH_KNOTS((1,2,2,2,2,1),(
    -2.094395102393,0.,2.094395102393,4.188790204786,6.28318530718,
8.377580409573),.UNSPECIFIED.) CURVE() GEOMETRIC_REPRESENTATION_ITEM() 
RATIONAL_B_SPLINE_CURVE((1.,0.5,1.,0.5,1.,0.5,1.)) REPRESENTATION_ITEM(
  '') );
#40 = CARTESIAN_POINT('',(2.381569853846,1.375000011364));
#41 = CARTESIAN_POINT('',(4.763139733937,-2.749999977271));
#42 = CARTESIAN_POINT('',(1.31225346145E-08,-2.75));
#43 = CARTESIAN_POINT('',(-4.763139707692,-2.750000022729));
#44 = CARTESIAN_POINT('',(-2.381569866968,1.374999988636));
#45 = CARTESIAN_POINT('',(-2.624507233762E-08,5.5));
#46 = CARTESIAN_POINT('',(2.381569853846,1.375000011364));
#47 = ( GEOMETRIC_REPRESENTATION_CONTEXT(2) 
PARAMETRIC_REPRESENTATION_CONTEXT() REPRESENTATION_CONTEXT('2D SPACE',''
  ) );
#48 = PCURVE('',#49,#54);
#49 = CONICAL_SURFACE('',#50,2.75,1.308408001851);
#50 = AXIS2_PLACEMENT_3D('',#51,#52,#53);
#51 = CARTESIAN_POINT('',(0.,0.,0.));
#52 = DIRECTION('',(0.,0.,1.));
#53 = DIRECTION('',(1.,0.,-0.));
#54 = DEFINITIONAL_REPRESENTATION('',(#55),#59);
#55 = LINE('',#56,#57);
#56 = CARTESIAN_POINT('',(6.80678408755,0.));
#57 = VECTOR('',#58,1.);
#58 = DIRECTION('',(-1.,-0.));
#59 = ( GEOMETRIC_REPRESENTATION_CONTEXT(2) 
PARAMETRIC_REPRESENTATION_CONTEXT() REPRESENTATION_CONTEXT('2D SPACE',''
  ) );
#60 = ORIENTED_EDGE('',*,*,#61,.F.);
#61 = EDGE_CURVE('',#62,#24,#64,.T.);
#62 = VERTEX_POINT('',#63);
#63 = CARTESIAN_POINT('',(1.778271897476E-13,-2.75,0.));
#64 = SURFACE_CURVE('',#65,(#70,#77),.PCURVE_S1.);
#65 = CIRCLE('',#66,2.75);
#66 = AXIS2_PLACEMENT_3D('',#67,#68,#69);
#67 = CARTESIAN_POINT('',(0.,0.,0.));
#68 = DIRECTION('',(0.,0.,1.));
#69 = DIRECTION('',(1.,0.,-0.));
#70 = PCURVE('',#33,#71);
#71 = DEFINITIONAL_REPRESENTATION('',(#72),#76);
#72 = CIRCLE('',#73,2.75);
#73 = AXIS2_PLACEMENT_2D('',#74,#75);
#74 = CARTESIAN_POINT('',(0.,0.));
#75 = DIRECTION('',(1.,-0.));
#76 = ( GEOMETRIC_REPRESENTATION_CONTEXT(2) 
PARAMETRIC_REPRESENTATION_CONTEXT() REPRESENTATION_CONTEXT('2D SPACE',''
  ) );
#77 = PCURVE('',#78,#83);
#78 = CONICAL_SURFACE('',#79,2.75,1.308408001851);
#79 = AXIS2_PLACEMENT_3D('',#80,#81,#82);
#80 = CARTESIAN_POINT('',(0.,0.,0.));
#81 = DIRECTION('',(0.,0.,1.));
#82 = DIRECTION('',(1.,0.,-0.));
#83 = DEFINITIONAL_REPRESENTATION('',(#84),#88);
#84 = LINE('',#85,#86);
#85 = CARTESIAN_POINT('',(0.,0.));
#86 = VECTOR('',#87,1.);
#87 = DIRECTION('',(1.,0.));
#88 = ( GEOMETRIC_REPRESENTATION_CONTEXT(2) 
PARAMETRIC_REPRESENTATION_CONTEXT() REPRESENTATION_CONTEXT('2D SPACE',''
  ) );
#89 = ORIENTED_EDGE('',*,*,#90,.F.);
#90 = EDGE_CURVE('',#91,#62,#93,.T.);
#91 = VERTEX_POINT('',#92);
#92 = CARTESIAN_POINT('',(-2.381569853846,-1.375000011364,0.));
#93 = SURFACE_CURVE('',#94,(#99,#106),.PCURVE_S1.);
#94 = CIRCLE('',#95,2.75);
#95 = AXIS2_PLACEMENT_3D('',#96,#97,#98);
#96 = CARTESIAN_POINT('',(0.,0.,0.));
#97 = DIRECTION('',(0.,0.,1.));
#98 = DIRECTION('',(1.,0.,-0.));
#99 = PCURVE('',#33,#100);
#100 = DEFINITIONAL_REPRESENTATION('',(#101),#105);
#101 = CIRCLE('',#102,2.75);
#102 = AXIS2_PLACEMENT_2D('',#103,#104);
#103 = CARTESIAN_POINT('',(0.,0.));
#104 = DIRECTION('',(1.,-0.));
#105 = ( GEOMETRIC_REPRESENTATION_CONTEXT(2) 
PARAMETRIC_REPRESENTATION_CONTEXT() REPRESENTATION_CONTEXT('2D SPACE',''
  ) );
#106 = PCURVE('',#107,#112);
#107 = CONICAL_SURFACE('',#108,2.75,1.308408001851);
#108 = AXIS2_PLACEMENT_3D('',#109,#110,#111);
#109 = CARTESIAN_POINT('',(0.,0.,0.));
#110 = DIRECTION('',(0.,0.,1.));
#111 = DIRECTION('',(1.,0.,-0.));
#112 = DEFINITIONAL_REPRESENTATION('',(#113),#117);
#113 = LINE('',#114,#115);
#114 = CARTESIAN_POINT('',(0.,0.));
#115 = VECTOR('',#116,1.);
#116 = DIRECTION('',(1.,0.));
#117 = ( GEOMETRIC_REPRESENTATION_CONTEXT(2) 
PARAMETRIC_REPRESENTATION_CONTEXT() REPRESENTATION_CONTEXT('2D SPACE',''
  ) );
#118 = ORIENTED_EDGE('',*,*,#119,.F.);
#119 = EDGE_CURVE('',#120,#91,#122,.T.);
#120 = VERTEX_POINT('',#121);
#121 = CARTESIAN_POINT('',(-2.381569860716,1.374999999465,0.));
#122 = SURFACE_CURVE('',#123,(#128,#135),.PCURVE_S1.);
#123 = CIRCLE('',#124,2.75);
#124 = AXIS2_PLACEMENT_3D('',#125,#126,#127);
#125 = CARTESIAN_POINT('',(0.,0.,0.));
#126 = DIRECTION('',(0.,0.,1.));
#127 = DIRECTION('',(1.,0.,-0.));
#128 = PCURVE('',#33,#129);
#129 = DEFINITIONAL_REPRESENTATION('',(#130),#134);
#130 = CIRCLE('',#131,2.75);
#131 = AXIS2_PLACEMENT_2D('',#132,#133);
#132 = CARTESIAN_POINT('',(0.,0.));
#133 = DIRECTION('',(1.,-0.));
#134 = ( GEOMETRIC_REPRESENTATION_CONTEXT(2) 
PARAMETRIC_REPRESENTATION_CONTEXT() REPRESENTATION_CONTEXT('2D SPACE',''
  ) );
#135 = PCURVE('',#136,#141);
#136 = CONICAL_SURFACE('',#137,2.75,1.308408001851);
#137 = AXIS2_PLACEMENT_3D('',#138,#139,#140);
#138 = CARTESIAN_POINT('',(0.,0.,0.));
#139 = DIRECTION('',(0.,0.,1.));
#140 = DIRECTION('',(1.,0.,-0.));
#141 = DEFINITIONAL_REPRESENTATION('',(#142),#146);
#142 = LINE('',#143,#144);
#143 = CARTESIAN_POINT('',(0.,0.));
#144 = VECTOR('',#145,1.);
#145 = DIRECTION('',(1.,0.));
#146 = ( GEOMETRIC_REPRESENTATION_CONTEXT(2) 
PARAMETRIC_REPRESENTATION_CONTEXT() REPRESENTATION_CONTEXT('2D SPACE',''
  ) );
#147 = ORIENTED_EDGE('',*,*,#148,.F.);
#148 = EDGE_CURVE('',#149,#120,#151,.T.);
#149 = VERTEX_POINT('',#150);
#150 = CARTESIAN_POINT('',(-2.428881144718E-13,2.75,0.));
#151 = SURFACE_CURVE('',#152,(#157,#164),.PCURVE_S1.);
#152 = CIRCLE('',#153,2.75);
#153 = AXIS2_PLACEMENT_3D('',#154,#155,#156);
#154 = CARTESIAN_POINT('',(0.,0.,0.));
#155 = DIRECTION('',(0.,0.,1.));
#156 = DIRECTION('',(1.,0.,-0.));
#157 = PCURVE('',#33,#158);
#158 = DEFINITIONAL_REPRESENTATION('',(#159),#163);
#159 = CIRCLE('',#160,2.75);
#160 = AXIS2_PLACEMENT_2D('',#161,#162);
#161 = CARTESIAN_POINT('',(0.,0.));
#162 = DIRECTION('',(1.,-0.));
#163 = ( GEOMETRIC_REPRESENTATION_CONTEXT(2) 
PARAMETRIC_REPRESENTATION_CONTEXT() REPRESENTATION_CONTEXT('2D SPACE',''
  ) );
#164 = PCURVE('',#165,#170);
#165 = CONICAL_SURFACE('',#166,2.75,1.308408001851);
#166 = AXIS2_PLACEMENT_3D('',#167,#168,#169);
#167 = CARTESIAN_POINT('',(0.,0.,0.));
#168 = DIRECTION('',(0.,0.,1.));
#169 = DIRECTION('',(1.,0.,-0.));
#170 = DEFINITIONAL_REPRESENTATION('',(#171),#175);
#171 = LINE('',#172,#173);
#172 = CARTESIAN_POINT('',(0.,0.));
#173 = VECTOR('',#174,1.);
#174 = DIRECTION('',(1.,0.));
#175 = ( GEOMETRIC_REPRESENTATION_CONTEXT(2) 
PARAMETRIC_REPRESENTATION_CONTEXT() REPRESENTATION_CONTEXT('2D SPACE',''
  ) );
#176 = ORIENTED_EDGE('',*,*,#177,.F.);
#177 = EDGE_CURVE('',#22,#149,#178,.T.);
#178 = SURFACE_CURVE('',#179,(#184,#191),.PCURVE_S1.);
#179 = CIRCLE('',#180,2.75);
#180 = AXIS2_PLACEMENT_3D('',#181,#182,#183);
#181 = CARTESIAN_POINT('',(0.,0.,0.));
#182 = DIRECTION('',(0.,0.,1.));
#183 = DIRECTION('',(1.,0.,-0.));
#184 = PCURVE('',#33,#185);
#185 = DEFINITIONAL_REPRESENTATION('',(#186),#190);
#186 = CIRCLE('',#187,2.75);
#187 = AXIS2_PLACEMENT_2D('',#188,#189);
#188 = CARTESIAN_POINT('',(0.,0.));
#189 = DIRECTION('',(1.,-0.));
#190 = ( GEOMETRIC_REPRESENTATION_CONTEXT(2) 
PARAMETRIC_REPRESENTATION_CONTEXT() REPRESENTATION_CONTEXT('2D SPACE',''
  ) );
#191 = PCURVE('',#192,#197);
#192 = CONICAL_SURFACE('',#193,2.75,1.308408001851);
#193 = AXIS2_PLACEMENT_3D('',#194,#195,#196);
#194 = CARTESIAN_POINT('',(0.,0.,0.));
#195 = DIRECTION('',(0.,0.,1.));
#196 = DIRECTION('',(1.,0.,-0.));
#197 = DEFINITIONAL_REPRESENTATION('',(#198),#202);
#198 = LINE('',#199,#200);
#199 = CARTESIAN_POINT('',(0.,0.));
#200 = VECTOR('',#201,1.);
#201 = DIRECTION('',(1.,0.));
#202 = ( GEOMETRIC_REPRESENTATION_CONTEXT(2) 
PARAMETRIC_REPRESENTATION_CONTEXT() REPRESENTATION_CONTEXT('2D SPACE',''
  ) );
#203 = FACE_BOUND('',#204,.T.);
#204 = EDGE_LOOP('',(#205));
#205 = ORIENTED_EDGE('',*,*,#206,.T.);
#206 = EDGE_CURVE('',#207,#207,#209,.T.);
#207 = VERTEX_POINT('',#208);
#208 = CARTESIAN_POINT('',(-1.5,3.673940397442E-16,0.));
#209 = SURFACE_CURVE('',#210,(#215,#222),.PCURVE_S1.);
#210 = CIRCLE('',#211,1.5);
#211 = AXIS2_PLACEMENT_3D('',#212,#213,#214);
#212 = CARTESIAN_POINT('',(0.,0.,0.));
#213 = DIRECTION('',(0.,0.,1.));
#214 = DIRECTION('',(-1.,0.,0.));
#215 = PCURVE('',#33,#216);
#216 = DEFINITIONAL_REPRESENTATION('',(#217),#221);
#217 = CIRCLE('',#218,1.5);
#218 = AXIS2_PLACEMENT_2D('',#219,#220);
#219 = CARTESIAN_POINT('',(0.,0.));
#220 = DIRECTION('',(-1.,0.));
#221 = ( GEOMETRIC_REPRESENTATION_CONTEXT(2) 
PARAMETRIC_REPRESENTATION_CONTEXT() REPRESENTATION_CONTEXT('2D SPACE',''
  ) );
#222 = PCURVE('',#223,#228);
#223 = CYLINDRICAL_SURFACE('',#224,1.5);
#224 = AXIS2_PLACEMENT_3D('',#225,#226,#227);
#225 = CARTESIAN_POINT('',(0.,0.,0.));
#226 = DIRECTION('',(0.,0.,1.));
#227 = DIRECTION('',(-1.,0.,0.));
#228 = DEFINITIONAL_REPRESENTATION('',(#229),#233);
#229 = LINE('',#230,#231);
#230 = CARTESIAN_POINT('',(0.,0.));
#231 = VECTOR('',#232,1.);
#232 = DIRECTION('',(1.,0.));
#233 = ( GEOMETRIC_REPRESENTATION_CONTEXT(2) 
PARAMETRIC_REPRESENTATION_CONTEXT() REPRESENTATION_CONTEXT('2D SPACE',''
  ) );
#234 = ADVANCED_FACE('',(#235),#223,.F.);
#235 = FACE_BOUND('',#236,.F.);
#236 = EDGE_LOOP('',(#237,#266,#287,#288));
#237 = ORIENTED_EDGE('',*,*,#238,.F.);
#238 = EDGE_CURVE('',#239,#239,#241,.T.);
#239 = VERTEX_POINT('',#240);
#240 = CARTESIAN_POINT('',(-1.5,3.673940397442E-16,2.4));
#241 = SURFACE_CURVE('',#242,(#247,#254),.PCURVE_S1.);
#242 = CIRCLE('',#243,1.5);
#243 = AXIS2_PLACEMENT_3D('',#244,#245,#246);
#244 = CARTESIAN_POINT('',(0.,0.,2.4));
#245 = DIRECTION('',(0.,0.,1.));
#246 = DIRECTION('',(-1.,0.,0.));
#247 = PCURVE('',#223,#248);
#248 = DEFINITIONAL_REPRESENTATION('',(#249),#253);
#249 = LINE('',#250,#251);
#250 = CARTESIAN_POINT('',(0.,2.4));
#251 = VECTOR('',#252,1.);
#252 = DIRECTION('',(1.,0.));
#253 = ( GEOMETRIC_REPRESENTATION_CONTEXT(2) 
PARAMETRIC_REPRESENTATION_CONTEXT() REPRESENTATION_CONTEXT('2D SPACE',''
  ) );
#254 = PCURVE('',#255,#260);
#255 = PLANE('',#256);
#256 = AXIS2_PLACEMENT_3D('',#257,#258,#259);
#257 = CARTESIAN_POINT('',(0.,0.,2.4));
#258 = DIRECTION('',(0.,0.,1.));
#259 = DIRECTION('',(1.,0.,-0.));
#260 = DEFINITIONAL_REPRESENTATION('',(#261),#265);
#261 = CIRCLE('',#262,1.5);
#262 = AXIS2_PLACEMENT_2D('',#263,#264);
#263 = CARTESIAN_POINT('',(0.,0.));
#264 = DIRECTION('',(-1.,0.));
#265 = ( GEOMETRIC_REPRESENTATION_CONTEXT(2) 
PARAMETRIC_REPRESENTATION_CONTEXT() REPRESENTATION_CONTEXT('2D SPACE',''
  ) );
#266 = ORIENTED_EDGE('',*,*,#267,.F.);
#267 = EDGE_CURVE('',#207,#239,#268,.T.);
#268 = SEAM_CURVE('',#269,(#273,#280),.PCURVE_S1.);
#269 = LINE('',#270,#271);
#270 = CARTESIAN_POINT('',(-1.5,3.673940397442E-16,0.));
#271 = VECTOR('',#272,1.);
#272 = DIRECTION('',(0.,0.,1.));
#273 = PCURVE('',#223,#274);
#274 = DEFINITIONAL_REPRESENTATION('',(#275),#279);
#275 = LINE('',#276,#277);
#276 = CARTESIAN_POINT('',(6.28318530718,-0.));
#277 = VECTOR('',#278,1.);
#278 = DIRECTION('',(0.,1.));
#279 = ( GEOMETRIC_REPRESENTATION_CONTEXT(2) 
PARAMETRIC_REPRESENTATION_CONTEXT() REPRESENTATION_CONTEXT('2D SPACE',''
  ) );
#280 = PCURVE('',#223,#281);
#281 = DEFINITIONAL_REPRESENTATION('',(#282),#286);
#282 = LINE('',#283,#284);
#283 = CARTESIAN_POINT('',(0.,-0.));
#284 = VECTOR('',#285,1.);
#285 = DIRECTION('',(0.,1.));
#286 = ( GEOMETRIC_REPRESENTATION_CONTEXT(2) 
PARAMETRIC_REPRESENTATION_CONTEXT() REPRESENTATION_CONTEXT('2D SPACE',''
  ) );
#287 = ORIENTED_EDGE('',*,*,#206,.T.);
#288 = ORIENTED_EDGE('',*,*,#267,.T.);
#289 = ADVANCED_FACE('',(#290,#466),#255,.T.);
#290 = FACE_BOUND('',#291,.T.);
#291 = EDGE_LOOP('',(#292,#323,#352,#381,#410,#439));
#292 = ORIENTED_EDGE('',*,*,#293,.T.);
#293 = EDGE_CURVE('',#294,#296,#298,.T.);
#294 = VERTEX_POINT('',#295);
#295 = CARTESIAN_POINT('',(2.381569864962,-1.37499999211,2.4));
#296 = VERTEX_POINT('',#297);
#297 = CARTESIAN_POINT('',(2.381569853846,1.375000011364,2.4));
#298 = SURFACE_CURVE('',#299,(#304,#311),.PCURVE_S1.);
#299 = CIRCLE('',#300,2.75);
#300 = AXIS2_PLACEMENT_3D('',#301,#302,#303);
#301 = CARTESIAN_POINT('',(0.,0.,2.4));
#302 = DIRECTION('',(0.,0.,1.));
#303 = DIRECTION('',(0.866025405441,-0.499999997131,0.));
#304 = PCURVE('',#255,#305);
#305 = DEFINITIONAL_REPRESENTATION('',(#306),#310);
#306 = CIRCLE('',#307,2.75);
#307 = AXIS2_PLACEMENT_2D('',#308,#309);
#308 = CARTESIAN_POINT('',(0.,0.));
#309 = DIRECTION('',(0.866025405441,-0.499999997131));
#310 = ( GEOMETRIC_REPRESENTATION_CONTEXT(2) 
PARAMETRIC_REPRESENTATION_CONTEXT() REPRESENTATION_CONTEXT('2D SPACE',''
  ) );
#311 = PCURVE('',#312,#317);
#312 = CONICAL_SURFACE('',#313,3.174426480543,1.308408001851);
#313 = AXIS2_PLACEMENT_3D('',#314,#315,#316);
#314 = CARTESIAN_POINT('',(0.,0.,2.2860073181));
#315 = DIRECTION('',(-0.,-0.,-1.));
#316 = DIRECTION('',(1.,0.,-0.));
#317 = DEFINITIONAL_REPRESENTATION('',(#318),#322);
#318 = LINE('',#319,#320);
#319 = CARTESIAN_POINT('',(-5.759586534894,-0.1139926819));
#320 = VECTOR('',#321,1.);
#321 = DIRECTION('',(-1.,-0.));
#322 = ( GEOMETRIC_REPRESENTATION_CONTEXT(2) 
PARAMETRIC_REPRESENTATION_CONTEXT() REPRESENTATION_CONTEXT('2D SPACE',''
  ) );
#323 = ORIENTED_EDGE('',*,*,#324,.T.);
#324 = EDGE_CURVE('',#296,#325,#327,.T.);
#325 = VERTEX_POINT('',#326);
#326 = CARTESIAN_POINT('',(-2.428881144718E-13,2.75,2.4));
#327 = SURFACE_CURVE('',#328,(#333,#340),.PCURVE_S1.);
#328 = CIRCLE('',#329,2.75);
#329 = AXIS2_PLACEMENT_3D('',#330,#331,#332);
#330 = CARTESIAN_POINT('',(0.,0.,2.4));
#331 = DIRECTION('',(0.,0.,1.));
#332 = DIRECTION('',(1.,0.,-0.));
#333 = PCURVE('',#255,#334);
#334 = DEFINITIONAL_REPRESENTATION('',(#335),#339);
#335 = CIRCLE('',#336,2.75);
#336 = AXIS2_PLACEMENT_2D('',#337,#338);
#337 = CARTESIAN_POINT('',(0.,0.));
#338 = DIRECTION('',(1.,0.));
#339 = ( GEOMETRIC_REPRESENTATION_CONTEXT(2) 
PARAMETRIC_REPRESENTATION_CONTEXT() REPRESENTATION_CONTEXT('2D SPACE',''
  ) );
#340 = PCURVE('',#341,#346);
#341 = CONICAL_SURFACE('',#342,3.174426480543,1.308408001851);
#342 = AXIS2_PLACEMENT_3D('',#343,#344,#345);
#343 = CARTESIAN_POINT('',(0.,0.,2.2860073181));
#344 = DIRECTION('',(-0.,-0.,-1.));
#345 = DIRECTION('',(1.,0.,-0.));
#346 = DEFINITIONAL_REPRESENTATION('',(#347),#351);
#347 = LINE('',#348,#349);
#348 = CARTESIAN_POINT('',(-0.,-0.1139926819));
#349 = VECTOR('',#350,1.);
#350 = DIRECTION('',(-1.,-0.));
#351 = ( GEOMETRIC_REPRESENTATION_CONTEXT(2) 
PARAMETRIC_REPRESENTATION_CONTEXT() REPRESENTATION_CONTEXT('2D SPACE',''
  ) );
#352 = ORIENTED_EDGE('',*,*,#353,.T.);
#353 = EDGE_CURVE('',#325,#354,#356,.T.);
#354 = VERTEX_POINT('',#355);
#355 = CARTESIAN_POINT('',(-2.381569860716,1.374999999465,2.4));
#356 = SURFACE_CURVE('',#357,(#362,#369),.PCURVE_S1.);
#357 = CIRCLE('',#358,2.75);
#358 = AXIS2_PLACEMENT_3D('',#359,#360,#361);
#359 = CARTESIAN_POINT('',(0.,0.,2.4));
#360 = DIRECTION('',(0.,0.,1.));
#361 = DIRECTION('',(1.,0.,-0.));
#362 = PCURVE('',#255,#363);
#363 = DEFINITIONAL_REPRESENTATION('',(#364),#368);
#364 = CIRCLE('',#365,2.75);
#365 = AXIS2_PLACEMENT_2D('',#366,#367);
#366 = CARTESIAN_POINT('',(0.,0.));
#367 = DIRECTION('',(1.,0.));
#368 = ( GEOMETRIC_REPRESENTATION_CONTEXT(2) 
PARAMETRIC_REPRESENTATION_CONTEXT() REPRESENTATION_CONTEXT('2D SPACE',''
  ) );
#369 = PCURVE('',#370,#375);
#370 = CONICAL_SURFACE('',#371,3.174426480543,1.308408001851);
#371 = AXIS2_PLACEMENT_3D('',#372,#373,#374);
#372 = CARTESIAN_POINT('',(0.,0.,2.2860073181));
#373 = DIRECTION('',(-0.,-0.,-1.));
#374 = DIRECTION('',(1.,0.,-0.));
#375 = DEFINITIONAL_REPRESENTATION('',(#376),#380);
#376 = LINE('',#377,#378);
#377 = CARTESIAN_POINT('',(-0.,-0.1139926819));
#378 = VECTOR('',#379,1.);
#379 = DIRECTION('',(-1.,-0.));
#380 = ( GEOMETRIC_REPRESENTATION_CONTEXT(2) 
PARAMETRIC_REPRESENTATION_CONTEXT() REPRESENTATION_CONTEXT('2D SPACE',''
  ) );
#381 = ORIENTED_EDGE('',*,*,#382,.T.);
#382 = EDGE_CURVE('',#354,#383,#385,.T.);
#383 = VERTEX_POINT('',#384);
#384 = CARTESIAN_POINT('',(-2.381569853846,-1.375000011364,2.4));
#385 = SURFACE_CURVE('',#386,(#391,#398),.PCURVE_S1.);
#386 = CIRCLE('',#387,2.75);
#387 = AXIS2_PLACEMENT_3D('',#388,#389,#390);
#388 = CARTESIAN_POINT('',(0.,0.,2.4));
#389 = DIRECTION('',(0.,0.,1.));
#390 = DIRECTION('',(1.,0.,-0.));
#391 = PCURVE('',#255,#392);
#392 = DEFINITIONAL_REPRESENTATION('',(#393),#397);
#393 = CIRCLE('',#394,2.75);
#394 = AXIS2_PLACEMENT_2D('',#395,#396);
#395 = CARTESIAN_POINT('',(0.,0.));
#396 = DIRECTION('',(1.,0.));
#397 = ( GEOMETRIC_REPRESENTATION_CONTEXT(2) 
PARAMETRIC_REPRESENTATION_CONTEXT() REPRESENTATION_CONTEXT('2D SPACE',''
  ) );
#398 = PCURVE('',#399,#404);
#399 = CONICAL_SURFACE('',#400,3.174426480543,1.308408001851);
#400 = AXIS2_PLACEMENT_3D('',#401,#402,#403);
#401 = CARTESIAN_POINT('',(0.,0.,2.2860073181));
#402 = DIRECTION('',(-0.,-0.,-1.));
#403 = DIRECTION('',(1.,0.,-0.));
#404 = DEFINITIONAL_REPRESENTATION('',(#405),#409);
#405 = LINE('',#406,#407);
#406 = CARTESIAN_POINT('',(-0.,-0.1139926819));
#407 = VECTOR('',#408,1.);
#408 = DIRECTION('',(-1.,-0.));
#409 = ( GEOMETRIC_REPRESENTATION_CONTEXT(2) 
PARAMETRIC_REPRESENTATION_CONTEXT() REPRESENTATION_CONTEXT('2D SPACE',''
  ) );
#410 = ORIENTED_EDGE('',*,*,#411,.T.);
#411 = EDGE_CURVE('',#383,#412,#414,.T.);
#412 = VERTEX_POINT('',#413);
#413 = CARTESIAN_POINT('',(1.778271897476E-13,-2.75,2.4));
#414 = SURFACE_CURVE('',#415,(#420,#427),.PCURVE_S1.);
#415 = CIRCLE('',#416,2.75);
#416 = AXIS2_PLACEMENT_3D('',#417,#418,#419);
#417 = CARTESIAN_POINT('',(0.,0.,2.4));
#418 = DIRECTION('',(0.,0.,1.));
#419 = DIRECTION('',(1.,0.,-0.));
#420 = PCURVE('',#255,#421);
#421 = DEFINITIONAL_REPRESENTATION('',(#422),#426);
#422 = CIRCLE('',#423,2.75);
#423 = AXIS2_PLACEMENT_2D('',#424,#425);
#424 = CARTESIAN_POINT('',(0.,0.));
#425 = DIRECTION('',(1.,0.));
#426 = ( GEOMETRIC_REPRESENTATION_CONTEXT(2) 
PARAMETRIC_REPRESENTATION_CONTEXT() REPRESENTATION_CONTEXT('2D SPACE',''
  ) );
#427 = PCURVE('',#428,#433);
#428 = CONICAL_SURFACE('',#429,3.174426480543,1.308408001851);
#429 = AXIS2_PLACEMENT_3D('',#430,#431,#432);
#430 = CARTESIAN_POINT('',(0.,0.,2.2860073181));
#431 = DIRECTION('',(-0.,-0.,-1.));
#432 = DIRECTION('',(1.,0.,-0.));
#433 = DEFINITIONAL_REPRESENTATION('',(#434),#438);
#434 = LINE('',#435,#436);
#435 = CARTESIAN_POINT('',(-0.,-0.1139926819));
#436 = VECTOR('',#437,1.);
#437 = DIRECTION('',(-1.,-0.));
#438 = ( GEOMETRIC_REPRESENTATION_CONTEXT(2) 
PARAMETRIC_REPRESENTATION_CONTEXT() REPRESENTATION_CONTEXT('2D SPACE',''
  ) );
#439 = ORIENTED_EDGE('',*,*,#440,.T.);
#440 = EDGE_CURVE('',#412,#294,#441,.T.);
#441 = SURFACE_CURVE('',#442,(#447,#454),.PCURVE_S1.);
#442 = CIRCLE('',#443,2.75);
#443 = AXIS2_PLACEMENT_3D('',#444,#445,#446);
#444 = CARTESIAN_POINT('',(0.,0.,2.4));
#445 = DIRECTION('',(0.,0.,1.));
#446 = DIRECTION('',(1.,0.,-0.));
#447 = PCURVE('',#255,#448);
#448 = DEFINITIONAL_REPRESENTATION('',(#449),#453);
#449 = CIRCLE('',#450,2.75);
#450 = AXIS2_PLACEMENT_2D('',#451,#452);
#451 = CARTESIAN_POINT('',(0.,0.));
#452 = DIRECTION('',(1.,0.));
#453 = ( GEOMETRIC_REPRESENTATION_CONTEXT(2) 
PARAMETRIC_REPRESENTATION_CONTEXT() REPRESENTATION_CONTEXT('2D SPACE',''
  ) );
#454 = PCURVE('',#455,#460);
#455 = CONICAL_SURFACE('',#456,3.174426480543,1.308408001851);
#456 = AXIS2_PLACEMENT_3D('',#457,#458,#459);
#457 = CARTESIAN_POINT('',(0.,0.,2.2860073181));
#458 = DIRECTION('',(-0.,-0.,-1.));
#459 = DIRECTION('',(1.,0.,-0.));
#460 = DEFINITIONAL_REPRESENTATION('',(#461),#465);
#461 = LINE('',#462,#463);
#462 = CARTESIAN_POINT('',(-0.,-0.1139926819));
#463 = VECTOR('',#464,1.);
#464 = DIRECTION('',(-1.,-0.));
#465 = ( GEOMETRIC_REPRESENTATION_CONTEXT(2) 
PARAMETRIC_REPRESENTATION_CONTEXT() REPRESENTATION_CONTEXT('2D SPACE',''
  ) );
#466 = FACE_BOUND('',#467,.T.);
#467 = EDGE_LOOP('',(#468));
#468 = ORIENTED_EDGE('',*,*,#238,.F.);
#469 = ADVANCED_FACE('',(#470),#455,.T.);
#470 = FACE_BOUND('',#471,.T.);
#471 = EDGE_LOOP('',(#472,#503,#534,#535));
#472 = ORIENTED_EDGE('',*,*,#473,.T.);
#473 = EDGE_CURVE('',#474,#476,#478,.T.);
#474 = VERTEX_POINT('',#475);
#475 = CARTESIAN_POINT('',(1.585712294325,-2.75,2.2860073181));
#476 = VERTEX_POINT('',#477);
#477 = CARTESIAN_POINT('',(1.588713713245,-2.748267129978,2.2860073181)
  );
#478 = SURFACE_CURVE('',#479,(#484,#491),.PCURVE_S1.);
#479 = CIRCLE('',#480,3.174426480543);
#480 = AXIS2_PLACEMENT_3D('',#481,#482,#483);
#481 = CARTESIAN_POINT('',(0.,0.,2.2860073181));
#482 = DIRECTION('',(0.,0.,1.));
#483 = DIRECTION('',(1.,0.,-0.));
#484 = PCURVE('',#455,#485);
#485 = DEFINITIONAL_REPRESENTATION('',(#486),#490);
#486 = LINE('',#487,#488);
#487 = CARTESIAN_POINT('',(-0.,-0.));
#488 = VECTOR('',#489,1.);
#489 = DIRECTION('',(-1.,-0.));
#490 = ( GEOMETRIC_REPRESENTATION_CONTEXT(2) 
PARAMETRIC_REPRESENTATION_CONTEXT() REPRESENTATION_CONTEXT('2D SPACE',''
  ) );
#491 = PCURVE('',#492,#497);
#492 = CYLINDRICAL_SURFACE('',#493,3.174426480543);
#493 = AXIS2_PLACEMENT_3D('',#494,#495,#496);
#494 = CARTESIAN_POINT('',(0.,0.,0.1139926819));
#495 = DIRECTION('',(0.,0.,1.));
#496 = DIRECTION('',(1.,0.,-0.));
#497 = DEFINITIONAL_REPRESENTATION('',(#498),#502);
#498 = LINE('',#499,#500);
#499 = CARTESIAN_POINT('',(0.,2.172014636199));
#500 = VECTOR('',#501,1.);
#501 = DIRECTION('',(1.,0.));
#502 = ( GEOMETRIC_REPRESENTATION_CONTEXT(2) 
PARAMETRIC_REPRESENTATION_CONTEXT() REPRESENTATION_CONTEXT('2D SPACE',''
  ) );
#503 = ORIENTED_EDGE('',*,*,#504,.F.);
#504 = EDGE_CURVE('',#294,#476,#505,.T.);
#505 = SURFACE_CURVE('',#506,(#511,#522),.PCURVE_S1.);
#506 = HYPERBOLA('',#507,0.738596410914,2.75);
#507 = AXIS2_PLACEMENT_3D('',#508,#509,#510);
#508 = CARTESIAN_POINT('',(2.381569860407,-1.375,3.138596410914));
#509 = DIRECTION('',(-0.866025403784,0.5,0.));
#510 = DIRECTION('',(-0.,0.,-1.));
#511 = PCURVE('',#455,#512);
#512 = DEFINITIONAL_REPRESENTATION('',(#513),#521);
#513 = B_SPLINE_CURVE_WITH_KNOTS('',6,(#514,#515,#516,#517,#518,#519,
    #520),.UNSPECIFIED.,.F.,.F.,(7,7),(2.423273419181E-08,0.548675910524
    ),.PIECEWISE_BEZIER_KNOTS.);
#514 = CARTESIAN_POINT('',(-5.759586507349,-0.1139926819));
#515 = CARTESIAN_POINT('',(-5.6681405263,-0.113992680264));
#516 = CARTESIAN_POINT('',(-5.576694970282,-0.10658097791));
#517 = CARTESIAN_POINT('',(-5.486622934967,-9.175759735741E-02));
#518 = CARTESIAN_POINT('',(-5.399314855926,-6.933652567278E-02));
#519 = CARTESIAN_POINT('',(-5.315753130782,-3.894605886603E-02));
#520 = CARTESIAN_POINT('',(-5.23653364045,1.411279661925E-16));
#521 = ( GEOMETRIC_REPRESENTATION_CONTEXT(2) 
PARAMETRIC_REPRESENTATION_CONTEXT() REPRESENTATION_CONTEXT('2D SPACE',''
  ) );
#522 = PCURVE('',#523,#528);
#523 = PLANE('',#524);
#524 = AXIS2_PLACEMENT_3D('',#525,#526,#527);
#525 = CARTESIAN_POINT('',(1.587713240271,-2.75,0.));
#526 = DIRECTION('',(-0.866025403784,0.5,0.));
#527 = DIRECTION('',(0.5,0.866025403784,0.));
#528 = DEFINITIONAL_REPRESENTATION('',(#529),#533);
#529 = ( BOUNDED_CURVE() B_SPLINE_CURVE(2,(#530,#531,#532),
.UNSPECIFIED.,.F.,.F.) B_SPLINE_CURVE_WITH_KNOTS((3,3),(
2.423273419181E-08,0.548675910524),.PIECEWISE_BEZIER_KNOTS.) CURVE() 
GEOMETRIC_REPRESENTATION_ITEM() RATIONAL_B_SPLINE_CURVE((1.,
1.037867257418,1.)) REPRESENTATION_ITEM('') );
#530 = CARTESIAN_POINT('',(1.587713173631,-2.4));
#531 = CARTESIAN_POINT('',(0.851657347729,-2.399999995209));
#532 = CARTESIAN_POINT('',(2.000945946851E-03,-2.2860073181));
#533 = ( GEOMETRIC_REPRESENTATION_CONTEXT(2) 
PARAMETRIC_REPRESENTATION_CONTEXT() REPRESENTATION_CONTEXT('2D SPACE',''
  ) );
#534 = ORIENTED_EDGE('',*,*,#440,.F.);
#535 = ORIENTED_EDGE('',*,*,#536,.F.);
#536 = EDGE_CURVE('',#474,#412,#537,.T.);
#537 = SURFACE_CURVE('',#538,(#543,#554),.PCURVE_S1.);
#538 = HYPERBOLA('',#539,0.738596410914,2.75);
#539 = AXIS2_PLACEMENT_3D('',#540,#541,#542);
#540 = CARTESIAN_POINT('',(-1.538370149107E-15,-2.75,3.138596410914));
#541 = DIRECTION('',(5.594073269479E-16,1.,0.));
#542 = DIRECTION('',(0.,-0.,-1.));
#543 = PCURVE('',#455,#544);
#544 = DEFINITIONAL_REPRESENTATION('',(#545),#553);
#545 = B_SPLINE_CURVE_WITH_KNOTS('',6,(#546,#547,#548,#549,#550,#551,
    #552),.UNSPECIFIED.,.F.,.F.,(7,7),(-0.548675910524,
    5.124681126243E-16),.PIECEWISE_BEZIER_KNOTS.);
#546 = CARTESIAN_POINT('',(-5.235441871516,-3.337461786768E-16));
#547 = CARTESIAN_POINT('',(-5.156222377686,-3.894606058612E-02));
#548 = CARTESIAN_POINT('',(-5.072660648659,-6.933652835723E-02));
#549 = CARTESIAN_POINT('',(-4.98535256543,-9.175760032814E-02));
#550 = CARTESIAN_POINT('',(-4.895280525772,-0.106580980529));
#551 = CARTESIAN_POINT('',(-4.803834965472,-0.1139926819));
#552 = CARTESIAN_POINT('',(-4.712388980385,-0.1139926819));
#553 = ( GEOMETRIC_REPRESENTATION_CONTEXT(2) 
PARAMETRIC_REPRESENTATION_CONTEXT() REPRESENTATION_CONTEXT('2D SPACE',''
  ) );
#554 = PCURVE('',#555,#560);
#555 = PLANE('',#556);
#556 = AXIS2_PLACEMENT_3D('',#557,#558,#559);
#557 = CARTESIAN_POINT('',(-1.587713240271,-2.75,0.));
#558 = DIRECTION('',(5.594073269479E-16,1.,-0.));
#559 = DIRECTION('',(1.,-5.594073269479E-16,0.));
#560 = DEFINITIONAL_REPRESENTATION('',(#561),#565);
#561 = ( BOUNDED_CURVE() B_SPLINE_CURVE(2,(#562,#563,#564),
.UNSPECIFIED.,.F.,.F.) B_SPLINE_CURVE_WITH_KNOTS((3,3),(-0.548675910524,
5.124681126243E-16),.PIECEWISE_BEZIER_KNOTS.) CURVE() 
GEOMETRIC_REPRESENTATION_ITEM() RATIONAL_B_SPLINE_CURVE((1.,
1.037867260784,1.)) REPRESENTATION_ITEM('') );
#562 = CARTESIAN_POINT('',(3.173425534596,-2.2860073181));
#563 = CARTESIAN_POINT('',(2.323769097107,-2.4));
#564 = CARTESIAN_POINT('',(1.587713240271,-2.4));
#565 = ( GEOMETRIC_REPRESENTATION_CONTEXT(2) 
PARAMETRIC_REPRESENTATION_CONTEXT() REPRESENTATION_CONTEXT('2D SPACE',''
  ) );
#566 = ADVANCED_FACE('',(#567),#523,.F.);
#567 = FACE_BOUND('',#568,.F.);
#568 = EDGE_LOOP('',(#569,#597,#625,#644,#645,#673));
#569 = ORIENTED_EDGE('',*,*,#570,.F.);
#570 = EDGE_CURVE('',#24,#571,#573,.T.);
#571 = VERTEX_POINT('',#572);
#572 = CARTESIAN_POINT('',(3.17442600757,-1.732870021573E-03,
    0.1139926819));
#573 = SURFACE_CURVE('',#574,(#579,#586),.PCURVE_S1.);
#574 = HYPERBOLA('',#575,0.738596410914,2.75);
#575 = AXIS2_PLACEMENT_3D('',#576,#577,#578);
#576 = CARTESIAN_POINT('',(2.381569860407,-1.375,-0.738596410914));
#577 = DIRECTION('',(-0.866025403784,0.5,0.));
#578 = DIRECTION('',(0.,0.,1.));
#579 = PCURVE('',#523,#580);
#580 = DEFINITIONAL_REPRESENTATION('',(#581),#585);
#581 = ( BOUNDED_CURVE() B_SPLINE_CURVE(2,(#582,#583,#584),
.UNSPECIFIED.,.F.,.F.) B_SPLINE_CURVE_WITH_KNOTS((3,3),(
-2.423273419181E-08,0.548675910524),.PIECEWISE_BEZIER_KNOTS.) CURVE() 
GEOMETRIC_REPRESENTATION_ITEM() RATIONAL_B_SPLINE_CURVE((1.,
1.03786726415,1.)) REPRESENTATION_ITEM('') );
#582 = CARTESIAN_POINT('',(1.587713173631,2.22044604925E-16));
#583 = CARTESIAN_POINT('',(2.3237690614,4.79057582492E-09));
#584 = CARTESIAN_POINT('',(3.173425534596,-0.1139926819));
#585 = ( GEOMETRIC_REPRESENTATION_CONTEXT(2) 
PARAMETRIC_REPRESENTATION_CONTEXT() REPRESENTATION_CONTEXT('2D SPACE',''
  ) );
#586 = PCURVE('',#49,#587);
#587 = DEFINITIONAL_REPRESENTATION('',(#588),#596);
#588 = B_SPLINE_CURVE_WITH_KNOTS('',6,(#589,#590,#591,#592,#593,#594,
    #595),.UNSPECIFIED.,.F.,.F.,(7,7),(-2.423273419181E-08,
    0.548675910524),.PIECEWISE_BEZIER_KNOTS.);
#589 = CARTESIAN_POINT('',(5.759586507349,-1.493961998345E-17));
#590 = CARTESIAN_POINT('',(5.851032496475,-1.636719572282E-09));
#591 = CARTESIAN_POINT('',(5.942478061056,7.411698752336E-03));
#592 = CARTESIAN_POINT('',(6.032550105058,2.223507860142E-02));
#593 = CARTESIAN_POINT('',(6.119858192475,4.465615085862E-02));
#594 = CARTESIAN_POINT('',(6.203419925383,7.504661959409E-02));
#595 = CARTESIAN_POINT('',(6.282639422713,0.1139926819));
#596 = ( GEOMETRIC_REPRESENTATION_CONTEXT(2) 
PARAMETRIC_REPRESENTATION_CONTEXT() REPRESENTATION_CONTEXT('2D SPACE',''
  ) );
#597 = ORIENTED_EDGE('',*,*,#598,.F.);
#598 = EDGE_CURVE('',#599,#24,#601,.T.);
#599 = VERTEX_POINT('',#600);
#600 = CARTESIAN_POINT('',(1.588713713245,-2.748267129978,0.1139926819)
  );
#601 = SURFACE_CURVE('',#602,(#607,#614),.PCURVE_S1.);
#602 = HYPERBOLA('',#603,0.738596410914,2.75);
#603 = AXIS2_PLACEMENT_3D('',#604,#605,#606);
#604 = CARTESIAN_POINT('',(2.381569860407,-1.375,-0.738596410914));
#605 = DIRECTION('',(-0.866025403784,0.5,0.));
#606 = DIRECTION('',(0.,0.,1.));
#607 = PCURVE('',#523,#608);
#608 = DEFINITIONAL_REPRESENTATION('',(#609),#613);
#609 = ( BOUNDED_CURVE() B_SPLINE_CURVE(2,(#610,#611,#612),
.UNSPECIFIED.,.F.,.F.) B_SPLINE_CURVE_WITH_KNOTS((3,3),(-0.548675910524,
-2.423273419181E-08),.PIECEWISE_BEZIER_KNOTS.) CURVE() 
GEOMETRIC_REPRESENTATION_ITEM() RATIONAL_B_SPLINE_CURVE((1.,
1.037867257418,1.)) REPRESENTATION_ITEM('') );
#610 = CARTESIAN_POINT('',(2.000945946851E-03,-0.1139926819));
#611 = CARTESIAN_POINT('',(0.851657347729,-4.790575269809E-09));
#612 = CARTESIAN_POINT('',(1.587713173631,2.22044604925E-16));
#613 = ( GEOMETRIC_REPRESENTATION_CONTEXT(2) 
PARAMETRIC_REPRESENTATION_CONTEXT() REPRESENTATION_CONTEXT('2D SPACE',''
  ) );
#614 = PCURVE('',#78,#615);
#615 = DEFINITIONAL_REPRESENTATION('',(#616),#624);
#616 = B_SPLINE_CURVE_WITH_KNOTS('',6,(#617,#618,#619,#620,#621,#622,
    #623),.UNSPECIFIED.,.F.,.F.,(7,7),(-0.548675910524,
    -2.423273419181E-08),.PIECEWISE_BEZIER_KNOTS.);
#617 = CARTESIAN_POINT('',(5.23653364045,0.1139926819));
#618 = CARTESIAN_POINT('',(5.315753130782,7.504662303426E-02));
#619 = CARTESIAN_POINT('',(5.399314855926,4.465615622751E-02));
#620 = CARTESIAN_POINT('',(5.486622934967,2.223508454289E-02));
#621 = CARTESIAN_POINT('',(5.576694970282,7.411703989837E-03));
#622 = CARTESIAN_POINT('',(5.6681405263,1.636719397828E-09));
#623 = CARTESIAN_POINT('',(5.759586507349,-1.493961998345E-17));
#624 = ( GEOMETRIC_REPRESENTATION_CONTEXT(2) 
PARAMETRIC_REPRESENTATION_CONTEXT() REPRESENTATION_CONTEXT('2D SPACE',''
  ) );
#625 = ORIENTED_EDGE('',*,*,#626,.T.);
#626 = EDGE_CURVE('',#599,#476,#627,.T.);
#627 = SURFACE_CURVE('',#628,(#632,#638),.PCURVE_S1.);
#628 = LINE('',#629,#630);
#629 = CARTESIAN_POINT('',(1.588713713245,-2.748267129978,0.1139926819)
  );
#630 = VECTOR('',#631,1.);
#631 = DIRECTION('',(0.,0.,1.));
#632 = PCURVE('',#523,#633);
#633 = DEFINITIONAL_REPRESENTATION('',(#634),#637);
#634 = B_SPLINE_CURVE_WITH_KNOTS('',1,(#635,#636),.UNSPECIFIED.,.F.,.F.,
  (2,2),(-6.000000000034E-07,2.172015236199),.PIECEWISE_BEZIER_KNOTS.);
#635 = CARTESIAN_POINT('',(2.000945946852E-03,-0.1139920819));
#636 = CARTESIAN_POINT('',(2.000945946852E-03,-2.2860079181));
#637 = ( GEOMETRIC_REPRESENTATION_CONTEXT(2) 
PARAMETRIC_REPRESENTATION_CONTEXT() REPRESENTATION_CONTEXT('2D SPACE',''
  ) );
#638 = PCURVE('',#492,#639);
#639 = DEFINITIONAL_REPRESENTATION('',(#640),#643);
#640 = B_SPLINE_CURVE_WITH_KNOTS('',1,(#641,#642),.UNSPECIFIED.,.F.,.F.,
  (2,2),(-6.000000000034E-07,2.172015236199),.PIECEWISE_BEZIER_KNOTS.);
#641 = CARTESIAN_POINT('',(5.23653364045,-6.000000000034E-07));
#642 = CARTESIAN_POINT('',(5.23653364045,2.172015236199));
#643 = ( GEOMETRIC_REPRESENTATION_CONTEXT(2) 
PARAMETRIC_REPRESENTATION_CONTEXT() REPRESENTATION_CONTEXT('2D SPACE',''
  ) );
#644 = ORIENTED_EDGE('',*,*,#504,.F.);
#645 = ORIENTED_EDGE('',*,*,#646,.F.);
#646 = EDGE_CURVE('',#647,#294,#649,.T.);
#647 = VERTEX_POINT('',#648);
#648 = CARTESIAN_POINT('',(3.17442600757,-1.732870021573E-03,
    2.2860073181));
#649 = SURFACE_CURVE('',#650,(#655,#662),.PCURVE_S1.);
#650 = HYPERBOLA('',#651,0.738596410914,2.75);
#651 = AXIS2_PLACEMENT_3D('',#652,#653,#654);
#652 = CARTESIAN_POINT('',(2.381569860407,-1.375,3.138596410914));
#653 = DIRECTION('',(-0.866025403784,0.5,0.));
#654 = DIRECTION('',(-0.,0.,-1.));
#655 = PCURVE('',#523,#656);
#656 = DEFINITIONAL_REPRESENTATION('',(#657),#661);
#657 = ( BOUNDED_CURVE() B_SPLINE_CURVE(2,(#658,#659,#660),
.UNSPECIFIED.,.F.,.F.) B_SPLINE_CURVE_WITH_KNOTS((3,3),(-0.548675910524,
2.423273419181E-08),.PIECEWISE_BEZIER_KNOTS.) CURVE() 
GEOMETRIC_REPRESENTATION_ITEM() RATIONAL_B_SPLINE_CURVE((1.,
1.03786726415,1.)) REPRESENTATION_ITEM('') );
#658 = CARTESIAN_POINT('',(3.173425534596,-2.2860073181));
#659 = CARTESIAN_POINT('',(2.3237690614,-2.400000004791));
#660 = CARTESIAN_POINT('',(1.587713173631,-2.4));
#661 = ( GEOMETRIC_REPRESENTATION_CONTEXT(2) 
PARAMETRIC_REPRESENTATION_CONTEXT() REPRESENTATION_CONTEXT('2D SPACE',''
  ) );
#662 = PCURVE('',#312,#663);
#663 = DEFINITIONAL_REPRESENTATION('',(#664),#672);
#664 = B_SPLINE_CURVE_WITH_KNOTS('',6,(#665,#666,#667,#668,#669,#670,
    #671),.UNSPECIFIED.,.F.,.F.,(7,7),(-0.548675910524,
    2.423273419181E-08),.PIECEWISE_BEZIER_KNOTS.);
#665 = CARTESIAN_POINT('',(-6.282639422713,1.411279661925E-16));
#666 = CARTESIAN_POINT('',(-6.203419925383,-3.894606230621E-02));
#667 = CARTESIAN_POINT('',(-6.119858192475,-6.933653104167E-02));
#668 = CARTESIAN_POINT('',(-6.032550105058,-9.175760329887E-02));
#669 = CARTESIAN_POINT('',(-5.942478061057,-0.106580983148));
#670 = CARTESIAN_POINT('',(-5.851032496475,-0.113992683537));
#671 = CARTESIAN_POINT('',(-5.759586507349,-0.1139926819));
#672 = ( GEOMETRIC_REPRESENTATION_CONTEXT(2) 
PARAMETRIC_REPRESENTATION_CONTEXT() REPRESENTATION_CONTEXT('2D SPACE',''
  ) );
#673 = ORIENTED_EDGE('',*,*,#674,.F.);
#674 = EDGE_CURVE('',#571,#647,#675,.T.);
#675 = SURFACE_CURVE('',#676,(#680,#686),.PCURVE_S1.);
#676 = LINE('',#677,#678);
#677 = CARTESIAN_POINT('',(3.17442600757,-1.732870021573E-03,
    0.1139926819));
#678 = VECTOR('',#679,1.);
#679 = DIRECTION('',(0.,0.,1.));
#680 = PCURVE('',#523,#681);
#681 = DEFINITIONAL_REPRESENTATION('',(#682),#685);
#682 = B_SPLINE_CURVE_WITH_KNOTS('',1,(#683,#684),.UNSPECIFIED.,.F.,.F.,
  (2,2),(-6.000000000034E-07,2.172015236199),.PIECEWISE_BEZIER_KNOTS.);
#683 = CARTESIAN_POINT('',(3.173425534596,-0.1139920819));
#684 = CARTESIAN_POINT('',(3.173425534596,-2.2860079181));
#685 = ( GEOMETRIC_REPRESENTATION_CONTEXT(2) 
PARAMETRIC_REPRESENTATION_CONTEXT() REPRESENTATION_CONTEXT('2D SPACE',''
  ) );
#686 = PCURVE('',#687,#692);
#687 = CYLINDRICAL_SURFACE('',#688,3.174426480543);
#688 = AXIS2_PLACEMENT_3D('',#689,#690,#691);
#689 = CARTESIAN_POINT('',(0.,0.,0.1139926819));
#690 = DIRECTION('',(0.,0.,1.));
#691 = DIRECTION('',(1.,0.,-0.));
#692 = DEFINITIONAL_REPRESENTATION('',(#693),#696);
#693 = B_SPLINE_CURVE_WITH_KNOTS('',1,(#694,#695),.UNSPECIFIED.,.F.,.F.,
  (2,2),(0.,2.172014636199),.PIECEWISE_BEZIER_KNOTS.);
#694 = CARTESIAN_POINT('',(6.282639422713,0.));
#695 = CARTESIAN_POINT('',(6.282639422713,2.172014636199));
#696 = ( GEOMETRIC_REPRESENTATION_CONTEXT(2) 
PARAMETRIC_REPRESENTATION_CONTEXT() REPRESENTATION_CONTEXT('2D SPACE',''
  ) );
#697 = ADVANCED_FACE('',(#698),#687,.T.);
#698 = FACE_BOUND('',#699,.T.);
#699 = EDGE_LOOP('',(#700,#724,#725,#749));
#700 = ORIENTED_EDGE('',*,*,#701,.T.);
#701 = EDGE_CURVE('',#702,#647,#704,.T.);
#702 = VERTEX_POINT('',#703);
#703 = CARTESIAN_POINT('',(3.17442600757,1.732870021573E-03,2.2860073181
    ));
#704 = SURFACE_CURVE('',#705,(#710,#717),.PCURVE_S1.);
#705 = CIRCLE('',#706,3.174426480543);
#706 = AXIS2_PLACEMENT_3D('',#707,#708,#709);
#707 = CARTESIAN_POINT('',(0.,0.,2.2860073181));
#708 = DIRECTION('',(0.,0.,-1.));
#709 = DIRECTION('',(0.999999851005,5.458844399751E-04,0.));
#710 = PCURVE('',#687,#711);
#711 = DEFINITIONAL_REPRESENTATION('',(#712),#716);
#712 = LINE('',#713,#714);
#713 = CARTESIAN_POINT('',(6.283731191647,2.172014636199));
#714 = VECTOR('',#715,1.);
#715 = DIRECTION('',(-1.,-0.));
#716 = ( GEOMETRIC_REPRESENTATION_CONTEXT(2) 
PARAMETRIC_REPRESENTATION_CONTEXT() REPRESENTATION_CONTEXT('2D SPACE',''
  ) );
#717 = PCURVE('',#312,#718);
#718 = DEFINITIONAL_REPRESENTATION('',(#719),#723);
#719 = LINE('',#720,#721);
#720 = CARTESIAN_POINT('',(-6.283731191647,-0.));
#721 = VECTOR('',#722,1.);
#722 = DIRECTION('',(1.,-0.));
#723 = ( GEOMETRIC_REPRESENTATION_CONTEXT(2) 
PARAMETRIC_REPRESENTATION_CONTEXT() REPRESENTATION_CONTEXT('2D SPACE',''
  ) );
#724 = ORIENTED_EDGE('',*,*,#674,.F.);
#725 = ORIENTED_EDGE('',*,*,#726,.F.);
#726 = EDGE_CURVE('',#727,#571,#729,.T.);
#727 = VERTEX_POINT('',#728);
#728 = CARTESIAN_POINT('',(3.17442600757,1.732870021573E-03,0.1139926819
    ));
#729 = SURFACE_CURVE('',#730,(#735,#742),.PCURVE_S1.);
#730 = CIRCLE('',#731,3.174426480543);
#731 = AXIS2_PLACEMENT_3D('',#732,#733,#734);
#732 = CARTESIAN_POINT('',(0.,0.,0.1139926819));
#733 = DIRECTION('',(0.,0.,-1.));
#734 = DIRECTION('',(0.999999851005,5.458844399751E-04,0.));
#735 = PCURVE('',#687,#736);
#736 = DEFINITIONAL_REPRESENTATION('',(#737),#741);
#737 = LINE('',#738,#739);
#738 = CARTESIAN_POINT('',(6.283731191647,0.));
#739 = VECTOR('',#740,1.);
#740 = DIRECTION('',(-1.,-0.));
#741 = ( GEOMETRIC_REPRESENTATION_CONTEXT(2) 
PARAMETRIC_REPRESENTATION_CONTEXT() REPRESENTATION_CONTEXT('2D SPACE',''
  ) );
#742 = PCURVE('',#49,#743);
#743 = DEFINITIONAL_REPRESENTATION('',(#744),#748);
#744 = LINE('',#745,#746);
#745 = CARTESIAN_POINT('',(6.283731191647,0.1139926819));
#746 = VECTOR('',#747,1.);
#747 = DIRECTION('',(-1.,-0.));
#748 = ( GEOMETRIC_REPRESENTATION_CONTEXT(2) 
PARAMETRIC_REPRESENTATION_CONTEXT() REPRESENTATION_CONTEXT('2D SPACE',''
  ) );
#749 = ORIENTED_EDGE('',*,*,#750,.T.);
#750 = EDGE_CURVE('',#727,#702,#751,.T.);
#751 = SURFACE_CURVE('',#752,(#756,#762),.PCURVE_S1.);
#752 = LINE('',#753,#754);
#753 = CARTESIAN_POINT('',(3.17442600757,1.732870021573E-03,0.1139926819
    ));
#754 = VECTOR('',#755,1.);
#755 = DIRECTION('',(0.,0.,1.));
#756 = PCURVE('',#687,#757);
#757 = DEFINITIONAL_REPRESENTATION('',(#758),#761);
#758 = B_SPLINE_CURVE_WITH_KNOTS('',1,(#759,#760),.UNSPECIFIED.,.F.,.F.,
  (2,2),(0.,2.172014636199),.PIECEWISE_BEZIER_KNOTS.);
#759 = CARTESIAN_POINT('',(6.283731191647,0.));
#760 = CARTESIAN_POINT('',(6.283731191647,2.172014636199));
#761 = ( GEOMETRIC_REPRESENTATION_CONTEXT(2) 
PARAMETRIC_REPRESENTATION_CONTEXT() REPRESENTATION_CONTEXT('2D SPACE',''
  ) );
#762 = PCURVE('',#763,#768);
#763 = PLANE('',#764);
#764 = AXIS2_PLACEMENT_3D('',#765,#766,#767);
#765 = CARTESIAN_POINT('',(3.175426480543,0.,0.));
#766 = DIRECTION('',(-0.866025403784,-0.5,0.));
#767 = DIRECTION('',(-0.5,0.866025403784,0.));
#768 = DEFINITIONAL_REPRESENTATION('',(#769),#772);
#769 = B_SPLINE_CURVE_WITH_KNOTS('',1,(#770,#771),.UNSPECIFIED.,.F.,.F.,
  (2,2),(-6.000000000034E-07,2.172015236199),.PIECEWISE_BEZIER_KNOTS.);
#770 = CARTESIAN_POINT('',(2.000945946852E-03,-0.1139920819));
#771 = CARTESIAN_POINT('',(2.000945946852E-03,-2.2860079181));
#772 = ( GEOMETRIC_REPRESENTATION_CONTEXT(2) 
PARAMETRIC_REPRESENTATION_CONTEXT() REPRESENTATION_CONTEXT('2D SPACE',''
  ) );
#773 = ADVANCED_FACE('',(#774),#763,.F.);
#774 = FACE_BOUND('',#775,.F.);
#775 = EDGE_LOOP('',(#776,#804,#830,#831,#857,#885));
#776 = ORIENTED_EDGE('',*,*,#777,.F.);
#777 = EDGE_CURVE('',#22,#778,#780,.T.);
#778 = VERTEX_POINT('',#779);
#779 = CARTESIAN_POINT('',(1.588713713245,2.748267129978,0.1139926819));
#780 = SURFACE_CURVE('',#781,(#786,#793),.PCURVE_S1.);
#781 = HYPERBOLA('',#782,0.738596410914,2.75);
#782 = AXIS2_PLACEMENT_3D('',#783,#784,#785);
#783 = CARTESIAN_POINT('',(2.381569860407,1.375,-0.738596410914));
#784 = DIRECTION('',(-0.866025403784,-0.5,0.));
#785 = DIRECTION('',(0.,0.,1.));
#786 = PCURVE('',#763,#787);
#787 = DEFINITIONAL_REPRESENTATION('',(#788),#792);
#788 = ( BOUNDED_CURVE() B_SPLINE_CURVE(2,(#789,#790,#791),
.UNSPECIFIED.,.F.,.F.) B_SPLINE_CURVE_WITH_KNOTS((3,3),(0.,
0.548675910524),.PIECEWISE_BEZIER_KNOTS.) CURVE() 
GEOMETRIC_REPRESENTATION_ITEM() RATIONAL_B_SPLINE_CURVE((1.,
1.037867260784,1.)) REPRESENTATION_ITEM('') );
#789 = CARTESIAN_POINT('',(1.587713240271,0.));
#790 = CARTESIAN_POINT('',(2.323769097107,0.));
#791 = CARTESIAN_POINT('',(3.173425534596,-0.1139926819));
#792 = ( GEOMETRIC_REPRESENTATION_CONTEXT(2) 
PARAMETRIC_REPRESENTATION_CONTEXT() REPRESENTATION_CONTEXT('2D SPACE',''
  ) );
#793 = PCURVE('',#192,#794);
#794 = DEFINITIONAL_REPRESENTATION('',(#795),#803);
#795 = B_SPLINE_CURVE_WITH_KNOTS('',6,(#796,#797,#798,#799,#800,#801,
    #802),.UNSPECIFIED.,.F.,.F.,(7,7),(0.,0.548675910524),
  .PIECEWISE_BEZIER_KNOTS.);
#796 = CARTESIAN_POINT('',(0.523598775598,0.));
#797 = CARTESIAN_POINT('',(0.615044760686,0.));
#798 = CARTESIAN_POINT('',(0.706490320986,7.411701371087E-03));
#799 = CARTESIAN_POINT('',(0.796562360644,2.223508157216E-02));
#800 = CARTESIAN_POINT('',(0.883870443873,4.465615354307E-02));
#801 = CARTESIAN_POINT('',(0.967432172899,7.504662131418E-02));
#802 = CARTESIAN_POINT('',(1.04665166673,0.1139926819));
#803 = ( GEOMETRIC_REPRESENTATION_CONTEXT(2) 
PARAMETRIC_REPRESENTATION_CONTEXT() REPRESENTATION_CONTEXT('2D SPACE',''
  ) );
#804 = ORIENTED_EDGE('',*,*,#805,.F.);
#805 = EDGE_CURVE('',#727,#22,#806,.T.);
#806 = SURFACE_CURVE('',#807,(#812,#819),.PCURVE_S1.);
#807 = HYPERBOLA('',#808,0.738596410914,2.75);
#808 = AXIS2_PLACEMENT_3D('',#809,#810,#811);
#809 = CARTESIAN_POINT('',(2.381569860407,1.375,-0.738596410914));
#810 = DIRECTION('',(-0.866025403784,-0.5,0.));
#811 = DIRECTION('',(0.,0.,1.));
#812 = PCURVE('',#763,#813);
#813 = DEFINITIONAL_REPRESENTATION('',(#814),#818);
#814 = ( BOUNDED_CURVE() B_SPLINE_CURVE(2,(#815,#816,#817),
.UNSPECIFIED.,.F.,.F.) B_SPLINE_CURVE_WITH_KNOTS((3,3),(-0.548675910524,
0.),.PIECEWISE_BEZIER_KNOTS.) CURVE() GEOMETRIC_REPRESENTATION_ITEM() 
RATIONAL_B_SPLINE_CURVE((1.,1.037867260784,1.)) REPRESENTATION_ITEM('') 
  );
#815 = CARTESIAN_POINT('',(2.000945946851E-03,-0.1139926819));
#816 = CARTESIAN_POINT('',(0.851657383436,0.));
#817 = CARTESIAN_POINT('',(1.587713240271,0.));
#818 = ( GEOMETRIC_REPRESENTATION_CONTEXT(2) 
PARAMETRIC_REPRESENTATION_CONTEXT() REPRESENTATION_CONTEXT('2D SPACE',''
  ) );
#819 = PCURVE('',#49,#820);
#820 = DEFINITIONAL_REPRESENTATION('',(#821),#829);
#821 = B_SPLINE_CURVE_WITH_KNOTS('',6,(#822,#823,#824,#825,#826,#827,
    #828),.UNSPECIFIED.,.F.,.F.,(7,7),(-0.548675910524,0.),
  .PIECEWISE_BEZIER_KNOTS.);
#822 = CARTESIAN_POINT('',(6.283731191647,0.1139926819));
#823 = CARTESIAN_POINT('',(6.362950685477,7.504662131418E-02));
#824 = CARTESIAN_POINT('',(6.446512414503,4.465615354307E-02));
#825 = CARTESIAN_POINT('',(6.533820497733,2.223508157215E-02));
#826 = CARTESIAN_POINT('',(6.62389253739,7.411701371088E-03));
#827 = CARTESIAN_POINT('',(6.715338097691,0.));
#828 = CARTESIAN_POINT('',(6.806784082778,0.));
#829 = ( GEOMETRIC_REPRESENTATION_CONTEXT(2) 
PARAMETRIC_REPRESENTATION_CONTEXT() REPRESENTATION_CONTEXT('2D SPACE',''
  ) );
#830 = ORIENTED_EDGE('',*,*,#750,.T.);
#831 = ORIENTED_EDGE('',*,*,#832,.F.);
#832 = EDGE_CURVE('',#296,#702,#833,.T.);
#833 = SURFACE_CURVE('',#834,(#839,#846),.PCURVE_S1.);
#834 = HYPERBOLA('',#835,0.738596410914,2.75);
#835 = AXIS2_PLACEMENT_3D('',#836,#837,#838);
#836 = CARTESIAN_POINT('',(2.381569860407,1.375,3.138596410914));
#837 = DIRECTION('',(-0.866025403784,-0.5,0.));
#838 = DIRECTION('',(-0.,0.,-1.));
#839 = PCURVE('',#763,#840);
#840 = DEFINITIONAL_REPRESENTATION('',(#841),#845);
#841 = ( BOUNDED_CURVE() B_SPLINE_CURVE(2,(#842,#843,#844),
.UNSPECIFIED.,.F.,.F.) B_SPLINE_CURVE_WITH_KNOTS((3,3),(
-4.41190648874E-16,0.548675910524),.PIECEWISE_BEZIER_KNOTS.) CURVE() 
GEOMETRIC_REPRESENTATION_ITEM() RATIONAL_B_SPLINE_CURVE((1.,
1.037867260784,1.)) REPRESENTATION_ITEM('') );
#842 = CARTESIAN_POINT('',(1.587713240271,-2.4));
#843 = CARTESIAN_POINT('',(0.851657383436,-2.4));
#844 = CARTESIAN_POINT('',(2.000945946852E-03,-2.2860073181));
#845 = ( GEOMETRIC_REPRESENTATION_CONTEXT(2) 
PARAMETRIC_REPRESENTATION_CONTEXT() REPRESENTATION_CONTEXT('2D SPACE',''
  ) );
#846 = PCURVE('',#312,#847);
#847 = DEFINITIONAL_REPRESENTATION('',(#848),#856);
#848 = B_SPLINE_CURVE_WITH_KNOTS('',6,(#849,#850,#851,#852,#853,#854,
    #855),.UNSPECIFIED.,.F.,.F.,(7,7),(-4.41190648874E-16,0.548675910524
    ),.PIECEWISE_BEZIER_KNOTS.);
#849 = CARTESIAN_POINT('',(-6.806784082778,-0.1139926819));
#850 = CARTESIAN_POINT('',(-6.715338097691,-0.1139926819));
#851 = CARTESIAN_POINT('',(-6.62389253739,-0.106580980529));
#852 = CARTESIAN_POINT('',(-6.533820497733,-9.175760032813E-02));
#853 = CARTESIAN_POINT('',(-6.446512414503,-6.933652835723E-02));
#854 = CARTESIAN_POINT('',(-6.362950685477,-3.894606058612E-02));
#855 = CARTESIAN_POINT('',(-6.283731191647,1.411279661925E-16));
#856 = ( GEOMETRIC_REPRESENTATION_CONTEXT(2) 
PARAMETRIC_REPRESENTATION_CONTEXT() REPRESENTATION_CONTEXT('2D SPACE',''
  ) );
#857 = ORIENTED_EDGE('',*,*,#858,.F.);
#858 = EDGE_CURVE('',#859,#296,#861,.T.);
#859 = VERTEX_POINT('',#860);
#860 = CARTESIAN_POINT('',(1.588713713245,2.748267129978,2.2860073181));
#861 = SURFACE_CURVE('',#862,(#867,#874),.PCURVE_S1.);
#862 = HYPERBOLA('',#863,0.738596410914,2.75);
#863 = AXIS2_PLACEMENT_3D('',#864,#865,#866);
#864 = CARTESIAN_POINT('',(2.381569860407,1.375,3.138596410914));
#865 = DIRECTION('',(-0.866025403784,-0.5,0.));
#866 = DIRECTION('',(-0.,0.,-1.));
#867 = PCURVE('',#763,#868);
#868 = DEFINITIONAL_REPRESENTATION('',(#869),#873);
#869 = ( BOUNDED_CURVE() B_SPLINE_CURVE(2,(#870,#871,#872),
.UNSPECIFIED.,.F.,.F.) B_SPLINE_CURVE_WITH_KNOTS((3,3),(-0.548675910524,
-4.41190648874E-16),.PIECEWISE_BEZIER_KNOTS.) CURVE() 
GEOMETRIC_REPRESENTATION_ITEM() RATIONAL_B_SPLINE_CURVE((1.,
1.037867260784,1.)) REPRESENTATION_ITEM('') );
#870 = CARTESIAN_POINT('',(3.173425534596,-2.2860073181));
#871 = CARTESIAN_POINT('',(2.323769097107,-2.4));
#872 = CARTESIAN_POINT('',(1.587713240271,-2.4));
#873 = ( GEOMETRIC_REPRESENTATION_CONTEXT(2) 
PARAMETRIC_REPRESENTATION_CONTEXT() REPRESENTATION_CONTEXT('2D SPACE',''
  ) );
#874 = PCURVE('',#341,#875);
#875 = DEFINITIONAL_REPRESENTATION('',(#876),#884);
#876 = B_SPLINE_CURVE_WITH_KNOTS('',6,(#877,#878,#879,#880,#881,#882,
    #883),.UNSPECIFIED.,.F.,.F.,(7,7),(-0.548675910524,
    -4.41190648874E-16),.PIECEWISE_BEZIER_KNOTS.);
#877 = CARTESIAN_POINT('',(-1.04665166673,1.411279661925E-16));
#878 = CARTESIAN_POINT('',(-0.967432172899,-3.894606058612E-02));
#879 = CARTESIAN_POINT('',(-0.883870443873,-6.933652835723E-02));
#880 = CARTESIAN_POINT('',(-0.796562360644,-9.175760032814E-02));
#881 = CARTESIAN_POINT('',(-0.706490320986,-0.106580980529));
#882 = CARTESIAN_POINT('',(-0.615044760686,-0.1139926819));
#883 = CARTESIAN_POINT('',(-0.523598775598,-0.1139926819));
#884 = ( GEOMETRIC_REPRESENTATION_CONTEXT(2) 
PARAMETRIC_REPRESENTATION_CONTEXT() REPRESENTATION_CONTEXT('2D SPACE',''
  ) );
#885 = ORIENTED_EDGE('',*,*,#886,.F.);
#886 = EDGE_CURVE('',#778,#859,#887,.T.);
#887 = SURFACE_CURVE('',#888,(#892,#898),.PCURVE_S1.);
#888 = LINE('',#889,#890);
#889 = CARTESIAN_POINT('',(1.588713713245,2.748267129978,0.1139926819));
#890 = VECTOR('',#891,1.);
#891 = DIRECTION('',(0.,0.,1.));
#892 = PCURVE('',#763,#893);
#893 = DEFINITIONAL_REPRESENTATION('',(#894),#897);
#894 = B_SPLINE_CURVE_WITH_KNOTS('',1,(#895,#896),.UNSPECIFIED.,.F.,.F.,
  (2,2),(-6.000000000034E-07,2.172015236199),.PIECEWISE_BEZIER_KNOTS.);
#895 = CARTESIAN_POINT('',(3.173425534596,-0.1139920819));
#896 = CARTESIAN_POINT('',(3.173425534596,-2.2860079181));
#897 = ( GEOMETRIC_REPRESENTATION_CONTEXT(2) 
PARAMETRIC_REPRESENTATION_CONTEXT() REPRESENTATION_CONTEXT('2D SPACE',''
  ) );
#898 = PCURVE('',#899,#904);
#899 = CYLINDRICAL_SURFACE('',#900,3.174426480543);
#900 = AXIS2_PLACEMENT_3D('',#901,#902,#903);
#901 = CARTESIAN_POINT('',(0.,0.,0.1139926819));
#902 = DIRECTION('',(0.,0.,1.));
#903 = DIRECTION('',(1.,0.,-0.));
#904 = DEFINITIONAL_REPRESENTATION('',(#905),#908);
#905 = B_SPLINE_CURVE_WITH_KNOTS('',1,(#906,#907),.UNSPECIFIED.,.F.,.F.,
  (2,2),(-6.000000000034E-07,2.172015236199),.PIECEWISE_BEZIER_KNOTS.);
#906 = CARTESIAN_POINT('',(1.04665166673,-6.000000000034E-07));
#907 = CARTESIAN_POINT('',(1.04665166673,2.172015236199));
#908 = ( GEOMETRIC_REPRESENTATION_CONTEXT(2) 
PARAMETRIC_REPRESENTATION_CONTEXT() REPRESENTATION_CONTEXT('2D SPACE',''
  ) );
#909 = ADVANCED_FACE('',(#910),#899,.T.);
#910 = FACE_BOUND('',#911,.T.);
#911 = EDGE_LOOP('',(#912,#913,#937,#963));
#912 = ORIENTED_EDGE('',*,*,#886,.F.);
#913 = ORIENTED_EDGE('',*,*,#914,.T.);
#914 = EDGE_CURVE('',#778,#915,#917,.T.);
#915 = VERTEX_POINT('',#916);
#916 = CARTESIAN_POINT('',(1.585712294325,2.75,0.1139926819));
#917 = SURFACE_CURVE('',#918,(#923,#930),.PCURVE_S1.);
#918 = CIRCLE('',#919,3.174426480543);
#919 = AXIS2_PLACEMENT_3D('',#920,#921,#922);
#920 = CARTESIAN_POINT('',(0.,0.,0.1139926819));
#921 = DIRECTION('',(0.,0.,1.));
#922 = DIRECTION('',(1.,0.,-0.));
#923 = PCURVE('',#899,#924);
#924 = DEFINITIONAL_REPRESENTATION('',(#925),#929);
#925 = LINE('',#926,#927);
#926 = CARTESIAN_POINT('',(0.,0.));
#927 = VECTOR('',#928,1.);
#928 = DIRECTION('',(1.,0.));
#929 = ( GEOMETRIC_REPRESENTATION_CONTEXT(2) 
PARAMETRIC_REPRESENTATION_CONTEXT() REPRESENTATION_CONTEXT('2D SPACE',''
  ) );
#930 = PCURVE('',#192,#931);
#931 = DEFINITIONAL_REPRESENTATION('',(#932),#936);
#932 = LINE('',#933,#934);
#933 = CARTESIAN_POINT('',(0.,0.1139926819));
#934 = VECTOR('',#935,1.);
#935 = DIRECTION('',(1.,0.));
#936 = ( GEOMETRIC_REPRESENTATION_CONTEXT(2) 
PARAMETRIC_REPRESENTATION_CONTEXT() REPRESENTATION_CONTEXT('2D SPACE',''
  ) );
#937 = ORIENTED_EDGE('',*,*,#938,.T.);
#938 = EDGE_CURVE('',#915,#939,#941,.T.);
#939 = VERTEX_POINT('',#940);
#940 = CARTESIAN_POINT('',(1.585712294325,2.75,2.2860073181));
#941 = SURFACE_CURVE('',#942,(#946,#952),.PCURVE_S1.);
#942 = LINE('',#943,#944);
#943 = CARTESIAN_POINT('',(1.585712294325,2.75,0.1139926819));
#944 = VECTOR('',#945,1.);
#945 = DIRECTION('',(0.,0.,1.));
#946 = PCURVE('',#899,#947);
#947 = DEFINITIONAL_REPRESENTATION('',(#948),#951);
#948 = B_SPLINE_CURVE_WITH_KNOTS('',1,(#949,#950),.UNSPECIFIED.,.F.,.F.,
  (2,2),(-6.000000000034E-07,2.172015236199),.PIECEWISE_BEZIER_KNOTS.);
#949 = CARTESIAN_POINT('',(1.047743435664,-6.000000000034E-07));
#950 = CARTESIAN_POINT('',(1.047743435664,2.172015236199));
#951 = ( GEOMETRIC_REPRESENTATION_CONTEXT(2) 
PARAMETRIC_REPRESENTATION_CONTEXT() REPRESENTATION_CONTEXT('2D SPACE',''
  ) );
#952 = PCURVE('',#953,#958);
#953 = PLANE('',#954);
#954 = AXIS2_PLACEMENT_3D('',#955,#956,#957);
#955 = CARTESIAN_POINT('',(1.587713240271,2.75,0.));
#956 = DIRECTION('',(-1.39851831737E-16,-1.,0.));
#957 = DIRECTION('',(-1.,1.39851831737E-16,0.));
#958 = DEFINITIONAL_REPRESENTATION('',(#959),#962);
#959 = B_SPLINE_CURVE_WITH_KNOTS('',1,(#960,#961),.UNSPECIFIED.,.F.,.F.,
  (2,2),(-6.000000000034E-07,2.172015236199),.PIECEWISE_BEZIER_KNOTS.);
#960 = CARTESIAN_POINT('',(2.000945946852E-03,-0.1139920819));
#961 = CARTESIAN_POINT('',(2.000945946852E-03,-2.2860079181));
#962 = ( GEOMETRIC_REPRESENTATION_CONTEXT(2) 
PARAMETRIC_REPRESENTATION_CONTEXT() REPRESENTATION_CONTEXT('2D SPACE',''
  ) );
#963 = ORIENTED_EDGE('',*,*,#964,.F.);
#964 = EDGE_CURVE('',#859,#939,#965,.T.);
#965 = SURFACE_CURVE('',#966,(#971,#978),.PCURVE_S1.);
#966 = CIRCLE('',#967,3.174426480543);
#967 = AXIS2_PLACEMENT_3D('',#968,#969,#970);
#968 = CARTESIAN_POINT('',(0.,0.,2.2860073181));
#969 = DIRECTION('',(0.,0.,1.));
#970 = DIRECTION('',(1.,0.,-0.));
#971 = PCURVE('',#899,#972);
#972 = DEFINITIONAL_REPRESENTATION('',(#973),#977);
#973 = LINE('',#974,#975);
#974 = CARTESIAN_POINT('',(0.,2.172014636199));
#975 = VECTOR('',#976,1.);
#976 = DIRECTION('',(1.,0.));
#977 = ( GEOMETRIC_REPRESENTATION_CONTEXT(2) 
PARAMETRIC_REPRESENTATION_CONTEXT() REPRESENTATION_CONTEXT('2D SPACE',''
  ) );
#978 = PCURVE('',#341,#979);
#979 = DEFINITIONAL_REPRESENTATION('',(#980),#984);
#980 = LINE('',#981,#982);
#981 = CARTESIAN_POINT('',(-0.,-0.));
#982 = VECTOR('',#983,1.);
#983 = DIRECTION('',(-1.,-0.));
#984 = ( GEOMETRIC_REPRESENTATION_CONTEXT(2) 
PARAMETRIC_REPRESENTATION_CONTEXT() REPRESENTATION_CONTEXT('2D SPACE',''
  ) );
#985 = ADVANCED_FACE('',(#986),#953,.F.);
#986 = FACE_BOUND('',#987,.F.);
#987 = EDGE_LOOP('',(#988,#1016,#1042,#1043,#1069,#1097));
#988 = ORIENTED_EDGE('',*,*,#989,.F.);
#989 = EDGE_CURVE('',#149,#990,#992,.T.);
#990 = VERTEX_POINT('',#991);
#991 = CARTESIAN_POINT('',(-1.585712294325,2.75,0.1139926819));
#992 = SURFACE_CURVE('',#993,(#998,#1005),.PCURVE_S1.);
#993 = HYPERBOLA('',#994,0.738596410914,2.75);
#994 = AXIS2_PLACEMENT_3D('',#995,#996,#997);
#995 = CARTESIAN_POINT('',(3.845925372767E-16,2.75,-0.738596410914));
#996 = DIRECTION('',(-1.39851831737E-16,-1.,0.));
#997 = DIRECTION('',(0.,0.,1.));
#998 = PCURVE('',#953,#999);
#999 = DEFINITIONAL_REPRESENTATION('',(#1000),#1004);
#1000 = ( BOUNDED_CURVE() B_SPLINE_CURVE(2,(#1001,#1002,#1003),
.UNSPECIFIED.,.F.,.F.) B_SPLINE_CURVE_WITH_KNOTS((3,3),(
7.861949177962E-17,0.548675910524),.PIECEWISE_BEZIER_KNOTS.) CURVE() 
GEOMETRIC_REPRESENTATION_ITEM() RATIONAL_B_SPLINE_CURVE((1.,
1.037867260784,1.)) REPRESENTATION_ITEM('') );
#1001 = CARTESIAN_POINT('',(1.587713240271,0.));
#1002 = CARTESIAN_POINT('',(2.323769097107,0.));
#1003 = CARTESIAN_POINT('',(3.173425534596,-0.1139926819));
#1004 = ( GEOMETRIC_REPRESENTATION_CONTEXT(2) 
PARAMETRIC_REPRESENTATION_CONTEXT() REPRESENTATION_CONTEXT('2D SPACE',''
  ) );
#1005 = PCURVE('',#165,#1006);
#1006 = DEFINITIONAL_REPRESENTATION('',(#1007),#1015);
#1007 = B_SPLINE_CURVE_WITH_KNOTS('',6,(#1008,#1009,#1010,#1011,#1012,
    #1013,#1014),.UNSPECIFIED.,.F.,.F.,(7,7),(7.861949177962E-17,
    0.548675910524),.PIECEWISE_BEZIER_KNOTS.);
#1008 = CARTESIAN_POINT('',(1.570796326795,0.));
#1009 = CARTESIAN_POINT('',(1.662242311882,5.310092270779E-18));
#1010 = CARTESIAN_POINT('',(1.753687872182,7.411701371088E-03));
#1011 = CARTESIAN_POINT('',(1.84375991184,2.223508157215E-02));
#1012 = CARTESIAN_POINT('',(1.93106799507,4.465615354307E-02));
#1013 = CARTESIAN_POINT('',(2.014629724096,7.504662131418E-02));
#1014 = CARTESIAN_POINT('',(2.093849217926,0.1139926819));
#1015 = ( GEOMETRIC_REPRESENTATION_CONTEXT(2) 
PARAMETRIC_REPRESENTATION_CONTEXT() REPRESENTATION_CONTEXT('2D SPACE',''
  ) );
#1016 = ORIENTED_EDGE('',*,*,#1017,.F.);
#1017 = EDGE_CURVE('',#915,#149,#1018,.T.);
#1018 = SURFACE_CURVE('',#1019,(#1024,#1031),.PCURVE_S1.);
#1019 = HYPERBOLA('',#1020,0.738596410914,2.75);
#1020 = AXIS2_PLACEMENT_3D('',#1021,#1022,#1023);
#1021 = CARTESIAN_POINT('',(3.845925372767E-16,2.75,-0.738596410914));
#1022 = DIRECTION('',(-1.39851831737E-16,-1.,0.));
#1023 = DIRECTION('',(0.,0.,1.));
#1024 = PCURVE('',#953,#1025);
#1025 = DEFINITIONAL_REPRESENTATION('',(#1026),#1030);
#1026 = ( BOUNDED_CURVE() B_SPLINE_CURVE(2,(#1027,#1028,#1029),
.UNSPECIFIED.,.F.,.F.) B_SPLINE_CURVE_WITH_KNOTS((3,3),(-0.548675910524,
7.861949177962E-17),.PIECEWISE_BEZIER_KNOTS.) CURVE() 
GEOMETRIC_REPRESENTATION_ITEM() RATIONAL_B_SPLINE_CURVE((1.,
1.037867260784,1.)) REPRESENTATION_ITEM('') );
#1027 = CARTESIAN_POINT('',(2.000945946853E-03,-0.1139926819));
#1028 = CARTESIAN_POINT('',(0.851657383436,0.));
#1029 = CARTESIAN_POINT('',(1.587713240271,0.));
#1030 = ( GEOMETRIC_REPRESENTATION_CONTEXT(2) 
PARAMETRIC_REPRESENTATION_CONTEXT() REPRESENTATION_CONTEXT('2D SPACE',''
  ) );
#1031 = PCURVE('',#192,#1032);
#1032 = DEFINITIONAL_REPRESENTATION('',(#1033),#1041);
#1033 = B_SPLINE_CURVE_WITH_KNOTS('',6,(#1034,#1035,#1036,#1037,#1038,
    #1039,#1040),.UNSPECIFIED.,.F.,.F.,(7,7),(-0.548675910524,
    7.861949177962E-17),.PIECEWISE_BEZIER_KNOTS.);
#1034 = CARTESIAN_POINT('',(1.047743435664,0.1139926819));
#1035 = CARTESIAN_POINT('',(1.126962929494,7.504662131418E-02));
#1036 = CARTESIAN_POINT('',(1.21052465852,4.465615354307E-02));
#1037 = CARTESIAN_POINT('',(1.297832741749,2.223508157215E-02));
#1038 = CARTESIAN_POINT('',(1.387904781408,7.411701371087E-03));
#1039 = CARTESIAN_POINT('',(1.479350341708,-5.310092270779E-18));
#1040 = CARTESIAN_POINT('',(1.570796326795,0.));
#1041 = ( GEOMETRIC_REPRESENTATION_CONTEXT(2) 
PARAMETRIC_REPRESENTATION_CONTEXT() REPRESENTATION_CONTEXT('2D SPACE',''
  ) );
#1042 = ORIENTED_EDGE('',*,*,#938,.T.);
#1043 = ORIENTED_EDGE('',*,*,#1044,.F.);
#1044 = EDGE_CURVE('',#325,#939,#1045,.T.);
#1045 = SURFACE_CURVE('',#1046,(#1051,#1058),.PCURVE_S1.);
#1046 = HYPERBOLA('',#1047,0.738596410914,2.75);
#1047 = AXIS2_PLACEMENT_3D('',#1048,#1049,#1050);
#1048 = CARTESIAN_POINT('',(3.845925372767E-16,2.75,3.138596410914));
#1049 = DIRECTION('',(-1.39851831737E-16,-1.,0.));
#1050 = DIRECTION('',(-0.,0.,-1.));
#1051 = PCURVE('',#953,#1052);
#1052 = DEFINITIONAL_REPRESENTATION('',(#1053),#1057);
#1053 = ( BOUNDED_CURVE() B_SPLINE_CURVE(2,(#1054,#1055,#1056),
.UNSPECIFIED.,.F.,.F.) B_SPLINE_CURVE_WITH_KNOTS((3,3),(
-7.861949177962E-17,0.548675910524),.PIECEWISE_BEZIER_KNOTS.) CURVE() 
GEOMETRIC_REPRESENTATION_ITEM() RATIONAL_B_SPLINE_CURVE((1.,
1.037867260784,1.)) REPRESENTATION_ITEM('') );
#1054 = CARTESIAN_POINT('',(1.587713240271,-2.4));
#1055 = CARTESIAN_POINT('',(0.851657383436,-2.4));
#1056 = CARTESIAN_POINT('',(2.000945946853E-03,-2.2860073181));
#1057 = ( GEOMETRIC_REPRESENTATION_CONTEXT(2) 
PARAMETRIC_REPRESENTATION_CONTEXT() REPRESENTATION_CONTEXT('2D SPACE',''
  ) );
#1058 = PCURVE('',#341,#1059);
#1059 = DEFINITIONAL_REPRESENTATION('',(#1060),#1068);
#1060 = B_SPLINE_CURVE_WITH_KNOTS('',6,(#1061,#1062,#1063,#1064,#1065,
    #1066,#1067),.UNSPECIFIED.,.F.,.F.,(7,7),(-7.861949177962E-17,
    0.548675910524),.PIECEWISE_BEZIER_KNOTS.);
#1061 = CARTESIAN_POINT('',(-1.570796326795,-0.1139926819));
#1062 = CARTESIAN_POINT('',(-1.479350341708,-0.1139926819));
#1063 = CARTESIAN_POINT('',(-1.387904781408,-0.106580980529));
#1064 = CARTESIAN_POINT('',(-1.29783274175,-9.175760032814E-02));
#1065 = CARTESIAN_POINT('',(-1.21052465852,-6.933652835723E-02));
#1066 = CARTESIAN_POINT('',(-1.126962929494,-3.894606058612E-02));
#1067 = CARTESIAN_POINT('',(-1.047743435664,0.));
#1068 = ( GEOMETRIC_REPRESENTATION_CONTEXT(2) 
PARAMETRIC_REPRESENTATION_CONTEXT() REPRESENTATION_CONTEXT('2D SPACE',''
  ) );
#1069 = ORIENTED_EDGE('',*,*,#1070,.F.);
#1070 = EDGE_CURVE('',#1071,#325,#1073,.T.);
#1071 = VERTEX_POINT('',#1072);
#1072 = CARTESIAN_POINT('',(-1.585712294325,2.75,2.2860073181));
#1073 = SURFACE_CURVE('',#1074,(#1079,#1086),.PCURVE_S1.);
#1074 = HYPERBOLA('',#1075,0.738596410914,2.75);
#1075 = AXIS2_PLACEMENT_3D('',#1076,#1077,#1078);
#1076 = CARTESIAN_POINT('',(3.845925372767E-16,2.75,3.138596410914));
#1077 = DIRECTION('',(-1.39851831737E-16,-1.,0.));
#1078 = DIRECTION('',(-0.,0.,-1.));
#1079 = PCURVE('',#953,#1080);
#1080 = DEFINITIONAL_REPRESENTATION('',(#1081),#1085);
#1081 = ( BOUNDED_CURVE() B_SPLINE_CURVE(2,(#1082,#1083,#1084),
.UNSPECIFIED.,.F.,.F.) B_SPLINE_CURVE_WITH_KNOTS((3,3),(-0.548675910524,
-7.861949177962E-17),.PIECEWISE_BEZIER_KNOTS.) CURVE() 
GEOMETRIC_REPRESENTATION_ITEM() RATIONAL_B_SPLINE_CURVE((1.,
1.037867260784,1.)) REPRESENTATION_ITEM('') );
#1082 = CARTESIAN_POINT('',(3.173425534596,-2.2860073181));
#1083 = CARTESIAN_POINT('',(2.323769097107,-2.4));
#1084 = CARTESIAN_POINT('',(1.587713240271,-2.4));
#1085 = ( GEOMETRIC_REPRESENTATION_CONTEXT(2) 
PARAMETRIC_REPRESENTATION_CONTEXT() REPRESENTATION_CONTEXT('2D SPACE',''
  ) );
#1086 = PCURVE('',#370,#1087);
#1087 = DEFINITIONAL_REPRESENTATION('',(#1088),#1096);
#1088 = B_SPLINE_CURVE_WITH_KNOTS('',6,(#1089,#1090,#1091,#1092,#1093,
    #1094,#1095),.UNSPECIFIED.,.F.,.F.,(7,7),(-0.548675910524,
    -7.861949177962E-17),.PIECEWISE_BEZIER_KNOTS.);
#1089 = CARTESIAN_POINT('',(-2.093849217926,-8.136948625871E-17));
#1090 = CARTESIAN_POINT('',(-2.014629724096,-3.894606058612E-02));
#1091 = CARTESIAN_POINT('',(-1.93106799507,-6.933652835722E-02));
#1092 = CARTESIAN_POINT('',(-1.84375991184,-9.175760032814E-02));
#1093 = CARTESIAN_POINT('',(-1.753687872182,-0.106580980529));
#1094 = CARTESIAN_POINT('',(-1.662242311882,-0.1139926819));
#1095 = CARTESIAN_POINT('',(-1.570796326795,-0.1139926819));
#1096 = ( GEOMETRIC_REPRESENTATION_CONTEXT(2) 
PARAMETRIC_REPRESENTATION_CONTEXT() REPRESENTATION_CONTEXT('2D SPACE',''
  ) );
#1097 = ORIENTED_EDGE('',*,*,#1098,.F.);
#1098 = EDGE_CURVE('',#990,#1071,#1099,.T.);
#1099 = SURFACE_CURVE('',#1100,(#1104,#1110),.PCURVE_S1.);
#1100 = LINE('',#1101,#1102);
#1101 = CARTESIAN_POINT('',(-1.585712294325,2.75,0.1139926819));
#1102 = VECTOR('',#1103,1.);
#1103 = DIRECTION('',(0.,0.,1.));
#1104 = PCURVE('',#953,#1105);
#1105 = DEFINITIONAL_REPRESENTATION('',(#1106),#1109);
#1106 = B_SPLINE_CURVE_WITH_KNOTS('',1,(#1107,#1108),.UNSPECIFIED.,.F.,
  .F.,(2,2),(-6.000000000034E-07,2.172015236199),
  .PIECEWISE_BEZIER_KNOTS.);
#1107 = CARTESIAN_POINT('',(3.173425534596,-0.1139920819));
#1108 = CARTESIAN_POINT('',(3.173425534596,-2.2860079181));
#1109 = ( GEOMETRIC_REPRESENTATION_CONTEXT(2) 
PARAMETRIC_REPRESENTATION_CONTEXT() REPRESENTATION_CONTEXT('2D SPACE',''
  ) );
#1110 = PCURVE('',#1111,#1116);
#1111 = CYLINDRICAL_SURFACE('',#1112,3.174426480543);
#1112 = AXIS2_PLACEMENT_3D('',#1113,#1114,#1115);
#1113 = CARTESIAN_POINT('',(0.,0.,0.1139926819));
#1114 = DIRECTION('',(0.,0.,1.));
#1115 = DIRECTION('',(1.,0.,-0.));
#1116 = DEFINITIONAL_REPRESENTATION('',(#1117),#1120);
#1117 = B_SPLINE_CURVE_WITH_KNOTS('',1,(#1118,#1119),.UNSPECIFIED.,.F.,
  .F.,(2,2),(-6.000000000034E-07,2.172015236199),
  .PIECEWISE_BEZIER_KNOTS.);
#1118 = CARTESIAN_POINT('',(2.093849217926,-6.000000000034E-07));
#1119 = CARTESIAN_POINT('',(2.093849217926,2.172015236199));
#1120 = ( GEOMETRIC_REPRESENTATION_CONTEXT(2) 
PARAMETRIC_REPRESENTATION_CONTEXT() REPRESENTATION_CONTEXT('2D SPACE',''
  ) );
#1121 = ADVANCED_FACE('',(#1122),#1111,.T.);
#1122 = FACE_BOUND('',#1123,.T.);
#1123 = EDGE_LOOP('',(#1124,#1125,#1149,#1175));
#1124 = ORIENTED_EDGE('',*,*,#1098,.F.);
#1125 = ORIENTED_EDGE('',*,*,#1126,.T.);
#1126 = EDGE_CURVE('',#990,#1127,#1129,.T.);
#1127 = VERTEX_POINT('',#1128);
#1128 = CARTESIAN_POINT('',(-1.588713713245,2.748267129978,0.1139926819)
  );
#1129 = SURFACE_CURVE('',#1130,(#1135,#1142),.PCURVE_S1.);
#1130 = CIRCLE('',#1131,3.174426480543);
#1131 = AXIS2_PLACEMENT_3D('',#1132,#1133,#1134);
#1132 = CARTESIAN_POINT('',(0.,0.,0.1139926819));
#1133 = DIRECTION('',(0.,0.,1.));
#1134 = DIRECTION('',(1.,0.,-0.));
#1135 = PCURVE('',#1111,#1136);
#1136 = DEFINITIONAL_REPRESENTATION('',(#1137),#1141);
#1137 = LINE('',#1138,#1139);
#1138 = CARTESIAN_POINT('',(0.,0.));
#1139 = VECTOR('',#1140,1.);
#1140 = DIRECTION('',(1.,0.));
#1141 = ( GEOMETRIC_REPRESENTATION_CONTEXT(2) 
PARAMETRIC_REPRESENTATION_CONTEXT() REPRESENTATION_CONTEXT('2D SPACE',''
  ) );
#1142 = PCURVE('',#165,#1143);
#1143 = DEFINITIONAL_REPRESENTATION('',(#1144),#1148);
#1144 = LINE('',#1145,#1146);
#1145 = CARTESIAN_POINT('',(0.,0.1139926819));
#1146 = VECTOR('',#1147,1.);
#1147 = DIRECTION('',(1.,0.));
#1148 = ( GEOMETRIC_REPRESENTATION_CONTEXT(2) 
PARAMETRIC_REPRESENTATION_CONTEXT() REPRESENTATION_CONTEXT('2D SPACE',''
  ) );
#1149 = ORIENTED_EDGE('',*,*,#1150,.T.);
#1150 = EDGE_CURVE('',#1127,#1151,#1153,.T.);
#1151 = VERTEX_POINT('',#1152);
#1152 = CARTESIAN_POINT('',(-1.588713713245,2.748267129978,2.2860073181)
  );
#1153 = SURFACE_CURVE('',#1154,(#1158,#1164),.PCURVE_S1.);
#1154 = LINE('',#1155,#1156);
#1155 = CARTESIAN_POINT('',(-1.588713713245,2.748267129978,0.1139926819)
  );
#1156 = VECTOR('',#1157,1.);
#1157 = DIRECTION('',(0.,0.,1.));
#1158 = PCURVE('',#1111,#1159);
#1159 = DEFINITIONAL_REPRESENTATION('',(#1160),#1163);
#1160 = B_SPLINE_CURVE_WITH_KNOTS('',1,(#1161,#1162),.UNSPECIFIED.,.F.,
  .F.,(2,2),(-6.000000000034E-07,2.172015236199),
  .PIECEWISE_BEZIER_KNOTS.);
#1161 = CARTESIAN_POINT('',(2.09494098686,-6.000000000034E-07));
#1162 = CARTESIAN_POINT('',(2.09494098686,2.172015236199));
#1163 = ( GEOMETRIC_REPRESENTATION_CONTEXT(2) 
PARAMETRIC_REPRESENTATION_CONTEXT() REPRESENTATION_CONTEXT('2D SPACE',''
  ) );
#1164 = PCURVE('',#1165,#1170);
#1165 = PLANE('',#1166);
#1166 = AXIS2_PLACEMENT_3D('',#1167,#1168,#1169);
#1167 = CARTESIAN_POINT('',(-1.587713240271,2.75,0.));
#1168 = DIRECTION('',(0.866025403784,-0.5,0.));
#1169 = DIRECTION('',(-0.5,-0.866025403784,0.));
#1170 = DEFINITIONAL_REPRESENTATION('',(#1171),#1174);
#1171 = B_SPLINE_CURVE_WITH_KNOTS('',1,(#1172,#1173),.UNSPECIFIED.,.F.,
  .F.,(2,2),(-6.000000000034E-07,2.172015236199),
  .PIECEWISE_BEZIER_KNOTS.);
#1172 = CARTESIAN_POINT('',(2.000945946852E-03,-0.1139920819));
#1173 = CARTESIAN_POINT('',(2.000945946852E-03,-2.2860079181));
#1174 = ( GEOMETRIC_REPRESENTATION_CONTEXT(2) 
PARAMETRIC_REPRESENTATION_CONTEXT() REPRESENTATION_CONTEXT('2D SPACE',''
  ) );
#1175 = ORIENTED_EDGE('',*,*,#1176,.F.);
#1176 = EDGE_CURVE('',#1071,#1151,#1177,.T.);
#1177 = SURFACE_CURVE('',#1178,(#1183,#1190),.PCURVE_S1.);
#1178 = CIRCLE('',#1179,3.174426480543);
#1179 = AXIS2_PLACEMENT_3D('',#1180,#1181,#1182);
#1180 = CARTESIAN_POINT('',(0.,0.,2.2860073181));
#1181 = DIRECTION('',(0.,0.,1.));
#1182 = DIRECTION('',(1.,0.,-0.));
#1183 = PCURVE('',#1111,#1184);
#1184 = DEFINITIONAL_REPRESENTATION('',(#1185),#1189);
#1185 = LINE('',#1186,#1187);
#1186 = CARTESIAN_POINT('',(0.,2.172014636199));
#1187 = VECTOR('',#1188,1.);
#1188 = DIRECTION('',(1.,0.));
#1189 = ( GEOMETRIC_REPRESENTATION_CONTEXT(2) 
PARAMETRIC_REPRESENTATION_CONTEXT() REPRESENTATION_CONTEXT('2D SPACE',''
  ) );
#1190 = PCURVE('',#370,#1191);
#1191 = DEFINITIONAL_REPRESENTATION('',(#1192),#1196);
#1192 = LINE('',#1193,#1194);
#1193 = CARTESIAN_POINT('',(-0.,-0.));
#1194 = VECTOR('',#1195,1.);
#1195 = DIRECTION('',(-1.,-0.));
#1196 = ( GEOMETRIC_REPRESENTATION_CONTEXT(2) 
PARAMETRIC_REPRESENTATION_CONTEXT() REPRESENTATION_CONTEXT('2D SPACE',''
  ) );
#1197 = ADVANCED_FACE('',(#1198),#1165,.F.);
#1198 = FACE_BOUND('',#1199,.F.);
#1199 = EDGE_LOOP('',(#1200,#1228,#1254,#1255,#1281,#1309));
#1200 = ORIENTED_EDGE('',*,*,#1201,.F.);
#1201 = EDGE_CURVE('',#120,#1202,#1204,.T.);
#1202 = VERTEX_POINT('',#1203);
#1203 = CARTESIAN_POINT('',(-3.17442600757,1.732870021575E-03,
    0.1139926819));
#1204 = SURFACE_CURVE('',#1205,(#1210,#1217),.PCURVE_S1.);
#1205 = HYPERBOLA('',#1206,0.738596410914,2.75);
#1206 = AXIS2_PLACEMENT_3D('',#1207,#1208,#1209);
#1207 = CARTESIAN_POINT('',(-2.381569860407,1.375,-0.738596410914));
#1208 = DIRECTION('',(0.866025403784,-0.5,0.));
#1209 = DIRECTION('',(0.,0.,1.));
#1210 = PCURVE('',#1165,#1211);
#1211 = DEFINITIONAL_REPRESENTATION('',(#1212),#1216);
#1212 = ( BOUNDED_CURVE() B_SPLINE_CURVE(2,(#1213,#1214,#1215),
.UNSPECIFIED.,.F.,.F.) B_SPLINE_CURVE_WITH_KNOTS((3,3),(
-1.506694085685E-16,0.548675910524),.PIECEWISE_BEZIER_KNOTS.) CURVE() 
GEOMETRIC_REPRESENTATION_ITEM() RATIONAL_B_SPLINE_CURVE((1.,
1.037867260784,1.)) REPRESENTATION_ITEM('') );
#1213 = CARTESIAN_POINT('',(1.587713240271,0.));
#1214 = CARTESIAN_POINT('',(2.323769097107,0.));
#1215 = CARTESIAN_POINT('',(3.173425534596,-0.1139926819));
#1216 = ( GEOMETRIC_REPRESENTATION_CONTEXT(2) 
PARAMETRIC_REPRESENTATION_CONTEXT() REPRESENTATION_CONTEXT('2D SPACE',''
  ) );
#1217 = PCURVE('',#136,#1218);
#1218 = DEFINITIONAL_REPRESENTATION('',(#1219),#1227);
#1219 = B_SPLINE_CURVE_WITH_KNOTS('',6,(#1220,#1221,#1222,#1223,#1224,
    #1225,#1226),.UNSPECIFIED.,.F.,.F.,(7,7),(-1.506694085685E-16,
    0.548675910524),.PIECEWISE_BEZIER_KNOTS.);
#1220 = CARTESIAN_POINT('',(2.617993877991,1.112487262256E-16));
#1221 = CARTESIAN_POINT('',(2.709439863079,1.000302458113E-16));
#1222 = CARTESIAN_POINT('',(2.800885423379,7.411701371087E-03));
#1223 = CARTESIAN_POINT('',(2.890957463037,2.223508157215E-02));
#1224 = CARTESIAN_POINT('',(2.978265546266,4.465615354307E-02));
#1225 = CARTESIAN_POINT('',(3.061827275292,7.504662131418E-02));
#1226 = CARTESIAN_POINT('',(3.141046769123,0.1139926819));
#1227 = ( GEOMETRIC_REPRESENTATION_CONTEXT(2) 
PARAMETRIC_REPRESENTATION_CONTEXT() REPRESENTATION_CONTEXT('2D SPACE',''
  ) );
#1228 = ORIENTED_EDGE('',*,*,#1229,.F.);
#1229 = EDGE_CURVE('',#1127,#120,#1230,.T.);
#1230 = SURFACE_CURVE('',#1231,(#1236,#1243),.PCURVE_S1.);
#1231 = HYPERBOLA('',#1232,0.738596410914,2.75);
#1232 = AXIS2_PLACEMENT_3D('',#1233,#1234,#1235);
#1233 = CARTESIAN_POINT('',(-2.381569860407,1.375,-0.738596410914));
#1234 = DIRECTION('',(0.866025403784,-0.5,0.));
#1235 = DIRECTION('',(0.,0.,1.));
#1236 = PCURVE('',#1165,#1237);
#1237 = DEFINITIONAL_REPRESENTATION('',(#1238),#1242);
#1238 = ( BOUNDED_CURVE() B_SPLINE_CURVE(2,(#1239,#1240,#1241),
.UNSPECIFIED.,.F.,.F.) B_SPLINE_CURVE_WITH_KNOTS((3,3),(-0.548675910524,
-1.506694085685E-16),.PIECEWISE_BEZIER_KNOTS.) CURVE() 
GEOMETRIC_REPRESENTATION_ITEM() RATIONAL_B_SPLINE_CURVE((1.,
1.037867260784,1.)) REPRESENTATION_ITEM('') );
#1239 = CARTESIAN_POINT('',(2.000945946852E-03,-0.1139926819));
#1240 = CARTESIAN_POINT('',(0.851657383436,0.));
#1241 = CARTESIAN_POINT('',(1.587713240271,0.));
#1242 = ( GEOMETRIC_REPRESENTATION_CONTEXT(2) 
PARAMETRIC_REPRESENTATION_CONTEXT() REPRESENTATION_CONTEXT('2D SPACE',''
  ) );
#1243 = PCURVE('',#165,#1244);
#1244 = DEFINITIONAL_REPRESENTATION('',(#1245),#1253);
#1245 = B_SPLINE_CURVE_WITH_KNOTS('',6,(#1246,#1247,#1248,#1249,#1250,
    #1251,#1252),.UNSPECIFIED.,.F.,.F.,(7,7),(-0.548675910524,
    -1.506694085685E-16),.PIECEWISE_BEZIER_KNOTS.);
#1246 = CARTESIAN_POINT('',(2.09494098686,0.1139926819));
#1247 = CARTESIAN_POINT('',(2.174160480691,7.504662131418E-02));
#1248 = CARTESIAN_POINT('',(2.257722209717,4.465615354307E-02));
#1249 = CARTESIAN_POINT('',(2.345030292946,2.223508157215E-02));
#1250 = CARTESIAN_POINT('',(2.435102332604,7.411701371088E-03));
#1251 = CARTESIAN_POINT('',(2.526547892904,1.224672066399E-16));
#1252 = CARTESIAN_POINT('',(2.617993877991,1.112487262256E-16));
#1253 = ( GEOMETRIC_REPRESENTATION_CONTEXT(2) 
PARAMETRIC_REPRESENTATION_CONTEXT() REPRESENTATION_CONTEXT('2D SPACE',''
  ) );
#1254 = ORIENTED_EDGE('',*,*,#1150,.T.);
#1255 = ORIENTED_EDGE('',*,*,#1256,.F.);
#1256 = EDGE_CURVE('',#354,#1151,#1257,.T.);
#1257 = SURFACE_CURVE('',#1258,(#1263,#1270),.PCURVE_S1.);
#1258 = HYPERBOLA('',#1259,0.738596410914,2.75);
#1259 = AXIS2_PLACEMENT_3D('',#1260,#1261,#1262);
#1260 = CARTESIAN_POINT('',(-2.381569860407,1.375,3.138596410914));
#1261 = DIRECTION('',(0.866025403784,-0.5,0.));
#1262 = DIRECTION('',(0.,-0.,-1.));
#1263 = PCURVE('',#1165,#1264);
#1264 = DEFINITIONAL_REPRESENTATION('',(#1265),#1269);
#1265 = ( BOUNDED_CURVE() B_SPLINE_CURVE(2,(#1266,#1267,#1268),
.UNSPECIFIED.,.F.,.F.) B_SPLINE_CURVE_WITH_KNOTS((3,3),(
1.506694085685E-16,0.548675910524),.PIECEWISE_BEZIER_KNOTS.) CURVE() 
GEOMETRIC_REPRESENTATION_ITEM() RATIONAL_B_SPLINE_CURVE((1.,
1.037867260784,1.)) REPRESENTATION_ITEM('') );
#1266 = CARTESIAN_POINT('',(1.587713240271,-2.4));
#1267 = CARTESIAN_POINT('',(0.851657383436,-2.4));
#1268 = CARTESIAN_POINT('',(2.000945946852E-03,-2.2860073181));
#1269 = ( GEOMETRIC_REPRESENTATION_CONTEXT(2) 
PARAMETRIC_REPRESENTATION_CONTEXT() REPRESENTATION_CONTEXT('2D SPACE',''
  ) );
#1270 = PCURVE('',#370,#1271);
#1271 = DEFINITIONAL_REPRESENTATION('',(#1272),#1280);
#1272 = B_SPLINE_CURVE_WITH_KNOTS('',6,(#1273,#1274,#1275,#1276,#1277,
    #1278,#1279),.UNSPECIFIED.,.F.,.F.,(7,7),(1.506694085685E-16,
    0.548675910524),.PIECEWISE_BEZIER_KNOTS.);
#1273 = CARTESIAN_POINT('',(-2.617993877991,-0.1139926819));
#1274 = CARTESIAN_POINT('',(-2.526547892904,-0.1139926819));
#1275 = CARTESIAN_POINT('',(-2.435102332604,-0.106580980529));
#1276 = CARTESIAN_POINT('',(-2.345030292946,-9.175760032814E-02));
#1277 = CARTESIAN_POINT('',(-2.257722209717,-6.933652835723E-02));
#1278 = CARTESIAN_POINT('',(-2.174160480691,-3.894606058612E-02));
#1279 = CARTESIAN_POINT('',(-2.09494098686,2.98792399669E-17));
#1280 = ( GEOMETRIC_REPRESENTATION_CONTEXT(2) 
PARAMETRIC_REPRESENTATION_CONTEXT() REPRESENTATION_CONTEXT('2D SPACE',''
  ) );
#1281 = ORIENTED_EDGE('',*,*,#1282,.F.);
#1282 = EDGE_CURVE('',#1283,#354,#1285,.T.);
#1283 = VERTEX_POINT('',#1284);
#1284 = CARTESIAN_POINT('',(-3.17442600757,1.732870021575E-03,
    2.2860073181));
#1285 = SURFACE_CURVE('',#1286,(#1291,#1298),.PCURVE_S1.);
#1286 = HYPERBOLA('',#1287,0.738596410914,2.75);
#1287 = AXIS2_PLACEMENT_3D('',#1288,#1289,#1290);
#1288 = CARTESIAN_POINT('',(-2.381569860407,1.375,3.138596410914));
#1289 = DIRECTION('',(0.866025403784,-0.5,0.));
#1290 = DIRECTION('',(0.,-0.,-1.));
#1291 = PCURVE('',#1165,#1292);
#1292 = DEFINITIONAL_REPRESENTATION('',(#1293),#1297);
#1293 = ( BOUNDED_CURVE() B_SPLINE_CURVE(2,(#1294,#1295,#1296),
.UNSPECIFIED.,.F.,.F.) B_SPLINE_CURVE_WITH_KNOTS((3,3),(-0.548675910524,
1.506694085685E-16),.PIECEWISE_BEZIER_KNOTS.) CURVE() 
GEOMETRIC_REPRESENTATION_ITEM() RATIONAL_B_SPLINE_CURVE((1.,
1.037867260784,1.)) REPRESENTATION_ITEM('') );
#1294 = CARTESIAN_POINT('',(3.173425534596,-2.2860073181));
#1295 = CARTESIAN_POINT('',(2.323769097107,-2.4));
#1296 = CARTESIAN_POINT('',(1.587713240271,-2.4));
#1297 = ( GEOMETRIC_REPRESENTATION_CONTEXT(2) 
PARAMETRIC_REPRESENTATION_CONTEXT() REPRESENTATION_CONTEXT('2D SPACE',''
  ) );
#1298 = PCURVE('',#399,#1299);
#1299 = DEFINITIONAL_REPRESENTATION('',(#1300),#1308);
#1300 = B_SPLINE_CURVE_WITH_KNOTS('',6,(#1301,#1302,#1303,#1304,#1305,
    #1306,#1307),.UNSPECIFIED.,.F.,.F.,(7,7),(-0.548675910524,
    1.506694085685E-16),.PIECEWISE_BEZIER_KNOTS.);
#1301 = CARTESIAN_POINT('',(-3.141046769123,1.112487262256E-16));
#1302 = CARTESIAN_POINT('',(-3.061827275292,-3.894606058612E-02));
#1303 = CARTESIAN_POINT('',(-2.978265546266,-6.933652835723E-02));
#1304 = CARTESIAN_POINT('',(-2.890957463037,-9.175760032814E-02));
#1305 = CARTESIAN_POINT('',(-2.800885423379,-0.106580980529));
#1306 = CARTESIAN_POINT('',(-2.709439863079,-0.1139926819));
#1307 = CARTESIAN_POINT('',(-2.617993877991,-0.1139926819));
#1308 = ( GEOMETRIC_REPRESENTATION_CONTEXT(2) 
PARAMETRIC_REPRESENTATION_CONTEXT() REPRESENTATION_CONTEXT('2D SPACE',''
  ) );
#1309 = ORIENTED_EDGE('',*,*,#1310,.F.);
#1310 = EDGE_CURVE('',#1202,#1283,#1311,.T.);
#1311 = SURFACE_CURVE('',#1312,(#1316,#1322),.PCURVE_S1.);
#1312 = LINE('',#1313,#1314);
#1313 = CARTESIAN_POINT('',(-3.17442600757,1.732870021574E-03,
    0.1139926819));
#1314 = VECTOR('',#1315,1.);
#1315 = DIRECTION('',(0.,0.,1.));
#1316 = PCURVE('',#1165,#1317);
#1317 = DEFINITIONAL_REPRESENTATION('',(#1318),#1321);
#1318 = B_SPLINE_CURVE_WITH_KNOTS('',1,(#1319,#1320),.UNSPECIFIED.,.F.,
  .F.,(2,2),(-6.000000000034E-07,2.172015236199),
  .PIECEWISE_BEZIER_KNOTS.);
#1319 = CARTESIAN_POINT('',(3.173425534596,-0.1139920819));
#1320 = CARTESIAN_POINT('',(3.173425534596,-2.2860079181));
#1321 = ( GEOMETRIC_REPRESENTATION_CONTEXT(2) 
PARAMETRIC_REPRESENTATION_CONTEXT() REPRESENTATION_CONTEXT('2D SPACE',''
  ) );
#1322 = PCURVE('',#1323,#1328);
#1323 = CYLINDRICAL_SURFACE('',#1324,3.174426480543);
#1324 = AXIS2_PLACEMENT_3D('',#1325,#1326,#1327);
#1325 = CARTESIAN_POINT('',(0.,0.,0.1139926819));
#1326 = DIRECTION('',(0.,0.,1.));
#1327 = DIRECTION('',(1.,0.,-0.));
#1328 = DEFINITIONAL_REPRESENTATION('',(#1329),#1332);
#1329 = B_SPLINE_CURVE_WITH_KNOTS('',1,(#1330,#1331),.UNSPECIFIED.,.F.,
  .F.,(2,2),(-6.000000000034E-07,2.172015236199),
  .PIECEWISE_BEZIER_KNOTS.);
#1330 = CARTESIAN_POINT('',(3.141046769123,-6.000000000034E-07));
#1331 = CARTESIAN_POINT('',(3.141046769123,2.172015236199));
#1332 = ( GEOMETRIC_REPRESENTATION_CONTEXT(2) 
PARAMETRIC_REPRESENTATION_CONTEXT() REPRESENTATION_CONTEXT('2D SPACE',''
  ) );
#1333 = ADVANCED_FACE('',(#1334),#1323,.T.);
#1334 = FACE_BOUND('',#1335,.T.);
#1335 = EDGE_LOOP('',(#1336,#1337,#1361,#1387));
#1336 = ORIENTED_EDGE('',*,*,#1310,.F.);
#1337 = ORIENTED_EDGE('',*,*,#1338,.T.);
#1338 = EDGE_CURVE('',#1202,#1339,#1341,.T.);
#1339 = VERTEX_POINT('',#1340);
#1340 = CARTESIAN_POINT('',(-3.17442600757,-1.732870021572E-03,
    0.1139926819));
#1341 = SURFACE_CURVE('',#1342,(#1347,#1354),.PCURVE_S1.);
#1342 = CIRCLE('',#1343,3.174426480543);
#1343 = AXIS2_PLACEMENT_3D('',#1344,#1345,#1346);
#1344 = CARTESIAN_POINT('',(0.,0.,0.1139926819));
#1345 = DIRECTION('',(0.,0.,1.));
#1346 = DIRECTION('',(1.,0.,-0.));
#1347 = PCURVE('',#1323,#1348);
#1348 = DEFINITIONAL_REPRESENTATION('',(#1349),#1353);
#1349 = LINE('',#1350,#1351);
#1350 = CARTESIAN_POINT('',(0.,0.));
#1351 = VECTOR('',#1352,1.);
#1352 = DIRECTION('',(1.,0.));
#1353 = ( GEOMETRIC_REPRESENTATION_CONTEXT(2) 
PARAMETRIC_REPRESENTATION_CONTEXT() REPRESENTATION_CONTEXT('2D SPACE',''
  ) );
#1354 = PCURVE('',#136,#1355);
#1355 = DEFINITIONAL_REPRESENTATION('',(#1356),#1360);
#1356 = LINE('',#1357,#1358);
#1357 = CARTESIAN_POINT('',(0.,0.1139926819));
#1358 = VECTOR('',#1359,1.);
#1359 = DIRECTION('',(1.,0.));
#1360 = ( GEOMETRIC_REPRESENTATION_CONTEXT(2) 
PARAMETRIC_REPRESENTATION_CONTEXT() REPRESENTATION_CONTEXT('2D SPACE',''
  ) );
#1361 = ORIENTED_EDGE('',*,*,#1362,.T.);
#1362 = EDGE_CURVE('',#1339,#1363,#1365,.T.);
#1363 = VERTEX_POINT('',#1364);
#1364 = CARTESIAN_POINT('',(-3.17442600757,-1.732870021572E-03,
    2.2860073181));
#1365 = SURFACE_CURVE('',#1366,(#1370,#1376),.PCURVE_S1.);
#1366 = LINE('',#1367,#1368);
#1367 = CARTESIAN_POINT('',(-3.17442600757,-1.732870021573E-03,
    0.1139926819));
#1368 = VECTOR('',#1369,1.);
#1369 = DIRECTION('',(0.,0.,1.));
#1370 = PCURVE('',#1323,#1371);
#1371 = DEFINITIONAL_REPRESENTATION('',(#1372),#1375);
#1372 = B_SPLINE_CURVE_WITH_KNOTS('',1,(#1373,#1374),.UNSPECIFIED.,.F.,
  .F.,(2,2),(-6.000000000034E-07,2.172015236199),
  .PIECEWISE_BEZIER_KNOTS.);
#1373 = CARTESIAN_POINT('',(3.142138538057,-6.000000000034E-07));
#1374 = CARTESIAN_POINT('',(3.142138538057,2.172015236199));
#1375 = ( GEOMETRIC_REPRESENTATION_CONTEXT(2) 
PARAMETRIC_REPRESENTATION_CONTEXT() REPRESENTATION_CONTEXT('2D SPACE',''
  ) );
#1376 = PCURVE('',#1377,#1382);
#1377 = PLANE('',#1378);
#1378 = AXIS2_PLACEMENT_3D('',#1379,#1380,#1381);
#1379 = CARTESIAN_POINT('',(-3.175426480543,3.888775875325E-16,0.));
#1380 = DIRECTION('',(0.866025403784,0.5,-0.));
#1381 = DIRECTION('',(0.5,-0.866025403784,0.));
#1382 = DEFINITIONAL_REPRESENTATION('',(#1383),#1386);
#1383 = B_SPLINE_CURVE_WITH_KNOTS('',1,(#1384,#1385),.UNSPECIFIED.,.F.,
  .F.,(2,2),(-6.000000000034E-07,2.172015236199),
  .PIECEWISE_BEZIER_KNOTS.);
#1384 = CARTESIAN_POINT('',(2.000945946852E-03,-0.1139920819));
#1385 = CARTESIAN_POINT('',(2.000945946852E-03,-2.2860079181));
#1386 = ( GEOMETRIC_REPRESENTATION_CONTEXT(2) 
PARAMETRIC_REPRESENTATION_CONTEXT() REPRESENTATION_CONTEXT('2D SPACE',''
  ) );
#1387 = ORIENTED_EDGE('',*,*,#1388,.F.);
#1388 = EDGE_CURVE('',#1283,#1363,#1389,.T.);
#1389 = SURFACE_CURVE('',#1390,(#1395,#1402),.PCURVE_S1.);
#1390 = CIRCLE('',#1391,3.174426480543);
#1391 = AXIS2_PLACEMENT_3D('',#1392,#1393,#1394);
#1392 = CARTESIAN_POINT('',(0.,0.,2.2860073181));
#1393 = DIRECTION('',(0.,0.,1.));
#1394 = DIRECTION('',(1.,0.,-0.));
#1395 = PCURVE('',#1323,#1396);
#1396 = DEFINITIONAL_REPRESENTATION('',(#1397),#1401);
#1397 = LINE('',#1398,#1399);
#1398 = CARTESIAN_POINT('',(0.,2.172014636199));
#1399 = VECTOR('',#1400,1.);
#1400 = DIRECTION('',(1.,0.));
#1401 = ( GEOMETRIC_REPRESENTATION_CONTEXT(2) 
PARAMETRIC_REPRESENTATION_CONTEXT() REPRESENTATION_CONTEXT('2D SPACE',''
  ) );
#1402 = PCURVE('',#399,#1403);
#1403 = DEFINITIONAL_REPRESENTATION('',(#1404),#1408);
#1404 = LINE('',#1405,#1406);
#1405 = CARTESIAN_POINT('',(-0.,-0.));
#1406 = VECTOR('',#1407,1.);
#1407 = DIRECTION('',(-1.,-0.));
#1408 = ( GEOMETRIC_REPRESENTATION_CONTEXT(2) 
PARAMETRIC_REPRESENTATION_CONTEXT() REPRESENTATION_CONTEXT('2D SPACE',''
  ) );
#1409 = ADVANCED_FACE('',(#1410),#1377,.F.);
#1410 = FACE_BOUND('',#1411,.F.);
#1411 = EDGE_LOOP('',(#1412,#1440,#1466,#1467,#1493,#1521));
#1412 = ORIENTED_EDGE('',*,*,#1413,.F.);
#1413 = EDGE_CURVE('',#91,#1414,#1416,.T.);
#1414 = VERTEX_POINT('',#1415);
#1415 = CARTESIAN_POINT('',(-1.588713713245,-2.748267129978,0.1139926819
    ));
#1416 = SURFACE_CURVE('',#1417,(#1422,#1429),.PCURVE_S1.);
#1417 = HYPERBOLA('',#1418,0.738596410914,2.75);
#1418 = AXIS2_PLACEMENT_3D('',#1419,#1420,#1421);
#1419 = CARTESIAN_POINT('',(-2.381569860407,-1.375,-0.738596410914));
#1420 = DIRECTION('',(0.866025403784,0.5,-0.));
#1421 = DIRECTION('',(0.,0.,1.));
#1422 = PCURVE('',#1377,#1423);
#1423 = DEFINITIONAL_REPRESENTATION('',(#1424),#1428);
#1424 = ( BOUNDED_CURVE() B_SPLINE_CURVE(2,(#1425,#1426,#1427),
.UNSPECIFIED.,.F.,.F.) B_SPLINE_CURVE_WITH_KNOTS((3,3),(0.,
0.548675910524),.PIECEWISE_BEZIER_KNOTS.) CURVE() 
GEOMETRIC_REPRESENTATION_ITEM() RATIONAL_B_SPLINE_CURVE((1.,
1.037867260784,1.)) REPRESENTATION_ITEM('') );
#1425 = CARTESIAN_POINT('',(1.587713240271,0.));
#1426 = CARTESIAN_POINT('',(2.323769097107,0.));
#1427 = CARTESIAN_POINT('',(3.173425534596,-0.1139926819));
#1428 = ( GEOMETRIC_REPRESENTATION_CONTEXT(2) 
PARAMETRIC_REPRESENTATION_CONTEXT() REPRESENTATION_CONTEXT('2D SPACE',''
  ) );
#1429 = PCURVE('',#107,#1430);
#1430 = DEFINITIONAL_REPRESENTATION('',(#1431),#1439);
#1431 = B_SPLINE_CURVE_WITH_KNOTS('',6,(#1432,#1433,#1434,#1435,#1436,
    #1437,#1438),.UNSPECIFIED.,.F.,.F.,(7,7),(0.,0.548675910524),
  .PIECEWISE_BEZIER_KNOTS.);
#1432 = CARTESIAN_POINT('',(3.665191429188,0.));
#1433 = CARTESIAN_POINT('',(3.756637414275,-3.160136055768E-17));
#1434 = CARTESIAN_POINT('',(3.848082974575,7.411701371087E-03));
#1435 = CARTESIAN_POINT('',(3.938155014233,2.223508157215E-02));
#1436 = CARTESIAN_POINT('',(4.025463097463,4.465615354307E-02));
#1437 = CARTESIAN_POINT('',(4.109024826489,7.504662131418E-02));
#1438 = CARTESIAN_POINT('',(4.188244320319,0.1139926819));
#1439 = ( GEOMETRIC_REPRESENTATION_CONTEXT(2) 
PARAMETRIC_REPRESENTATION_CONTEXT() REPRESENTATION_CONTEXT('2D SPACE',''
  ) );
#1440 = ORIENTED_EDGE('',*,*,#1441,.F.);
#1441 = EDGE_CURVE('',#1339,#91,#1442,.T.);
#1442 = SURFACE_CURVE('',#1443,(#1448,#1455),.PCURVE_S1.);
#1443 = HYPERBOLA('',#1444,0.738596410914,2.75);
#1444 = AXIS2_PLACEMENT_3D('',#1445,#1446,#1447);
#1445 = CARTESIAN_POINT('',(-2.381569860407,-1.375,-0.738596410914));
#1446 = DIRECTION('',(0.866025403784,0.5,-0.));
#1447 = DIRECTION('',(0.,0.,1.));
#1448 = PCURVE('',#1377,#1449);
#1449 = DEFINITIONAL_REPRESENTATION('',(#1450),#1454);
#1450 = ( BOUNDED_CURVE() B_SPLINE_CURVE(2,(#1451,#1452,#1453),
.UNSPECIFIED.,.F.,.F.) B_SPLINE_CURVE_WITH_KNOTS((3,3),(-0.548675910524,
0.),.PIECEWISE_BEZIER_KNOTS.) CURVE() GEOMETRIC_REPRESENTATION_ITEM() 
RATIONAL_B_SPLINE_CURVE((1.,1.037867260784,1.)) REPRESENTATION_ITEM('') 
  );
#1451 = CARTESIAN_POINT('',(2.000945946851E-03,-0.1139926819));
#1452 = CARTESIAN_POINT('',(0.851657383436,0.));
#1453 = CARTESIAN_POINT('',(1.587713240271,0.));
#1454 = ( GEOMETRIC_REPRESENTATION_CONTEXT(2) 
PARAMETRIC_REPRESENTATION_CONTEXT() REPRESENTATION_CONTEXT('2D SPACE',''
  ) );
#1455 = PCURVE('',#136,#1456);
#1456 = DEFINITIONAL_REPRESENTATION('',(#1457),#1465);
#1457 = B_SPLINE_CURVE_WITH_KNOTS('',6,(#1458,#1459,#1460,#1461,#1462,
    #1463,#1464),.UNSPECIFIED.,.F.,.F.,(7,7),(-0.548675910524,0.),
  .PIECEWISE_BEZIER_KNOTS.);
#1458 = CARTESIAN_POINT('',(3.142138538057,0.1139926819));
#1459 = CARTESIAN_POINT('',(3.221358031887,7.504662131418E-02));
#1460 = CARTESIAN_POINT('',(3.304919760913,4.465615354307E-02));
#1461 = CARTESIAN_POINT('',(3.392227844143,2.223508157215E-02));
#1462 = CARTESIAN_POINT('',(3.482299883801,7.411701371087E-03));
#1463 = CARTESIAN_POINT('',(3.573745444101,3.160136055768E-17));
#1464 = CARTESIAN_POINT('',(3.665191429188,0.));
#1465 = ( GEOMETRIC_REPRESENTATION_CONTEXT(2) 
PARAMETRIC_REPRESENTATION_CONTEXT() REPRESENTATION_CONTEXT('2D SPACE',''
  ) );
#1466 = ORIENTED_EDGE('',*,*,#1362,.T.);
#1467 = ORIENTED_EDGE('',*,*,#1468,.F.);
#1468 = EDGE_CURVE('',#383,#1363,#1469,.T.);
#1469 = SURFACE_CURVE('',#1470,(#1475,#1482),.PCURVE_S1.);
#1470 = HYPERBOLA('',#1471,0.738596410914,2.75);
#1471 = AXIS2_PLACEMENT_3D('',#1472,#1473,#1474);
#1472 = CARTESIAN_POINT('',(-2.381569860407,-1.375,3.138596410914));
#1473 = DIRECTION('',(0.866025403784,0.5,0.));
#1474 = DIRECTION('',(0.,-0.,-1.));
#1475 = PCURVE('',#1377,#1476);
#1476 = DEFINITIONAL_REPRESENTATION('',(#1477),#1481);
#1477 = ( BOUNDED_CURVE() B_SPLINE_CURVE(2,(#1478,#1479,#1480),
.UNSPECIFIED.,.F.,.F.) B_SPLINE_CURVE_WITH_KNOTS((3,3),(0.,
0.548675910524),.PIECEWISE_BEZIER_KNOTS.) CURVE() 
GEOMETRIC_REPRESENTATION_ITEM() RATIONAL_B_SPLINE_CURVE((1.,
1.037867260784,1.)) REPRESENTATION_ITEM('') );
#1478 = CARTESIAN_POINT('',(1.587713240271,-2.4));
#1479 = CARTESIAN_POINT('',(0.851657383436,-2.4));
#1480 = CARTESIAN_POINT('',(2.000945946851E-03,-2.2860073181));
#1481 = ( GEOMETRIC_REPRESENTATION_CONTEXT(2) 
PARAMETRIC_REPRESENTATION_CONTEXT() REPRESENTATION_CONTEXT('2D SPACE',''
  ) );
#1482 = PCURVE('',#399,#1483);
#1483 = DEFINITIONAL_REPRESENTATION('',(#1484),#1492);
#1484 = B_SPLINE_CURVE_WITH_KNOTS('',6,(#1485,#1486,#1487,#1488,#1489,
    #1490,#1491),.UNSPECIFIED.,.F.,.F.,(7,7),(0.,0.548675910524),
  .PIECEWISE_BEZIER_KNOTS.);
#1485 = CARTESIAN_POINT('',(-3.665191429188,-0.1139926819));
#1486 = CARTESIAN_POINT('',(-3.573745444101,-0.1139926819));
#1487 = CARTESIAN_POINT('',(-3.482299883801,-0.106580980529));
#1488 = CARTESIAN_POINT('',(-3.392227844143,-9.175760032813E-02));
#1489 = CARTESIAN_POINT('',(-3.304919760913,-6.933652835723E-02));
#1490 = CARTESIAN_POINT('',(-3.221358031887,-3.894606058612E-02));
#1491 = CARTESIAN_POINT('',(-3.142138538057,2.523766924181E-16));
#1492 = ( GEOMETRIC_REPRESENTATION_CONTEXT(2) 
PARAMETRIC_REPRESENTATION_CONTEXT() REPRESENTATION_CONTEXT('2D SPACE',''
  ) );
#1493 = ORIENTED_EDGE('',*,*,#1494,.F.);
#1494 = EDGE_CURVE('',#1495,#383,#1497,.T.);
#1495 = VERTEX_POINT('',#1496);
#1496 = CARTESIAN_POINT('',(-1.588713713245,-2.748267129978,2.2860073181
    ));
#1497 = SURFACE_CURVE('',#1498,(#1503,#1510),.PCURVE_S1.);
#1498 = HYPERBOLA('',#1499,0.738596410914,2.75);
#1499 = AXIS2_PLACEMENT_3D('',#1500,#1501,#1502);
#1500 = CARTESIAN_POINT('',(-2.381569860407,-1.375,3.138596410914));
#1501 = DIRECTION('',(0.866025403784,0.5,0.));
#1502 = DIRECTION('',(0.,-0.,-1.));
#1503 = PCURVE('',#1377,#1504);
#1504 = DEFINITIONAL_REPRESENTATION('',(#1505),#1509);
#1505 = ( BOUNDED_CURVE() B_SPLINE_CURVE(2,(#1506,#1507,#1508),
.UNSPECIFIED.,.F.,.F.) B_SPLINE_CURVE_WITH_KNOTS((3,3),(-0.548675910524,
0.),.PIECEWISE_BEZIER_KNOTS.) CURVE() GEOMETRIC_REPRESENTATION_ITEM() 
RATIONAL_B_SPLINE_CURVE((1.,1.037867260784,1.)) REPRESENTATION_ITEM('') 
  );
#1506 = CARTESIAN_POINT('',(3.173425534596,-2.2860073181));
#1507 = CARTESIAN_POINT('',(2.323769097107,-2.4));
#1508 = CARTESIAN_POINT('',(1.587713240271,-2.4));
#1509 = ( GEOMETRIC_REPRESENTATION_CONTEXT(2) 
PARAMETRIC_REPRESENTATION_CONTEXT() REPRESENTATION_CONTEXT('2D SPACE',''
  ) );
#1510 = PCURVE('',#428,#1511);
#1511 = DEFINITIONAL_REPRESENTATION('',(#1512),#1520);
#1512 = B_SPLINE_CURVE_WITH_KNOTS('',6,(#1513,#1514,#1515,#1516,#1517,
    #1518,#1519),.UNSPECIFIED.,.F.,.F.,(7,7),(-0.548675910524,0.),
  .PIECEWISE_BEZIER_KNOTS.);
#1513 = CARTESIAN_POINT('',(-4.188244320319,1.411279661925E-16));
#1514 = CARTESIAN_POINT('',(-4.109024826489,-3.894606058612E-02));
#1515 = CARTESIAN_POINT('',(-4.025463097463,-6.933652835722E-02));
#1516 = CARTESIAN_POINT('',(-3.938155014234,-9.175760032814E-02));
#1517 = CARTESIAN_POINT('',(-3.848082974575,-0.106580980529));
#1518 = CARTESIAN_POINT('',(-3.756637414275,-0.1139926819));
#1519 = CARTESIAN_POINT('',(-3.665191429188,-0.1139926819));
#1520 = ( GEOMETRIC_REPRESENTATION_CONTEXT(2) 
PARAMETRIC_REPRESENTATION_CONTEXT() REPRESENTATION_CONTEXT('2D SPACE',''
  ) );
#1521 = ORIENTED_EDGE('',*,*,#1522,.F.);
#1522 = EDGE_CURVE('',#1414,#1495,#1523,.T.);
#1523 = SURFACE_CURVE('',#1524,(#1528,#1534),.PCURVE_S1.);
#1524 = LINE('',#1525,#1526);
#1525 = CARTESIAN_POINT('',(-1.588713713245,-2.748267129978,0.1139926819
    ));
#1526 = VECTOR('',#1527,1.);
#1527 = DIRECTION('',(0.,0.,1.));
#1528 = PCURVE('',#1377,#1529);
#1529 = DEFINITIONAL_REPRESENTATION('',(#1530),#1533);
#1530 = B_SPLINE_CURVE_WITH_KNOTS('',1,(#1531,#1532),.UNSPECIFIED.,.F.,
  .F.,(2,2),(-6.000000000034E-07,2.172015236199),
  .PIECEWISE_BEZIER_KNOTS.);
#1531 = CARTESIAN_POINT('',(3.173425534596,-0.1139920819));
#1532 = CARTESIAN_POINT('',(3.173425534596,-2.2860079181));
#1533 = ( GEOMETRIC_REPRESENTATION_CONTEXT(2) 
PARAMETRIC_REPRESENTATION_CONTEXT() REPRESENTATION_CONTEXT('2D SPACE',''
  ) );
#1534 = PCURVE('',#1535,#1540);
#1535 = CYLINDRICAL_SURFACE('',#1536,3.174426480543);
#1536 = AXIS2_PLACEMENT_3D('',#1537,#1538,#1539);
#1537 = CARTESIAN_POINT('',(0.,0.,0.1139926819));
#1538 = DIRECTION('',(0.,0.,1.));
#1539 = DIRECTION('',(1.,0.,-0.));
#1540 = DEFINITIONAL_REPRESENTATION('',(#1541),#1544);
#1541 = B_SPLINE_CURVE_WITH_KNOTS('',1,(#1542,#1543),.UNSPECIFIED.,.F.,
  .F.,(2,2),(-6.000000000034E-07,2.172015236199),
  .PIECEWISE_BEZIER_KNOTS.);
#1542 = CARTESIAN_POINT('',(4.188244320319,-6.000000000034E-07));
#1543 = CARTESIAN_POINT('',(4.188244320319,2.172015236199));
#1544 = ( GEOMETRIC_REPRESENTATION_CONTEXT(2) 
PARAMETRIC_REPRESENTATION_CONTEXT() REPRESENTATION_CONTEXT('2D SPACE',''
  ) );
#1545 = ADVANCED_FACE('',(#1546),#1535,.T.);
#1546 = FACE_BOUND('',#1547,.T.);
#1547 = EDGE_LOOP('',(#1548,#1572,#1593,#1615));
#1548 = ORIENTED_EDGE('',*,*,#1549,.T.);
#1549 = EDGE_CURVE('',#1414,#1550,#1552,.T.);
#1550 = VERTEX_POINT('',#1551);
#1551 = CARTESIAN_POINT('',(-1.585712294325,-2.75,0.1139926819));
#1552 = SURFACE_CURVE('',#1553,(#1558,#1565),.PCURVE_S1.);
#1553 = CIRCLE('',#1554,3.174426480543);
#1554 = AXIS2_PLACEMENT_3D('',#1555,#1556,#1557);
#1555 = CARTESIAN_POINT('',(0.,0.,0.1139926819));
#1556 = DIRECTION('',(0.,0.,1.));
#1557 = DIRECTION('',(1.,0.,-0.));
#1558 = PCURVE('',#1535,#1559);
#1559 = DEFINITIONAL_REPRESENTATION('',(#1560),#1564);
#1560 = LINE('',#1561,#1562);
#1561 = CARTESIAN_POINT('',(0.,0.));
#1562 = VECTOR('',#1563,1.);
#1563 = DIRECTION('',(1.,0.));
#1564 = ( GEOMETRIC_REPRESENTATION_CONTEXT(2) 
PARAMETRIC_REPRESENTATION_CONTEXT() REPRESENTATION_CONTEXT('2D SPACE',''
  ) );
#1565 = PCURVE('',#107,#1566);
#1566 = DEFINITIONAL_REPRESENTATION('',(#1567),#1571);
#1567 = LINE('',#1568,#1569);
#1568 = CARTESIAN_POINT('',(0.,0.1139926819));
#1569 = VECTOR('',#1570,1.);
#1570 = DIRECTION('',(1.,0.));
#1571 = ( GEOMETRIC_REPRESENTATION_CONTEXT(2) 
PARAMETRIC_REPRESENTATION_CONTEXT() REPRESENTATION_CONTEXT('2D SPACE',''
  ) );
#1572 = ORIENTED_EDGE('',*,*,#1573,.T.);
#1573 = EDGE_CURVE('',#1550,#1574,#1576,.T.);
#1574 = VERTEX_POINT('',#1575);
#1575 = CARTESIAN_POINT('',(-1.585712294325,-2.75,2.2860073181));
#1576 = SURFACE_CURVE('',#1577,(#1581,#1587),.PCURVE_S1.);
#1577 = LINE('',#1578,#1579);
#1578 = CARTESIAN_POINT('',(-1.585712294325,-2.75,0.1139926819));
#1579 = VECTOR('',#1580,1.);
#1580 = DIRECTION('',(0.,0.,1.));
#1581 = PCURVE('',#1535,#1582);
#1582 = DEFINITIONAL_REPRESENTATION('',(#1583),#1586);
#1583 = B_SPLINE_CURVE_WITH_KNOTS('',1,(#1584,#1585),.UNSPECIFIED.,.F.,
  .F.,(2,2),(-6.000000000034E-07,2.172015236199),
  .PIECEWISE_BEZIER_KNOTS.);
#1584 = CARTESIAN_POINT('',(4.189336089253,-6.000000000034E-07));
#1585 = CARTESIAN_POINT('',(4.189336089253,2.172015236199));
#1586 = ( GEOMETRIC_REPRESENTATION_CONTEXT(2) 
PARAMETRIC_REPRESENTATION_CONTEXT() REPRESENTATION_CONTEXT('2D SPACE',''
  ) );
#1587 = PCURVE('',#555,#1588);
#1588 = DEFINITIONAL_REPRESENTATION('',(#1589),#1592);
#1589 = B_SPLINE_CURVE_WITH_KNOTS('',1,(#1590,#1591),.UNSPECIFIED.,.F.,
  .F.,(2,2),(-6.000000000034E-07,2.172015236199),
  .PIECEWISE_BEZIER_KNOTS.);
#1590 = CARTESIAN_POINT('',(2.000945946852E-03,-0.1139920819));
#1591 = CARTESIAN_POINT('',(2.000945946852E-03,-2.2860079181));
#1592 = ( GEOMETRIC_REPRESENTATION_CONTEXT(2) 
PARAMETRIC_REPRESENTATION_CONTEXT() REPRESENTATION_CONTEXT('2D SPACE',''
  ) );
#1593 = ORIENTED_EDGE('',*,*,#1594,.F.);
#1594 = EDGE_CURVE('',#1495,#1574,#1595,.T.);
#1595 = SURFACE_CURVE('',#1596,(#1601,#1608),.PCURVE_S1.);
#1596 = CIRCLE('',#1597,3.174426480543);
#1597 = AXIS2_PLACEMENT_3D('',#1598,#1599,#1600);
#1598 = CARTESIAN_POINT('',(0.,0.,2.2860073181));
#1599 = DIRECTION('',(0.,0.,1.));
#1600 = DIRECTION('',(1.,0.,-0.));
#1601 = PCURVE('',#1535,#1602);
#1602 = DEFINITIONAL_REPRESENTATION('',(#1603),#1607);
#1603 = LINE('',#1604,#1605);
#1604 = CARTESIAN_POINT('',(0.,2.172014636199));
#1605 = VECTOR('',#1606,1.);
#1606 = DIRECTION('',(1.,0.));
#1607 = ( GEOMETRIC_REPRESENTATION_CONTEXT(2) 
PARAMETRIC_REPRESENTATION_CONTEXT() REPRESENTATION_CONTEXT('2D SPACE',''
  ) );
#1608 = PCURVE('',#428,#1609);
#1609 = DEFINITIONAL_REPRESENTATION('',(#1610),#1614);
#1610 = LINE('',#1611,#1612);
#1611 = CARTESIAN_POINT('',(-0.,-0.));
#1612 = VECTOR('',#1613,1.);
#1613 = DIRECTION('',(-1.,-0.));
#1614 = ( GEOMETRIC_REPRESENTATION_CONTEXT(2) 
PARAMETRIC_REPRESENTATION_CONTEXT() REPRESENTATION_CONTEXT('2D SPACE',''
  ) );
#1615 = ORIENTED_EDGE('',*,*,#1522,.F.);
#1616 = ADVANCED_FACE('',(#1617),#555,.F.);
#1617 = FACE_BOUND('',#1618,.F.);
#1618 = EDGE_LOOP('',(#1619,#1647,#1673,#1674,#1700,#1701));
#1619 = ORIENTED_EDGE('',*,*,#1620,.F.);
#1620 = EDGE_CURVE('',#62,#1621,#1623,.T.);
#1621 = VERTEX_POINT('',#1622);
#1622 = CARTESIAN_POINT('',(1.585712294325,-2.75,0.1139926819));
#1623 = SURFACE_CURVE('',#1624,(#1629,#1636),.PCURVE_S1.);
#1624 = HYPERBOLA('',#1625,0.738596410914,2.75);
#1625 = AXIS2_PLACEMENT_3D('',#1626,#1627,#1628);
#1626 = CARTESIAN_POINT('',(-1.538370149107E-15,-2.75,-0.738596410914));
#1627 = DIRECTION('',(5.594073269479E-16,1.,-0.));
#1628 = DIRECTION('',(0.,0.,1.));
#1629 = PCURVE('',#555,#1630);
#1630 = DEFINITIONAL_REPRESENTATION('',(#1631),#1635);
#1631 = ( BOUNDED_CURVE() B_SPLINE_CURVE(2,(#1632,#1633,#1634),
.UNSPECIFIED.,.F.,.F.) B_SPLINE_CURVE_WITH_KNOTS((3,3),(
-5.124681126243E-16,0.548675910524),.PIECEWISE_BEZIER_KNOTS.) CURVE() 
GEOMETRIC_REPRESENTATION_ITEM() RATIONAL_B_SPLINE_CURVE((1.,
1.037867260784,1.)) REPRESENTATION_ITEM('') );
#1632 = CARTESIAN_POINT('',(1.587713240271,0.));
#1633 = CARTESIAN_POINT('',(2.323769097107,1.110223024625E-16));
#1634 = CARTESIAN_POINT('',(3.173425534596,-0.1139926819));
#1635 = ( GEOMETRIC_REPRESENTATION_CONTEXT(2) 
PARAMETRIC_REPRESENTATION_CONTEXT() REPRESENTATION_CONTEXT('2D SPACE',''
  ) );
#1636 = PCURVE('',#78,#1637);
#1637 = DEFINITIONAL_REPRESENTATION('',(#1638),#1646);
#1638 = B_SPLINE_CURVE_WITH_KNOTS('',6,(#1639,#1640,#1641,#1642,#1643,
    #1644,#1645),.UNSPECIFIED.,.F.,.F.,(7,7),(-5.124681126243E-16,
    0.548675910524),.PIECEWISE_BEZIER_KNOTS.);
#1639 = CARTESIAN_POINT('',(4.712388980385,0.));
#1640 = CARTESIAN_POINT('',(4.803834965472,-3.461295541689E-17));
#1641 = CARTESIAN_POINT('',(4.895280525772,7.411701371087E-03));
#1642 = CARTESIAN_POINT('',(4.98535256543,2.223508157215E-02));
#1643 = CARTESIAN_POINT('',(5.072660648659,4.465615354307E-02));
#1644 = CARTESIAN_POINT('',(5.156222377686,7.504662131418E-02));
#1645 = CARTESIAN_POINT('',(5.235441871516,0.1139926819));
#1646 = ( GEOMETRIC_REPRESENTATION_CONTEXT(2) 
PARAMETRIC_REPRESENTATION_CONTEXT() REPRESENTATION_CONTEXT('2D SPACE',''
  ) );
#1647 = ORIENTED_EDGE('',*,*,#1648,.F.);
#1648 = EDGE_CURVE('',#1550,#62,#1649,.T.);
#1649 = SURFACE_CURVE('',#1650,(#1655,#1662),.PCURVE_S1.);
#1650 = HYPERBOLA('',#1651,0.738596410914,2.75);
#1651 = AXIS2_PLACEMENT_3D('',#1652,#1653,#1654);
#1652 = CARTESIAN_POINT('',(-1.538370149107E-15,-2.75,-0.738596410914));
#1653 = DIRECTION('',(5.594073269479E-16,1.,-0.));
#1654 = DIRECTION('',(0.,0.,1.));
#1655 = PCURVE('',#555,#1656);
#1656 = DEFINITIONAL_REPRESENTATION('',(#1657),#1661);
#1657 = ( BOUNDED_CURVE() B_SPLINE_CURVE(2,(#1658,#1659,#1660),
.UNSPECIFIED.,.F.,.F.) B_SPLINE_CURVE_WITH_KNOTS((3,3),(-0.548675910524,
-5.124681126243E-16),.PIECEWISE_BEZIER_KNOTS.) CURVE() 
GEOMETRIC_REPRESENTATION_ITEM() RATIONAL_B_SPLINE_CURVE((1.,
1.037867260784,1.)) REPRESENTATION_ITEM('') );
#1658 = CARTESIAN_POINT('',(2.000945946851E-03,-0.1139926819));
#1659 = CARTESIAN_POINT('',(0.851657383436,0.));
#1660 = CARTESIAN_POINT('',(1.587713240271,0.));
#1661 = ( GEOMETRIC_REPRESENTATION_CONTEXT(2) 
PARAMETRIC_REPRESENTATION_CONTEXT() REPRESENTATION_CONTEXT('2D SPACE',''
  ) );
#1662 = PCURVE('',#107,#1663);
#1663 = DEFINITIONAL_REPRESENTATION('',(#1664),#1672);
#1664 = B_SPLINE_CURVE_WITH_KNOTS('',6,(#1665,#1666,#1667,#1668,#1669,
    #1670,#1671),.UNSPECIFIED.,.F.,.F.,(7,7),(-0.548675910524,
    -5.124681126243E-16),.PIECEWISE_BEZIER_KNOTS.);
#1665 = CARTESIAN_POINT('',(4.189336089253,0.1139926819));
#1666 = CARTESIAN_POINT('',(4.268555583084,7.504662131418E-02));
#1667 = CARTESIAN_POINT('',(4.35211731211,4.465615354307E-02));
#1668 = CARTESIAN_POINT('',(4.439425395339,2.223508157215E-02));
#1669 = CARTESIAN_POINT('',(4.529497434997,7.411701371088E-03));
#1670 = CARTESIAN_POINT('',(4.620942995297,3.461295541689E-17));
#1671 = CARTESIAN_POINT('',(4.712388980385,0.));
#1672 = ( GEOMETRIC_REPRESENTATION_CONTEXT(2) 
PARAMETRIC_REPRESENTATION_CONTEXT() REPRESENTATION_CONTEXT('2D SPACE',''
  ) );
#1673 = ORIENTED_EDGE('',*,*,#1573,.T.);
#1674 = ORIENTED_EDGE('',*,*,#1675,.F.);
#1675 = EDGE_CURVE('',#412,#1574,#1676,.T.);
#1676 = SURFACE_CURVE('',#1677,(#1682,#1689),.PCURVE_S1.);
#1677 = HYPERBOLA('',#1678,0.738596410914,2.75);
#1678 = AXIS2_PLACEMENT_3D('',#1679,#1680,#1681);
#1679 = CARTESIAN_POINT('',(-1.538370149107E-15,-2.75,3.138596410914));
#1680 = DIRECTION('',(5.594073269479E-16,1.,0.));
#1681 = DIRECTION('',(0.,-0.,-1.));
#1682 = PCURVE('',#555,#1683);
#1683 = DEFINITIONAL_REPRESENTATION('',(#1684),#1688);
#1684 = ( BOUNDED_CURVE() B_SPLINE_CURVE(2,(#1685,#1686,#1687),
.UNSPECIFIED.,.F.,.F.) B_SPLINE_CURVE_WITH_KNOTS((3,3),(
5.124681126243E-16,0.548675910524),.PIECEWISE_BEZIER_KNOTS.) CURVE() 
GEOMETRIC_REPRESENTATION_ITEM() RATIONAL_B_SPLINE_CURVE((1.,
1.037867260784,1.)) REPRESENTATION_ITEM('') );
#1685 = CARTESIAN_POINT('',(1.587713240271,-2.4));
#1686 = CARTESIAN_POINT('',(0.851657383436,-2.4));
#1687 = CARTESIAN_POINT('',(2.000945946851E-03,-2.2860073181));
#1688 = ( GEOMETRIC_REPRESENTATION_CONTEXT(2) 
PARAMETRIC_REPRESENTATION_CONTEXT() REPRESENTATION_CONTEXT('2D SPACE',''
  ) );
#1689 = PCURVE('',#428,#1690);
#1690 = DEFINITIONAL_REPRESENTATION('',(#1691),#1699);
#1691 = B_SPLINE_CURVE_WITH_KNOTS('',6,(#1692,#1693,#1694,#1695,#1696,
    #1697,#1698),.UNSPECIFIED.,.F.,.F.,(7,7),(5.124681126243E-16,
    0.548675910524),.PIECEWISE_BEZIER_KNOTS.);
#1692 = CARTESIAN_POINT('',(-4.712388980385,-0.1139926819));
#1693 = CARTESIAN_POINT('',(-4.620942995297,-0.1139926819));
#1694 = CARTESIAN_POINT('',(-4.529497434997,-0.106580980529));
#1695 = CARTESIAN_POINT('',(-4.439425395339,-9.175760032814E-02));
#1696 = CARTESIAN_POINT('',(-4.35211731211,-6.933652835723E-02));
#1697 = CARTESIAN_POINT('',(-4.268555583084,-3.894606058612E-02));
#1698 = CARTESIAN_POINT('',(-4.189336089253,1.411279661925E-16));
#1699 = ( GEOMETRIC_REPRESENTATION_CONTEXT(2) 
PARAMETRIC_REPRESENTATION_CONTEXT() REPRESENTATION_CONTEXT('2D SPACE',''
  ) );
#1700 = ORIENTED_EDGE('',*,*,#536,.F.);
#1701 = ORIENTED_EDGE('',*,*,#1702,.F.);
#1702 = EDGE_CURVE('',#1621,#474,#1703,.T.);
#1703 = SURFACE_CURVE('',#1704,(#1708,#1714),.PCURVE_S1.);
#1704 = LINE('',#1705,#1706);
#1705 = CARTESIAN_POINT('',(1.585712294325,-2.75,0.1139926819));
#1706 = VECTOR('',#1707,1.);
#1707 = DIRECTION('',(0.,0.,1.));
#1708 = PCURVE('',#555,#1709);
#1709 = DEFINITIONAL_REPRESENTATION('',(#1710),#1713);
#1710 = B_SPLINE_CURVE_WITH_KNOTS('',1,(#1711,#1712),.UNSPECIFIED.,.F.,
  .F.,(2,2),(-6.000000000034E-07,2.172015236199),
  .PIECEWISE_BEZIER_KNOTS.);
#1711 = CARTESIAN_POINT('',(3.173425534596,-0.1139920819));
#1712 = CARTESIAN_POINT('',(3.173425534596,-2.2860079181));
#1713 = ( GEOMETRIC_REPRESENTATION_CONTEXT(2) 
PARAMETRIC_REPRESENTATION_CONTEXT() REPRESENTATION_CONTEXT('2D SPACE',''
  ) );
#1714 = PCURVE('',#492,#1715);
#1715 = DEFINITIONAL_REPRESENTATION('',(#1716),#1719);
#1716 = B_SPLINE_CURVE_WITH_KNOTS('',1,(#1717,#1718),.UNSPECIFIED.,.F.,
  .F.,(2,2),(-6.000000000034E-07,2.172015236199),
  .PIECEWISE_BEZIER_KNOTS.);
#1717 = CARTESIAN_POINT('',(5.235441871516,-6.000000000034E-07));
#1718 = CARTESIAN_POINT('',(5.235441871516,2.172015236199));
#1719 = ( GEOMETRIC_REPRESENTATION_CONTEXT(2) 
PARAMETRIC_REPRESENTATION_CONTEXT() REPRESENTATION_CONTEXT('2D SPACE',''
  ) );
#1720 = ADVANCED_FACE('',(#1721),#492,.T.);
#1721 = FACE_BOUND('',#1722,.T.);
#1722 = EDGE_LOOP('',(#1723,#1745,#1746,#1747));
#1723 = ORIENTED_EDGE('',*,*,#1724,.T.);
#1724 = EDGE_CURVE('',#1621,#599,#1725,.T.);
#1725 = SURFACE_CURVE('',#1726,(#1731,#1738),.PCURVE_S1.);
#1726 = CIRCLE('',#1727,3.174426480543);
#1727 = AXIS2_PLACEMENT_3D('',#1728,#1729,#1730);
#1728 = CARTESIAN_POINT('',(0.,0.,0.1139926819));
#1729 = DIRECTION('',(0.,0.,1.));
#1730 = DIRECTION('',(1.,0.,-0.));
#1731 = PCURVE('',#492,#1732);
#1732 = DEFINITIONAL_REPRESENTATION('',(#1733),#1737);
#1733 = LINE('',#1734,#1735);
#1734 = CARTESIAN_POINT('',(0.,0.));
#1735 = VECTOR('',#1736,1.);
#1736 = DIRECTION('',(1.,0.));
#1737 = ( GEOMETRIC_REPRESENTATION_CONTEXT(2) 
PARAMETRIC_REPRESENTATION_CONTEXT() REPRESENTATION_CONTEXT('2D SPACE',''
  ) );
#1738 = PCURVE('',#78,#1739);
#1739 = DEFINITIONAL_REPRESENTATION('',(#1740),#1744);
#1740 = LINE('',#1741,#1742);
#1741 = CARTESIAN_POINT('',(0.,0.1139926819));
#1742 = VECTOR('',#1743,1.);
#1743 = DIRECTION('',(1.,0.));
#1744 = ( GEOMETRIC_REPRESENTATION_CONTEXT(2) 
PARAMETRIC_REPRESENTATION_CONTEXT() REPRESENTATION_CONTEXT('2D SPACE',''
  ) );
#1745 = ORIENTED_EDGE('',*,*,#626,.T.);
#1746 = ORIENTED_EDGE('',*,*,#473,.F.);
#1747 = ORIENTED_EDGE('',*,*,#1702,.F.);
#1748 = ADVANCED_FACE('',(#1749),#428,.T.);
#1749 = FACE_BOUND('',#1750,.T.);
#1750 = EDGE_LOOP('',(#1751,#1752,#1753,#1754));
#1751 = ORIENTED_EDGE('',*,*,#1675,.F.);
#1752 = ORIENTED_EDGE('',*,*,#411,.F.);
#1753 = ORIENTED_EDGE('',*,*,#1494,.F.);
#1754 = ORIENTED_EDGE('',*,*,#1594,.T.);
#1755 = ADVANCED_FACE('',(#1756),#399,.T.);
#1756 = FACE_BOUND('',#1757,.T.);
#1757 = EDGE_LOOP('',(#1758,#1759,#1760,#1761));
#1758 = ORIENTED_EDGE('',*,*,#382,.F.);
#1759 = ORIENTED_EDGE('',*,*,#1282,.F.);
#1760 = ORIENTED_EDGE('',*,*,#1388,.T.);
#1761 = ORIENTED_EDGE('',*,*,#1468,.F.);
#1762 = ADVANCED_FACE('',(#1763),#370,.T.);
#1763 = FACE_BOUND('',#1764,.T.);
#1764 = EDGE_LOOP('',(#1765,#1766,#1767,#1768));
#1765 = ORIENTED_EDGE('',*,*,#353,.F.);
#1766 = ORIENTED_EDGE('',*,*,#1070,.F.);
#1767 = ORIENTED_EDGE('',*,*,#1176,.T.);
#1768 = ORIENTED_EDGE('',*,*,#1256,.F.);
#1769 = ADVANCED_FACE('',(#1770),#341,.T.);
#1770 = FACE_BOUND('',#1771,.T.);
#1771 = EDGE_LOOP('',(#1772,#1773,#1774,#1775));
#1772 = ORIENTED_EDGE('',*,*,#858,.F.);
#1773 = ORIENTED_EDGE('',*,*,#964,.T.);
#1774 = ORIENTED_EDGE('',*,*,#1044,.F.);
#1775 = ORIENTED_EDGE('',*,*,#324,.F.);
#1776 = ADVANCED_FACE('',(#1777),#312,.T.);
#1777 = FACE_BOUND('',#1778,.T.);
#1778 = EDGE_LOOP('',(#1779,#1780,#1781,#1782));
#1779 = ORIENTED_EDGE('',*,*,#293,.F.);
#1780 = ORIENTED_EDGE('',*,*,#646,.F.);
#1781 = ORIENTED_EDGE('',*,*,#701,.F.);
#1782 = ORIENTED_EDGE('',*,*,#832,.F.);
#1783 = ADVANCED_FACE('',(#1784),#192,.T.);
#1784 = FACE_BOUND('',#1785,.T.);
#1785 = EDGE_LOOP('',(#1786,#1787,#1788,#1789));
#1786 = ORIENTED_EDGE('',*,*,#777,.F.);
#1787 = ORIENTED_EDGE('',*,*,#177,.T.);
#1788 = ORIENTED_EDGE('',*,*,#1017,.F.);
#1789 = ORIENTED_EDGE('',*,*,#914,.F.);
#1790 = ADVANCED_FACE('',(#1791),#165,.T.);
#1791 = FACE_BOUND('',#1792,.T.);
#1792 = EDGE_LOOP('',(#1793,#1794,#1795,#1796));
#1793 = ORIENTED_EDGE('',*,*,#989,.F.);
#1794 = ORIENTED_EDGE('',*,*,#148,.T.);
#1795 = ORIENTED_EDGE('',*,*,#1229,.F.);
#1796 = ORIENTED_EDGE('',*,*,#1126,.F.);
#1797 = ADVANCED_FACE('',(#1798),#136,.T.);
#1798 = FACE_BOUND('',#1799,.T.);
#1799 = EDGE_LOOP('',(#1800,#1801,#1802,#1803));
#1800 = ORIENTED_EDGE('',*,*,#1201,.F.);
#1801 = ORIENTED_EDGE('',*,*,#119,.T.);
#1802 = ORIENTED_EDGE('',*,*,#1441,.F.);
#1803 = ORIENTED_EDGE('',*,*,#1338,.F.);
#1804 = ADVANCED_FACE('',(#1805),#107,.T.);
#1805 = FACE_BOUND('',#1806,.T.);
#1806 = EDGE_LOOP('',(#1807,#1808,#1809,#1810));
#1807 = ORIENTED_EDGE('',*,*,#90,.T.);
#1808 = ORIENTED_EDGE('',*,*,#1648,.F.);
#1809 = ORIENTED_EDGE('',*,*,#1549,.F.);
#1810 = ORIENTED_EDGE('',*,*,#1413,.F.);
#1811 = ADVANCED_FACE('',(#1812),#78,.T.);
#1812 = FACE_BOUND('',#1813,.T.);
#1813 = EDGE_LOOP('',(#1814,#1815,#1816,#1817));
#1814 = ORIENTED_EDGE('',*,*,#61,.T.);
#1815 = ORIENTED_EDGE('',*,*,#598,.F.);
#1816 = ORIENTED_EDGE('',*,*,#1724,.F.);
#1817 = ORIENTED_EDGE('',*,*,#1620,.F.);
#1818 = ADVANCED_FACE('',(#1819),#49,.T.);
#1819 = FACE_BOUND('',#1820,.T.);
#1820 = EDGE_LOOP('',(#1821,#1822,#1823,#1824));
#1821 = ORIENTED_EDGE('',*,*,#726,.T.);
#1822 = ORIENTED_EDGE('',*,*,#570,.F.);
#1823 = ORIENTED_EDGE('',*,*,#21,.F.);
#1824 = ORIENTED_EDGE('',*,*,#805,.F.);
#1825 = ( GEOMETRIC_REPRESENTATION_CONTEXT(3) 
GLOBAL_UNCERTAINTY_ASSIGNED_CONTEXT((#1829)) 
GLOBAL_UNIT_ASSIGNED_CONTEXT((#1826,#1827,#1828)) REPRESENTATION_CONTEXT
('Context #1','3D Context with UNIT and UNCERTAINTY') );
#1826 = ( LENGTH_UNIT() NAMED_UNIT(*) SI_UNIT(.MILLI.,.METRE.) );
#1827 = ( NAMED_UNIT(*) PLANE_ANGLE_UNIT() SI_UNIT($,.RADIAN.) );
#1828 = ( NAMED_UNIT(*) SI_UNIT($,.STERADIAN.) SOLID_ANGLE_UNIT() );
#1829 = UNCERTAINTY_MEASURE_WITH_UNIT(LENGTH_MEASURE(1.E-07),#1826,
  'distance_accuracy_value','confusion accuracy');
#1830 = PRODUCT_RELATED_PRODUCT_CATEGORY('part',$,(#7));
ENDSEC;
END-ISO-10303-21;
