ISO-10303-21;
HEADER;
FILE_DESCRIPTION(('Open CASCADE Model'),'2;1');
FILE_NAME('Open CASCADE Shape Model','2026-09-14T17:55:04',('Author'),(
    'Open CASCADE'),'Open CASCADE STEP processor 7.9','Open CASCADE 7.9'
  ,'Unknown');
FILE_SCHEMA(('AUTOMOTIVE_DESIGN { 1 0 10303 214 1 1 1 1 }'));
ENDSEC;
DATA;
#1 = APPLICATION_PROTOCOL_DEFINITION('international standard',
  'automotive_design',2000,#2);
#2 = APPLICATION_CONTEXT(
  'core data for automotive mechanical design processes');
#3 = SHAPE_DEFINITION_REPRESENTATION(#4,#10);
#4 = PRODUCT_DEFINITION_SHAPE('','',#5);
#5 = PRODUCT_DEFINITION('design','',#6,#9);
#6 = PRODUCT_DEFINITION_FORMATION('','',#7);
#7 = PRODUCT('Open CASCADE STEP translator 7.9 22',
  'Open CASCADE STEP translator 7.9 22','',(#8));
#8 = PRODUCT_CONTEXT('',#2,'mechanical');
#9 = PRODUCT_DEFINITION_CONTEXT('part definition',#2,'design');
#10 = ADVANCED_BREP_SHAPE_REPRESENTATION('',(#11,#15),#1958);
#11 = AXIS2_PLACEMENT_3D('',#12,#13,#14);
#12 = CARTESIAN_POINT('',(0.,0.,0.));
#13 = DIRECTION('',(0.,0.,1.));
#14 = DIRECTION('',(1.,0.,-0.));
#15 = MANIFOLD_SOLID_BREP('',#16);
#16 = CLOSED_SHELL('',(#17,#1074,#1123,#1149,#1331,#1357,#1383,#1409,
    #1514,#1540,#1566,#1592,#1697,#1723,#1749,#1775,#1803,#1809,#1864,
    #1899,#1954));
#17 = ADVANCED_FACE('',(#18),#33,.T.);
#18 = FACE_BOUND('',#19,.F.);
#19 = EDGE_LOOP('',(#20,#59,#83,#110,#111,#138,#170,#315,#347,#381,#413,
    #558,#590,#624,#656,#801,#833,#867,#899,#1044));
#20 = ORIENTED_EDGE('',*,*,#21,.F.);
#21 = EDGE_CURVE('',#22,#24,#26,.T.);
#22 = VERTEX_POINT('',#23);
#23 = CARTESIAN_POINT('',(3.113104626133,0.,4.103082636006));
#24 = VERTEX_POINT('',#25);
#25 = CARTESIAN_POINT('',(3.111132818147,-0.277799484814,4.099667364392)
  );
#26 = SURFACE_CURVE('',#27,(#32,#47),.PCURVE_S1.);
#27 = CIRCLE('',#28,9.78646329011);
#28 = AXIS2_PLACEMENT_3D('',#29,#30,#31);
#29 = CARTESIAN_POINT('',(-1.780127018922,0.,-4.372243186434));
#30 = DIRECTION('',(0.866025403784,0.,-0.5));
#31 = DIRECTION('',(0.5,0.,0.866025403784));
#32 = PCURVE('',#33,#38);
#33 = SPHERICAL_SURFACE('',#34,10.);
#34 = AXIS2_PLACEMENT_3D('',#35,#36,#37);
#35 = CARTESIAN_POINT('',(-4.218847493576E-15,0.,-5.4));
#36 = DIRECTION('',(-0.,-0.,-1.));
#37 = DIRECTION('',(1.,0.,-0.));
#38 = DEFINITIONAL_REPRESENTATION('',(#39),#46);
#39 = B_SPLINE_CURVE_WITH_KNOTS('',5,(#40,#41,#42,#43,#44,#45),
  .UNSPECIFIED.,.F.,.F.,(6,6),(5.551115123126E-17,5.793551552598E-02),
  .PIECEWISE_BEZIER_KNOTS.);
#40 = CARTESIAN_POINT('',(-6.28318530718,-1.254224618384));
#41 = CARTESIAN_POINT('',(-6.246759689413,-1.254224618384));
#42 = CARTESIAN_POINT('',(-6.210334034563,-1.253767726385));
#43 = CARTESIAN_POINT('',(-6.174072093627,-1.252853880246));
#44 = CARTESIAN_POINT('',(-6.138136697812,-1.251489929105));
#45 = CARTESIAN_POINT('',(-6.10266460372,-1.249688275999));
#46 = ( GEOMETRIC_REPRESENTATION_CONTEXT(2) 
PARAMETRIC_REPRESENTATION_CONTEXT() REPRESENTATION_CONTEXT('2D SPACE',''
  ) );
#47 = PCURVE('',#48,#53);
#48 = PLANE('',#49);
#49 = AXIS2_PLACEMENT_3D('',#50,#51,#52);
#50 = CARTESIAN_POINT('',(3.4,0.,4.6));
#51 = DIRECTION('',(0.866025403784,0.,-0.5));
#52 = DIRECTION('',(-0.5,0.,-0.866025403784));
#53 = DEFINITIONAL_REPRESENTATION('',(#54),#58);
#54 = CIRCLE('',#55,9.78646329011);
#55 = AXIS2_PLACEMENT_2D('',#56,#57);
#56 = CARTESIAN_POINT('',(10.360254037844,0.));
#57 = DIRECTION('',(-1.,0.));
#58 = ( GEOMETRIC_REPRESENTATION_CONTEXT(2) 
PARAMETRIC_REPRESENTATION_CONTEXT() REPRESENTATION_CONTEXT('2D SPACE',''
  ) );
#59 = ORIENTED_EDGE('',*,*,#60,.T.);
#60 = EDGE_CURVE('',#22,#61,#63,.T.);
#61 = VERTEX_POINT('',#62);
#62 = CARTESIAN_POINT('',(6.,0.,2.6));
#63 = SEAM_CURVE('',#64,(#69,#76),.PCURVE_S1.);
#64 = CIRCLE('',#65,10.);
#65 = AXIS2_PLACEMENT_3D('',#66,#67,#68);
#66 = CARTESIAN_POINT('',(-4.218847493576E-15,0.,-5.4));
#67 = DIRECTION('',(0.,1.,0.));
#68 = DIRECTION('',(4.218847493576E-16,-0.,1.));
#69 = PCURVE('',#33,#70);
#70 = DEFINITIONAL_REPRESENTATION('',(#71),#75);
#71 = LINE('',#72,#73);
#72 = CARTESIAN_POINT('',(-0.,-1.570796326795));
#73 = VECTOR('',#74,1.);
#74 = DIRECTION('',(-0.,1.));
#75 = ( GEOMETRIC_REPRESENTATION_CONTEXT(2) 
PARAMETRIC_REPRESENTATION_CONTEXT() REPRESENTATION_CONTEXT('2D SPACE',''
  ) );
#76 = PCURVE('',#33,#77);
#77 = DEFINITIONAL_REPRESENTATION('',(#78),#82);
#78 = LINE('',#79,#80);
#79 = CARTESIAN_POINT('',(-6.28318530718,-1.570796326795));
#80 = VECTOR('',#81,1.);
#81 = DIRECTION('',(-0.,1.));
#82 = ( GEOMETRIC_REPRESENTATION_CONTEXT(2) 
PARAMETRIC_REPRESENTATION_CONTEXT() REPRESENTATION_CONTEXT('2D SPACE',''
  ) );
#83 = ORIENTED_EDGE('',*,*,#84,.F.);
#84 = EDGE_CURVE('',#61,#61,#85,.T.);
#85 = SURFACE_CURVE('',#86,(#91,#98),.PCURVE_S1.);
#86 = CIRCLE('',#87,6.);
#87 = AXIS2_PLACEMENT_3D('',#88,#89,#90);
#88 = CARTESIAN_POINT('',(0.,0.,2.6));
#89 = DIRECTION('',(0.,0.,1.));
#90 = DIRECTION('',(1.,0.,-0.));
#91 = PCURVE('',#33,#92);
#92 = DEFINITIONAL_REPRESENTATION('',(#93),#97);
#93 = LINE('',#94,#95);
#94 = CARTESIAN_POINT('',(-0.,-0.927295218002));
#95 = VECTOR('',#96,1.);
#96 = DIRECTION('',(-1.,0.));
#97 = ( GEOMETRIC_REPRESENTATION_CONTEXT(2) 
PARAMETRIC_REPRESENTATION_CONTEXT() REPRESENTATION_CONTEXT('2D SPACE',''
  ) );
#98 = PCURVE('',#99,#104);
#99 = CYLINDRICAL_SURFACE('',#100,6.);
#100 = AXIS2_PLACEMENT_3D('',#101,#102,#103);
#101 = CARTESIAN_POINT('',(0.,0.,2.6));
#102 = DIRECTION('',(-0.,-0.,-1.));
#103 = DIRECTION('',(1.,0.,0.));
#104 = DEFINITIONAL_REPRESENTATION('',(#105),#109);
#105 = LINE('',#106,#107);
#106 = CARTESIAN_POINT('',(-0.,0.));
#107 = VECTOR('',#108,1.);
#108 = DIRECTION('',(-1.,0.));
#109 = ( GEOMETRIC_REPRESENTATION_CONTEXT(2) 
PARAMETRIC_REPRESENTATION_CONTEXT() REPRESENTATION_CONTEXT('2D SPACE',''
  ) );
#110 = ORIENTED_EDGE('',*,*,#60,.F.);
#111 = ORIENTED_EDGE('',*,*,#112,.F.);
#112 = EDGE_CURVE('',#113,#22,#115,.T.);
#113 = VERTEX_POINT('',#114);
#114 = CARTESIAN_POINT('',(3.111132818147,0.277799484814,4.099667364392)
  );
#115 = SURFACE_CURVE('',#116,(#121,#131),.PCURVE_S1.);
#116 = CIRCLE('',#117,9.78646329011);
#117 = AXIS2_PLACEMENT_3D('',#118,#119,#120);
#118 = CARTESIAN_POINT('',(-1.780127018922,0.,-4.372243186434));
#119 = DIRECTION('',(0.866025403784,0.,-0.5));
#120 = DIRECTION('',(0.5,0.,0.866025403784));
#121 = PCURVE('',#33,#122);
#122 = DEFINITIONAL_REPRESENTATION('',(#123),#130);
#123 = B_SPLINE_CURVE_WITH_KNOTS('',5,(#124,#125,#126,#127,#128,#129),
  .UNSPECIFIED.,.F.,.F.,(6,6),(6.225249791654,6.28318530718),
  .PIECEWISE_BEZIER_KNOTS.);
#124 = CARTESIAN_POINT('',(-0.18052070346,-1.249688275999));
#125 = CARTESIAN_POINT('',(-0.145048609368,-1.251489929105));
#126 = CARTESIAN_POINT('',(-0.109113213553,-1.252853880246));
#127 = CARTESIAN_POINT('',(-7.285127261632E-02,-1.253767726385));
#128 = CARTESIAN_POINT('',(-3.642561776621E-02,-1.254224618384));
#129 = CARTESIAN_POINT('',(-7.699684002008E-16,-1.254224618384));
#130 = ( GEOMETRIC_REPRESENTATION_CONTEXT(2) 
PARAMETRIC_REPRESENTATION_CONTEXT() REPRESENTATION_CONTEXT('2D SPACE',''
  ) );
#131 = PCURVE('',#48,#132);
#132 = DEFINITIONAL_REPRESENTATION('',(#133),#137);
#133 = CIRCLE('',#134,9.78646329011);
#134 = AXIS2_PLACEMENT_2D('',#135,#136);
#135 = CARTESIAN_POINT('',(10.360254037844,0.));
#136 = DIRECTION('',(-1.,0.));
#137 = ( GEOMETRIC_REPRESENTATION_CONTEXT(2) 
PARAMETRIC_REPRESENTATION_CONTEXT() REPRESENTATION_CONTEXT('2D SPACE',''
  ) );
#138 = ORIENTED_EDGE('',*,*,#139,.F.);
#139 = EDGE_CURVE('',#140,#113,#142,.T.);
#140 = VERTEX_POINT('',#141);
#141 = CARTESIAN_POINT('',(2.833333333333,0.326860285436,4.18464316373)
  );
#142 = SURFACE_CURVE('',#143,(#148,#158),.PCURVE_S1.);
#143 = CIRCLE('',#144,8.925617287044);
#144 = AXIS2_PLACEMENT_3D('',#145,#146,#147);
#145 = CARTESIAN_POINT('',(-4.218847493576E-15,-3.905127018922,
    -3.145373864406));
#146 = DIRECTION('',(0.,0.866025403784,-0.5));
#147 = DIRECTION('',(0.,0.5,0.866025403784));
#148 = PCURVE('',#33,#149);
#149 = DEFINITIONAL_REPRESENTATION('',(#150),#157);
#150 = B_SPLINE_CURVE_WITH_KNOTS('',5,(#151,#152,#153,#154,#155,#156),
  .UNSPECIFIED.,.F.,.F.,(6,6),(0.323026739604,0.390797635772),
  .PIECEWISE_BEZIER_KNOTS.);
#151 = CARTESIAN_POINT('',(-0.114854874107,-1.281568369963));
#152 = CARTESIAN_POINT('',(-0.103557084495,-1.26990744483));
#153 = CARTESIAN_POINT('',(-9.305360158175E-02,-1.258227526456));
#154 = CARTESIAN_POINT('',(-8.31850976465E-02,-1.24653346637));
#155 = CARTESIAN_POINT('',(-7.385033183162E-02,-1.234828424008));
#156 = CARTESIAN_POINT('',(-6.497032897436E-02,-1.223114926199));
#157 = ( GEOMETRIC_REPRESENTATION_CONTEXT(2) 
PARAMETRIC_REPRESENTATION_CONTEXT() REPRESENTATION_CONTEXT('2D SPACE',''
  ) );
#158 = PCURVE('',#159,#164);
#159 = PLANE('',#160);
#160 = AXIS2_PLACEMENT_3D('',#161,#162,#163);
#161 = CARTESIAN_POINT('',(3.4,0.566666666667,4.6));
#162 = DIRECTION('',(0.,0.866025403784,-0.5));
#163 = DIRECTION('',(0.,-0.5,-0.866025403784));
#164 = DEFINITIONAL_REPRESENTATION('',(#165),#169);
#165 = CIRCLE('',#166,8.925617287044);
#166 = AXIS2_PLACEMENT_2D('',#167,#168);
#167 = CARTESIAN_POINT('',(8.943587371178,3.4));
#168 = DIRECTION('',(-1.,0.));
#169 = ( GEOMETRIC_REPRESENTATION_CONTEXT(2) 
PARAMETRIC_REPRESENTATION_CONTEXT() REPRESENTATION_CONTEXT('2D SPACE',''
  ) );
#170 = ORIENTED_EDGE('',*,*,#171,.T.);
#171 = EDGE_CURVE('',#140,#172,#174,.T.);
#172 = VERTEX_POINT('',#173);
#173 = CARTESIAN_POINT('',(0.326860285436,2.833333333333,4.18464316373)
  );
#174 = SURFACE_CURVE('',#175,(#218,#264),.PCURVE_S1.);
#175 = B_SPLINE_CURVE_WITH_KNOTS('',6,(#176,#177,#178,#179,#180,#181,
    #182,#183,#184,#185,#186,#187,#188,#189,#190,#191,#192,#193,#194,
    #195,#196,#197,#198,#199,#200,#201,#202,#203,#204,#205,#206,#207,
    #208,#209,#210,#211,#212,#213,#214,#215,#216,#217),.UNSPECIFIED.,.F.
  ,.F.,(7,5,5,5,5,5,5,5,7),(0.,0.109317082405,0.257877554642,
    0.390048766529,0.500432776622,0.609752318691,0.741929168097,
    0.891525587744,1.),.UNSPECIFIED.);
#176 = CARTESIAN_POINT('',(2.833333333333,0.326860285436,4.18464316373)
  );
#177 = CARTESIAN_POINT('',(2.764544149365,0.33837394757,4.204585411527)
  );
#178 = CARTESIAN_POINT('',(2.695781736263,0.351731839343,4.223798021744)
  );
#179 = CARTESIAN_POINT('',(2.627137307197,0.366960023268,4.24225087214)
  );
#180 = CARTESIAN_POINT('',(2.558716439042,0.384075099913,4.259912320449)
  );
#181 = CARTESIAN_POINT('',(2.490637648203,0.40307929805,4.276751173112)
  );
#182 = CARTESIAN_POINT('',(2.331154378181,0.452326135801,4.314465429528)
  );
#183 = CARTESIAN_POINT('',(2.240136915209,0.484158078144,4.334622872966)
  );
#184 = CARTESIAN_POINT('',(2.150330213202,0.519402298351,4.353132163617)
  );
#185 = CARTESIAN_POINT('',(2.062107283357,0.557942960511,4.369929311572)
  );
#186 = CARTESIAN_POINT('',(1.975838787425,0.599581013318,4.384976824618)
  );
#187 = CARTESIAN_POINT('',(1.817134803117,0.683616645534,4.410095698182)
  );
#188 = CARTESIAN_POINT('',(1.744206240123,0.725432622559,4.420535584021)
  );
#189 = CARTESIAN_POINT('',(1.67331177362,0.76931077122,4.42958258494));
#190 = CARTESIAN_POINT('',(1.604589982092,0.815058902078,4.43726417781)
  );
#191 = CARTESIAN_POINT('',(1.538072438014,0.862532270223,4.443624866668)
  );
#192 = CARTESIAN_POINT('',(1.419984541471,0.952676377727,4.452950857178)
  );
#193 = CARTESIAN_POINT('',(1.367753808678,0.994852012953,4.456303264458)
  );
#194 = CARTESIAN_POINT('',(1.316995405599,1.038146846709,4.458790042131)
  );
#195 = CARTESIAN_POINT('',(1.267638768203,1.082568913923,4.460433679221)
  );
#196 = CARTESIAN_POINT('',(1.219600496835,1.128163237423,4.461247720211)
  );
#197 = CARTESIAN_POINT('',(1.126460256173,1.221400745822,4.4612153217));
#198 = CARTESIAN_POINT('',(1.081339825477,1.269014530781,4.460384823913)
  );
#199 = CARTESIAN_POINT('',(1.037368229253,1.317923158451,4.458740348898)
  );
#200 = CARTESIAN_POINT('',(0.994502209849,1.368207491968,4.456268618698)
  );
#201 = CARTESIAN_POINT('',(0.952734192133,1.419935856741,4.452947779891)
  );
#202 = CARTESIAN_POINT('',(0.862960889287,1.537478567642,4.443680054139)
  );
#203 = CARTESIAN_POINT('',(0.815472773884,1.603982454267,4.437328908758)
  );
#204 = CARTESIAN_POINT('',(0.769709264622,1.6726908662,4.429657013746));
#205 = CARTESIAN_POINT('',(0.725814840021,1.743572714398,4.420619803076)
  );
#206 = CARTESIAN_POINT('',(0.683981635198,1.81648984263,4.410189687312)
  );
#207 = CARTESIAN_POINT('',(0.599599269913,1.975754544718,4.384999241288)
  );
#208 = CARTESIAN_POINT('',(0.557670835897,2.062627417003,4.369845935503)
  );
#209 = CARTESIAN_POINT('',(0.518883915954,2.151481568802,4.352918403029)
  );
#210 = CARTESIAN_POINT('',(0.48344153971,2.241938349028,4.334255043712)
  );
#211 = CARTESIAN_POINT('',(0.451461079859,2.333616968834,4.313921447519)
  );
#212 = CARTESIAN_POINT('',(0.40234779495,2.4932623356,4.276101535074));
#213 = CARTESIAN_POINT('',(0.383547934234,2.560826660022,4.259367348219)
  );
#214 = CARTESIAN_POINT('',(0.366608123733,2.628725099475,4.241823915213)
  );
#215 = CARTESIAN_POINT('',(0.351525967691,2.696842065686,4.223501716753)
  );
#216 = CARTESIAN_POINT('',(0.338285176113,2.765074520676,4.204431654853)
  );
#217 = CARTESIAN_POINT('',(0.326860285436,2.833333333333,4.18464316373)
  );
#218 = PCURVE('',#33,#219);
#219 = DEFINITIONAL_REPRESENTATION('',(#220),#263);
#220 = B_SPLINE_CURVE_WITH_KNOTS('',6,(#221,#222,#223,#224,#225,#226,
    #227,#228,#229,#230,#231,#232,#233,#234,#235,#236,#237,#238,#239,
    #240,#241,#242,#243,#244,#245,#246,#247,#248,#249,#250,#251,#252,
    #253,#254,#255,#256,#257,#258,#259,#260,#261,#262),.UNSPECIFIED.,.F.
  ,.F.,(7,5,5,5,5,5,5,5,7),(0.,0.109317082405,0.257877554642,
    0.390048766529,0.500432776622,0.609752318691,0.741929168097,
    0.891525587744,1.),.UNSPECIFIED.);
#221 = CARTESIAN_POINT('',(-0.114854734836,-1.281568226215));
#222 = CARTESIAN_POINT('',(-0.121629055704,-1.288560293445));
#223 = CARTESIAN_POINT('',(-0.129426868072,-1.295493685734));
#224 = CARTESIAN_POINT('',(-0.13835725219,-1.302352270088));
#225 = CARTESIAN_POINT('',(-0.148543970154,-1.309116310274));
#226 = CARTESIAN_POINT('',(-0.160118936939,-1.315762080031));
#227 = CARTESIAN_POINT('',(-0.191014007933,-1.331094070001));
#228 = CARTESIAN_POINT('',(-0.211624994166,-1.339657594486));
#229 = CARTESIAN_POINT('',(-0.235377056315,-1.347878953598));
#230 = CARTESIAN_POINT('',(-0.262592999069,-1.355673113554));
#231 = CARTESIAN_POINT('',(-0.29351931345,-1.362942330734));
#232 = CARTESIAN_POINT('',(-0.358917989804,-1.375511331381));
#233 = CARTESIAN_POINT('',(-0.392630013297,-1.380941258549));
#234 = CARTESIAN_POINT('',(-0.429242485479,-1.385817045388));
#235 = CARTESIAN_POINT('',(-0.468600241514,-1.390081699509));
#236 = CARTESIAN_POINT('',(-0.510346090784,-1.393693555537));
#237 = CARTESIAN_POINT('',(-0.59043423546,-1.399075249872));
#238 = CARTESIAN_POINT('',(-0.628205748598,-1.401050768167));
#239 = CARTESIAN_POINT('',(-0.66702823838,-1.402537814061));
#240 = CARTESIAN_POINT('',(-0.70656502118,-1.403528138871));
#241 = CARTESIAN_POINT('',(-0.746452494735,-1.404018424935));
#242 = CARTESIAN_POINT('',(-0.825835957187,-1.403998909582));
#243 = CARTESIAN_POINT('',(-0.865327761948,-1.403498707843));
#244 = CARTESIAN_POINT('',(-0.904467844927,-1.402508144312));
#245 = CARTESIAN_POINT('',(-0.942903490181,-1.401030507377));
#246 = CARTESIAN_POINT('',(-0.980308035131,-1.399073839765));
#247 = CARTESIAN_POINT('',(-1.06007265292,-1.393724964485));
#248 = CARTESIAN_POINT('',(-1.101837347749,-1.390117875082));
#249 = CARTESIAN_POINT('',(-1.141216106451,-1.38585770989));
#250 = CARTESIAN_POINT('',(-1.177850893539,-1.380986061331));
#251 = CARTESIAN_POINT('',(-1.21158570785,-1.375559872127));
#252 = CARTESIAN_POINT('',(-1.277272441997,-1.36295185221));
#253 = CARTESIAN_POINT('',(-1.308412797231,-1.355631162934));
#254 = CARTESIAN_POINT('',(-1.335789680936,-1.347778340289));
#255 = CARTESIAN_POINT('',(-1.359656230416,-1.339493241225));
#256 = CARTESIAN_POINT('',(-1.380342900977,-1.330862552483));
#257 = CARTESIAN_POINT('',(-1.41112279672,-1.315505811072));
#258 = CARTESIAN_POINT('',(-1.422566064607,-1.308907669186));
#259 = CARTESIAN_POINT('',(-1.432645431701,-1.302193615007));
#260 = CARTESIAN_POINT('',(-1.441489648068,-1.295386768381));
#261 = CARTESIAN_POINT('',(-1.449219501765,-1.288506383925));
#262 = CARTESIAN_POINT('',(-1.455941591959,-1.281568226215));
#263 = ( GEOMETRIC_REPRESENTATION_CONTEXT(2) 
PARAMETRIC_REPRESENTATION_CONTEXT() REPRESENTATION_CONTEXT('2D SPACE',''
  ) );
#264 = PCURVE('',#265,#270);
#265 = CONICAL_SURFACE('',#266,2.266666666667,0.523598775598);
#266 = AXIS2_PLACEMENT_3D('',#267,#268,#269);
#267 = CARTESIAN_POINT('',(2.833333333333,2.833333333333,4.6));
#268 = DIRECTION('',(0.,0.,-1.));
#269 = DIRECTION('',(1.,-1.95921710228E-16,0.));
#270 = DEFINITIONAL_REPRESENTATION('',(#271),#314);
#271 = B_SPLINE_CURVE_WITH_KNOTS('',6,(#272,#273,#274,#275,#276,#277,
    #278,#279,#280,#281,#282,#283,#284,#285,#286,#287,#288,#289,#290,
    #291,#292,#293,#294,#295,#296,#297,#298,#299,#300,#301,#302,#303,
    #304,#305,#306,#307,#308,#309,#310,#311,#312,#313),.UNSPECIFIED.,.F.
  ,.F.,(7,5,5,5,5,5,5,5,7),(0.,0.109317082405,0.257877554642,
    0.390048766529,0.500432776622,0.609752318691,0.741929168097,
    0.891525587744,1.),.UNSPECIFIED.);
#272 = CARTESIAN_POINT('',(1.570796326795,0.41535683627));
#273 = CARTESIAN_POINT('',(1.598240940263,0.395414588473));
#274 = CARTESIAN_POINT('',(1.625977448844,0.376201978256));
#275 = CARTESIAN_POINT('',(1.653991896443,0.35774912786));
#276 = CARTESIAN_POINT('',(1.682264562946,0.340087679551));
#277 = CARTESIAN_POINT('',(1.710769176714,0.323248826888));
#278 = CARTESIAN_POINT('',(1.778479057802,0.285534570472));
#279 = CARTESIAN_POINT('',(1.817857704477,0.265377127034));
#280 = CARTESIAN_POINT('',(1.857513146819,0.246867836383));
#281 = CARTESIAN_POINT('',(1.897331541488,0.230070688428));
#282 = CARTESIAN_POINT('',(1.93718175266,0.215023175382));
#283 = CARTESIAN_POINT('',(2.01229008571,0.189904301818));
#284 = CARTESIAN_POINT('',(2.047577824817,0.179464415979));
#285 = CARTESIAN_POINT('',(2.082691690011,0.17041741506));
#286 = CARTESIAN_POINT('',(2.11756561448,0.16273582219));
#287 = CARTESIAN_POINT('',(2.152178039799,0.156375133332));
#288 = CARTESIAN_POINT('',(2.21524666314,0.147049142822));
#289 = CARTESIAN_POINT('',(2.24377928985,0.143696735542));
#290 = CARTESIAN_POINT('',(2.272161180991,0.141209957869));
#291 = CARTESIAN_POINT('',(2.300431526885,0.139566320779));
#292 = CARTESIAN_POINT('',(2.328643640056,0.138752279789));
#293 = CARTESIAN_POINT('',(2.384800894327,0.1387846783));
#294 = CARTESIAN_POINT('',(2.412742767507,0.139615176087));
#295 = CARTESIAN_POINT('',(2.440742880719,0.141259651102));
#296 = CARTESIAN_POINT('',(2.468852845697,0.143731381302));
#297 = CARTESIAN_POINT('',(2.497110605898,0.147052220109));
#298 = CARTESIAN_POINT('',(2.55990060022,0.156319945861));
#299 = CARTESIAN_POINT('',(2.594512532594,0.162671091242));
#300 = CARTESIAN_POINT('',(2.629386062851,0.170342986254));
#301 = CARTESIAN_POINT('',(2.664499852726,0.179380196924));
#302 = CARTESIAN_POINT('',(2.699787984019,0.189810312688));
#303 = CARTESIAN_POINT('',(2.775173730558,0.215000758712));
#304 = CARTESIAN_POINT('',(2.815302580189,0.230154064497));
#305 = CARTESIAN_POINT('',(2.855398870951,0.247081596971));
#306 = CARTESIAN_POINT('',(2.895328715272,0.265744956288));
#307 = CARTESIAN_POINT('',(2.934976098627,0.286078552481));
#308 = CARTESIAN_POINT('',(3.002718538799,0.323898464926));
#309 = CARTESIAN_POINT('',(3.030996271165,0.340632651781));
#310 = CARTESIAN_POINT('',(3.05904501876,0.358176084787));
#311 = CARTESIAN_POINT('',(3.086839216081,0.376498283247));
#312 = CARTESIAN_POINT('',(3.114359640765,0.395568345147));
#313 = CARTESIAN_POINT('',(3.14159265359,0.41535683627));
#314 = ( GEOMETRIC_REPRESENTATION_CONTEXT(2) 
PARAMETRIC_REPRESENTATION_CONTEXT() REPRESENTATION_CONTEXT('2D SPACE',''
  ) );
#315 = ORIENTED_EDGE('',*,*,#316,.F.);
#316 = EDGE_CURVE('',#317,#172,#319,.T.);
#317 = VERTEX_POINT('',#318);
#318 = CARTESIAN_POINT('',(0.277799484814,3.111132818147,4.099667364392)
  );
#319 = SURFACE_CURVE('',#320,(#325,#335),.PCURVE_S1.);
#320 = CIRCLE('',#321,8.925617287044);
#321 = AXIS2_PLACEMENT_3D('',#322,#323,#324);
#322 = CARTESIAN_POINT('',(-3.905127018922,0.,-3.145373864406));
#323 = DIRECTION('',(0.866025403784,0.,-0.5));
#324 = DIRECTION('',(0.5,0.,0.866025403784));
#325 = PCURVE('',#33,#326);
#326 = DEFINITIONAL_REPRESENTATION('',(#327),#334);
#327 = B_SPLINE_CURVE_WITH_KNOTS('',5,(#328,#329,#330,#331,#332,#333),
  .UNSPECIFIED.,.F.,.F.,(6,6),(5.892387671407,5.960158567575),
  .PIECEWISE_BEZIER_KNOTS.);
#328 = CARTESIAN_POINT('',(-1.505825997821,-1.223114926199));
#329 = CARTESIAN_POINT('',(-1.496945994963,-1.234828424008));
#330 = CARTESIAN_POINT('',(-1.487611229148,-1.24653346637));
#331 = CARTESIAN_POINT('',(-1.477742725213,-1.258227526456));
#332 = CARTESIAN_POINT('',(-1.4672392423,-1.26990744483));
#333 = CARTESIAN_POINT('',(-1.455941452688,-1.281568369963));
#334 = ( GEOMETRIC_REPRESENTATION_CONTEXT(2) 
PARAMETRIC_REPRESENTATION_CONTEXT() REPRESENTATION_CONTEXT('2D SPACE',''
  ) );
#335 = PCURVE('',#336,#341);
#336 = PLANE('',#337);
#337 = AXIS2_PLACEMENT_3D('',#338,#339,#340);
#338 = CARTESIAN_POINT('',(0.566666666667,0.566666666667,4.6));
#339 = DIRECTION('',(0.866025403784,0.,-0.5));
#340 = DIRECTION('',(-0.5,0.,-0.866025403784));
#341 = DEFINITIONAL_REPRESENTATION('',(#342),#346);
#342 = CIRCLE('',#343,8.925617287044);
#343 = AXIS2_PLACEMENT_2D('',#344,#345);
#344 = CARTESIAN_POINT('',(8.943587371178,-0.566666666667));
#345 = DIRECTION('',(-1.,0.));
#346 = ( GEOMETRIC_REPRESENTATION_CONTEXT(2) 
PARAMETRIC_REPRESENTATION_CONTEXT() REPRESENTATION_CONTEXT('2D SPACE',''
  ) );
#347 = ORIENTED_EDGE('',*,*,#348,.F.);
#348 = EDGE_CURVE('',#349,#317,#351,.T.);
#349 = VERTEX_POINT('',#350);
#350 = CARTESIAN_POINT('',(-0.277799484814,3.111132818147,4.099667364392
    ));
#351 = SURFACE_CURVE('',#352,(#357,#369),.PCURVE_S1.);
#352 = CIRCLE('',#353,9.78646329011);
#353 = AXIS2_PLACEMENT_3D('',#354,#355,#356);
#354 = CARTESIAN_POINT('',(-4.218847493576E-15,-1.780127018922,
    -4.372243186434));
#355 = DIRECTION('',(0.,0.866025403784,-0.5));
#356 = DIRECTION('',(0.,0.5,0.866025403784));
#357 = PCURVE('',#33,#358);
#358 = DEFINITIONAL_REPRESENTATION('',(#359),#368);
#359 = B_SPLINE_CURVE_WITH_KNOTS('',7,(#360,#361,#362,#363,#364,#365,
    #366,#367),.UNSPECIFIED.,.F.,.F.,(8,8),(6.225249791654,
    6.341120822706),.PIECEWISE_BEZIER_KNOTS.);
#360 = CARTESIAN_POINT('',(-1.751317030255,-1.249688275999));
#361 = CARTESIAN_POINT('',(-1.700642610123,-1.252262066151));
#362 = CARTESIAN_POINT('',(-1.649085621334,-1.254002118338));
#363 = CARTESIAN_POINT('',(-1.596959389972,-1.254880238247));
#364 = CARTESIAN_POINT('',(-1.544633263618,-1.254880238247));
#365 = CARTESIAN_POINT('',(-1.492507032255,-1.254002118338));
#366 = CARTESIAN_POINT('',(-1.440950043467,-1.252262066151));
#367 = CARTESIAN_POINT('',(-1.390275623335,-1.249688275999));
#368 = ( GEOMETRIC_REPRESENTATION_CONTEXT(2) 
PARAMETRIC_REPRESENTATION_CONTEXT() REPRESENTATION_CONTEXT('2D SPACE',''
  ) );
#369 = PCURVE('',#370,#375);
#370 = PLANE('',#371);
#371 = AXIS2_PLACEMENT_3D('',#372,#373,#374);
#372 = CARTESIAN_POINT('',(0.566666666667,3.4,4.6));
#373 = DIRECTION('',(0.,0.866025403784,-0.5));
#374 = DIRECTION('',(0.,-0.5,-0.866025403784));
#375 = DEFINITIONAL_REPRESENTATION('',(#376),#380);
#376 = CIRCLE('',#377,9.78646329011);
#377 = AXIS2_PLACEMENT_2D('',#378,#379);
#378 = CARTESIAN_POINT('',(10.360254037844,0.566666666667));
#379 = DIRECTION('',(-1.,0.));
#380 = ( GEOMETRIC_REPRESENTATION_CONTEXT(2) 
PARAMETRIC_REPRESENTATION_CONTEXT() REPRESENTATION_CONTEXT('2D SPACE',''
  ) );
#381 = ORIENTED_EDGE('',*,*,#382,.F.);
#382 = EDGE_CURVE('',#383,#349,#385,.T.);
#383 = VERTEX_POINT('',#384);
#384 = CARTESIAN_POINT('',(-0.326860285436,2.833333333333,4.18464316373)
  );
#385 = SURFACE_CURVE('',#386,(#391,#401),.PCURVE_S1.);
#386 = CIRCLE('',#387,8.925617287044);
#387 = AXIS2_PLACEMENT_3D('',#388,#389,#390);
#388 = CARTESIAN_POINT('',(3.905127018922,0.,-3.145373864406));
#389 = DIRECTION('',(-0.866025403784,-0.,-0.5));
#390 = DIRECTION('',(0.5,0.,-0.866025403784));
#391 = PCURVE('',#33,#392);
#392 = DEFINITIONAL_REPRESENTATION('',(#393),#400);
#393 = B_SPLINE_CURVE_WITH_KNOTS('',5,(#394,#395,#396,#397,#398,#399),
  .UNSPECIFIED.,.F.,.F.,(6,6),(3.464619393194,3.532390289362),
  .PIECEWISE_BEZIER_KNOTS.);
#394 = CARTESIAN_POINT('',(-1.685651200902,-1.281568369963));
#395 = CARTESIAN_POINT('',(-1.67435341129,-1.26990744483));
#396 = CARTESIAN_POINT('',(-1.663849928377,-1.258227526456));
#397 = CARTESIAN_POINT('',(-1.653981424441,-1.24653346637));
#398 = CARTESIAN_POINT('',(-1.644646658627,-1.234828424008));
#399 = CARTESIAN_POINT('',(-1.635766655769,-1.223114926199));
#400 = ( GEOMETRIC_REPRESENTATION_CONTEXT(2) 
PARAMETRIC_REPRESENTATION_CONTEXT() REPRESENTATION_CONTEXT('2D SPACE',''
  ) );
#401 = PCURVE('',#402,#407);
#402 = PLANE('',#403);
#403 = AXIS2_PLACEMENT_3D('',#404,#405,#406);
#404 = CARTESIAN_POINT('',(-0.566666666667,0.566666666667,4.6));
#405 = DIRECTION('',(-0.866025403784,-0.,-0.5));
#406 = DIRECTION('',(0.5,0.,-0.866025403784));
#407 = DEFINITIONAL_REPRESENTATION('',(#408),#412);
#408 = CIRCLE('',#409,8.925617287044);
#409 = AXIS2_PLACEMENT_2D('',#410,#411);
#410 = CARTESIAN_POINT('',(8.943587371178,0.566666666667));
#411 = DIRECTION('',(1.,0.));
#412 = ( GEOMETRIC_REPRESENTATION_CONTEXT(2) 
PARAMETRIC_REPRESENTATION_CONTEXT() REPRESENTATION_CONTEXT('2D SPACE',''
  ) );
#413 = ORIENTED_EDGE('',*,*,#414,.T.);
#414 = EDGE_CURVE('',#383,#415,#417,.T.);
#415 = VERTEX_POINT('',#416);
#416 = CARTESIAN_POINT('',(-2.833333333333,0.326860285436,4.18464316373)
  );
#417 = SURFACE_CURVE('',#418,(#461,#507),.PCURVE_S1.);
#418 = B_SPLINE_CURVE_WITH_KNOTS('',6,(#419,#420,#421,#422,#423,#424,
    #425,#426,#427,#428,#429,#430,#431,#432,#433,#434,#435,#436,#437,
    #438,#439,#440,#441,#442,#443,#444,#445,#446,#447,#448,#449,#450,
    #451,#452,#453,#454,#455,#456,#457,#458,#459,#460),.UNSPECIFIED.,.F.
  ,.F.,(7,5,5,5,5,5,5,5,7),(0.,0.111394953687,0.25787724075,
    0.390048508541,0.500432565322,0.60975215363,0.741929058942,
    0.891525541863,1.),.UNSPECIFIED.);
#419 = CARTESIAN_POINT('',(-0.326860285436,2.833333333333,4.18464316373)
  );
#420 = CARTESIAN_POINT('',(-0.338592934384,2.763235797249,4.204964707814
    ));
#421 = CARTESIAN_POINT('',(-0.352240507151,2.693166815593,4.224528376818
    ));
#422 = CARTESIAN_POINT('',(-0.367830632139,2.62322215205,4.243302542991)
  );
#423 = CARTESIAN_POINT('',(-0.385380770262,2.553513581785,4.261253743161
    ));
#424 = CARTESIAN_POINT('',(-0.404892716032,2.484167170039,4.278348934365
    ));
#425 = CARTESIAN_POINT('',(-0.454559211727,2.324790844985,4.315872039146
    ));
#426 = CARTESIAN_POINT('',(-0.486133977871,2.235113780369,4.335656524435
    ));
#427 = CARTESIAN_POINT('',(-0.521021550514,2.146628855573,4.353836080936
    ));
#428 = CARTESIAN_POINT('',(-0.559108539489,2.059693969673,4.370349989663
    ));
#429 = CARTESIAN_POINT('',(-0.600203126252,1.974663907215,4.385162778787
    ));
#430 = CARTESIAN_POINT('',(-0.683616645534,1.817134803117,4.410095698182
    ));
#431 = CARTESIAN_POINT('',(-0.725432622559,1.744206240123,4.420535584021
    ));
#432 = CARTESIAN_POINT('',(-0.76931077122,1.673311773619,4.42958258494)
  );
#433 = CARTESIAN_POINT('',(-0.815058902078,1.604589982092,4.43726417781)
  );
#434 = CARTESIAN_POINT('',(-0.862532270223,1.538072438014,4.443624866668
    ));
#435 = CARTESIAN_POINT('',(-0.952676377727,1.419984541471,4.452950857178
    ));
#436 = CARTESIAN_POINT('',(-0.994852012953,1.367753808678,4.456303264458
    ));
#437 = CARTESIAN_POINT('',(-1.038146846709,1.316995405599,4.458790042131
    ));
#438 = CARTESIAN_POINT('',(-1.082568913923,1.267638768203,4.460433679221
    ));
#439 = CARTESIAN_POINT('',(-1.128163237423,1.219600496835,4.461247720211
    ));
#440 = CARTESIAN_POINT('',(-1.221400745822,1.126460256173,4.4612153217)
  );
#441 = CARTESIAN_POINT('',(-1.269014530781,1.081339825477,4.460384823913
    ));
#442 = CARTESIAN_POINT('',(-1.317923158451,1.037368229253,4.458740348898
    ));
#443 = CARTESIAN_POINT('',(-1.368207491968,0.994502209849,4.456268618698
    ));
#444 = CARTESIAN_POINT('',(-1.419935856741,0.952734192133,4.452947779891
    ));
#445 = CARTESIAN_POINT('',(-1.537478567642,0.862960889287,4.443680054139
    ));
#446 = CARTESIAN_POINT('',(-1.603982454267,0.815472773884,4.437328908758
    ));
#447 = CARTESIAN_POINT('',(-1.6726908662,0.769709264622,4.429657013746)
  );
#448 = CARTESIAN_POINT('',(-1.743572714398,0.725814840021,4.420619803076
    ));
#449 = CARTESIAN_POINT('',(-1.81648984263,0.683981635198,4.410189687312)
  );
#450 = CARTESIAN_POINT('',(-1.975754544718,0.599599269913,4.384999241288
    ));
#451 = CARTESIAN_POINT('',(-2.062627417003,0.557670835897,4.369845935503
    ));
#452 = CARTESIAN_POINT('',(-2.151481568802,0.518883915954,4.352918403029
    ));
#453 = CARTESIAN_POINT('',(-2.241938349028,0.48344153971,4.334255043712)
  );
#454 = CARTESIAN_POINT('',(-2.333616968834,0.451461079859,4.313921447519
    ));
#455 = CARTESIAN_POINT('',(-2.4932623356,0.40234779495,4.276101535074));
#456 = CARTESIAN_POINT('',(-2.560826660022,0.383547934234,4.259367348219
    ));
#457 = CARTESIAN_POINT('',(-2.628725099475,0.366608123733,4.241823915213
    ));
#458 = CARTESIAN_POINT('',(-2.696842065686,0.351525967691,4.223501716753
    ));
#459 = CARTESIAN_POINT('',(-2.765074520676,0.338285176113,4.204431654853
    ));
#460 = CARTESIAN_POINT('',(-2.833333333333,0.326860285436,4.18464316373)
  );
#461 = PCURVE('',#33,#462);
#462 = DEFINITIONAL_REPRESENTATION('',(#463),#506);
#463 = B_SPLINE_CURVE_WITH_KNOTS('',6,(#464,#465,#466,#467,#468,#469,
    #470,#471,#472,#473,#474,#475,#476,#477,#478,#479,#480,#481,#482,
    #483,#484,#485,#486,#487,#488,#489,#490,#491,#492,#493,#494,#495,
    #496,#497,#498,#499,#500,#501,#502,#503,#504,#505),.UNSPECIFIED.,.F.
  ,.F.,(7,5,5,5,5,5,5,5,7),(0.,0.111394953687,0.25787724075,
    0.390048508541,0.500432565322,0.60975215363,0.741929058942,
    0.891525541863,1.),.UNSPECIFIED.);
#464 = CARTESIAN_POINT('',(-1.685651061631,-1.281568226215));
#465 = CARTESIAN_POINT('',(-1.692554228293,-1.288693280718));
#466 = CARTESIAN_POINT('',(-1.700520135046,-1.295757329676));
#467 = CARTESIAN_POINT('',(-1.709664165173,-1.302743383164));
#468 = CARTESIAN_POINT('',(-1.720117687271,-1.309630504772));
#469 = CARTESIAN_POINT('',(-1.732020662528,-1.316393411644));
#470 = CARTESIAN_POINT('',(-1.763258070557,-1.331692342933));
#471 = CARTESIAN_POINT('',(-1.783754412017,-1.340117108722));
#472 = CARTESIAN_POINT('',(-1.807317709078,-1.348205746347));
#473 = CARTESIAN_POINT('',(-1.834255366362,-1.355876383367));
#474 = CARTESIAN_POINT('',(-1.864799784426,-1.36303537862));
#475 = CARTESIAN_POINT('',(-1.929714316598,-1.375511331381));
#476 = CARTESIAN_POINT('',(-1.963426340092,-1.380941258549));
#477 = CARTESIAN_POINT('',(-2.000038812274,-1.385817045388));
#478 = CARTESIAN_POINT('',(-2.039396568309,-1.390081699509));
#479 = CARTESIAN_POINT('',(-2.081142417579,-1.393693555537));
#480 = CARTESIAN_POINT('',(-2.161230562255,-1.399075249872));
#481 = CARTESIAN_POINT('',(-2.199002075393,-1.401050768167));
#482 = CARTESIAN_POINT('',(-2.237824565175,-1.402537814061));
#483 = CARTESIAN_POINT('',(-2.277361347975,-1.403528138871));
#484 = CARTESIAN_POINT('',(-2.31724882153,-1.404018424935));
#485 = CARTESIAN_POINT('',(-2.396632283982,-1.403998909582));
#486 = CARTESIAN_POINT('',(-2.436124088743,-1.403498707843));
#487 = CARTESIAN_POINT('',(-2.475264171722,-1.402508144312));
#488 = CARTESIAN_POINT('',(-2.513699816976,-1.401030507377));
#489 = CARTESIAN_POINT('',(-2.551104361926,-1.399073839765));
#490 = CARTESIAN_POINT('',(-2.630868979715,-1.393724964485));
#491 = CARTESIAN_POINT('',(-2.672633674544,-1.390117875082));
#492 = CARTESIAN_POINT('',(-2.712012433245,-1.38585770989));
#493 = CARTESIAN_POINT('',(-2.748647220334,-1.380986061331));
#494 = CARTESIAN_POINT('',(-2.782382034644,-1.375559872127));
#495 = CARTESIAN_POINT('',(-2.848068768792,-1.36295185221));
#496 = CARTESIAN_POINT('',(-2.879209124026,-1.355631162934));
#497 = CARTESIAN_POINT('',(-2.906586007731,-1.347778340289));
#498 = CARTESIAN_POINT('',(-2.930452557211,-1.339493241225));
#499 = CARTESIAN_POINT('',(-2.951139227772,-1.330862552483));
#500 = CARTESIAN_POINT('',(-2.981919123515,-1.315505811072));
#501 = CARTESIAN_POINT('',(-2.993362391402,-1.308907669186));
#502 = CARTESIAN_POINT('',(-3.003441758496,-1.302193615007));
#503 = CARTESIAN_POINT('',(-3.012285974863,-1.295386768381));
#504 = CARTESIAN_POINT('',(-3.02001582856,-1.288506383925));
#505 = CARTESIAN_POINT('',(-3.026737918754,-1.281568226215));
#506 = ( GEOMETRIC_REPRESENTATION_CONTEXT(2) 
PARAMETRIC_REPRESENTATION_CONTEXT() REPRESENTATION_CONTEXT('2D SPACE',''
  ) );
#507 = PCURVE('',#508,#513);
#508 = CONICAL_SURFACE('',#509,2.266666666667,0.523598775598);
#509 = AXIS2_PLACEMENT_3D('',#510,#511,#512);
#510 = CARTESIAN_POINT('',(-2.833333333333,2.833333333333,4.6));
#511 = DIRECTION('',(0.,0.,-1.));
#512 = DIRECTION('',(1.,-1.95921710228E-16,0.));
#513 = DEFINITIONAL_REPRESENTATION('',(#514),#557);
#514 = B_SPLINE_CURVE_WITH_KNOTS('',6,(#515,#516,#517,#518,#519,#520,
    #521,#522,#523,#524,#525,#526,#527,#528,#529,#530,#531,#532,#533,
    #534,#535,#536,#537,#538,#539,#540,#541,#542,#543,#544,#545,#546,
    #547,#548,#549,#550,#551,#552,#553,#554,#555,#556),.UNSPECIFIED.,.F.
  ,.F.,(7,5,5,5,5,5,5,5,7),(0.,0.111394953687,0.25787724075,
    0.390048508541,0.500432565322,0.60975215363,0.741929058942,
    0.891525541863,1.),.UNSPECIFIED.);
#515 = CARTESIAN_POINT('',(0.,0.41535683627));
#516 = CARTESIAN_POINT('',(2.796660276985E-02,0.395035292186));
#517 = CARTESIAN_POINT('',(5.623600928347E-02,0.375471623182));
#518 = CARTESIAN_POINT('',(8.47937365425E-02,0.356697457009));
#519 = CARTESIAN_POINT('',(0.113618903922,0.338746256839));
#520 = CARTESIAN_POINT('',(0.142683401526,0.321651065635));
#521 = CARTESIAN_POINT('',(0.210437481797,0.284127960854));
#522 = CARTESIAN_POINT('',(0.249280427856,0.264343475565));
#523 = CARTESIAN_POINT('',(0.288387914861,0.246163919064));
#524 = CARTESIAN_POINT('',(0.327650190547,0.229650010337));
#525 = CARTESIAN_POINT('',(0.366941450306,0.214837221213));
#526 = CARTESIAN_POINT('',(0.441493758915,0.189904301818));
#527 = CARTESIAN_POINT('',(0.476781498022,0.179464415979));
#528 = CARTESIAN_POINT('',(0.511895363216,0.17041741506));
#529 = CARTESIAN_POINT('',(0.546769287685,0.16273582219));
#530 = CARTESIAN_POINT('',(0.581381713004,0.156375133332));
#531 = CARTESIAN_POINT('',(0.644450336345,0.147049142822));
#532 = CARTESIAN_POINT('',(0.672982963055,0.143696735542));
#533 = CARTESIAN_POINT('',(0.701364854196,0.141209957869));
#534 = CARTESIAN_POINT('',(0.729635200091,0.139566320779));
#535 = CARTESIAN_POINT('',(0.757847313261,0.138752279789));
#536 = CARTESIAN_POINT('',(0.814004567532,0.1387846783));
#537 = CARTESIAN_POINT('',(0.841946440712,0.139615176087));
#538 = CARTESIAN_POINT('',(0.869946553924,0.141259651102));
#539 = CARTESIAN_POINT('',(0.898056518902,0.143731381302));
#540 = CARTESIAN_POINT('',(0.926314279103,0.147052220109));
#541 = CARTESIAN_POINT('',(0.989104273425,0.156319945861));
#542 = CARTESIAN_POINT('',(1.023716205799,0.162671091242));
#543 = CARTESIAN_POINT('',(1.058589736056,0.170342986254));
#544 = CARTESIAN_POINT('',(1.093703525932,0.179380196924));
#545 = CARTESIAN_POINT('',(1.128991657224,0.189810312688));
#546 = CARTESIAN_POINT('',(1.204377403763,0.215000758712));
#547 = CARTESIAN_POINT('',(1.244506253394,0.230154064497));
#548 = CARTESIAN_POINT('',(1.284602544156,0.247081596971));
#549 = CARTESIAN_POINT('',(1.324532388477,0.265744956288));
#550 = CARTESIAN_POINT('',(1.364179771832,0.286078552481));
#551 = CARTESIAN_POINT('',(1.431922212004,0.323898464926));
#552 = CARTESIAN_POINT('',(1.46019994437,0.340632651781));
#553 = CARTESIAN_POINT('',(1.488248691965,0.358176084787));
#554 = CARTESIAN_POINT('',(1.516042889286,0.376498283247));
#555 = CARTESIAN_POINT('',(1.543563313971,0.395568345147));
#556 = CARTESIAN_POINT('',(1.570796326795,0.41535683627));
#557 = ( GEOMETRIC_REPRESENTATION_CONTEXT(2) 
PARAMETRIC_REPRESENTATION_CONTEXT() REPRESENTATION_CONTEXT('2D SPACE',''
  ) );
#558 = ORIENTED_EDGE('',*,*,#559,.F.);
#559 = EDGE_CURVE('',#560,#415,#562,.T.);
#560 = VERTEX_POINT('',#561);
#561 = CARTESIAN_POINT('',(-3.111132818147,0.277799484814,4.099667364392
    ));
#562 = SURFACE_CURVE('',#563,(#568,#578),.PCURVE_S1.);
#563 = CIRCLE('',#564,8.925617287044);
#564 = AXIS2_PLACEMENT_3D('',#565,#566,#567);
#565 = CARTESIAN_POINT('',(-4.218847493576E-15,-3.905127018922,
    -3.145373864406));
#566 = DIRECTION('',(0.,0.866025403784,-0.5));
#567 = DIRECTION('',(0.,0.5,0.866025403784));
#568 = PCURVE('',#33,#569);
#569 = DEFINITIONAL_REPRESENTATION('',(#570),#577);
#570 = B_SPLINE_CURVE_WITH_KNOTS('',5,(#571,#572,#573,#574,#575,#576),
  .UNSPECIFIED.,.F.,.F.,(6,6),(5.892387671407,5.960158567575),
  .PIECEWISE_BEZIER_KNOTS.);
#571 = CARTESIAN_POINT('',(-3.076622324615,-1.223114926199));
#572 = CARTESIAN_POINT('',(-3.067742321758,-1.234828424008));
#573 = CARTESIAN_POINT('',(-3.058407555943,-1.24653346637));
#574 = CARTESIAN_POINT('',(-3.048539052008,-1.258227526456));
#575 = CARTESIAN_POINT('',(-3.038035569094,-1.26990744483));
#576 = CARTESIAN_POINT('',(-3.026737779483,-1.281568369963));
#577 = ( GEOMETRIC_REPRESENTATION_CONTEXT(2) 
PARAMETRIC_REPRESENTATION_CONTEXT() REPRESENTATION_CONTEXT('2D SPACE',''
  ) );
#578 = PCURVE('',#579,#584);
#579 = PLANE('',#580);
#580 = AXIS2_PLACEMENT_3D('',#581,#582,#583);
#581 = CARTESIAN_POINT('',(-3.4,0.566666666667,4.6));
#582 = DIRECTION('',(0.,0.866025403784,-0.5));
#583 = DIRECTION('',(0.,-0.5,-0.866025403784));
#584 = DEFINITIONAL_REPRESENTATION('',(#585),#589);
#585 = CIRCLE('',#586,8.925617287044);
#586 = AXIS2_PLACEMENT_2D('',#587,#588);
#587 = CARTESIAN_POINT('',(8.943587371178,-3.4));
#588 = DIRECTION('',(-1.,0.));
#589 = ( GEOMETRIC_REPRESENTATION_CONTEXT(2) 
PARAMETRIC_REPRESENTATION_CONTEXT() REPRESENTATION_CONTEXT('2D SPACE',''
  ) );
#590 = ORIENTED_EDGE('',*,*,#591,.F.);
#591 = EDGE_CURVE('',#592,#560,#594,.T.);
#592 = VERTEX_POINT('',#593);
#593 = CARTESIAN_POINT('',(-3.111132818147,-0.277799484814,
    4.099667364392));
#594 = SURFACE_CURVE('',#595,(#600,#612),.PCURVE_S1.);
#595 = CIRCLE('',#596,9.78646329011);
#596 = AXIS2_PLACEMENT_3D('',#597,#598,#599);
#597 = CARTESIAN_POINT('',(1.780127018922,0.,-4.372243186434));
#598 = DIRECTION('',(-0.866025403784,-0.,-0.5));
#599 = DIRECTION('',(0.5,0.,-0.866025403784));
#600 = PCURVE('',#33,#601);
#601 = DEFINITIONAL_REPRESENTATION('',(#602),#611);
#602 = B_SPLINE_CURVE_WITH_KNOTS('',7,(#603,#604,#605,#606,#607,#608,
    #609,#610),.UNSPECIFIED.,.F.,.F.,(8,8),(3.083657138064,
    3.199528169116),.PIECEWISE_BEZIER_KNOTS.);
#603 = CARTESIAN_POINT('',(-3.32211335705,-1.249688275999));
#604 = CARTESIAN_POINT('',(-3.271438936918,-1.252262066151));
#605 = CARTESIAN_POINT('',(-3.21988194813,-1.254002118338));
#606 = CARTESIAN_POINT('',(-3.167755716766,-1.254880238247));
#607 = CARTESIAN_POINT('',(-3.115429590413,-1.254880238247));
#608 = CARTESIAN_POINT('',(-3.06330335905,-1.254002118338));
#609 = CARTESIAN_POINT('',(-3.011746370261,-1.252262066151));
#610 = CARTESIAN_POINT('',(-2.96107195013,-1.249688275999));
#611 = ( GEOMETRIC_REPRESENTATION_CONTEXT(2) 
PARAMETRIC_REPRESENTATION_CONTEXT() REPRESENTATION_CONTEXT('2D SPACE',''
  ) );
#612 = PCURVE('',#613,#618);
#613 = PLANE('',#614);
#614 = AXIS2_PLACEMENT_3D('',#615,#616,#617);
#615 = CARTESIAN_POINT('',(-3.4,0.,4.6));
#616 = DIRECTION('',(-0.866025403784,-0.,-0.5));
#617 = DIRECTION('',(0.5,0.,-0.866025403784));
#618 = DEFINITIONAL_REPRESENTATION('',(#619),#623);
#619 = CIRCLE('',#620,9.78646329011);
#620 = AXIS2_PLACEMENT_2D('',#621,#622);
#621 = CARTESIAN_POINT('',(10.360254037844,0.));
#622 = DIRECTION('',(1.,0.));
#623 = ( GEOMETRIC_REPRESENTATION_CONTEXT(2) 
PARAMETRIC_REPRESENTATION_CONTEXT() REPRESENTATION_CONTEXT('2D SPACE',''
  ) );
#624 = ORIENTED_EDGE('',*,*,#625,.F.);
#625 = EDGE_CURVE('',#626,#592,#628,.T.);
#626 = VERTEX_POINT('',#627);
#627 = CARTESIAN_POINT('',(-2.833333333333,-0.326860285436,4.18464316373
    ));
#628 = SURFACE_CURVE('',#629,(#634,#644),.PCURVE_S1.);
#629 = CIRCLE('',#630,8.925617287044);
#630 = AXIS2_PLACEMENT_3D('',#631,#632,#633);
#631 = CARTESIAN_POINT('',(-4.218847493576E-15,3.905127018922,
    -3.145373864406));
#632 = DIRECTION('',(0.,-0.866025403784,-0.5));
#633 = DIRECTION('',(0.,0.5,-0.866025403784));
#634 = PCURVE('',#33,#635);
#635 = DEFINITIONAL_REPRESENTATION('',(#636),#643);
#636 = B_SPLINE_CURVE_WITH_KNOTS('',5,(#637,#638,#639,#640,#641,#642),
  .UNSPECIFIED.,.F.,.F.,(6,6),(3.464619393194,3.532390289362),
  .PIECEWISE_BEZIER_KNOTS.);
#637 = CARTESIAN_POINT('',(-3.256447527697,-1.281568369963));
#638 = CARTESIAN_POINT('',(-3.245149738085,-1.26990744483));
#639 = CARTESIAN_POINT('',(-3.234646255172,-1.258227526456));
#640 = CARTESIAN_POINT('',(-3.224777751236,-1.24653346637));
#641 = CARTESIAN_POINT('',(-3.215442985421,-1.234828424008));
#642 = CARTESIAN_POINT('',(-3.206562982564,-1.223114926199));
#643 = ( GEOMETRIC_REPRESENTATION_CONTEXT(2) 
PARAMETRIC_REPRESENTATION_CONTEXT() REPRESENTATION_CONTEXT('2D SPACE',''
  ) );
#644 = PCURVE('',#645,#650);
#645 = PLANE('',#646);
#646 = AXIS2_PLACEMENT_3D('',#647,#648,#649);
#647 = CARTESIAN_POINT('',(-3.4,-0.566666666667,4.6));
#648 = DIRECTION('',(0.,-0.866025403784,-0.5));
#649 = DIRECTION('',(0.,0.5,-0.866025403784));
#650 = DEFINITIONAL_REPRESENTATION('',(#651),#655);
#651 = CIRCLE('',#652,8.925617287044);
#652 = AXIS2_PLACEMENT_2D('',#653,#654);
#653 = CARTESIAN_POINT('',(8.943587371178,3.4));
#654 = DIRECTION('',(1.,0.));
#655 = ( GEOMETRIC_REPRESENTATION_CONTEXT(2) 
PARAMETRIC_REPRESENTATION_CONTEXT() REPRESENTATION_CONTEXT('2D SPACE',''
  ) );
#656 = ORIENTED_EDGE('',*,*,#657,.T.);
#657 = EDGE_CURVE('',#626,#658,#660,.T.);
#658 = VERTEX_POINT('',#659);
#659 = CARTESIAN_POINT('',(-0.326860285436,-2.833333333333,4.18464316373
    ));
#660 = SURFACE_CURVE('',#661,(#704,#750),.PCURVE_S1.);
#661 = B_SPLINE_CURVE_WITH_KNOTS('',6,(#662,#663,#664,#665,#666,#667,
    #668,#669,#670,#671,#672,#673,#674,#675,#676,#677,#678,#679,#680,
    #681,#682,#683,#684,#685,#686,#687,#688,#689,#690,#691,#692,#693,
    #694,#695,#696,#697,#698,#699,#700,#701,#702,#703),.UNSPECIFIED.,.F.
  ,.F.,(7,5,5,5,5,5,5,5,7),(0.,0.109317082405,0.257877554642,
    0.39004876653,0.500432776622,0.609752318691,0.741929168097,
    0.891525587744,1.),.UNSPECIFIED.);
#662 = CARTESIAN_POINT('',(-2.833333333333,-0.326860285436,4.18464316373
    ));
#663 = CARTESIAN_POINT('',(-2.764544149365,-0.33837394757,4.204585411527
    ));
#664 = CARTESIAN_POINT('',(-2.695781736263,-0.351731839343,
    4.223798021744));
#665 = CARTESIAN_POINT('',(-2.627137307197,-0.366960023268,4.24225087214
    ));
#666 = CARTESIAN_POINT('',(-2.558716439042,-0.384075099913,
    4.259912320449));
#667 = CARTESIAN_POINT('',(-2.490637648203,-0.40307929805,4.276751173112
    ));
#668 = CARTESIAN_POINT('',(-2.331154378181,-0.452326135801,
    4.314465429528));
#669 = CARTESIAN_POINT('',(-2.240136915208,-0.484158078144,
    4.334622872966));
#670 = CARTESIAN_POINT('',(-2.150330213203,-0.519402298351,
    4.353132163617));
#671 = CARTESIAN_POINT('',(-2.062107283356,-0.557942960511,
    4.369929311572));
#672 = CARTESIAN_POINT('',(-1.975838787426,-0.599581013318,
    4.384976824618));
#673 = CARTESIAN_POINT('',(-1.817134803117,-0.683616645534,
    4.410095698182));
#674 = CARTESIAN_POINT('',(-1.744206240123,-0.725432622559,
    4.420535584021));
#675 = CARTESIAN_POINT('',(-1.67331177362,-0.76931077122,4.42958258494)
  );
#676 = CARTESIAN_POINT('',(-1.604589982091,-0.815058902079,4.43726417781
    ));
#677 = CARTESIAN_POINT('',(-1.538072438015,-0.862532270223,
    4.443624866668));
#678 = CARTESIAN_POINT('',(-1.419984541471,-0.952676377727,
    4.452950857178));
#679 = CARTESIAN_POINT('',(-1.367753808678,-0.994852012953,
    4.456303264458));
#680 = CARTESIAN_POINT('',(-1.316995405599,-1.038146846709,
    4.458790042131));
#681 = CARTESIAN_POINT('',(-1.267638768203,-1.082568913923,
    4.460433679221));
#682 = CARTESIAN_POINT('',(-1.219600496835,-1.128163237423,
    4.461247720211));
#683 = CARTESIAN_POINT('',(-1.126460256173,-1.221400745822,4.4612153217)
  );
#684 = CARTESIAN_POINT('',(-1.081339825477,-1.269014530781,
    4.460384823913));
#685 = CARTESIAN_POINT('',(-1.037368229253,-1.317923158451,
    4.458740348898));
#686 = CARTESIAN_POINT('',(-0.994502209849,-1.368207491968,
    4.456268618698));
#687 = CARTESIAN_POINT('',(-0.952734192133,-1.419935856741,
    4.452947779891));
#688 = CARTESIAN_POINT('',(-0.862960889287,-1.537478567642,
    4.443680054139));
#689 = CARTESIAN_POINT('',(-0.815472773884,-1.603982454267,
    4.437328908758));
#690 = CARTESIAN_POINT('',(-0.769709264622,-1.6726908662,4.429657013746)
  );
#691 = CARTESIAN_POINT('',(-0.725814840021,-1.743572714398,
    4.420619803076));
#692 = CARTESIAN_POINT('',(-0.683981635198,-1.81648984263,4.410189687312
    ));
#693 = CARTESIAN_POINT('',(-0.599599269913,-1.975754544718,
    4.384999241288));
#694 = CARTESIAN_POINT('',(-0.557670835897,-2.062627417003,
    4.369845935503));
#695 = CARTESIAN_POINT('',(-0.518883915954,-2.151481568802,
    4.352918403029));
#696 = CARTESIAN_POINT('',(-0.48344153971,-2.241938349028,4.334255043712
    ));
#697 = CARTESIAN_POINT('',(-0.451461079859,-2.333616968834,
    4.313921447519));
#698 = CARTESIAN_POINT('',(-0.40234779495,-2.4932623356,4.276101535074)
  );
#699 = CARTESIAN_POINT('',(-0.383547934234,-2.560826660022,
    4.259367348219));
#700 = CARTESIAN_POINT('',(-0.366608123733,-2.628725099475,
    4.241823915213));
#701 = CARTESIAN_POINT('',(-0.351525967691,-2.696842065686,
    4.223501716753));
#702 = CARTESIAN_POINT('',(-0.338285176113,-2.765074520676,
    4.204431654853));
#703 = CARTESIAN_POINT('',(-0.326860285436,-2.833333333333,4.18464316373
    ));
#704 = PCURVE('',#33,#705);
#705 = DEFINITIONAL_REPRESENTATION('',(#706),#749);
#706 = B_SPLINE_CURVE_WITH_KNOTS('',6,(#707,#708,#709,#710,#711,#712,
    #713,#714,#715,#716,#717,#718,#719,#720,#721,#722,#723,#724,#725,
    #726,#727,#728,#729,#730,#731,#732,#733,#734,#735,#736,#737,#738,
    #739,#740,#741,#742,#743,#744,#745,#746,#747,#748),.UNSPECIFIED.,.F.
  ,.F.,(7,5,5,5,5,5,5,5,7),(0.,0.109317082405,0.257877554642,
    0.39004876653,0.500432776622,0.609752318691,0.741929168097,
    0.891525587744,1.),.UNSPECIFIED.);
#707 = CARTESIAN_POINT('',(-3.256447388426,-1.281568226215));
#708 = CARTESIAN_POINT('',(-3.263221709294,-1.288560293445));
#709 = CARTESIAN_POINT('',(-3.271019521662,-1.295493685734));
#710 = CARTESIAN_POINT('',(-3.279949905779,-1.302352270088));
#711 = CARTESIAN_POINT('',(-3.290136623743,-1.309116310274));
#712 = CARTESIAN_POINT('',(-3.301711590529,-1.315762080031));
#713 = CARTESIAN_POINT('',(-3.332606661523,-1.331094070001));
#714 = CARTESIAN_POINT('',(-3.353217647756,-1.339657594486));
#715 = CARTESIAN_POINT('',(-3.376969709905,-1.347878953598));
#716 = CARTESIAN_POINT('',(-3.404185652659,-1.355673113554));
#717 = CARTESIAN_POINT('',(-3.43511196704,-1.362942330734));
#718 = CARTESIAN_POINT('',(-3.500510643393,-1.375511331381));
#719 = CARTESIAN_POINT('',(-3.534222666887,-1.380941258549));
#720 = CARTESIAN_POINT('',(-3.570835139069,-1.385817045388));
#721 = CARTESIAN_POINT('',(-3.610192895104,-1.390081699509));
#722 = CARTESIAN_POINT('',(-3.651938744374,-1.393693555537));
#723 = CARTESIAN_POINT('',(-3.732026889049,-1.399075249872));
#724 = CARTESIAN_POINT('',(-3.769798402188,-1.401050768167));
#725 = CARTESIAN_POINT('',(-3.80862089197,-1.402537814061));
#726 = CARTESIAN_POINT('',(-3.84815767477,-1.403528138871));
#727 = CARTESIAN_POINT('',(-3.888045148325,-1.404018424935));
#728 = CARTESIAN_POINT('',(-3.967428610777,-1.403998909582));
#729 = CARTESIAN_POINT('',(-4.006920415538,-1.403498707843));
#730 = CARTESIAN_POINT('',(-4.046060498517,-1.402508144312));
#731 = CARTESIAN_POINT('',(-4.084496143771,-1.401030507377));
#732 = CARTESIAN_POINT('',(-4.121900688721,-1.399073839765));
#733 = CARTESIAN_POINT('',(-4.20166530651,-1.393724964485));
#734 = CARTESIAN_POINT('',(-4.243430001339,-1.390117875082));
#735 = CARTESIAN_POINT('',(-4.28280876004,-1.38585770989));
#736 = CARTESIAN_POINT('',(-4.319443547129,-1.380986061331));
#737 = CARTESIAN_POINT('',(-4.353178361439,-1.375559872127));
#738 = CARTESIAN_POINT('',(-4.418865095587,-1.36295185221));
#739 = CARTESIAN_POINT('',(-4.450005450821,-1.355631162934));
#740 = CARTESIAN_POINT('',(-4.477382334526,-1.347778340289));
#741 = CARTESIAN_POINT('',(-4.501248884006,-1.339493241225));
#742 = CARTESIAN_POINT('',(-4.521935554567,-1.330862552483));
#743 = CARTESIAN_POINT('',(-4.55271545031,-1.315505811072));
#744 = CARTESIAN_POINT('',(-4.564158718197,-1.308907669186));
#745 = CARTESIAN_POINT('',(-4.574238085291,-1.302193615007));
#746 = CARTESIAN_POINT('',(-4.583082301658,-1.295386768381));
#747 = CARTESIAN_POINT('',(-4.590812155355,-1.288506383925));
#748 = CARTESIAN_POINT('',(-4.597534245549,-1.281568226215));
#749 = ( GEOMETRIC_REPRESENTATION_CONTEXT(2) 
PARAMETRIC_REPRESENTATION_CONTEXT() REPRESENTATION_CONTEXT('2D SPACE',''
  ) );
#750 = PCURVE('',#751,#756);
#751 = CONICAL_SURFACE('',#752,2.266666666667,0.523598775598);
#752 = AXIS2_PLACEMENT_3D('',#753,#754,#755);
#753 = CARTESIAN_POINT('',(-2.833333333333,-2.833333333333,4.6));
#754 = DIRECTION('',(0.,0.,-1.));
#755 = DIRECTION('',(1.,-1.95921710228E-16,0.));
#756 = DEFINITIONAL_REPRESENTATION('',(#757),#800);
#757 = B_SPLINE_CURVE_WITH_KNOTS('',6,(#758,#759,#760,#761,#762,#763,
    #764,#765,#766,#767,#768,#769,#770,#771,#772,#773,#774,#775,#776,
    #777,#778,#779,#780,#781,#782,#783,#784,#785,#786,#787,#788,#789,
    #790,#791,#792,#793,#794,#795,#796,#797,#798,#799),.UNSPECIFIED.,.F.
  ,.F.,(7,5,5,5,5,5,5,5,7),(0.,0.109317082405,0.257877554642,
    0.39004876653,0.500432776622,0.609752318691,0.741929168097,
    0.891525587744,1.),.UNSPECIFIED.);
#758 = CARTESIAN_POINT('',(4.712388980385,0.41535683627));
#759 = CARTESIAN_POINT('',(4.739833593853,0.395414588473));
#760 = CARTESIAN_POINT('',(4.767570102434,0.376201978256));
#761 = CARTESIAN_POINT('',(4.795584550033,0.35774912786));
#762 = CARTESIAN_POINT('',(4.823857216536,0.340087679551));
#763 = CARTESIAN_POINT('',(4.852361830304,0.323248826888));
#764 = CARTESIAN_POINT('',(4.920071711392,0.285534570472));
#765 = CARTESIAN_POINT('',(4.959450358067,0.265377127034));
#766 = CARTESIAN_POINT('',(4.999105800408,0.246867836383));
#767 = CARTESIAN_POINT('',(5.038924195078,0.230070688428));
#768 = CARTESIAN_POINT('',(5.07877440625,0.215023175382));
#769 = CARTESIAN_POINT('',(5.1538827393,0.189904301818));
#770 = CARTESIAN_POINT('',(5.189170478407,0.179464415979));
#771 = CARTESIAN_POINT('',(5.224284343601,0.17041741506));
#772 = CARTESIAN_POINT('',(5.25915826807,0.16273582219));
#773 = CARTESIAN_POINT('',(5.293770693389,0.156375133332));
#774 = CARTESIAN_POINT('',(5.35683931673,0.147049142822));
#775 = CARTESIAN_POINT('',(5.38537194344,0.143696735542));
#776 = CARTESIAN_POINT('',(5.413753834581,0.141209957869));
#777 = CARTESIAN_POINT('',(5.442024180475,0.139566320779));
#778 = CARTESIAN_POINT('',(5.470236293645,0.138752279789));
#779 = CARTESIAN_POINT('',(5.526393547917,0.1387846783));
#780 = CARTESIAN_POINT('',(5.554335421096,0.139615176087));
#781 = CARTESIAN_POINT('',(5.582335534308,0.141259651102));
#782 = CARTESIAN_POINT('',(5.610445499287,0.143731381302));
#783 = CARTESIAN_POINT('',(5.638703259487,0.147052220109));
#784 = CARTESIAN_POINT('',(5.701493253809,0.156319945861));
#785 = CARTESIAN_POINT('',(5.736105186184,0.162671091242));
#786 = CARTESIAN_POINT('',(5.770978716441,0.170342986254));
#787 = CARTESIAN_POINT('',(5.806092506316,0.179380196924));
#788 = CARTESIAN_POINT('',(5.841380637609,0.189810312688));
#789 = CARTESIAN_POINT('',(5.916766384148,0.215000758712));
#790 = CARTESIAN_POINT('',(5.956895233779,0.230154064497));
#791 = CARTESIAN_POINT('',(5.99699152454,0.247081596971));
#792 = CARTESIAN_POINT('',(6.036921368862,0.265744956288));
#793 = CARTESIAN_POINT('',(6.076568752217,0.286078552481));
#794 = CARTESIAN_POINT('',(6.144311192389,0.323898464926));
#795 = CARTESIAN_POINT('',(6.172588924755,0.340632651781));
#796 = CARTESIAN_POINT('',(6.20063767235,0.358176084787));
#797 = CARTESIAN_POINT('',(6.228431869671,0.376498283247));
#798 = CARTESIAN_POINT('',(6.255952294355,0.395568345147));
#799 = CARTESIAN_POINT('',(6.28318530718,0.41535683627));
#800 = ( GEOMETRIC_REPRESENTATION_CONTEXT(2) 
PARAMETRIC_REPRESENTATION_CONTEXT() REPRESENTATION_CONTEXT('2D SPACE',''
  ) );
#801 = ORIENTED_EDGE('',*,*,#802,.F.);
#802 = EDGE_CURVE('',#803,#658,#805,.T.);
#803 = VERTEX_POINT('',#804);
#804 = CARTESIAN_POINT('',(-0.277799484814,-3.111132818147,
    4.099667364392));
#805 = SURFACE_CURVE('',#806,(#811,#821),.PCURVE_S1.);
#806 = CIRCLE('',#807,8.925617287044);
#807 = AXIS2_PLACEMENT_3D('',#808,#809,#810);
#808 = CARTESIAN_POINT('',(3.905127018922,0.,-3.145373864406));
#809 = DIRECTION('',(-0.866025403784,-0.,-0.5));
#810 = DIRECTION('',(0.5,0.,-0.866025403784));
#811 = PCURVE('',#33,#812);
#812 = DEFINITIONAL_REPRESENTATION('',(#813),#820);
#813 = B_SPLINE_CURVE_WITH_KNOTS('',5,(#814,#815,#816,#817,#818,#819),
  .UNSPECIFIED.,.F.,.F.,(6,6),(2.750795017818,2.818565913985),
  .PIECEWISE_BEZIER_KNOTS.);
#814 = CARTESIAN_POINT('',(-4.64741865141,-1.223114926199));
#815 = CARTESIAN_POINT('',(-4.638538648553,-1.234828424008));
#816 = CARTESIAN_POINT('',(-4.629203882738,-1.24653346637));
#817 = CARTESIAN_POINT('',(-4.619335378803,-1.258227526456));
#818 = CARTESIAN_POINT('',(-4.608831895889,-1.26990744483));
#819 = CARTESIAN_POINT('',(-4.597534106278,-1.281568369963));
#820 = ( GEOMETRIC_REPRESENTATION_CONTEXT(2) 
PARAMETRIC_REPRESENTATION_CONTEXT() REPRESENTATION_CONTEXT('2D SPACE',''
  ) );
#821 = PCURVE('',#822,#827);
#822 = PLANE('',#823);
#823 = AXIS2_PLACEMENT_3D('',#824,#825,#826);
#824 = CARTESIAN_POINT('',(-0.566666666667,-0.566666666667,4.6));
#825 = DIRECTION('',(-0.866025403784,-0.,-0.5));
#826 = DIRECTION('',(0.5,0.,-0.866025403784));
#827 = DEFINITIONAL_REPRESENTATION('',(#828),#832);
#828 = CIRCLE('',#829,8.925617287044);
#829 = AXIS2_PLACEMENT_2D('',#830,#831);
#830 = CARTESIAN_POINT('',(8.943587371178,-0.566666666667));
#831 = DIRECTION('',(1.,0.));
#832 = ( GEOMETRIC_REPRESENTATION_CONTEXT(2) 
PARAMETRIC_REPRESENTATION_CONTEXT() REPRESENTATION_CONTEXT('2D SPACE',''
  ) );
#833 = ORIENTED_EDGE('',*,*,#834,.F.);
#834 = EDGE_CURVE('',#835,#803,#837,.T.);
#835 = VERTEX_POINT('',#836);
#836 = CARTESIAN_POINT('',(0.277799484814,-3.111132818147,4.099667364392
    ));
#837 = SURFACE_CURVE('',#838,(#843,#855),.PCURVE_S1.);
#838 = CIRCLE('',#839,9.78646329011);
#839 = AXIS2_PLACEMENT_3D('',#840,#841,#842);
#840 = CARTESIAN_POINT('',(-4.218847493576E-15,1.780127018922,
    -4.372243186434));
#841 = DIRECTION('',(0.,-0.866025403784,-0.5));
#842 = DIRECTION('',(0.,0.5,-0.866025403784));
#843 = PCURVE('',#33,#844);
#844 = DEFINITIONAL_REPRESENTATION('',(#845),#854);
#845 = B_SPLINE_CURVE_WITH_KNOTS('',7,(#846,#847,#848,#849,#850,#851,
    #852,#853),.UNSPECIFIED.,.F.,.F.,(8,8),(3.083657138064,
    3.199528169116),.PIECEWISE_BEZIER_KNOTS.);
#846 = CARTESIAN_POINT('',(-4.892909683844,-1.249688275999));
#847 = CARTESIAN_POINT('',(-4.842235263713,-1.252262066151));
#848 = CARTESIAN_POINT('',(-4.790678274924,-1.254002118338));
#849 = CARTESIAN_POINT('',(-4.738552043563,-1.254880238247));
#850 = CARTESIAN_POINT('',(-4.686225917206,-1.254880238247));
#851 = CARTESIAN_POINT('',(-4.634099685846,-1.254002118338));
#852 = CARTESIAN_POINT('',(-4.582542697056,-1.252262066151));
#853 = CARTESIAN_POINT('',(-4.531868276925,-1.249688275999));
#854 = ( GEOMETRIC_REPRESENTATION_CONTEXT(2) 
PARAMETRIC_REPRESENTATION_CONTEXT() REPRESENTATION_CONTEXT('2D SPACE',''
  ) );
#855 = PCURVE('',#856,#861);
#856 = PLANE('',#857);
#857 = AXIS2_PLACEMENT_3D('',#858,#859,#860);
#858 = CARTESIAN_POINT('',(0.566666666667,-3.4,4.6));
#859 = DIRECTION('',(0.,-0.866025403784,-0.5));
#860 = DIRECTION('',(0.,0.5,-0.866025403784));
#861 = DEFINITIONAL_REPRESENTATION('',(#862),#866);
#862 = CIRCLE('',#863,9.78646329011);
#863 = AXIS2_PLACEMENT_2D('',#864,#865);
#864 = CARTESIAN_POINT('',(10.360254037844,-0.566666666667));
#865 = DIRECTION('',(1.,0.));
#866 = ( GEOMETRIC_REPRESENTATION_CONTEXT(2) 
PARAMETRIC_REPRESENTATION_CONTEXT() REPRESENTATION_CONTEXT('2D SPACE',''
  ) );
#867 = ORIENTED_EDGE('',*,*,#868,.F.);
#868 = EDGE_CURVE('',#869,#835,#871,.T.);
#869 = VERTEX_POINT('',#870);
#870 = CARTESIAN_POINT('',(0.326860285436,-2.833333333333,4.18464316373)
  );
#871 = SURFACE_CURVE('',#872,(#877,#887),.PCURVE_S1.);
#872 = CIRCLE('',#873,8.925617287044);
#873 = AXIS2_PLACEMENT_3D('',#874,#875,#876);
#874 = CARTESIAN_POINT('',(-3.905127018922,0.,-3.145373864406));
#875 = DIRECTION('',(0.866025403784,0.,-0.5));
#876 = DIRECTION('',(0.5,0.,0.866025403784));
#877 = PCURVE('',#33,#878);
#878 = DEFINITIONAL_REPRESENTATION('',(#879),#886);
#879 = B_SPLINE_CURVE_WITH_KNOTS('',5,(#880,#881,#882,#883,#884,#885),
  .UNSPECIFIED.,.F.,.F.,(6,6),(0.323026739604,0.390797635772),
  .PIECEWISE_BEZIER_KNOTS.);
#880 = CARTESIAN_POINT('',(-4.827243854492,-1.281568369963));
#881 = CARTESIAN_POINT('',(-4.81594606488,-1.26990744483));
#882 = CARTESIAN_POINT('',(-4.805442581966,-1.258227526456));
#883 = CARTESIAN_POINT('',(-4.795574078031,-1.24653346637));
#884 = CARTESIAN_POINT('',(-4.786239312216,-1.234828424008));
#885 = CARTESIAN_POINT('',(-4.777359309359,-1.223114926199));
#886 = ( GEOMETRIC_REPRESENTATION_CONTEXT(2) 
PARAMETRIC_REPRESENTATION_CONTEXT() REPRESENTATION_CONTEXT('2D SPACE',''
  ) );
#887 = PCURVE('',#888,#893);
#888 = PLANE('',#889);
#889 = AXIS2_PLACEMENT_3D('',#890,#891,#892);
#890 = CARTESIAN_POINT('',(0.566666666667,-0.566666666667,4.6));
#891 = DIRECTION('',(0.866025403784,0.,-0.5));
#892 = DIRECTION('',(-0.5,0.,-0.866025403784));
#893 = DEFINITIONAL_REPRESENTATION('',(#894),#898);
#894 = CIRCLE('',#895,8.925617287044);
#895 = AXIS2_PLACEMENT_2D('',#896,#897);
#896 = CARTESIAN_POINT('',(8.943587371178,0.566666666667));
#897 = DIRECTION('',(-1.,0.));
#898 = ( GEOMETRIC_REPRESENTATION_CONTEXT(2) 
PARAMETRIC_REPRESENTATION_CONTEXT() REPRESENTATION_CONTEXT('2D SPACE',''
  ) );
#899 = ORIENTED_EDGE('',*,*,#900,.T.);
#900 = EDGE_CURVE('',#869,#901,#903,.T.);
#901 = VERTEX_POINT('',#902);
#902 = CARTESIAN_POINT('',(2.833333333333,-0.326860285436,4.18464316373)
  );
#903 = SURFACE_CURVE('',#904,(#947,#993),.PCURVE_S1.);
#904 = B_SPLINE_CURVE_WITH_KNOTS('',6,(#905,#906,#907,#908,#909,#910,
    #911,#912,#913,#914,#915,#916,#917,#918,#919,#920,#921,#922,#923,
    #924,#925,#926,#927,#928,#929,#930,#931,#932,#933,#934,#935,#936,
    #937,#938,#939,#940,#941,#942,#943,#944,#945,#946),.UNSPECIFIED.,.F.
  ,.F.,(7,5,5,5,5,5,5,5,7),(0.,0.109317082405,0.257877554642,
    0.390048766529,0.500432776622,0.609752318691,0.741929168097,
    0.891525587744,1.),.UNSPECIFIED.);
#905 = CARTESIAN_POINT('',(0.326860285436,-2.833333333333,4.18464316373)
  );
#906 = CARTESIAN_POINT('',(0.33837394757,-2.764544149365,4.204585411527)
  );
#907 = CARTESIAN_POINT('',(0.351731839343,-2.695781736263,4.223798021744
    ));
#908 = CARTESIAN_POINT('',(0.366960023268,-2.627137307197,4.24225087214)
  );
#909 = CARTESIAN_POINT('',(0.384075099913,-2.558716439042,4.259912320449
    ));
#910 = CARTESIAN_POINT('',(0.40307929805,-2.490637648203,4.276751173112)
  );
#911 = CARTESIAN_POINT('',(0.452326135801,-2.331154378181,4.314465429528
    ));
#912 = CARTESIAN_POINT('',(0.484158078144,-2.240136915208,4.334622872966
    ));
#913 = CARTESIAN_POINT('',(0.519402298351,-2.150330213202,4.353132163617
    ));
#914 = CARTESIAN_POINT('',(0.557942960511,-2.062107283356,4.369929311572
    ));
#915 = CARTESIAN_POINT('',(0.599581013318,-1.975838787425,4.384976824618
    ));
#916 = CARTESIAN_POINT('',(0.683616645535,-1.817134803116,4.410095698182
    ));
#917 = CARTESIAN_POINT('',(0.725432622559,-1.744206240123,4.420535584021
    ));
#918 = CARTESIAN_POINT('',(0.76931077122,-1.673311773619,4.42958258494)
  );
#919 = CARTESIAN_POINT('',(0.815058902078,-1.604589982091,4.43726417781)
  );
#920 = CARTESIAN_POINT('',(0.862532270224,-1.538072438014,4.443624866668
    ));
#921 = CARTESIAN_POINT('',(0.952676377727,-1.41998454147,4.452950857178)
  );
#922 = CARTESIAN_POINT('',(0.994852012953,-1.367753808678,4.456303264458
    ));
#923 = CARTESIAN_POINT('',(1.038146846709,-1.316995405598,4.458790042131
    ));
#924 = CARTESIAN_POINT('',(1.082568913923,-1.267638768203,4.460433679221
    ));
#925 = CARTESIAN_POINT('',(1.128163237423,-1.219600496835,4.461247720211
    ));
#926 = CARTESIAN_POINT('',(1.221400745822,-1.126460256173,4.4612153217)
  );
#927 = CARTESIAN_POINT('',(1.269014530781,-1.081339825476,4.460384823913
    ));
#928 = CARTESIAN_POINT('',(1.317923158451,-1.037368229253,4.458740348898
    ));
#929 = CARTESIAN_POINT('',(1.368207491969,-0.994502209849,4.456268618698
    ));
#930 = CARTESIAN_POINT('',(1.419935856741,-0.952734192133,4.452947779891
    ));
#931 = CARTESIAN_POINT('',(1.537478567643,-0.862960889287,4.443680054139
    ));
#932 = CARTESIAN_POINT('',(1.603982454267,-0.815472773884,4.437328908758
    ));
#933 = CARTESIAN_POINT('',(1.6726908662,-0.769709264621,4.429657013746)
  );
#934 = CARTESIAN_POINT('',(1.743572714399,-0.72581484002,4.420619803076)
  );
#935 = CARTESIAN_POINT('',(1.81648984263,-0.683981635198,4.410189687312)
  );
#936 = CARTESIAN_POINT('',(1.975754544718,-0.599599269913,4.384999241288
    ));
#937 = CARTESIAN_POINT('',(2.062627417003,-0.557670835897,4.369845935503
    ));
#938 = CARTESIAN_POINT('',(2.151481568802,-0.518883915953,4.352918403029
    ));
#939 = CARTESIAN_POINT('',(2.241938349029,-0.48344153971,4.334255043711)
  );
#940 = CARTESIAN_POINT('',(2.333616968835,-0.451461079859,4.313921447519
    ));
#941 = CARTESIAN_POINT('',(2.4932623356,-0.40234779495,4.276101535074));
#942 = CARTESIAN_POINT('',(2.560826660022,-0.383547934233,4.259367348219
    ));
#943 = CARTESIAN_POINT('',(2.628725099476,-0.366608123733,4.241823915213
    ));
#944 = CARTESIAN_POINT('',(2.696842065686,-0.351525967691,4.223501716753
    ));
#945 = CARTESIAN_POINT('',(2.765074520676,-0.338285176113,4.204431654853
    ));
#946 = CARTESIAN_POINT('',(2.833333333333,-0.326860285436,4.18464316373)
  );
#947 = PCURVE('',#33,#948);
#948 = DEFINITIONAL_REPRESENTATION('',(#949),#992);
#949 = B_SPLINE_CURVE_WITH_KNOTS('',6,(#950,#951,#952,#953,#954,#955,
    #956,#957,#958,#959,#960,#961,#962,#963,#964,#965,#966,#967,#968,
    #969,#970,#971,#972,#973,#974,#975,#976,#977,#978,#979,#980,#981,
    #982,#983,#984,#985,#986,#987,#988,#989,#990,#991),.UNSPECIFIED.,.F.
  ,.F.,(7,5,5,5,5,5,5,5,7),(0.,0.109317082405,0.257877554642,
    0.390048766529,0.500432776622,0.609752318691,0.741929168097,
    0.891525587744,1.),.UNSPECIFIED.);
#950 = CARTESIAN_POINT('',(-4.827243715221,-1.281568226215));
#951 = CARTESIAN_POINT('',(-4.834018036089,-1.288560293445));
#952 = CARTESIAN_POINT('',(-4.841815848457,-1.295493685734));
#953 = CARTESIAN_POINT('',(-4.850746232574,-1.302352270088));
#954 = CARTESIAN_POINT('',(-4.860932950538,-1.309116310274));
#955 = CARTESIAN_POINT('',(-4.872507917324,-1.315762080031));
#956 = CARTESIAN_POINT('',(-4.903402988318,-1.331094070001));
#957 = CARTESIAN_POINT('',(-4.924013974551,-1.339657594486));
#958 = CARTESIAN_POINT('',(-4.9477660367,-1.347878953598));
#959 = CARTESIAN_POINT('',(-4.974981979454,-1.355673113554));
#960 = CARTESIAN_POINT('',(-5.005908293835,-1.362942330734));
#961 = CARTESIAN_POINT('',(-5.071306970188,-1.375511331381));
#962 = CARTESIAN_POINT('',(-5.105018993682,-1.380941258549));
#963 = CARTESIAN_POINT('',(-5.141631465864,-1.385817045388));
#964 = CARTESIAN_POINT('',(-5.180989221899,-1.390081699509));
#965 = CARTESIAN_POINT('',(-5.222735071169,-1.393693555537));
#966 = CARTESIAN_POINT('',(-5.302823215845,-1.399075249872));
#967 = CARTESIAN_POINT('',(-5.340594728983,-1.401050768167));
#968 = CARTESIAN_POINT('',(-5.379417218765,-1.402537814061));
#969 = CARTESIAN_POINT('',(-5.418954001565,-1.403528138871));
#970 = CARTESIAN_POINT('',(-5.45884147512,-1.404018424935));
#971 = CARTESIAN_POINT('',(-5.538224937572,-1.403998909582));
#972 = CARTESIAN_POINT('',(-5.577716742333,-1.403498707843));
#973 = CARTESIAN_POINT('',(-5.616856825312,-1.402508144312));
#974 = CARTESIAN_POINT('',(-5.655292470566,-1.401030507377));
#975 = CARTESIAN_POINT('',(-5.692697015516,-1.399073839765));
#976 = CARTESIAN_POINT('',(-5.772461633305,-1.393724964485));
#977 = CARTESIAN_POINT('',(-5.814226328134,-1.390117875082));
#978 = CARTESIAN_POINT('',(-5.853605086836,-1.38585770989));
#979 = CARTESIAN_POINT('',(-5.890239873924,-1.380986061331));
#980 = CARTESIAN_POINT('',(-5.923974688234,-1.375559872127));
#981 = CARTESIAN_POINT('',(-5.989661422382,-1.36295185221));
#982 = CARTESIAN_POINT('',(-6.020801777616,-1.355631162934));
#983 = CARTESIAN_POINT('',(-6.048178661321,-1.347778340289));
#984 = CARTESIAN_POINT('',(-6.072045210801,-1.339493241225));
#985 = CARTESIAN_POINT('',(-6.092731881362,-1.330862552483));
#986 = CARTESIAN_POINT('',(-6.123511777104,-1.315505811072));
#987 = CARTESIAN_POINT('',(-6.134955044991,-1.308907669186));
#988 = CARTESIAN_POINT('',(-6.145034412085,-1.302193615007));
#989 = CARTESIAN_POINT('',(-6.153878628453,-1.295386768381));
#990 = CARTESIAN_POINT('',(-6.161608482149,-1.288506383925));
#991 = CARTESIAN_POINT('',(-6.168330572344,-1.281568226215));
#992 = ( GEOMETRIC_REPRESENTATION_CONTEXT(2) 
PARAMETRIC_REPRESENTATION_CONTEXT() REPRESENTATION_CONTEXT('2D SPACE',''
  ) );
#993 = PCURVE('',#994,#999);
#994 = CONICAL_SURFACE('',#995,2.266666666667,0.523598775598);
#995 = AXIS2_PLACEMENT_3D('',#996,#997,#998);
#996 = CARTESIAN_POINT('',(2.833333333333,-2.833333333333,4.6));
#997 = DIRECTION('',(0.,0.,-1.));
#998 = DIRECTION('',(1.,-3.918434204559E-16,0.));
#999 = DEFINITIONAL_REPRESENTATION('',(#1000),#1043);
#1000 = B_SPLINE_CURVE_WITH_KNOTS('',6,(#1001,#1002,#1003,#1004,#1005,
    #1006,#1007,#1008,#1009,#1010,#1011,#1012,#1013,#1014,#1015,#1016,
    #1017,#1018,#1019,#1020,#1021,#1022,#1023,#1024,#1025,#1026,#1027,
    #1028,#1029,#1030,#1031,#1032,#1033,#1034,#1035,#1036,#1037,#1038,
    #1039,#1040,#1041,#1042),.UNSPECIFIED.,.F.,.F.,(7,5,5,5,5,5,5,5,7),(
    0.,0.109317082405,0.257877554642,0.390048766529,0.500432776622,
    0.609752318691,0.741929168097,0.891525587744,1.),.UNSPECIFIED.);
#1001 = CARTESIAN_POINT('',(3.14159265359,0.41535683627));
#1002 = CARTESIAN_POINT('',(3.169037267058,0.395414588473));
#1003 = CARTESIAN_POINT('',(3.196773775639,0.376201978256));
#1004 = CARTESIAN_POINT('',(3.224788223238,0.35774912786));
#1005 = CARTESIAN_POINT('',(3.253060889741,0.340087679551));
#1006 = CARTESIAN_POINT('',(3.281565503509,0.323248826888));
#1007 = CARTESIAN_POINT('',(3.349275384597,0.285534570472));
#1008 = CARTESIAN_POINT('',(3.388654031272,0.265377127034));
#1009 = CARTESIAN_POINT('',(3.428309473614,0.246867836383));
#1010 = CARTESIAN_POINT('',(3.468127868283,0.230070688428));
#1011 = CARTESIAN_POINT('',(3.507978079455,0.215023175382));
#1012 = CARTESIAN_POINT('',(3.583086412505,0.189904301818));
#1013 = CARTESIAN_POINT('',(3.618374151612,0.179464415979));
#1014 = CARTESIAN_POINT('',(3.653488016806,0.17041741506));
#1015 = CARTESIAN_POINT('',(3.688361941275,0.16273582219));
#1016 = CARTESIAN_POINT('',(3.722974366594,0.156375133332));
#1017 = CARTESIAN_POINT('',(3.786042989935,0.147049142822));
#1018 = CARTESIAN_POINT('',(3.814575616645,0.143696735542));
#1019 = CARTESIAN_POINT('',(3.842957507786,0.141209957869));
#1020 = CARTESIAN_POINT('',(3.871227853681,0.139566320779));
#1021 = CARTESIAN_POINT('',(3.899439966851,0.138752279789));
#1022 = CARTESIAN_POINT('',(3.955597221122,0.1387846783));
#1023 = CARTESIAN_POINT('',(3.983539094302,0.139615176087));
#1024 = CARTESIAN_POINT('',(4.011539207514,0.141259651102));
#1025 = CARTESIAN_POINT('',(4.039649172492,0.143731381302));
#1026 = CARTESIAN_POINT('',(4.067906932693,0.147052220109));
#1027 = CARTESIAN_POINT('',(4.130696927015,0.156319945861));
#1028 = CARTESIAN_POINT('',(4.165308859389,0.162671091242));
#1029 = CARTESIAN_POINT('',(4.200182389647,0.170342986254));
#1030 = CARTESIAN_POINT('',(4.235296179522,0.179380196924));
#1031 = CARTESIAN_POINT('',(4.270584310814,0.189810312688));
#1032 = CARTESIAN_POINT('',(4.345970057353,0.215000758712));
#1033 = CARTESIAN_POINT('',(4.386098906984,0.230154064497));
#1034 = CARTESIAN_POINT('',(4.426195197746,0.247081596971));
#1035 = CARTESIAN_POINT('',(4.466125042068,0.265744956289));
#1036 = CARTESIAN_POINT('',(4.505772425422,0.286078552481));
#1037 = CARTESIAN_POINT('',(4.573514865594,0.323898464926));
#1038 = CARTESIAN_POINT('',(4.60179259796,0.340632651781));
#1039 = CARTESIAN_POINT('',(4.629841345555,0.358176084787));
#1040 = CARTESIAN_POINT('',(4.657635542876,0.376498283247));
#1041 = CARTESIAN_POINT('',(4.68515596756,0.395568345147));
#1042 = CARTESIAN_POINT('',(4.712388980385,0.41535683627));
#1043 = ( GEOMETRIC_REPRESENTATION_CONTEXT(2) 
PARAMETRIC_REPRESENTATION_CONTEXT() REPRESENTATION_CONTEXT('2D SPACE',''
  ) );
#1044 = ORIENTED_EDGE('',*,*,#1045,.F.);
#1045 = EDGE_CURVE('',#24,#901,#1046,.T.);
#1046 = SURFACE_CURVE('',#1047,(#1052,#1062),.PCURVE_S1.);
#1047 = CIRCLE('',#1048,8.925617287044);
#1048 = AXIS2_PLACEMENT_3D('',#1049,#1050,#1051);
#1049 = CARTESIAN_POINT('',(-4.218847493576E-15,3.905127018922,
    -3.145373864406));
#1050 = DIRECTION('',(0.,-0.866025403784,-0.5));
#1051 = DIRECTION('',(0.,0.5,-0.866025403784));
#1052 = PCURVE('',#33,#1053);
#1053 = DEFINITIONAL_REPRESENTATION('',(#1054),#1061);
#1054 = B_SPLINE_CURVE_WITH_KNOTS('',5,(#1055,#1056,#1057,#1058,#1059,
    #1060),.UNSPECIFIED.,.F.,.F.,(6,6),(2.750795017818,2.818565913985),
  .PIECEWISE_BEZIER_KNOTS.);
#1055 = CARTESIAN_POINT('',(-6.218214978205,-1.223114926199));
#1056 = CARTESIAN_POINT('',(-6.209334975348,-1.234828424008));
#1057 = CARTESIAN_POINT('',(-6.200000209533,-1.24653346637));
#1058 = CARTESIAN_POINT('',(-6.190131705598,-1.258227526456));
#1059 = CARTESIAN_POINT('',(-6.179628222684,-1.26990744483));
#1060 = CARTESIAN_POINT('',(-6.168330433072,-1.281568369963));
#1061 = ( GEOMETRIC_REPRESENTATION_CONTEXT(2) 
PARAMETRIC_REPRESENTATION_CONTEXT() REPRESENTATION_CONTEXT('2D SPACE',''
  ) );
#1062 = PCURVE('',#1063,#1068);
#1063 = PLANE('',#1064);
#1064 = AXIS2_PLACEMENT_3D('',#1065,#1066,#1067);
#1065 = CARTESIAN_POINT('',(3.4,-0.566666666667,4.6));
#1066 = DIRECTION('',(0.,-0.866025403784,-0.5));
#1067 = DIRECTION('',(0.,0.5,-0.866025403784));
#1068 = DEFINITIONAL_REPRESENTATION('',(#1069),#1073);
#1069 = CIRCLE('',#1070,8.925617287044);
#1070 = AXIS2_PLACEMENT_2D('',#1071,#1072);
#1071 = CARTESIAN_POINT('',(8.943587371178,-3.4));
#1072 = DIRECTION('',(1.,0.));
#1073 = ( GEOMETRIC_REPRESENTATION_CONTEXT(2) 
PARAMETRIC_REPRESENTATION_CONTEXT() REPRESENTATION_CONTEXT('2D SPACE',''
  ) );
#1074 = ADVANCED_FACE('',(#1075),#48,.F.);
#1075 = FACE_BOUND('',#1076,.F.);
#1076 = EDGE_LOOP('',(#1077,#1078,#1101,#1122));
#1077 = ORIENTED_EDGE('',*,*,#21,.T.);
#1078 = ORIENTED_EDGE('',*,*,#1079,.T.);
#1079 = EDGE_CURVE('',#24,#1080,#1082,.T.);
#1080 = VERTEX_POINT('',#1081);
#1081 = CARTESIAN_POINT('',(2.833333333333,1.411772069068E-11,
    3.618504542353));
#1082 = SURFACE_CURVE('',#1083,(#1087,#1094),.PCURVE_S1.);
#1083 = LINE('',#1084,#1085);
#1084 = CARTESIAN_POINT('',(3.4,-0.566666666667,4.6));
#1085 = VECTOR('',#1086,1.);
#1086 = DIRECTION('',(-0.4472135955,0.4472135955,-0.774596669241));
#1087 = PCURVE('',#48,#1088);
#1088 = DEFINITIONAL_REPRESENTATION('',(#1089),#1093);
#1089 = LINE('',#1090,#1091);
#1090 = CARTESIAN_POINT('',(-0.,-0.566666666667));
#1091 = VECTOR('',#1092,1.);
#1092 = DIRECTION('',(0.894427191,0.4472135955));
#1093 = ( GEOMETRIC_REPRESENTATION_CONTEXT(2) 
PARAMETRIC_REPRESENTATION_CONTEXT() REPRESENTATION_CONTEXT('2D SPACE',''
  ) );
#1094 = PCURVE('',#1063,#1095);
#1095 = DEFINITIONAL_REPRESENTATION('',(#1096),#1100);
#1096 = LINE('',#1097,#1098);
#1097 = CARTESIAN_POINT('',(0.,0.));
#1098 = VECTOR('',#1099,1.);
#1099 = DIRECTION('',(0.894427191,-0.4472135955));
#1100 = ( GEOMETRIC_REPRESENTATION_CONTEXT(2) 
PARAMETRIC_REPRESENTATION_CONTEXT() REPRESENTATION_CONTEXT('2D SPACE',''
  ) );
#1101 = ORIENTED_EDGE('',*,*,#1102,.F.);
#1102 = EDGE_CURVE('',#113,#1080,#1103,.T.);
#1103 = SURFACE_CURVE('',#1104,(#1108,#1115),.PCURVE_S1.);
#1104 = LINE('',#1105,#1106);
#1105 = CARTESIAN_POINT('',(3.4,0.566666666667,4.6));
#1106 = VECTOR('',#1107,1.);
#1107 = DIRECTION('',(-0.4472135955,-0.4472135955,-0.774596669241));
#1108 = PCURVE('',#48,#1109);
#1109 = DEFINITIONAL_REPRESENTATION('',(#1110),#1114);
#1110 = LINE('',#1111,#1112);
#1111 = CARTESIAN_POINT('',(0.,0.566666666667));
#1112 = VECTOR('',#1113,1.);
#1113 = DIRECTION('',(0.894427191,-0.4472135955));
#1114 = ( GEOMETRIC_REPRESENTATION_CONTEXT(2) 
PARAMETRIC_REPRESENTATION_CONTEXT() REPRESENTATION_CONTEXT('2D SPACE',''
  ) );
#1115 = PCURVE('',#159,#1116);
#1116 = DEFINITIONAL_REPRESENTATION('',(#1117),#1121);
#1117 = LINE('',#1118,#1119);
#1118 = CARTESIAN_POINT('',(0.,0.));
#1119 = VECTOR('',#1120,1.);
#1120 = DIRECTION('',(0.894427191,0.4472135955));
#1121 = ( GEOMETRIC_REPRESENTATION_CONTEXT(2) 
PARAMETRIC_REPRESENTATION_CONTEXT() REPRESENTATION_CONTEXT('2D SPACE',''
  ) );
#1122 = ORIENTED_EDGE('',*,*,#112,.T.);
#1123 = ADVANCED_FACE('',(#1124),#1063,.F.);
#1124 = FACE_BOUND('',#1125,.F.);
#1125 = EDGE_LOOP('',(#1126,#1127,#1148));
#1126 = ORIENTED_EDGE('',*,*,#1045,.T.);
#1127 = ORIENTED_EDGE('',*,*,#1128,.T.);
#1128 = EDGE_CURVE('',#901,#1080,#1129,.T.);
#1129 = SURFACE_CURVE('',#1130,(#1134,#1141),.PCURVE_S1.);
#1130 = LINE('',#1131,#1132);
#1131 = CARTESIAN_POINT('',(2.833333333333,-0.566666666667,4.6));
#1132 = VECTOR('',#1133,1.);
#1133 = DIRECTION('',(1.040732002919E-16,0.5,-0.866025403784));
#1134 = PCURVE('',#1063,#1135);
#1135 = DEFINITIONAL_REPRESENTATION('',(#1136),#1140);
#1136 = LINE('',#1137,#1138);
#1137 = CARTESIAN_POINT('',(0.,-0.566666666667));
#1138 = VECTOR('',#1139,1.);
#1139 = DIRECTION('',(1.,1.040732002919E-16));
#1140 = ( GEOMETRIC_REPRESENTATION_CONTEXT(2) 
PARAMETRIC_REPRESENTATION_CONTEXT() REPRESENTATION_CONTEXT('2D SPACE',''
  ) );
#1141 = PCURVE('',#994,#1142);
#1142 = DEFINITIONAL_REPRESENTATION('',(#1143),#1147);
#1143 = LINE('',#1144,#1145);
#1144 = CARTESIAN_POINT('',(4.712388980385,0.));
#1145 = VECTOR('',#1146,1.);
#1146 = DIRECTION('',(0.,1.));
#1147 = ( GEOMETRIC_REPRESENTATION_CONTEXT(2) 
PARAMETRIC_REPRESENTATION_CONTEXT() REPRESENTATION_CONTEXT('2D SPACE',''
  ) );
#1148 = ORIENTED_EDGE('',*,*,#1079,.F.);
#1149 = ADVANCED_FACE('',(#1150),#994,.T.);
#1150 = FACE_BOUND('',#1151,.T.);
#1151 = EDGE_LOOP('',(#1152,#1175,#1176,#1177,#1255));
#1152 = ORIENTED_EDGE('',*,*,#1153,.F.);
#1153 = EDGE_CURVE('',#869,#1154,#1156,.T.);
#1154 = VERTEX_POINT('',#1155);
#1155 = CARTESIAN_POINT('',(1.411779065125E-11,-2.833333333333,
    3.618504542353));
#1156 = SURFACE_CURVE('',#1157,(#1161,#1168),.PCURVE_S1.);
#1157 = LINE('',#1158,#1159);
#1158 = CARTESIAN_POINT('',(0.566666666667,-2.833333333333,4.6));
#1159 = VECTOR('',#1160,1.);
#1160 = DIRECTION('',(-0.5,0.,-0.866025403784));
#1161 = PCURVE('',#994,#1162);
#1162 = DEFINITIONAL_REPRESENTATION('',(#1163),#1167);
#1163 = LINE('',#1164,#1165);
#1164 = CARTESIAN_POINT('',(3.14159265359,0.));
#1165 = VECTOR('',#1166,1.);
#1166 = DIRECTION('',(0.,1.));
#1167 = ( GEOMETRIC_REPRESENTATION_CONTEXT(2) 
PARAMETRIC_REPRESENTATION_CONTEXT() REPRESENTATION_CONTEXT('2D SPACE',''
  ) );
#1168 = PCURVE('',#888,#1169);
#1169 = DEFINITIONAL_REPRESENTATION('',(#1170),#1174);
#1170 = LINE('',#1171,#1172);
#1171 = CARTESIAN_POINT('',(-0.,-2.266666666667));
#1172 = VECTOR('',#1173,1.);
#1173 = DIRECTION('',(1.,0.));
#1174 = ( GEOMETRIC_REPRESENTATION_CONTEXT(2) 
PARAMETRIC_REPRESENTATION_CONTEXT() REPRESENTATION_CONTEXT('2D SPACE',''
  ) );
#1175 = ORIENTED_EDGE('',*,*,#900,.T.);
#1176 = ORIENTED_EDGE('',*,*,#1128,.T.);
#1177 = ORIENTED_EDGE('',*,*,#1178,.T.);
#1178 = EDGE_CURVE('',#1080,#1179,#1181,.T.);
#1179 = VERTEX_POINT('',#1180);
#1180 = CARTESIAN_POINT('',(4.000000001642E-06,5.687987556366E-16,
    1.585755993623));
#1181 = SURFACE_CURVE('',#1182,(#1195,#1225),.PCURVE_S1.);
#1182 = B_SPLINE_CURVE_WITH_KNOTS('',6,(#1183,#1184,#1185,#1186,#1187,
    #1188,#1189,#1190,#1191,#1192,#1193,#1194),.UNSPECIFIED.,.F.,.F.,(7,
    5,7),(0.,0.446523740389,1.),.UNSPECIFIED.);
#1183 = CARTESIAN_POINT('',(2.833333333333,1.411772069068E-11,
    3.618504542353));
#1184 = CARTESIAN_POINT('',(2.47813365756,-4.024988159811E-11,
    3.618509229024));
#1185 = CARTESIAN_POINT('',(2.170926211177,6.439279474685E-11,
    3.525927012888));
#1186 = CARTESIAN_POINT('',(1.900972648498,-6.089711479769E-11,
    3.387808198342));
#1187 = CARTESIAN_POINT('',(1.665465889696,3.290524340187E-11,
    3.234526640847));
#1188 = CARTESIAN_POINT('',(1.457442004878,-8.352781171785E-12,
    3.078617405687));
#1189 = CARTESIAN_POINT('',(1.016618129194,-3.260754714341E-16,
    2.708059572493));
#1190 = CARTESIAN_POINT('',(0.788941979877,1.377652655342E-15,
    2.48749732111));
#1191 = CARTESIAN_POINT('',(0.57683864644,8.516566367299E-16,
    2.262938230289));
#1192 = CARTESIAN_POINT('',(0.378404839974,-1.120198368241E-15,
    2.03996782226));
#1193 = CARTESIAN_POINT('',(0.189052931201,-1.975604154603E-15,
    1.817294805726));
#1194 = CARTESIAN_POINT('',(-4.000000001253E-06,1.247095457866E-16,
    1.585755993623));
#1195 = PCURVE('',#994,#1196);
#1196 = DEFINITIONAL_REPRESENTATION('',(#1197),#1224);
#1197 = B_SPLINE_CURVE_WITH_KNOTS('',9,(#1198,#1199,#1200,#1201,#1202,
    #1203,#1204,#1205,#1206,#1207,#1208,#1209,#1210,#1211,#1212,#1213,
    #1214,#1215,#1216,#1217,#1218,#1219,#1220,#1221,#1222,#1223),
  .UNSPECIFIED.,.F.,.F.,(10,8,8,10),(0.,0.25,0.5,1.),.UNSPECIFIED.);
#1198 = CARTESIAN_POINT('',(4.712388980385,0.981495457647));
#1199 = CARTESIAN_POINT('',(4.665596174797,0.98149370829));
#1200 = CARTESIAN_POINT('',(4.621015873546,0.993584728418));
#1201 = CARTESIAN_POINT('',(4.578786207414,1.015802702004));
#1202 = CARTESIAN_POINT('',(4.538964114165,1.046376518211));
#1203 = CARTESIAN_POINT('',(4.5015384791,1.083733157106));
#1204 = CARTESIAN_POINT('',(4.466443275597,1.126501075375));
#1205 = CARTESIAN_POINT('',(4.433570705664,1.173513592037));
#1206 = CARTESIAN_POINT('',(4.402784340484,1.223812274154));
#1207 = CARTESIAN_POINT('',(4.345080181448,1.329488370948));
#1208 = CARTESIAN_POINT('',(4.318179002852,1.384808211739));
#1209 = CARTESIAN_POINT('',(4.292934268422,1.442306502002));
#1210 = CARTESIAN_POINT('',(4.269670035738,1.499869668412));
#1211 = CARTESIAN_POINT('',(4.247098131783,1.560580340595));
#1212 = CARTESIAN_POINT('',(4.226603016539,1.619541885881));
#1213 = CARTESIAN_POINT('',(4.206470358489,1.68124503443));
#1214 = CARTESIAN_POINT('',(4.187272594432,1.744002503471));
#1215 = CARTESIAN_POINT('',(4.132107153268,1.935120272739));
#1216 = CARTESIAN_POINT('',(4.098575469106,2.066386577059));
#1217 = CARTESIAN_POINT('',(4.06797201856,2.19981152254));
#1218 = CARTESIAN_POINT('',(4.039964591117,2.334170816931));
#1219 = CARTESIAN_POINT('',(4.014212248475,2.468744271928));
#1220 = CARTESIAN_POINT('',(3.990371764249,2.603348382395));
#1221 = CARTESIAN_POINT('',(3.968104063696,2.738368905583));
#1222 = CARTESIAN_POINT('',(3.947080663422,2.87479344035));
#1223 = CARTESIAN_POINT('',(3.926990111105,3.014244006377));
#1224 = ( GEOMETRIC_REPRESENTATION_CONTEXT(2) 
PARAMETRIC_REPRESENTATION_CONTEXT() REPRESENTATION_CONTEXT('2D SPACE',''
  ) );
#1225 = PCURVE('',#265,#1226);
#1226 = DEFINITIONAL_REPRESENTATION('',(#1227),#1254);
#1227 = B_SPLINE_CURVE_WITH_KNOTS('',9,(#1228,#1229,#1230,#1231,#1232,
    #1233,#1234,#1235,#1236,#1237,#1238,#1239,#1240,#1241,#1242,#1243,
    #1244,#1245,#1246,#1247,#1248,#1249,#1250,#1251,#1252,#1253),
  .UNSPECIFIED.,.F.,.F.,(10,8,8,10),(0.,0.25,0.5,1.),.UNSPECIFIED.);
#1228 = CARTESIAN_POINT('',(1.570796326795,0.981495457647));
#1229 = CARTESIAN_POINT('',(1.617589132382,0.98149370829));
#1230 = CARTESIAN_POINT('',(1.662169433633,0.993584728418));
#1231 = CARTESIAN_POINT('',(1.704399099766,1.015802702004));
#1232 = CARTESIAN_POINT('',(1.744221193015,1.046376518211));
#1233 = CARTESIAN_POINT('',(1.78164682808,1.083733157106));
#1234 = CARTESIAN_POINT('',(1.816742031583,1.126501075375));
#1235 = CARTESIAN_POINT('',(1.849614601516,1.173513592037));
#1236 = CARTESIAN_POINT('',(1.880400966695,1.223812274154));
#1237 = CARTESIAN_POINT('',(1.938105125732,1.329488370948));
#1238 = CARTESIAN_POINT('',(1.965006304328,1.384808211739));
#1239 = CARTESIAN_POINT('',(1.990251038757,1.442306502001));
#1240 = CARTESIAN_POINT('',(2.013515271442,1.499869668413));
#1241 = CARTESIAN_POINT('',(2.036087175396,1.560580340594));
#1242 = CARTESIAN_POINT('',(2.05658229064,1.619541885882));
#1243 = CARTESIAN_POINT('',(2.076714948691,1.68124503443));
#1244 = CARTESIAN_POINT('',(2.095912712748,1.744002503471));
#1245 = CARTESIAN_POINT('',(2.151078153911,1.935120272739));
#1246 = CARTESIAN_POINT('',(2.184609838073,2.066386577059));
#1247 = CARTESIAN_POINT('',(2.21521328862,2.19981152254));
#1248 = CARTESIAN_POINT('',(2.243220716063,2.33417081693));
#1249 = CARTESIAN_POINT('',(2.268973058705,2.468744271928));
#1250 = CARTESIAN_POINT('',(2.29281354293,2.603348382395));
#1251 = CARTESIAN_POINT('',(2.315081243484,2.738368905583));
#1252 = CARTESIAN_POINT('',(2.336104643758,2.87479344035));
#1253 = CARTESIAN_POINT('',(2.356195196074,3.014244006377));
#1254 = ( GEOMETRIC_REPRESENTATION_CONTEXT(2) 
PARAMETRIC_REPRESENTATION_CONTEXT() REPRESENTATION_CONTEXT('2D SPACE',''
  ) );
#1255 = ORIENTED_EDGE('',*,*,#1256,.F.);
#1256 = EDGE_CURVE('',#1154,#1179,#1257,.T.);
#1257 = SURFACE_CURVE('',#1258,(#1271,#1301),.PCURVE_S1.);
#1258 = B_SPLINE_CURVE_WITH_KNOTS('',6,(#1259,#1260,#1261,#1262,#1263,
    #1264,#1265,#1266,#1267,#1268,#1269,#1270),.UNSPECIFIED.,.F.,.F.,(7,
    5,7),(0.,0.446523740389,1.),.UNSPECIFIED.);
#1259 = CARTESIAN_POINT('',(1.411779065125E-11,-2.833333333333,
    3.618504542353));
#1260 = CARTESIAN_POINT('',(-4.025060779592E-11,-2.47813365756,
    3.618509229024));
#1261 = CARTESIAN_POINT('',(6.439563319856E-11,-2.170926211178,
    3.525927012889));
#1262 = CARTESIAN_POINT('',(-6.090225894995E-11,-1.900972648498,
    3.387808198342));
#1263 = CARTESIAN_POINT('',(3.290959730974E-11,-1.665465889696,
    3.234526640847));
#1264 = CARTESIAN_POINT('',(-8.356830352892E-12,-1.457442004878,
    3.078617405687));
#1265 = CARTESIAN_POINT('',(-3.540470726221E-17,-1.016618129194,
    2.708059572493));
#1266 = CARTESIAN_POINT('',(-1.087447552514E-15,-0.788941979879,
    2.487497321113));
#1267 = CARTESIAN_POINT('',(-4.789941773899E-17,-0.576838646438,
    2.262938230287));
#1268 = CARTESIAN_POINT('',(5.019219230554E-16,-0.378404839972,
    2.039967822256));
#1269 = CARTESIAN_POINT('',(-1.27786946947E-15,-0.189052931204,
    1.81729480573));
#1270 = CARTESIAN_POINT('',(-6.935083014232E-16,4.000000002016E-06,
    1.585755993623));
#1271 = PCURVE('',#994,#1272);
#1272 = DEFINITIONAL_REPRESENTATION('',(#1273),#1300);
#1273 = B_SPLINE_CURVE_WITH_KNOTS('',9,(#1274,#1275,#1276,#1277,#1278,
    #1279,#1280,#1281,#1282,#1283,#1284,#1285,#1286,#1287,#1288,#1289,
    #1290,#1291,#1292,#1293,#1294,#1295,#1296,#1297,#1298,#1299),
  .UNSPECIFIED.,.F.,.F.,(10,8,8,10),(0.,0.25,0.5,1.),.UNSPECIFIED.);
#1274 = CARTESIAN_POINT('',(3.14159265359,0.981495457647));
#1275 = CARTESIAN_POINT('',(3.188385459177,0.98149370829));
#1276 = CARTESIAN_POINT('',(3.232965760428,0.993584728418));
#1277 = CARTESIAN_POINT('',(3.275195426561,1.015802702004));
#1278 = CARTESIAN_POINT('',(3.315017519809,1.046376518211));
#1279 = CARTESIAN_POINT('',(3.352443154874,1.083733157106));
#1280 = CARTESIAN_POINT('',(3.387538358378,1.126501075375));
#1281 = CARTESIAN_POINT('',(3.420410928311,1.173513592037));
#1282 = CARTESIAN_POINT('',(3.45119729349,1.223812274154));
#1283 = CARTESIAN_POINT('',(3.508901452527,1.329488370948));
#1284 = CARTESIAN_POINT('',(3.535802631123,1.384808211739));
#1285 = CARTESIAN_POINT('',(3.561047365552,1.442306502001));
#1286 = CARTESIAN_POINT('',(3.584311598236,1.499869668412));
#1287 = CARTESIAN_POINT('',(3.606883502191,1.560580340594));
#1288 = CARTESIAN_POINT('',(3.627378617435,1.619541885882));
#1289 = CARTESIAN_POINT('',(3.647511275486,1.68124503443));
#1290 = CARTESIAN_POINT('',(3.666709039542,1.744002503471));
#1291 = CARTESIAN_POINT('',(3.721874480706,1.935120272738));
#1292 = CARTESIAN_POINT('',(3.755406164868,2.066386577058));
#1293 = CARTESIAN_POINT('',(3.786009615415,2.19981152254));
#1294 = CARTESIAN_POINT('',(3.814017042857,2.334170816931));
#1295 = CARTESIAN_POINT('',(3.8397693855,2.468744271929));
#1296 = CARTESIAN_POINT('',(3.863609869725,2.603348382395));
#1297 = CARTESIAN_POINT('',(3.885877570279,2.738368905583));
#1298 = CARTESIAN_POINT('',(3.906900970552,2.874793440348));
#1299 = CARTESIAN_POINT('',(3.926991522869,3.014244006377));
#1300 = ( GEOMETRIC_REPRESENTATION_CONTEXT(2) 
PARAMETRIC_REPRESENTATION_CONTEXT() REPRESENTATION_CONTEXT('2D SPACE',''
  ) );
#1301 = PCURVE('',#751,#1302);
#1302 = DEFINITIONAL_REPRESENTATION('',(#1303),#1330);
#1303 = B_SPLINE_CURVE_WITH_KNOTS('',9,(#1304,#1305,#1306,#1307,#1308,
    #1309,#1310,#1311,#1312,#1313,#1314,#1315,#1316,#1317,#1318,#1319,
    #1320,#1321,#1322,#1323,#1324,#1325,#1326,#1327,#1328,#1329),
  .UNSPECIFIED.,.F.,.F.,(10,8,8,10),(0.,0.25,0.5,1.),.UNSPECIFIED.);
#1304 = CARTESIAN_POINT('',(6.28318530718,0.981495457647));
#1305 = CARTESIAN_POINT('',(6.236392501592,0.98149370829));
#1306 = CARTESIAN_POINT('',(6.191812200342,0.993584728418));
#1307 = CARTESIAN_POINT('',(6.149582534208,1.015802702004));
#1308 = CARTESIAN_POINT('',(6.109760440961,1.046376518211));
#1309 = CARTESIAN_POINT('',(6.072334805894,1.083733157106));
#1310 = CARTESIAN_POINT('',(6.037239602392,1.126501075375));
#1311 = CARTESIAN_POINT('',(6.004367032459,1.173513592036));
#1312 = CARTESIAN_POINT('',(5.973580667279,1.223812274154));
#1313 = CARTESIAN_POINT('',(5.915876508243,1.329488370948));
#1314 = CARTESIAN_POINT('',(5.888975329647,1.384808211739));
#1315 = CARTESIAN_POINT('',(5.863730595217,1.442306502002));
#1316 = CARTESIAN_POINT('',(5.840466362533,1.499869668411));
#1317 = CARTESIAN_POINT('',(5.817894458578,1.560580340595));
#1318 = CARTESIAN_POINT('',(5.797399343334,1.619541885881));
#1319 = CARTESIAN_POINT('',(5.777266685284,1.68124503443));
#1320 = CARTESIAN_POINT('',(5.758068921227,1.74400250347));
#1321 = CARTESIAN_POINT('',(5.702903480063,1.935120272738));
#1322 = CARTESIAN_POINT('',(5.669371795901,2.066386577058));
#1323 = CARTESIAN_POINT('',(5.638768345354,2.19981152254));
#1324 = CARTESIAN_POINT('',(5.610760917912,2.334170816931));
#1325 = CARTESIAN_POINT('',(5.58500857527,2.468744271929));
#1326 = CARTESIAN_POINT('',(5.561168091044,2.603348382396));
#1327 = CARTESIAN_POINT('',(5.538900390491,2.738368905582));
#1328 = CARTESIAN_POINT('',(5.517876990217,2.874793440348));
#1329 = CARTESIAN_POINT('',(5.4977864379,3.014244006377));
#1330 = ( GEOMETRIC_REPRESENTATION_CONTEXT(2) 
PARAMETRIC_REPRESENTATION_CONTEXT() REPRESENTATION_CONTEXT('2D SPACE',''
  ) );
#1331 = ADVANCED_FACE('',(#1332),#888,.F.);
#1332 = FACE_BOUND('',#1333,.F.);
#1333 = EDGE_LOOP('',(#1334,#1335,#1356));
#1334 = ORIENTED_EDGE('',*,*,#868,.T.);
#1335 = ORIENTED_EDGE('',*,*,#1336,.T.);
#1336 = EDGE_CURVE('',#835,#1154,#1337,.T.);
#1337 = SURFACE_CURVE('',#1338,(#1342,#1349),.PCURVE_S1.);
#1338 = LINE('',#1339,#1340);
#1339 = CARTESIAN_POINT('',(0.566666666667,-3.4,4.6));
#1340 = VECTOR('',#1341,1.);
#1341 = DIRECTION('',(-0.4472135955,0.4472135955,-0.774596669241));
#1342 = PCURVE('',#888,#1343);
#1343 = DEFINITIONAL_REPRESENTATION('',(#1344),#1348);
#1344 = LINE('',#1345,#1346);
#1345 = CARTESIAN_POINT('',(-0.,-2.833333333333));
#1346 = VECTOR('',#1347,1.);
#1347 = DIRECTION('',(0.894427191,0.4472135955));
#1348 = ( GEOMETRIC_REPRESENTATION_CONTEXT(2) 
PARAMETRIC_REPRESENTATION_CONTEXT() REPRESENTATION_CONTEXT('2D SPACE',''
  ) );
#1349 = PCURVE('',#856,#1350);
#1350 = DEFINITIONAL_REPRESENTATION('',(#1351),#1355);
#1351 = LINE('',#1352,#1353);
#1352 = CARTESIAN_POINT('',(0.,0.));
#1353 = VECTOR('',#1354,1.);
#1354 = DIRECTION('',(0.894427191,-0.4472135955));
#1355 = ( GEOMETRIC_REPRESENTATION_CONTEXT(2) 
PARAMETRIC_REPRESENTATION_CONTEXT() REPRESENTATION_CONTEXT('2D SPACE',''
  ) );
#1356 = ORIENTED_EDGE('',*,*,#1153,.F.);
#1357 = ADVANCED_FACE('',(#1358),#856,.F.);
#1358 = FACE_BOUND('',#1359,.F.);
#1359 = EDGE_LOOP('',(#1360,#1361,#1362));
#1360 = ORIENTED_EDGE('',*,*,#1336,.F.);
#1361 = ORIENTED_EDGE('',*,*,#834,.T.);
#1362 = ORIENTED_EDGE('',*,*,#1363,.T.);
#1363 = EDGE_CURVE('',#803,#1154,#1364,.T.);
#1364 = SURFACE_CURVE('',#1365,(#1369,#1376),.PCURVE_S1.);
#1365 = LINE('',#1366,#1367);
#1366 = CARTESIAN_POINT('',(-0.566666666667,-3.4,4.6));
#1367 = VECTOR('',#1368,1.);
#1368 = DIRECTION('',(0.4472135955,0.4472135955,-0.774596669241));
#1369 = PCURVE('',#856,#1370);
#1370 = DEFINITIONAL_REPRESENTATION('',(#1371),#1375);
#1371 = LINE('',#1372,#1373);
#1372 = CARTESIAN_POINT('',(0.,-1.133333333333));
#1373 = VECTOR('',#1374,1.);
#1374 = DIRECTION('',(0.894427191,0.4472135955));
#1375 = ( GEOMETRIC_REPRESENTATION_CONTEXT(2) 
PARAMETRIC_REPRESENTATION_CONTEXT() REPRESENTATION_CONTEXT('2D SPACE',''
  ) );
#1376 = PCURVE('',#822,#1377);
#1377 = DEFINITIONAL_REPRESENTATION('',(#1378),#1382);
#1378 = LINE('',#1379,#1380);
#1379 = CARTESIAN_POINT('',(0.,2.833333333333));
#1380 = VECTOR('',#1381,1.);
#1381 = DIRECTION('',(0.894427191,-0.4472135955));
#1382 = ( GEOMETRIC_REPRESENTATION_CONTEXT(2) 
PARAMETRIC_REPRESENTATION_CONTEXT() REPRESENTATION_CONTEXT('2D SPACE',''
  ) );
#1383 = ADVANCED_FACE('',(#1384),#822,.F.);
#1384 = FACE_BOUND('',#1385,.F.);
#1385 = EDGE_LOOP('',(#1386,#1387,#1408));
#1386 = ORIENTED_EDGE('',*,*,#802,.T.);
#1387 = ORIENTED_EDGE('',*,*,#1388,.T.);
#1388 = EDGE_CURVE('',#658,#1154,#1389,.T.);
#1389 = SURFACE_CURVE('',#1390,(#1394,#1401),.PCURVE_S1.);
#1390 = LINE('',#1391,#1392);
#1391 = CARTESIAN_POINT('',(-0.566666666667,-2.833333333333,4.6));
#1392 = VECTOR('',#1393,1.);
#1393 = DIRECTION('',(0.5,2.450382480075E-17,-0.866025403784));
#1394 = PCURVE('',#822,#1395);
#1395 = DEFINITIONAL_REPRESENTATION('',(#1396),#1400);
#1396 = LINE('',#1397,#1398);
#1397 = CARTESIAN_POINT('',(5.551115123126E-17,2.266666666667));
#1398 = VECTOR('',#1399,1.);
#1399 = DIRECTION('',(1.,-2.450382480075E-17));
#1400 = ( GEOMETRIC_REPRESENTATION_CONTEXT(2) 
PARAMETRIC_REPRESENTATION_CONTEXT() REPRESENTATION_CONTEXT('2D SPACE',''
  ) );
#1401 = PCURVE('',#751,#1402);
#1402 = DEFINITIONAL_REPRESENTATION('',(#1403),#1407);
#1403 = LINE('',#1404,#1405);
#1404 = CARTESIAN_POINT('',(6.28318530718,0.));
#1405 = VECTOR('',#1406,1.);
#1406 = DIRECTION('',(0.,1.));
#1407 = ( GEOMETRIC_REPRESENTATION_CONTEXT(2) 
PARAMETRIC_REPRESENTATION_CONTEXT() REPRESENTATION_CONTEXT('2D SPACE',''
  ) );
#1408 = ORIENTED_EDGE('',*,*,#1363,.F.);
#1409 = ADVANCED_FACE('',(#1410),#751,.T.);
#1410 = FACE_BOUND('',#1411,.T.);
#1411 = EDGE_LOOP('',(#1412,#1413,#1414,#1415,#1493));
#1412 = ORIENTED_EDGE('',*,*,#657,.T.);
#1413 = ORIENTED_EDGE('',*,*,#1388,.T.);
#1414 = ORIENTED_EDGE('',*,*,#1256,.T.);
#1415 = ORIENTED_EDGE('',*,*,#1416,.F.);
#1416 = EDGE_CURVE('',#1417,#1179,#1419,.T.);
#1417 = VERTEX_POINT('',#1418);
#1418 = CARTESIAN_POINT('',(-2.833333333333,-1.411747127159E-11,
    3.618504542353));
#1419 = SURFACE_CURVE('',#1420,(#1433,#1463),.PCURVE_S1.);
#1420 = B_SPLINE_CURVE_WITH_KNOTS('',6,(#1421,#1422,#1423,#1424,#1425,
    #1426,#1427,#1428,#1429,#1430,#1431,#1432),.UNSPECIFIED.,.F.,.F.,(7,
    5,7),(0.,0.446523740388,1.),.UNSPECIFIED.);
#1421 = CARTESIAN_POINT('',(-2.833333333333,-1.411747127159E-11,
    3.618504542353));
#1422 = CARTESIAN_POINT('',(-2.47813365756,4.025079262539E-11,
    3.618509229024));
#1423 = CARTESIAN_POINT('',(-2.170926211177,-6.439633086683E-11,
    3.525927012889));
#1424 = CARTESIAN_POINT('',(-1.900972648498,6.090419102801E-11,
    3.387808198342));
#1425 = CARTESIAN_POINT('',(-1.665465889696,-3.290813441297E-11,
    3.234526640847));
#1426 = CARTESIAN_POINT('',(-1.457442004878,8.354417291101E-12,
    3.078617405687));
#1427 = CARTESIAN_POINT('',(-1.016618129193,-2.138772521771E-15,
    2.708059572492));
#1428 = CARTESIAN_POINT('',(-0.788941979879,3.217434641481E-15,
    2.487497321112));
#1429 = CARTESIAN_POINT('',(-0.576838646439,2.004545423366E-16,
    2.262938230288));
#1430 = CARTESIAN_POINT('',(-0.378404839971,-2.69431616422E-15,
    2.039967822257));
#1431 = CARTESIAN_POINT('',(-0.189052931202,3.042001360657E-15,
    1.817294805728));
#1432 = CARTESIAN_POINT('',(4.000000001642E-06,5.687987556366E-16,
    1.585755993623));
#1433 = PCURVE('',#751,#1434);
#1434 = DEFINITIONAL_REPRESENTATION('',(#1435),#1462);
#1435 = B_SPLINE_CURVE_WITH_KNOTS('',9,(#1436,#1437,#1438,#1439,#1440,
    #1441,#1442,#1443,#1444,#1445,#1446,#1447,#1448,#1449,#1450,#1451,
    #1452,#1453,#1454,#1455,#1456,#1457,#1458,#1459,#1460,#1461),
  .UNSPECIFIED.,.F.,.F.,(10,8,8,10),(0.,0.25,0.5,1.),.UNSPECIFIED.);
#1436 = CARTESIAN_POINT('',(4.712388980385,0.981495457647));
#1437 = CARTESIAN_POINT('',(4.759181785972,0.98149370829));
#1438 = CARTESIAN_POINT('',(4.803762087223,0.993584728418));
#1439 = CARTESIAN_POINT('',(4.845991753356,1.015802702005));
#1440 = CARTESIAN_POINT('',(4.885813846605,1.046376518211));
#1441 = CARTESIAN_POINT('',(4.92323948167,1.083733157106));
#1442 = CARTESIAN_POINT('',(4.958334685173,1.126501075376));
#1443 = CARTESIAN_POINT('',(4.991207255106,1.173513592037));
#1444 = CARTESIAN_POINT('',(5.021993620286,1.223812274155));
#1445 = CARTESIAN_POINT('',(5.079697779322,1.329488370949));
#1446 = CARTESIAN_POINT('',(5.106598957918,1.384808211741));
#1447 = CARTESIAN_POINT('',(5.131843692348,1.442306502003));
#1448 = CARTESIAN_POINT('',(5.155107925032,1.499869668415));
#1449 = CARTESIAN_POINT('',(5.177679828987,1.560580340596));
#1450 = CARTESIAN_POINT('',(5.198174944231,1.619541885884));
#1451 = CARTESIAN_POINT('',(5.218307602282,1.681245034433));
#1452 = CARTESIAN_POINT('',(5.237505366338,1.744002503473));
#1453 = CARTESIAN_POINT('',(5.292670807502,1.935120272741));
#1454 = CARTESIAN_POINT('',(5.326202491663,2.06638657706));
#1455 = CARTESIAN_POINT('',(5.35680594221,2.199811522542));
#1456 = CARTESIAN_POINT('',(5.384813369653,2.334170816933));
#1457 = CARTESIAN_POINT('',(5.410565712295,2.46874427193));
#1458 = CARTESIAN_POINT('',(5.43440619652,2.603348382397));
#1459 = CARTESIAN_POINT('',(5.456673897074,2.738368905584));
#1460 = CARTESIAN_POINT('',(5.477697297348,2.874793440349));
#1461 = CARTESIAN_POINT('',(5.497787849664,3.014244006377));
#1462 = ( GEOMETRIC_REPRESENTATION_CONTEXT(2) 
PARAMETRIC_REPRESENTATION_CONTEXT() REPRESENTATION_CONTEXT('2D SPACE',''
  ) );
#1463 = PCURVE('',#508,#1464);
#1464 = DEFINITIONAL_REPRESENTATION('',(#1465),#1492);
#1465 = B_SPLINE_CURVE_WITH_KNOTS('',9,(#1466,#1467,#1468,#1469,#1470,
    #1471,#1472,#1473,#1474,#1475,#1476,#1477,#1478,#1479,#1480,#1481,
    #1482,#1483,#1484,#1485,#1486,#1487,#1488,#1489,#1490,#1491),
  .UNSPECIFIED.,.F.,.F.,(10,8,8,10),(0.,0.25,0.5,1.),.UNSPECIFIED.);
#1466 = CARTESIAN_POINT('',(1.570796326795,0.981495457647));
#1467 = CARTESIAN_POINT('',(1.524003521207,0.98149370829));
#1468 = CARTESIAN_POINT('',(1.479423219956,0.993584728419));
#1469 = CARTESIAN_POINT('',(1.437193553823,1.015802702004));
#1470 = CARTESIAN_POINT('',(1.397371460575,1.046376518212));
#1471 = CARTESIAN_POINT('',(1.35994582551,1.083733157106));
#1472 = CARTESIAN_POINT('',(1.324850622007,1.126501075376));
#1473 = CARTESIAN_POINT('',(1.291978052073,1.173513592037));
#1474 = CARTESIAN_POINT('',(1.261191686894,1.223812274155));
#1475 = CARTESIAN_POINT('',(1.203487527857,1.329488370949));
#1476 = CARTESIAN_POINT('',(1.176586349261,1.384808211741));
#1477 = CARTESIAN_POINT('',(1.151341614832,1.442306502003));
#1478 = CARTESIAN_POINT('',(1.128077382147,1.499869668415));
#1479 = CARTESIAN_POINT('',(1.105505478193,1.560580340596));
#1480 = CARTESIAN_POINT('',(1.085010362949,1.619541885884));
#1481 = CARTESIAN_POINT('',(1.064877704898,1.681245034433));
#1482 = CARTESIAN_POINT('',(1.045679940841,1.744002503473));
#1483 = CARTESIAN_POINT('',(0.990514499678,1.935120272741));
#1484 = CARTESIAN_POINT('',(0.956982815516,2.06638657706));
#1485 = CARTESIAN_POINT('',(0.926379364969,2.199811522542));
#1486 = CARTESIAN_POINT('',(0.898371937527,2.334170816932));
#1487 = CARTESIAN_POINT('',(0.872619594885,2.46874427193));
#1488 = CARTESIAN_POINT('',(0.848779110659,2.603348382397));
#1489 = CARTESIAN_POINT('',(0.826511410106,2.738368905584));
#1490 = CARTESIAN_POINT('',(0.805488009832,2.874793440349));
#1491 = CARTESIAN_POINT('',(0.785397457516,3.014244006377));
#1492 = ( GEOMETRIC_REPRESENTATION_CONTEXT(2) 
PARAMETRIC_REPRESENTATION_CONTEXT() REPRESENTATION_CONTEXT('2D SPACE',''
  ) );
#1493 = ORIENTED_EDGE('',*,*,#1494,.F.);
#1494 = EDGE_CURVE('',#626,#1417,#1495,.T.);
#1495 = SURFACE_CURVE('',#1496,(#1500,#1507),.PCURVE_S1.);
#1496 = LINE('',#1497,#1498);
#1497 = CARTESIAN_POINT('',(-2.833333333333,-0.566666666667,4.6));
#1498 = VECTOR('',#1499,1.);
#1499 = DIRECTION('',(0.,0.5,-0.866025403784));
#1500 = PCURVE('',#751,#1501);
#1501 = DEFINITIONAL_REPRESENTATION('',(#1502),#1506);
#1502 = LINE('',#1503,#1504);
#1503 = CARTESIAN_POINT('',(4.712388980385,0.));
#1504 = VECTOR('',#1505,1.);
#1505 = DIRECTION('',(0.,1.));
#1506 = ( GEOMETRIC_REPRESENTATION_CONTEXT(2) 
PARAMETRIC_REPRESENTATION_CONTEXT() REPRESENTATION_CONTEXT('2D SPACE',''
  ) );
#1507 = PCURVE('',#645,#1508);
#1508 = DEFINITIONAL_REPRESENTATION('',(#1509),#1513);
#1509 = LINE('',#1510,#1511);
#1510 = CARTESIAN_POINT('',(0.,0.566666666667));
#1511 = VECTOR('',#1512,1.);
#1512 = DIRECTION('',(1.,0.));
#1513 = ( GEOMETRIC_REPRESENTATION_CONTEXT(2) 
PARAMETRIC_REPRESENTATION_CONTEXT() REPRESENTATION_CONTEXT('2D SPACE',''
  ) );
#1514 = ADVANCED_FACE('',(#1515),#645,.F.);
#1515 = FACE_BOUND('',#1516,.F.);
#1516 = EDGE_LOOP('',(#1517,#1518,#1539));
#1517 = ORIENTED_EDGE('',*,*,#625,.T.);
#1518 = ORIENTED_EDGE('',*,*,#1519,.T.);
#1519 = EDGE_CURVE('',#592,#1417,#1520,.T.);
#1520 = SURFACE_CURVE('',#1521,(#1525,#1532),.PCURVE_S1.);
#1521 = LINE('',#1522,#1523);
#1522 = CARTESIAN_POINT('',(-3.4,-0.566666666667,4.6));
#1523 = VECTOR('',#1524,1.);
#1524 = DIRECTION('',(0.4472135955,0.4472135955,-0.774596669241));
#1525 = PCURVE('',#645,#1526);
#1526 = DEFINITIONAL_REPRESENTATION('',(#1527),#1531);
#1527 = LINE('',#1528,#1529);
#1528 = CARTESIAN_POINT('',(0.,0.));
#1529 = VECTOR('',#1530,1.);
#1530 = DIRECTION('',(0.894427191,0.4472135955));
#1531 = ( GEOMETRIC_REPRESENTATION_CONTEXT(2) 
PARAMETRIC_REPRESENTATION_CONTEXT() REPRESENTATION_CONTEXT('2D SPACE',''
  ) );
#1532 = PCURVE('',#613,#1533);
#1533 = DEFINITIONAL_REPRESENTATION('',(#1534),#1538);
#1534 = LINE('',#1535,#1536);
#1535 = CARTESIAN_POINT('',(0.,0.566666666667));
#1536 = VECTOR('',#1537,1.);
#1537 = DIRECTION('',(0.894427191,-0.4472135955));
#1538 = ( GEOMETRIC_REPRESENTATION_CONTEXT(2) 
PARAMETRIC_REPRESENTATION_CONTEXT() REPRESENTATION_CONTEXT('2D SPACE',''
  ) );
#1539 = ORIENTED_EDGE('',*,*,#1494,.F.);
#1540 = ADVANCED_FACE('',(#1541),#613,.F.);
#1541 = FACE_BOUND('',#1542,.F.);
#1542 = EDGE_LOOP('',(#1543,#1544,#1565));
#1543 = ORIENTED_EDGE('',*,*,#591,.T.);
#1544 = ORIENTED_EDGE('',*,*,#1545,.T.);
#1545 = EDGE_CURVE('',#560,#1417,#1546,.T.);
#1546 = SURFACE_CURVE('',#1547,(#1551,#1558),.PCURVE_S1.);
#1547 = LINE('',#1548,#1549);
#1548 = CARTESIAN_POINT('',(-3.4,0.566666666667,4.6));
#1549 = VECTOR('',#1550,1.);
#1550 = DIRECTION('',(0.4472135955,-0.4472135955,-0.774596669241));
#1551 = PCURVE('',#613,#1552);
#1552 = DEFINITIONAL_REPRESENTATION('',(#1553),#1557);
#1553 = LINE('',#1554,#1555);
#1554 = CARTESIAN_POINT('',(0.,-0.566666666667));
#1555 = VECTOR('',#1556,1.);
#1556 = DIRECTION('',(0.894427191,0.4472135955));
#1557 = ( GEOMETRIC_REPRESENTATION_CONTEXT(2) 
PARAMETRIC_REPRESENTATION_CONTEXT() REPRESENTATION_CONTEXT('2D SPACE',''
  ) );
#1558 = PCURVE('',#579,#1559);
#1559 = DEFINITIONAL_REPRESENTATION('',(#1560),#1564);
#1560 = LINE('',#1561,#1562);
#1561 = CARTESIAN_POINT('',(0.,0.));
#1562 = VECTOR('',#1563,1.);
#1563 = DIRECTION('',(0.894427191,-0.4472135955));
#1564 = ( GEOMETRIC_REPRESENTATION_CONTEXT(2) 
PARAMETRIC_REPRESENTATION_CONTEXT() REPRESENTATION_CONTEXT('2D SPACE',''
  ) );
#1565 = ORIENTED_EDGE('',*,*,#1519,.F.);
#1566 = ADVANCED_FACE('',(#1567),#579,.F.);
#1567 = FACE_BOUND('',#1568,.F.);
#1568 = EDGE_LOOP('',(#1569,#1570,#1591));
#1569 = ORIENTED_EDGE('',*,*,#559,.T.);
#1570 = ORIENTED_EDGE('',*,*,#1571,.T.);
#1571 = EDGE_CURVE('',#415,#1417,#1572,.T.);
#1572 = SURFACE_CURVE('',#1573,(#1577,#1584),.PCURVE_S1.);
#1573 = LINE('',#1574,#1575);
#1574 = CARTESIAN_POINT('',(-2.833333333333,0.566666666667,4.6));
#1575 = VECTOR('',#1576,1.);
#1576 = DIRECTION('',(-6.73446851353E-17,-0.5,-0.866025403784));
#1577 = PCURVE('',#579,#1578);
#1578 = DEFINITIONAL_REPRESENTATION('',(#1579),#1583);
#1579 = LINE('',#1580,#1581);
#1580 = CARTESIAN_POINT('',(0.,-0.566666666667));
#1581 = VECTOR('',#1582,1.);
#1582 = DIRECTION('',(1.,6.73446851353E-17));
#1583 = ( GEOMETRIC_REPRESENTATION_CONTEXT(2) 
PARAMETRIC_REPRESENTATION_CONTEXT() REPRESENTATION_CONTEXT('2D SPACE',''
  ) );
#1584 = PCURVE('',#508,#1585);
#1585 = DEFINITIONAL_REPRESENTATION('',(#1586),#1590);
#1586 = LINE('',#1587,#1588);
#1587 = CARTESIAN_POINT('',(1.570796326795,0.));
#1588 = VECTOR('',#1589,1.);
#1589 = DIRECTION('',(0.,1.));
#1590 = ( GEOMETRIC_REPRESENTATION_CONTEXT(2) 
PARAMETRIC_REPRESENTATION_CONTEXT() REPRESENTATION_CONTEXT('2D SPACE',''
  ) );
#1591 = ORIENTED_EDGE('',*,*,#1545,.F.);
#1592 = ADVANCED_FACE('',(#1593),#508,.T.);
#1593 = FACE_BOUND('',#1594,.T.);
#1594 = EDGE_LOOP('',(#1595,#1618,#1619,#1620,#1621));
#1595 = ORIENTED_EDGE('',*,*,#1596,.F.);
#1596 = EDGE_CURVE('',#383,#1597,#1599,.T.);
#1597 = VERTEX_POINT('',#1598);
#1598 = CARTESIAN_POINT('',(-1.411740131102E-11,2.833333333333,
    3.618504542353));
#1599 = SURFACE_CURVE('',#1600,(#1604,#1611),.PCURVE_S1.);
#1600 = LINE('',#1601,#1602);
#1601 = CARTESIAN_POINT('',(-0.566666666667,2.833333333333,4.6));
#1602 = VECTOR('',#1603,1.);
#1603 = DIRECTION('',(0.5,0.,-0.866025403784));
#1604 = PCURVE('',#508,#1605);
#1605 = DEFINITIONAL_REPRESENTATION('',(#1606),#1610);
#1606 = LINE('',#1607,#1608);
#1607 = CARTESIAN_POINT('',(0.,0.));
#1608 = VECTOR('',#1609,1.);
#1609 = DIRECTION('',(0.,1.));
#1610 = ( GEOMETRIC_REPRESENTATION_CONTEXT(2) 
PARAMETRIC_REPRESENTATION_CONTEXT() REPRESENTATION_CONTEXT('2D SPACE',''
  ) );
#1611 = PCURVE('',#402,#1612);
#1612 = DEFINITIONAL_REPRESENTATION('',(#1613),#1617);
#1613 = LINE('',#1614,#1615);
#1614 = CARTESIAN_POINT('',(0.,-2.266666666667));
#1615 = VECTOR('',#1616,1.);
#1616 = DIRECTION('',(1.,0.));
#1617 = ( GEOMETRIC_REPRESENTATION_CONTEXT(2) 
PARAMETRIC_REPRESENTATION_CONTEXT() REPRESENTATION_CONTEXT('2D SPACE',''
  ) );
#1618 = ORIENTED_EDGE('',*,*,#414,.T.);
#1619 = ORIENTED_EDGE('',*,*,#1571,.T.);
#1620 = ORIENTED_EDGE('',*,*,#1416,.T.);
#1621 = ORIENTED_EDGE('',*,*,#1622,.F.);
#1622 = EDGE_CURVE('',#1597,#1179,#1623,.T.);
#1623 = SURFACE_CURVE('',#1624,(#1637,#1667),.PCURVE_S1.);
#1624 = B_SPLINE_CURVE_WITH_KNOTS('',6,(#1625,#1626,#1627,#1628,#1629,
    #1630,#1631,#1632,#1633,#1634,#1635,#1636),.UNSPECIFIED.,.F.,.F.,(7,
    5,7),(0.,0.446523740384,1.),.UNSPECIFIED.);
#1625 = CARTESIAN_POINT('',(-1.411740131102E-11,2.833333333333,
    3.618504542353));
#1626 = CARTESIAN_POINT('',(4.025140807687E-11,2.47813365756,
    3.618509229024));
#1627 = CARTESIAN_POINT('',(-6.439723714779E-11,2.170926211177,
    3.525927012888));
#1628 = CARTESIAN_POINT('',(6.090539693421E-11,1.900972648499,
    3.387808198342));
#1629 = CARTESIAN_POINT('',(-3.29116168627E-11,1.665465889695,
    3.234526640847));
#1630 = CARTESIAN_POINT('',(8.356193832744E-12,1.457442004878,
    3.078617405687));
#1631 = CARTESIAN_POINT('',(9.751067517909E-16,1.016618129189,
    2.708059572488));
#1632 = CARTESIAN_POINT('',(-1.424110185978E-15,0.788941979882,
    2.487497321115));
#1633 = CARTESIAN_POINT('',(-5.469738546487E-16,0.57683864644,
    2.262938230289));
#1634 = CARTESIAN_POINT('',(1.547834509205E-15,0.378404839969,
    2.039967822255));
#1635 = CARTESIAN_POINT('',(1.370370014482E-15,0.189052931204,
    1.817294805729));
#1636 = CARTESIAN_POINT('',(6.38759328127E-16,-4.000000001767E-06,
    1.585755993623));
#1637 = PCURVE('',#508,#1638);
#1638 = DEFINITIONAL_REPRESENTATION('',(#1639),#1666);
#1639 = B_SPLINE_CURVE_WITH_KNOTS('',9,(#1640,#1641,#1642,#1643,#1644,
    #1645,#1646,#1647,#1648,#1649,#1650,#1651,#1652,#1653,#1654,#1655,
    #1656,#1657,#1658,#1659,#1660,#1661,#1662,#1663,#1664,#1665),
  .UNSPECIFIED.,.F.,.F.,(10,8,8,10),(0.,0.25,0.5,1.),.UNSPECIFIED.);
#1640 = CARTESIAN_POINT('',(-2.775557561563E-17,0.981495457647));
#1641 = CARTESIAN_POINT('',(4.6792805588E-02,0.98149370829));
#1642 = CARTESIAN_POINT('',(9.137310683938E-02,0.993584728419));
#1643 = CARTESIAN_POINT('',(0.133602772973,1.015802702005));
#1644 = CARTESIAN_POINT('',(0.173424866221,1.046376518213));
#1645 = CARTESIAN_POINT('',(0.210850501287,1.083733157108));
#1646 = CARTESIAN_POINT('',(0.24594570479,1.126501075378));
#1647 = CARTESIAN_POINT('',(0.278818274724,1.17351359204));
#1648 = CARTESIAN_POINT('',(0.309604639903,1.223812274159));
#1649 = CARTESIAN_POINT('',(0.36730879894,1.329488370954));
#1650 = CARTESIAN_POINT('',(0.394209977536,1.384808211746));
#1651 = CARTESIAN_POINT('',(0.419454711966,1.442306502009));
#1652 = CARTESIAN_POINT('',(0.44271894465,1.499869668422));
#1653 = CARTESIAN_POINT('',(0.465290848605,1.560580340604));
#1654 = CARTESIAN_POINT('',(0.485785963849,1.619541885891));
#1655 = CARTESIAN_POINT('',(0.5059186219,1.681245034443));
#1656 = CARTESIAN_POINT('',(0.525116385956,1.744002503483));
#1657 = CARTESIAN_POINT('',(0.580281827119,1.93512027275));
#1658 = CARTESIAN_POINT('',(0.61381351128,2.066386577067));
#1659 = CARTESIAN_POINT('',(0.644416961827,2.199811522547));
#1660 = CARTESIAN_POINT('',(0.672424389269,2.334170816937));
#1661 = CARTESIAN_POINT('',(0.698176731911,2.468744271934));
#1662 = CARTESIAN_POINT('',(0.722017216136,2.6033483824));
#1663 = CARTESIAN_POINT('',(0.744284916689,2.738368905586));
#1664 = CARTESIAN_POINT('',(0.765308316963,2.87479344035));
#1665 = CARTESIAN_POINT('',(0.785398869279,3.014244006377));
#1666 = ( GEOMETRIC_REPRESENTATION_CONTEXT(2) 
PARAMETRIC_REPRESENTATION_CONTEXT() REPRESENTATION_CONTEXT('2D SPACE',''
  ) );
#1667 = PCURVE('',#265,#1668);
#1668 = DEFINITIONAL_REPRESENTATION('',(#1669),#1696);
#1669 = B_SPLINE_CURVE_WITH_KNOTS('',9,(#1670,#1671,#1672,#1673,#1674,
    #1675,#1676,#1677,#1678,#1679,#1680,#1681,#1682,#1683,#1684,#1685,
    #1686,#1687,#1688,#1689,#1690,#1691,#1692,#1693,#1694,#1695),
  .UNSPECIFIED.,.F.,.F.,(10,8,8,10),(0.,0.25,0.5,1.),.UNSPECIFIED.);
#1670 = CARTESIAN_POINT('',(3.14159265359,0.981495457647));
#1671 = CARTESIAN_POINT('',(3.094799848002,0.98149370829));
#1672 = CARTESIAN_POINT('',(3.05021954675,0.993584728419));
#1673 = CARTESIAN_POINT('',(3.007989880617,1.015802702005));
#1674 = CARTESIAN_POINT('',(2.968167787369,1.046376518213));
#1675 = CARTESIAN_POINT('',(2.930742152303,1.083733157108));
#1676 = CARTESIAN_POINT('',(2.8956469488,1.126501075378));
#1677 = CARTESIAN_POINT('',(2.862774378866,1.17351359204));
#1678 = CARTESIAN_POINT('',(2.831988013686,1.223812274159));
#1679 = CARTESIAN_POINT('',(2.77428385465,1.329488370954));
#1680 = CARTESIAN_POINT('',(2.747382676054,1.384808211747));
#1681 = CARTESIAN_POINT('',(2.722137941624,1.442306502008));
#1682 = CARTESIAN_POINT('',(2.698873708939,1.499869668423));
#1683 = CARTESIAN_POINT('',(2.676301804985,1.560580340603));
#1684 = CARTESIAN_POINT('',(2.655806689741,1.619541885891));
#1685 = CARTESIAN_POINT('',(2.63567403169,1.681245034443));
#1686 = CARTESIAN_POINT('',(2.616476267633,1.744002503483));
#1687 = CARTESIAN_POINT('',(2.56131082647,1.93512027275));
#1688 = CARTESIAN_POINT('',(2.527779142309,2.066386577067));
#1689 = CARTESIAN_POINT('',(2.497175691763,2.199811522547));
#1690 = CARTESIAN_POINT('',(2.469168264321,2.334170816937));
#1691 = CARTESIAN_POINT('',(2.443415921679,2.468744271934));
#1692 = CARTESIAN_POINT('',(2.419575437454,2.6033483824));
#1693 = CARTESIAN_POINT('',(2.397307736901,2.738368905586));
#1694 = CARTESIAN_POINT('',(2.376284336627,2.87479344035));
#1695 = CARTESIAN_POINT('',(2.35619378431,3.014244006377));
#1696 = ( GEOMETRIC_REPRESENTATION_CONTEXT(2) 
PARAMETRIC_REPRESENTATION_CONTEXT() REPRESENTATION_CONTEXT('2D SPACE',''
  ) );
#1697 = ADVANCED_FACE('',(#1698),#402,.F.);
#1698 = FACE_BOUND('',#1699,.F.);
#1699 = EDGE_LOOP('',(#1700,#1701,#1722));
#1700 = ORIENTED_EDGE('',*,*,#382,.T.);
#1701 = ORIENTED_EDGE('',*,*,#1702,.T.);
#1702 = EDGE_CURVE('',#349,#1597,#1703,.T.);
#1703 = SURFACE_CURVE('',#1704,(#1708,#1715),.PCURVE_S1.);
#1704 = LINE('',#1705,#1706);
#1705 = CARTESIAN_POINT('',(-0.566666666667,3.4,4.6));
#1706 = VECTOR('',#1707,1.);
#1707 = DIRECTION('',(0.4472135955,-0.4472135955,-0.774596669241));
#1708 = PCURVE('',#402,#1709);
#1709 = DEFINITIONAL_REPRESENTATION('',(#1710),#1714);
#1710 = LINE('',#1711,#1712);
#1711 = CARTESIAN_POINT('',(9.357185282472E-16,-2.833333333333));
#1712 = VECTOR('',#1713,1.);
#1713 = DIRECTION('',(0.894427191,0.4472135955));
#1714 = ( GEOMETRIC_REPRESENTATION_CONTEXT(2) 
PARAMETRIC_REPRESENTATION_CONTEXT() REPRESENTATION_CONTEXT('2D SPACE',''
  ) );
#1715 = PCURVE('',#370,#1716);
#1716 = DEFINITIONAL_REPRESENTATION('',(#1717),#1721);
#1717 = LINE('',#1718,#1719);
#1718 = CARTESIAN_POINT('',(9.912296794785E-16,1.133333333333));
#1719 = VECTOR('',#1720,1.);
#1720 = DIRECTION('',(0.894427191,-0.4472135955));
#1721 = ( GEOMETRIC_REPRESENTATION_CONTEXT(2) 
PARAMETRIC_REPRESENTATION_CONTEXT() REPRESENTATION_CONTEXT('2D SPACE',''
  ) );
#1722 = ORIENTED_EDGE('',*,*,#1596,.F.);
#1723 = ADVANCED_FACE('',(#1724),#370,.F.);
#1724 = FACE_BOUND('',#1725,.F.);
#1725 = EDGE_LOOP('',(#1726,#1727,#1748));
#1726 = ORIENTED_EDGE('',*,*,#348,.T.);
#1727 = ORIENTED_EDGE('',*,*,#1728,.T.);
#1728 = EDGE_CURVE('',#317,#1597,#1729,.T.);
#1729 = SURFACE_CURVE('',#1730,(#1734,#1741),.PCURVE_S1.);
#1730 = LINE('',#1731,#1732);
#1731 = CARTESIAN_POINT('',(0.566666666667,3.4,4.6));
#1732 = VECTOR('',#1733,1.);
#1733 = DIRECTION('',(-0.4472135955,-0.4472135955,-0.774596669241));
#1734 = PCURVE('',#370,#1735);
#1735 = DEFINITIONAL_REPRESENTATION('',(#1736),#1740);
#1736 = LINE('',#1737,#1738);
#1737 = CARTESIAN_POINT('',(0.,0.));
#1738 = VECTOR('',#1739,1.);
#1739 = DIRECTION('',(0.894427191,0.4472135955));
#1740 = ( GEOMETRIC_REPRESENTATION_CONTEXT(2) 
PARAMETRIC_REPRESENTATION_CONTEXT() REPRESENTATION_CONTEXT('2D SPACE',''
  ) );
#1741 = PCURVE('',#336,#1742);
#1742 = DEFINITIONAL_REPRESENTATION('',(#1743),#1747);
#1743 = LINE('',#1744,#1745);
#1744 = CARTESIAN_POINT('',(0.,2.833333333333));
#1745 = VECTOR('',#1746,1.);
#1746 = DIRECTION('',(0.894427191,-0.4472135955));
#1747 = ( GEOMETRIC_REPRESENTATION_CONTEXT(2) 
PARAMETRIC_REPRESENTATION_CONTEXT() REPRESENTATION_CONTEXT('2D SPACE',''
  ) );
#1748 = ORIENTED_EDGE('',*,*,#1702,.F.);
#1749 = ADVANCED_FACE('',(#1750),#336,.F.);
#1750 = FACE_BOUND('',#1751,.F.);
#1751 = EDGE_LOOP('',(#1752,#1753,#1774));
#1752 = ORIENTED_EDGE('',*,*,#316,.T.);
#1753 = ORIENTED_EDGE('',*,*,#1754,.T.);
#1754 = EDGE_CURVE('',#172,#1597,#1755,.T.);
#1755 = SURFACE_CURVE('',#1756,(#1760,#1767),.PCURVE_S1.);
#1756 = LINE('',#1757,#1758);
#1757 = CARTESIAN_POINT('',(0.566666666667,2.833333333333,4.6));
#1758 = VECTOR('',#1759,1.);
#1759 = DIRECTION('',(-0.5,3.672851515662E-17,-0.866025403784));
#1760 = PCURVE('',#336,#1761);
#1761 = DEFINITIONAL_REPRESENTATION('',(#1762),#1766);
#1762 = LINE('',#1763,#1764);
#1763 = CARTESIAN_POINT('',(-5.551115123126E-17,2.266666666667));
#1764 = VECTOR('',#1765,1.);
#1765 = DIRECTION('',(1.,3.672851515662E-17));
#1766 = ( GEOMETRIC_REPRESENTATION_CONTEXT(2) 
PARAMETRIC_REPRESENTATION_CONTEXT() REPRESENTATION_CONTEXT('2D SPACE',''
  ) );
#1767 = PCURVE('',#265,#1768);
#1768 = DEFINITIONAL_REPRESENTATION('',(#1769),#1773);
#1769 = LINE('',#1770,#1771);
#1770 = CARTESIAN_POINT('',(3.14159265359,0.));
#1771 = VECTOR('',#1772,1.);
#1772 = DIRECTION('',(0.,1.));
#1773 = ( GEOMETRIC_REPRESENTATION_CONTEXT(2) 
PARAMETRIC_REPRESENTATION_CONTEXT() REPRESENTATION_CONTEXT('2D SPACE',''
  ) );
#1774 = ORIENTED_EDGE('',*,*,#1728,.F.);
#1775 = ADVANCED_FACE('',(#1776),#265,.T.);
#1776 = FACE_BOUND('',#1777,.T.);
#1777 = EDGE_LOOP('',(#1778,#1799,#1800,#1801,#1802));
#1778 = ORIENTED_EDGE('',*,*,#1779,.F.);
#1779 = EDGE_CURVE('',#140,#1080,#1780,.T.);
#1780 = SURFACE_CURVE('',#1781,(#1785,#1792),.PCURVE_S1.);
#1781 = LINE('',#1782,#1783);
#1782 = CARTESIAN_POINT('',(2.833333333333,0.566666666667,4.6));
#1783 = VECTOR('',#1784,1.);
#1784 = DIRECTION('',(0.,-0.5,-0.866025403784));
#1785 = PCURVE('',#265,#1786);
#1786 = DEFINITIONAL_REPRESENTATION('',(#1787),#1791);
#1787 = LINE('',#1788,#1789);
#1788 = CARTESIAN_POINT('',(1.570796326795,0.));
#1789 = VECTOR('',#1790,1.);
#1790 = DIRECTION('',(0.,1.));
#1791 = ( GEOMETRIC_REPRESENTATION_CONTEXT(2) 
PARAMETRIC_REPRESENTATION_CONTEXT() REPRESENTATION_CONTEXT('2D SPACE',''
  ) );
#1792 = PCURVE('',#159,#1793);
#1793 = DEFINITIONAL_REPRESENTATION('',(#1794),#1798);
#1794 = LINE('',#1795,#1796);
#1795 = CARTESIAN_POINT('',(-0.,0.566666666667));
#1796 = VECTOR('',#1797,1.);
#1797 = DIRECTION('',(1.,-0.));
#1798 = ( GEOMETRIC_REPRESENTATION_CONTEXT(2) 
PARAMETRIC_REPRESENTATION_CONTEXT() REPRESENTATION_CONTEXT('2D SPACE',''
  ) );
#1799 = ORIENTED_EDGE('',*,*,#171,.T.);
#1800 = ORIENTED_EDGE('',*,*,#1754,.T.);
#1801 = ORIENTED_EDGE('',*,*,#1622,.T.);
#1802 = ORIENTED_EDGE('',*,*,#1178,.F.);
#1803 = ADVANCED_FACE('',(#1804),#159,.F.);
#1804 = FACE_BOUND('',#1805,.F.);
#1805 = EDGE_LOOP('',(#1806,#1807,#1808));
#1806 = ORIENTED_EDGE('',*,*,#139,.T.);
#1807 = ORIENTED_EDGE('',*,*,#1102,.T.);
#1808 = ORIENTED_EDGE('',*,*,#1779,.F.);
#1809 = ADVANCED_FACE('',(#1810),#99,.T.);
#1810 = FACE_BOUND('',#1811,.F.);
#1811 = EDGE_LOOP('',(#1812,#1813,#1836,#1863));
#1812 = ORIENTED_EDGE('',*,*,#84,.T.);
#1813 = ORIENTED_EDGE('',*,*,#1814,.T.);
#1814 = EDGE_CURVE('',#61,#1815,#1817,.T.);
#1815 = VERTEX_POINT('',#1816);
#1816 = CARTESIAN_POINT('',(6.,0.,0.));
#1817 = SEAM_CURVE('',#1818,(#1822,#1829),.PCURVE_S1.);
#1818 = LINE('',#1819,#1820);
#1819 = CARTESIAN_POINT('',(6.,0.,2.6));
#1820 = VECTOR('',#1821,1.);
#1821 = DIRECTION('',(0.,0.,-1.));
#1822 = PCURVE('',#99,#1823);
#1823 = DEFINITIONAL_REPRESENTATION('',(#1824),#1828);
#1824 = LINE('',#1825,#1826);
#1825 = CARTESIAN_POINT('',(-0.,0.));
#1826 = VECTOR('',#1827,1.);
#1827 = DIRECTION('',(-0.,1.));
#1828 = ( GEOMETRIC_REPRESENTATION_CONTEXT(2) 
PARAMETRIC_REPRESENTATION_CONTEXT() REPRESENTATION_CONTEXT('2D SPACE',''
  ) );
#1829 = PCURVE('',#99,#1830);
#1830 = DEFINITIONAL_REPRESENTATION('',(#1831),#1835);
#1831 = LINE('',#1832,#1833);
#1832 = CARTESIAN_POINT('',(-6.28318530718,0.));
#1833 = VECTOR('',#1834,1.);
#1834 = DIRECTION('',(-0.,1.));
#1835 = ( GEOMETRIC_REPRESENTATION_CONTEXT(2) 
PARAMETRIC_REPRESENTATION_CONTEXT() REPRESENTATION_CONTEXT('2D SPACE',''
  ) );
#1836 = ORIENTED_EDGE('',*,*,#1837,.F.);
#1837 = EDGE_CURVE('',#1815,#1815,#1838,.T.);
#1838 = SURFACE_CURVE('',#1839,(#1844,#1851),.PCURVE_S1.);
#1839 = CIRCLE('',#1840,6.);
#1840 = AXIS2_PLACEMENT_3D('',#1841,#1842,#1843);
#1841 = CARTESIAN_POINT('',(0.,0.,0.));
#1842 = DIRECTION('',(0.,0.,1.));
#1843 = DIRECTION('',(1.,0.,-0.));
#1844 = PCURVE('',#99,#1845);
#1845 = DEFINITIONAL_REPRESENTATION('',(#1846),#1850);
#1846 = LINE('',#1847,#1848);
#1847 = CARTESIAN_POINT('',(-0.,2.6));
#1848 = VECTOR('',#1849,1.);
#1849 = DIRECTION('',(-1.,0.));
#1850 = ( GEOMETRIC_REPRESENTATION_CONTEXT(2) 
PARAMETRIC_REPRESENTATION_CONTEXT() REPRESENTATION_CONTEXT('2D SPACE',''
  ) );
#1851 = PCURVE('',#1852,#1857);
#1852 = PLANE('',#1853);
#1853 = AXIS2_PLACEMENT_3D('',#1854,#1855,#1856);
#1854 = CARTESIAN_POINT('',(0.,0.,0.));
#1855 = DIRECTION('',(0.,0.,1.));
#1856 = DIRECTION('',(1.,0.,-0.));
#1857 = DEFINITIONAL_REPRESENTATION('',(#1858),#1862);
#1858 = CIRCLE('',#1859,6.);
#1859 = AXIS2_PLACEMENT_2D('',#1860,#1861);
#1860 = CARTESIAN_POINT('',(0.,0.));
#1861 = DIRECTION('',(1.,0.));
#1862 = ( GEOMETRIC_REPRESENTATION_CONTEXT(2) 
PARAMETRIC_REPRESENTATION_CONTEXT() REPRESENTATION_CONTEXT('2D SPACE',''
  ) );
#1863 = ORIENTED_EDGE('',*,*,#1814,.F.);
#1864 = ADVANCED_FACE('',(#1865,#1868),#1852,.F.);
#1865 = FACE_BOUND('',#1866,.F.);
#1866 = EDGE_LOOP('',(#1867));
#1867 = ORIENTED_EDGE('',*,*,#1837,.T.);
#1868 = FACE_BOUND('',#1869,.F.);
#1869 = EDGE_LOOP('',(#1870));
#1870 = ORIENTED_EDGE('',*,*,#1871,.F.);
#1871 = EDGE_CURVE('',#1872,#1872,#1874,.T.);
#1872 = VERTEX_POINT('',#1873);
#1873 = CARTESIAN_POINT('',(2.458734122635,0.,0.));
#1874 = SURFACE_CURVE('',#1875,(#1880,#1887),.PCURVE_S1.);
#1875 = CIRCLE('',#1876,2.458734122635);
#1876 = AXIS2_PLACEMENT_3D('',#1877,#1878,#1879);
#1877 = CARTESIAN_POINT('',(0.,0.,0.));
#1878 = DIRECTION('',(0.,0.,1.));
#1879 = DIRECTION('',(1.,0.,-0.));
#1880 = PCURVE('',#1852,#1881);
#1881 = DEFINITIONAL_REPRESENTATION('',(#1882),#1886);
#1882 = CIRCLE('',#1883,2.458734122635);
#1883 = AXIS2_PLACEMENT_2D('',#1884,#1885);
#1884 = CARTESIAN_POINT('',(0.,0.));
#1885 = DIRECTION('',(1.,0.));
#1886 = ( GEOMETRIC_REPRESENTATION_CONTEXT(2) 
PARAMETRIC_REPRESENTATION_CONTEXT() REPRESENTATION_CONTEXT('2D SPACE',''
  ) );
#1887 = PCURVE('',#1888,#1893);
#1888 = CYLINDRICAL_SURFACE('',#1889,2.458734122635);
#1889 = AXIS2_PLACEMENT_3D('',#1890,#1891,#1892);
#1890 = CARTESIAN_POINT('',(0.,0.,-20.));
#1891 = DIRECTION('',(-0.,-0.,-1.));
#1892 = DIRECTION('',(1.,0.,0.));
#1893 = DEFINITIONAL_REPRESENTATION('',(#1894),#1898);
#1894 = LINE('',#1895,#1896);
#1895 = CARTESIAN_POINT('',(-0.,-20.));
#1896 = VECTOR('',#1897,1.);
#1897 = DIRECTION('',(-1.,0.));
#1898 = ( GEOMETRIC_REPRESENTATION_CONTEXT(2) 
PARAMETRIC_REPRESENTATION_CONTEXT() REPRESENTATION_CONTEXT('2D SPACE',''
  ) );
#1899 = ADVANCED_FACE('',(#1900),#1888,.T.);
#1900 = FACE_BOUND('',#1901,.F.);
#1901 = EDGE_LOOP('',(#1902,#1925,#1926,#1927));
#1902 = ORIENTED_EDGE('',*,*,#1903,.T.);
#1903 = EDGE_CURVE('',#1904,#1872,#1906,.T.);
#1904 = VERTEX_POINT('',#1905);
#1905 = CARTESIAN_POINT('',(2.458734122635,0.,-20.));
#1906 = SEAM_CURVE('',#1907,(#1911,#1918),.PCURVE_S1.);
#1907 = LINE('',#1908,#1909);
#1908 = CARTESIAN_POINT('',(2.458734122635,0.,-20.));
#1909 = VECTOR('',#1910,1.);
#1910 = DIRECTION('',(0.,0.,1.));
#1911 = PCURVE('',#1888,#1912);
#1912 = DEFINITIONAL_REPRESENTATION('',(#1913),#1917);
#1913 = LINE('',#1914,#1915);
#1914 = CARTESIAN_POINT('',(-0.,0.));
#1915 = VECTOR('',#1916,1.);
#1916 = DIRECTION('',(-0.,-1.));
#1917 = ( GEOMETRIC_REPRESENTATION_CONTEXT(2) 
PARAMETRIC_REPRESENTATION_CONTEXT() REPRESENTATION_CONTEXT('2D SPACE',''
  ) );
#1918 = PCURVE('',#1888,#1919);
#1919 = DEFINITIONAL_REPRESENTATION('',(#1920),#1924);
#1920 = LINE('',#1921,#1922);
#1921 = CARTESIAN_POINT('',(-6.28318530718,0.));
#1922 = VECTOR('',#1923,1.);
#1923 = DIRECTION('',(-0.,-1.));
#1924 = ( GEOMETRIC_REPRESENTATION_CONTEXT(2) 
PARAMETRIC_REPRESENTATION_CONTEXT() REPRESENTATION_CONTEXT('2D SPACE',''
  ) );
#1925 = ORIENTED_EDGE('',*,*,#1871,.T.);
#1926 = ORIENTED_EDGE('',*,*,#1903,.F.);
#1927 = ORIENTED_EDGE('',*,*,#1928,.F.);
#1928 = EDGE_CURVE('',#1904,#1904,#1929,.T.);
#1929 = SURFACE_CURVE('',#1930,(#1935,#1942),.PCURVE_S1.);
#1930 = CIRCLE('',#1931,2.458734122635);
#1931 = AXIS2_PLACEMENT_3D('',#1932,#1933,#1934);
#1932 = CARTESIAN_POINT('',(0.,0.,-20.));
#1933 = DIRECTION('',(0.,0.,1.));
#1934 = DIRECTION('',(1.,0.,-0.));
#1935 = PCURVE('',#1888,#1936);
#1936 = DEFINITIONAL_REPRESENTATION('',(#1937),#1941);
#1937 = LINE('',#1938,#1939);
#1938 = CARTESIAN_POINT('',(-0.,0.));
#1939 = VECTOR('',#1940,1.);
#1940 = DIRECTION('',(-1.,0.));
#1941 = ( GEOMETRIC_REPRESENTATION_CONTEXT(2) 
PARAMETRIC_REPRESENTATION_CONTEXT() REPRESENTATION_CONTEXT('2D SPACE',''
  ) );
#1942 = PCURVE('',#1943,#1948);
#1943 = PLANE('',#1944);
#1944 = AXIS2_PLACEMENT_3D('',#1945,#1946,#1947);
#1945 = CARTESIAN_POINT('',(-3.475976011271E-16,3.866967800953E-17,-20.)
  );
#1946 = DIRECTION('',(0.,0.,1.));
#1947 = DIRECTION('',(1.,0.,-0.));
#1948 = DEFINITIONAL_REPRESENTATION('',(#1949),#1953);
#1949 = CIRCLE('',#1950,2.458734122635);
#1950 = AXIS2_PLACEMENT_2D('',#1951,#1952);
#1951 = CARTESIAN_POINT('',(3.475976011271E-16,-3.866967800953E-17));
#1952 = DIRECTION('',(1.,0.));
#1953 = ( GEOMETRIC_REPRESENTATION_CONTEXT(2) 
PARAMETRIC_REPRESENTATION_CONTEXT() REPRESENTATION_CONTEXT('2D SPACE',''
  ) );
#1954 = ADVANCED_FACE('',(#1955),#1943,.F.);
#1955 = FACE_BOUND('',#1956,.F.);
#1956 = EDGE_LOOP('',(#1957));
#1957 = ORIENTED_EDGE('',*,*,#1928,.T.);
#1958 = ( GEOMETRIC_REPRESENTATION_CONTEXT(3) 
GLOBAL_UNCERTAINTY_ASSIGNED_CONTEXT((#1962)) 
GLOBAL_UNIT_ASSIGNED_CONTEXT((#1959,#1960,#1961)) REPRESENTATION_CONTEXT
('Context #1','3D Context with UNIT and UNCERTAINTY') );
#1959 = ( LENGTH_UNIT() NAMED_UNIT(*) SI_UNIT(.MILLI.,.METRE.) );
#1960 = ( NAMED_UNIT(*) PLANE_ANGLE_UNIT() SI_UNIT($,.RADIAN.) );
#1961 = ( NAMED_UNIT(*) SI_UNIT($,.STERADIAN.) SOLID_ANGLE_UNIT() );
#1962 = UNCERTAINTY_MEASURE_WITH_UNIT(LENGTH_MEASURE(2.E-06),#1959,
  'distance_accuracy_value','confusion accuracy');
#1963 = PRODUCT_RELATED_PRODUCT_CATEGORY('part',$,(#7));
ENDSEC;
END-ISO-10303-21;
