ISO-10303-21;
HEADER;
FILE_DESCRIPTION(('Open CASCADE Model'),'2;1');
FILE_NAME('Open CASCADE Shape Model','2026-09-12T08:32:48',('Author'),(
    'Open CASCADE'),'Open CASCADE STEP processor 7.9','Open CASCADE 7.9'
  ,'Unknown');
FILE_SCHEMA(('AUTOMOTIVE_DESIGN { 1 0 10303 214 1 1 1 1 }'));
ENDSEC;
DATA;
#1 = APPLICATION_PROTOCOL_DEFINITION('international standard',
  'automotive_design',2000,#2);
#2 = APPLICATION_CONTEXT(
  'core data for automotive mechanical design processes');
#3 = SHAPE_DEFINITION_REPRESENTATION(#4,#10);
#4 = PRODUCT_DEFINITION_SHAPE('','',#5);
#5 = PRODUCT_DEFINITION('design','',#6,#9);
#6 = PRODUCT_DEFINITION_FORMATION('','',#7);
#7 = PRODUCT('Open CASCADE STEP translator 7.9 9',
  'Open CASCADE STEP translator 7.9 9','',(#8));
#8 = PRODUCT_CONTEXT('',#2,'mechanical');
#9 = PRODUCT_DEFINITION_CONTEXT('part definition',#2,'design');
#10 = ADVANCED_BREP_SHAPE_REPRESENTATION('',(#11,#15),#10934);
#11 = AXIS2_PLACEMENT_3D('',#12,#13,#14);
#12 = CARTESIAN_POINT('',(0.,0.,0.));
#13 = DIRECTION('',(0.,0.,1.));
#14 = DIRECTION('',(1.,0.,-0.));
#15 = MANIFOLD_SOLID_BREP('',#16);
#16 = CLOSED_SHELL('',(#17,#225,#2801,#2851,#4877,#4950,#5013,#5049,
    #5075,#5188,#5266,#5292,#5391,#5464,#5542,#5568,#5667,#5740,#5818,
    #5844,#5943,#6016,#6094,#6120,#6219,#6292,#6370,#6396,#6495,#6568,
    #6627,#6655,#6681,#6780,#6853,#6931,#6957,#7056,#7129,#7207,#7233,
    #7332,#7405,#7483,#7509,#7608,#7681,#7759,#7785,#7884,#7957,#8035,
    #8061,#8160,#8233,#8311,#8337,#8436,#8509,#8587,#8613,#8712,#8785,
    #8863,#8889,#8988,#9061,#9139,#9165,#9264,#9337,#9415,#9441,#9540,
    #9613,#9691,#9717,#9816,#9889,#9967,#9993,#10052,#10094,#10136,
    #10178,#10220,#10262,#10304,#10346,#10388,#10430,#10472,#10514,
    #10556,#10598,#10640,#10682,#10724,#10766,#10808,#10815,#10822,
    #10829,#10836,#10843,#10850,#10857,#10864,#10871,#10878,#10885,
    #10892,#10899,#10906,#10913,#10920,#10927));
#17 = ADVANCED_FACE('',(#18),#33,.F.);
#18 = FACE_BOUND('',#19,.F.);
#19 = EDGE_LOOP('',(#20,#61,#98,#129,#166,#196));
#20 = ORIENTED_EDGE('',*,*,#21,.F.);
#21 = EDGE_CURVE('',#22,#24,#26,.T.);
#22 = VERTEX_POINT('',#23);
#23 = CARTESIAN_POINT('',(7.592954978641,-4.813224978362,0.));
#24 = VERTEX_POINT('',#25);
#25 = CARTESIAN_POINT('',(8.59819481663,-6.452406209723,0.));
#26 = SURFACE_CURVE('',#27,(#32,#48),.PCURVE_S1.);
#27 = B_SPLINE_CURVE_WITH_KNOTS('',3,(#28,#29,#30,#31),.UNSPECIFIED.,.F.
  ,.F.,(4,4),(0.,1.),.PIECEWISE_BEZIER_KNOTS.);
#28 = CARTESIAN_POINT('',(7.184413512543,-4.542488577949,0.));
#29 = CARTESIAN_POINT('',(7.930642058969,-4.914764845726,0.));
#30 = CARTESIAN_POINT('',(8.324870270804,-5.703836615725,0.));
#31 = CARTESIAN_POINT('',(8.59819481663,-6.452406209723,0.));
#32 = PCURVE('',#33,#42);
#33 = B_SPLINE_SURFACE_WITH_KNOTS('',1,3,(
    (#34,#35,#36,#37)
    ,(#38,#39,#40,#41
    )),.UNSPECIFIED.,.F.,.F.,.F.,(2,2),(4,4),(0.,1.),(0.,1.),
  .PIECEWISE_BEZIER_KNOTS.);
#34 = CARTESIAN_POINT('',(7.184413512543,-4.542488577949,0.));
#35 = CARTESIAN_POINT('',(7.930642058969,-4.914764845726,0.));
#36 = CARTESIAN_POINT('',(8.324870270804,-5.703836615725,0.));
#37 = CARTESIAN_POINT('',(8.59819481663,-6.452406209723,0.));
#38 = CARTESIAN_POINT('',(7.184413512543,-4.542488577949,6.));
#39 = CARTESIAN_POINT('',(7.930642058969,-4.914764845726,6.));
#40 = CARTESIAN_POINT('',(8.324870270804,-5.703836615725,6.));
#41 = CARTESIAN_POINT('',(8.59819481663,-6.452406209723,6.));
#42 = DEFINITIONAL_REPRESENTATION('',(#43),#47);
#43 = LINE('',#44,#45);
#44 = CARTESIAN_POINT('',(0.,0.));
#45 = VECTOR('',#46,1.);
#46 = DIRECTION('',(0.,1.));
#47 = ( GEOMETRIC_REPRESENTATION_CONTEXT(2) 
PARAMETRIC_REPRESENTATION_CONTEXT() REPRESENTATION_CONTEXT('2D SPACE',''
  ) );
#48 = PCURVE('',#49,#54);
#49 = PLANE('',#50);
#50 = AXIS2_PLACEMENT_3D('',#51,#52,#53);
#51 = CARTESIAN_POINT('',(-7.956015316593E-16,2.343050820501E-16,0.));
#52 = DIRECTION('',(0.,0.,1.));
#53 = DIRECTION('',(1.,0.,-0.));
#54 = DEFINITIONAL_REPRESENTATION('',(#55),#60);
#55 = B_SPLINE_CURVE_WITH_KNOTS('',3,(#56,#57,#58,#59),.UNSPECIFIED.,.F.
  ,.F.,(4,4),(0.,1.),.PIECEWISE_BEZIER_KNOTS.);
#56 = CARTESIAN_POINT('',(7.184413512543,-4.542488577949));
#57 = CARTESIAN_POINT('',(7.930642058969,-4.914764845726));
#58 = CARTESIAN_POINT('',(8.324870270804,-5.703836615725));
#59 = CARTESIAN_POINT('',(8.59819481663,-6.452406209723));
#60 = ( GEOMETRIC_REPRESENTATION_CONTEXT(2) 
PARAMETRIC_REPRESENTATION_CONTEXT() REPRESENTATION_CONTEXT('2D SPACE',''
  ) );
#61 = ORIENTED_EDGE('',*,*,#62,.F.);
#62 = EDGE_CURVE('',#63,#22,#65,.T.);
#63 = VERTEX_POINT('',#64);
#64 = CARTESIAN_POINT('',(7.184413512543,-4.542488577949,0.49));
#65 = SURFACE_CURVE('',#66,(#73,#83),.PCURVE_S1.);
#66 = B_SPLINE_CURVE_WITH_KNOTS('',5,(#67,#68,#69,#70,#71,#72),
  .UNSPECIFIED.,.F.,.F.,(6,6),(0.,1.),.PIECEWISE_BEZIER_KNOTS.);
#67 = CARTESIAN_POINT('',(7.184413512543,-4.542488577949,0.49));
#68 = CARTESIAN_POINT('',(7.272569371309,-4.586467509392,0.391985654507)
  );
#69 = CARTESIAN_POINT('',(7.357511551882,-4.635732661475,0.293848037516)
  );
#70 = CARTESIAN_POINT('',(7.43921980334,-4.690112811594,0.195732860938)
  );
#71 = CARTESIAN_POINT('',(7.517690642516,-4.74937404192,
    9.775390855047E-02));
#72 = CARTESIAN_POINT('',(7.592954978641,-4.813224978362,0.));
#73 = PCURVE('',#33,#74);
#74 = DEFINITIONAL_REPRESENTATION('',(#75),#82);
#75 = B_SPLINE_CURVE_WITH_KNOTS('',5,(#76,#77,#78,#79,#80,#81),
  .UNSPECIFIED.,.F.,.F.,(6,6),(0.,1.),.PIECEWISE_BEZIER_KNOTS.);
#76 = CARTESIAN_POINT('',(8.166666666667E-02,0.));
#77 = CARTESIAN_POINT('',(6.53309424179E-02,3.937840008448E-02));
#78 = CARTESIAN_POINT('',(4.897467291928E-02,7.914988528522E-02));
#79 = CARTESIAN_POINT('',(3.26221434896E-02,0.119299833236));
#80 = CARTESIAN_POINT('',(1.629231809175E-02,0.159806802711));
#81 = CARTESIAN_POINT('',(0.,0.200648579146));
#82 = ( GEOMETRIC_REPRESENTATION_CONTEXT(2) 
PARAMETRIC_REPRESENTATION_CONTEXT() REPRESENTATION_CONTEXT('2D SPACE',''
  ) );
#83 = PCURVE('',#84,#89);
#84 = CONICAL_SURFACE('',#85,8.49,0.785398163397);
#85 = AXIS2_PLACEMENT_3D('',#86,#87,#88);
#86 = CARTESIAN_POINT('',(0.,0.,0.5));
#87 = DIRECTION('',(-0.,-0.,-1.));
#88 = DIRECTION('',(1.,0.,0.));
#89 = DEFINITIONAL_REPRESENTATION('',(#90),#97);
#90 = B_SPLINE_CURVE_WITH_KNOTS('',5,(#91,#92,#93,#94,#95,#96),
  .UNSPECIFIED.,.F.,.F.,(6,6),(0.,1.),.PIECEWISE_BEZIER_KNOTS.);
#91 = CARTESIAN_POINT('',(-5.719375254859,1.E-02));
#92 = CARTESIAN_POINT('',(-5.720544585686,0.108014345493));
#93 = CARTESIAN_POINT('',(-5.720952501098,0.206151962484));
#94 = CARTESIAN_POINT('',(-5.720658597453,0.304267139062));
#95 = CARTESIAN_POINT('',(-5.719723171043,0.40224609145));
#96 = CARTESIAN_POINT('',(-5.718206801932,0.5));
#97 = ( GEOMETRIC_REPRESENTATION_CONTEXT(2) 
PARAMETRIC_REPRESENTATION_CONTEXT() REPRESENTATION_CONTEXT('2D SPACE',''
  ) );
#98 = ORIENTED_EDGE('',*,*,#99,.T.);
#99 = EDGE_CURVE('',#63,#100,#102,.T.);
#100 = VERTEX_POINT('',#101);
#101 = CARTESIAN_POINT('',(7.184413512543,-4.542488577949,5.51));
#102 = SURFACE_CURVE('',#103,(#106,#113),.PCURVE_S1.);
#103 = B_SPLINE_CURVE_WITH_KNOTS('',1,(#104,#105),.UNSPECIFIED.,.F.,.F.,
  (2,2),(0.,1.),.PIECEWISE_BEZIER_KNOTS.);
#104 = CARTESIAN_POINT('',(7.184413512543,-4.542488577949,0.));
#105 = CARTESIAN_POINT('',(7.184413512543,-4.542488577949,6.));
#106 = PCURVE('',#33,#107);
#107 = DEFINITIONAL_REPRESENTATION('',(#108),#112);
#108 = LINE('',#109,#110);
#109 = CARTESIAN_POINT('',(0.,0.));
#110 = VECTOR('',#111,1.);
#111 = DIRECTION('',(1.,0.));
#112 = ( GEOMETRIC_REPRESENTATION_CONTEXT(2) 
PARAMETRIC_REPRESENTATION_CONTEXT() REPRESENTATION_CONTEXT('2D SPACE',''
  ) );
#113 = PCURVE('',#114,#123);
#114 = B_SPLINE_SURFACE_WITH_KNOTS('',1,3,(
    (#115,#116,#117,#118)
    ,(#119,#120,#121,#122
    )),.UNSPECIFIED.,.F.,.F.,.F.,(2,2),(4,4),(0.,1.),(0.,1.),
  .PIECEWISE_BEZIER_KNOTS.);
#115 = CARTESIAN_POINT('',(7.732320903224,-3.530044397676,0.));
#116 = CARTESIAN_POINT('',(7.572843087958,-3.879390149215,0.));
#117 = CARTESIAN_POINT('',(7.389647967733,-4.217905081629,0.));
#118 = CARTESIAN_POINT('',(7.184413512543,-4.542488577949,0.));
#119 = CARTESIAN_POINT('',(7.732320903224,-3.530044397676,6.));
#120 = CARTESIAN_POINT('',(7.572843087958,-3.879390149215,6.));
#121 = CARTESIAN_POINT('',(7.389647967733,-4.217905081629,6.));
#122 = CARTESIAN_POINT('',(7.184413512543,-4.542488577949,6.));
#123 = DEFINITIONAL_REPRESENTATION('',(#124),#128);
#124 = LINE('',#125,#126);
#125 = CARTESIAN_POINT('',(0.,1.));
#126 = VECTOR('',#127,1.);
#127 = DIRECTION('',(1.,0.));
#128 = ( GEOMETRIC_REPRESENTATION_CONTEXT(2) 
PARAMETRIC_REPRESENTATION_CONTEXT() REPRESENTATION_CONTEXT('2D SPACE',''
  ) );
#129 = ORIENTED_EDGE('',*,*,#130,.T.);
#130 = EDGE_CURVE('',#100,#131,#133,.T.);
#131 = VERTEX_POINT('',#132);
#132 = CARTESIAN_POINT('',(7.592954978641,-4.813224978362,6.));
#133 = SURFACE_CURVE('',#134,(#141,#151),.PCURVE_S1.);
#134 = B_SPLINE_CURVE_WITH_KNOTS('',5,(#135,#136,#137,#138,#139,#140),
  .UNSPECIFIED.,.F.,.F.,(6,6),(0.,1.),.PIECEWISE_BEZIER_KNOTS.);
#135 = CARTESIAN_POINT('',(7.184413512543,-4.542488577949,5.51));
#136 = CARTESIAN_POINT('',(7.272569371309,-4.586467509392,5.608014345493
    ));
#137 = CARTESIAN_POINT('',(7.357511551882,-4.635732661475,5.706151962484
    ));
#138 = CARTESIAN_POINT('',(7.43921980334,-4.690112811594,5.804267139062)
  );
#139 = CARTESIAN_POINT('',(7.517690642516,-4.74937404192,5.90224609145)
  );
#140 = CARTESIAN_POINT('',(7.592954978641,-4.813224978362,6.));
#141 = PCURVE('',#33,#142);
#142 = DEFINITIONAL_REPRESENTATION('',(#143),#150);
#143 = B_SPLINE_CURVE_WITH_KNOTS('',5,(#144,#145,#146,#147,#148,#149),
  .UNSPECIFIED.,.F.,.F.,(6,6),(0.,1.),.PIECEWISE_BEZIER_KNOTS.);
#144 = CARTESIAN_POINT('',(0.918333333333,0.));
#145 = CARTESIAN_POINT('',(0.934669057582,3.937840008448E-02));
#146 = CARTESIAN_POINT('',(0.951025327081,7.914988528522E-02));
#147 = CARTESIAN_POINT('',(0.96737785651,0.119299833236));
#148 = CARTESIAN_POINT('',(0.983707681908,0.159806802711));
#149 = CARTESIAN_POINT('',(1.,0.200648579146));
#150 = ( GEOMETRIC_REPRESENTATION_CONTEXT(2) 
PARAMETRIC_REPRESENTATION_CONTEXT() REPRESENTATION_CONTEXT('2D SPACE',''
  ) );
#151 = PCURVE('',#152,#157);
#152 = CONICAL_SURFACE('',#153,9.,0.785398163397);
#153 = AXIS2_PLACEMENT_3D('',#154,#155,#156);
#154 = CARTESIAN_POINT('',(0.,0.,6.01));
#155 = DIRECTION('',(0.,0.,1.));
#156 = DIRECTION('',(1.,0.,0.));
#157 = DEFINITIONAL_REPRESENTATION('',(#158),#165);
#158 = B_SPLINE_CURVE_WITH_KNOTS('',5,(#159,#160,#161,#162,#163,#164),
  .UNSPECIFIED.,.F.,.F.,(6,6),(0.,1.),.PIECEWISE_BEZIER_KNOTS.);
#159 = CARTESIAN_POINT('',(5.719375254859,-0.5));
#160 = CARTESIAN_POINT('',(5.720544585686,-0.401985654507));
#161 = CARTESIAN_POINT('',(5.720952501098,-0.303848037516));
#162 = CARTESIAN_POINT('',(5.720658597453,-0.205732860938));
#163 = CARTESIAN_POINT('',(5.719723171043,-0.10775390855));
#164 = CARTESIAN_POINT('',(5.718206801932,-1.E-02));
#165 = ( GEOMETRIC_REPRESENTATION_CONTEXT(2) 
PARAMETRIC_REPRESENTATION_CONTEXT() REPRESENTATION_CONTEXT('2D SPACE',''
  ) );
#166 = ORIENTED_EDGE('',*,*,#167,.T.);
#167 = EDGE_CURVE('',#131,#168,#170,.T.);
#168 = VERTEX_POINT('',#169);
#169 = CARTESIAN_POINT('',(8.59819481663,-6.452406209723,6.));
#170 = SURFACE_CURVE('',#171,(#176,#183),.PCURVE_S1.);
#171 = B_SPLINE_CURVE_WITH_KNOTS('',3,(#172,#173,#174,#175),
  .UNSPECIFIED.,.F.,.F.,(4,4),(0.,1.),.PIECEWISE_BEZIER_KNOTS.);
#172 = CARTESIAN_POINT('',(7.184413512543,-4.542488577949,6.));
#173 = CARTESIAN_POINT('',(7.930642058969,-4.914764845726,6.));
#174 = CARTESIAN_POINT('',(8.324870270804,-5.703836615725,6.));
#175 = CARTESIAN_POINT('',(8.59819481663,-6.452406209723,6.));
#176 = PCURVE('',#33,#177);
#177 = DEFINITIONAL_REPRESENTATION('',(#178),#182);
#178 = LINE('',#179,#180);
#179 = CARTESIAN_POINT('',(1.,0.));
#180 = VECTOR('',#181,1.);
#181 = DIRECTION('',(0.,1.));
#182 = ( GEOMETRIC_REPRESENTATION_CONTEXT(2) 
PARAMETRIC_REPRESENTATION_CONTEXT() REPRESENTATION_CONTEXT('2D SPACE',''
  ) );
#183 = PCURVE('',#184,#189);
#184 = PLANE('',#185);
#185 = AXIS2_PLACEMENT_3D('',#186,#187,#188);
#186 = CARTESIAN_POINT('',(-7.956015316593E-16,2.343050820501E-16,6.));
#187 = DIRECTION('',(0.,0.,1.));
#188 = DIRECTION('',(1.,0.,-0.));
#189 = DEFINITIONAL_REPRESENTATION('',(#190),#195);
#190 = B_SPLINE_CURVE_WITH_KNOTS('',3,(#191,#192,#193,#194),
  .UNSPECIFIED.,.F.,.F.,(4,4),(0.,1.),.PIECEWISE_BEZIER_KNOTS.);
#191 = CARTESIAN_POINT('',(7.184413512543,-4.542488577949));
#192 = CARTESIAN_POINT('',(7.930642058969,-4.914764845726));
#193 = CARTESIAN_POINT('',(8.324870270804,-5.703836615725));
#194 = CARTESIAN_POINT('',(8.59819481663,-6.452406209723));
#195 = ( GEOMETRIC_REPRESENTATION_CONTEXT(2) 
PARAMETRIC_REPRESENTATION_CONTEXT() REPRESENTATION_CONTEXT('2D SPACE',''
  ) );
#196 = ORIENTED_EDGE('',*,*,#197,.F.);
#197 = EDGE_CURVE('',#24,#168,#198,.T.);
#198 = SURFACE_CURVE('',#199,(#202,#209),.PCURVE_S1.);
#199 = B_SPLINE_CURVE_WITH_KNOTS('',1,(#200,#201),.UNSPECIFIED.,.F.,.F.,
  (2,2),(0.,1.),.PIECEWISE_BEZIER_KNOTS.);
#200 = CARTESIAN_POINT('',(8.59819481663,-6.452406209723,0.));
#201 = CARTESIAN_POINT('',(8.59819481663,-6.452406209723,6.));
#202 = PCURVE('',#33,#203);
#203 = DEFINITIONAL_REPRESENTATION('',(#204),#208);
#204 = LINE('',#205,#206);
#205 = CARTESIAN_POINT('',(0.,1.));
#206 = VECTOR('',#207,1.);
#207 = DIRECTION('',(1.,0.));
#208 = ( GEOMETRIC_REPRESENTATION_CONTEXT(2) 
PARAMETRIC_REPRESENTATION_CONTEXT() REPRESENTATION_CONTEXT('2D SPACE',''
  ) );
#209 = PCURVE('',#210,#219);
#210 = B_SPLINE_SURFACE_WITH_KNOTS('',1,3,(
    (#211,#212,#213,#214)
    ,(#215,#216,#217,#218
    )),.UNSPECIFIED.,.F.,.F.,.F.,(2,2),(4,4),(0.,1.),(0.,1.),
  .PIECEWISE_BEZIER_KNOTS.);
#211 = CARTESIAN_POINT('',(8.59819481663,-6.452406209723,0.));
#212 = CARTESIAN_POINT('',(8.522456523872,-6.553331834028,0.));
#213 = CARTESIAN_POINT('',(8.444941014094,-6.652923763027,0.));
#214 = CARTESIAN_POINT('',(8.365696338746,-6.751120260215,0.));
#215 = CARTESIAN_POINT('',(8.59819481663,-6.452406209723,6.));
#216 = CARTESIAN_POINT('',(8.522456523872,-6.553331834028,6.));
#217 = CARTESIAN_POINT('',(8.444941014094,-6.652923763027,6.));
#218 = CARTESIAN_POINT('',(8.365696338746,-6.751120260215,6.));
#219 = DEFINITIONAL_REPRESENTATION('',(#220),#224);
#220 = LINE('',#221,#222);
#221 = CARTESIAN_POINT('',(0.,0.));
#222 = VECTOR('',#223,1.);
#223 = DIRECTION('',(1.,0.));
#224 = ( GEOMETRIC_REPRESENTATION_CONTEXT(2) 
PARAMETRIC_REPRESENTATION_CONTEXT() REPRESENTATION_CONTEXT('2D SPACE',''
  ) );
#225 = ADVANCED_FACE('',(#226,#283),#49,.F.);
#226 = FACE_BOUND('',#227,.F.);
#227 = EDGE_LOOP('',(#228));
#228 = ORIENTED_EDGE('',*,*,#229,.T.);
#229 = EDGE_CURVE('',#230,#230,#232,.T.);
#230 = VERTEX_POINT('',#231);
#231 = CARTESIAN_POINT('',(13.75,0.,0.));
#232 = SURFACE_CURVE('',#233,(#238,#245),.PCURVE_S1.);
#233 = CIRCLE('',#234,13.75);
#234 = AXIS2_PLACEMENT_3D('',#235,#236,#237);
#235 = CARTESIAN_POINT('',(0.,0.,0.));
#236 = DIRECTION('',(0.,0.,1.));
#237 = DIRECTION('',(1.,0.,-0.));
#238 = PCURVE('',#49,#239);
#239 = DEFINITIONAL_REPRESENTATION('',(#240),#244);
#240 = CIRCLE('',#241,13.75);
#241 = AXIS2_PLACEMENT_2D('',#242,#243);
#242 = CARTESIAN_POINT('',(7.956015316593E-16,-2.343050820501E-16));
#243 = DIRECTION('',(1.,0.));
#244 = ( GEOMETRIC_REPRESENTATION_CONTEXT(2) 
PARAMETRIC_REPRESENTATION_CONTEXT() REPRESENTATION_CONTEXT('2D SPACE',''
  ) );
#245 = PCURVE('',#246,#277);
#246 = B_SPLINE_SURFACE_WITH_KNOTS('',14,1,(
    (#247,#248)
    ,(#249,#250)
    ,(#251,#252)
    ,(#253,#254)
    ,(#255,#256)
    ,(#257,#258)
    ,(#259,#260)
    ,(#261,#262)
    ,(#263,#264)
    ,(#265,#266)
    ,(#267,#268)
    ,(#269,#270)
    ,(#271,#272)
    ,(#273,#274)
    ,(#275,#276
    )),.UNSPECIFIED.,.T.,.F.,.F.,(15,15),(2,2),(0.,6.28318530718),(0.,1.
    ),.PIECEWISE_BEZIER_KNOTS.);
#247 = CARTESIAN_POINT('',(13.75,-1.951863984716E-14,0.));
#248 = CARTESIAN_POINT('',(13.75,-1.951863984716E-14,6.));
#249 = CARTESIAN_POINT('',(13.750000000004,6.170985569555,0.));
#250 = CARTESIAN_POINT('',(13.750000000004,6.170985569555,6.));
#251 = CARTESIAN_POINT('',(10.767427533492,12.341973416955,0.));
#252 = CARTESIAN_POINT('',(10.767427533492,12.341973416955,
    5.999999999998));
#253 = CARTESIAN_POINT('',(4.802278787624,16.951266015376,0.));
#254 = CARTESIAN_POINT('',(4.802278787624,16.951266015376,6.000000000003
    ));
#255 = CARTESIAN_POINT('',(-3.253395952713,18.43734194262,0.));
#256 = CARTESIAN_POINT('',(-3.253395952713,18.43734194262,5.999999999997
    ));
#257 = CARTESIAN_POINT('',(-11.61566533045,15.798431838866,0.));
#258 = CARTESIAN_POINT('',(-11.61566533045,15.798431838866,
    5.999999999999));
#259 = CARTESIAN_POINT('',(-17.99932339793,9.155922122421,0.));
#260 = CARTESIAN_POINT('',(-17.99932339793,9.155922122421,6.000000000009
    ));
#261 = CARTESIAN_POINT('',(-20.40264327802,1.372519875531E-10,0.));
#262 = CARTESIAN_POINT('',(-20.40264327802,1.372519875531E-10,
    5.999999999984));
#263 = CARTESIAN_POINT('',(-17.99932339794,-9.155922122673,0.));
#264 = CARTESIAN_POINT('',(-17.99932339794,-9.155922122673,
    6.000000000019));
#265 = CARTESIAN_POINT('',(-11.61566533043,-15.79843183867,0.));
#266 = CARTESIAN_POINT('',(-11.61566533043,-15.79843183867,
    5.999999999984));
#267 = CARTESIAN_POINT('',(-3.253395952725,-18.43734194274,0.));
#268 = CARTESIAN_POINT('',(-3.253395952725,-18.43734194274,
    6.000000000011));
#269 = CARTESIAN_POINT('',(4.802278787631,-16.95126601531,0.));
#270 = CARTESIAN_POINT('',(4.802278787631,-16.95126601531,5.999999999995
    ));
#271 = CARTESIAN_POINT('',(10.767427533489,-12.34197341697,0.));
#272 = CARTESIAN_POINT('',(10.767427533489,-12.34197341697,
    6.000000000002));
#273 = CARTESIAN_POINT('',(13.750000000004,-6.17098556955,0.));
#274 = CARTESIAN_POINT('',(13.750000000004,-6.17098556955,6.));
#275 = CARTESIAN_POINT('',(13.75,1.1036074917E-14,0.));
#276 = CARTESIAN_POINT('',(13.75,1.1036074917E-14,6.));
#277 = DEFINITIONAL_REPRESENTATION('',(#278),#282);
#278 = LINE('',#279,#280);
#279 = CARTESIAN_POINT('',(0.,0.));
#280 = VECTOR('',#281,1.);
#281 = DIRECTION('',(1.,0.));
#282 = ( GEOMETRIC_REPRESENTATION_CONTEXT(2) 
PARAMETRIC_REPRESENTATION_CONTEXT() REPRESENTATION_CONTEXT('2D SPACE',''
  ) );
#283 = FACE_BOUND('',#284,.F.);
#284 = EDGE_LOOP('',(#285,#320,#354,#388,#422,#455,#489,#523,#557,#590,
    #624,#658,#692,#725,#759,#793,#827,#860,#894,#928,#962,#995,#1029,
    #1063,#1097,#1130,#1164,#1198,#1232,#1265,#1299,#1333,#1367,#1400,
    #1434,#1468,#1502,#1535,#1569,#1603,#1637,#1670,#1704,#1738,#1772,
    #1805,#1839,#1873,#1907,#1940,#1974,#2008,#2042,#2068,#2069,#2094,
    #2128,#2161,#2195,#2229,#2263,#2296,#2330,#2364,#2398,#2431,#2465,
    #2499,#2533,#2566,#2600,#2634,#2668,#2701,#2735,#2769));
#285 = ORIENTED_EDGE('',*,*,#286,.T.);
#286 = EDGE_CURVE('',#287,#289,#291,.T.);
#287 = VERTEX_POINT('',#288);
#288 = CARTESIAN_POINT('',(-6.697166176168,-5.997338176958,0.));
#289 = VERTEX_POINT('',#290);
#290 = CARTESIAN_POINT('',(-7.45787832489,-5.019975188299,0.));
#291 = SURFACE_CURVE('',#292,(#297,#308),.PCURVE_S1.);
#292 = CIRCLE('',#293,8.99);
#293 = AXIS2_PLACEMENT_3D('',#294,#295,#296);
#294 = CARTESIAN_POINT('',(0.,0.,0.));
#295 = DIRECTION('',(0.,0.,-1.));
#296 = DIRECTION('',(1.,0.,0.));
#297 = PCURVE('',#49,#298);
#298 = DEFINITIONAL_REPRESENTATION('',(#299),#307);
#299 = ( BOUNDED_CURVE() B_SPLINE_CURVE(2,(#300,#301,#302,#303,#304,#305
,#306),.UNSPECIFIED.,.T.,.F.) B_SPLINE_CURVE_WITH_KNOTS((1,2,2,2,2,1),(
    -2.094395102393,0.,2.094395102393,4.188790204786,6.28318530718,
8.377580409573),.UNSPECIFIED.) CURVE() GEOMETRIC_REPRESENTATION_ITEM() 
RATIONAL_B_SPLINE_CURVE((1.,0.5,1.,0.5,1.,0.5,1.)) REPRESENTATION_ITEM(
  '') );
#300 = CARTESIAN_POINT('',(8.99,-2.343050820501E-16));
#301 = CARTESIAN_POINT('',(8.99,-15.57113676004));
#302 = CARTESIAN_POINT('',(-4.495,-7.785568380022));
#303 = CARTESIAN_POINT('',(-17.98,-2.436220026917E-15));
#304 = CARTESIAN_POINT('',(-4.495,7.785568380022));
#305 = CARTESIAN_POINT('',(8.99,15.571136760044));
#306 = CARTESIAN_POINT('',(8.99,-2.343050820501E-16));
#307 = ( GEOMETRIC_REPRESENTATION_CONTEXT(2) 
PARAMETRIC_REPRESENTATION_CONTEXT() REPRESENTATION_CONTEXT('2D SPACE',''
  ) );
#308 = PCURVE('',#309,#314);
#309 = CONICAL_SURFACE('',#310,8.49,0.785398163397);
#310 = AXIS2_PLACEMENT_3D('',#311,#312,#313);
#311 = CARTESIAN_POINT('',(0.,0.,0.5));
#312 = DIRECTION('',(-0.,-0.,-1.));
#313 = DIRECTION('',(1.,0.,0.));
#314 = DEFINITIONAL_REPRESENTATION('',(#315),#319);
#315 = LINE('',#316,#317);
#316 = CARTESIAN_POINT('',(-6.28318530718,0.5));
#317 = VECTOR('',#318,1.);
#318 = DIRECTION('',(1.,-0.));
#319 = ( GEOMETRIC_REPRESENTATION_CONTEXT(2) 
PARAMETRIC_REPRESENTATION_CONTEXT() REPRESENTATION_CONTEXT('2D SPACE',''
  ) );
#320 = ORIENTED_EDGE('',*,*,#321,.T.);
#321 = EDGE_CURVE('',#289,#322,#324,.T.);
#322 = VERTEX_POINT('',#323);
#323 = CARTESIAN_POINT('',(-9.362797017723,-5.282095418006,0.));
#324 = SURFACE_CURVE('',#325,(#330,#338),.PCURVE_S1.);
#325 = B_SPLINE_CURVE_WITH_KNOTS('',3,(#326,#327,#328,#329),
  .UNSPECIFIED.,.F.,.F.,(4,4),(0.,1.),.PIECEWISE_BEZIER_KNOTS.);
#326 = CARTESIAN_POINT('',(-7.045835913124,-4.754597384146,0.));
#327 = CARTESIAN_POINT('',(-7.686513182146,-5.288431909079,0.));
#328 = CARTESIAN_POINT('',(-8.567483730891,-5.332489070361,0.));
#329 = CARTESIAN_POINT('',(-9.362797017723,-5.282095418006,0.));
#330 = PCURVE('',#49,#331);
#331 = DEFINITIONAL_REPRESENTATION('',(#332),#337);
#332 = B_SPLINE_CURVE_WITH_KNOTS('',3,(#333,#334,#335,#336),
  .UNSPECIFIED.,.F.,.F.,(4,4),(0.,1.),.PIECEWISE_BEZIER_KNOTS.);
#333 = CARTESIAN_POINT('',(-7.045835913124,-4.754597384146));
#334 = CARTESIAN_POINT('',(-7.686513182146,-5.288431909079));
#335 = CARTESIAN_POINT('',(-8.567483730891,-5.332489070361));
#336 = CARTESIAN_POINT('',(-9.362797017723,-5.282095418006));
#337 = ( GEOMETRIC_REPRESENTATION_CONTEXT(2) 
PARAMETRIC_REPRESENTATION_CONTEXT() REPRESENTATION_CONTEXT('2D SPACE',''
  ) );
#338 = PCURVE('',#339,#348);
#339 = B_SPLINE_SURFACE_WITH_KNOTS('',1,3,(
    (#340,#341,#342,#343)
    ,(#344,#345,#346,#347
    )),.UNSPECIFIED.,.F.,.F.,.F.,(2,2),(4,4),(0.,1.),(0.,1.),
  .PIECEWISE_BEZIER_KNOTS.);
#340 = CARTESIAN_POINT('',(-7.045835913124,-4.754597384146,0.));
#341 = CARTESIAN_POINT('',(-7.686513182146,-5.288431909079,0.));
#342 = CARTESIAN_POINT('',(-8.567483730891,-5.332489070361,0.));
#343 = CARTESIAN_POINT('',(-9.362797017723,-5.282095418006,0.));
#344 = CARTESIAN_POINT('',(-7.045835913124,-4.754597384146,6.));
#345 = CARTESIAN_POINT('',(-7.686513182146,-5.288431909079,6.));
#346 = CARTESIAN_POINT('',(-8.567483730891,-5.332489070361,6.));
#347 = CARTESIAN_POINT('',(-9.362797017723,-5.282095418006,6.));
#348 = DEFINITIONAL_REPRESENTATION('',(#349),#353);
#349 = LINE('',#350,#351);
#350 = CARTESIAN_POINT('',(0.,0.));
#351 = VECTOR('',#352,1.);
#352 = DIRECTION('',(0.,1.));
#353 = ( GEOMETRIC_REPRESENTATION_CONTEXT(2) 
PARAMETRIC_REPRESENTATION_CONTEXT() REPRESENTATION_CONTEXT('2D SPACE',''
  ) );
#354 = ORIENTED_EDGE('',*,*,#355,.T.);
#355 = EDGE_CURVE('',#322,#356,#358,.T.);
#356 = VERTEX_POINT('',#357);
#357 = CARTESIAN_POINT('',(-9.542957802656,-4.949187446109,0.));
#358 = SURFACE_CURVE('',#359,(#364,#372),.PCURVE_S1.);
#359 = B_SPLINE_CURVE_WITH_KNOTS('',3,(#360,#361,#362,#363),
  .UNSPECIFIED.,.F.,.F.,(4,4),(0.,1.),.PIECEWISE_BEZIER_KNOTS.);
#360 = CARTESIAN_POINT('',(-9.362797017723,-5.282095418006,0.));
#361 = CARTESIAN_POINT('',(-9.424798286765,-5.172194948178,0.));
#362 = CARTESIAN_POINT('',(-9.484864293275,-5.06120268971,0.));
#363 = CARTESIAN_POINT('',(-9.542957802656,-4.949187446109,0.));
#364 = PCURVE('',#49,#365);
#365 = DEFINITIONAL_REPRESENTATION('',(#366),#371);
#366 = B_SPLINE_CURVE_WITH_KNOTS('',3,(#367,#368,#369,#370),
  .UNSPECIFIED.,.F.,.F.,(4,4),(0.,1.),.PIECEWISE_BEZIER_KNOTS.);
#367 = CARTESIAN_POINT('',(-9.362797017723,-5.282095418006));
#368 = CARTESIAN_POINT('',(-9.424798286765,-5.172194948178));
#369 = CARTESIAN_POINT('',(-9.484864293275,-5.06120268971));
#370 = CARTESIAN_POINT('',(-9.542957802656,-4.949187446109));
#371 = ( GEOMETRIC_REPRESENTATION_CONTEXT(2) 
PARAMETRIC_REPRESENTATION_CONTEXT() REPRESENTATION_CONTEXT('2D SPACE',''
  ) );
#372 = PCURVE('',#373,#382);
#373 = B_SPLINE_SURFACE_WITH_KNOTS('',1,3,(
    (#374,#375,#376,#377)
    ,(#378,#379,#380,#381
    )),.UNSPECIFIED.,.F.,.F.,.F.,(2,2),(4,4),(0.,1.),(0.,1.),
  .PIECEWISE_BEZIER_KNOTS.);
#374 = CARTESIAN_POINT('',(-9.362797017723,-5.282095418006,0.));
#375 = CARTESIAN_POINT('',(-9.424798286765,-5.172194948178,0.));
#376 = CARTESIAN_POINT('',(-9.484864293275,-5.06120268971,0.));
#377 = CARTESIAN_POINT('',(-9.542957802656,-4.949187446109,0.));
#378 = CARTESIAN_POINT('',(-9.362797017723,-5.282095418006,6.));
#379 = CARTESIAN_POINT('',(-9.424798286765,-5.172194948178,6.));
#380 = CARTESIAN_POINT('',(-9.484864293275,-5.06120268971,6.));
#381 = CARTESIAN_POINT('',(-9.542957802656,-4.949187446109,6.));
#382 = DEFINITIONAL_REPRESENTATION('',(#383),#387);
#383 = LINE('',#384,#385);
#384 = CARTESIAN_POINT('',(0.,0.));
#385 = VECTOR('',#386,1.);
#386 = DIRECTION('',(0.,1.));
#387 = ( GEOMETRIC_REPRESENTATION_CONTEXT(2) 
PARAMETRIC_REPRESENTATION_CONTEXT() REPRESENTATION_CONTEXT('2D SPACE',''
  ) );
#388 = ORIENTED_EDGE('',*,*,#389,.T.);
#389 = EDGE_CURVE('',#356,#390,#392,.T.);
#390 = VERTEX_POINT('',#391);
#391 = CARTESIAN_POINT('',(-8.281627762653,-3.497819549499,0.));
#392 = SURFACE_CURVE('',#393,(#398,#406),.PCURVE_S1.);
#393 = B_SPLINE_CURVE_WITH_KNOTS('',3,(#394,#395,#396,#397),
  .UNSPECIFIED.,.F.,.F.,(4,4),(0.,1.),.PIECEWISE_BEZIER_KNOTS.);
#394 = CARTESIAN_POINT('',(-9.542957802656,-4.949187446109,0.));
#395 = CARTESIAN_POINT('',(-9.150150541762,-4.25581510732,0.));
#396 = CARTESIAN_POINT('',(-8.631422144213,-3.542393078789,0.));
#397 = CARTESIAN_POINT('',(-7.834096522758,-3.298019355933,0.));
#398 = PCURVE('',#49,#399);
#399 = DEFINITIONAL_REPRESENTATION('',(#400),#405);
#400 = B_SPLINE_CURVE_WITH_KNOTS('',3,(#401,#402,#403,#404),
  .UNSPECIFIED.,.F.,.F.,(4,4),(0.,1.),.PIECEWISE_BEZIER_KNOTS.);
#401 = CARTESIAN_POINT('',(-9.542957802656,-4.949187446109));
#402 = CARTESIAN_POINT('',(-9.150150541762,-4.25581510732));
#403 = CARTESIAN_POINT('',(-8.631422144213,-3.542393078789));
#404 = CARTESIAN_POINT('',(-7.834096522758,-3.298019355933));
#405 = ( GEOMETRIC_REPRESENTATION_CONTEXT(2) 
PARAMETRIC_REPRESENTATION_CONTEXT() REPRESENTATION_CONTEXT('2D SPACE',''
  ) );
#406 = PCURVE('',#407,#416);
#407 = B_SPLINE_SURFACE_WITH_KNOTS('',1,3,(
    (#408,#409,#410,#411)
    ,(#412,#413,#414,#415
    )),.UNSPECIFIED.,.F.,.F.,.F.,(2,2),(4,4),(0.,1.),(0.,1.),
  .PIECEWISE_BEZIER_KNOTS.);
#408 = CARTESIAN_POINT('',(-9.542957802656,-4.949187446109,0.));
#409 = CARTESIAN_POINT('',(-9.150150541762,-4.25581510732,0.));
#410 = CARTESIAN_POINT('',(-8.631422144213,-3.542393078789,0.));
#411 = CARTESIAN_POINT('',(-7.834096522758,-3.298019355933,0.));
#412 = CARTESIAN_POINT('',(-9.542957802656,-4.949187446109,6.));
#413 = CARTESIAN_POINT('',(-9.150150541762,-4.25581510732,6.));
#414 = CARTESIAN_POINT('',(-8.631422144213,-3.542393078789,6.));
#415 = CARTESIAN_POINT('',(-7.834096522758,-3.298019355933,6.));
#416 = DEFINITIONAL_REPRESENTATION('',(#417),#421);
#417 = LINE('',#418,#419);
#418 = CARTESIAN_POINT('',(0.,0.));
#419 = VECTOR('',#420,1.);
#420 = DIRECTION('',(0.,1.));
#421 = ( GEOMETRIC_REPRESENTATION_CONTEXT(2) 
PARAMETRIC_REPRESENTATION_CONTEXT() REPRESENTATION_CONTEXT('2D SPACE',''
  ) );
#422 = ORIENTED_EDGE('',*,*,#423,.T.);
#423 = EDGE_CURVE('',#390,#424,#426,.T.);
#424 = VERTEX_POINT('',#425);
#425 = CARTESIAN_POINT('',(-8.683773185248,-2.326409952517,0.));
#426 = SURFACE_CURVE('',#427,(#432,#443),.PCURVE_S1.);
#427 = CIRCLE('',#428,8.99);
#428 = AXIS2_PLACEMENT_3D('',#429,#430,#431);
#429 = CARTESIAN_POINT('',(0.,0.,0.));
#430 = DIRECTION('',(0.,0.,-1.));
#431 = DIRECTION('',(1.,0.,0.));
#432 = PCURVE('',#49,#433);
#433 = DEFINITIONAL_REPRESENTATION('',(#434),#442);
#434 = ( BOUNDED_CURVE() B_SPLINE_CURVE(2,(#435,#436,#437,#438,#439,#440
,#441),.UNSPECIFIED.,.T.,.F.) B_SPLINE_CURVE_WITH_KNOTS((1,2,2,2,2,1),(
    -2.094395102393,0.,2.094395102393,4.188790204786,6.28318530718,
8.377580409573),.UNSPECIFIED.) CURVE() GEOMETRIC_REPRESENTATION_ITEM() 
RATIONAL_B_SPLINE_CURVE((1.,0.5,1.,0.5,1.,0.5,1.)) REPRESENTATION_ITEM(
  '') );
#435 = CARTESIAN_POINT('',(8.99,-2.343050820501E-16));
#436 = CARTESIAN_POINT('',(8.99,-15.57113676004));
#437 = CARTESIAN_POINT('',(-4.495,-7.785568380022));
#438 = CARTESIAN_POINT('',(-17.98,-2.436220026917E-15));
#439 = CARTESIAN_POINT('',(-4.495,7.785568380022));
#440 = CARTESIAN_POINT('',(8.99,15.571136760044));
#441 = CARTESIAN_POINT('',(8.99,-2.343050820501E-16));
#442 = ( GEOMETRIC_REPRESENTATION_CONTEXT(2) 
PARAMETRIC_REPRESENTATION_CONTEXT() REPRESENTATION_CONTEXT('2D SPACE',''
  ) );
#443 = PCURVE('',#444,#449);
#444 = CONICAL_SURFACE('',#445,8.49,0.785398163397);
#445 = AXIS2_PLACEMENT_3D('',#446,#447,#448);
#446 = CARTESIAN_POINT('',(0.,0.,0.5));
#447 = DIRECTION('',(-0.,-0.,-1.));
#448 = DIRECTION('',(1.,0.,0.));
#449 = DEFINITIONAL_REPRESENTATION('',(#450),#454);
#450 = LINE('',#451,#452);
#451 = CARTESIAN_POINT('',(-6.28318530718,0.5));
#452 = VECTOR('',#453,1.);
#453 = DIRECTION('',(1.,-0.));
#454 = ( GEOMETRIC_REPRESENTATION_CONTEXT(2) 
PARAMETRIC_REPRESENTATION_CONTEXT() REPRESENTATION_CONTEXT('2D SPACE',''
  ) );
#455 = ORIENTED_EDGE('',*,*,#456,.T.);
#456 = EDGE_CURVE('',#424,#457,#459,.T.);
#457 = VERTEX_POINT('',#458);
#458 = CARTESIAN_POINT('',(-10.57058842842,-1.955801696732,0.));
#459 = SURFACE_CURVE('',#460,(#465,#473),.PCURVE_S1.);
#460 = B_SPLINE_CURVE_WITH_KNOTS('',3,(#461,#462,#463,#464),
  .UNSPECIFIED.,.F.,.F.,(4,4),(0.,1.),.PIECEWISE_BEZIER_KNOTS.);
#461 = CARTESIAN_POINT('',(-8.207888335741,-2.209201002175,0.));
#462 = CARTESIAN_POINT('',(-8.987187730036,-2.506083330889,0.));
#463 = CARTESIAN_POINT('',(-9.834730201352,-2.261702684087,0.));
#464 = CARTESIAN_POINT('',(-10.57058842842,-1.955801696732,0.));
#465 = PCURVE('',#49,#466);
#466 = DEFINITIONAL_REPRESENTATION('',(#467),#472);
#467 = B_SPLINE_CURVE_WITH_KNOTS('',3,(#468,#469,#470,#471),
  .UNSPECIFIED.,.F.,.F.,(4,4),(0.,1.),.PIECEWISE_BEZIER_KNOTS.);
#468 = CARTESIAN_POINT('',(-8.207888335741,-2.209201002175));
#469 = CARTESIAN_POINT('',(-8.987187730036,-2.506083330889));
#470 = CARTESIAN_POINT('',(-9.834730201352,-2.261702684087));
#471 = CARTESIAN_POINT('',(-10.57058842842,-1.955801696732));
#472 = ( GEOMETRIC_REPRESENTATION_CONTEXT(2) 
PARAMETRIC_REPRESENTATION_CONTEXT() REPRESENTATION_CONTEXT('2D SPACE',''
  ) );
#473 = PCURVE('',#474,#483);
#474 = B_SPLINE_SURFACE_WITH_KNOTS('',1,3,(
    (#475,#476,#477,#478)
    ,(#479,#480,#481,#482
    )),.UNSPECIFIED.,.F.,.F.,.F.,(2,2),(4,4),(0.,1.),(0.,1.),
  .PIECEWISE_BEZIER_KNOTS.);
#475 = CARTESIAN_POINT('',(-8.207888335741,-2.209201002175,0.));
#476 = CARTESIAN_POINT('',(-8.987187730036,-2.506083330889,0.));
#477 = CARTESIAN_POINT('',(-9.834730201352,-2.261702684087,0.));
#478 = CARTESIAN_POINT('',(-10.57058842842,-1.955801696732,0.));
#479 = CARTESIAN_POINT('',(-8.207888335741,-2.209201002175,6.));
#480 = CARTESIAN_POINT('',(-8.987187730036,-2.506083330889,6.));
#481 = CARTESIAN_POINT('',(-9.834730201352,-2.261702684087,6.));
#482 = CARTESIAN_POINT('',(-10.57058842842,-1.955801696732,6.));
#483 = DEFINITIONAL_REPRESENTATION('',(#484),#488);
#484 = LINE('',#485,#486);
#485 = CARTESIAN_POINT('',(0.,0.));
#486 = VECTOR('',#487,1.);
#487 = DIRECTION('',(0.,1.));
#488 = ( GEOMETRIC_REPRESENTATION_CONTEXT(2) 
PARAMETRIC_REPRESENTATION_CONTEXT() REPRESENTATION_CONTEXT('2D SPACE',''
  ) );
#489 = ORIENTED_EDGE('',*,*,#490,.T.);
#490 = EDGE_CURVE('',#457,#491,#493,.T.);
#491 = VERTEX_POINT('',#492);
#492 = CARTESIAN_POINT('',(-10.63289256332,-1.582433485773,0.));
#493 = SURFACE_CURVE('',#494,(#499,#507),.PCURVE_S1.);
#494 = B_SPLINE_CURVE_WITH_KNOTS('',3,(#495,#496,#497,#498),
  .UNSPECIFIED.,.F.,.F.,(4,4),(0.,1.),.PIECEWISE_BEZIER_KNOTS.);
#495 = CARTESIAN_POINT('',(-10.57058842842,-1.955801696732,0.));
#496 = CARTESIAN_POINT('',(-10.59354567347,-1.83172415835,0.));
#497 = CARTESIAN_POINT('',(-10.61431801065,-1.707242366164,0.));
#498 = CARTESIAN_POINT('',(-10.63289256332,-1.582433485773,0.));
#499 = PCURVE('',#49,#500);
#500 = DEFINITIONAL_REPRESENTATION('',(#501),#506);
#501 = B_SPLINE_CURVE_WITH_KNOTS('',3,(#502,#503,#504,#505),
  .UNSPECIFIED.,.F.,.F.,(4,4),(0.,1.),.PIECEWISE_BEZIER_KNOTS.);
#502 = CARTESIAN_POINT('',(-10.57058842842,-1.955801696732));
#503 = CARTESIAN_POINT('',(-10.59354567347,-1.83172415835));
#504 = CARTESIAN_POINT('',(-10.61431801065,-1.707242366164));
#505 = CARTESIAN_POINT('',(-10.63289256332,-1.582433485773));
#506 = ( GEOMETRIC_REPRESENTATION_CONTEXT(2) 
PARAMETRIC_REPRESENTATION_CONTEXT() REPRESENTATION_CONTEXT('2D SPACE',''
  ) );
#507 = PCURVE('',#508,#517);
#508 = B_SPLINE_SURFACE_WITH_KNOTS('',1,3,(
    (#509,#510,#511,#512)
    ,(#513,#514,#515,#516
    )),.UNSPECIFIED.,.F.,.F.,.F.,(2,2),(4,4),(0.,1.),(0.,1.),
  .PIECEWISE_BEZIER_KNOTS.);
#509 = CARTESIAN_POINT('',(-10.57058842842,-1.955801696732,0.));
#510 = CARTESIAN_POINT('',(-10.59354567347,-1.83172415835,0.));
#511 = CARTESIAN_POINT('',(-10.61431801065,-1.707242366164,0.));
#512 = CARTESIAN_POINT('',(-10.63289256332,-1.582433485773,0.));
#513 = CARTESIAN_POINT('',(-10.57058842842,-1.955801696732,6.));
#514 = CARTESIAN_POINT('',(-10.59354567347,-1.83172415835,6.));
#515 = CARTESIAN_POINT('',(-10.61431801065,-1.707242366164,6.));
#516 = CARTESIAN_POINT('',(-10.63289256332,-1.582433485773,6.));
#517 = DEFINITIONAL_REPRESENTATION('',(#518),#522);
#518 = LINE('',#519,#520);
#519 = CARTESIAN_POINT('',(0.,0.));
#520 = VECTOR('',#521,1.);
#521 = DIRECTION('',(0.,1.));
#522 = ( GEOMETRIC_REPRESENTATION_CONTEXT(2) 
PARAMETRIC_REPRESENTATION_CONTEXT() REPRESENTATION_CONTEXT('2D SPACE',''
  ) );
#523 = ORIENTED_EDGE('',*,*,#524,.T.);
#524 = EDGE_CURVE('',#491,#525,#527,.T.);
#525 = VERTEX_POINT('',#526);
#526 = CARTESIAN_POINT('',(-8.96864647836,-0.619257899589,0.));
#527 = SURFACE_CURVE('',#528,(#533,#541),.PCURVE_S1.);
#528 = B_SPLINE_CURVE_WITH_KNOTS('',3,(#529,#530,#531,#532),
  .UNSPECIFIED.,.F.,.F.,(4,4),(0.,1.),.PIECEWISE_BEZIER_KNOTS.);
#529 = CARTESIAN_POINT('',(-10.63289256332,-1.582433485773,0.));
#530 = CARTESIAN_POINT('',(-10.03623105293,-1.05417428194,0.));
#531 = CARTESIAN_POINT('',(-9.313961036791,-0.547838262092,0.));
#532 = CARTESIAN_POINT('',(-8.48048869867,-0.575596587666,0.));
#533 = PCURVE('',#49,#534);
#534 = DEFINITIONAL_REPRESENTATION('',(#535),#540);
#535 = B_SPLINE_CURVE_WITH_KNOTS('',3,(#536,#537,#538,#539),
  .UNSPECIFIED.,.F.,.F.,(4,4),(0.,1.),.PIECEWISE_BEZIER_KNOTS.);
#536 = CARTESIAN_POINT('',(-10.63289256332,-1.582433485773));
#537 = CARTESIAN_POINT('',(-10.03623105293,-1.05417428194));
#538 = CARTESIAN_POINT('',(-9.313961036791,-0.547838262092));
#539 = CARTESIAN_POINT('',(-8.48048869867,-0.575596587666));
#540 = ( GEOMETRIC_REPRESENTATION_CONTEXT(2) 
PARAMETRIC_REPRESENTATION_CONTEXT() REPRESENTATION_CONTEXT('2D SPACE',''
  ) );
#541 = PCURVE('',#542,#551);
#542 = B_SPLINE_SURFACE_WITH_KNOTS('',1,3,(
    (#543,#544,#545,#546)
    ,(#547,#548,#549,#550
    )),.UNSPECIFIED.,.F.,.F.,.F.,(2,2),(4,4),(0.,1.),(0.,1.),
  .PIECEWISE_BEZIER_KNOTS.);
#543 = CARTESIAN_POINT('',(-10.63289256332,-1.582433485773,0.));
#544 = CARTESIAN_POINT('',(-10.03623105293,-1.05417428194,0.));
#545 = CARTESIAN_POINT('',(-9.313961036791,-0.547838262092,0.));
#546 = CARTESIAN_POINT('',(-8.48048869867,-0.575596587666,0.));
#547 = CARTESIAN_POINT('',(-10.63289256332,-1.582433485773,6.));
#548 = CARTESIAN_POINT('',(-10.03623105293,-1.05417428194,6.));
#549 = CARTESIAN_POINT('',(-9.313961036791,-0.547838262092,6.));
#550 = CARTESIAN_POINT('',(-8.48048869867,-0.575596587666,6.));
#551 = DEFINITIONAL_REPRESENTATION('',(#552),#556);
#552 = LINE('',#553,#554);
#553 = CARTESIAN_POINT('',(0.,0.));
#554 = VECTOR('',#555,1.);
#555 = DIRECTION('',(0.,1.));
#556 = ( GEOMETRIC_REPRESENTATION_CONTEXT(2) 
PARAMETRIC_REPRESENTATION_CONTEXT() REPRESENTATION_CONTEXT('2D SPACE',''
  ) );
#557 = ORIENTED_EDGE('',*,*,#558,.T.);
#558 = EDGE_CURVE('',#525,#559,#561,.T.);
#559 = VERTEX_POINT('',#560);
#560 = CARTESIAN_POINT('',(-8.96864647836,0.619257899589,0.));
#561 = SURFACE_CURVE('',#562,(#567,#578),.PCURVE_S1.);
#562 = CIRCLE('',#563,8.99);
#563 = AXIS2_PLACEMENT_3D('',#564,#565,#566);
#564 = CARTESIAN_POINT('',(0.,0.,0.));
#565 = DIRECTION('',(0.,0.,-1.));
#566 = DIRECTION('',(1.,0.,0.));
#567 = PCURVE('',#49,#568);
#568 = DEFINITIONAL_REPRESENTATION('',(#569),#577);
#569 = ( BOUNDED_CURVE() B_SPLINE_CURVE(2,(#570,#571,#572,#573,#574,#575
,#576),.UNSPECIFIED.,.T.,.F.) B_SPLINE_CURVE_WITH_KNOTS((1,2,2,2,2,1),(
    -2.094395102393,0.,2.094395102393,4.188790204786,6.28318530718,
8.377580409573),.UNSPECIFIED.) CURVE() GEOMETRIC_REPRESENTATION_ITEM() 
RATIONAL_B_SPLINE_CURVE((1.,0.5,1.,0.5,1.,0.5,1.)) REPRESENTATION_ITEM(
  '') );
#570 = CARTESIAN_POINT('',(8.99,-2.343050820501E-16));
#571 = CARTESIAN_POINT('',(8.99,-15.57113676004));
#572 = CARTESIAN_POINT('',(-4.495,-7.785568380022));
#573 = CARTESIAN_POINT('',(-17.98,-2.436220026917E-15));
#574 = CARTESIAN_POINT('',(-4.495,7.785568380022));
#575 = CARTESIAN_POINT('',(8.99,15.571136760044));
#576 = CARTESIAN_POINT('',(8.99,-2.343050820501E-16));
#577 = ( GEOMETRIC_REPRESENTATION_CONTEXT(2) 
PARAMETRIC_REPRESENTATION_CONTEXT() REPRESENTATION_CONTEXT('2D SPACE',''
  ) );
#578 = PCURVE('',#579,#584);
#579 = CONICAL_SURFACE('',#580,8.49,0.785398163397);
#580 = AXIS2_PLACEMENT_3D('',#581,#582,#583);
#581 = CARTESIAN_POINT('',(0.,0.,0.5));
#582 = DIRECTION('',(-0.,-0.,-1.));
#583 = DIRECTION('',(1.,0.,0.));
#584 = DEFINITIONAL_REPRESENTATION('',(#585),#589);
#585 = LINE('',#586,#587);
#586 = CARTESIAN_POINT('',(-6.28318530718,0.5));
#587 = VECTOR('',#588,1.);
#588 = DIRECTION('',(1.,-0.));
#589 = ( GEOMETRIC_REPRESENTATION_CONTEXT(2) 
PARAMETRIC_REPRESENTATION_CONTEXT() REPRESENTATION_CONTEXT('2D SPACE',''
  ) );
#590 = ORIENTED_EDGE('',*,*,#591,.T.);
#591 = EDGE_CURVE('',#559,#592,#594,.T.);
#592 = VERTEX_POINT('',#593);
#593 = CARTESIAN_POINT('',(-10.63289256332,1.582433485773,0.));
#594 = SURFACE_CURVE('',#595,(#600,#608),.PCURVE_S1.);
#595 = B_SPLINE_CURVE_WITH_KNOTS('',3,(#596,#597,#598,#599),
  .UNSPECIFIED.,.F.,.F.,(4,4),(0.,1.),.PIECEWISE_BEZIER_KNOTS.);
#596 = CARTESIAN_POINT('',(-8.48048869867,0.575596587666,0.));
#597 = CARTESIAN_POINT('',(-9.313961036791,0.547838262092,0.));
#598 = CARTESIAN_POINT('',(-10.03623105293,1.05417428194,0.));
#599 = CARTESIAN_POINT('',(-10.63289256332,1.582433485773,0.));
#600 = PCURVE('',#49,#601);
#601 = DEFINITIONAL_REPRESENTATION('',(#602),#607);
#602 = B_SPLINE_CURVE_WITH_KNOTS('',3,(#603,#604,#605,#606),
  .UNSPECIFIED.,.F.,.F.,(4,4),(0.,1.),.PIECEWISE_BEZIER_KNOTS.);
#603 = CARTESIAN_POINT('',(-8.48048869867,0.575596587666));
#604 = CARTESIAN_POINT('',(-9.313961036791,0.547838262092));
#605 = CARTESIAN_POINT('',(-10.03623105293,1.05417428194));
#606 = CARTESIAN_POINT('',(-10.63289256332,1.582433485773));
#607 = ( GEOMETRIC_REPRESENTATION_CONTEXT(2) 
PARAMETRIC_REPRESENTATION_CONTEXT() REPRESENTATION_CONTEXT('2D SPACE',''
  ) );
#608 = PCURVE('',#609,#618);
#609 = B_SPLINE_SURFACE_WITH_KNOTS('',1,3,(
    (#610,#611,#612,#613)
    ,(#614,#615,#616,#617
    )),.UNSPECIFIED.,.F.,.F.,.F.,(2,2),(4,4),(0.,1.),(0.,1.),
  .PIECEWISE_BEZIER_KNOTS.);
#610 = CARTESIAN_POINT('',(-8.48048869867,0.575596587666,0.));
#611 = CARTESIAN_POINT('',(-9.313961036791,0.547838262092,0.));
#612 = CARTESIAN_POINT('',(-10.03623105293,1.05417428194,0.));
#613 = CARTESIAN_POINT('',(-10.63289256332,1.582433485773,0.));
#614 = CARTESIAN_POINT('',(-8.48048869867,0.575596587666,6.));
#615 = CARTESIAN_POINT('',(-9.313961036791,0.547838262092,6.));
#616 = CARTESIAN_POINT('',(-10.03623105293,1.05417428194,6.));
#617 = CARTESIAN_POINT('',(-10.63289256332,1.582433485773,6.));
#618 = DEFINITIONAL_REPRESENTATION('',(#619),#623);
#619 = LINE('',#620,#621);
#620 = CARTESIAN_POINT('',(0.,0.));
#621 = VECTOR('',#622,1.);
#622 = DIRECTION('',(0.,1.));
#623 = ( GEOMETRIC_REPRESENTATION_CONTEXT(2) 
PARAMETRIC_REPRESENTATION_CONTEXT() REPRESENTATION_CONTEXT('2D SPACE',''
  ) );
#624 = ORIENTED_EDGE('',*,*,#625,.T.);
#625 = EDGE_CURVE('',#592,#626,#628,.T.);
#626 = VERTEX_POINT('',#627);
#627 = CARTESIAN_POINT('',(-10.57058842842,1.955801696732,0.));
#628 = SURFACE_CURVE('',#629,(#634,#642),.PCURVE_S1.);
#629 = B_SPLINE_CURVE_WITH_KNOTS('',3,(#630,#631,#632,#633),
  .UNSPECIFIED.,.F.,.F.,(4,4),(0.,1.),.PIECEWISE_BEZIER_KNOTS.);
#630 = CARTESIAN_POINT('',(-10.63289256332,1.582433485773,0.));
#631 = CARTESIAN_POINT('',(-10.61431801065,1.707242366164,0.));
#632 = CARTESIAN_POINT('',(-10.59354567347,1.83172415835,0.));
#633 = CARTESIAN_POINT('',(-10.57058842842,1.955801696732,0.));
#634 = PCURVE('',#49,#635);
#635 = DEFINITIONAL_REPRESENTATION('',(#636),#641);
#636 = B_SPLINE_CURVE_WITH_KNOTS('',3,(#637,#638,#639,#640),
  .UNSPECIFIED.,.F.,.F.,(4,4),(0.,1.),.PIECEWISE_BEZIER_KNOTS.);
#637 = CARTESIAN_POINT('',(-10.63289256332,1.582433485773));
#638 = CARTESIAN_POINT('',(-10.61431801065,1.707242366164));
#639 = CARTESIAN_POINT('',(-10.59354567347,1.83172415835));
#640 = CARTESIAN_POINT('',(-10.57058842842,1.955801696732));
#641 = ( GEOMETRIC_REPRESENTATION_CONTEXT(2) 
PARAMETRIC_REPRESENTATION_CONTEXT() REPRESENTATION_CONTEXT('2D SPACE',''
  ) );
#642 = PCURVE('',#643,#652);
#643 = B_SPLINE_SURFACE_WITH_KNOTS('',1,3,(
    (#644,#645,#646,#647)
    ,(#648,#649,#650,#651
    )),.UNSPECIFIED.,.F.,.F.,.F.,(2,2),(4,4),(0.,1.),(0.,1.),
  .PIECEWISE_BEZIER_KNOTS.);
#644 = CARTESIAN_POINT('',(-10.63289256332,1.582433485773,0.));
#645 = CARTESIAN_POINT('',(-10.61431801065,1.707242366164,0.));
#646 = CARTESIAN_POINT('',(-10.59354567347,1.83172415835,0.));
#647 = CARTESIAN_POINT('',(-10.57058842842,1.955801696732,0.));
#648 = CARTESIAN_POINT('',(-10.63289256332,1.582433485773,6.));
#649 = CARTESIAN_POINT('',(-10.61431801065,1.707242366164,6.));
#650 = CARTESIAN_POINT('',(-10.59354567347,1.83172415835,6.));
#651 = CARTESIAN_POINT('',(-10.57058842842,1.955801696732,6.));
#652 = DEFINITIONAL_REPRESENTATION('',(#653),#657);
#653 = LINE('',#654,#655);
#654 = CARTESIAN_POINT('',(0.,0.));
#655 = VECTOR('',#656,1.);
#656 = DIRECTION('',(0.,1.));
#657 = ( GEOMETRIC_REPRESENTATION_CONTEXT(2) 
PARAMETRIC_REPRESENTATION_CONTEXT() REPRESENTATION_CONTEXT('2D SPACE',''
  ) );
#658 = ORIENTED_EDGE('',*,*,#659,.T.);
#659 = EDGE_CURVE('',#626,#660,#662,.T.);
#660 = VERTEX_POINT('',#661);
#661 = CARTESIAN_POINT('',(-8.683773185248,2.326409952517,0.));
#662 = SURFACE_CURVE('',#663,(#668,#676),.PCURVE_S1.);
#663 = B_SPLINE_CURVE_WITH_KNOTS('',3,(#664,#665,#666,#667),
  .UNSPECIFIED.,.F.,.F.,(4,4),(0.,1.),.PIECEWISE_BEZIER_KNOTS.);
#664 = CARTESIAN_POINT('',(-10.57058842842,1.955801696732,0.));
#665 = CARTESIAN_POINT('',(-9.834730201352,2.261702684087,0.));
#666 = CARTESIAN_POINT('',(-8.987187730036,2.506083330889,0.));
#667 = CARTESIAN_POINT('',(-8.207888335741,2.209201002175,0.));
#668 = PCURVE('',#49,#669);
#669 = DEFINITIONAL_REPRESENTATION('',(#670),#675);
#670 = B_SPLINE_CURVE_WITH_KNOTS('',3,(#671,#672,#673,#674),
  .UNSPECIFIED.,.F.,.F.,(4,4),(0.,1.),.PIECEWISE_BEZIER_KNOTS.);
#671 = CARTESIAN_POINT('',(-10.57058842842,1.955801696732));
#672 = CARTESIAN_POINT('',(-9.834730201352,2.261702684087));
#673 = CARTESIAN_POINT('',(-8.987187730036,2.506083330889));
#674 = CARTESIAN_POINT('',(-8.207888335741,2.209201002175));
#675 = ( GEOMETRIC_REPRESENTATION_CONTEXT(2) 
PARAMETRIC_REPRESENTATION_CONTEXT() REPRESENTATION_CONTEXT('2D SPACE',''
  ) );
#676 = PCURVE('',#677,#686);
#677 = B_SPLINE_SURFACE_WITH_KNOTS('',1,3,(
    (#678,#679,#680,#681)
    ,(#682,#683,#684,#685
    )),.UNSPECIFIED.,.F.,.F.,.F.,(2,2),(4,4),(0.,1.),(0.,1.),
  .PIECEWISE_BEZIER_KNOTS.);
#678 = CARTESIAN_POINT('',(-10.57058842842,1.955801696732,0.));
#679 = CARTESIAN_POINT('',(-9.834730201352,2.261702684087,0.));
#680 = CARTESIAN_POINT('',(-8.987187730036,2.506083330889,0.));
#681 = CARTESIAN_POINT('',(-8.207888335741,2.209201002175,0.));
#682 = CARTESIAN_POINT('',(-10.57058842842,1.955801696732,6.));
#683 = CARTESIAN_POINT('',(-9.834730201352,2.261702684087,6.));
#684 = CARTESIAN_POINT('',(-8.987187730036,2.506083330889,6.));
#685 = CARTESIAN_POINT('',(-8.207888335741,2.209201002175,6.));
#686 = DEFINITIONAL_REPRESENTATION('',(#687),#691);
#687 = LINE('',#688,#689);
#688 = CARTESIAN_POINT('',(0.,0.));
#689 = VECTOR('',#690,1.);
#690 = DIRECTION('',(0.,1.));
#691 = ( GEOMETRIC_REPRESENTATION_CONTEXT(2) 
PARAMETRIC_REPRESENTATION_CONTEXT() REPRESENTATION_CONTEXT('2D SPACE',''
  ) );
#692 = ORIENTED_EDGE('',*,*,#693,.T.);
#693 = EDGE_CURVE('',#660,#694,#696,.T.);
#694 = VERTEX_POINT('',#695);
#695 = CARTESIAN_POINT('',(-8.281627762653,3.497819549499,0.));
#696 = SURFACE_CURVE('',#697,(#702,#713),.PCURVE_S1.);
#697 = CIRCLE('',#698,8.99);
#698 = AXIS2_PLACEMENT_3D('',#699,#700,#701);
#699 = CARTESIAN_POINT('',(0.,0.,0.));
#700 = DIRECTION('',(0.,0.,-1.));
#701 = DIRECTION('',(1.,0.,0.));
#702 = PCURVE('',#49,#703);
#703 = DEFINITIONAL_REPRESENTATION('',(#704),#712);
#704 = ( BOUNDED_CURVE() B_SPLINE_CURVE(2,(#705,#706,#707,#708,#709,#710
,#711),.UNSPECIFIED.,.T.,.F.) B_SPLINE_CURVE_WITH_KNOTS((1,2,2,2,2,1),(
    -2.094395102393,0.,2.094395102393,4.188790204786,6.28318530718,
8.377580409573),.UNSPECIFIED.) CURVE() GEOMETRIC_REPRESENTATION_ITEM() 
RATIONAL_B_SPLINE_CURVE((1.,0.5,1.,0.5,1.,0.5,1.)) REPRESENTATION_ITEM(
  '') );
#705 = CARTESIAN_POINT('',(8.99,-2.343050820501E-16));
#706 = CARTESIAN_POINT('',(8.99,-15.57113676004));
#707 = CARTESIAN_POINT('',(-4.495,-7.785568380022));
#708 = CARTESIAN_POINT('',(-17.98,-2.436220026917E-15));
#709 = CARTESIAN_POINT('',(-4.495,7.785568380022));
#710 = CARTESIAN_POINT('',(8.99,15.571136760044));
#711 = CARTESIAN_POINT('',(8.99,-2.343050820501E-16));
#712 = ( GEOMETRIC_REPRESENTATION_CONTEXT(2) 
PARAMETRIC_REPRESENTATION_CONTEXT() REPRESENTATION_CONTEXT('2D SPACE',''
  ) );
#713 = PCURVE('',#714,#719);
#714 = CONICAL_SURFACE('',#715,8.49,0.785398163397);
#715 = AXIS2_PLACEMENT_3D('',#716,#717,#718);
#716 = CARTESIAN_POINT('',(0.,0.,0.5));
#717 = DIRECTION('',(-0.,-0.,-1.));
#718 = DIRECTION('',(1.,0.,0.));
#719 = DEFINITIONAL_REPRESENTATION('',(#720),#724);
#720 = LINE('',#721,#722);
#721 = CARTESIAN_POINT('',(-6.28318530718,0.5));
#722 = VECTOR('',#723,1.);
#723 = DIRECTION('',(1.,-0.));
#724 = ( GEOMETRIC_REPRESENTATION_CONTEXT(2) 
PARAMETRIC_REPRESENTATION_CONTEXT() REPRESENTATION_CONTEXT('2D SPACE',''
  ) );
#725 = ORIENTED_EDGE('',*,*,#726,.T.);
#726 = EDGE_CURVE('',#694,#727,#729,.T.);
#727 = VERTEX_POINT('',#728);
#728 = CARTESIAN_POINT('',(-9.542957802656,4.949187446109,0.));
#729 = SURFACE_CURVE('',#730,(#735,#743),.PCURVE_S1.);
#730 = B_SPLINE_CURVE_WITH_KNOTS('',3,(#731,#732,#733,#734),
  .UNSPECIFIED.,.F.,.F.,(4,4),(0.,1.),.PIECEWISE_BEZIER_KNOTS.);
#731 = CARTESIAN_POINT('',(-7.834096522758,3.298019355933,0.));
#732 = CARTESIAN_POINT('',(-8.631422144213,3.542393078789,0.));
#733 = CARTESIAN_POINT('',(-9.150150541762,4.25581510732,0.));
#734 = CARTESIAN_POINT('',(-9.542957802656,4.949187446109,0.));
#735 = PCURVE('',#49,#736);
#736 = DEFINITIONAL_REPRESENTATION('',(#737),#742);
#737 = B_SPLINE_CURVE_WITH_KNOTS('',3,(#738,#739,#740,#741),
  .UNSPECIFIED.,.F.,.F.,(4,4),(0.,1.),.PIECEWISE_BEZIER_KNOTS.);
#738 = CARTESIAN_POINT('',(-7.834096522758,3.298019355933));
#739 = CARTESIAN_POINT('',(-8.631422144213,3.542393078789));
#740 = CARTESIAN_POINT('',(-9.150150541762,4.25581510732));
#741 = CARTESIAN_POINT('',(-9.542957802656,4.949187446109));
#742 = ( GEOMETRIC_REPRESENTATION_CONTEXT(2) 
PARAMETRIC_REPRESENTATION_CONTEXT() REPRESENTATION_CONTEXT('2D SPACE',''
  ) );
#743 = PCURVE('',#744,#753);
#744 = B_SPLINE_SURFACE_WITH_KNOTS('',1,3,(
    (#745,#746,#747,#748)
    ,(#749,#750,#751,#752
    )),.UNSPECIFIED.,.F.,.F.,.F.,(2,2),(4,4),(0.,1.),(0.,1.),
  .PIECEWISE_BEZIER_KNOTS.);
#745 = CARTESIAN_POINT('',(-7.834096522758,3.298019355933,0.));
#746 = CARTESIAN_POINT('',(-8.631422144213,3.542393078789,0.));
#747 = CARTESIAN_POINT('',(-9.150150541762,4.25581510732,0.));
#748 = CARTESIAN_POINT('',(-9.542957802656,4.949187446109,0.));
#749 = CARTESIAN_POINT('',(-7.834096522758,3.298019355933,6.));
#750 = CARTESIAN_POINT('',(-8.631422144213,3.542393078789,6.));
#751 = CARTESIAN_POINT('',(-9.150150541762,4.25581510732,6.));
#752 = CARTESIAN_POINT('',(-9.542957802656,4.949187446109,6.));
#753 = DEFINITIONAL_REPRESENTATION('',(#754),#758);
#754 = LINE('',#755,#756);
#755 = CARTESIAN_POINT('',(0.,0.));
#756 = VECTOR('',#757,1.);
#757 = DIRECTION('',(0.,1.));
#758 = ( GEOMETRIC_REPRESENTATION_CONTEXT(2) 
PARAMETRIC_REPRESENTATION_CONTEXT() REPRESENTATION_CONTEXT('2D SPACE',''
  ) );
#759 = ORIENTED_EDGE('',*,*,#760,.T.);
#760 = EDGE_CURVE('',#727,#761,#763,.T.);
#761 = VERTEX_POINT('',#762);
#762 = CARTESIAN_POINT('',(-9.362797017723,5.282095418006,0.));
#763 = SURFACE_CURVE('',#764,(#769,#777),.PCURVE_S1.);
#764 = B_SPLINE_CURVE_WITH_KNOTS('',3,(#765,#766,#767,#768),
  .UNSPECIFIED.,.F.,.F.,(4,4),(0.,1.),.PIECEWISE_BEZIER_KNOTS.);
#765 = CARTESIAN_POINT('',(-9.542957802656,4.949187446109,0.));
#766 = CARTESIAN_POINT('',(-9.484864293275,5.06120268971,0.));
#767 = CARTESIAN_POINT('',(-9.424798286765,5.172194948178,0.));
#768 = CARTESIAN_POINT('',(-9.362797017723,5.282095418006,0.));
#769 = PCURVE('',#49,#770);
#770 = DEFINITIONAL_REPRESENTATION('',(#771),#776);
#771 = B_SPLINE_CURVE_WITH_KNOTS('',3,(#772,#773,#774,#775),
  .UNSPECIFIED.,.F.,.F.,(4,4),(0.,1.),.PIECEWISE_BEZIER_KNOTS.);
#772 = CARTESIAN_POINT('',(-9.542957802656,4.949187446109));
#773 = CARTESIAN_POINT('',(-9.484864293275,5.06120268971));
#774 = CARTESIAN_POINT('',(-9.424798286765,5.172194948178));
#775 = CARTESIAN_POINT('',(-9.362797017723,5.282095418006));
#776 = ( GEOMETRIC_REPRESENTATION_CONTEXT(2) 
PARAMETRIC_REPRESENTATION_CONTEXT() REPRESENTATION_CONTEXT('2D SPACE',''
  ) );
#777 = PCURVE('',#778,#787);
#778 = B_SPLINE_SURFACE_WITH_KNOTS('',1,3,(
    (#779,#780,#781,#782)
    ,(#783,#784,#785,#786
    )),.UNSPECIFIED.,.F.,.F.,.F.,(2,2),(4,4),(0.,1.),(0.,1.),
  .PIECEWISE_BEZIER_KNOTS.);
#779 = CARTESIAN_POINT('',(-9.542957802656,4.949187446109,0.));
#780 = CARTESIAN_POINT('',(-9.484864293275,5.06120268971,0.));
#781 = CARTESIAN_POINT('',(-9.424798286765,5.172194948178,0.));
#782 = CARTESIAN_POINT('',(-9.362797017723,5.282095418006,0.));
#783 = CARTESIAN_POINT('',(-9.542957802656,4.949187446109,6.));
#784 = CARTESIAN_POINT('',(-9.484864293275,5.06120268971,6.));
#785 = CARTESIAN_POINT('',(-9.424798286765,5.172194948178,6.));
#786 = CARTESIAN_POINT('',(-9.362797017723,5.282095418006,6.));
#787 = DEFINITIONAL_REPRESENTATION('',(#788),#792);
#788 = LINE('',#789,#790);
#789 = CARTESIAN_POINT('',(0.,0.));
#790 = VECTOR('',#791,1.);
#791 = DIRECTION('',(0.,1.));
#792 = ( GEOMETRIC_REPRESENTATION_CONTEXT(2) 
PARAMETRIC_REPRESENTATION_CONTEXT() REPRESENTATION_CONTEXT('2D SPACE',''
  ) );
#793 = ORIENTED_EDGE('',*,*,#794,.T.);
#794 = EDGE_CURVE('',#761,#795,#797,.T.);
#795 = VERTEX_POINT('',#796);
#796 = CARTESIAN_POINT('',(-7.45787832489,5.019975188299,0.));
#797 = SURFACE_CURVE('',#798,(#803,#811),.PCURVE_S1.);
#798 = B_SPLINE_CURVE_WITH_KNOTS('',3,(#799,#800,#801,#802),
  .UNSPECIFIED.,.F.,.F.,(4,4),(0.,1.),.PIECEWISE_BEZIER_KNOTS.);
#799 = CARTESIAN_POINT('',(-9.362797017723,5.282095418006,0.));
#800 = CARTESIAN_POINT('',(-8.567483730891,5.332489070361,0.));
#801 = CARTESIAN_POINT('',(-7.686513182146,5.288431909079,0.));
#802 = CARTESIAN_POINT('',(-7.045835913124,4.754597384146,0.));
#803 = PCURVE('',#49,#804);
#804 = DEFINITIONAL_REPRESENTATION('',(#805),#810);
#805 = B_SPLINE_CURVE_WITH_KNOTS('',3,(#806,#807,#808,#809),
  .UNSPECIFIED.,.F.,.F.,(4,4),(0.,1.),.PIECEWISE_BEZIER_KNOTS.);
#806 = CARTESIAN_POINT('',(-9.362797017723,5.282095418006));
#807 = CARTESIAN_POINT('',(-8.567483730891,5.332489070361));
#808 = CARTESIAN_POINT('',(-7.686513182146,5.288431909079));
#809 = CARTESIAN_POINT('',(-7.045835913124,4.754597384146));
#810 = ( GEOMETRIC_REPRESENTATION_CONTEXT(2) 
PARAMETRIC_REPRESENTATION_CONTEXT() REPRESENTATION_CONTEXT('2D SPACE',''
  ) );
#811 = PCURVE('',#812,#821);
#812 = B_SPLINE_SURFACE_WITH_KNOTS('',1,3,(
    (#813,#814,#815,#816)
    ,(#817,#818,#819,#820
    )),.UNSPECIFIED.,.F.,.F.,.F.,(2,2),(4,4),(0.,1.),(0.,1.),
  .PIECEWISE_BEZIER_KNOTS.);
#813 = CARTESIAN_POINT('',(-9.362797017723,5.282095418006,0.));
#814 = CARTESIAN_POINT('',(-8.567483730891,5.332489070361,0.));
#815 = CARTESIAN_POINT('',(-7.686513182146,5.288431909079,0.));
#816 = CARTESIAN_POINT('',(-7.045835913124,4.754597384146,0.));
#817 = CARTESIAN_POINT('',(-9.362797017723,5.282095418006,6.));
#818 = CARTESIAN_POINT('',(-8.567483730891,5.332489070361,6.));
#819 = CARTESIAN_POINT('',(-7.686513182146,5.288431909079,6.));
#820 = CARTESIAN_POINT('',(-7.045835913124,4.754597384146,6.));
#821 = DEFINITIONAL_REPRESENTATION('',(#822),#826);
#822 = LINE('',#823,#824);
#823 = CARTESIAN_POINT('',(0.,0.));
#824 = VECTOR('',#825,1.);
#825 = DIRECTION('',(0.,1.));
#826 = ( GEOMETRIC_REPRESENTATION_CONTEXT(2) 
PARAMETRIC_REPRESENTATION_CONTEXT() REPRESENTATION_CONTEXT('2D SPACE',''
  ) );
#827 = ORIENTED_EDGE('',*,*,#828,.T.);
#828 = EDGE_CURVE('',#795,#829,#831,.T.);
#829 = VERTEX_POINT('',#830);
#830 = CARTESIAN_POINT('',(-6.697166176168,5.997338176958,0.));
#831 = SURFACE_CURVE('',#832,(#837,#848),.PCURVE_S1.);
#832 = CIRCLE('',#833,8.99);
#833 = AXIS2_PLACEMENT_3D('',#834,#835,#836);
#834 = CARTESIAN_POINT('',(0.,0.,0.));
#835 = DIRECTION('',(0.,0.,-1.));
#836 = DIRECTION('',(1.,0.,0.));
#837 = PCURVE('',#49,#838);
#838 = DEFINITIONAL_REPRESENTATION('',(#839),#847);
#839 = ( BOUNDED_CURVE() B_SPLINE_CURVE(2,(#840,#841,#842,#843,#844,#845
,#846),.UNSPECIFIED.,.T.,.F.) B_SPLINE_CURVE_WITH_KNOTS((1,2,2,2,2,1),(
    -2.094395102393,0.,2.094395102393,4.188790204786,6.28318530718,
8.377580409573),.UNSPECIFIED.) CURVE() GEOMETRIC_REPRESENTATION_ITEM() 
RATIONAL_B_SPLINE_CURVE((1.,0.5,1.,0.5,1.,0.5,1.)) REPRESENTATION_ITEM(
  '') );
#840 = CARTESIAN_POINT('',(8.99,-2.343050820501E-16));
#841 = CARTESIAN_POINT('',(8.99,-15.57113676004));
#842 = CARTESIAN_POINT('',(-4.495,-7.785568380022));
#843 = CARTESIAN_POINT('',(-17.98,-2.436220026917E-15));
#844 = CARTESIAN_POINT('',(-4.495,7.785568380022));
#845 = CARTESIAN_POINT('',(8.99,15.571136760044));
#846 = CARTESIAN_POINT('',(8.99,-2.343050820501E-16));
#847 = ( GEOMETRIC_REPRESENTATION_CONTEXT(2) 
PARAMETRIC_REPRESENTATION_CONTEXT() REPRESENTATION_CONTEXT('2D SPACE',''
  ) );
#848 = PCURVE('',#849,#854);
#849 = CONICAL_SURFACE('',#850,8.49,0.785398163397);
#850 = AXIS2_PLACEMENT_3D('',#851,#852,#853);
#851 = CARTESIAN_POINT('',(0.,0.,0.5));
#852 = DIRECTION('',(-0.,-0.,-1.));
#853 = DIRECTION('',(1.,0.,0.));
#854 = DEFINITIONAL_REPRESENTATION('',(#855),#859);
#855 = LINE('',#856,#857);
#856 = CARTESIAN_POINT('',(-6.28318530718,0.5));
#857 = VECTOR('',#858,1.);
#858 = DIRECTION('',(1.,-0.));
#859 = ( GEOMETRIC_REPRESENTATION_CONTEXT(2) 
PARAMETRIC_REPRESENTATION_CONTEXT() REPRESENTATION_CONTEXT('2D SPACE',''
  ) );
#860 = ORIENTED_EDGE('',*,*,#861,.T.);
#861 = EDGE_CURVE('',#829,#862,#864,.T.);
#862 = VERTEX_POINT('',#863);
#863 = CARTESIAN_POINT('',(-7.418895489828,7.779620152103,0.));
#864 = SURFACE_CURVE('',#865,(#870,#878),.PCURVE_S1.);
#865 = B_SPLINE_CURVE_WITH_KNOTS('',3,(#866,#867,#868,#869),
  .UNSPECIFIED.,.F.,.F.,(4,4),(0.,1.),.PIECEWISE_BEZIER_KNOTS.);
#866 = CARTESIAN_POINT('',(-6.338758430073,5.663050552942,0.));
#867 = CARTESIAN_POINT('',(-7.013534731997,6.153074639507,0.));
#868 = CARTESIAN_POINT('',(-7.272509240175,6.996272330046,0.));
#869 = CARTESIAN_POINT('',(-7.418895489828,7.779620152103,0.));
#870 = PCURVE('',#49,#871);
#871 = DEFINITIONAL_REPRESENTATION('',(#872),#877);
#872 = B_SPLINE_CURVE_WITH_KNOTS('',3,(#873,#874,#875,#876),
  .UNSPECIFIED.,.F.,.F.,(4,4),(0.,1.),.PIECEWISE_BEZIER_KNOTS.);
#873 = CARTESIAN_POINT('',(-6.338758430073,5.663050552942));
#874 = CARTESIAN_POINT('',(-7.013534731997,6.153074639507));
#875 = CARTESIAN_POINT('',(-7.272509240175,6.996272330046));
#876 = CARTESIAN_POINT('',(-7.418895489828,7.779620152103));
#877 = ( GEOMETRIC_REPRESENTATION_CONTEXT(2) 
PARAMETRIC_REPRESENTATION_CONTEXT() REPRESENTATION_CONTEXT('2D SPACE',''
  ) );
#878 = PCURVE('',#879,#888);
#879 = B_SPLINE_SURFACE_WITH_KNOTS('',1,3,(
    (#880,#881,#882,#883)
    ,(#884,#885,#886,#887
    )),.UNSPECIFIED.,.F.,.F.,.F.,(2,2),(4,4),(0.,1.),(0.,1.),
  .PIECEWISE_BEZIER_KNOTS.);
#880 = CARTESIAN_POINT('',(-6.338758430073,5.663050552942,0.));
#881 = CARTESIAN_POINT('',(-7.013534731997,6.153074639507,0.));
#882 = CARTESIAN_POINT('',(-7.272509240175,6.996272330046,0.));
#883 = CARTESIAN_POINT('',(-7.418895489828,7.779620152103,0.));
#884 = CARTESIAN_POINT('',(-6.338758430073,5.663050552942,6.));
#885 = CARTESIAN_POINT('',(-7.013534731997,6.153074639507,6.));
#886 = CARTESIAN_POINT('',(-7.272509240175,6.996272330046,6.));
#887 = CARTESIAN_POINT('',(-7.418895489828,7.779620152103,6.));
#888 = DEFINITIONAL_REPRESENTATION('',(#889),#893);
#889 = LINE('',#890,#891);
#890 = CARTESIAN_POINT('',(0.,0.));
#891 = VECTOR('',#892,1.);
#892 = DIRECTION('',(0.,1.));
#893 = ( GEOMETRIC_REPRESENTATION_CONTEXT(2) 
PARAMETRIC_REPRESENTATION_CONTEXT() REPRESENTATION_CONTEXT('2D SPACE',''
  ) );
#894 = ORIENTED_EDGE('',*,*,#895,.T.);
#895 = EDGE_CURVE('',#862,#896,#898,.T.);
#896 = VERTEX_POINT('',#897);
#897 = CARTESIAN_POINT('',(-7.140401271391,8.035992140583,0.));
#898 = SURFACE_CURVE('',#899,(#904,#912),.PCURVE_S1.);
#899 = B_SPLINE_CURVE_WITH_KNOTS('',3,(#900,#901,#902,#903),
  .UNSPECIFIED.,.F.,.F.,(4,4),(0.,1.),.PIECEWISE_BEZIER_KNOTS.);
#900 = CARTESIAN_POINT('',(-7.418895489828,7.779620152103,0.));
#901 = CARTESIAN_POINT('',(-7.327578356884,7.866703169174,0.));
#902 = CARTESIAN_POINT('',(-7.234727764877,7.952178160498,0.));
#903 = CARTESIAN_POINT('',(-7.140401271391,8.035992140583,0.));
#904 = PCURVE('',#49,#905);
#905 = DEFINITIONAL_REPRESENTATION('',(#906),#911);
#906 = B_SPLINE_CURVE_WITH_KNOTS('',3,(#907,#908,#909,#910),
  .UNSPECIFIED.,.F.,.F.,(4,4),(0.,1.),.PIECEWISE_BEZIER_KNOTS.);
#907 = CARTESIAN_POINT('',(-7.418895489828,7.779620152103));
#908 = CARTESIAN_POINT('',(-7.327578356884,7.866703169174));
#909 = CARTESIAN_POINT('',(-7.234727764877,7.952178160498));
#910 = CARTESIAN_POINT('',(-7.140401271391,8.035992140583));
#911 = ( GEOMETRIC_REPRESENTATION_CONTEXT(2) 
PARAMETRIC_REPRESENTATION_CONTEXT() REPRESENTATION_CONTEXT('2D SPACE',''
  ) );
#912 = PCURVE('',#913,#922);
#913 = B_SPLINE_SURFACE_WITH_KNOTS('',1,3,(
    (#914,#915,#916,#917)
    ,(#918,#919,#920,#921
    )),.UNSPECIFIED.,.F.,.F.,.F.,(2,2),(4,4),(0.,1.),(0.,1.),
  .PIECEWISE_BEZIER_KNOTS.);
#914 = CARTESIAN_POINT('',(-7.418895489828,7.779620152103,0.));
#915 = CARTESIAN_POINT('',(-7.327578356884,7.866703169174,0.));
#916 = CARTESIAN_POINT('',(-7.234727764877,7.952178160498,0.));
#917 = CARTESIAN_POINT('',(-7.140401271391,8.035992140583,0.));
#918 = CARTESIAN_POINT('',(-7.418895489828,7.779620152103,6.));
#919 = CARTESIAN_POINT('',(-7.327578356884,7.866703169174,6.));
#920 = CARTESIAN_POINT('',(-7.234727764877,7.952178160498,6.));
#921 = CARTESIAN_POINT('',(-7.140401271391,8.035992140583,6.));
#922 = DEFINITIONAL_REPRESENTATION('',(#923),#927);
#923 = LINE('',#924,#925);
#924 = CARTESIAN_POINT('',(0.,0.));
#925 = VECTOR('',#926,1.);
#926 = DIRECTION('',(0.,1.));
#927 = ( GEOMETRIC_REPRESENTATION_CONTEXT(2) 
PARAMETRIC_REPRESENTATION_CONTEXT() REPRESENTATION_CONTEXT('2D SPACE',''
  ) );
#928 = ORIENTED_EDGE('',*,*,#929,.T.);
#929 = EDGE_CURVE('',#896,#930,#932,.T.);
#930 = VERTEX_POINT('',#931);
#931 = CARTESIAN_POINT('',(-5.423806627125,7.169548219487,0.));
#932 = SURFACE_CURVE('',#933,(#938,#946),.PCURVE_S1.);
#933 = B_SPLINE_CURVE_WITH_KNOTS('',3,(#934,#935,#936,#937),
  .UNSPECIFIED.,.F.,.F.,(4,4),(0.,1.),.PIECEWISE_BEZIER_KNOTS.);
#934 = CARTESIAN_POINT('',(-7.140401271391,8.035992140583,0.));
#935 = CARTESIAN_POINT('',(-6.371817459981,7.825417523768,0.));
#936 = CARTESIAN_POINT('',(-5.55288566243,7.497696831444,0.));
#937 = CARTESIAN_POINT('',(-5.120257841912,6.784759364365,0.));
#938 = PCURVE('',#49,#939);
#939 = DEFINITIONAL_REPRESENTATION('',(#940),#945);
#940 = B_SPLINE_CURVE_WITH_KNOTS('',3,(#941,#942,#943,#944),
  .UNSPECIFIED.,.F.,.F.,(4,4),(0.,1.),.PIECEWISE_BEZIER_KNOTS.);
#941 = CARTESIAN_POINT('',(-7.140401271391,8.035992140583));
#942 = CARTESIAN_POINT('',(-6.371817459981,7.825417523768));
#943 = CARTESIAN_POINT('',(-5.55288566243,7.497696831444));
#944 = CARTESIAN_POINT('',(-5.120257841912,6.784759364365));
#945 = ( GEOMETRIC_REPRESENTATION_CONTEXT(2) 
PARAMETRIC_REPRESENTATION_CONTEXT() REPRESENTATION_CONTEXT('2D SPACE',''
  ) );
#946 = PCURVE('',#947,#956);
#947 = B_SPLINE_SURFACE_WITH_KNOTS('',1,3,(
    (#948,#949,#950,#951)
    ,(#952,#953,#954,#955
    )),.UNSPECIFIED.,.F.,.F.,.F.,(2,2),(4,4),(0.,1.),(0.,1.),
  .PIECEWISE_BEZIER_KNOTS.);
#948 = CARTESIAN_POINT('',(-7.140401271391,8.035992140583,0.));
#949 = CARTESIAN_POINT('',(-6.371817459981,7.825417523768,0.));
#950 = CARTESIAN_POINT('',(-5.55288566243,7.497696831444,0.));
#951 = CARTESIAN_POINT('',(-5.120257841912,6.784759364365,0.));
#952 = CARTESIAN_POINT('',(-7.140401271391,8.035992140583,6.));
#953 = CARTESIAN_POINT('',(-6.371817459981,7.825417523768,6.));
#954 = CARTESIAN_POINT('',(-5.55288566243,7.497696831444,6.));
#955 = CARTESIAN_POINT('',(-5.120257841912,6.784759364365,6.));
#956 = DEFINITIONAL_REPRESENTATION('',(#957),#961);
#957 = LINE('',#958,#959);
#958 = CARTESIAN_POINT('',(0.,0.));
#959 = VECTOR('',#960,1.);
#960 = DIRECTION('',(0.,1.));
#961 = ( GEOMETRIC_REPRESENTATION_CONTEXT(2) 
PARAMETRIC_REPRESENTATION_CONTEXT() REPRESENTATION_CONTEXT('2D SPACE',''
  ) );
#962 = ORIENTED_EDGE('',*,*,#963,.T.);
#963 = EDGE_CURVE('',#930,#964,#966,.T.);
#964 = VERTEX_POINT('',#965);
#965 = CARTESIAN_POINT('',(-4.386962717255,7.846952154653,0.));
#966 = SURFACE_CURVE('',#967,(#972,#983),.PCURVE_S1.);
#967 = CIRCLE('',#968,8.99);
#968 = AXIS2_PLACEMENT_3D('',#969,#970,#971);
#969 = CARTESIAN_POINT('',(0.,0.,0.));
#970 = DIRECTION('',(0.,0.,-1.));
#971 = DIRECTION('',(1.,0.,0.));
#972 = PCURVE('',#49,#973);
#973 = DEFINITIONAL_REPRESENTATION('',(#974),#982);
#974 = ( BOUNDED_CURVE() B_SPLINE_CURVE(2,(#975,#976,#977,#978,#979,#980
,#981),.UNSPECIFIED.,.T.,.F.) B_SPLINE_CURVE_WITH_KNOTS((1,2,2,2,2,1),(
    -2.094395102393,0.,2.094395102393,4.188790204786,6.28318530718,
8.377580409573),.UNSPECIFIED.) CURVE() GEOMETRIC_REPRESENTATION_ITEM() 
RATIONAL_B_SPLINE_CURVE((1.,0.5,1.,0.5,1.,0.5,1.)) REPRESENTATION_ITEM(
  '') );
#975 = CARTESIAN_POINT('',(8.99,-2.343050820501E-16));
#976 = CARTESIAN_POINT('',(8.99,-15.57113676004));
#977 = CARTESIAN_POINT('',(-4.495,-7.785568380022));
#978 = CARTESIAN_POINT('',(-17.98,-2.436220026917E-15));
#979 = CARTESIAN_POINT('',(-4.495,7.785568380022));
#980 = CARTESIAN_POINT('',(8.99,15.571136760044));
#981 = CARTESIAN_POINT('',(8.99,-2.343050820501E-16));
#982 = ( GEOMETRIC_REPRESENTATION_CONTEXT(2) 
PARAMETRIC_REPRESENTATION_CONTEXT() REPRESENTATION_CONTEXT('2D SPACE',''
  ) );
#983 = PCURVE('',#984,#989);
#984 = CONICAL_SURFACE('',#985,8.49,0.785398163397);
#985 = AXIS2_PLACEMENT_3D('',#986,#987,#988);
#986 = CARTESIAN_POINT('',(0.,0.,0.5));
#987 = DIRECTION('',(-0.,-0.,-1.));
#988 = DIRECTION('',(1.,0.,0.));
#989 = DEFINITIONAL_REPRESENTATION('',(#990),#994);
#990 = LINE('',#991,#992);
#991 = CARTESIAN_POINT('',(-6.28318530718,0.5));
#992 = VECTOR('',#993,1.);
#993 = DIRECTION('',(1.,-0.));
#994 = ( GEOMETRIC_REPRESENTATION_CONTEXT(2) 
PARAMETRIC_REPRESENTATION_CONTEXT() REPRESENTATION_CONTEXT('2D SPACE',''
  ) );
#995 = ORIENTED_EDGE('',*,*,#996,.T.);
#996 = EDGE_CURVE('',#964,#997,#999,.T.);
#997 = VERTEX_POINT('',#998);
#998 = CARTESIAN_POINT('',(-4.490880734652,9.767010301373,0.));
#999 = SURFACE_CURVE('',#1000,(#1005,#1013),.PCURVE_S1.);
#1000 = B_SPLINE_CURVE_WITH_KNOTS('',3,(#1001,#1002,#1003,#1004),
  .UNSPECIFIED.,.F.,.F.,(4,4),(0.,1.),.PIECEWISE_BEZIER_KNOTS.);
#1001 = CARTESIAN_POINT('',(-4.156517505519,7.414402351256,0.));
#1002 = CARTESIAN_POINT('',(-4.635622005364,8.096975088245,0.));
#1003 = CARTESIAN_POINT('',(-4.606778717807,8.978574887462,0.));
#1004 = CARTESIAN_POINT('',(-4.490880734652,9.767010301373,0.));
#1005 = PCURVE('',#49,#1006);
#1006 = DEFINITIONAL_REPRESENTATION('',(#1007),#1012);
#1007 = B_SPLINE_CURVE_WITH_KNOTS('',3,(#1008,#1009,#1010,#1011),
  .UNSPECIFIED.,.F.,.F.,(4,4),(0.,1.),.PIECEWISE_BEZIER_KNOTS.);
#1008 = CARTESIAN_POINT('',(-4.156517505519,7.414402351256));
#1009 = CARTESIAN_POINT('',(-4.635622005364,8.096975088245));
#1010 = CARTESIAN_POINT('',(-4.606778717807,8.978574887462));
#1011 = CARTESIAN_POINT('',(-4.490880734652,9.767010301373));
#1012 = ( GEOMETRIC_REPRESENTATION_CONTEXT(2) 
PARAMETRIC_REPRESENTATION_CONTEXT() REPRESENTATION_CONTEXT('2D SPACE',''
  ) );
#1013 = PCURVE('',#1014,#1023);
#1014 = B_SPLINE_SURFACE_WITH_KNOTS('',1,3,(
    (#1015,#1016,#1017,#1018)
    ,(#1019,#1020,#1021,#1022
    )),.UNSPECIFIED.,.F.,.F.,.F.,(2,2),(4,4),(0.,1.),(0.,1.),
  .PIECEWISE_BEZIER_KNOTS.);
#1015 = CARTESIAN_POINT('',(-4.156517505519,7.414402351256,0.));
#1016 = CARTESIAN_POINT('',(-4.635622005364,8.096975088245,0.));
#1017 = CARTESIAN_POINT('',(-4.606778717807,8.978574887462,0.));
#1018 = CARTESIAN_POINT('',(-4.490880734652,9.767010301373,0.));
#1019 = CARTESIAN_POINT('',(-4.156517505519,7.414402351256,6.));
#1020 = CARTESIAN_POINT('',(-4.635622005364,8.096975088245,6.));
#1021 = CARTESIAN_POINT('',(-4.606778717807,8.978574887462,6.));
#1022 = CARTESIAN_POINT('',(-4.490880734652,9.767010301373,6.));
#1023 = DEFINITIONAL_REPRESENTATION('',(#1024),#1028);
#1024 = LINE('',#1025,#1026);
#1025 = CARTESIAN_POINT('',(0.,0.));
#1026 = VECTOR('',#1027,1.);
#1027 = DIRECTION('',(0.,1.));
#1028 = ( GEOMETRIC_REPRESENTATION_CONTEXT(2) 
PARAMETRIC_REPRESENTATION_CONTEXT() REPRESENTATION_CONTEXT('2D SPACE',''
  ) );
#1029 = ORIENTED_EDGE('',*,*,#1030,.T.);
#1030 = EDGE_CURVE('',#997,#1031,#1033,.T.);
#1031 = VERTEX_POINT('',#1032);
#1032 = CARTESIAN_POINT('',(-4.144232252562,9.919064423464,0.));
#1033 = SURFACE_CURVE('',#1034,(#1039,#1047),.PCURVE_S1.);
#1034 = B_SPLINE_CURVE_WITH_KNOTS('',3,(#1035,#1036,#1037,#1038),
  .UNSPECIFIED.,.F.,.F.,(4,4),(0.,1.),.PIECEWISE_BEZIER_KNOTS.);
#1035 = CARTESIAN_POINT('',(-4.490880734652,9.767010301373,0.));
#1036 = CARTESIAN_POINT('',(-4.376235606432,9.819724295782,0.));
#1037 = CARTESIAN_POINT('',(-4.260662231296,9.87041947837,0.));
#1038 = CARTESIAN_POINT('',(-4.144232252562,9.919064423464,0.));
#1039 = PCURVE('',#49,#1040);
#1040 = DEFINITIONAL_REPRESENTATION('',(#1041),#1046);
#1041 = B_SPLINE_CURVE_WITH_KNOTS('',3,(#1042,#1043,#1044,#1045),
  .UNSPECIFIED.,.F.,.F.,(4,4),(0.,1.),.PIECEWISE_BEZIER_KNOTS.);
#1042 = CARTESIAN_POINT('',(-4.490880734652,9.767010301373));
#1043 = CARTESIAN_POINT('',(-4.376235606432,9.819724295782));
#1044 = CARTESIAN_POINT('',(-4.260662231296,9.87041947837));
#1045 = CARTESIAN_POINT('',(-4.144232252562,9.919064423464));
#1046 = ( GEOMETRIC_REPRESENTATION_CONTEXT(2) 
PARAMETRIC_REPRESENTATION_CONTEXT() REPRESENTATION_CONTEXT('2D SPACE',''
  ) );
#1047 = PCURVE('',#1048,#1057);
#1048 = B_SPLINE_SURFACE_WITH_KNOTS('',1,3,(
    (#1049,#1050,#1051,#1052)
    ,(#1053,#1054,#1055,#1056
    )),.UNSPECIFIED.,.F.,.F.,.F.,(2,2),(4,4),(0.,1.),(0.,1.),
  .PIECEWISE_BEZIER_KNOTS.);
#1049 = CARTESIAN_POINT('',(-4.490880734652,9.767010301373,0.));
#1050 = CARTESIAN_POINT('',(-4.376235606432,9.819724295782,0.));
#1051 = CARTESIAN_POINT('',(-4.260662231296,9.87041947837,0.));
#1052 = CARTESIAN_POINT('',(-4.144232252562,9.919064423464,0.));
#1053 = CARTESIAN_POINT('',(-4.490880734652,9.767010301373,6.));
#1054 = CARTESIAN_POINT('',(-4.376235606432,9.819724295782,6.));
#1055 = CARTESIAN_POINT('',(-4.260662231296,9.87041947837,6.));
#1056 = CARTESIAN_POINT('',(-4.144232252562,9.919064423464,6.));
#1057 = DEFINITIONAL_REPRESENTATION('',(#1058),#1062);
#1058 = LINE('',#1059,#1060);
#1059 = CARTESIAN_POINT('',(0.,0.));
#1060 = VECTOR('',#1061,1.);
#1061 = DIRECTION('',(0.,1.));
#1062 = ( GEOMETRIC_REPRESENTATION_CONTEXT(2) 
PARAMETRIC_REPRESENTATION_CONTEXT() REPRESENTATION_CONTEXT('2D SPACE',''
  ) );
#1063 = ORIENTED_EDGE('',*,*,#1064,.T.);
#1064 = EDGE_CURVE('',#1031,#1065,#1067,.T.);
#1065 = VERTEX_POINT('',#1066);
#1066 = CARTESIAN_POINT('',(-2.80198132228,8.542189454091,0.));
#1067 = SURFACE_CURVE('',#1068,(#1073,#1081),.PCURVE_S1.);
#1068 = B_SPLINE_CURVE_WITH_KNOTS('',3,(#1069,#1070,#1071,#1072),
  .UNSPECIFIED.,.F.,.F.,(4,4),(0.,1.),.PIECEWISE_BEZIER_KNOTS.);
#1069 = CARTESIAN_POINT('',(-4.144232252562,9.919064423464,0.));
#1070 = CARTESIAN_POINT('',(-3.485665898346,9.47034056461,0.));
#1071 = CARTESIAN_POINT('',(-2.817516819291,8.894469963369,0.));
#1072 = CARTESIAN_POINT('',(-2.639820384543,8.079687391066,0.));
#1073 = PCURVE('',#49,#1074);
#1074 = DEFINITIONAL_REPRESENTATION('',(#1075),#1080);
#1075 = B_SPLINE_CURVE_WITH_KNOTS('',3,(#1076,#1077,#1078,#1079),
  .UNSPECIFIED.,.F.,.F.,(4,4),(0.,1.),.PIECEWISE_BEZIER_KNOTS.);
#1076 = CARTESIAN_POINT('',(-4.144232252562,9.919064423464));
#1077 = CARTESIAN_POINT('',(-3.485665898346,9.47034056461));
#1078 = CARTESIAN_POINT('',(-2.817516819291,8.894469963369));
#1079 = CARTESIAN_POINT('',(-2.639820384543,8.079687391066));
#1080 = ( GEOMETRIC_REPRESENTATION_CONTEXT(2) 
PARAMETRIC_REPRESENTATION_CONTEXT() REPRESENTATION_CONTEXT('2D SPACE',''
  ) );
#1081 = PCURVE('',#1082,#1091);
#1082 = B_SPLINE_SURFACE_WITH_KNOTS('',1,3,(
    (#1083,#1084,#1085,#1086)
    ,(#1087,#1088,#1089,#1090
    )),.UNSPECIFIED.,.F.,.F.,.F.,(2,2),(4,4),(0.,1.),(0.,1.),
  .PIECEWISE_BEZIER_KNOTS.);
#1083 = CARTESIAN_POINT('',(-4.144232252562,9.919064423464,0.));
#1084 = CARTESIAN_POINT('',(-3.485665898346,9.47034056461,0.));
#1085 = CARTESIAN_POINT('',(-2.817516819291,8.894469963369,0.));
#1086 = CARTESIAN_POINT('',(-2.639820384543,8.079687391066,0.));
#1087 = CARTESIAN_POINT('',(-4.144232252562,9.919064423464,6.));
#1088 = CARTESIAN_POINT('',(-3.485665898346,9.47034056461,6.));
#1089 = CARTESIAN_POINT('',(-2.817516819291,8.894469963369,6.));
#1090 = CARTESIAN_POINT('',(-2.639820384543,8.079687391066,6.));
#1091 = DEFINITIONAL_REPRESENTATION('',(#1092),#1096);
#1092 = LINE('',#1093,#1094);
#1093 = CARTESIAN_POINT('',(0.,0.));
#1094 = VECTOR('',#1095,1.);
#1095 = DIRECTION('',(0.,1.));
#1096 = ( GEOMETRIC_REPRESENTATION_CONTEXT(2) 
PARAMETRIC_REPRESENTATION_CONTEXT() REPRESENTATION_CONTEXT('2D SPACE',''
  ) );
#1097 = ORIENTED_EDGE('',*,*,#1098,.T.);
#1098 = EDGE_CURVE('',#1065,#1099,#1101,.T.);
#1099 = VERTEX_POINT('',#1100);
#1100 = CARTESIAN_POINT('',(-1.601363777187,8.846227108384,0.));
#1101 = SURFACE_CURVE('',#1102,(#1107,#1118),.PCURVE_S1.);
#1102 = CIRCLE('',#1103,8.99);
#1103 = AXIS2_PLACEMENT_3D('',#1104,#1105,#1106);
#1104 = CARTESIAN_POINT('',(0.,0.,0.));
#1105 = DIRECTION('',(0.,0.,-1.));
#1106 = DIRECTION('',(1.,0.,0.));
#1107 = PCURVE('',#49,#1108);
#1108 = DEFINITIONAL_REPRESENTATION('',(#1109),#1117);
#1109 = ( BOUNDED_CURVE() B_SPLINE_CURVE(2,(#1110,#1111,#1112,#1113,
#1114,#1115,#1116),.UNSPECIFIED.,.T.,.F.) B_SPLINE_CURVE_WITH_KNOTS((1,2
    ,2,2,2,1),(-2.094395102393,0.,2.094395102393,4.188790204786,
6.28318530718,8.377580409573),.UNSPECIFIED.) CURVE() 
GEOMETRIC_REPRESENTATION_ITEM() RATIONAL_B_SPLINE_CURVE((1.,0.5,1.,0.5,
1.,0.5,1.)) REPRESENTATION_ITEM('') );
#1110 = CARTESIAN_POINT('',(8.99,-2.343050820501E-16));
#1111 = CARTESIAN_POINT('',(8.99,-15.57113676004));
#1112 = CARTESIAN_POINT('',(-4.495,-7.785568380022));
#1113 = CARTESIAN_POINT('',(-17.98,-2.436220026917E-15));
#1114 = CARTESIAN_POINT('',(-4.495,7.785568380022));
#1115 = CARTESIAN_POINT('',(8.99,15.571136760044));
#1116 = CARTESIAN_POINT('',(8.99,-2.343050820501E-16));
#1117 = ( GEOMETRIC_REPRESENTATION_CONTEXT(2) 
PARAMETRIC_REPRESENTATION_CONTEXT() REPRESENTATION_CONTEXT('2D SPACE',''
  ) );
#1118 = PCURVE('',#1119,#1124);
#1119 = CONICAL_SURFACE('',#1120,8.49,0.785398163397);
#1120 = AXIS2_PLACEMENT_3D('',#1121,#1122,#1123);
#1121 = CARTESIAN_POINT('',(0.,0.,0.5));
#1122 = DIRECTION('',(-0.,-0.,-1.));
#1123 = DIRECTION('',(1.,0.,0.));
#1124 = DEFINITIONAL_REPRESENTATION('',(#1125),#1129);
#1125 = LINE('',#1126,#1127);
#1126 = CARTESIAN_POINT('',(-6.28318530718,0.5));
#1127 = VECTOR('',#1128,1.);
#1128 = DIRECTION('',(1.,-0.));
#1129 = ( GEOMETRIC_REPRESENTATION_CONTEXT(2) 
PARAMETRIC_REPRESENTATION_CONTEXT() REPRESENTATION_CONTEXT('2D SPACE',''
  ) );
#1130 = ORIENTED_EDGE('',*,*,#1131,.T.);
#1131 = EDGE_CURVE('',#1099,#1132,#1134,.T.);
#1132 = VERTEX_POINT('',#1133);
#1133 = CARTESIAN_POINT('',(-1.076209368683,10.69599333371,0.));
#1134 = SURFACE_CURVE('',#1135,(#1140,#1148),.PCURVE_S1.);
#1135 = B_SPLINE_CURVE_WITH_KNOTS('',3,(#1136,#1137,#1138,#1139),
  .UNSPECIFIED.,.F.,.F.,(4,4),(0.,1.),.PIECEWISE_BEZIER_KNOTS.);
#1136 = CARTESIAN_POINT('',(-1.523853414227,8.362288608506,0.));
#1137 = CARTESIAN_POINT('',(-1.755367705363,9.163442648657,0.));
#1138 = CARTESIAN_POINT('',(-1.441832239828,9.987909538877,0.));
#1139 = CARTESIAN_POINT('',(-1.076209368683,10.69599333371,0.));
#1140 = PCURVE('',#49,#1141);
#1141 = DEFINITIONAL_REPRESENTATION('',(#1142),#1147);
#1142 = B_SPLINE_CURVE_WITH_KNOTS('',3,(#1143,#1144,#1145,#1146),
  .UNSPECIFIED.,.F.,.F.,(4,4),(0.,1.),.PIECEWISE_BEZIER_KNOTS.);
#1143 = CARTESIAN_POINT('',(-1.523853414227,8.362288608506));
#1144 = CARTESIAN_POINT('',(-1.755367705363,9.163442648657));
#1145 = CARTESIAN_POINT('',(-1.441832239828,9.987909538877));
#1146 = CARTESIAN_POINT('',(-1.076209368683,10.69599333371));
#1147 = ( GEOMETRIC_REPRESENTATION_CONTEXT(2) 
PARAMETRIC_REPRESENTATION_CONTEXT() REPRESENTATION_CONTEXT('2D SPACE',''
  ) );
#1148 = PCURVE('',#1149,#1158);
#1149 = B_SPLINE_SURFACE_WITH_KNOTS('',1,3,(
    (#1150,#1151,#1152,#1153)
    ,(#1154,#1155,#1156,#1157
    )),.UNSPECIFIED.,.F.,.F.,.F.,(2,2),(4,4),(0.,1.),(0.,1.),
  .PIECEWISE_BEZIER_KNOTS.);
#1150 = CARTESIAN_POINT('',(-1.523853414227,8.362288608506,0.));
#1151 = CARTESIAN_POINT('',(-1.755367705363,9.163442648657,0.));
#1152 = CARTESIAN_POINT('',(-1.441832239828,9.987909538877,0.));
#1153 = CARTESIAN_POINT('',(-1.076209368683,10.69599333371,0.));
#1154 = CARTESIAN_POINT('',(-1.523853414227,8.362288608506,6.));
#1155 = CARTESIAN_POINT('',(-1.755367705363,9.163442648657,6.));
#1156 = CARTESIAN_POINT('',(-1.441832239828,9.987909538877,6.));
#1157 = CARTESIAN_POINT('',(-1.076209368683,10.69599333371,6.));
#1158 = DEFINITIONAL_REPRESENTATION('',(#1159),#1163);
#1159 = LINE('',#1160,#1161);
#1160 = CARTESIAN_POINT('',(0.,0.));
#1161 = VECTOR('',#1162,1.);
#1162 = DIRECTION('',(0.,1.));
#1163 = ( GEOMETRIC_REPRESENTATION_CONTEXT(2) 
PARAMETRIC_REPRESENTATION_CONTEXT() REPRESENTATION_CONTEXT('2D SPACE',''
  ) );
#1164 = ORIENTED_EDGE('',*,*,#1165,.T.);
#1165 = EDGE_CURVE('',#1132,#1166,#1168,.T.);
#1166 = VERTEX_POINT('',#1167);
#1167 = CARTESIAN_POINT('',(-0.698971364779,10.727252165919,0.));
#1168 = SURFACE_CURVE('',#1169,(#1174,#1182),.PCURVE_S1.);
#1169 = B_SPLINE_CURVE_WITH_KNOTS('',3,(#1170,#1171,#1172,#1173),
  .UNSPECIFIED.,.F.,.F.,(4,4),(0.,1.),.PIECEWISE_BEZIER_KNOTS.);
#1170 = CARTESIAN_POINT('',(-1.076209368683,10.69599333371,0.));
#1171 = CARTESIAN_POINT('',(-0.950659823731,10.70862592622,0.));
#1172 = CARTESIAN_POINT('',(-0.824887833968,10.719047690422,0.));
#1173 = CARTESIAN_POINT('',(-0.698971364779,10.727252165919,0.));
#1174 = PCURVE('',#49,#1175);
#1175 = DEFINITIONAL_REPRESENTATION('',(#1176),#1181);
#1176 = B_SPLINE_CURVE_WITH_KNOTS('',3,(#1177,#1178,#1179,#1180),
  .UNSPECIFIED.,.F.,.F.,(4,4),(0.,1.),.PIECEWISE_BEZIER_KNOTS.);
#1177 = CARTESIAN_POINT('',(-1.076209368683,10.69599333371));
#1178 = CARTESIAN_POINT('',(-0.950659823731,10.70862592622));
#1179 = CARTESIAN_POINT('',(-0.824887833968,10.719047690422));
#1180 = CARTESIAN_POINT('',(-0.698971364779,10.727252165919));
#1181 = ( GEOMETRIC_REPRESENTATION_CONTEXT(2) 
PARAMETRIC_REPRESENTATION_CONTEXT() REPRESENTATION_CONTEXT('2D SPACE',''
  ) );
#1182 = PCURVE('',#1183,#1192);
#1183 = B_SPLINE_SURFACE_WITH_KNOTS('',1,3,(
    (#1184,#1185,#1186,#1187)
    ,(#1188,#1189,#1190,#1191
    )),.UNSPECIFIED.,.F.,.F.,.F.,(2,2),(4,4),(0.,1.),(0.,1.),
  .PIECEWISE_BEZIER_KNOTS.);
#1184 = CARTESIAN_POINT('',(-1.076209368683,10.69599333371,0.));
#1185 = CARTESIAN_POINT('',(-0.950659823731,10.70862592622,0.));
#1186 = CARTESIAN_POINT('',(-0.824887833968,10.719047690422,0.));
#1187 = CARTESIAN_POINT('',(-0.698971364779,10.727252165919,0.));
#1188 = CARTESIAN_POINT('',(-1.076209368683,10.69599333371,6.));
#1189 = CARTESIAN_POINT('',(-0.950659823731,10.70862592622,6.));
#1190 = CARTESIAN_POINT('',(-0.824887833968,10.719047690422,6.));
#1191 = CARTESIAN_POINT('',(-0.698971364779,10.727252165919,6.));
#1192 = DEFINITIONAL_REPRESENTATION('',(#1193),#1197);
#1193 = LINE('',#1194,#1195);
#1194 = CARTESIAN_POINT('',(0.,0.));
#1195 = VECTOR('',#1196,1.);
#1196 = DIRECTION('',(0.,1.));
#1197 = ( GEOMETRIC_REPRESENTATION_CONTEXT(2) 
PARAMETRIC_REPRESENTATION_CONTEXT() REPRESENTATION_CONTEXT('2D SPACE',''
  ) );
#1198 = ORIENTED_EDGE('',*,*,#1199,.T.);
#1199 = EDGE_CURVE('',#1166,#1200,#1202,.T.);
#1200 = VERTEX_POINT('',#1201);
#1201 = CARTESIAN_POINT('',(0.123482136053,8.989151915619,0.));
#1202 = SURFACE_CURVE('',#1203,(#1208,#1216),.PCURVE_S1.);
#1203 = B_SPLINE_CURVE_WITH_KNOTS('',3,(#1204,#1205,#1206,#1207),
  .UNSPECIFIED.,.F.,.F.,(4,4),(0.,1.),.PIECEWISE_BEZIER_KNOTS.);
#1204 = CARTESIAN_POINT('',(-0.698971364779,10.727252165919,0.));
#1205 = CARTESIAN_POINT('',(-0.221788350947,10.089005257803,0.));
#1206 = CARTESIAN_POINT('',(0.223173689496,9.327389262842,0.));
#1207 = CARTESIAN_POINT('',(0.126682572526,8.499055919678,0.));
#1208 = PCURVE('',#49,#1209);
#1209 = DEFINITIONAL_REPRESENTATION('',(#1210),#1215);
#1210 = B_SPLINE_CURVE_WITH_KNOTS('',3,(#1211,#1212,#1213,#1214),
  .UNSPECIFIED.,.F.,.F.,(4,4),(0.,1.),.PIECEWISE_BEZIER_KNOTS.);
#1211 = CARTESIAN_POINT('',(-0.698971364779,10.727252165919));
#1212 = CARTESIAN_POINT('',(-0.221788350947,10.089005257803));
#1213 = CARTESIAN_POINT('',(0.223173689496,9.327389262842));
#1214 = CARTESIAN_POINT('',(0.126682572526,8.499055919678));
#1215 = ( GEOMETRIC_REPRESENTATION_CONTEXT(2) 
PARAMETRIC_REPRESENTATION_CONTEXT() REPRESENTATION_CONTEXT('2D SPACE',''
  ) );
#1216 = PCURVE('',#1217,#1226);
#1217 = B_SPLINE_SURFACE_WITH_KNOTS('',1,3,(
    (#1218,#1219,#1220,#1221)
    ,(#1222,#1223,#1224,#1225
    )),.UNSPECIFIED.,.F.,.F.,.F.,(2,2),(4,4),(0.,1.),(0.,1.),
  .PIECEWISE_BEZIER_KNOTS.);
#1218 = CARTESIAN_POINT('',(-0.698971364779,10.727252165919,0.));
#1219 = CARTESIAN_POINT('',(-0.221788350947,10.089005257803,0.));
#1220 = CARTESIAN_POINT('',(0.223173689496,9.327389262842,0.));
#1221 = CARTESIAN_POINT('',(0.126682572526,8.499055919678,0.));
#1222 = CARTESIAN_POINT('',(-0.698971364779,10.727252165919,6.));
#1223 = CARTESIAN_POINT('',(-0.221788350947,10.089005257803,6.));
#1224 = CARTESIAN_POINT('',(0.223173689496,9.327389262842,6.));
#1225 = CARTESIAN_POINT('',(0.126682572526,8.499055919678,6.));
#1226 = DEFINITIONAL_REPRESENTATION('',(#1227),#1231);
#1227 = LINE('',#1228,#1229);
#1228 = CARTESIAN_POINT('',(0.,0.));
#1229 = VECTOR('',#1230,1.);
#1230 = DIRECTION('',(0.,1.));
#1231 = ( GEOMETRIC_REPRESENTATION_CONTEXT(2) 
PARAMETRIC_REPRESENTATION_CONTEXT() REPRESENTATION_CONTEXT('2D SPACE',''
  ) );
#1232 = ORIENTED_EDGE('',*,*,#1233,.T.);
#1233 = EDGE_CURVE('',#1200,#1234,#1236,.T.);
#1234 = VERTEX_POINT('',#1235);
#1235 = CARTESIAN_POINT('',(1.357767775858,8.886876091566,0.));
#1236 = SURFACE_CURVE('',#1237,(#1242,#1253),.PCURVE_S1.);
#1237 = CIRCLE('',#1238,8.99);
#1238 = AXIS2_PLACEMENT_3D('',#1239,#1240,#1241);
#1239 = CARTESIAN_POINT('',(0.,0.,0.));
#1240 = DIRECTION('',(0.,0.,-1.));
#1241 = DIRECTION('',(1.,0.,0.));
#1242 = PCURVE('',#49,#1243);
#1243 = DEFINITIONAL_REPRESENTATION('',(#1244),#1252);
#1244 = ( BOUNDED_CURVE() B_SPLINE_CURVE(2,(#1245,#1246,#1247,#1248,
#1249,#1250,#1251),.UNSPECIFIED.,.T.,.F.) B_SPLINE_CURVE_WITH_KNOTS((1,2
    ,2,2,2,1),(-2.094395102393,0.,2.094395102393,4.188790204786,
6.28318530718,8.377580409573),.UNSPECIFIED.) CURVE() 
GEOMETRIC_REPRESENTATION_ITEM() RATIONAL_B_SPLINE_CURVE((1.,0.5,1.,0.5,
1.,0.5,1.)) REPRESENTATION_ITEM('') );
#1245 = CARTESIAN_POINT('',(8.99,-2.343050820501E-16));
#1246 = CARTESIAN_POINT('',(8.99,-15.57113676004));
#1247 = CARTESIAN_POINT('',(-4.495,-7.785568380022));
#1248 = CARTESIAN_POINT('',(-17.98,-2.436220026917E-15));
#1249 = CARTESIAN_POINT('',(-4.495,7.785568380022));
#1250 = CARTESIAN_POINT('',(8.99,15.571136760044));
#1251 = CARTESIAN_POINT('',(8.99,-2.343050820501E-16));
#1252 = ( GEOMETRIC_REPRESENTATION_CONTEXT(2) 
PARAMETRIC_REPRESENTATION_CONTEXT() REPRESENTATION_CONTEXT('2D SPACE',''
  ) );
#1253 = PCURVE('',#1254,#1259);
#1254 = CONICAL_SURFACE('',#1255,8.49,0.785398163397);
#1255 = AXIS2_PLACEMENT_3D('',#1256,#1257,#1258);
#1256 = CARTESIAN_POINT('',(0.,0.,0.5));
#1257 = DIRECTION('',(-0.,-0.,-1.));
#1258 = DIRECTION('',(1.,0.,0.));
#1259 = DEFINITIONAL_REPRESENTATION('',(#1260),#1264);
#1260 = LINE('',#1261,#1262);
#1261 = CARTESIAN_POINT('',(-6.28318530718,0.5));
#1262 = VECTOR('',#1263,1.);
#1263 = DIRECTION('',(1.,-0.));
#1264 = ( GEOMETRIC_REPRESENTATION_CONTEXT(2) 
PARAMETRIC_REPRESENTATION_CONTEXT() REPRESENTATION_CONTEXT('2D SPACE',''
  ) );
#1265 = ORIENTED_EDGE('',*,*,#1266,.T.);
#1266 = EDGE_CURVE('',#1234,#1267,#1269,.T.);
#1267 = VERTEX_POINT('',#1268);
#1268 = CARTESIAN_POINT('',(2.455085981493,10.465899522902,0.));
#1269 = SURFACE_CURVE('',#1270,(#1275,#1283),.PCURVE_S1.);
#1270 = B_SPLINE_CURVE_WITH_KNOTS('',3,(#1271,#1272,#1273,#1274),
  .UNSPECIFIED.,.F.,.F.,(4,4),(0.,1.),.PIECEWISE_BEZIER_KNOTS.);
#1271 = CARTESIAN_POINT('',(1.273943839518,8.403991140747,0.));
#1272 = CARTESIAN_POINT('',(1.315107922849,9.236909012626,0.));
#1273 = CARTESIAN_POINT('',(1.879359133668,9.914899213371,0.));
#1274 = CARTESIAN_POINT('',(2.455085981493,10.465899522902,0.));
#1275 = PCURVE('',#49,#1276);
#1276 = DEFINITIONAL_REPRESENTATION('',(#1277),#1282);
#1277 = B_SPLINE_CURVE_WITH_KNOTS('',3,(#1278,#1279,#1280,#1281),
  .UNSPECIFIED.,.F.,.F.,(4,4),(0.,1.),.PIECEWISE_BEZIER_KNOTS.);
#1278 = CARTESIAN_POINT('',(1.273943839518,8.403991140747));
#1279 = CARTESIAN_POINT('',(1.315107922849,9.236909012626));
#1280 = CARTESIAN_POINT('',(1.879359133668,9.914899213371));
#1281 = CARTESIAN_POINT('',(2.455085981493,10.465899522902));
#1282 = ( GEOMETRIC_REPRESENTATION_CONTEXT(2) 
PARAMETRIC_REPRESENTATION_CONTEXT() REPRESENTATION_CONTEXT('2D SPACE',''
  ) );
#1283 = PCURVE('',#1284,#1293);
#1284 = B_SPLINE_SURFACE_WITH_KNOTS('',1,3,(
    (#1285,#1286,#1287,#1288)
    ,(#1289,#1290,#1291,#1292
    )),.UNSPECIFIED.,.F.,.F.,.F.,(2,2),(4,4),(0.,1.),(0.,1.),
  .PIECEWISE_BEZIER_KNOTS.);
#1285 = CARTESIAN_POINT('',(1.273943839518,8.403991140747,0.));
#1286 = CARTESIAN_POINT('',(1.315107922849,9.236909012626,0.));
#1287 = CARTESIAN_POINT('',(1.879359133668,9.914899213371,0.));
#1288 = CARTESIAN_POINT('',(2.455085981493,10.465899522902,0.));
#1289 = CARTESIAN_POINT('',(1.273943839518,8.403991140747,6.));
#1290 = CARTESIAN_POINT('',(1.315107922849,9.236909012626,6.));
#1291 = CARTESIAN_POINT('',(1.879359133668,9.914899213371,6.));
#1292 = CARTESIAN_POINT('',(2.455085981493,10.465899522902,6.));
#1293 = DEFINITIONAL_REPRESENTATION('',(#1294),#1298);
#1294 = LINE('',#1295,#1296);
#1295 = CARTESIAN_POINT('',(0.,0.));
#1296 = VECTOR('',#1297,1.);
#1297 = DIRECTION('',(0.,1.));
#1298 = ( GEOMETRIC_REPRESENTATION_CONTEXT(2) 
PARAMETRIC_REPRESENTATION_CONTEXT() REPRESENTATION_CONTEXT('2D SPACE',''
  ) );
#1299 = ORIENTED_EDGE('',*,*,#1300,.T.);
#1300 = EDGE_CURVE('',#1267,#1301,#1303,.T.);
#1301 = VERTEX_POINT('',#1302);
#1302 = CARTESIAN_POINT('',(2.822033916035,10.37297568573,0.));
#1303 = SURFACE_CURVE('',#1304,(#1309,#1317),.PCURVE_S1.);
#1304 = B_SPLINE_CURVE_WITH_KNOTS('',3,(#1305,#1306,#1307,#1308),
  .UNSPECIFIED.,.F.,.F.,(4,4),(0.,1.),.PIECEWISE_BEZIER_KNOTS.);
#1305 = CARTESIAN_POINT('',(2.455085981493,10.465899522902,0.));
#1306 = CARTESIAN_POINT('',(2.577934701879,10.437081776101,0.));
#1307 = CARTESIAN_POINT('',(2.700275959624,10.406100762056,0.));
#1308 = CARTESIAN_POINT('',(2.822033916035,10.37297568573,0.));
#1309 = PCURVE('',#49,#1310);
#1310 = DEFINITIONAL_REPRESENTATION('',(#1311),#1316);
#1311 = B_SPLINE_CURVE_WITH_KNOTS('',3,(#1312,#1313,#1314,#1315),
  .UNSPECIFIED.,.F.,.F.,(4,4),(0.,1.),.PIECEWISE_BEZIER_KNOTS.);
#1312 = CARTESIAN_POINT('',(2.455085981493,10.465899522902));
#1313 = CARTESIAN_POINT('',(2.577934701879,10.437081776101));
#1314 = CARTESIAN_POINT('',(2.700275959624,10.406100762056));
#1315 = CARTESIAN_POINT('',(2.822033916035,10.37297568573));
#1316 = ( GEOMETRIC_REPRESENTATION_CONTEXT(2) 
PARAMETRIC_REPRESENTATION_CONTEXT() REPRESENTATION_CONTEXT('2D SPACE',''
  ) );
#1317 = PCURVE('',#1318,#1327);
#1318 = B_SPLINE_SURFACE_WITH_KNOTS('',1,3,(
    (#1319,#1320,#1321,#1322)
    ,(#1323,#1324,#1325,#1326
    )),.UNSPECIFIED.,.F.,.F.,.F.,(2,2),(4,4),(0.,1.),(0.,1.),
  .PIECEWISE_BEZIER_KNOTS.);
#1319 = CARTESIAN_POINT('',(2.455085981493,10.465899522902,0.));
#1320 = CARTESIAN_POINT('',(2.577934701879,10.437081776101,0.));
#1321 = CARTESIAN_POINT('',(2.700275959624,10.406100762056,0.));
#1322 = CARTESIAN_POINT('',(2.822033916035,10.37297568573,0.));
#1323 = CARTESIAN_POINT('',(2.455085981493,10.465899522902,6.));
#1324 = CARTESIAN_POINT('',(2.577934701879,10.437081776101,6.));
#1325 = CARTESIAN_POINT('',(2.700275959624,10.406100762056,6.));
#1326 = CARTESIAN_POINT('',(2.822033916035,10.37297568573,6.));
#1327 = DEFINITIONAL_REPRESENTATION('',(#1328),#1332);
#1328 = LINE('',#1329,#1330);
#1329 = CARTESIAN_POINT('',(0.,0.));
#1330 = VECTOR('',#1331,1.);
#1331 = DIRECTION('',(0.,1.));
#1332 = ( GEOMETRIC_REPRESENTATION_CONTEXT(2) 
PARAMETRIC_REPRESENTATION_CONTEXT() REPRESENTATION_CONTEXT('2D SPACE',''
  ) );
#1333 = ORIENTED_EDGE('',*,*,#1334,.T.);
#1334 = EDGE_CURVE('',#1301,#1335,#1337,.T.);
#1335 = VERTEX_POINT('',#1336);
#1336 = CARTESIAN_POINT('',(3.035564388923,8.462000286026,0.));
#1337 = SURFACE_CURVE('',#1338,(#1343,#1351),.PCURVE_S1.);
#1338 = B_SPLINE_CURVE_WITH_KNOTS('',3,(#1339,#1340,#1341,#1342),
  .UNSPECIFIED.,.F.,.F.,(4,4),(0.,1.),.PIECEWISE_BEZIER_KNOTS.);
#1339 = CARTESIAN_POINT('',(2.822033916035,10.37297568573,0.));
#1340 = CARTESIAN_POINT('',(3.066123405678,9.614369684267,0.));
#1341 = CARTESIAN_POINT('',(3.23967986613,8.74954120633,0.));
#1342 = CARTESIAN_POINT('',(2.879457507178,7.997419862953,0.));
#1343 = PCURVE('',#49,#1344);
#1344 = DEFINITIONAL_REPRESENTATION('',(#1345),#1350);
#1345 = B_SPLINE_CURVE_WITH_KNOTS('',3,(#1346,#1347,#1348,#1349),
  .UNSPECIFIED.,.F.,.F.,(4,4),(0.,1.),.PIECEWISE_BEZIER_KNOTS.);
#1346 = CARTESIAN_POINT('',(2.822033916035,10.37297568573));
#1347 = CARTESIAN_POINT('',(3.066123405678,9.614369684267));
#1348 = CARTESIAN_POINT('',(3.23967986613,8.74954120633));
#1349 = CARTESIAN_POINT('',(2.879457507178,7.997419862953));
#1350 = ( GEOMETRIC_REPRESENTATION_CONTEXT(2) 
PARAMETRIC_REPRESENTATION_CONTEXT() REPRESENTATION_CONTEXT('2D SPACE',''
  ) );
#1351 = PCURVE('',#1352,#1361);
#1352 = B_SPLINE_SURFACE_WITH_KNOTS('',1,3,(
    (#1353,#1354,#1355,#1356)
    ,(#1357,#1358,#1359,#1360
    )),.UNSPECIFIED.,.F.,.F.,.F.,(2,2),(4,4),(0.,1.),(0.,1.),
  .PIECEWISE_BEZIER_KNOTS.);
#1353 = CARTESIAN_POINT('',(2.822033916035,10.37297568573,0.));
#1354 = CARTESIAN_POINT('',(3.066123405678,9.614369684267,0.));
#1355 = CARTESIAN_POINT('',(3.23967986613,8.74954120633,0.));
#1356 = CARTESIAN_POINT('',(2.879457507178,7.997419862953,0.));
#1357 = CARTESIAN_POINT('',(2.822033916035,10.37297568573,6.));
#1358 = CARTESIAN_POINT('',(3.066123405678,9.614369684267,6.));
#1359 = CARTESIAN_POINT('',(3.23967986613,8.74954120633,6.));
#1360 = CARTESIAN_POINT('',(2.879457507178,7.997419862953,6.));
#1361 = DEFINITIONAL_REPRESENTATION('',(#1362),#1366);
#1362 = LINE('',#1363,#1364);
#1363 = CARTESIAN_POINT('',(0.,0.));
#1364 = VECTOR('',#1365,1.);
#1365 = DIRECTION('',(0.,1.));
#1366 = ( GEOMETRIC_REPRESENTATION_CONTEXT(2) 
PARAMETRIC_REPRESENTATION_CONTEXT() REPRESENTATION_CONTEXT('2D SPACE',''
  ) );
#1367 = ORIENTED_EDGE('',*,*,#1368,.T.);
#1368 = EDGE_CURVE('',#1335,#1369,#1371,.T.);
#1369 = VERTEX_POINT('',#1370);
#1370 = CARTESIAN_POINT('',(4.169764122451,7.964494156136,0.));
#1371 = SURFACE_CURVE('',#1372,(#1377,#1388),.PCURVE_S1.);
#1372 = CIRCLE('',#1373,8.99);
#1373 = AXIS2_PLACEMENT_3D('',#1374,#1375,#1376);
#1374 = CARTESIAN_POINT('',(0.,0.,0.));
#1375 = DIRECTION('',(0.,0.,-1.));
#1376 = DIRECTION('',(1.,0.,0.));
#1377 = PCURVE('',#49,#1378);
#1378 = DEFINITIONAL_REPRESENTATION('',(#1379),#1387);
#1379 = ( BOUNDED_CURVE() B_SPLINE_CURVE(2,(#1380,#1381,#1382,#1383,
#1384,#1385,#1386),.UNSPECIFIED.,.T.,.F.) B_SPLINE_CURVE_WITH_KNOTS((1,2
    ,2,2,2,1),(-2.094395102393,0.,2.094395102393,4.188790204786,
6.28318530718,8.377580409573),.UNSPECIFIED.) CURVE() 
GEOMETRIC_REPRESENTATION_ITEM() RATIONAL_B_SPLINE_CURVE((1.,0.5,1.,0.5,
1.,0.5,1.)) REPRESENTATION_ITEM('') );
#1380 = CARTESIAN_POINT('',(8.99,-2.343050820501E-16));
#1381 = CARTESIAN_POINT('',(8.99,-15.57113676004));
#1382 = CARTESIAN_POINT('',(-4.495,-7.785568380022));
#1383 = CARTESIAN_POINT('',(-17.98,-2.436220026917E-15));
#1384 = CARTESIAN_POINT('',(-4.495,7.785568380022));
#1385 = CARTESIAN_POINT('',(8.99,15.571136760044));
#1386 = CARTESIAN_POINT('',(8.99,-2.343050820501E-16));
#1387 = ( GEOMETRIC_REPRESENTATION_CONTEXT(2) 
PARAMETRIC_REPRESENTATION_CONTEXT() REPRESENTATION_CONTEXT('2D SPACE',''
  ) );
#1388 = PCURVE('',#1389,#1394);
#1389 = CONICAL_SURFACE('',#1390,8.49,0.785398163397);
#1390 = AXIS2_PLACEMENT_3D('',#1391,#1392,#1393);
#1391 = CARTESIAN_POINT('',(0.,0.,0.5));
#1392 = DIRECTION('',(-0.,-0.,-1.));
#1393 = DIRECTION('',(1.,0.,0.));
#1394 = DEFINITIONAL_REPRESENTATION('',(#1395),#1399);
#1395 = LINE('',#1396,#1397);
#1396 = CARTESIAN_POINT('',(-6.28318530718,0.5));
#1397 = VECTOR('',#1398,1.);
#1398 = DIRECTION('',(1.,-0.));
#1399 = ( GEOMETRIC_REPRESENTATION_CONTEXT(2) 
PARAMETRIC_REPRESENTATION_CONTEXT() REPRESENTATION_CONTEXT('2D SPACE',''
  ) );
#1400 = ORIENTED_EDGE('',*,*,#1401,.T.);
#1401 = EDGE_CURVE('',#1369,#1402,#1404,.T.);
#1402 = VERTEX_POINT('',#1403);
#1403 = CARTESIAN_POINT('',(5.720334670989,9.101663103625,0.));
#1404 = SURFACE_CURVE('',#1405,(#1410,#1418),.PCURVE_S1.);
#1405 = B_SPLINE_CURVE_WITH_KNOTS('',3,(#1406,#1407,#1408,#1409),
  .UNSPECIFIED.,.F.,.F.,(4,4),(0.,1.),.PIECEWISE_BEZIER_KNOTS.);
#1406 = CARTESIAN_POINT('',(3.933689510975,7.53499083153,0.));
#1407 = CARTESIAN_POINT('',(4.24307120162,8.309412959665,0.));
#1408 = CARTESIAN_POINT('',(4.99689278377,8.767455712583,0.));
#1409 = CARTESIAN_POINT('',(5.720334670989,9.101663103625,0.));
#1410 = PCURVE('',#49,#1411);
#1411 = DEFINITIONAL_REPRESENTATION('',(#1412),#1417);
#1412 = B_SPLINE_CURVE_WITH_KNOTS('',3,(#1413,#1414,#1415,#1416),
  .UNSPECIFIED.,.F.,.F.,(4,4),(0.,1.),.PIECEWISE_BEZIER_KNOTS.);
#1413 = CARTESIAN_POINT('',(3.933689510975,7.53499083153));
#1414 = CARTESIAN_POINT('',(4.24307120162,8.309412959665));
#1415 = CARTESIAN_POINT('',(4.99689278377,8.767455712583));
#1416 = CARTESIAN_POINT('',(5.720334670989,9.101663103625));
#1417 = ( GEOMETRIC_REPRESENTATION_CONTEXT(2) 
PARAMETRIC_REPRESENTATION_CONTEXT() REPRESENTATION_CONTEXT('2D SPACE',''
  ) );
#1418 = PCURVE('',#1419,#1428);
#1419 = B_SPLINE_SURFACE_WITH_KNOTS('',1,3,(
    (#1420,#1421,#1422,#1423)
    ,(#1424,#1425,#1426,#1427
    )),.UNSPECIFIED.,.F.,.F.,.F.,(2,2),(4,4),(0.,1.),(0.,1.),
  .PIECEWISE_BEZIER_KNOTS.);
#1420 = CARTESIAN_POINT('',(3.933689510975,7.53499083153,0.));
#1421 = CARTESIAN_POINT('',(4.24307120162,8.309412959665,0.));
#1422 = CARTESIAN_POINT('',(4.99689278377,8.767455712583,0.));
#1423 = CARTESIAN_POINT('',(5.720334670989,9.101663103625,0.));
#1424 = CARTESIAN_POINT('',(3.933689510975,7.53499083153,6.));
#1425 = CARTESIAN_POINT('',(4.24307120162,8.309412959665,6.));
#1426 = CARTESIAN_POINT('',(4.99689278377,8.767455712583,6.));
#1427 = CARTESIAN_POINT('',(5.720334670989,9.101663103625,6.));
#1428 = DEFINITIONAL_REPRESENTATION('',(#1429),#1433);
#1429 = LINE('',#1430,#1431);
#1430 = CARTESIAN_POINT('',(0.,0.));
#1431 = VECTOR('',#1432,1.);
#1432 = DIRECTION('',(0.,1.));
#1433 = ( GEOMETRIC_REPRESENTATION_CONTEXT(2) 
PARAMETRIC_REPRESENTATION_CONTEXT() REPRESENTATION_CONTEXT('2D SPACE',''
  ) );
#1434 = ORIENTED_EDGE('',*,*,#1435,.T.);
#1435 = EDGE_CURVE('',#1402,#1436,#1438,.T.);
#1436 = VERTEX_POINT('',#1437);
#1437 = CARTESIAN_POINT('',(6.03722803368,8.894626336691,0.));
#1438 = SURFACE_CURVE('',#1439,(#1444,#1452),.PCURVE_S1.);
#1439 = B_SPLINE_CURVE_WITH_KNOTS('',3,(#1440,#1441,#1442,#1443),
  .UNSPECIFIED.,.F.,.F.,(4,4),(0.,1.),.PIECEWISE_BEZIER_KNOTS.);
#1440 = CARTESIAN_POINT('',(5.720334670989,9.101663103625,0.));
#1441 = CARTESIAN_POINT('',(5.827170001761,9.034517867532,0.));
#1442 = CARTESIAN_POINT('',(5.932822953892,8.96549134883,0.));
#1443 = CARTESIAN_POINT('',(6.03722803368,8.894626336691,0.));
#1444 = PCURVE('',#49,#1445);
#1445 = DEFINITIONAL_REPRESENTATION('',(#1446),#1451);
#1446 = B_SPLINE_CURVE_WITH_KNOTS('',3,(#1447,#1448,#1449,#1450),
  .UNSPECIFIED.,.F.,.F.,(4,4),(0.,1.),.PIECEWISE_BEZIER_KNOTS.);
#1447 = CARTESIAN_POINT('',(5.720334670989,9.101663103625));
#1448 = CARTESIAN_POINT('',(5.827170001761,9.034517867532));
#1449 = CARTESIAN_POINT('',(5.932822953892,8.96549134883));
#1450 = CARTESIAN_POINT('',(6.03722803368,8.894626336691));
#1451 = ( GEOMETRIC_REPRESENTATION_CONTEXT(2) 
PARAMETRIC_REPRESENTATION_CONTEXT() REPRESENTATION_CONTEXT('2D SPACE',''
  ) );
#1452 = PCURVE('',#1453,#1462);
#1453 = B_SPLINE_SURFACE_WITH_KNOTS('',1,3,(
    (#1454,#1455,#1456,#1457)
    ,(#1458,#1459,#1460,#1461
    )),.UNSPECIFIED.,.F.,.F.,.F.,(2,2),(4,4),(0.,1.),(0.,1.),
  .PIECEWISE_BEZIER_KNOTS.);
#1454 = CARTESIAN_POINT('',(5.720334670989,9.101663103625,0.));
#1455 = CARTESIAN_POINT('',(5.827170001761,9.034517867532,0.));
#1456 = CARTESIAN_POINT('',(5.932822953892,8.96549134883,0.));
#1457 = CARTESIAN_POINT('',(6.03722803368,8.894626336691,0.));
#1458 = CARTESIAN_POINT('',(5.720334670989,9.101663103625,6.));
#1459 = CARTESIAN_POINT('',(5.827170001761,9.034517867532,6.));
#1460 = CARTESIAN_POINT('',(5.932822953892,8.96549134883,6.));
#1461 = CARTESIAN_POINT('',(6.03722803368,8.894626336691,6.));
#1462 = DEFINITIONAL_REPRESENTATION('',(#1463),#1467);
#1463 = LINE('',#1464,#1465);
#1464 = CARTESIAN_POINT('',(0.,0.));
#1465 = VECTOR('',#1466,1.);
#1466 = DIRECTION('',(0.,1.));
#1467 = ( GEOMETRIC_REPRESENTATION_CONTEXT(2) 
PARAMETRIC_REPRESENTATION_CONTEXT() REPRESENTATION_CONTEXT('2D SPACE',''
  ) );
#1468 = ORIENTED_EDGE('',*,*,#1469,.T.);
#1469 = EDGE_CURVE('',#1436,#1470,#1472,.T.);
#1470 = VERTEX_POINT('',#1471);
#1471 = CARTESIAN_POINT('',(5.618696138618,7.017859623979,0.));
#1472 = SURFACE_CURVE('',#1473,(#1478,#1486),.PCURVE_S1.);
#1473 = B_SPLINE_CURVE_WITH_KNOTS('',3,(#1474,#1475,#1476,#1477),
  .UNSPECIFIED.,.F.,.F.,(4,4),(0.,1.),.PIECEWISE_BEZIER_KNOTS.);
#1474 = CARTESIAN_POINT('',(6.03722803368,8.894626336691,0.));
#1475 = CARTESIAN_POINT('',(6.021773115491,8.097867973124,0.));
#1476 = CARTESIAN_POINT('',(5.905116460456,7.223544596991,0.));
#1477 = CARTESIAN_POINT('',(5.320198541541,6.629139271322,0.));
#1478 = PCURVE('',#49,#1479);
#1479 = DEFINITIONAL_REPRESENTATION('',(#1480),#1485);
#1480 = B_SPLINE_CURVE_WITH_KNOTS('',3,(#1481,#1482,#1483,#1484),
  .UNSPECIFIED.,.F.,.F.,(4,4),(0.,1.),.PIECEWISE_BEZIER_KNOTS.);
#1481 = CARTESIAN_POINT('',(6.03722803368,8.894626336691));
#1482 = CARTESIAN_POINT('',(6.021773115491,8.097867973124));
#1483 = CARTESIAN_POINT('',(5.905116460456,7.223544596991));
#1484 = CARTESIAN_POINT('',(5.320198541541,6.629139271322));
#1485 = ( GEOMETRIC_REPRESENTATION_CONTEXT(2) 
PARAMETRIC_REPRESENTATION_CONTEXT() REPRESENTATION_CONTEXT('2D SPACE',''
  ) );
#1486 = PCURVE('',#1487,#1496);
#1487 = B_SPLINE_SURFACE_WITH_KNOTS('',1,3,(
    (#1488,#1489,#1490,#1491)
    ,(#1492,#1493,#1494,#1495
    )),.UNSPECIFIED.,.F.,.F.,.F.,(2,2),(4,4),(0.,1.),(0.,1.),
  .PIECEWISE_BEZIER_KNOTS.);
#1488 = CARTESIAN_POINT('',(6.03722803368,8.894626336691,0.));
#1489 = CARTESIAN_POINT('',(6.021773115491,8.097867973124,0.));
#1490 = CARTESIAN_POINT('',(5.905116460456,7.223544596991,0.));
#1491 = CARTESIAN_POINT('',(5.320198541541,6.629139271322,0.));
#1492 = CARTESIAN_POINT('',(6.03722803368,8.894626336691,6.));
#1493 = CARTESIAN_POINT('',(6.021773115491,8.097867973124,6.));
#1494 = CARTESIAN_POINT('',(5.905116460456,7.223544596991,6.));
#1495 = CARTESIAN_POINT('',(5.320198541541,6.629139271322,6.));
#1496 = DEFINITIONAL_REPRESENTATION('',(#1497),#1501);
#1497 = LINE('',#1498,#1499);
#1498 = CARTESIAN_POINT('',(0.,0.));
#1499 = VECTOR('',#1500,1.);
#1500 = DIRECTION('',(0.,1.));
#1501 = ( GEOMETRIC_REPRESENTATION_CONTEXT(2) 
PARAMETRIC_REPRESENTATION_CONTEXT() REPRESENTATION_CONTEXT('2D SPACE',''
  ) );
#1502 = ORIENTED_EDGE('',*,*,#1503,.T.);
#1503 = EDGE_CURVE('',#1470,#1504,#1506,.T.);
#1504 = VERTEX_POINT('',#1505);
#1505 = CARTESIAN_POINT('',(6.52990182582,6.179035697028,0.));
#1506 = SURFACE_CURVE('',#1507,(#1512,#1523),.PCURVE_S1.);
#1507 = CIRCLE('',#1508,8.99);
#1508 = AXIS2_PLACEMENT_3D('',#1509,#1510,#1511);
#1509 = CARTESIAN_POINT('',(0.,0.,0.));
#1510 = DIRECTION('',(0.,0.,-1.));
#1511 = DIRECTION('',(1.,0.,0.));
#1512 = PCURVE('',#49,#1513);
#1513 = DEFINITIONAL_REPRESENTATION('',(#1514),#1522);
#1514 = ( BOUNDED_CURVE() B_SPLINE_CURVE(2,(#1515,#1516,#1517,#1518,
#1519,#1520,#1521),.UNSPECIFIED.,.T.,.F.) B_SPLINE_CURVE_WITH_KNOTS((1,2
    ,2,2,2,1),(-2.094395102393,0.,2.094395102393,4.188790204786,
6.28318530718,8.377580409573),.UNSPECIFIED.) CURVE() 
GEOMETRIC_REPRESENTATION_ITEM() RATIONAL_B_SPLINE_CURVE((1.,0.5,1.,0.5,
1.,0.5,1.)) REPRESENTATION_ITEM('') );
#1515 = CARTESIAN_POINT('',(8.99,-2.343050820501E-16));
#1516 = CARTESIAN_POINT('',(8.99,-15.57113676004));
#1517 = CARTESIAN_POINT('',(-4.495,-7.785568380022));
#1518 = CARTESIAN_POINT('',(-17.98,-2.436220026917E-15));
#1519 = CARTESIAN_POINT('',(-4.495,7.785568380022));
#1520 = CARTESIAN_POINT('',(8.99,15.571136760044));
#1521 = CARTESIAN_POINT('',(8.99,-2.343050820501E-16));
#1522 = ( GEOMETRIC_REPRESENTATION_CONTEXT(2) 
PARAMETRIC_REPRESENTATION_CONTEXT() REPRESENTATION_CONTEXT('2D SPACE',''
  ) );
#1523 = PCURVE('',#1524,#1529);
#1524 = CONICAL_SURFACE('',#1525,8.49,0.785398163397);
#1525 = AXIS2_PLACEMENT_3D('',#1526,#1527,#1528);
#1526 = CARTESIAN_POINT('',(0.,0.,0.5));
#1527 = DIRECTION('',(-0.,-0.,-1.));
#1528 = DIRECTION('',(1.,0.,0.));
#1529 = DEFINITIONAL_REPRESENTATION('',(#1530),#1534);
#1530 = LINE('',#1531,#1532);
#1531 = CARTESIAN_POINT('',(-6.28318530718,0.5));
#1532 = VECTOR('',#1533,1.);
#1533 = DIRECTION('',(1.,-0.));
#1534 = ( GEOMETRIC_REPRESENTATION_CONTEXT(2) 
PARAMETRIC_REPRESENTATION_CONTEXT() REPRESENTATION_CONTEXT('2D SPACE',''
  ) );
#1535 = ORIENTED_EDGE('',*,*,#1536,.T.);
#1536 = EDGE_CURVE('',#1504,#1537,#1539,.T.);
#1537 = VERTEX_POINT('',#1538);
#1538 = CARTESIAN_POINT('',(8.365696338746,6.751120260215,0.));
#1539 = SURFACE_CURVE('',#1540,(#1545,#1553),.PCURVE_S1.);
#1540 = B_SPLINE_CURVE_WITH_KNOTS('',3,(#1541,#1542,#1543,#1544),
  .UNSPECIFIED.,.F.,.F.,(4,4),(0.,1.),.PIECEWISE_BEZIER_KNOTS.);
#1541 = CARTESIAN_POINT('',(6.167158886437,5.849457348288,0.));
#1542 = CARTESIAN_POINT('',(6.711231877661,6.481463078699,0.));
#1543 = CARTESIAN_POINT('',(7.572935565971,6.669922344245,0.));
#1544 = CARTESIAN_POINT('',(8.365696338746,6.751120260215,0.));
#1545 = PCURVE('',#49,#1546);
#1546 = DEFINITIONAL_REPRESENTATION('',(#1547),#1552);
#1547 = B_SPLINE_CURVE_WITH_KNOTS('',3,(#1548,#1549,#1550,#1551),
  .UNSPECIFIED.,.F.,.F.,(4,4),(0.,1.),.PIECEWISE_BEZIER_KNOTS.);
#1548 = CARTESIAN_POINT('',(6.167158886437,5.849457348288));
#1549 = CARTESIAN_POINT('',(6.711231877661,6.481463078699));
#1550 = CARTESIAN_POINT('',(7.572935565971,6.669922344245));
#1551 = CARTESIAN_POINT('',(8.365696338746,6.751120260215));
#1552 = ( GEOMETRIC_REPRESENTATION_CONTEXT(2) 
PARAMETRIC_REPRESENTATION_CONTEXT() REPRESENTATION_CONTEXT('2D SPACE',''
  ) );
#1553 = PCURVE('',#1554,#1563);
#1554 = B_SPLINE_SURFACE_WITH_KNOTS('',1,3,(
    (#1555,#1556,#1557,#1558)
    ,(#1559,#1560,#1561,#1562
    )),.UNSPECIFIED.,.F.,.F.,.F.,(2,2),(4,4),(0.,1.),(0.,1.),
  .PIECEWISE_BEZIER_KNOTS.);
#1555 = CARTESIAN_POINT('',(6.167158886437,5.849457348288,0.));
#1556 = CARTESIAN_POINT('',(6.711231877661,6.481463078699,0.));
#1557 = CARTESIAN_POINT('',(7.572935565971,6.669922344245,0.));
#1558 = CARTESIAN_POINT('',(8.365696338746,6.751120260215,0.));
#1559 = CARTESIAN_POINT('',(6.167158886437,5.849457348288,6.));
#1560 = CARTESIAN_POINT('',(6.711231877661,6.481463078699,6.));
#1561 = CARTESIAN_POINT('',(7.572935565971,6.669922344245,6.));
#1562 = CARTESIAN_POINT('',(8.365696338746,6.751120260215,6.));
#1563 = DEFINITIONAL_REPRESENTATION('',(#1564),#1568);
#1564 = LINE('',#1565,#1566);
#1565 = CARTESIAN_POINT('',(0.,0.));
#1566 = VECTOR('',#1567,1.);
#1567 = DIRECTION('',(0.,1.));
#1568 = ( GEOMETRIC_REPRESENTATION_CONTEXT(2) 
PARAMETRIC_REPRESENTATION_CONTEXT() REPRESENTATION_CONTEXT('2D SPACE',''
  ) );
#1569 = ORIENTED_EDGE('',*,*,#1570,.T.);
#1570 = EDGE_CURVE('',#1537,#1571,#1573,.T.);
#1571 = VERTEX_POINT('',#1572);
#1572 = CARTESIAN_POINT('',(8.59819481663,6.452406209723,0.));
#1573 = SURFACE_CURVE('',#1574,(#1579,#1587),.PCURVE_S1.);
#1574 = B_SPLINE_CURVE_WITH_KNOTS('',3,(#1575,#1576,#1577,#1578),
  .UNSPECIFIED.,.F.,.F.,(4,4),(0.,1.),.PIECEWISE_BEZIER_KNOTS.);
#1575 = CARTESIAN_POINT('',(8.365696338746,6.751120260215,0.));
#1576 = CARTESIAN_POINT('',(8.444941014094,6.652923763027,0.));
#1577 = CARTESIAN_POINT('',(8.522456523872,6.553331834028,0.));
#1578 = CARTESIAN_POINT('',(8.59819481663,6.452406209723,0.));
#1579 = PCURVE('',#49,#1580);
#1580 = DEFINITIONAL_REPRESENTATION('',(#1581),#1586);
#1581 = B_SPLINE_CURVE_WITH_KNOTS('',3,(#1582,#1583,#1584,#1585),
  .UNSPECIFIED.,.F.,.F.,(4,4),(0.,1.),.PIECEWISE_BEZIER_KNOTS.);
#1582 = CARTESIAN_POINT('',(8.365696338746,6.751120260215));
#1583 = CARTESIAN_POINT('',(8.444941014094,6.652923763027));
#1584 = CARTESIAN_POINT('',(8.522456523872,6.553331834028));
#1585 = CARTESIAN_POINT('',(8.59819481663,6.452406209723));
#1586 = ( GEOMETRIC_REPRESENTATION_CONTEXT(2) 
PARAMETRIC_REPRESENTATION_CONTEXT() REPRESENTATION_CONTEXT('2D SPACE',''
  ) );
#1587 = PCURVE('',#1588,#1597);
#1588 = B_SPLINE_SURFACE_WITH_KNOTS('',1,3,(
    (#1589,#1590,#1591,#1592)
    ,(#1593,#1594,#1595,#1596
    )),.UNSPECIFIED.,.F.,.F.,.F.,(2,2),(4,4),(0.,1.),(0.,1.),
  .PIECEWISE_BEZIER_KNOTS.);
#1589 = CARTESIAN_POINT('',(8.365696338746,6.751120260215,0.));
#1590 = CARTESIAN_POINT('',(8.444941014094,6.652923763027,0.));
#1591 = CARTESIAN_POINT('',(8.522456523872,6.553331834028,0.));
#1592 = CARTESIAN_POINT('',(8.59819481663,6.452406209723,0.));
#1593 = CARTESIAN_POINT('',(8.365696338746,6.751120260215,6.));
#1594 = CARTESIAN_POINT('',(8.444941014094,6.652923763027,6.));
#1595 = CARTESIAN_POINT('',(8.522456523872,6.553331834028,6.));
#1596 = CARTESIAN_POINT('',(8.59819481663,6.452406209723,6.));
#1597 = DEFINITIONAL_REPRESENTATION('',(#1598),#1602);
#1598 = LINE('',#1599,#1600);
#1599 = CARTESIAN_POINT('',(0.,0.));
#1600 = VECTOR('',#1601,1.);
#1601 = DIRECTION('',(0.,1.));
#1602 = ( GEOMETRIC_REPRESENTATION_CONTEXT(2) 
PARAMETRIC_REPRESENTATION_CONTEXT() REPRESENTATION_CONTEXT('2D SPACE',''
  ) );
#1603 = ORIENTED_EDGE('',*,*,#1604,.T.);
#1604 = EDGE_CURVE('',#1571,#1605,#1607,.T.);
#1605 = VERTEX_POINT('',#1606);
#1606 = CARTESIAN_POINT('',(7.592954978641,4.813224978362,0.));
#1607 = SURFACE_CURVE('',#1608,(#1613,#1621),.PCURVE_S1.);
#1608 = B_SPLINE_CURVE_WITH_KNOTS('',3,(#1609,#1610,#1611,#1612),
  .UNSPECIFIED.,.F.,.F.,(4,4),(0.,1.),.PIECEWISE_BEZIER_KNOTS.);
#1609 = CARTESIAN_POINT('',(8.59819481663,6.452406209723,0.));
#1610 = CARTESIAN_POINT('',(8.324870270804,5.703836615725,0.));
#1611 = CARTESIAN_POINT('',(7.930642058969,4.914764845726,0.));
#1612 = CARTESIAN_POINT('',(7.184413512543,4.542488577949,0.));
#1613 = PCURVE('',#49,#1614);
#1614 = DEFINITIONAL_REPRESENTATION('',(#1615),#1620);
#1615 = B_SPLINE_CURVE_WITH_KNOTS('',3,(#1616,#1617,#1618,#1619),
  .UNSPECIFIED.,.F.,.F.,(4,4),(0.,1.),.PIECEWISE_BEZIER_KNOTS.);
#1616 = CARTESIAN_POINT('',(8.59819481663,6.452406209723));
#1617 = CARTESIAN_POINT('',(8.324870270804,5.703836615725));
#1618 = CARTESIAN_POINT('',(7.930642058969,4.914764845726));
#1619 = CARTESIAN_POINT('',(7.184413512543,4.542488577949));
#1620 = ( GEOMETRIC_REPRESENTATION_CONTEXT(2) 
PARAMETRIC_REPRESENTATION_CONTEXT() REPRESENTATION_CONTEXT('2D SPACE',''
  ) );
#1621 = PCURVE('',#1622,#1631);
#1622 = B_SPLINE_SURFACE_WITH_KNOTS('',1,3,(
    (#1623,#1624,#1625,#1626)
    ,(#1627,#1628,#1629,#1630
    )),.UNSPECIFIED.,.F.,.F.,.F.,(2,2),(4,4),(0.,1.),(0.,1.),
  .PIECEWISE_BEZIER_KNOTS.);
#1623 = CARTESIAN_POINT('',(8.59819481663,6.452406209723,0.));
#1624 = CARTESIAN_POINT('',(8.324870270804,5.703836615725,0.));
#1625 = CARTESIAN_POINT('',(7.930642058969,4.914764845726,0.));
#1626 = CARTESIAN_POINT('',(7.184413512543,4.542488577949,0.));
#1627 = CARTESIAN_POINT('',(8.59819481663,6.452406209723,6.));
#1628 = CARTESIAN_POINT('',(8.324870270804,5.703836615725,6.));
#1629 = CARTESIAN_POINT('',(7.930642058969,4.914764845726,6.));
#1630 = CARTESIAN_POINT('',(7.184413512543,4.542488577949,6.));
#1631 = DEFINITIONAL_REPRESENTATION('',(#1632),#1636);
#1632 = LINE('',#1633,#1634);
#1633 = CARTESIAN_POINT('',(0.,0.));
#1634 = VECTOR('',#1635,1.);
#1635 = DIRECTION('',(0.,1.));
#1636 = ( GEOMETRIC_REPRESENTATION_CONTEXT(2) 
PARAMETRIC_REPRESENTATION_CONTEXT() REPRESENTATION_CONTEXT('2D SPACE',''
  ) );
#1637 = ORIENTED_EDGE('',*,*,#1638,.T.);
#1638 = EDGE_CURVE('',#1605,#1639,#1641,.T.);
#1639 = VERTEX_POINT('',#1640);
#1640 = CARTESIAN_POINT('',(8.182423344495,3.723982842531,0.));
#1641 = SURFACE_CURVE('',#1642,(#1647,#1658),.PCURVE_S1.);
#1642 = CIRCLE('',#1643,8.99);
#1643 = AXIS2_PLACEMENT_3D('',#1644,#1645,#1646);
#1644 = CARTESIAN_POINT('',(0.,0.,0.));
#1645 = DIRECTION('',(0.,0.,-1.));
#1646 = DIRECTION('',(1.,0.,0.));
#1647 = PCURVE('',#49,#1648);
#1648 = DEFINITIONAL_REPRESENTATION('',(#1649),#1657);
#1649 = ( BOUNDED_CURVE() B_SPLINE_CURVE(2,(#1650,#1651,#1652,#1653,
#1654,#1655,#1656),.UNSPECIFIED.,.T.,.F.) B_SPLINE_CURVE_WITH_KNOTS((1,2
    ,2,2,2,1),(-2.094395102393,0.,2.094395102393,4.188790204786,
6.28318530718,8.377580409573),.UNSPECIFIED.) CURVE() 
GEOMETRIC_REPRESENTATION_ITEM() RATIONAL_B_SPLINE_CURVE((1.,0.5,1.,0.5,
1.,0.5,1.)) REPRESENTATION_ITEM('') );
#1650 = CARTESIAN_POINT('',(8.99,-2.343050820501E-16));
#1651 = CARTESIAN_POINT('',(8.99,-15.57113676004));
#1652 = CARTESIAN_POINT('',(-4.495,-7.785568380022));
#1653 = CARTESIAN_POINT('',(-17.98,-2.436220026917E-15));
#1654 = CARTESIAN_POINT('',(-4.495,7.785568380022));
#1655 = CARTESIAN_POINT('',(8.99,15.571136760044));
#1656 = CARTESIAN_POINT('',(8.99,-2.343050820501E-16));
#1657 = ( GEOMETRIC_REPRESENTATION_CONTEXT(2) 
PARAMETRIC_REPRESENTATION_CONTEXT() REPRESENTATION_CONTEXT('2D SPACE',''
  ) );
#1658 = PCURVE('',#1659,#1664);
#1659 = CONICAL_SURFACE('',#1660,8.49,0.785398163397);
#1660 = AXIS2_PLACEMENT_3D('',#1661,#1662,#1663);
#1661 = CARTESIAN_POINT('',(0.,0.,0.5));
#1662 = DIRECTION('',(-0.,-0.,-1.));
#1663 = DIRECTION('',(1.,0.,0.));
#1664 = DEFINITIONAL_REPRESENTATION('',(#1665),#1669);
#1665 = LINE('',#1666,#1667);
#1666 = CARTESIAN_POINT('',(-6.28318530718,0.5));
#1667 = VECTOR('',#1668,1.);
#1668 = DIRECTION('',(1.,-0.));
#1669 = ( GEOMETRIC_REPRESENTATION_CONTEXT(2) 
PARAMETRIC_REPRESENTATION_CONTEXT() REPRESENTATION_CONTEXT('2D SPACE',''
  ) );
#1670 = ORIENTED_EDGE('',*,*,#1671,.T.);
#1671 = EDGE_CURVE('',#1639,#1672,#1674,.T.);
#1672 = VERTEX_POINT('',#1673);
#1673 = CARTESIAN_POINT('',(10.104505001047,3.668988782188,0.));
#1674 = SURFACE_CURVE('',#1675,(#1680,#1688),.PCURVE_S1.);
#1675 = B_SPLINE_CURVE_WITH_KNOTS('',3,(#1676,#1677,#1678,#1679),
  .UNSPECIFIED.,.F.,.F.,(4,4),(0.,1.),.PIECEWISE_BEZIER_KNOTS.);
#1676 = CARTESIAN_POINT('',(7.732320903224,3.530044397676,0.));
#1677 = CARTESIAN_POINT('',(8.452126444266,3.951146102893,0.));
#1678 = CARTESIAN_POINT('',(9.328333273396,3.849599395399,0.));
#1679 = CARTESIAN_POINT('',(10.104505001047,3.668988782188,0.));
#1680 = PCURVE('',#49,#1681);
#1681 = DEFINITIONAL_REPRESENTATION('',(#1682),#1687);
#1682 = B_SPLINE_CURVE_WITH_KNOTS('',3,(#1683,#1684,#1685,#1686),
  .UNSPECIFIED.,.F.,.F.,(4,4),(0.,1.),.PIECEWISE_BEZIER_KNOTS.);
#1683 = CARTESIAN_POINT('',(7.732320903224,3.530044397676));
#1684 = CARTESIAN_POINT('',(8.452126444266,3.951146102893));
#1685 = CARTESIAN_POINT('',(9.328333273396,3.849599395399));
#1686 = CARTESIAN_POINT('',(10.104505001047,3.668988782188));
#1687 = ( GEOMETRIC_REPRESENTATION_CONTEXT(2) 
PARAMETRIC_REPRESENTATION_CONTEXT() REPRESENTATION_CONTEXT('2D SPACE',''
  ) );
#1688 = PCURVE('',#1689,#1698);
#1689 = B_SPLINE_SURFACE_WITH_KNOTS('',1,3,(
    (#1690,#1691,#1692,#1693)
    ,(#1694,#1695,#1696,#1697
    )),.UNSPECIFIED.,.F.,.F.,.F.,(2,2),(4,4),(0.,1.),(0.,1.),
  .PIECEWISE_BEZIER_KNOTS.);
#1690 = CARTESIAN_POINT('',(7.732320903224,3.530044397676,0.));
#1691 = CARTESIAN_POINT('',(8.452126444266,3.951146102893,0.));
#1692 = CARTESIAN_POINT('',(9.328333273396,3.849599395399,0.));
#1693 = CARTESIAN_POINT('',(10.104505001047,3.668988782188,0.));
#1694 = CARTESIAN_POINT('',(7.732320903224,3.530044397676,6.));
#1695 = CARTESIAN_POINT('',(8.452126444266,3.951146102893,6.));
#1696 = CARTESIAN_POINT('',(9.328333273396,3.849599395399,6.));
#1697 = CARTESIAN_POINT('',(10.104505001047,3.668988782188,6.));
#1698 = DEFINITIONAL_REPRESENTATION('',(#1699),#1703);
#1699 = LINE('',#1700,#1701);
#1700 = CARTESIAN_POINT('',(0.,0.));
#1701 = VECTOR('',#1702,1.);
#1702 = DIRECTION('',(0.,1.));
#1703 = ( GEOMETRIC_REPRESENTATION_CONTEXT(2) 
PARAMETRIC_REPRESENTATION_CONTEXT() REPRESENTATION_CONTEXT('2D SPACE',''
  ) );
#1704 = ORIENTED_EDGE('',*,*,#1705,.T.);
#1705 = EDGE_CURVE('',#1672,#1706,#1708,.T.);
#1706 = VERTEX_POINT('',#1707);
#1707 = CARTESIAN_POINT('',(10.22741377646,3.310967750534,0.));
#1708 = SURFACE_CURVE('',#1709,(#1714,#1722),.PCURVE_S1.);
#1709 = B_SPLINE_CURVE_WITH_KNOTS('',3,(#1710,#1711,#1712,#1713),
  .UNSPECIFIED.,.F.,.F.,(4,4),(0.,1.),.PIECEWISE_BEZIER_KNOTS.);
#1710 = CARTESIAN_POINT('',(10.104505001047,3.668988782188,0.));
#1711 = CARTESIAN_POINT('',(10.147571630789,3.550382138049,0.));
#1712 = CARTESIAN_POINT('',(10.188549689953,3.431017129588,0.));
#1713 = CARTESIAN_POINT('',(10.22741377646,3.310967750534,0.));
#1714 = PCURVE('',#49,#1715);
#1715 = DEFINITIONAL_REPRESENTATION('',(#1716),#1721);
#1716 = B_SPLINE_CURVE_WITH_KNOTS('',3,(#1717,#1718,#1719,#1720),
  .UNSPECIFIED.,.F.,.F.,(4,4),(0.,1.),.PIECEWISE_BEZIER_KNOTS.);
#1717 = CARTESIAN_POINT('',(10.104505001047,3.668988782188));
#1718 = CARTESIAN_POINT('',(10.147571630789,3.550382138049));
#1719 = CARTESIAN_POINT('',(10.188549689953,3.431017129588));
#1720 = CARTESIAN_POINT('',(10.22741377646,3.310967750534));
#1721 = ( GEOMETRIC_REPRESENTATION_CONTEXT(2) 
PARAMETRIC_REPRESENTATION_CONTEXT() REPRESENTATION_CONTEXT('2D SPACE',''
  ) );
#1722 = PCURVE('',#1723,#1732);
#1723 = B_SPLINE_SURFACE_WITH_KNOTS('',1,3,(
    (#1724,#1725,#1726,#1727)
    ,(#1728,#1729,#1730,#1731
    )),.UNSPECIFIED.,.F.,.F.,.F.,(2,2),(4,4),(0.,1.),(0.,1.),
  .PIECEWISE_BEZIER_KNOTS.);
#1724 = CARTESIAN_POINT('',(10.104505001047,3.668988782188,0.));
#1725 = CARTESIAN_POINT('',(10.147571630789,3.550382138049,0.));
#1726 = CARTESIAN_POINT('',(10.188549689953,3.431017129588,0.));
#1727 = CARTESIAN_POINT('',(10.22741377646,3.310967750534,0.));
#1728 = CARTESIAN_POINT('',(10.104505001047,3.668988782188,6.));
#1729 = CARTESIAN_POINT('',(10.147571630789,3.550382138049,6.));
#1730 = CARTESIAN_POINT('',(10.188549689953,3.431017129588,6.));
#1731 = CARTESIAN_POINT('',(10.22741377646,3.310967750534,6.));
#1732 = DEFINITIONAL_REPRESENTATION('',(#1733),#1737);
#1733 = LINE('',#1734,#1735);
#1734 = CARTESIAN_POINT('',(0.,0.));
#1735 = VECTOR('',#1736,1.);
#1736 = DIRECTION('',(0.,1.));
#1737 = ( GEOMETRIC_REPRESENTATION_CONTEXT(2) 
PARAMETRIC_REPRESENTATION_CONTEXT() REPRESENTATION_CONTEXT('2D SPACE',''
  ) );
#1738 = ORIENTED_EDGE('',*,*,#1739,.T.);
#1739 = EDGE_CURVE('',#1706,#1740,#1742,.T.);
#1740 = VERTEX_POINT('',#1741);
#1741 = CARTESIAN_POINT('',(8.744399329892,2.08700272146,0.));
#1742 = SURFACE_CURVE('',#1743,(#1748,#1756),.PCURVE_S1.);
#1743 = B_SPLINE_CURVE_WITH_KNOTS('',3,(#1744,#1745,#1746,#1747),
  .UNSPECIFIED.,.F.,.F.,(4,4),(0.,1.),.PIECEWISE_BEZIER_KNOTS.);
#1744 = CARTESIAN_POINT('',(10.22741377646,3.310967750534,0.));
#1745 = CARTESIAN_POINT('',(9.725838558603,2.691706056869,0.));
#1746 = CARTESIAN_POINT('',(9.096759533802,2.073394062992,0.));
#1747 = CARTESIAN_POINT('',(8.270085801798,1.963588763183,0.));
#1748 = PCURVE('',#49,#1749);
#1749 = DEFINITIONAL_REPRESENTATION('',(#1750),#1755);
#1750 = B_SPLINE_CURVE_WITH_KNOTS('',3,(#1751,#1752,#1753,#1754),
  .UNSPECIFIED.,.F.,.F.,(4,4),(0.,1.),.PIECEWISE_BEZIER_KNOTS.);
#1751 = CARTESIAN_POINT('',(10.22741377646,3.310967750534));
#1752 = CARTESIAN_POINT('',(9.725838558603,2.691706056869));
#1753 = CARTESIAN_POINT('',(9.096759533802,2.073394062992));
#1754 = CARTESIAN_POINT('',(8.270085801798,1.963588763183));
#1755 = ( GEOMETRIC_REPRESENTATION_CONTEXT(2) 
PARAMETRIC_REPRESENTATION_CONTEXT() REPRESENTATION_CONTEXT('2D SPACE',''
  ) );
#1756 = PCURVE('',#1757,#1766);
#1757 = B_SPLINE_SURFACE_WITH_KNOTS('',1,3,(
    (#1758,#1759,#1760,#1761)
    ,(#1762,#1763,#1764,#1765
    )),.UNSPECIFIED.,.F.,.F.,.F.,(2,2),(4,4),(0.,1.),(0.,1.),
  .PIECEWISE_BEZIER_KNOTS.);
#1758 = CARTESIAN_POINT('',(10.22741377646,3.310967750534,0.));
#1759 = CARTESIAN_POINT('',(9.725838558603,2.691706056869,0.));
#1760 = CARTESIAN_POINT('',(9.096759533802,2.073394062992,0.));
#1761 = CARTESIAN_POINT('',(8.270085801798,1.963588763183,0.));
#1762 = CARTESIAN_POINT('',(10.22741377646,3.310967750534,6.));
#1763 = CARTESIAN_POINT('',(9.725838558603,2.691706056869,6.));
#1764 = CARTESIAN_POINT('',(9.096759533802,2.073394062992,6.));
#1765 = CARTESIAN_POINT('',(8.270085801798,1.963588763183,6.));
#1766 = DEFINITIONAL_REPRESENTATION('',(#1767),#1771);
#1767 = LINE('',#1768,#1769);
#1768 = CARTESIAN_POINT('',(0.,0.));
#1769 = VECTOR('',#1770,1.);
#1770 = DIRECTION('',(0.,1.));
#1771 = ( GEOMETRIC_REPRESENTATION_CONTEXT(2) 
PARAMETRIC_REPRESENTATION_CONTEXT() REPRESENTATION_CONTEXT('2D SPACE',''
  ) );
#1772 = ORIENTED_EDGE('',*,*,#1773,.T.);
#1773 = EDGE_CURVE('',#1740,#1774,#1776,.T.);
#1774 = VERTEX_POINT('',#1775);
#1775 = CARTESIAN_POINT('',(8.948252330414,0.865378663497,0.));
#1776 = SURFACE_CURVE('',#1777,(#1782,#1793),.PCURVE_S1.);
#1777 = CIRCLE('',#1778,8.99);
#1778 = AXIS2_PLACEMENT_3D('',#1779,#1780,#1781);
#1779 = CARTESIAN_POINT('',(0.,0.,0.));
#1780 = DIRECTION('',(0.,0.,-1.));
#1781 = DIRECTION('',(1.,0.,0.));
#1782 = PCURVE('',#49,#1783);
#1783 = DEFINITIONAL_REPRESENTATION('',(#1784),#1792);
#1784 = ( BOUNDED_CURVE() B_SPLINE_CURVE(2,(#1785,#1786,#1787,#1788,
#1789,#1790,#1791),.UNSPECIFIED.,.T.,.F.) B_SPLINE_CURVE_WITH_KNOTS((1,2
    ,2,2,2,1),(-2.094395102393,0.,2.094395102393,4.188790204786,
6.28318530718,8.377580409573),.UNSPECIFIED.) CURVE() 
GEOMETRIC_REPRESENTATION_ITEM() RATIONAL_B_SPLINE_CURVE((1.,0.5,1.,0.5,
1.,0.5,1.)) REPRESENTATION_ITEM('') );
#1785 = CARTESIAN_POINT('',(8.99,-2.343050820501E-16));
#1786 = CARTESIAN_POINT('',(8.99,-15.57113676004));
#1787 = CARTESIAN_POINT('',(-4.495,-7.785568380022));
#1788 = CARTESIAN_POINT('',(-17.98,-2.436220026917E-15));
#1789 = CARTESIAN_POINT('',(-4.495,7.785568380022));
#1790 = CARTESIAN_POINT('',(8.99,15.571136760044));
#1791 = CARTESIAN_POINT('',(8.99,-2.343050820501E-16));
#1792 = ( GEOMETRIC_REPRESENTATION_CONTEXT(2) 
PARAMETRIC_REPRESENTATION_CONTEXT() REPRESENTATION_CONTEXT('2D SPACE',''
  ) );
#1793 = PCURVE('',#1794,#1799);
#1794 = CONICAL_SURFACE('',#1795,8.49,0.785398163397);
#1795 = AXIS2_PLACEMENT_3D('',#1796,#1797,#1798);
#1796 = CARTESIAN_POINT('',(0.,0.,0.5));
#1797 = DIRECTION('',(-0.,-0.,-1.));
#1798 = DIRECTION('',(1.,0.,0.));
#1799 = DEFINITIONAL_REPRESENTATION('',(#1800),#1804);
#1800 = LINE('',#1801,#1802);
#1801 = CARTESIAN_POINT('',(-6.28318530718,0.5));
#1802 = VECTOR('',#1803,1.);
#1803 = DIRECTION('',(1.,-0.));
#1804 = ( GEOMETRIC_REPRESENTATION_CONTEXT(2) 
PARAMETRIC_REPRESENTATION_CONTEXT() REPRESENTATION_CONTEXT('2D SPACE',''
  ) );
#1805 = ORIENTED_EDGE('',*,*,#1806,.T.);
#1806 = EDGE_CURVE('',#1774,#1807,#1809,.T.);
#1807 = VERTEX_POINT('',#1808);
#1808 = CARTESIAN_POINT('',(10.748333758935,0.189265439383,0.));
#1809 = SURFACE_CURVE('',#1810,(#1815,#1823),.PCURVE_S1.);
#1810 = B_SPLINE_CURVE_WITH_KNOTS('',3,(#1811,#1812,#1813,#1814),
  .UNSPECIFIED.,.F.,.F.,(4,4),(0.,1.),.PIECEWISE_BEZIER_KNOTS.);
#1811 = CARTESIAN_POINT('',(8.459565970826,0.828096362293,0.));
#1812 = CARTESIAN_POINT('',(9.27710196238,0.99266113849,0.));
#1813 = CARTESIAN_POINT('',(10.072861326644,0.612112619373,0.));
#1814 = CARTESIAN_POINT('',(10.748333758935,0.189265439383,0.));
#1815 = PCURVE('',#49,#1816);
#1816 = DEFINITIONAL_REPRESENTATION('',(#1817),#1822);
#1817 = B_SPLINE_CURVE_WITH_KNOTS('',3,(#1818,#1819,#1820,#1821),
  .UNSPECIFIED.,.F.,.F.,(4,4),(0.,1.),.PIECEWISE_BEZIER_KNOTS.);
#1818 = CARTESIAN_POINT('',(8.459565970826,0.828096362293));
#1819 = CARTESIAN_POINT('',(9.27710196238,0.99266113849));
#1820 = CARTESIAN_POINT('',(10.072861326644,0.612112619373));
#1821 = CARTESIAN_POINT('',(10.748333758935,0.189265439383));
#1822 = ( GEOMETRIC_REPRESENTATION_CONTEXT(2) 
PARAMETRIC_REPRESENTATION_CONTEXT() REPRESENTATION_CONTEXT('2D SPACE',''
  ) );
#1823 = PCURVE('',#1824,#1833);
#1824 = B_SPLINE_SURFACE_WITH_KNOTS('',1,3,(
    (#1825,#1826,#1827,#1828)
    ,(#1829,#1830,#1831,#1832
    )),.UNSPECIFIED.,.F.,.F.,.F.,(2,2),(4,4),(0.,1.),(0.,1.),
  .PIECEWISE_BEZIER_KNOTS.);
#1825 = CARTESIAN_POINT('',(8.459565970826,0.828096362293,0.));
#1826 = CARTESIAN_POINT('',(9.27710196238,0.99266113849,0.));
#1827 = CARTESIAN_POINT('',(10.072861326644,0.612112619373,0.));
#1828 = CARTESIAN_POINT('',(10.748333758935,0.189265439383,0.));
#1829 = CARTESIAN_POINT('',(8.459565970826,0.828096362293,6.));
#1830 = CARTESIAN_POINT('',(9.27710196238,0.99266113849,6.));
#1831 = CARTESIAN_POINT('',(10.072861326644,0.612112619373,6.));
#1832 = CARTESIAN_POINT('',(10.748333758935,0.189265439383,6.));
#1833 = DEFINITIONAL_REPRESENTATION('',(#1834),#1838);
#1834 = LINE('',#1835,#1836);
#1835 = CARTESIAN_POINT('',(0.,0.));
#1836 = VECTOR('',#1837,1.);
#1837 = DIRECTION('',(0.,1.));
#1838 = ( GEOMETRIC_REPRESENTATION_CONTEXT(2) 
PARAMETRIC_REPRESENTATION_CONTEXT() REPRESENTATION_CONTEXT('2D SPACE',''
  ) );
#1839 = ORIENTED_EDGE('',*,*,#1840,.T.);
#1840 = EDGE_CURVE('',#1807,#1841,#1843,.T.);
#1841 = VERTEX_POINT('',#1842);
#1842 = CARTESIAN_POINT('',(10.748333758935,-0.189265439383,0.));
#1843 = SURFACE_CURVE('',#1844,(#1849,#1857),.PCURVE_S1.);
#1844 = B_SPLINE_CURVE_WITH_KNOTS('',3,(#1845,#1846,#1847,#1848),
  .UNSPECIFIED.,.F.,.F.,(4,4),(0.,1.),.PIECEWISE_BEZIER_KNOTS.);
#1845 = CARTESIAN_POINT('',(10.748333758935,0.189265439383,0.));
#1846 = CARTESIAN_POINT('',(10.750555405491,6.310151855918E-02,0.));
#1847 = CARTESIAN_POINT('',(10.750555405491,-6.310151855918E-02,0.));
#1848 = CARTESIAN_POINT('',(10.748333758935,-0.189265439383,0.));
#1849 = PCURVE('',#49,#1850);
#1850 = DEFINITIONAL_REPRESENTATION('',(#1851),#1856);
#1851 = B_SPLINE_CURVE_WITH_KNOTS('',3,(#1852,#1853,#1854,#1855),
  .UNSPECIFIED.,.F.,.F.,(4,4),(0.,1.),.PIECEWISE_BEZIER_KNOTS.);
#1852 = CARTESIAN_POINT('',(10.748333758935,0.189265439383));
#1853 = CARTESIAN_POINT('',(10.750555405491,6.310151855918E-02));
#1854 = CARTESIAN_POINT('',(10.750555405491,-6.310151855918E-02));
#1855 = CARTESIAN_POINT('',(10.748333758935,-0.189265439383));
#1856 = ( GEOMETRIC_REPRESENTATION_CONTEXT(2) 
PARAMETRIC_REPRESENTATION_CONTEXT() REPRESENTATION_CONTEXT('2D SPACE',''
  ) );
#1857 = PCURVE('',#1858,#1867);
#1858 = B_SPLINE_SURFACE_WITH_KNOTS('',1,3,(
    (#1859,#1860,#1861,#1862)
    ,(#1863,#1864,#1865,#1866
    )),.UNSPECIFIED.,.F.,.F.,.F.,(2,2),(4,4),(0.,1.),(0.,1.),
  .PIECEWISE_BEZIER_KNOTS.);
#1859 = CARTESIAN_POINT('',(10.748333758935,0.189265439383,0.));
#1860 = CARTESIAN_POINT('',(10.750555405491,6.310151855918E-02,0.));
#1861 = CARTESIAN_POINT('',(10.750555405491,-6.310151855918E-02,0.));
#1862 = CARTESIAN_POINT('',(10.748333758935,-0.189265439383,0.));
#1863 = CARTESIAN_POINT('',(10.748333758935,0.189265439383,6.));
#1864 = CARTESIAN_POINT('',(10.750555405491,6.310151855918E-02,6.));
#1865 = CARTESIAN_POINT('',(10.750555405491,-6.310151855918E-02,6.));
#1866 = CARTESIAN_POINT('',(10.748333758935,-0.189265439383,6.));
#1867 = DEFINITIONAL_REPRESENTATION('',(#1868),#1872);
#1868 = LINE('',#1869,#1870);
#1869 = CARTESIAN_POINT('',(0.,0.));
#1870 = VECTOR('',#1871,1.);
#1871 = DIRECTION('',(0.,1.));
#1872 = ( GEOMETRIC_REPRESENTATION_CONTEXT(2) 
PARAMETRIC_REPRESENTATION_CONTEXT() REPRESENTATION_CONTEXT('2D SPACE',''
  ) );
#1873 = ORIENTED_EDGE('',*,*,#1874,.T.);
#1874 = EDGE_CURVE('',#1841,#1875,#1877,.T.);
#1875 = VERTEX_POINT('',#1876);
#1876 = CARTESIAN_POINT('',(8.948252330414,-0.865378663497,0.));
#1877 = SURFACE_CURVE('',#1878,(#1883,#1891),.PCURVE_S1.);
#1878 = B_SPLINE_CURVE_WITH_KNOTS('',3,(#1879,#1880,#1881,#1882),
  .UNSPECIFIED.,.F.,.F.,(4,4),(0.,1.),.PIECEWISE_BEZIER_KNOTS.);
#1879 = CARTESIAN_POINT('',(10.748333758935,-0.189265439383,0.));
#1880 = CARTESIAN_POINT('',(10.072861326644,-0.612112619373,0.));
#1881 = CARTESIAN_POINT('',(9.27710196238,-0.99266113849,0.));
#1882 = CARTESIAN_POINT('',(8.459565970826,-0.828096362293,0.));
#1883 = PCURVE('',#49,#1884);
#1884 = DEFINITIONAL_REPRESENTATION('',(#1885),#1890);
#1885 = B_SPLINE_CURVE_WITH_KNOTS('',3,(#1886,#1887,#1888,#1889),
  .UNSPECIFIED.,.F.,.F.,(4,4),(0.,1.),.PIECEWISE_BEZIER_KNOTS.);
#1886 = CARTESIAN_POINT('',(10.748333758935,-0.189265439383));
#1887 = CARTESIAN_POINT('',(10.072861326644,-0.612112619373));
#1888 = CARTESIAN_POINT('',(9.27710196238,-0.99266113849));
#1889 = CARTESIAN_POINT('',(8.459565970826,-0.828096362293));
#1890 = ( GEOMETRIC_REPRESENTATION_CONTEXT(2) 
PARAMETRIC_REPRESENTATION_CONTEXT() REPRESENTATION_CONTEXT('2D SPACE',''
  ) );
#1891 = PCURVE('',#1892,#1901);
#1892 = B_SPLINE_SURFACE_WITH_KNOTS('',1,3,(
    (#1893,#1894,#1895,#1896)
    ,(#1897,#1898,#1899,#1900
    )),.UNSPECIFIED.,.F.,.F.,.F.,(2,2),(4,4),(0.,1.),(0.,1.),
  .PIECEWISE_BEZIER_KNOTS.);
#1893 = CARTESIAN_POINT('',(10.748333758935,-0.189265439383,0.));
#1894 = CARTESIAN_POINT('',(10.072861326644,-0.612112619373,0.));
#1895 = CARTESIAN_POINT('',(9.27710196238,-0.99266113849,0.));
#1896 = CARTESIAN_POINT('',(8.459565970826,-0.828096362293,0.));
#1897 = CARTESIAN_POINT('',(10.748333758935,-0.189265439383,6.));
#1898 = CARTESIAN_POINT('',(10.072861326644,-0.612112619373,6.));
#1899 = CARTESIAN_POINT('',(9.27710196238,-0.99266113849,6.));
#1900 = CARTESIAN_POINT('',(8.459565970826,-0.828096362293,6.));
#1901 = DEFINITIONAL_REPRESENTATION('',(#1902),#1906);
#1902 = LINE('',#1903,#1904);
#1903 = CARTESIAN_POINT('',(0.,0.));
#1904 = VECTOR('',#1905,1.);
#1905 = DIRECTION('',(0.,1.));
#1906 = ( GEOMETRIC_REPRESENTATION_CONTEXT(2) 
PARAMETRIC_REPRESENTATION_CONTEXT() REPRESENTATION_CONTEXT('2D SPACE',''
  ) );
#1907 = ORIENTED_EDGE('',*,*,#1908,.T.);
#1908 = EDGE_CURVE('',#1875,#1909,#1911,.T.);
#1909 = VERTEX_POINT('',#1910);
#1910 = CARTESIAN_POINT('',(8.744399329892,-2.08700272146,0.));
#1911 = SURFACE_CURVE('',#1912,(#1917,#1928),.PCURVE_S1.);
#1912 = CIRCLE('',#1913,8.99);
#1913 = AXIS2_PLACEMENT_3D('',#1914,#1915,#1916);
#1914 = CARTESIAN_POINT('',(0.,0.,0.));
#1915 = DIRECTION('',(0.,0.,-1.));
#1916 = DIRECTION('',(1.,0.,0.));
#1917 = PCURVE('',#49,#1918);
#1918 = DEFINITIONAL_REPRESENTATION('',(#1919),#1927);
#1919 = ( BOUNDED_CURVE() B_SPLINE_CURVE(2,(#1920,#1921,#1922,#1923,
#1924,#1925,#1926),.UNSPECIFIED.,.T.,.F.) B_SPLINE_CURVE_WITH_KNOTS((1,2
    ,2,2,2,1),(-2.094395102393,0.,2.094395102393,4.188790204786,
6.28318530718,8.377580409573),.UNSPECIFIED.) CURVE() 
GEOMETRIC_REPRESENTATION_ITEM() RATIONAL_B_SPLINE_CURVE((1.,0.5,1.,0.5,
1.,0.5,1.)) REPRESENTATION_ITEM('') );
#1920 = CARTESIAN_POINT('',(8.99,-2.343050820501E-16));
#1921 = CARTESIAN_POINT('',(8.99,-15.57113676004));
#1922 = CARTESIAN_POINT('',(-4.495,-7.785568380022));
#1923 = CARTESIAN_POINT('',(-17.98,-2.436220026917E-15));
#1924 = CARTESIAN_POINT('',(-4.495,7.785568380022));
#1925 = CARTESIAN_POINT('',(8.99,15.571136760044));
#1926 = CARTESIAN_POINT('',(8.99,-2.343050820501E-16));
#1927 = ( GEOMETRIC_REPRESENTATION_CONTEXT(2) 
PARAMETRIC_REPRESENTATION_CONTEXT() REPRESENTATION_CONTEXT('2D SPACE',''
  ) );
#1928 = PCURVE('',#1929,#1934);
#1929 = CONICAL_SURFACE('',#1930,8.49,0.785398163397);
#1930 = AXIS2_PLACEMENT_3D('',#1931,#1932,#1933);
#1931 = CARTESIAN_POINT('',(0.,0.,0.5));
#1932 = DIRECTION('',(-0.,-0.,-1.));
#1933 = DIRECTION('',(1.,0.,0.));
#1934 = DEFINITIONAL_REPRESENTATION('',(#1935),#1939);
#1935 = LINE('',#1936,#1937);
#1936 = CARTESIAN_POINT('',(-6.28318530718,0.5));
#1937 = VECTOR('',#1938,1.);
#1938 = DIRECTION('',(1.,-0.));
#1939 = ( GEOMETRIC_REPRESENTATION_CONTEXT(2) 
PARAMETRIC_REPRESENTATION_CONTEXT() REPRESENTATION_CONTEXT('2D SPACE',''
  ) );
#1940 = ORIENTED_EDGE('',*,*,#1941,.T.);
#1941 = EDGE_CURVE('',#1909,#1942,#1944,.T.);
#1942 = VERTEX_POINT('',#1943);
#1943 = CARTESIAN_POINT('',(10.22741377646,-3.310967750534,0.));
#1944 = SURFACE_CURVE('',#1945,(#1950,#1958),.PCURVE_S1.);
#1945 = B_SPLINE_CURVE_WITH_KNOTS('',3,(#1946,#1947,#1948,#1949),
  .UNSPECIFIED.,.F.,.F.,(4,4),(0.,1.),.PIECEWISE_BEZIER_KNOTS.);
#1946 = CARTESIAN_POINT('',(8.270085801798,-1.963588763183,0.));
#1947 = CARTESIAN_POINT('',(9.096759533802,-2.073394062992,0.));
#1948 = CARTESIAN_POINT('',(9.725838558603,-2.691706056869,0.));
#1949 = CARTESIAN_POINT('',(10.22741377646,-3.310967750534,0.));
#1950 = PCURVE('',#49,#1951);
#1951 = DEFINITIONAL_REPRESENTATION('',(#1952),#1957);
#1952 = B_SPLINE_CURVE_WITH_KNOTS('',3,(#1953,#1954,#1955,#1956),
  .UNSPECIFIED.,.F.,.F.,(4,4),(0.,1.),.PIECEWISE_BEZIER_KNOTS.);
#1953 = CARTESIAN_POINT('',(8.270085801798,-1.963588763183));
#1954 = CARTESIAN_POINT('',(9.096759533802,-2.073394062992));
#1955 = CARTESIAN_POINT('',(9.725838558603,-2.691706056869));
#1956 = CARTESIAN_POINT('',(10.22741377646,-3.310967750534));
#1957 = ( GEOMETRIC_REPRESENTATION_CONTEXT(2) 
PARAMETRIC_REPRESENTATION_CONTEXT() REPRESENTATION_CONTEXT('2D SPACE',''
  ) );
#1958 = PCURVE('',#1959,#1968);
#1959 = B_SPLINE_SURFACE_WITH_KNOTS('',1,3,(
    (#1960,#1961,#1962,#1963)
    ,(#1964,#1965,#1966,#1967
    )),.UNSPECIFIED.,.F.,.F.,.F.,(2,2),(4,4),(0.,1.),(0.,1.),
  .PIECEWISE_BEZIER_KNOTS.);
#1960 = CARTESIAN_POINT('',(8.270085801798,-1.963588763183,0.));
#1961 = CARTESIAN_POINT('',(9.096759533802,-2.073394062992,0.));
#1962 = CARTESIAN_POINT('',(9.725838558603,-2.691706056869,0.));
#1963 = CARTESIAN_POINT('',(10.22741377646,-3.310967750534,0.));
#1964 = CARTESIAN_POINT('',(8.270085801798,-1.963588763183,6.));
#1965 = CARTESIAN_POINT('',(9.096759533802,-2.073394062992,6.));
#1966 = CARTESIAN_POINT('',(9.725838558603,-2.691706056869,6.));
#1967 = CARTESIAN_POINT('',(10.22741377646,-3.310967750534,6.));
#1968 = DEFINITIONAL_REPRESENTATION('',(#1969),#1973);
#1969 = LINE('',#1970,#1971);
#1970 = CARTESIAN_POINT('',(0.,0.));
#1971 = VECTOR('',#1972,1.);
#1972 = DIRECTION('',(0.,1.));
#1973 = ( GEOMETRIC_REPRESENTATION_CONTEXT(2) 
PARAMETRIC_REPRESENTATION_CONTEXT() REPRESENTATION_CONTEXT('2D SPACE',''
  ) );
#1974 = ORIENTED_EDGE('',*,*,#1975,.T.);
#1975 = EDGE_CURVE('',#1942,#1976,#1978,.T.);
#1976 = VERTEX_POINT('',#1977);
#1977 = CARTESIAN_POINT('',(10.104505001047,-3.668988782188,0.));
#1978 = SURFACE_CURVE('',#1979,(#1984,#1992),.PCURVE_S1.);
#1979 = B_SPLINE_CURVE_WITH_KNOTS('',3,(#1980,#1981,#1982,#1983),
  .UNSPECIFIED.,.F.,.F.,(4,4),(0.,1.),.PIECEWISE_BEZIER_KNOTS.);
#1980 = CARTESIAN_POINT('',(10.22741377646,-3.310967750534,0.));
#1981 = CARTESIAN_POINT('',(10.188549689953,-3.431017129588,0.));
#1982 = CARTESIAN_POINT('',(10.147571630789,-3.550382138049,0.));
#1983 = CARTESIAN_POINT('',(10.104505001047,-3.668988782188,0.));
#1984 = PCURVE('',#49,#1985);
#1985 = DEFINITIONAL_REPRESENTATION('',(#1986),#1991);
#1986 = B_SPLINE_CURVE_WITH_KNOTS('',3,(#1987,#1988,#1989,#1990),
  .UNSPECIFIED.,.F.,.F.,(4,4),(0.,1.),.PIECEWISE_BEZIER_KNOTS.);
#1987 = CARTESIAN_POINT('',(10.22741377646,-3.310967750534));
#1988 = CARTESIAN_POINT('',(10.188549689953,-3.431017129588));
#1989 = CARTESIAN_POINT('',(10.147571630789,-3.550382138049));
#1990 = CARTESIAN_POINT('',(10.104505001047,-3.668988782188));
#1991 = ( GEOMETRIC_REPRESENTATION_CONTEXT(2) 
PARAMETRIC_REPRESENTATION_CONTEXT() REPRESENTATION_CONTEXT('2D SPACE',''
  ) );
#1992 = PCURVE('',#1993,#2002);
#1993 = B_SPLINE_SURFACE_WITH_KNOTS('',1,3,(
    (#1994,#1995,#1996,#1997)
    ,(#1998,#1999,#2000,#2001
    )),.UNSPECIFIED.,.F.,.F.,.F.,(2,2),(4,4),(0.,1.),(0.,1.),
  .PIECEWISE_BEZIER_KNOTS.);
#1994 = CARTESIAN_POINT('',(10.22741377646,-3.310967750534,0.));
#1995 = CARTESIAN_POINT('',(10.188549689953,-3.431017129588,0.));
#1996 = CARTESIAN_POINT('',(10.147571630789,-3.550382138049,0.));
#1997 = CARTESIAN_POINT('',(10.104505001047,-3.668988782188,0.));
#1998 = CARTESIAN_POINT('',(10.22741377646,-3.310967750534,6.));
#1999 = CARTESIAN_POINT('',(10.188549689953,-3.431017129588,6.));
#2000 = CARTESIAN_POINT('',(10.147571630789,-3.550382138049,6.));
#2001 = CARTESIAN_POINT('',(10.104505001047,-3.668988782188,6.));
#2002 = DEFINITIONAL_REPRESENTATION('',(#2003),#2007);
#2003 = LINE('',#2004,#2005);
#2004 = CARTESIAN_POINT('',(0.,0.));
#2005 = VECTOR('',#2006,1.);
#2006 = DIRECTION('',(0.,1.));
#2007 = ( GEOMETRIC_REPRESENTATION_CONTEXT(2) 
PARAMETRIC_REPRESENTATION_CONTEXT() REPRESENTATION_CONTEXT('2D SPACE',''
  ) );
#2008 = ORIENTED_EDGE('',*,*,#2009,.T.);
#2009 = EDGE_CURVE('',#1976,#2010,#2012,.T.);
#2010 = VERTEX_POINT('',#2011);
#2011 = CARTESIAN_POINT('',(8.182423344495,-3.723982842531,0.));
#2012 = SURFACE_CURVE('',#2013,(#2018,#2026),.PCURVE_S1.);
#2013 = B_SPLINE_CURVE_WITH_KNOTS('',3,(#2014,#2015,#2016,#2017),
  .UNSPECIFIED.,.F.,.F.,(4,4),(0.,1.),.PIECEWISE_BEZIER_KNOTS.);
#2014 = CARTESIAN_POINT('',(10.104505001047,-3.668988782188,0.));
#2015 = CARTESIAN_POINT('',(9.328333273396,-3.849599395399,0.));
#2016 = CARTESIAN_POINT('',(8.452126444266,-3.951146102893,0.));
#2017 = CARTESIAN_POINT('',(7.732320903224,-3.530044397676,0.));
#2018 = PCURVE('',#49,#2019);
#2019 = DEFINITIONAL_REPRESENTATION('',(#2020),#2025);
#2020 = B_SPLINE_CURVE_WITH_KNOTS('',3,(#2021,#2022,#2023,#2024),
  .UNSPECIFIED.,.F.,.F.,(4,4),(0.,1.),.PIECEWISE_BEZIER_KNOTS.);
#2021 = CARTESIAN_POINT('',(10.104505001047,-3.668988782188));
#2022 = CARTESIAN_POINT('',(9.328333273396,-3.849599395399));
#2023 = CARTESIAN_POINT('',(8.452126444266,-3.951146102893));
#2024 = CARTESIAN_POINT('',(7.732320903224,-3.530044397676));
#2025 = ( GEOMETRIC_REPRESENTATION_CONTEXT(2) 
PARAMETRIC_REPRESENTATION_CONTEXT() REPRESENTATION_CONTEXT('2D SPACE',''
  ) );
#2026 = PCURVE('',#2027,#2036);
#2027 = B_SPLINE_SURFACE_WITH_KNOTS('',1,3,(
    (#2028,#2029,#2030,#2031)
    ,(#2032,#2033,#2034,#2035
    )),.UNSPECIFIED.,.F.,.F.,.F.,(2,2),(4,4),(0.,1.),(0.,1.),
  .PIECEWISE_BEZIER_KNOTS.);
#2028 = CARTESIAN_POINT('',(10.104505001047,-3.668988782188,0.));
#2029 = CARTESIAN_POINT('',(9.328333273396,-3.849599395399,0.));
#2030 = CARTESIAN_POINT('',(8.452126444266,-3.951146102893,0.));
#2031 = CARTESIAN_POINT('',(7.732320903224,-3.530044397676,0.));
#2032 = CARTESIAN_POINT('',(10.104505001047,-3.668988782188,6.));
#2033 = CARTESIAN_POINT('',(9.328333273396,-3.849599395399,6.));
#2034 = CARTESIAN_POINT('',(8.452126444266,-3.951146102893,6.));
#2035 = CARTESIAN_POINT('',(7.732320903224,-3.530044397676,6.));
#2036 = DEFINITIONAL_REPRESENTATION('',(#2037),#2041);
#2037 = LINE('',#2038,#2039);
#2038 = CARTESIAN_POINT('',(0.,0.));
#2039 = VECTOR('',#2040,1.);
#2040 = DIRECTION('',(0.,1.));
#2041 = ( GEOMETRIC_REPRESENTATION_CONTEXT(2) 
PARAMETRIC_REPRESENTATION_CONTEXT() REPRESENTATION_CONTEXT('2D SPACE',''
  ) );
#2042 = ORIENTED_EDGE('',*,*,#2043,.T.);
#2043 = EDGE_CURVE('',#2010,#22,#2044,.T.);
#2044 = SURFACE_CURVE('',#2045,(#2050,#2061),.PCURVE_S1.);
#2045 = CIRCLE('',#2046,8.99);
#2046 = AXIS2_PLACEMENT_3D('',#2047,#2048,#2049);
#2047 = CARTESIAN_POINT('',(0.,0.,0.));
#2048 = DIRECTION('',(0.,0.,-1.));
#2049 = DIRECTION('',(1.,0.,0.));
#2050 = PCURVE('',#49,#2051);
#2051 = DEFINITIONAL_REPRESENTATION('',(#2052),#2060);
#2052 = ( BOUNDED_CURVE() B_SPLINE_CURVE(2,(#2053,#2054,#2055,#2056,
#2057,#2058,#2059),.UNSPECIFIED.,.T.,.F.) B_SPLINE_CURVE_WITH_KNOTS((1,2
    ,2,2,2,1),(-2.094395102393,0.,2.094395102393,4.188790204786,
6.28318530718,8.377580409573),.UNSPECIFIED.) CURVE() 
GEOMETRIC_REPRESENTATION_ITEM() RATIONAL_B_SPLINE_CURVE((1.,0.5,1.,0.5,
1.,0.5,1.)) REPRESENTATION_ITEM('') );
#2053 = CARTESIAN_POINT('',(8.99,-2.343050820501E-16));
#2054 = CARTESIAN_POINT('',(8.99,-15.57113676004));
#2055 = CARTESIAN_POINT('',(-4.495,-7.785568380022));
#2056 = CARTESIAN_POINT('',(-17.98,-2.436220026917E-15));
#2057 = CARTESIAN_POINT('',(-4.495,7.785568380022));
#2058 = CARTESIAN_POINT('',(8.99,15.571136760044));
#2059 = CARTESIAN_POINT('',(8.99,-2.343050820501E-16));
#2060 = ( GEOMETRIC_REPRESENTATION_CONTEXT(2) 
PARAMETRIC_REPRESENTATION_CONTEXT() REPRESENTATION_CONTEXT('2D SPACE',''
  ) );
#2061 = PCURVE('',#84,#2062);
#2062 = DEFINITIONAL_REPRESENTATION('',(#2063),#2067);
#2063 = LINE('',#2064,#2065);
#2064 = CARTESIAN_POINT('',(-6.28318530718,0.5));
#2065 = VECTOR('',#2066,1.);
#2066 = DIRECTION('',(1.,-0.));
#2067 = ( GEOMETRIC_REPRESENTATION_CONTEXT(2) 
PARAMETRIC_REPRESENTATION_CONTEXT() REPRESENTATION_CONTEXT('2D SPACE',''
  ) );
#2068 = ORIENTED_EDGE('',*,*,#21,.T.);
#2069 = ORIENTED_EDGE('',*,*,#2070,.T.);
#2070 = EDGE_CURVE('',#24,#2071,#2073,.T.);
#2071 = VERTEX_POINT('',#2072);
#2072 = CARTESIAN_POINT('',(8.365696338746,-6.751120260215,0.));
#2073 = SURFACE_CURVE('',#2074,(#2079,#2087),.PCURVE_S1.);
#2074 = B_SPLINE_CURVE_WITH_KNOTS('',3,(#2075,#2076,#2077,#2078),
  .UNSPECIFIED.,.F.,.F.,(4,4),(0.,1.),.PIECEWISE_BEZIER_KNOTS.);
#2075 = CARTESIAN_POINT('',(8.59819481663,-6.452406209723,0.));
#2076 = CARTESIAN_POINT('',(8.522456523872,-6.553331834028,0.));
#2077 = CARTESIAN_POINT('',(8.444941014094,-6.652923763027,0.));
#2078 = CARTESIAN_POINT('',(8.365696338746,-6.751120260215,0.));
#2079 = PCURVE('',#49,#2080);
#2080 = DEFINITIONAL_REPRESENTATION('',(#2081),#2086);
#2081 = B_SPLINE_CURVE_WITH_KNOTS('',3,(#2082,#2083,#2084,#2085),
  .UNSPECIFIED.,.F.,.F.,(4,4),(0.,1.),.PIECEWISE_BEZIER_KNOTS.);
#2082 = CARTESIAN_POINT('',(8.59819481663,-6.452406209723));
#2083 = CARTESIAN_POINT('',(8.522456523872,-6.553331834028));
#2084 = CARTESIAN_POINT('',(8.444941014094,-6.652923763027));
#2085 = CARTESIAN_POINT('',(8.365696338746,-6.751120260215));
#2086 = ( GEOMETRIC_REPRESENTATION_CONTEXT(2) 
PARAMETRIC_REPRESENTATION_CONTEXT() REPRESENTATION_CONTEXT('2D SPACE',''
  ) );
#2087 = PCURVE('',#210,#2088);
#2088 = DEFINITIONAL_REPRESENTATION('',(#2089),#2093);
#2089 = LINE('',#2090,#2091);
#2090 = CARTESIAN_POINT('',(0.,0.));
#2091 = VECTOR('',#2092,1.);
#2092 = DIRECTION('',(0.,1.));
#2093 = ( GEOMETRIC_REPRESENTATION_CONTEXT(2) 
PARAMETRIC_REPRESENTATION_CONTEXT() REPRESENTATION_CONTEXT('2D SPACE',''
  ) );
#2094 = ORIENTED_EDGE('',*,*,#2095,.T.);
#2095 = EDGE_CURVE('',#2071,#2096,#2098,.T.);
#2096 = VERTEX_POINT('',#2097);
#2097 = CARTESIAN_POINT('',(6.52990182582,-6.179035697028,0.));
#2098 = SURFACE_CURVE('',#2099,(#2104,#2112),.PCURVE_S1.);
#2099 = B_SPLINE_CURVE_WITH_KNOTS('',3,(#2100,#2101,#2102,#2103),
  .UNSPECIFIED.,.F.,.F.,(4,4),(0.,1.),.PIECEWISE_BEZIER_KNOTS.);
#2100 = CARTESIAN_POINT('',(8.365696338746,-6.751120260215,0.));
#2101 = CARTESIAN_POINT('',(7.572935565971,-6.669922344245,0.));
#2102 = CARTESIAN_POINT('',(6.711231877661,-6.481463078699,0.));
#2103 = CARTESIAN_POINT('',(6.167158886437,-5.849457348288,0.));
#2104 = PCURVE('',#49,#2105);
#2105 = DEFINITIONAL_REPRESENTATION('',(#2106),#2111);
#2106 = B_SPLINE_CURVE_WITH_KNOTS('',3,(#2107,#2108,#2109,#2110),
  .UNSPECIFIED.,.F.,.F.,(4,4),(0.,1.),.PIECEWISE_BEZIER_KNOTS.);
#2107 = CARTESIAN_POINT('',(8.365696338746,-6.751120260215));
#2108 = CARTESIAN_POINT('',(7.572935565971,-6.669922344245));
#2109 = CARTESIAN_POINT('',(6.711231877661,-6.481463078699));
#2110 = CARTESIAN_POINT('',(6.167158886437,-5.849457348288));
#2111 = ( GEOMETRIC_REPRESENTATION_CONTEXT(2) 
PARAMETRIC_REPRESENTATION_CONTEXT() REPRESENTATION_CONTEXT('2D SPACE',''
  ) );
#2112 = PCURVE('',#2113,#2122);
#2113 = B_SPLINE_SURFACE_WITH_KNOTS('',1,3,(
    (#2114,#2115,#2116,#2117)
    ,(#2118,#2119,#2120,#2121
    )),.UNSPECIFIED.,.F.,.F.,.F.,(2,2),(4,4),(0.,1.),(0.,1.),
  .PIECEWISE_BEZIER_KNOTS.);
#2114 = CARTESIAN_POINT('',(8.365696338746,-6.751120260215,0.));
#2115 = CARTESIAN_POINT('',(7.572935565971,-6.669922344245,0.));
#2116 = CARTESIAN_POINT('',(6.711231877661,-6.481463078699,0.));
#2117 = CARTESIAN_POINT('',(6.167158886437,-5.849457348288,0.));
#2118 = CARTESIAN_POINT('',(8.365696338746,-6.751120260215,6.));
#2119 = CARTESIAN_POINT('',(7.572935565971,-6.669922344245,6.));
#2120 = CARTESIAN_POINT('',(6.711231877661,-6.481463078699,6.));
#2121 = CARTESIAN_POINT('',(6.167158886437,-5.849457348288,6.));
#2122 = DEFINITIONAL_REPRESENTATION('',(#2123),#2127);
#2123 = LINE('',#2124,#2125);
#2124 = CARTESIAN_POINT('',(0.,0.));
#2125 = VECTOR('',#2126,1.);
#2126 = DIRECTION('',(0.,1.));
#2127 = ( GEOMETRIC_REPRESENTATION_CONTEXT(2) 
PARAMETRIC_REPRESENTATION_CONTEXT() REPRESENTATION_CONTEXT('2D SPACE',''
  ) );
#2128 = ORIENTED_EDGE('',*,*,#2129,.T.);
#2129 = EDGE_CURVE('',#2096,#2130,#2132,.T.);
#2130 = VERTEX_POINT('',#2131);
#2131 = CARTESIAN_POINT('',(5.618696138618,-7.017859623979,0.));
#2132 = SURFACE_CURVE('',#2133,(#2138,#2149),.PCURVE_S1.);
#2133 = CIRCLE('',#2134,8.99);
#2134 = AXIS2_PLACEMENT_3D('',#2135,#2136,#2137);
#2135 = CARTESIAN_POINT('',(0.,0.,0.));
#2136 = DIRECTION('',(0.,0.,-1.));
#2137 = DIRECTION('',(1.,0.,0.));
#2138 = PCURVE('',#49,#2139);
#2139 = DEFINITIONAL_REPRESENTATION('',(#2140),#2148);
#2140 = ( BOUNDED_CURVE() B_SPLINE_CURVE(2,(#2141,#2142,#2143,#2144,
#2145,#2146,#2147),.UNSPECIFIED.,.T.,.F.) B_SPLINE_CURVE_WITH_KNOTS((1,2
    ,2,2,2,1),(-2.094395102393,0.,2.094395102393,4.188790204786,
6.28318530718,8.377580409573),.UNSPECIFIED.) CURVE() 
GEOMETRIC_REPRESENTATION_ITEM() RATIONAL_B_SPLINE_CURVE((1.,0.5,1.,0.5,
1.,0.5,1.)) REPRESENTATION_ITEM('') );
#2141 = CARTESIAN_POINT('',(8.99,-2.343050820501E-16));
#2142 = CARTESIAN_POINT('',(8.99,-15.57113676004));
#2143 = CARTESIAN_POINT('',(-4.495,-7.785568380022));
#2144 = CARTESIAN_POINT('',(-17.98,-2.436220026917E-15));
#2145 = CARTESIAN_POINT('',(-4.495,7.785568380022));
#2146 = CARTESIAN_POINT('',(8.99,15.571136760044));
#2147 = CARTESIAN_POINT('',(8.99,-2.343050820501E-16));
#2148 = ( GEOMETRIC_REPRESENTATION_CONTEXT(2) 
PARAMETRIC_REPRESENTATION_CONTEXT() REPRESENTATION_CONTEXT('2D SPACE',''
  ) );
#2149 = PCURVE('',#2150,#2155);
#2150 = CONICAL_SURFACE('',#2151,8.49,0.785398163397);
#2151 = AXIS2_PLACEMENT_3D('',#2152,#2153,#2154);
#2152 = CARTESIAN_POINT('',(0.,0.,0.5));
#2153 = DIRECTION('',(-0.,-0.,-1.));
#2154 = DIRECTION('',(1.,0.,0.));
#2155 = DEFINITIONAL_REPRESENTATION('',(#2156),#2160);
#2156 = LINE('',#2157,#2158);
#2157 = CARTESIAN_POINT('',(-6.28318530718,0.5));
#2158 = VECTOR('',#2159,1.);
#2159 = DIRECTION('',(1.,-0.));
#2160 = ( GEOMETRIC_REPRESENTATION_CONTEXT(2) 
PARAMETRIC_REPRESENTATION_CONTEXT() REPRESENTATION_CONTEXT('2D SPACE',''
  ) );
#2161 = ORIENTED_EDGE('',*,*,#2162,.T.);
#2162 = EDGE_CURVE('',#2130,#2163,#2165,.T.);
#2163 = VERTEX_POINT('',#2164);
#2164 = CARTESIAN_POINT('',(6.03722803368,-8.894626336691,0.));
#2165 = SURFACE_CURVE('',#2166,(#2171,#2179),.PCURVE_S1.);
#2166 = B_SPLINE_CURVE_WITH_KNOTS('',3,(#2167,#2168,#2169,#2170),
  .UNSPECIFIED.,.F.,.F.,(4,4),(0.,1.),.PIECEWISE_BEZIER_KNOTS.);
#2167 = CARTESIAN_POINT('',(5.320198541541,-6.629139271322,0.));
#2168 = CARTESIAN_POINT('',(5.905116460456,-7.223544596991,0.));
#2169 = CARTESIAN_POINT('',(6.021773115491,-8.097867973124,0.));
#2170 = CARTESIAN_POINT('',(6.03722803368,-8.894626336691,0.));
#2171 = PCURVE('',#49,#2172);
#2172 = DEFINITIONAL_REPRESENTATION('',(#2173),#2178);
#2173 = B_SPLINE_CURVE_WITH_KNOTS('',3,(#2174,#2175,#2176,#2177),
  .UNSPECIFIED.,.F.,.F.,(4,4),(0.,1.),.PIECEWISE_BEZIER_KNOTS.);
#2174 = CARTESIAN_POINT('',(5.320198541541,-6.629139271322));
#2175 = CARTESIAN_POINT('',(5.905116460456,-7.223544596991));
#2176 = CARTESIAN_POINT('',(6.021773115491,-8.097867973124));
#2177 = CARTESIAN_POINT('',(6.03722803368,-8.894626336691));
#2178 = ( GEOMETRIC_REPRESENTATION_CONTEXT(2) 
PARAMETRIC_REPRESENTATION_CONTEXT() REPRESENTATION_CONTEXT('2D SPACE',''
  ) );
#2179 = PCURVE('',#2180,#2189);
#2180 = B_SPLINE_SURFACE_WITH_KNOTS('',1,3,(
    (#2181,#2182,#2183,#2184)
    ,(#2185,#2186,#2187,#2188
    )),.UNSPECIFIED.,.F.,.F.,.F.,(2,2),(4,4),(0.,1.),(0.,1.),
  .PIECEWISE_BEZIER_KNOTS.);
#2181 = CARTESIAN_POINT('',(5.320198541541,-6.629139271322,0.));
#2182 = CARTESIAN_POINT('',(5.905116460456,-7.223544596991,0.));
#2183 = CARTESIAN_POINT('',(6.021773115491,-8.097867973124,0.));
#2184 = CARTESIAN_POINT('',(6.03722803368,-8.894626336691,0.));
#2185 = CARTESIAN_POINT('',(5.320198541541,-6.629139271322,6.));
#2186 = CARTESIAN_POINT('',(5.905116460456,-7.223544596991,6.));
#2187 = CARTESIAN_POINT('',(6.021773115491,-8.097867973124,6.));
#2188 = CARTESIAN_POINT('',(6.03722803368,-8.894626336691,6.));
#2189 = DEFINITIONAL_REPRESENTATION('',(#2190),#2194);
#2190 = LINE('',#2191,#2192);
#2191 = CARTESIAN_POINT('',(0.,0.));
#2192 = VECTOR('',#2193,1.);
#2193 = DIRECTION('',(0.,1.));
#2194 = ( GEOMETRIC_REPRESENTATION_CONTEXT(2) 
PARAMETRIC_REPRESENTATION_CONTEXT() REPRESENTATION_CONTEXT('2D SPACE',''
  ) );
#2195 = ORIENTED_EDGE('',*,*,#2196,.T.);
#2196 = EDGE_CURVE('',#2163,#2197,#2199,.T.);
#2197 = VERTEX_POINT('',#2198);
#2198 = CARTESIAN_POINT('',(5.720334670989,-9.101663103625,0.));
#2199 = SURFACE_CURVE('',#2200,(#2205,#2213),.PCURVE_S1.);
#2200 = B_SPLINE_CURVE_WITH_KNOTS('',3,(#2201,#2202,#2203,#2204),
  .UNSPECIFIED.,.F.,.F.,(4,4),(0.,1.),.PIECEWISE_BEZIER_KNOTS.);
#2201 = CARTESIAN_POINT('',(6.03722803368,-8.894626336691,0.));
#2202 = CARTESIAN_POINT('',(5.932822953892,-8.96549134883,0.));
#2203 = CARTESIAN_POINT('',(5.827170001761,-9.034517867532,0.));
#2204 = CARTESIAN_POINT('',(5.720334670989,-9.101663103625,0.));
#2205 = PCURVE('',#49,#2206);
#2206 = DEFINITIONAL_REPRESENTATION('',(#2207),#2212);
#2207 = B_SPLINE_CURVE_WITH_KNOTS('',3,(#2208,#2209,#2210,#2211),
  .UNSPECIFIED.,.F.,.F.,(4,4),(0.,1.),.PIECEWISE_BEZIER_KNOTS.);
#2208 = CARTESIAN_POINT('',(6.03722803368,-8.894626336691));
#2209 = CARTESIAN_POINT('',(5.932822953892,-8.96549134883));
#2210 = CARTESIAN_POINT('',(5.827170001761,-9.034517867532));
#2211 = CARTESIAN_POINT('',(5.720334670989,-9.101663103625));
#2212 = ( GEOMETRIC_REPRESENTATION_CONTEXT(2) 
PARAMETRIC_REPRESENTATION_CONTEXT() REPRESENTATION_CONTEXT('2D SPACE',''
  ) );
#2213 = PCURVE('',#2214,#2223);
#2214 = B_SPLINE_SURFACE_WITH_KNOTS('',1,3,(
    (#2215,#2216,#2217,#2218)
    ,(#2219,#2220,#2221,#2222
    )),.UNSPECIFIED.,.F.,.F.,.F.,(2,2),(4,4),(0.,1.),(0.,1.),
  .PIECEWISE_BEZIER_KNOTS.);
#2215 = CARTESIAN_POINT('',(6.03722803368,-8.894626336691,0.));
#2216 = CARTESIAN_POINT('',(5.932822953892,-8.96549134883,0.));
#2217 = CARTESIAN_POINT('',(5.827170001761,-9.034517867532,0.));
#2218 = CARTESIAN_POINT('',(5.720334670989,-9.101663103625,0.));
#2219 = CARTESIAN_POINT('',(6.03722803368,-8.894626336691,6.));
#2220 = CARTESIAN_POINT('',(5.932822953892,-8.96549134883,6.));
#2221 = CARTESIAN_POINT('',(5.827170001761,-9.034517867532,6.));
#2222 = CARTESIAN_POINT('',(5.720334670989,-9.101663103625,6.));
#2223 = DEFINITIONAL_REPRESENTATION('',(#2224),#2228);
#2224 = LINE('',#2225,#2226);
#2225 = CARTESIAN_POINT('',(0.,0.));
#2226 = VECTOR('',#2227,1.);
#2227 = DIRECTION('',(0.,1.));
#2228 = ( GEOMETRIC_REPRESENTATION_CONTEXT(2) 
PARAMETRIC_REPRESENTATION_CONTEXT() REPRESENTATION_CONTEXT('2D SPACE',''
  ) );
#2229 = ORIENTED_EDGE('',*,*,#2230,.T.);
#2230 = EDGE_CURVE('',#2197,#2231,#2233,.T.);
#2231 = VERTEX_POINT('',#2232);
#2232 = CARTESIAN_POINT('',(4.169764122451,-7.964494156136,0.));
#2233 = SURFACE_CURVE('',#2234,(#2239,#2247),.PCURVE_S1.);
#2234 = B_SPLINE_CURVE_WITH_KNOTS('',3,(#2235,#2236,#2237,#2238),
  .UNSPECIFIED.,.F.,.F.,(4,4),(0.,1.),.PIECEWISE_BEZIER_KNOTS.);
#2235 = CARTESIAN_POINT('',(5.720334670989,-9.101663103625,0.));
#2236 = CARTESIAN_POINT('',(4.99689278377,-8.767455712583,0.));
#2237 = CARTESIAN_POINT('',(4.24307120162,-8.309412959665,0.));
#2238 = CARTESIAN_POINT('',(3.933689510975,-7.53499083153,0.));
#2239 = PCURVE('',#49,#2240);
#2240 = DEFINITIONAL_REPRESENTATION('',(#2241),#2246);
#2241 = B_SPLINE_CURVE_WITH_KNOTS('',3,(#2242,#2243,#2244,#2245),
  .UNSPECIFIED.,.F.,.F.,(4,4),(0.,1.),.PIECEWISE_BEZIER_KNOTS.);
#2242 = CARTESIAN_POINT('',(5.720334670989,-9.101663103625));
#2243 = CARTESIAN_POINT('',(4.99689278377,-8.767455712583));
#2244 = CARTESIAN_POINT('',(4.24307120162,-8.309412959665));
#2245 = CARTESIAN_POINT('',(3.933689510975,-7.53499083153));
#2246 = ( GEOMETRIC_REPRESENTATION_CONTEXT(2) 
PARAMETRIC_REPRESENTATION_CONTEXT() REPRESENTATION_CONTEXT('2D SPACE',''
  ) );
#2247 = PCURVE('',#2248,#2257);
#2248 = B_SPLINE_SURFACE_WITH_KNOTS('',1,3,(
    (#2249,#2250,#2251,#2252)
    ,(#2253,#2254,#2255,#2256
    )),.UNSPECIFIED.,.F.,.F.,.F.,(2,2),(4,4),(0.,1.),(0.,1.),
  .PIECEWISE_BEZIER_KNOTS.);
#2249 = CARTESIAN_POINT('',(5.720334670989,-9.101663103625,0.));
#2250 = CARTESIAN_POINT('',(4.99689278377,-8.767455712583,0.));
#2251 = CARTESIAN_POINT('',(4.24307120162,-8.309412959665,0.));
#2252 = CARTESIAN_POINT('',(3.933689510975,-7.53499083153,0.));
#2253 = CARTESIAN_POINT('',(5.720334670989,-9.101663103625,6.));
#2254 = CARTESIAN_POINT('',(4.99689278377,-8.767455712583,6.));
#2255 = CARTESIAN_POINT('',(4.24307120162,-8.309412959665,6.));
#2256 = CARTESIAN_POINT('',(3.933689510975,-7.53499083153,6.));
#2257 = DEFINITIONAL_REPRESENTATION('',(#2258),#2262);
#2258 = LINE('',#2259,#2260);
#2259 = CARTESIAN_POINT('',(0.,0.));
#2260 = VECTOR('',#2261,1.);
#2261 = DIRECTION('',(0.,1.));
#2262 = ( GEOMETRIC_REPRESENTATION_CONTEXT(2) 
PARAMETRIC_REPRESENTATION_CONTEXT() REPRESENTATION_CONTEXT('2D SPACE',''
  ) );
#2263 = ORIENTED_EDGE('',*,*,#2264,.T.);
#2264 = EDGE_CURVE('',#2231,#2265,#2267,.T.);
#2265 = VERTEX_POINT('',#2266);
#2266 = CARTESIAN_POINT('',(3.035564388923,-8.462000286026,0.));
#2267 = SURFACE_CURVE('',#2268,(#2273,#2284),.PCURVE_S1.);
#2268 = CIRCLE('',#2269,8.99);
#2269 = AXIS2_PLACEMENT_3D('',#2270,#2271,#2272);
#2270 = CARTESIAN_POINT('',(0.,0.,0.));
#2271 = DIRECTION('',(0.,0.,-1.));
#2272 = DIRECTION('',(1.,0.,0.));
#2273 = PCURVE('',#49,#2274);
#2274 = DEFINITIONAL_REPRESENTATION('',(#2275),#2283);
#2275 = ( BOUNDED_CURVE() B_SPLINE_CURVE(2,(#2276,#2277,#2278,#2279,
#2280,#2281,#2282),.UNSPECIFIED.,.T.,.F.) B_SPLINE_CURVE_WITH_KNOTS((1,2
    ,2,2,2,1),(-2.094395102393,0.,2.094395102393,4.188790204786,
6.28318530718,8.377580409573),.UNSPECIFIED.) CURVE() 
GEOMETRIC_REPRESENTATION_ITEM() RATIONAL_B_SPLINE_CURVE((1.,0.5,1.,0.5,
1.,0.5,1.)) REPRESENTATION_ITEM('') );
#2276 = CARTESIAN_POINT('',(8.99,-2.343050820501E-16));
#2277 = CARTESIAN_POINT('',(8.99,-15.57113676004));
#2278 = CARTESIAN_POINT('',(-4.495,-7.785568380022));
#2279 = CARTESIAN_POINT('',(-17.98,-2.436220026917E-15));
#2280 = CARTESIAN_POINT('',(-4.495,7.785568380022));
#2281 = CARTESIAN_POINT('',(8.99,15.571136760044));
#2282 = CARTESIAN_POINT('',(8.99,-2.343050820501E-16));
#2283 = ( GEOMETRIC_REPRESENTATION_CONTEXT(2) 
PARAMETRIC_REPRESENTATION_CONTEXT() REPRESENTATION_CONTEXT('2D SPACE',''
  ) );
#2284 = PCURVE('',#2285,#2290);
#2285 = CONICAL_SURFACE('',#2286,8.49,0.785398163397);
#2286 = AXIS2_PLACEMENT_3D('',#2287,#2288,#2289);
#2287 = CARTESIAN_POINT('',(0.,0.,0.5));
#2288 = DIRECTION('',(-0.,-0.,-1.));
#2289 = DIRECTION('',(1.,0.,0.));
#2290 = DEFINITIONAL_REPRESENTATION('',(#2291),#2295);
#2291 = LINE('',#2292,#2293);
#2292 = CARTESIAN_POINT('',(-6.28318530718,0.5));
#2293 = VECTOR('',#2294,1.);
#2294 = DIRECTION('',(1.,-0.));
#2295 = ( GEOMETRIC_REPRESENTATION_CONTEXT(2) 
PARAMETRIC_REPRESENTATION_CONTEXT() REPRESENTATION_CONTEXT('2D SPACE',''
  ) );
#2296 = ORIENTED_EDGE('',*,*,#2297,.T.);
#2297 = EDGE_CURVE('',#2265,#2298,#2300,.T.);
#2298 = VERTEX_POINT('',#2299);
#2299 = CARTESIAN_POINT('',(2.822033916035,-10.37297568573,0.));
#2300 = SURFACE_CURVE('',#2301,(#2306,#2314),.PCURVE_S1.);
#2301 = B_SPLINE_CURVE_WITH_KNOTS('',3,(#2302,#2303,#2304,#2305),
  .UNSPECIFIED.,.F.,.F.,(4,4),(0.,1.),.PIECEWISE_BEZIER_KNOTS.);
#2302 = CARTESIAN_POINT('',(2.879457507178,-7.997419862953,0.));
#2303 = CARTESIAN_POINT('',(3.23967986613,-8.74954120633,0.));
#2304 = CARTESIAN_POINT('',(3.066123405678,-9.614369684267,0.));
#2305 = CARTESIAN_POINT('',(2.822033916035,-10.37297568573,0.));
#2306 = PCURVE('',#49,#2307);
#2307 = DEFINITIONAL_REPRESENTATION('',(#2308),#2313);
#2308 = B_SPLINE_CURVE_WITH_KNOTS('',3,(#2309,#2310,#2311,#2312),
  .UNSPECIFIED.,.F.,.F.,(4,4),(0.,1.),.PIECEWISE_BEZIER_KNOTS.);
#2309 = CARTESIAN_POINT('',(2.879457507178,-7.997419862953));
#2310 = CARTESIAN_POINT('',(3.23967986613,-8.74954120633));
#2311 = CARTESIAN_POINT('',(3.066123405678,-9.614369684267));
#2312 = CARTESIAN_POINT('',(2.822033916035,-10.37297568573));
#2313 = ( GEOMETRIC_REPRESENTATION_CONTEXT(2) 
PARAMETRIC_REPRESENTATION_CONTEXT() REPRESENTATION_CONTEXT('2D SPACE',''
  ) );
#2314 = PCURVE('',#2315,#2324);
#2315 = B_SPLINE_SURFACE_WITH_KNOTS('',1,3,(
    (#2316,#2317,#2318,#2319)
    ,(#2320,#2321,#2322,#2323
    )),.UNSPECIFIED.,.F.,.F.,.F.,(2,2),(4,4),(0.,1.),(0.,1.),
  .PIECEWISE_BEZIER_KNOTS.);
#2316 = CARTESIAN_POINT('',(2.879457507178,-7.997419862953,0.));
#2317 = CARTESIAN_POINT('',(3.23967986613,-8.74954120633,0.));
#2318 = CARTESIAN_POINT('',(3.066123405678,-9.614369684267,0.));
#2319 = CARTESIAN_POINT('',(2.822033916035,-10.37297568573,0.));
#2320 = CARTESIAN_POINT('',(2.879457507178,-7.997419862953,6.));
#2321 = CARTESIAN_POINT('',(3.23967986613,-8.74954120633,6.));
#2322 = CARTESIAN_POINT('',(3.066123405678,-9.614369684267,6.));
#2323 = CARTESIAN_POINT('',(2.822033916035,-10.37297568573,6.));
#2324 = DEFINITIONAL_REPRESENTATION('',(#2325),#2329);
#2325 = LINE('',#2326,#2327);
#2326 = CARTESIAN_POINT('',(0.,0.));
#2327 = VECTOR('',#2328,1.);
#2328 = DIRECTION('',(0.,1.));
#2329 = ( GEOMETRIC_REPRESENTATION_CONTEXT(2) 
PARAMETRIC_REPRESENTATION_CONTEXT() REPRESENTATION_CONTEXT('2D SPACE',''
  ) );
#2330 = ORIENTED_EDGE('',*,*,#2331,.T.);
#2331 = EDGE_CURVE('',#2298,#2332,#2334,.T.);
#2332 = VERTEX_POINT('',#2333);
#2333 = CARTESIAN_POINT('',(2.455085981493,-10.4658995229,0.));
#2334 = SURFACE_CURVE('',#2335,(#2340,#2348),.PCURVE_S1.);
#2335 = B_SPLINE_CURVE_WITH_KNOTS('',3,(#2336,#2337,#2338,#2339),
  .UNSPECIFIED.,.F.,.F.,(4,4),(0.,1.),.PIECEWISE_BEZIER_KNOTS.);
#2336 = CARTESIAN_POINT('',(2.822033916035,-10.37297568573,0.));
#2337 = CARTESIAN_POINT('',(2.700275959624,-10.40610076205,0.));
#2338 = CARTESIAN_POINT('',(2.577934701879,-10.4370817761,0.));
#2339 = CARTESIAN_POINT('',(2.455085981493,-10.4658995229,0.));
#2340 = PCURVE('',#49,#2341);
#2341 = DEFINITIONAL_REPRESENTATION('',(#2342),#2347);
#2342 = B_SPLINE_CURVE_WITH_KNOTS('',3,(#2343,#2344,#2345,#2346),
  .UNSPECIFIED.,.F.,.F.,(4,4),(0.,1.),.PIECEWISE_BEZIER_KNOTS.);
#2343 = CARTESIAN_POINT('',(2.822033916035,-10.37297568573));
#2344 = CARTESIAN_POINT('',(2.700275959624,-10.40610076205));
#2345 = CARTESIAN_POINT('',(2.577934701879,-10.4370817761));
#2346 = CARTESIAN_POINT('',(2.455085981493,-10.4658995229));
#2347 = ( GEOMETRIC_REPRESENTATION_CONTEXT(2) 
PARAMETRIC_REPRESENTATION_CONTEXT() REPRESENTATION_CONTEXT('2D SPACE',''
  ) );
#2348 = PCURVE('',#2349,#2358);
#2349 = B_SPLINE_SURFACE_WITH_KNOTS('',1,3,(
    (#2350,#2351,#2352,#2353)
    ,(#2354,#2355,#2356,#2357
    )),.UNSPECIFIED.,.F.,.F.,.F.,(2,2),(4,4),(0.,1.),(0.,1.),
  .PIECEWISE_BEZIER_KNOTS.);
#2350 = CARTESIAN_POINT('',(2.822033916035,-10.37297568573,0.));
#2351 = CARTESIAN_POINT('',(2.700275959624,-10.40610076205,0.));
#2352 = CARTESIAN_POINT('',(2.577934701879,-10.4370817761,0.));
#2353 = CARTESIAN_POINT('',(2.455085981493,-10.4658995229,0.));
#2354 = CARTESIAN_POINT('',(2.822033916035,-10.37297568573,6.));
#2355 = CARTESIAN_POINT('',(2.700275959624,-10.40610076205,6.));
#2356 = CARTESIAN_POINT('',(2.577934701879,-10.4370817761,6.));
#2357 = CARTESIAN_POINT('',(2.455085981493,-10.4658995229,6.));
#2358 = DEFINITIONAL_REPRESENTATION('',(#2359),#2363);
#2359 = LINE('',#2360,#2361);
#2360 = CARTESIAN_POINT('',(0.,0.));
#2361 = VECTOR('',#2362,1.);
#2362 = DIRECTION('',(0.,1.));
#2363 = ( GEOMETRIC_REPRESENTATION_CONTEXT(2) 
PARAMETRIC_REPRESENTATION_CONTEXT() REPRESENTATION_CONTEXT('2D SPACE',''
  ) );
#2364 = ORIENTED_EDGE('',*,*,#2365,.T.);
#2365 = EDGE_CURVE('',#2332,#2366,#2368,.T.);
#2366 = VERTEX_POINT('',#2367);
#2367 = CARTESIAN_POINT('',(1.357767775858,-8.886876091566,0.));
#2368 = SURFACE_CURVE('',#2369,(#2374,#2382),.PCURVE_S1.);
#2369 = B_SPLINE_CURVE_WITH_KNOTS('',3,(#2370,#2371,#2372,#2373),
  .UNSPECIFIED.,.F.,.F.,(4,4),(0.,1.),.PIECEWISE_BEZIER_KNOTS.);
#2370 = CARTESIAN_POINT('',(2.455085981493,-10.4658995229,0.));
#2371 = CARTESIAN_POINT('',(1.879359133668,-9.914899213371,0.));
#2372 = CARTESIAN_POINT('',(1.315107922849,-9.236909012626,0.));
#2373 = CARTESIAN_POINT('',(1.273943839518,-8.403991140747,0.));
#2374 = PCURVE('',#49,#2375);
#2375 = DEFINITIONAL_REPRESENTATION('',(#2376),#2381);
#2376 = B_SPLINE_CURVE_WITH_KNOTS('',3,(#2377,#2378,#2379,#2380),
  .UNSPECIFIED.,.F.,.F.,(4,4),(0.,1.),.PIECEWISE_BEZIER_KNOTS.);
#2377 = CARTESIAN_POINT('',(2.455085981493,-10.4658995229));
#2378 = CARTESIAN_POINT('',(1.879359133668,-9.914899213371));
#2379 = CARTESIAN_POINT('',(1.315107922849,-9.236909012626));
#2380 = CARTESIAN_POINT('',(1.273943839518,-8.403991140747));
#2381 = ( GEOMETRIC_REPRESENTATION_CONTEXT(2) 
PARAMETRIC_REPRESENTATION_CONTEXT() REPRESENTATION_CONTEXT('2D SPACE',''
  ) );
#2382 = PCURVE('',#2383,#2392);
#2383 = B_SPLINE_SURFACE_WITH_KNOTS('',1,3,(
    (#2384,#2385,#2386,#2387)
    ,(#2388,#2389,#2390,#2391
    )),.UNSPECIFIED.,.F.,.F.,.F.,(2,2),(4,4),(0.,1.),(0.,1.),
  .PIECEWISE_BEZIER_KNOTS.);
#2384 = CARTESIAN_POINT('',(2.455085981493,-10.4658995229,0.));
#2385 = CARTESIAN_POINT('',(1.879359133668,-9.914899213371,0.));
#2386 = CARTESIAN_POINT('',(1.315107922849,-9.236909012626,0.));
#2387 = CARTESIAN_POINT('',(1.273943839518,-8.403991140747,0.));
#2388 = CARTESIAN_POINT('',(2.455085981493,-10.4658995229,6.));
#2389 = CARTESIAN_POINT('',(1.879359133668,-9.914899213371,6.));
#2390 = CARTESIAN_POINT('',(1.315107922849,-9.236909012626,6.));
#2391 = CARTESIAN_POINT('',(1.273943839518,-8.403991140747,6.));
#2392 = DEFINITIONAL_REPRESENTATION('',(#2393),#2397);
#2393 = LINE('',#2394,#2395);
#2394 = CARTESIAN_POINT('',(0.,0.));
#2395 = VECTOR('',#2396,1.);
#2396 = DIRECTION('',(0.,1.));
#2397 = ( GEOMETRIC_REPRESENTATION_CONTEXT(2) 
PARAMETRIC_REPRESENTATION_CONTEXT() REPRESENTATION_CONTEXT('2D SPACE',''
  ) );
#2398 = ORIENTED_EDGE('',*,*,#2399,.T.);
#2399 = EDGE_CURVE('',#2366,#2400,#2402,.T.);
#2400 = VERTEX_POINT('',#2401);
#2401 = CARTESIAN_POINT('',(0.123482136053,-8.989151915619,0.));
#2402 = SURFACE_CURVE('',#2403,(#2408,#2419),.PCURVE_S1.);
#2403 = CIRCLE('',#2404,8.99);
#2404 = AXIS2_PLACEMENT_3D('',#2405,#2406,#2407);
#2405 = CARTESIAN_POINT('',(0.,0.,0.));
#2406 = DIRECTION('',(0.,0.,-1.));
#2407 = DIRECTION('',(1.,0.,0.));
#2408 = PCURVE('',#49,#2409);
#2409 = DEFINITIONAL_REPRESENTATION('',(#2410),#2418);
#2410 = ( BOUNDED_CURVE() B_SPLINE_CURVE(2,(#2411,#2412,#2413,#2414,
#2415,#2416,#2417),.UNSPECIFIED.,.T.,.F.) B_SPLINE_CURVE_WITH_KNOTS((1,2
    ,2,2,2,1),(-2.094395102393,0.,2.094395102393,4.188790204786,
6.28318530718,8.377580409573),.UNSPECIFIED.) CURVE() 
GEOMETRIC_REPRESENTATION_ITEM() RATIONAL_B_SPLINE_CURVE((1.,0.5,1.,0.5,
1.,0.5,1.)) REPRESENTATION_ITEM('') );
#2411 = CARTESIAN_POINT('',(8.99,-2.343050820501E-16));
#2412 = CARTESIAN_POINT('',(8.99,-15.57113676004));
#2413 = CARTESIAN_POINT('',(-4.495,-7.785568380022));
#2414 = CARTESIAN_POINT('',(-17.98,-2.436220026917E-15));
#2415 = CARTESIAN_POINT('',(-4.495,7.785568380022));
#2416 = CARTESIAN_POINT('',(8.99,15.571136760044));
#2417 = CARTESIAN_POINT('',(8.99,-2.343050820501E-16));
#2418 = ( GEOMETRIC_REPRESENTATION_CONTEXT(2) 
PARAMETRIC_REPRESENTATION_CONTEXT() REPRESENTATION_CONTEXT('2D SPACE',''
  ) );
#2419 = PCURVE('',#2420,#2425);
#2420 = CONICAL_SURFACE('',#2421,8.49,0.785398163397);
#2421 = AXIS2_PLACEMENT_3D('',#2422,#2423,#2424);
#2422 = CARTESIAN_POINT('',(0.,0.,0.5));
#2423 = DIRECTION('',(-0.,-0.,-1.));
#2424 = DIRECTION('',(1.,0.,0.));
#2425 = DEFINITIONAL_REPRESENTATION('',(#2426),#2430);
#2426 = LINE('',#2427,#2428);
#2427 = CARTESIAN_POINT('',(-6.28318530718,0.5));
#2428 = VECTOR('',#2429,1.);
#2429 = DIRECTION('',(1.,-0.));
#2430 = ( GEOMETRIC_REPRESENTATION_CONTEXT(2) 
PARAMETRIC_REPRESENTATION_CONTEXT() REPRESENTATION_CONTEXT('2D SPACE',''
  ) );
#2431 = ORIENTED_EDGE('',*,*,#2432,.T.);
#2432 = EDGE_CURVE('',#2400,#2433,#2435,.T.);
#2433 = VERTEX_POINT('',#2434);
#2434 = CARTESIAN_POINT('',(-0.698971364779,-10.72725216591,0.));
#2435 = SURFACE_CURVE('',#2436,(#2441,#2449),.PCURVE_S1.);
#2436 = B_SPLINE_CURVE_WITH_KNOTS('',3,(#2437,#2438,#2439,#2440),
  .UNSPECIFIED.,.F.,.F.,(4,4),(0.,1.),.PIECEWISE_BEZIER_KNOTS.);
#2437 = CARTESIAN_POINT('',(0.126682572526,-8.499055919678,0.));
#2438 = CARTESIAN_POINT('',(0.223173689496,-9.327389262842,0.));
#2439 = CARTESIAN_POINT('',(-0.221788350947,-10.0890052578,0.));
#2440 = CARTESIAN_POINT('',(-0.698971364779,-10.72725216591,0.));
#2441 = PCURVE('',#49,#2442);
#2442 = DEFINITIONAL_REPRESENTATION('',(#2443),#2448);
#2443 = B_SPLINE_CURVE_WITH_KNOTS('',3,(#2444,#2445,#2446,#2447),
  .UNSPECIFIED.,.F.,.F.,(4,4),(0.,1.),.PIECEWISE_BEZIER_KNOTS.);
#2444 = CARTESIAN_POINT('',(0.126682572526,-8.499055919678));
#2445 = CARTESIAN_POINT('',(0.223173689496,-9.327389262842));
#2446 = CARTESIAN_POINT('',(-0.221788350947,-10.0890052578));
#2447 = CARTESIAN_POINT('',(-0.698971364779,-10.72725216591));
#2448 = ( GEOMETRIC_REPRESENTATION_CONTEXT(2) 
PARAMETRIC_REPRESENTATION_CONTEXT() REPRESENTATION_CONTEXT('2D SPACE',''
  ) );
#2449 = PCURVE('',#2450,#2459);
#2450 = B_SPLINE_SURFACE_WITH_KNOTS('',1,3,(
    (#2451,#2452,#2453,#2454)
    ,(#2455,#2456,#2457,#2458
    )),.UNSPECIFIED.,.F.,.F.,.F.,(2,2),(4,4),(0.,1.),(0.,1.),
  .PIECEWISE_BEZIER_KNOTS.);
#2451 = CARTESIAN_POINT('',(0.126682572526,-8.499055919678,0.));
#2452 = CARTESIAN_POINT('',(0.223173689496,-9.327389262842,0.));
#2453 = CARTESIAN_POINT('',(-0.221788350947,-10.0890052578,0.));
#2454 = CARTESIAN_POINT('',(-0.698971364779,-10.72725216591,0.));
#2455 = CARTESIAN_POINT('',(0.126682572526,-8.499055919678,6.));
#2456 = CARTESIAN_POINT('',(0.223173689496,-9.327389262842,6.));
#2457 = CARTESIAN_POINT('',(-0.221788350947,-10.0890052578,6.));
#2458 = CARTESIAN_POINT('',(-0.698971364779,-10.72725216591,6.));
#2459 = DEFINITIONAL_REPRESENTATION('',(#2460),#2464);
#2460 = LINE('',#2461,#2462);
#2461 = CARTESIAN_POINT('',(0.,0.));
#2462 = VECTOR('',#2463,1.);
#2463 = DIRECTION('',(0.,1.));
#2464 = ( GEOMETRIC_REPRESENTATION_CONTEXT(2) 
PARAMETRIC_REPRESENTATION_CONTEXT() REPRESENTATION_CONTEXT('2D SPACE',''
  ) );
#2465 = ORIENTED_EDGE('',*,*,#2466,.T.);
#2466 = EDGE_CURVE('',#2433,#2467,#2469,.T.);
#2467 = VERTEX_POINT('',#2468);
#2468 = CARTESIAN_POINT('',(-1.076209368683,-10.69599333371,0.));
#2469 = SURFACE_CURVE('',#2470,(#2475,#2483),.PCURVE_S1.);
#2470 = B_SPLINE_CURVE_WITH_KNOTS('',3,(#2471,#2472,#2473,#2474),
  .UNSPECIFIED.,.F.,.F.,(4,4),(0.,1.),.PIECEWISE_BEZIER_KNOTS.);
#2471 = CARTESIAN_POINT('',(-0.698971364779,-10.72725216591,0.));
#2472 = CARTESIAN_POINT('',(-0.824887833968,-10.71904769042,0.));
#2473 = CARTESIAN_POINT('',(-0.950659823731,-10.70862592622,0.));
#2474 = CARTESIAN_POINT('',(-1.076209368683,-10.69599333371,0.));
#2475 = PCURVE('',#49,#2476);
#2476 = DEFINITIONAL_REPRESENTATION('',(#2477),#2482);
#2477 = B_SPLINE_CURVE_WITH_KNOTS('',3,(#2478,#2479,#2480,#2481),
  .UNSPECIFIED.,.F.,.F.,(4,4),(0.,1.),.PIECEWISE_BEZIER_KNOTS.);
#2478 = CARTESIAN_POINT('',(-0.698971364779,-10.72725216591));
#2479 = CARTESIAN_POINT('',(-0.824887833968,-10.71904769042));
#2480 = CARTESIAN_POINT('',(-0.950659823731,-10.70862592622));
#2481 = CARTESIAN_POINT('',(-1.076209368683,-10.69599333371));
#2482 = ( GEOMETRIC_REPRESENTATION_CONTEXT(2) 
PARAMETRIC_REPRESENTATION_CONTEXT() REPRESENTATION_CONTEXT('2D SPACE',''
  ) );
#2483 = PCURVE('',#2484,#2493);
#2484 = B_SPLINE_SURFACE_WITH_KNOTS('',1,3,(
    (#2485,#2486,#2487,#2488)
    ,(#2489,#2490,#2491,#2492
    )),.UNSPECIFIED.,.F.,.F.,.F.,(2,2),(4,4),(0.,1.),(0.,1.),
  .PIECEWISE_BEZIER_KNOTS.);
#2485 = CARTESIAN_POINT('',(-0.698971364779,-10.72725216591,0.));
#2486 = CARTESIAN_POINT('',(-0.824887833968,-10.71904769042,0.));
#2487 = CARTESIAN_POINT('',(-0.950659823731,-10.70862592622,0.));
#2488 = CARTESIAN_POINT('',(-1.076209368683,-10.69599333371,0.));
#2489 = CARTESIAN_POINT('',(-0.698971364779,-10.72725216591,6.));
#2490 = CARTESIAN_POINT('',(-0.824887833968,-10.71904769042,6.));
#2491 = CARTESIAN_POINT('',(-0.950659823731,-10.70862592622,6.));
#2492 = CARTESIAN_POINT('',(-1.076209368683,-10.69599333371,6.));
#2493 = DEFINITIONAL_REPRESENTATION('',(#2494),#2498);
#2494 = LINE('',#2495,#2496);
#2495 = CARTESIAN_POINT('',(0.,0.));
#2496 = VECTOR('',#2497,1.);
#2497 = DIRECTION('',(0.,1.));
#2498 = ( GEOMETRIC_REPRESENTATION_CONTEXT(2) 
PARAMETRIC_REPRESENTATION_CONTEXT() REPRESENTATION_CONTEXT('2D SPACE',''
  ) );
#2499 = ORIENTED_EDGE('',*,*,#2500,.T.);
#2500 = EDGE_CURVE('',#2467,#2501,#2503,.T.);
#2501 = VERTEX_POINT('',#2502);
#2502 = CARTESIAN_POINT('',(-1.601363777187,-8.846227108384,0.));
#2503 = SURFACE_CURVE('',#2504,(#2509,#2517),.PCURVE_S1.);
#2504 = B_SPLINE_CURVE_WITH_KNOTS('',3,(#2505,#2506,#2507,#2508),
  .UNSPECIFIED.,.F.,.F.,(4,4),(0.,1.),.PIECEWISE_BEZIER_KNOTS.);
#2505 = CARTESIAN_POINT('',(-1.076209368683,-10.69599333371,0.));
#2506 = CARTESIAN_POINT('',(-1.441832239828,-9.987909538877,0.));
#2507 = CARTESIAN_POINT('',(-1.755367705363,-9.163442648657,0.));
#2508 = CARTESIAN_POINT('',(-1.523853414227,-8.362288608506,0.));
#2509 = PCURVE('',#49,#2510);
#2510 = DEFINITIONAL_REPRESENTATION('',(#2511),#2516);
#2511 = B_SPLINE_CURVE_WITH_KNOTS('',3,(#2512,#2513,#2514,#2515),
  .UNSPECIFIED.,.F.,.F.,(4,4),(0.,1.),.PIECEWISE_BEZIER_KNOTS.);
#2512 = CARTESIAN_POINT('',(-1.076209368683,-10.69599333371));
#2513 = CARTESIAN_POINT('',(-1.441832239828,-9.987909538877));
#2514 = CARTESIAN_POINT('',(-1.755367705363,-9.163442648657));
#2515 = CARTESIAN_POINT('',(-1.523853414227,-8.362288608506));
#2516 = ( GEOMETRIC_REPRESENTATION_CONTEXT(2) 
PARAMETRIC_REPRESENTATION_CONTEXT() REPRESENTATION_CONTEXT('2D SPACE',''
  ) );
#2517 = PCURVE('',#2518,#2527);
#2518 = B_SPLINE_SURFACE_WITH_KNOTS('',1,3,(
    (#2519,#2520,#2521,#2522)
    ,(#2523,#2524,#2525,#2526
    )),.UNSPECIFIED.,.F.,.F.,.F.,(2,2),(4,4),(0.,1.),(0.,1.),
  .PIECEWISE_BEZIER_KNOTS.);
#2519 = CARTESIAN_POINT('',(-1.076209368683,-10.69599333371,0.));
#2520 = CARTESIAN_POINT('',(-1.441832239828,-9.987909538877,0.));
#2521 = CARTESIAN_POINT('',(-1.755367705363,-9.163442648657,0.));
#2522 = CARTESIAN_POINT('',(-1.523853414227,-8.362288608506,0.));
#2523 = CARTESIAN_POINT('',(-1.076209368683,-10.69599333371,6.));
#2524 = CARTESIAN_POINT('',(-1.441832239828,-9.987909538877,6.));
#2525 = CARTESIAN_POINT('',(-1.755367705363,-9.163442648657,6.));
#2526 = CARTESIAN_POINT('',(-1.523853414227,-8.362288608506,6.));
#2527 = DEFINITIONAL_REPRESENTATION('',(#2528),#2532);
#2528 = LINE('',#2529,#2530);
#2529 = CARTESIAN_POINT('',(0.,0.));
#2530 = VECTOR('',#2531,1.);
#2531 = DIRECTION('',(0.,1.));
#2532 = ( GEOMETRIC_REPRESENTATION_CONTEXT(2) 
PARAMETRIC_REPRESENTATION_CONTEXT() REPRESENTATION_CONTEXT('2D SPACE',''
  ) );
#2533 = ORIENTED_EDGE('',*,*,#2534,.T.);
#2534 = EDGE_CURVE('',#2501,#2535,#2537,.T.);
#2535 = VERTEX_POINT('',#2536);
#2536 = CARTESIAN_POINT('',(-2.80198132228,-8.542189454091,0.));
#2537 = SURFACE_CURVE('',#2538,(#2543,#2554),.PCURVE_S1.);
#2538 = CIRCLE('',#2539,8.99);
#2539 = AXIS2_PLACEMENT_3D('',#2540,#2541,#2542);
#2540 = CARTESIAN_POINT('',(0.,0.,0.));
#2541 = DIRECTION('',(0.,0.,-1.));
#2542 = DIRECTION('',(1.,0.,0.));
#2543 = PCURVE('',#49,#2544);
#2544 = DEFINITIONAL_REPRESENTATION('',(#2545),#2553);
#2545 = ( BOUNDED_CURVE() B_SPLINE_CURVE(2,(#2546,#2547,#2548,#2549,
#2550,#2551,#2552),.UNSPECIFIED.,.T.,.F.) B_SPLINE_CURVE_WITH_KNOTS((1,2
    ,2,2,2,1),(-2.094395102393,0.,2.094395102393,4.188790204786,
6.28318530718,8.377580409573),.UNSPECIFIED.) CURVE() 
GEOMETRIC_REPRESENTATION_ITEM() RATIONAL_B_SPLINE_CURVE((1.,0.5,1.,0.5,
1.,0.5,1.)) REPRESENTATION_ITEM('') );
#2546 = CARTESIAN_POINT('',(8.99,-2.343050820501E-16));
#2547 = CARTESIAN_POINT('',(8.99,-15.57113676004));
#2548 = CARTESIAN_POINT('',(-4.495,-7.785568380022));
#2549 = CARTESIAN_POINT('',(-17.98,-2.436220026917E-15));
#2550 = CARTESIAN_POINT('',(-4.495,7.785568380022));
#2551 = CARTESIAN_POINT('',(8.99,15.571136760044));
#2552 = CARTESIAN_POINT('',(8.99,-2.343050820501E-16));
#2553 = ( GEOMETRIC_REPRESENTATION_CONTEXT(2) 
PARAMETRIC_REPRESENTATION_CONTEXT() REPRESENTATION_CONTEXT('2D SPACE',''
  ) );
#2554 = PCURVE('',#2555,#2560);
#2555 = CONICAL_SURFACE('',#2556,8.49,0.785398163397);
#2556 = AXIS2_PLACEMENT_3D('',#2557,#2558,#2559);
#2557 = CARTESIAN_POINT('',(0.,0.,0.5));
#2558 = DIRECTION('',(-0.,-0.,-1.));
#2559 = DIRECTION('',(1.,0.,0.));
#2560 = DEFINITIONAL_REPRESENTATION('',(#2561),#2565);
#2561 = LINE('',#2562,#2563);
#2562 = CARTESIAN_POINT('',(-6.28318530718,0.5));
#2563 = VECTOR('',#2564,1.);
#2564 = DIRECTION('',(1.,-0.));
#2565 = ( GEOMETRIC_REPRESENTATION_CONTEXT(2) 
PARAMETRIC_REPRESENTATION_CONTEXT() REPRESENTATION_CONTEXT('2D SPACE',''
  ) );
#2566 = ORIENTED_EDGE('',*,*,#2567,.T.);
#2567 = EDGE_CURVE('',#2535,#2568,#2570,.T.);
#2568 = VERTEX_POINT('',#2569);
#2569 = CARTESIAN_POINT('',(-4.144232252562,-9.919064423464,0.));
#2570 = SURFACE_CURVE('',#2571,(#2576,#2584),.PCURVE_S1.);
#2571 = B_SPLINE_CURVE_WITH_KNOTS('',3,(#2572,#2573,#2574,#2575),
  .UNSPECIFIED.,.F.,.F.,(4,4),(0.,1.),.PIECEWISE_BEZIER_KNOTS.);
#2572 = CARTESIAN_POINT('',(-2.639820384543,-8.079687391066,0.));
#2573 = CARTESIAN_POINT('',(-2.817516819291,-8.894469963369,0.));
#2574 = CARTESIAN_POINT('',(-3.485665898346,-9.47034056461,0.));
#2575 = CARTESIAN_POINT('',(-4.144232252562,-9.919064423464,0.));
#2576 = PCURVE('',#49,#2577);
#2577 = DEFINITIONAL_REPRESENTATION('',(#2578),#2583);
#2578 = B_SPLINE_CURVE_WITH_KNOTS('',3,(#2579,#2580,#2581,#2582),
  .UNSPECIFIED.,.F.,.F.,(4,4),(0.,1.),.PIECEWISE_BEZIER_KNOTS.);
#2579 = CARTESIAN_POINT('',(-2.639820384543,-8.079687391066));
#2580 = CARTESIAN_POINT('',(-2.817516819291,-8.894469963369));
#2581 = CARTESIAN_POINT('',(-3.485665898346,-9.47034056461));
#2582 = CARTESIAN_POINT('',(-4.144232252562,-9.919064423464));
#2583 = ( GEOMETRIC_REPRESENTATION_CONTEXT(2) 
PARAMETRIC_REPRESENTATION_CONTEXT() REPRESENTATION_CONTEXT('2D SPACE',''
  ) );
#2584 = PCURVE('',#2585,#2594);
#2585 = B_SPLINE_SURFACE_WITH_KNOTS('',1,3,(
    (#2586,#2587,#2588,#2589)
    ,(#2590,#2591,#2592,#2593
    )),.UNSPECIFIED.,.F.,.F.,.F.,(2,2),(4,4),(0.,1.),(0.,1.),
  .PIECEWISE_BEZIER_KNOTS.);
#2586 = CARTESIAN_POINT('',(-2.639820384543,-8.079687391066,0.));
#2587 = CARTESIAN_POINT('',(-2.817516819291,-8.894469963369,0.));
#2588 = CARTESIAN_POINT('',(-3.485665898346,-9.47034056461,0.));
#2589 = CARTESIAN_POINT('',(-4.144232252562,-9.919064423464,0.));
#2590 = CARTESIAN_POINT('',(-2.639820384543,-8.079687391066,6.));
#2591 = CARTESIAN_POINT('',(-2.817516819291,-8.894469963369,6.));
#2592 = CARTESIAN_POINT('',(-3.485665898346,-9.47034056461,6.));
#2593 = CARTESIAN_POINT('',(-4.144232252562,-9.919064423464,6.));
#2594 = DEFINITIONAL_REPRESENTATION('',(#2595),#2599);
#2595 = LINE('',#2596,#2597);
#2596 = CARTESIAN_POINT('',(0.,0.));
#2597 = VECTOR('',#2598,1.);
#2598 = DIRECTION('',(0.,1.));
#2599 = ( GEOMETRIC_REPRESENTATION_CONTEXT(2) 
PARAMETRIC_REPRESENTATION_CONTEXT() REPRESENTATION_CONTEXT('2D SPACE',''
  ) );
#2600 = ORIENTED_EDGE('',*,*,#2601,.T.);
#2601 = EDGE_CURVE('',#2568,#2602,#2604,.T.);
#2602 = VERTEX_POINT('',#2603);
#2603 = CARTESIAN_POINT('',(-4.490880734652,-9.767010301373,0.));
#2604 = SURFACE_CURVE('',#2605,(#2610,#2618),.PCURVE_S1.);
#2605 = B_SPLINE_CURVE_WITH_KNOTS('',3,(#2606,#2607,#2608,#2609),
  .UNSPECIFIED.,.F.,.F.,(4,4),(0.,1.),.PIECEWISE_BEZIER_KNOTS.);
#2606 = CARTESIAN_POINT('',(-4.144232252562,-9.919064423464,0.));
#2607 = CARTESIAN_POINT('',(-4.260662231296,-9.87041947837,0.));
#2608 = CARTESIAN_POINT('',(-4.376235606432,-9.819724295782,0.));
#2609 = CARTESIAN_POINT('',(-4.490880734652,-9.767010301373,0.));
#2610 = PCURVE('',#49,#2611);
#2611 = DEFINITIONAL_REPRESENTATION('',(#2612),#2617);
#2612 = B_SPLINE_CURVE_WITH_KNOTS('',3,(#2613,#2614,#2615,#2616),
  .UNSPECIFIED.,.F.,.F.,(4,4),(0.,1.),.PIECEWISE_BEZIER_KNOTS.);
#2613 = CARTESIAN_POINT('',(-4.144232252562,-9.919064423464));
#2614 = CARTESIAN_POINT('',(-4.260662231296,-9.87041947837));
#2615 = CARTESIAN_POINT('',(-4.376235606432,-9.819724295782));
#2616 = CARTESIAN_POINT('',(-4.490880734652,-9.767010301373));
#2617 = ( GEOMETRIC_REPRESENTATION_CONTEXT(2) 
PARAMETRIC_REPRESENTATION_CONTEXT() REPRESENTATION_CONTEXT('2D SPACE',''
  ) );
#2618 = PCURVE('',#2619,#2628);
#2619 = B_SPLINE_SURFACE_WITH_KNOTS('',1,3,(
    (#2620,#2621,#2622,#2623)
    ,(#2624,#2625,#2626,#2627
    )),.UNSPECIFIED.,.F.,.F.,.F.,(2,2),(4,4),(0.,1.),(0.,1.),
  .PIECEWISE_BEZIER_KNOTS.);
#2620 = CARTESIAN_POINT('',(-4.144232252562,-9.919064423464,0.));
#2621 = CARTESIAN_POINT('',(-4.260662231296,-9.87041947837,0.));
#2622 = CARTESIAN_POINT('',(-4.376235606432,-9.819724295782,0.));
#2623 = CARTESIAN_POINT('',(-4.490880734652,-9.767010301373,0.));
#2624 = CARTESIAN_POINT('',(-4.144232252562,-9.919064423464,6.));
#2625 = CARTESIAN_POINT('',(-4.260662231296,-9.87041947837,6.));
#2626 = CARTESIAN_POINT('',(-4.376235606432,-9.819724295782,6.));
#2627 = CARTESIAN_POINT('',(-4.490880734652,-9.767010301373,6.));
#2628 = DEFINITIONAL_REPRESENTATION('',(#2629),#2633);
#2629 = LINE('',#2630,#2631);
#2630 = CARTESIAN_POINT('',(0.,0.));
#2631 = VECTOR('',#2632,1.);
#2632 = DIRECTION('',(0.,1.));
#2633 = ( GEOMETRIC_REPRESENTATION_CONTEXT(2) 
PARAMETRIC_REPRESENTATION_CONTEXT() REPRESENTATION_CONTEXT('2D SPACE',''
  ) );
#2634 = ORIENTED_EDGE('',*,*,#2635,.T.);
#2635 = EDGE_CURVE('',#2602,#2636,#2638,.T.);
#2636 = VERTEX_POINT('',#2637);
#2637 = CARTESIAN_POINT('',(-4.386962717255,-7.846952154653,0.));
#2638 = SURFACE_CURVE('',#2639,(#2644,#2652),.PCURVE_S1.);
#2639 = B_SPLINE_CURVE_WITH_KNOTS('',3,(#2640,#2641,#2642,#2643),
  .UNSPECIFIED.,.F.,.F.,(4,4),(0.,1.),.PIECEWISE_BEZIER_KNOTS.);
#2640 = CARTESIAN_POINT('',(-4.490880734652,-9.767010301373,0.));
#2641 = CARTESIAN_POINT('',(-4.606778717807,-8.978574887462,0.));
#2642 = CARTESIAN_POINT('',(-4.635622005364,-8.096975088245,0.));
#2643 = CARTESIAN_POINT('',(-4.156517505519,-7.414402351256,0.));
#2644 = PCURVE('',#49,#2645);
#2645 = DEFINITIONAL_REPRESENTATION('',(#2646),#2651);
#2646 = B_SPLINE_CURVE_WITH_KNOTS('',3,(#2647,#2648,#2649,#2650),
  .UNSPECIFIED.,.F.,.F.,(4,4),(0.,1.),.PIECEWISE_BEZIER_KNOTS.);
#2647 = CARTESIAN_POINT('',(-4.490880734652,-9.767010301373));
#2648 = CARTESIAN_POINT('',(-4.606778717807,-8.978574887462));
#2649 = CARTESIAN_POINT('',(-4.635622005364,-8.096975088245));
#2650 = CARTESIAN_POINT('',(-4.156517505519,-7.414402351256));
#2651 = ( GEOMETRIC_REPRESENTATION_CONTEXT(2) 
PARAMETRIC_REPRESENTATION_CONTEXT() REPRESENTATION_CONTEXT('2D SPACE',''
  ) );
#2652 = PCURVE('',#2653,#2662);
#2653 = B_SPLINE_SURFACE_WITH_KNOTS('',1,3,(
    (#2654,#2655,#2656,#2657)
    ,(#2658,#2659,#2660,#2661
    )),.UNSPECIFIED.,.F.,.F.,.F.,(2,2),(4,4),(0.,1.),(0.,1.),
  .PIECEWISE_BEZIER_KNOTS.);
#2654 = CARTESIAN_POINT('',(-4.490880734652,-9.767010301373,0.));
#2655 = CARTESIAN_POINT('',(-4.606778717807,-8.978574887462,0.));
#2656 = CARTESIAN_POINT('',(-4.635622005364,-8.096975088245,0.));
#2657 = CARTESIAN_POINT('',(-4.156517505519,-7.414402351256,0.));
#2658 = CARTESIAN_POINT('',(-4.490880734652,-9.767010301373,6.));
#2659 = CARTESIAN_POINT('',(-4.606778717807,-8.978574887462,6.));
#2660 = CARTESIAN_POINT('',(-4.635622005364,-8.096975088245,6.));
#2661 = CARTESIAN_POINT('',(-4.156517505519,-7.414402351256,6.));
#2662 = DEFINITIONAL_REPRESENTATION('',(#2663),#2667);
#2663 = LINE('',#2664,#2665);
#2664 = CARTESIAN_POINT('',(0.,0.));
#2665 = VECTOR('',#2666,1.);
#2666 = DIRECTION('',(0.,1.));
#2667 = ( GEOMETRIC_REPRESENTATION_CONTEXT(2) 
PARAMETRIC_REPRESENTATION_CONTEXT() REPRESENTATION_CONTEXT('2D SPACE',''
  ) );
#2668 = ORIENTED_EDGE('',*,*,#2669,.T.);
#2669 = EDGE_CURVE('',#2636,#2670,#2672,.T.);
#2670 = VERTEX_POINT('',#2671);
#2671 = CARTESIAN_POINT('',(-5.423806627125,-7.169548219487,0.));
#2672 = SURFACE_CURVE('',#2673,(#2678,#2689),.PCURVE_S1.);
#2673 = CIRCLE('',#2674,8.99);
#2674 = AXIS2_PLACEMENT_3D('',#2675,#2676,#2677);
#2675 = CARTESIAN_POINT('',(0.,0.,0.));
#2676 = DIRECTION('',(0.,0.,-1.));
#2677 = DIRECTION('',(1.,0.,0.));
#2678 = PCURVE('',#49,#2679);
#2679 = DEFINITIONAL_REPRESENTATION('',(#2680),#2688);
#2680 = ( BOUNDED_CURVE() B_SPLINE_CURVE(2,(#2681,#2682,#2683,#2684,
#2685,#2686,#2687),.UNSPECIFIED.,.T.,.F.) B_SPLINE_CURVE_WITH_KNOTS((1,2
    ,2,2,2,1),(-2.094395102393,0.,2.094395102393,4.188790204786,
6.28318530718,8.377580409573),.UNSPECIFIED.) CURVE() 
GEOMETRIC_REPRESENTATION_ITEM() RATIONAL_B_SPLINE_CURVE((1.,0.5,1.,0.5,
1.,0.5,1.)) REPRESENTATION_ITEM('') );
#2681 = CARTESIAN_POINT('',(8.99,-2.343050820501E-16));
#2682 = CARTESIAN_POINT('',(8.99,-15.57113676004));
#2683 = CARTESIAN_POINT('',(-4.495,-7.785568380022));
#2684 = CARTESIAN_POINT('',(-17.98,-2.436220026917E-15));
#2685 = CARTESIAN_POINT('',(-4.495,7.785568380022));
#2686 = CARTESIAN_POINT('',(8.99,15.571136760044));
#2687 = CARTESIAN_POINT('',(8.99,-2.343050820501E-16));
#2688 = ( GEOMETRIC_REPRESENTATION_CONTEXT(2) 
PARAMETRIC_REPRESENTATION_CONTEXT() REPRESENTATION_CONTEXT('2D SPACE',''
  ) );
#2689 = PCURVE('',#2690,#2695);
#2690 = CONICAL_SURFACE('',#2691,8.49,0.785398163397);
#2691 = AXIS2_PLACEMENT_3D('',#2692,#2693,#2694);
#2692 = CARTESIAN_POINT('',(0.,0.,0.5));
#2693 = DIRECTION('',(-0.,-0.,-1.));
#2694 = DIRECTION('',(1.,0.,0.));
#2695 = DEFINITIONAL_REPRESENTATION('',(#2696),#2700);
#2696 = LINE('',#2697,#2698);
#2697 = CARTESIAN_POINT('',(-6.28318530718,0.5));
#2698 = VECTOR('',#2699,1.);
#2699 = DIRECTION('',(1.,-0.));
#2700 = ( GEOMETRIC_REPRESENTATION_CONTEXT(2) 
PARAMETRIC_REPRESENTATION_CONTEXT() REPRESENTATION_CONTEXT('2D SPACE',''
  ) );
#2701 = ORIENTED_EDGE('',*,*,#2702,.T.);
#2702 = EDGE_CURVE('',#2670,#2703,#2705,.T.);
#2703 = VERTEX_POINT('',#2704);
#2704 = CARTESIAN_POINT('',(-7.140401271391,-8.035992140583,0.));
#2705 = SURFACE_CURVE('',#2706,(#2711,#2719),.PCURVE_S1.);
#2706 = B_SPLINE_CURVE_WITH_KNOTS('',3,(#2707,#2708,#2709,#2710),
  .UNSPECIFIED.,.F.,.F.,(4,4),(0.,1.),.PIECEWISE_BEZIER_KNOTS.);
#2707 = CARTESIAN_POINT('',(-5.120257841912,-6.784759364365,0.));
#2708 = CARTESIAN_POINT('',(-5.55288566243,-7.497696831444,0.));
#2709 = CARTESIAN_POINT('',(-6.371817459981,-7.825417523768,0.));
#2710 = CARTESIAN_POINT('',(-7.140401271391,-8.035992140583,0.));
#2711 = PCURVE('',#49,#2712);
#2712 = DEFINITIONAL_REPRESENTATION('',(#2713),#2718);
#2713 = B_SPLINE_CURVE_WITH_KNOTS('',3,(#2714,#2715,#2716,#2717),
  .UNSPECIFIED.,.F.,.F.,(4,4),(0.,1.),.PIECEWISE_BEZIER_KNOTS.);
#2714 = CARTESIAN_POINT('',(-5.120257841912,-6.784759364365));
#2715 = CARTESIAN_POINT('',(-5.55288566243,-7.497696831444));
#2716 = CARTESIAN_POINT('',(-6.371817459981,-7.825417523768));
#2717 = CARTESIAN_POINT('',(-7.140401271391,-8.035992140583));
#2718 = ( GEOMETRIC_REPRESENTATION_CONTEXT(2) 
PARAMETRIC_REPRESENTATION_CONTEXT() REPRESENTATION_CONTEXT('2D SPACE',''
  ) );
#2719 = PCURVE('',#2720,#2729);
#2720 = B_SPLINE_SURFACE_WITH_KNOTS('',1,3,(
    (#2721,#2722,#2723,#2724)
    ,(#2725,#2726,#2727,#2728
    )),.UNSPECIFIED.,.F.,.F.,.F.,(2,2),(4,4),(0.,1.),(0.,1.),
  .PIECEWISE_BEZIER_KNOTS.);
#2721 = CARTESIAN_POINT('',(-5.120257841912,-6.784759364365,0.));
#2722 = CARTESIAN_POINT('',(-5.55288566243,-7.497696831444,0.));
#2723 = CARTESIAN_POINT('',(-6.371817459981,-7.825417523768,0.));
#2724 = CARTESIAN_POINT('',(-7.140401271391,-8.035992140583,0.));
#2725 = CARTESIAN_POINT('',(-5.120257841912,-6.784759364365,6.));
#2726 = CARTESIAN_POINT('',(-5.55288566243,-7.497696831444,6.));
#2727 = CARTESIAN_POINT('',(-6.371817459981,-7.825417523768,6.));
#2728 = CARTESIAN_POINT('',(-7.140401271391,-8.035992140583,6.));
#2729 = DEFINITIONAL_REPRESENTATION('',(#2730),#2734);
#2730 = LINE('',#2731,#2732);
#2731 = CARTESIAN_POINT('',(0.,0.));
#2732 = VECTOR('',#2733,1.);
#2733 = DIRECTION('',(0.,1.));
#2734 = ( GEOMETRIC_REPRESENTATION_CONTEXT(2) 
PARAMETRIC_REPRESENTATION_CONTEXT() REPRESENTATION_CONTEXT('2D SPACE',''
  ) );
#2735 = ORIENTED_EDGE('',*,*,#2736,.T.);
#2736 = EDGE_CURVE('',#2703,#2737,#2739,.T.);
#2737 = VERTEX_POINT('',#2738);
#2738 = CARTESIAN_POINT('',(-7.418895489828,-7.779620152103,0.));
#2739 = SURFACE_CURVE('',#2740,(#2745,#2753),.PCURVE_S1.);
#2740 = B_SPLINE_CURVE_WITH_KNOTS('',3,(#2741,#2742,#2743,#2744),
  .UNSPECIFIED.,.F.,.F.,(4,4),(0.,1.),.PIECEWISE_BEZIER_KNOTS.);
#2741 = CARTESIAN_POINT('',(-7.140401271391,-8.035992140583,0.));
#2742 = CARTESIAN_POINT('',(-7.234727764877,-7.952178160498,0.));
#2743 = CARTESIAN_POINT('',(-7.327578356884,-7.866703169174,0.));
#2744 = CARTESIAN_POINT('',(-7.418895489828,-7.779620152103,0.));
#2745 = PCURVE('',#49,#2746);
#2746 = DEFINITIONAL_REPRESENTATION('',(#2747),#2752);
#2747 = B_SPLINE_CURVE_WITH_KNOTS('',3,(#2748,#2749,#2750,#2751),
  .UNSPECIFIED.,.F.,.F.,(4,4),(0.,1.),.PIECEWISE_BEZIER_KNOTS.);
#2748 = CARTESIAN_POINT('',(-7.140401271391,-8.035992140583));
#2749 = CARTESIAN_POINT('',(-7.234727764877,-7.952178160498));
#2750 = CARTESIAN_POINT('',(-7.327578356884,-7.866703169174));
#2751 = CARTESIAN_POINT('',(-7.418895489828,-7.779620152103));
#2752 = ( GEOMETRIC_REPRESENTATION_CONTEXT(2) 
PARAMETRIC_REPRESENTATION_CONTEXT() REPRESENTATION_CONTEXT('2D SPACE',''
  ) );
#2753 = PCURVE('',#2754,#2763);
#2754 = B_SPLINE_SURFACE_WITH_KNOTS('',1,3,(
    (#2755,#2756,#2757,#2758)
    ,(#2759,#2760,#2761,#2762
    )),.UNSPECIFIED.,.F.,.F.,.F.,(2,2),(4,4),(0.,1.),(0.,1.),
  .PIECEWISE_BEZIER_KNOTS.);
#2755 = CARTESIAN_POINT('',(-7.140401271391,-8.035992140583,0.));
#2756 = CARTESIAN_POINT('',(-7.234727764877,-7.952178160498,0.));
#2757 = CARTESIAN_POINT('',(-7.327578356884,-7.866703169174,0.));
#2758 = CARTESIAN_POINT('',(-7.418895489828,-7.779620152103,0.));
#2759 = CARTESIAN_POINT('',(-7.140401271391,-8.035992140583,6.));
#2760 = CARTESIAN_POINT('',(-7.234727764877,-7.952178160498,6.));
#2761 = CARTESIAN_POINT('',(-7.327578356884,-7.866703169174,6.));
#2762 = CARTESIAN_POINT('',(-7.418895489828,-7.779620152103,6.));
#2763 = DEFINITIONAL_REPRESENTATION('',(#2764),#2768);
#2764 = LINE('',#2765,#2766);
#2765 = CARTESIAN_POINT('',(0.,0.));
#2766 = VECTOR('',#2767,1.);
#2767 = DIRECTION('',(0.,1.));
#2768 = ( GEOMETRIC_REPRESENTATION_CONTEXT(2) 
PARAMETRIC_REPRESENTATION_CONTEXT() REPRESENTATION_CONTEXT('2D SPACE',''
  ) );
#2769 = ORIENTED_EDGE('',*,*,#2770,.T.);
#2770 = EDGE_CURVE('',#2737,#287,#2771,.T.);
#2771 = SURFACE_CURVE('',#2772,(#2777,#2785),.PCURVE_S1.);
#2772 = B_SPLINE_CURVE_WITH_KNOTS('',3,(#2773,#2774,#2775,#2776),
  .UNSPECIFIED.,.F.,.F.,(4,4),(0.,1.),.PIECEWISE_BEZIER_KNOTS.);
#2773 = CARTESIAN_POINT('',(-7.418895489828,-7.779620152103,0.));
#2774 = CARTESIAN_POINT('',(-7.272509240175,-6.996272330046,0.));
#2775 = CARTESIAN_POINT('',(-7.013534731997,-6.153074639507,0.));
#2776 = CARTESIAN_POINT('',(-6.338758430073,-5.663050552942,0.));
#2777 = PCURVE('',#49,#2778);
#2778 = DEFINITIONAL_REPRESENTATION('',(#2779),#2784);
#2779 = B_SPLINE_CURVE_WITH_KNOTS('',3,(#2780,#2781,#2782,#2783),
  .UNSPECIFIED.,.F.,.F.,(4,4),(0.,1.),.PIECEWISE_BEZIER_KNOTS.);
#2780 = CARTESIAN_POINT('',(-7.418895489828,-7.779620152103));
#2781 = CARTESIAN_POINT('',(-7.272509240175,-6.996272330046));
#2782 = CARTESIAN_POINT('',(-7.013534731997,-6.153074639507));
#2783 = CARTESIAN_POINT('',(-6.338758430073,-5.663050552942));
#2784 = ( GEOMETRIC_REPRESENTATION_CONTEXT(2) 
PARAMETRIC_REPRESENTATION_CONTEXT() REPRESENTATION_CONTEXT('2D SPACE',''
  ) );
#2785 = PCURVE('',#2786,#2795);
#2786 = B_SPLINE_SURFACE_WITH_KNOTS('',1,3,(
    (#2787,#2788,#2789,#2790)
    ,(#2791,#2792,#2793,#2794
    )),.UNSPECIFIED.,.F.,.F.,.F.,(2,2),(4,4),(0.,1.),(0.,1.),
  .PIECEWISE_BEZIER_KNOTS.);
#2787 = CARTESIAN_POINT('',(-7.418895489828,-7.779620152103,0.));
#2788 = CARTESIAN_POINT('',(-7.272509240175,-6.996272330046,0.));
#2789 = CARTESIAN_POINT('',(-7.013534731997,-6.153074639507,0.));
#2790 = CARTESIAN_POINT('',(-6.338758430073,-5.663050552942,0.));
#2791 = CARTESIAN_POINT('',(-7.418895489828,-7.779620152103,6.));
#2792 = CARTESIAN_POINT('',(-7.272509240175,-6.996272330046,6.));
#2793 = CARTESIAN_POINT('',(-7.013534731997,-6.153074639507,6.));
#2794 = CARTESIAN_POINT('',(-6.338758430073,-5.663050552942,6.));
#2795 = DEFINITIONAL_REPRESENTATION('',(#2796),#2800);
#2796 = LINE('',#2797,#2798);
#2797 = CARTESIAN_POINT('',(0.,0.));
#2798 = VECTOR('',#2799,1.);
#2799 = DIRECTION('',(0.,1.));
#2800 = ( GEOMETRIC_REPRESENTATION_CONTEXT(2) 
PARAMETRIC_REPRESENTATION_CONTEXT() REPRESENTATION_CONTEXT('2D SPACE',''
  ) );
#2801 = ADVANCED_FACE('',(#2802),#210,.F.);
#2802 = FACE_BOUND('',#2803,.F.);
#2803 = EDGE_LOOP('',(#2804,#2805,#2806,#2831));
#2804 = ORIENTED_EDGE('',*,*,#2070,.F.);
#2805 = ORIENTED_EDGE('',*,*,#197,.T.);
#2806 = ORIENTED_EDGE('',*,*,#2807,.T.);
#2807 = EDGE_CURVE('',#168,#2808,#2810,.T.);
#2808 = VERTEX_POINT('',#2809);
#2809 = CARTESIAN_POINT('',(8.365696338746,-6.751120260215,6.));
#2810 = SURFACE_CURVE('',#2811,(#2816,#2823),.PCURVE_S1.);
#2811 = B_SPLINE_CURVE_WITH_KNOTS('',3,(#2812,#2813,#2814,#2815),
  .UNSPECIFIED.,.F.,.F.,(4,4),(0.,1.),.PIECEWISE_BEZIER_KNOTS.);
#2812 = CARTESIAN_POINT('',(8.59819481663,-6.452406209723,6.));
#2813 = CARTESIAN_POINT('',(8.522456523872,-6.553331834028,6.));
#2814 = CARTESIAN_POINT('',(8.444941014094,-6.652923763027,6.));
#2815 = CARTESIAN_POINT('',(8.365696338746,-6.751120260215,6.));
#2816 = PCURVE('',#210,#2817);
#2817 = DEFINITIONAL_REPRESENTATION('',(#2818),#2822);
#2818 = LINE('',#2819,#2820);
#2819 = CARTESIAN_POINT('',(1.,0.));
#2820 = VECTOR('',#2821,1.);
#2821 = DIRECTION('',(0.,1.));
#2822 = ( GEOMETRIC_REPRESENTATION_CONTEXT(2) 
PARAMETRIC_REPRESENTATION_CONTEXT() REPRESENTATION_CONTEXT('2D SPACE',''
  ) );
#2823 = PCURVE('',#184,#2824);
#2824 = DEFINITIONAL_REPRESENTATION('',(#2825),#2830);
#2825 = B_SPLINE_CURVE_WITH_KNOTS('',3,(#2826,#2827,#2828,#2829),
  .UNSPECIFIED.,.F.,.F.,(4,4),(0.,1.),.PIECEWISE_BEZIER_KNOTS.);
#2826 = CARTESIAN_POINT('',(8.59819481663,-6.452406209723));
#2827 = CARTESIAN_POINT('',(8.522456523872,-6.553331834028));
#2828 = CARTESIAN_POINT('',(8.444941014094,-6.652923763027));
#2829 = CARTESIAN_POINT('',(8.365696338746,-6.751120260215));
#2830 = ( GEOMETRIC_REPRESENTATION_CONTEXT(2) 
PARAMETRIC_REPRESENTATION_CONTEXT() REPRESENTATION_CONTEXT('2D SPACE',''
  ) );
#2831 = ORIENTED_EDGE('',*,*,#2832,.F.);
#2832 = EDGE_CURVE('',#2071,#2808,#2833,.T.);
#2833 = SURFACE_CURVE('',#2834,(#2837,#2844),.PCURVE_S1.);
#2834 = B_SPLINE_CURVE_WITH_KNOTS('',1,(#2835,#2836),.UNSPECIFIED.,.F.,
  .F.,(2,2),(0.,1.),.PIECEWISE_BEZIER_KNOTS.);
#2835 = CARTESIAN_POINT('',(8.365696338746,-6.751120260215,0.));
#2836 = CARTESIAN_POINT('',(8.365696338746,-6.751120260215,6.));
#2837 = PCURVE('',#210,#2838);
#2838 = DEFINITIONAL_REPRESENTATION('',(#2839),#2843);
#2839 = LINE('',#2840,#2841);
#2840 = CARTESIAN_POINT('',(0.,1.));
#2841 = VECTOR('',#2842,1.);
#2842 = DIRECTION('',(1.,0.));
#2843 = ( GEOMETRIC_REPRESENTATION_CONTEXT(2) 
PARAMETRIC_REPRESENTATION_CONTEXT() REPRESENTATION_CONTEXT('2D SPACE',''
  ) );
#2844 = PCURVE('',#2113,#2845);
#2845 = DEFINITIONAL_REPRESENTATION('',(#2846),#2850);
#2846 = LINE('',#2847,#2848);
#2847 = CARTESIAN_POINT('',(0.,0.));
#2848 = VECTOR('',#2849,1.);
#2849 = DIRECTION('',(1.,0.));
#2850 = ( GEOMETRIC_REPRESENTATION_CONTEXT(2) 
PARAMETRIC_REPRESENTATION_CONTEXT() REPRESENTATION_CONTEXT('2D SPACE',''
  ) );
#2851 = ADVANCED_FACE('',(#2852,#2878),#184,.T.);
#2852 = FACE_BOUND('',#2853,.T.);
#2853 = EDGE_LOOP('',(#2854));
#2854 = ORIENTED_EDGE('',*,*,#2855,.T.);
#2855 = EDGE_CURVE('',#2856,#2856,#2858,.T.);
#2856 = VERTEX_POINT('',#2857);
#2857 = CARTESIAN_POINT('',(13.75,0.,6.));
#2858 = SURFACE_CURVE('',#2859,(#2864,#2871),.PCURVE_S1.);
#2859 = CIRCLE('',#2860,13.75);
#2860 = AXIS2_PLACEMENT_3D('',#2861,#2862,#2863);
#2861 = CARTESIAN_POINT('',(0.,0.,6.));
#2862 = DIRECTION('',(0.,0.,1.));
#2863 = DIRECTION('',(1.,0.,-0.));
#2864 = PCURVE('',#184,#2865);
#2865 = DEFINITIONAL_REPRESENTATION('',(#2866),#2870);
#2866 = CIRCLE('',#2867,13.75);
#2867 = AXIS2_PLACEMENT_2D('',#2868,#2869);
#2868 = CARTESIAN_POINT('',(7.956015316593E-16,-2.343050820501E-16));
#2869 = DIRECTION('',(1.,0.));
#2870 = ( GEOMETRIC_REPRESENTATION_CONTEXT(2) 
PARAMETRIC_REPRESENTATION_CONTEXT() REPRESENTATION_CONTEXT('2D SPACE',''
  ) );
#2871 = PCURVE('',#246,#2872);
#2872 = DEFINITIONAL_REPRESENTATION('',(#2873),#2877);
#2873 = LINE('',#2874,#2875);
#2874 = CARTESIAN_POINT('',(0.,1.));
#2875 = VECTOR('',#2876,1.);
#2876 = DIRECTION('',(1.,0.));
#2877 = ( GEOMETRIC_REPRESENTATION_CONTEXT(2) 
PARAMETRIC_REPRESENTATION_CONTEXT() REPRESENTATION_CONTEXT('2D SPACE',''
  ) );
#2878 = FACE_BOUND('',#2879,.T.);
#2879 = EDGE_LOOP('',(#2880,#2915,#2940,#2965,#2990,#3023,#3048,#3073,
    #3098,#3131,#3156,#3181,#3206,#3239,#3264,#3289,#3314,#3347,#3372,
    #3397,#3422,#3455,#3480,#3505,#3530,#3563,#3588,#3613,#3638,#3671,
    #3696,#3721,#3746,#3779,#3804,#3829,#3854,#3887,#3912,#3937,#3962,
    #3995,#4020,#4045,#4070,#4103,#4128,#4153,#4178,#4204,#4205,#4206,
    #4231,#4264,#4289,#4314,#4339,#4372,#4397,#4422,#4447,#4480,#4505,
    #4530,#4555,#4588,#4613,#4638,#4663,#4696,#4721,#4746,#4771,#4804,
    #4829,#4854));
#2880 = ORIENTED_EDGE('',*,*,#2881,.T.);
#2881 = EDGE_CURVE('',#2882,#2884,#2886,.T.);
#2882 = VERTEX_POINT('',#2883);
#2883 = CARTESIAN_POINT('',(-8.281627762653,-3.497819549499,6.));
#2884 = VERTEX_POINT('',#2885);
#2885 = CARTESIAN_POINT('',(-8.683773185248,-2.326409952517,6.));
#2886 = SURFACE_CURVE('',#2887,(#2892,#2903),.PCURVE_S1.);
#2887 = CIRCLE('',#2888,8.99);
#2888 = AXIS2_PLACEMENT_3D('',#2889,#2890,#2891);
#2889 = CARTESIAN_POINT('',(0.,0.,6.));
#2890 = DIRECTION('',(0.,0.,-1.));
#2891 = DIRECTION('',(1.,0.,0.));
#2892 = PCURVE('',#184,#2893);
#2893 = DEFINITIONAL_REPRESENTATION('',(#2894),#2902);
#2894 = ( BOUNDED_CURVE() B_SPLINE_CURVE(2,(#2895,#2896,#2897,#2898,
#2899,#2900,#2901),.UNSPECIFIED.,.T.,.F.) B_SPLINE_CURVE_WITH_KNOTS((1,2
    ,2,2,2,1),(-2.094395102393,0.,2.094395102393,4.188790204786,
6.28318530718,8.377580409573),.UNSPECIFIED.) CURVE() 
GEOMETRIC_REPRESENTATION_ITEM() RATIONAL_B_SPLINE_CURVE((1.,0.5,1.,0.5,
1.,0.5,1.)) REPRESENTATION_ITEM('') );
#2895 = CARTESIAN_POINT('',(8.99,-2.343050820501E-16));
#2896 = CARTESIAN_POINT('',(8.99,-15.57113676004));
#2897 = CARTESIAN_POINT('',(-4.495,-7.785568380022));
#2898 = CARTESIAN_POINT('',(-17.98,-2.436220026917E-15));
#2899 = CARTESIAN_POINT('',(-4.495,7.785568380022));
#2900 = CARTESIAN_POINT('',(8.99,15.571136760044));
#2901 = CARTESIAN_POINT('',(8.99,-2.343050820501E-16));
#2902 = ( GEOMETRIC_REPRESENTATION_CONTEXT(2) 
PARAMETRIC_REPRESENTATION_CONTEXT() REPRESENTATION_CONTEXT('2D SPACE',''
  ) );
#2903 = PCURVE('',#2904,#2909);
#2904 = CONICAL_SURFACE('',#2905,9.,0.785398163397);
#2905 = AXIS2_PLACEMENT_3D('',#2906,#2907,#2908);
#2906 = CARTESIAN_POINT('',(0.,0.,6.01));
#2907 = DIRECTION('',(0.,0.,1.));
#2908 = DIRECTION('',(1.,0.,0.));
#2909 = DEFINITIONAL_REPRESENTATION('',(#2910),#2914);
#2910 = LINE('',#2911,#2912);
#2911 = CARTESIAN_POINT('',(6.28318530718,-1.E-02));
#2912 = VECTOR('',#2913,1.);
#2913 = DIRECTION('',(-1.,-0.));
#2914 = ( GEOMETRIC_REPRESENTATION_CONTEXT(2) 
PARAMETRIC_REPRESENTATION_CONTEXT() REPRESENTATION_CONTEXT('2D SPACE',''
  ) );
#2915 = ORIENTED_EDGE('',*,*,#2916,.T.);
#2916 = EDGE_CURVE('',#2884,#2917,#2919,.T.);
#2917 = VERTEX_POINT('',#2918);
#2918 = CARTESIAN_POINT('',(-10.57058842842,-1.955801696732,6.));
#2919 = SURFACE_CURVE('',#2920,(#2925,#2933),.PCURVE_S1.);
#2920 = B_SPLINE_CURVE_WITH_KNOTS('',3,(#2921,#2922,#2923,#2924),
  .UNSPECIFIED.,.F.,.F.,(4,4),(0.,1.),.PIECEWISE_BEZIER_KNOTS.);
#2921 = CARTESIAN_POINT('',(-8.207888335741,-2.209201002175,6.));
#2922 = CARTESIAN_POINT('',(-8.987187730036,-2.506083330889,6.));
#2923 = CARTESIAN_POINT('',(-9.834730201352,-2.261702684087,6.));
#2924 = CARTESIAN_POINT('',(-10.57058842842,-1.955801696732,6.));
#2925 = PCURVE('',#184,#2926);
#2926 = DEFINITIONAL_REPRESENTATION('',(#2927),#2932);
#2927 = B_SPLINE_CURVE_WITH_KNOTS('',3,(#2928,#2929,#2930,#2931),
  .UNSPECIFIED.,.F.,.F.,(4,4),(0.,1.),.PIECEWISE_BEZIER_KNOTS.);
#2928 = CARTESIAN_POINT('',(-8.207888335741,-2.209201002175));
#2929 = CARTESIAN_POINT('',(-8.987187730036,-2.506083330889));
#2930 = CARTESIAN_POINT('',(-9.834730201352,-2.261702684087));
#2931 = CARTESIAN_POINT('',(-10.57058842842,-1.955801696732));
#2932 = ( GEOMETRIC_REPRESENTATION_CONTEXT(2) 
PARAMETRIC_REPRESENTATION_CONTEXT() REPRESENTATION_CONTEXT('2D SPACE',''
  ) );
#2933 = PCURVE('',#474,#2934);
#2934 = DEFINITIONAL_REPRESENTATION('',(#2935),#2939);
#2935 = LINE('',#2936,#2937);
#2936 = CARTESIAN_POINT('',(1.,0.));
#2937 = VECTOR('',#2938,1.);
#2938 = DIRECTION('',(0.,1.));
#2939 = ( GEOMETRIC_REPRESENTATION_CONTEXT(2) 
PARAMETRIC_REPRESENTATION_CONTEXT() REPRESENTATION_CONTEXT('2D SPACE',''
  ) );
#2940 = ORIENTED_EDGE('',*,*,#2941,.T.);
#2941 = EDGE_CURVE('',#2917,#2942,#2944,.T.);
#2942 = VERTEX_POINT('',#2943);
#2943 = CARTESIAN_POINT('',(-10.63289256332,-1.582433485773,6.));
#2944 = SURFACE_CURVE('',#2945,(#2950,#2958),.PCURVE_S1.);
#2945 = B_SPLINE_CURVE_WITH_KNOTS('',3,(#2946,#2947,#2948,#2949),
  .UNSPECIFIED.,.F.,.F.,(4,4),(0.,1.),.PIECEWISE_BEZIER_KNOTS.);
#2946 = CARTESIAN_POINT('',(-10.57058842842,-1.955801696732,6.));
#2947 = CARTESIAN_POINT('',(-10.59354567347,-1.83172415835,6.));
#2948 = CARTESIAN_POINT('',(-10.61431801065,-1.707242366164,6.));
#2949 = CARTESIAN_POINT('',(-10.63289256332,-1.582433485773,6.));
#2950 = PCURVE('',#184,#2951);
#2951 = DEFINITIONAL_REPRESENTATION('',(#2952),#2957);
#2952 = B_SPLINE_CURVE_WITH_KNOTS('',3,(#2953,#2954,#2955,#2956),
  .UNSPECIFIED.,.F.,.F.,(4,4),(0.,1.),.PIECEWISE_BEZIER_KNOTS.);
#2953 = CARTESIAN_POINT('',(-10.57058842842,-1.955801696732));
#2954 = CARTESIAN_POINT('',(-10.59354567347,-1.83172415835));
#2955 = CARTESIAN_POINT('',(-10.61431801065,-1.707242366164));
#2956 = CARTESIAN_POINT('',(-10.63289256332,-1.582433485773));
#2957 = ( GEOMETRIC_REPRESENTATION_CONTEXT(2) 
PARAMETRIC_REPRESENTATION_CONTEXT() REPRESENTATION_CONTEXT('2D SPACE',''
  ) );
#2958 = PCURVE('',#508,#2959);
#2959 = DEFINITIONAL_REPRESENTATION('',(#2960),#2964);
#2960 = LINE('',#2961,#2962);
#2961 = CARTESIAN_POINT('',(1.,0.));
#2962 = VECTOR('',#2963,1.);
#2963 = DIRECTION('',(0.,1.));
#2964 = ( GEOMETRIC_REPRESENTATION_CONTEXT(2) 
PARAMETRIC_REPRESENTATION_CONTEXT() REPRESENTATION_CONTEXT('2D SPACE',''
  ) );
#2965 = ORIENTED_EDGE('',*,*,#2966,.T.);
#2966 = EDGE_CURVE('',#2942,#2967,#2969,.T.);
#2967 = VERTEX_POINT('',#2968);
#2968 = CARTESIAN_POINT('',(-8.96864647836,-0.619257899589,6.));
#2969 = SURFACE_CURVE('',#2970,(#2975,#2983),.PCURVE_S1.);
#2970 = B_SPLINE_CURVE_WITH_KNOTS('',3,(#2971,#2972,#2973,#2974),
  .UNSPECIFIED.,.F.,.F.,(4,4),(0.,1.),.PIECEWISE_BEZIER_KNOTS.);
#2971 = CARTESIAN_POINT('',(-10.63289256332,-1.582433485773,6.));
#2972 = CARTESIAN_POINT('',(-10.03623105293,-1.05417428194,6.));
#2973 = CARTESIAN_POINT('',(-9.313961036791,-0.547838262092,6.));
#2974 = CARTESIAN_POINT('',(-8.48048869867,-0.575596587666,6.));
#2975 = PCURVE('',#184,#2976);
#2976 = DEFINITIONAL_REPRESENTATION('',(#2977),#2982);
#2977 = B_SPLINE_CURVE_WITH_KNOTS('',3,(#2978,#2979,#2980,#2981),
  .UNSPECIFIED.,.F.,.F.,(4,4),(0.,1.),.PIECEWISE_BEZIER_KNOTS.);
#2978 = CARTESIAN_POINT('',(-10.63289256332,-1.582433485773));
#2979 = CARTESIAN_POINT('',(-10.03623105293,-1.05417428194));
#2980 = CARTESIAN_POINT('',(-9.313961036791,-0.547838262092));
#2981 = CARTESIAN_POINT('',(-8.48048869867,-0.575596587666));
#2982 = ( GEOMETRIC_REPRESENTATION_CONTEXT(2) 
PARAMETRIC_REPRESENTATION_CONTEXT() REPRESENTATION_CONTEXT('2D SPACE',''
  ) );
#2983 = PCURVE('',#542,#2984);
#2984 = DEFINITIONAL_REPRESENTATION('',(#2985),#2989);
#2985 = LINE('',#2986,#2987);
#2986 = CARTESIAN_POINT('',(1.,0.));
#2987 = VECTOR('',#2988,1.);
#2988 = DIRECTION('',(0.,1.));
#2989 = ( GEOMETRIC_REPRESENTATION_CONTEXT(2) 
PARAMETRIC_REPRESENTATION_CONTEXT() REPRESENTATION_CONTEXT('2D SPACE',''
  ) );
#2990 = ORIENTED_EDGE('',*,*,#2991,.T.);
#2991 = EDGE_CURVE('',#2967,#2992,#2994,.T.);
#2992 = VERTEX_POINT('',#2993);
#2993 = CARTESIAN_POINT('',(-8.96864647836,0.619257899589,6.));
#2994 = SURFACE_CURVE('',#2995,(#3000,#3011),.PCURVE_S1.);
#2995 = CIRCLE('',#2996,8.99);
#2996 = AXIS2_PLACEMENT_3D('',#2997,#2998,#2999);
#2997 = CARTESIAN_POINT('',(0.,0.,6.));
#2998 = DIRECTION('',(0.,0.,-1.));
#2999 = DIRECTION('',(1.,0.,0.));
#3000 = PCURVE('',#184,#3001);
#3001 = DEFINITIONAL_REPRESENTATION('',(#3002),#3010);
#3002 = ( BOUNDED_CURVE() B_SPLINE_CURVE(2,(#3003,#3004,#3005,#3006,
#3007,#3008,#3009),.UNSPECIFIED.,.T.,.F.) B_SPLINE_CURVE_WITH_KNOTS((1,2
    ,2,2,2,1),(-2.094395102393,0.,2.094395102393,4.188790204786,
6.28318530718,8.377580409573),.UNSPECIFIED.) CURVE() 
GEOMETRIC_REPRESENTATION_ITEM() RATIONAL_B_SPLINE_CURVE((1.,0.5,1.,0.5,
1.,0.5,1.)) REPRESENTATION_ITEM('') );
#3003 = CARTESIAN_POINT('',(8.99,-2.343050820501E-16));
#3004 = CARTESIAN_POINT('',(8.99,-15.57113676004));
#3005 = CARTESIAN_POINT('',(-4.495,-7.785568380022));
#3006 = CARTESIAN_POINT('',(-17.98,-2.436220026917E-15));
#3007 = CARTESIAN_POINT('',(-4.495,7.785568380022));
#3008 = CARTESIAN_POINT('',(8.99,15.571136760044));
#3009 = CARTESIAN_POINT('',(8.99,-2.343050820501E-16));
#3010 = ( GEOMETRIC_REPRESENTATION_CONTEXT(2) 
PARAMETRIC_REPRESENTATION_CONTEXT() REPRESENTATION_CONTEXT('2D SPACE',''
  ) );
#3011 = PCURVE('',#3012,#3017);
#3012 = CONICAL_SURFACE('',#3013,9.,0.785398163397);
#3013 = AXIS2_PLACEMENT_3D('',#3014,#3015,#3016);
#3014 = CARTESIAN_POINT('',(0.,0.,6.01));
#3015 = DIRECTION('',(0.,0.,1.));
#3016 = DIRECTION('',(1.,0.,0.));
#3017 = DEFINITIONAL_REPRESENTATION('',(#3018),#3022);
#3018 = LINE('',#3019,#3020);
#3019 = CARTESIAN_POINT('',(6.28318530718,-1.E-02));
#3020 = VECTOR('',#3021,1.);
#3021 = DIRECTION('',(-1.,-0.));
#3022 = ( GEOMETRIC_REPRESENTATION_CONTEXT(2) 
PARAMETRIC_REPRESENTATION_CONTEXT() REPRESENTATION_CONTEXT('2D SPACE',''
  ) );
#3023 = ORIENTED_EDGE('',*,*,#3024,.T.);
#3024 = EDGE_CURVE('',#2992,#3025,#3027,.T.);
#3025 = VERTEX_POINT('',#3026);
#3026 = CARTESIAN_POINT('',(-10.63289256332,1.582433485773,6.));
#3027 = SURFACE_CURVE('',#3028,(#3033,#3041),.PCURVE_S1.);
#3028 = B_SPLINE_CURVE_WITH_KNOTS('',3,(#3029,#3030,#3031,#3032),
  .UNSPECIFIED.,.F.,.F.,(4,4),(0.,1.),.PIECEWISE_BEZIER_KNOTS.);
#3029 = CARTESIAN_POINT('',(-8.48048869867,0.575596587666,6.));
#3030 = CARTESIAN_POINT('',(-9.313961036791,0.547838262092,6.));
#3031 = CARTESIAN_POINT('',(-10.03623105293,1.05417428194,6.));
#3032 = CARTESIAN_POINT('',(-10.63289256332,1.582433485773,6.));
#3033 = PCURVE('',#184,#3034);
#3034 = DEFINITIONAL_REPRESENTATION('',(#3035),#3040);
#3035 = B_SPLINE_CURVE_WITH_KNOTS('',3,(#3036,#3037,#3038,#3039),
  .UNSPECIFIED.,.F.,.F.,(4,4),(0.,1.),.PIECEWISE_BEZIER_KNOTS.);
#3036 = CARTESIAN_POINT('',(-8.48048869867,0.575596587666));
#3037 = CARTESIAN_POINT('',(-9.313961036791,0.547838262092));
#3038 = CARTESIAN_POINT('',(-10.03623105293,1.05417428194));
#3039 = CARTESIAN_POINT('',(-10.63289256332,1.582433485773));
#3040 = ( GEOMETRIC_REPRESENTATION_CONTEXT(2) 
PARAMETRIC_REPRESENTATION_CONTEXT() REPRESENTATION_CONTEXT('2D SPACE',''
  ) );
#3041 = PCURVE('',#609,#3042);
#3042 = DEFINITIONAL_REPRESENTATION('',(#3043),#3047);
#3043 = LINE('',#3044,#3045);
#3044 = CARTESIAN_POINT('',(1.,0.));
#3045 = VECTOR('',#3046,1.);
#3046 = DIRECTION('',(0.,1.));
#3047 = ( GEOMETRIC_REPRESENTATION_CONTEXT(2) 
PARAMETRIC_REPRESENTATION_CONTEXT() REPRESENTATION_CONTEXT('2D SPACE',''
  ) );
#3048 = ORIENTED_EDGE('',*,*,#3049,.T.);
#3049 = EDGE_CURVE('',#3025,#3050,#3052,.T.);
#3050 = VERTEX_POINT('',#3051);
#3051 = CARTESIAN_POINT('',(-10.57058842842,1.955801696732,6.));
#3052 = SURFACE_CURVE('',#3053,(#3058,#3066),.PCURVE_S1.);
#3053 = B_SPLINE_CURVE_WITH_KNOTS('',3,(#3054,#3055,#3056,#3057),
  .UNSPECIFIED.,.F.,.F.,(4,4),(0.,1.),.PIECEWISE_BEZIER_KNOTS.);
#3054 = CARTESIAN_POINT('',(-10.63289256332,1.582433485773,6.));
#3055 = CARTESIAN_POINT('',(-10.61431801065,1.707242366164,6.));
#3056 = CARTESIAN_POINT('',(-10.59354567347,1.83172415835,6.));
#3057 = CARTESIAN_POINT('',(-10.57058842842,1.955801696732,6.));
#3058 = PCURVE('',#184,#3059);
#3059 = DEFINITIONAL_REPRESENTATION('',(#3060),#3065);
#3060 = B_SPLINE_CURVE_WITH_KNOTS('',3,(#3061,#3062,#3063,#3064),
  .UNSPECIFIED.,.F.,.F.,(4,4),(0.,1.),.PIECEWISE_BEZIER_KNOTS.);
#3061 = CARTESIAN_POINT('',(-10.63289256332,1.582433485773));
#3062 = CARTESIAN_POINT('',(-10.61431801065,1.707242366164));
#3063 = CARTESIAN_POINT('',(-10.59354567347,1.83172415835));
#3064 = CARTESIAN_POINT('',(-10.57058842842,1.955801696732));
#3065 = ( GEOMETRIC_REPRESENTATION_CONTEXT(2) 
PARAMETRIC_REPRESENTATION_CONTEXT() REPRESENTATION_CONTEXT('2D SPACE',''
  ) );
#3066 = PCURVE('',#643,#3067);
#3067 = DEFINITIONAL_REPRESENTATION('',(#3068),#3072);
#3068 = LINE('',#3069,#3070);
#3069 = CARTESIAN_POINT('',(1.,0.));
#3070 = VECTOR('',#3071,1.);
#3071 = DIRECTION('',(0.,1.));
#3072 = ( GEOMETRIC_REPRESENTATION_CONTEXT(2) 
PARAMETRIC_REPRESENTATION_CONTEXT() REPRESENTATION_CONTEXT('2D SPACE',''
  ) );
#3073 = ORIENTED_EDGE('',*,*,#3074,.T.);
#3074 = EDGE_CURVE('',#3050,#3075,#3077,.T.);
#3075 = VERTEX_POINT('',#3076);
#3076 = CARTESIAN_POINT('',(-8.683773185248,2.326409952517,6.));
#3077 = SURFACE_CURVE('',#3078,(#3083,#3091),.PCURVE_S1.);
#3078 = B_SPLINE_CURVE_WITH_KNOTS('',3,(#3079,#3080,#3081,#3082),
  .UNSPECIFIED.,.F.,.F.,(4,4),(0.,1.),.PIECEWISE_BEZIER_KNOTS.);
#3079 = CARTESIAN_POINT('',(-10.57058842842,1.955801696732,6.));
#3080 = CARTESIAN_POINT('',(-9.834730201352,2.261702684087,6.));
#3081 = CARTESIAN_POINT('',(-8.987187730036,2.506083330889,6.));
#3082 = CARTESIAN_POINT('',(-8.207888335741,2.209201002175,6.));
#3083 = PCURVE('',#184,#3084);
#3084 = DEFINITIONAL_REPRESENTATION('',(#3085),#3090);
#3085 = B_SPLINE_CURVE_WITH_KNOTS('',3,(#3086,#3087,#3088,#3089),
  .UNSPECIFIED.,.F.,.F.,(4,4),(0.,1.),.PIECEWISE_BEZIER_KNOTS.);
#3086 = CARTESIAN_POINT('',(-10.57058842842,1.955801696732));
#3087 = CARTESIAN_POINT('',(-9.834730201352,2.261702684087));
#3088 = CARTESIAN_POINT('',(-8.987187730036,2.506083330889));
#3089 = CARTESIAN_POINT('',(-8.207888335741,2.209201002175));
#3090 = ( GEOMETRIC_REPRESENTATION_CONTEXT(2) 
PARAMETRIC_REPRESENTATION_CONTEXT() REPRESENTATION_CONTEXT('2D SPACE',''
  ) );
#3091 = PCURVE('',#677,#3092);
#3092 = DEFINITIONAL_REPRESENTATION('',(#3093),#3097);
#3093 = LINE('',#3094,#3095);
#3094 = CARTESIAN_POINT('',(1.,0.));
#3095 = VECTOR('',#3096,1.);
#3096 = DIRECTION('',(0.,1.));
#3097 = ( GEOMETRIC_REPRESENTATION_CONTEXT(2) 
PARAMETRIC_REPRESENTATION_CONTEXT() REPRESENTATION_CONTEXT('2D SPACE',''
  ) );
#3098 = ORIENTED_EDGE('',*,*,#3099,.T.);
#3099 = EDGE_CURVE('',#3075,#3100,#3102,.T.);
#3100 = VERTEX_POINT('',#3101);
#3101 = CARTESIAN_POINT('',(-8.281627762653,3.497819549499,6.));
#3102 = SURFACE_CURVE('',#3103,(#3108,#3119),.PCURVE_S1.);
#3103 = CIRCLE('',#3104,8.99);
#3104 = AXIS2_PLACEMENT_3D('',#3105,#3106,#3107);
#3105 = CARTESIAN_POINT('',(0.,0.,6.));
#3106 = DIRECTION('',(0.,0.,-1.));
#3107 = DIRECTION('',(1.,0.,0.));
#3108 = PCURVE('',#184,#3109);
#3109 = DEFINITIONAL_REPRESENTATION('',(#3110),#3118);
#3110 = ( BOUNDED_CURVE() B_SPLINE_CURVE(2,(#3111,#3112,#3113,#3114,
#3115,#3116,#3117),.UNSPECIFIED.,.T.,.F.) B_SPLINE_CURVE_WITH_KNOTS((1,2
    ,2,2,2,1),(-2.094395102393,0.,2.094395102393,4.188790204786,
6.28318530718,8.377580409573),.UNSPECIFIED.) CURVE() 
GEOMETRIC_REPRESENTATION_ITEM() RATIONAL_B_SPLINE_CURVE((1.,0.5,1.,0.5,
1.,0.5,1.)) REPRESENTATION_ITEM('') );
#3111 = CARTESIAN_POINT('',(8.99,-2.343050820501E-16));
#3112 = CARTESIAN_POINT('',(8.99,-15.57113676004));
#3113 = CARTESIAN_POINT('',(-4.495,-7.785568380022));
#3114 = CARTESIAN_POINT('',(-17.98,-2.436220026917E-15));
#3115 = CARTESIAN_POINT('',(-4.495,7.785568380022));
#3116 = CARTESIAN_POINT('',(8.99,15.571136760044));
#3117 = CARTESIAN_POINT('',(8.99,-2.343050820501E-16));
#3118 = ( GEOMETRIC_REPRESENTATION_CONTEXT(2) 
PARAMETRIC_REPRESENTATION_CONTEXT() REPRESENTATION_CONTEXT('2D SPACE',''
  ) );
#3119 = PCURVE('',#3120,#3125);
#3120 = CONICAL_SURFACE('',#3121,9.,0.785398163397);
#3121 = AXIS2_PLACEMENT_3D('',#3122,#3123,#3124);
#3122 = CARTESIAN_POINT('',(0.,0.,6.01));
#3123 = DIRECTION('',(0.,0.,1.));
#3124 = DIRECTION('',(1.,0.,0.));
#3125 = DEFINITIONAL_REPRESENTATION('',(#3126),#3130);
#3126 = LINE('',#3127,#3128);
#3127 = CARTESIAN_POINT('',(6.28318530718,-1.E-02));
#3128 = VECTOR('',#3129,1.);
#3129 = DIRECTION('',(-1.,-0.));
#3130 = ( GEOMETRIC_REPRESENTATION_CONTEXT(2) 
PARAMETRIC_REPRESENTATION_CONTEXT() REPRESENTATION_CONTEXT('2D SPACE',''
  ) );
#3131 = ORIENTED_EDGE('',*,*,#3132,.T.);
#3132 = EDGE_CURVE('',#3100,#3133,#3135,.T.);
#3133 = VERTEX_POINT('',#3134);
#3134 = CARTESIAN_POINT('',(-9.542957802656,4.949187446109,6.));
#3135 = SURFACE_CURVE('',#3136,(#3141,#3149),.PCURVE_S1.);
#3136 = B_SPLINE_CURVE_WITH_KNOTS('',3,(#3137,#3138,#3139,#3140),
  .UNSPECIFIED.,.F.,.F.,(4,4),(0.,1.),.PIECEWISE_BEZIER_KNOTS.);
#3137 = CARTESIAN_POINT('',(-7.834096522758,3.298019355933,6.));
#3138 = CARTESIAN_POINT('',(-8.631422144213,3.542393078789,6.));
#3139 = CARTESIAN_POINT('',(-9.150150541762,4.25581510732,6.));
#3140 = CARTESIAN_POINT('',(-9.542957802656,4.949187446109,6.));
#3141 = PCURVE('',#184,#3142);
#3142 = DEFINITIONAL_REPRESENTATION('',(#3143),#3148);
#3143 = B_SPLINE_CURVE_WITH_KNOTS('',3,(#3144,#3145,#3146,#3147),
  .UNSPECIFIED.,.F.,.F.,(4,4),(0.,1.),.PIECEWISE_BEZIER_KNOTS.);
#3144 = CARTESIAN_POINT('',(-7.834096522758,3.298019355933));
#3145 = CARTESIAN_POINT('',(-8.631422144213,3.542393078789));
#3146 = CARTESIAN_POINT('',(-9.150150541762,4.25581510732));
#3147 = CARTESIAN_POINT('',(-9.542957802656,4.949187446109));
#3148 = ( GEOMETRIC_REPRESENTATION_CONTEXT(2) 
PARAMETRIC_REPRESENTATION_CONTEXT() REPRESENTATION_CONTEXT('2D SPACE',''
  ) );
#3149 = PCURVE('',#744,#3150);
#3150 = DEFINITIONAL_REPRESENTATION('',(#3151),#3155);
#3151 = LINE('',#3152,#3153);
#3152 = CARTESIAN_POINT('',(1.,0.));
#3153 = VECTOR('',#3154,1.);
#3154 = DIRECTION('',(0.,1.));
#3155 = ( GEOMETRIC_REPRESENTATION_CONTEXT(2) 
PARAMETRIC_REPRESENTATION_CONTEXT() REPRESENTATION_CONTEXT('2D SPACE',''
  ) );
#3156 = ORIENTED_EDGE('',*,*,#3157,.T.);
#3157 = EDGE_CURVE('',#3133,#3158,#3160,.T.);
#3158 = VERTEX_POINT('',#3159);
#3159 = CARTESIAN_POINT('',(-9.362797017723,5.282095418006,6.));
#3160 = SURFACE_CURVE('',#3161,(#3166,#3174),.PCURVE_S1.);
#3161 = B_SPLINE_CURVE_WITH_KNOTS('',3,(#3162,#3163,#3164,#3165),
  .UNSPECIFIED.,.F.,.F.,(4,4),(0.,1.),.PIECEWISE_BEZIER_KNOTS.);
#3162 = CARTESIAN_POINT('',(-9.542957802656,4.949187446109,6.));
#3163 = CARTESIAN_POINT('',(-9.484864293275,5.06120268971,6.));
#3164 = CARTESIAN_POINT('',(-9.424798286765,5.172194948178,6.));
#3165 = CARTESIAN_POINT('',(-9.362797017723,5.282095418006,6.));
#3166 = PCURVE('',#184,#3167);
#3167 = DEFINITIONAL_REPRESENTATION('',(#3168),#3173);
#3168 = B_SPLINE_CURVE_WITH_KNOTS('',3,(#3169,#3170,#3171,#3172),
  .UNSPECIFIED.,.F.,.F.,(4,4),(0.,1.),.PIECEWISE_BEZIER_KNOTS.);
#3169 = CARTESIAN_POINT('',(-9.542957802656,4.949187446109));
#3170 = CARTESIAN_POINT('',(-9.484864293275,5.06120268971));
#3171 = CARTESIAN_POINT('',(-9.424798286765,5.172194948178));
#3172 = CARTESIAN_POINT('',(-9.362797017723,5.282095418006));
#3173 = ( GEOMETRIC_REPRESENTATION_CONTEXT(2) 
PARAMETRIC_REPRESENTATION_CONTEXT() REPRESENTATION_CONTEXT('2D SPACE',''
  ) );
#3174 = PCURVE('',#778,#3175);
#3175 = DEFINITIONAL_REPRESENTATION('',(#3176),#3180);
#3176 = LINE('',#3177,#3178);
#3177 = CARTESIAN_POINT('',(1.,0.));
#3178 = VECTOR('',#3179,1.);
#3179 = DIRECTION('',(0.,1.));
#3180 = ( GEOMETRIC_REPRESENTATION_CONTEXT(2) 
PARAMETRIC_REPRESENTATION_CONTEXT() REPRESENTATION_CONTEXT('2D SPACE',''
  ) );
#3181 = ORIENTED_EDGE('',*,*,#3182,.T.);
#3182 = EDGE_CURVE('',#3158,#3183,#3185,.T.);
#3183 = VERTEX_POINT('',#3184);
#3184 = CARTESIAN_POINT('',(-7.45787832489,5.019975188299,6.));
#3185 = SURFACE_CURVE('',#3186,(#3191,#3199),.PCURVE_S1.);
#3186 = B_SPLINE_CURVE_WITH_KNOTS('',3,(#3187,#3188,#3189,#3190),
  .UNSPECIFIED.,.F.,.F.,(4,4),(0.,1.),.PIECEWISE_BEZIER_KNOTS.);
#3187 = CARTESIAN_POINT('',(-9.362797017723,5.282095418006,6.));
#3188 = CARTESIAN_POINT('',(-8.567483730891,5.332489070361,6.));
#3189 = CARTESIAN_POINT('',(-7.686513182146,5.288431909079,6.));
#3190 = CARTESIAN_POINT('',(-7.045835913124,4.754597384146,6.));
#3191 = PCURVE('',#184,#3192);
#3192 = DEFINITIONAL_REPRESENTATION('',(#3193),#3198);
#3193 = B_SPLINE_CURVE_WITH_KNOTS('',3,(#3194,#3195,#3196,#3197),
  .UNSPECIFIED.,.F.,.F.,(4,4),(0.,1.),.PIECEWISE_BEZIER_KNOTS.);
#3194 = CARTESIAN_POINT('',(-9.362797017723,5.282095418006));
#3195 = CARTESIAN_POINT('',(-8.567483730891,5.332489070361));
#3196 = CARTESIAN_POINT('',(-7.686513182146,5.288431909079));
#3197 = CARTESIAN_POINT('',(-7.045835913124,4.754597384146));
#3198 = ( GEOMETRIC_REPRESENTATION_CONTEXT(2) 
PARAMETRIC_REPRESENTATION_CONTEXT() REPRESENTATION_CONTEXT('2D SPACE',''
  ) );
#3199 = PCURVE('',#812,#3200);
#3200 = DEFINITIONAL_REPRESENTATION('',(#3201),#3205);
#3201 = LINE('',#3202,#3203);
#3202 = CARTESIAN_POINT('',(1.,0.));
#3203 = VECTOR('',#3204,1.);
#3204 = DIRECTION('',(0.,1.));
#3205 = ( GEOMETRIC_REPRESENTATION_CONTEXT(2) 
PARAMETRIC_REPRESENTATION_CONTEXT() REPRESENTATION_CONTEXT('2D SPACE',''
  ) );
#3206 = ORIENTED_EDGE('',*,*,#3207,.T.);
#3207 = EDGE_CURVE('',#3183,#3208,#3210,.T.);
#3208 = VERTEX_POINT('',#3209);
#3209 = CARTESIAN_POINT('',(-6.697166176168,5.997338176958,6.));
#3210 = SURFACE_CURVE('',#3211,(#3216,#3227),.PCURVE_S1.);
#3211 = CIRCLE('',#3212,8.99);
#3212 = AXIS2_PLACEMENT_3D('',#3213,#3214,#3215);
#3213 = CARTESIAN_POINT('',(0.,0.,6.));
#3214 = DIRECTION('',(0.,0.,-1.));
#3215 = DIRECTION('',(1.,0.,0.));
#3216 = PCURVE('',#184,#3217);
#3217 = DEFINITIONAL_REPRESENTATION('',(#3218),#3226);
#3218 = ( BOUNDED_CURVE() B_SPLINE_CURVE(2,(#3219,#3220,#3221,#3222,
#3223,#3224,#3225),.UNSPECIFIED.,.T.,.F.) B_SPLINE_CURVE_WITH_KNOTS((1,2
    ,2,2,2,1),(-2.094395102393,0.,2.094395102393,4.188790204786,
6.28318530718,8.377580409573),.UNSPECIFIED.) CURVE() 
GEOMETRIC_REPRESENTATION_ITEM() RATIONAL_B_SPLINE_CURVE((1.,0.5,1.,0.5,
1.,0.5,1.)) REPRESENTATION_ITEM('') );
#3219 = CARTESIAN_POINT('',(8.99,-2.343050820501E-16));
#3220 = CARTESIAN_POINT('',(8.99,-15.57113676004));
#3221 = CARTESIAN_POINT('',(-4.495,-7.785568380022));
#3222 = CARTESIAN_POINT('',(-17.98,-2.436220026917E-15));
#3223 = CARTESIAN_POINT('',(-4.495,7.785568380022));
#3224 = CARTESIAN_POINT('',(8.99,15.571136760044));
#3225 = CARTESIAN_POINT('',(8.99,-2.343050820501E-16));
#3226 = ( GEOMETRIC_REPRESENTATION_CONTEXT(2) 
PARAMETRIC_REPRESENTATION_CONTEXT() REPRESENTATION_CONTEXT('2D SPACE',''
  ) );
#3227 = PCURVE('',#3228,#3233);
#3228 = CONICAL_SURFACE('',#3229,9.,0.785398163397);
#3229 = AXIS2_PLACEMENT_3D('',#3230,#3231,#3232);
#3230 = CARTESIAN_POINT('',(0.,0.,6.01));
#3231 = DIRECTION('',(0.,0.,1.));
#3232 = DIRECTION('',(1.,0.,0.));
#3233 = DEFINITIONAL_REPRESENTATION('',(#3234),#3238);
#3234 = LINE('',#3235,#3236);
#3235 = CARTESIAN_POINT('',(6.28318530718,-1.E-02));
#3236 = VECTOR('',#3237,1.);
#3237 = DIRECTION('',(-1.,-0.));
#3238 = ( GEOMETRIC_REPRESENTATION_CONTEXT(2) 
PARAMETRIC_REPRESENTATION_CONTEXT() REPRESENTATION_CONTEXT('2D SPACE',''
  ) );
#3239 = ORIENTED_EDGE('',*,*,#3240,.T.);
#3240 = EDGE_CURVE('',#3208,#3241,#3243,.T.);
#3241 = VERTEX_POINT('',#3242);
#3242 = CARTESIAN_POINT('',(-7.418895489828,7.779620152103,6.));
#3243 = SURFACE_CURVE('',#3244,(#3249,#3257),.PCURVE_S1.);
#3244 = B_SPLINE_CURVE_WITH_KNOTS('',3,(#3245,#3246,#3247,#3248),
  .UNSPECIFIED.,.F.,.F.,(4,4),(0.,1.),.PIECEWISE_BEZIER_KNOTS.);
#3245 = CARTESIAN_POINT('',(-6.338758430073,5.663050552942,6.));
#3246 = CARTESIAN_POINT('',(-7.013534731997,6.153074639507,6.));
#3247 = CARTESIAN_POINT('',(-7.272509240175,6.996272330046,6.));
#3248 = CARTESIAN_POINT('',(-7.418895489828,7.779620152103,6.));
#3249 = PCURVE('',#184,#3250);
#3250 = DEFINITIONAL_REPRESENTATION('',(#3251),#3256);
#3251 = B_SPLINE_CURVE_WITH_KNOTS('',3,(#3252,#3253,#3254,#3255),
  .UNSPECIFIED.,.F.,.F.,(4,4),(0.,1.),.PIECEWISE_BEZIER_KNOTS.);
#3252 = CARTESIAN_POINT('',(-6.338758430073,5.663050552942));
#3253 = CARTESIAN_POINT('',(-7.013534731997,6.153074639507));
#3254 = CARTESIAN_POINT('',(-7.272509240175,6.996272330046));
#3255 = CARTESIAN_POINT('',(-7.418895489828,7.779620152103));
#3256 = ( GEOMETRIC_REPRESENTATION_CONTEXT(2) 
PARAMETRIC_REPRESENTATION_CONTEXT() REPRESENTATION_CONTEXT('2D SPACE',''
  ) );
#3257 = PCURVE('',#879,#3258);
#3258 = DEFINITIONAL_REPRESENTATION('',(#3259),#3263);
#3259 = LINE('',#3260,#3261);
#3260 = CARTESIAN_POINT('',(1.,0.));
#3261 = VECTOR('',#3262,1.);
#3262 = DIRECTION('',(0.,1.));
#3263 = ( GEOMETRIC_REPRESENTATION_CONTEXT(2) 
PARAMETRIC_REPRESENTATION_CONTEXT() REPRESENTATION_CONTEXT('2D SPACE',''
  ) );
#3264 = ORIENTED_EDGE('',*,*,#3265,.T.);
#3265 = EDGE_CURVE('',#3241,#3266,#3268,.T.);
#3266 = VERTEX_POINT('',#3267);
#3267 = CARTESIAN_POINT('',(-7.140401271391,8.035992140583,6.));
#3268 = SURFACE_CURVE('',#3269,(#3274,#3282),.PCURVE_S1.);
#3269 = B_SPLINE_CURVE_WITH_KNOTS('',3,(#3270,#3271,#3272,#3273),
  .UNSPECIFIED.,.F.,.F.,(4,4),(0.,1.),.PIECEWISE_BEZIER_KNOTS.);
#3270 = CARTESIAN_POINT('',(-7.418895489828,7.779620152103,6.));
#3271 = CARTESIAN_POINT('',(-7.327578356884,7.866703169174,6.));
#3272 = CARTESIAN_POINT('',(-7.234727764877,7.952178160498,6.));
#3273 = CARTESIAN_POINT('',(-7.140401271391,8.035992140583,6.));
#3274 = PCURVE('',#184,#3275);
#3275 = DEFINITIONAL_REPRESENTATION('',(#3276),#3281);
#3276 = B_SPLINE_CURVE_WITH_KNOTS('',3,(#3277,#3278,#3279,#3280),
  .UNSPECIFIED.,.F.,.F.,(4,4),(0.,1.),.PIECEWISE_BEZIER_KNOTS.);
#3277 = CARTESIAN_POINT('',(-7.418895489828,7.779620152103));
#3278 = CARTESIAN_POINT('',(-7.327578356884,7.866703169174));
#3279 = CARTESIAN_POINT('',(-7.234727764877,7.952178160498));
#3280 = CARTESIAN_POINT('',(-7.140401271391,8.035992140583));
#3281 = ( GEOMETRIC_REPRESENTATION_CONTEXT(2) 
PARAMETRIC_REPRESENTATION_CONTEXT() REPRESENTATION_CONTEXT('2D SPACE',''
  ) );
#3282 = PCURVE('',#913,#3283);
#3283 = DEFINITIONAL_REPRESENTATION('',(#3284),#3288);
#3284 = LINE('',#3285,#3286);
#3285 = CARTESIAN_POINT('',(1.,0.));
#3286 = VECTOR('',#3287,1.);
#3287 = DIRECTION('',(0.,1.));
#3288 = ( GEOMETRIC_REPRESENTATION_CONTEXT(2) 
PARAMETRIC_REPRESENTATION_CONTEXT() REPRESENTATION_CONTEXT('2D SPACE',''
  ) );
#3289 = ORIENTED_EDGE('',*,*,#3290,.T.);
#3290 = EDGE_CURVE('',#3266,#3291,#3293,.T.);
#3291 = VERTEX_POINT('',#3292);
#3292 = CARTESIAN_POINT('',(-5.423806627125,7.169548219487,6.));
#3293 = SURFACE_CURVE('',#3294,(#3299,#3307),.PCURVE_S1.);
#3294 = B_SPLINE_CURVE_WITH_KNOTS('',3,(#3295,#3296,#3297,#3298),
  .UNSPECIFIED.,.F.,.F.,(4,4),(0.,1.),.PIECEWISE_BEZIER_KNOTS.);
#3295 = CARTESIAN_POINT('',(-7.140401271391,8.035992140583,6.));
#3296 = CARTESIAN_POINT('',(-6.371817459981,7.825417523768,6.));
#3297 = CARTESIAN_POINT('',(-5.55288566243,7.497696831444,6.));
#3298 = CARTESIAN_POINT('',(-5.120257841912,6.784759364365,6.));
#3299 = PCURVE('',#184,#3300);
#3300 = DEFINITIONAL_REPRESENTATION('',(#3301),#3306);
#3301 = B_SPLINE_CURVE_WITH_KNOTS('',3,(#3302,#3303,#3304,#3305),
  .UNSPECIFIED.,.F.,.F.,(4,4),(0.,1.),.PIECEWISE_BEZIER_KNOTS.);
#3302 = CARTESIAN_POINT('',(-7.140401271391,8.035992140583));
#3303 = CARTESIAN_POINT('',(-6.371817459981,7.825417523768));
#3304 = CARTESIAN_POINT('',(-5.55288566243,7.497696831444));
#3305 = CARTESIAN_POINT('',(-5.120257841912,6.784759364365));
#3306 = ( GEOMETRIC_REPRESENTATION_CONTEXT(2) 
PARAMETRIC_REPRESENTATION_CONTEXT() REPRESENTATION_CONTEXT('2D SPACE',''
  ) );
#3307 = PCURVE('',#947,#3308);
#3308 = DEFINITIONAL_REPRESENTATION('',(#3309),#3313);
#3309 = LINE('',#3310,#3311);
#3310 = CARTESIAN_POINT('',(1.,0.));
#3311 = VECTOR('',#3312,1.);
#3312 = DIRECTION('',(0.,1.));
#3313 = ( GEOMETRIC_REPRESENTATION_CONTEXT(2) 
PARAMETRIC_REPRESENTATION_CONTEXT() REPRESENTATION_CONTEXT('2D SPACE',''
  ) );
#3314 = ORIENTED_EDGE('',*,*,#3315,.T.);
#3315 = EDGE_CURVE('',#3291,#3316,#3318,.T.);
#3316 = VERTEX_POINT('',#3317);
#3317 = CARTESIAN_POINT('',(-4.386962717255,7.846952154653,6.));
#3318 = SURFACE_CURVE('',#3319,(#3324,#3335),.PCURVE_S1.);
#3319 = CIRCLE('',#3320,8.99);
#3320 = AXIS2_PLACEMENT_3D('',#3321,#3322,#3323);
#3321 = CARTESIAN_POINT('',(0.,0.,6.));
#3322 = DIRECTION('',(0.,0.,-1.));
#3323 = DIRECTION('',(1.,0.,0.));
#3324 = PCURVE('',#184,#3325);
#3325 = DEFINITIONAL_REPRESENTATION('',(#3326),#3334);
#3326 = ( BOUNDED_CURVE() B_SPLINE_CURVE(2,(#3327,#3328,#3329,#3330,
#3331,#3332,#3333),.UNSPECIFIED.,.T.,.F.) B_SPLINE_CURVE_WITH_KNOTS((1,2
    ,2,2,2,1),(-2.094395102393,0.,2.094395102393,4.188790204786,
6.28318530718,8.377580409573),.UNSPECIFIED.) CURVE() 
GEOMETRIC_REPRESENTATION_ITEM() RATIONAL_B_SPLINE_CURVE((1.,0.5,1.,0.5,
1.,0.5,1.)) REPRESENTATION_ITEM('') );
#3327 = CARTESIAN_POINT('',(8.99,-2.343050820501E-16));
#3328 = CARTESIAN_POINT('',(8.99,-15.57113676004));
#3329 = CARTESIAN_POINT('',(-4.495,-7.785568380022));
#3330 = CARTESIAN_POINT('',(-17.98,-2.436220026917E-15));
#3331 = CARTESIAN_POINT('',(-4.495,7.785568380022));
#3332 = CARTESIAN_POINT('',(8.99,15.571136760044));
#3333 = CARTESIAN_POINT('',(8.99,-2.343050820501E-16));
#3334 = ( GEOMETRIC_REPRESENTATION_CONTEXT(2) 
PARAMETRIC_REPRESENTATION_CONTEXT() REPRESENTATION_CONTEXT('2D SPACE',''
  ) );
#3335 = PCURVE('',#3336,#3341);
#3336 = CONICAL_SURFACE('',#3337,9.,0.785398163397);
#3337 = AXIS2_PLACEMENT_3D('',#3338,#3339,#3340);
#3338 = CARTESIAN_POINT('',(0.,0.,6.01));
#3339 = DIRECTION('',(0.,0.,1.));
#3340 = DIRECTION('',(1.,0.,0.));
#3341 = DEFINITIONAL_REPRESENTATION('',(#3342),#3346);
#3342 = LINE('',#3343,#3344);
#3343 = CARTESIAN_POINT('',(6.28318530718,-1.E-02));
#3344 = VECTOR('',#3345,1.);
#3345 = DIRECTION('',(-1.,-0.));
#3346 = ( GEOMETRIC_REPRESENTATION_CONTEXT(2) 
PARAMETRIC_REPRESENTATION_CONTEXT() REPRESENTATION_CONTEXT('2D SPACE',''
  ) );
#3347 = ORIENTED_EDGE('',*,*,#3348,.T.);
#3348 = EDGE_CURVE('',#3316,#3349,#3351,.T.);
#3349 = VERTEX_POINT('',#3350);
#3350 = CARTESIAN_POINT('',(-4.490880734652,9.767010301373,6.));
#3351 = SURFACE_CURVE('',#3352,(#3357,#3365),.PCURVE_S1.);
#3352 = B_SPLINE_CURVE_WITH_KNOTS('',3,(#3353,#3354,#3355,#3356),
  .UNSPECIFIED.,.F.,.F.,(4,4),(0.,1.),.PIECEWISE_BEZIER_KNOTS.);
#3353 = CARTESIAN_POINT('',(-4.156517505519,7.414402351256,6.));
#3354 = CARTESIAN_POINT('',(-4.635622005364,8.096975088245,6.));
#3355 = CARTESIAN_POINT('',(-4.606778717807,8.978574887462,6.));
#3356 = CARTESIAN_POINT('',(-4.490880734652,9.767010301373,6.));
#3357 = PCURVE('',#184,#3358);
#3358 = DEFINITIONAL_REPRESENTATION('',(#3359),#3364);
#3359 = B_SPLINE_CURVE_WITH_KNOTS('',3,(#3360,#3361,#3362,#3363),
  .UNSPECIFIED.,.F.,.F.,(4,4),(0.,1.),.PIECEWISE_BEZIER_KNOTS.);
#3360 = CARTESIAN_POINT('',(-4.156517505519,7.414402351256));
#3361 = CARTESIAN_POINT('',(-4.635622005364,8.096975088245));
#3362 = CARTESIAN_POINT('',(-4.606778717807,8.978574887462));
#3363 = CARTESIAN_POINT('',(-4.490880734652,9.767010301373));
#3364 = ( GEOMETRIC_REPRESENTATION_CONTEXT(2) 
PARAMETRIC_REPRESENTATION_CONTEXT() REPRESENTATION_CONTEXT('2D SPACE',''
  ) );
#3365 = PCURVE('',#1014,#3366);
#3366 = DEFINITIONAL_REPRESENTATION('',(#3367),#3371);
#3367 = LINE('',#3368,#3369);
#3368 = CARTESIAN_POINT('',(1.,0.));
#3369 = VECTOR('',#3370,1.);
#3370 = DIRECTION('',(0.,1.));
#3371 = ( GEOMETRIC_REPRESENTATION_CONTEXT(2) 
PARAMETRIC_REPRESENTATION_CONTEXT() REPRESENTATION_CONTEXT('2D SPACE',''
  ) );
#3372 = ORIENTED_EDGE('',*,*,#3373,.T.);
#3373 = EDGE_CURVE('',#3349,#3374,#3376,.T.);
#3374 = VERTEX_POINT('',#3375);
#3375 = CARTESIAN_POINT('',(-4.144232252562,9.919064423464,6.));
#3376 = SURFACE_CURVE('',#3377,(#3382,#3390),.PCURVE_S1.);
#3377 = B_SPLINE_CURVE_WITH_KNOTS('',3,(#3378,#3379,#3380,#3381),
  .UNSPECIFIED.,.F.,.F.,(4,4),(0.,1.),.PIECEWISE_BEZIER_KNOTS.);
#3378 = CARTESIAN_POINT('',(-4.490880734652,9.767010301373,6.));
#3379 = CARTESIAN_POINT('',(-4.376235606432,9.819724295782,6.));
#3380 = CARTESIAN_POINT('',(-4.260662231296,9.87041947837,6.));
#3381 = CARTESIAN_POINT('',(-4.144232252562,9.919064423464,6.));
#3382 = PCURVE('',#184,#3383);
#3383 = DEFINITIONAL_REPRESENTATION('',(#3384),#3389);
#3384 = B_SPLINE_CURVE_WITH_KNOTS('',3,(#3385,#3386,#3387,#3388),
  .UNSPECIFIED.,.F.,.F.,(4,4),(0.,1.),.PIECEWISE_BEZIER_KNOTS.);
#3385 = CARTESIAN_POINT('',(-4.490880734652,9.767010301373));
#3386 = CARTESIAN_POINT('',(-4.376235606432,9.819724295782));
#3387 = CARTESIAN_POINT('',(-4.260662231296,9.87041947837));
#3388 = CARTESIAN_POINT('',(-4.144232252562,9.919064423464));
#3389 = ( GEOMETRIC_REPRESENTATION_CONTEXT(2) 
PARAMETRIC_REPRESENTATION_CONTEXT() REPRESENTATION_CONTEXT('2D SPACE',''
  ) );
#3390 = PCURVE('',#1048,#3391);
#3391 = DEFINITIONAL_REPRESENTATION('',(#3392),#3396);
#3392 = LINE('',#3393,#3394);
#3393 = CARTESIAN_POINT('',(1.,0.));
#3394 = VECTOR('',#3395,1.);
#3395 = DIRECTION('',(0.,1.));
#3396 = ( GEOMETRIC_REPRESENTATION_CONTEXT(2) 
PARAMETRIC_REPRESENTATION_CONTEXT() REPRESENTATION_CONTEXT('2D SPACE',''
  ) );
#3397 = ORIENTED_EDGE('',*,*,#3398,.T.);
#3398 = EDGE_CURVE('',#3374,#3399,#3401,.T.);
#3399 = VERTEX_POINT('',#3400);
#3400 = CARTESIAN_POINT('',(-2.80198132228,8.542189454091,6.));
#3401 = SURFACE_CURVE('',#3402,(#3407,#3415),.PCURVE_S1.);
#3402 = B_SPLINE_CURVE_WITH_KNOTS('',3,(#3403,#3404,#3405,#3406),
  .UNSPECIFIED.,.F.,.F.,(4,4),(0.,1.),.PIECEWISE_BEZIER_KNOTS.);
#3403 = CARTESIAN_POINT('',(-4.144232252562,9.919064423464,6.));
#3404 = CARTESIAN_POINT('',(-3.485665898346,9.47034056461,6.));
#3405 = CARTESIAN_POINT('',(-2.817516819291,8.894469963369,6.));
#3406 = CARTESIAN_POINT('',(-2.639820384543,8.079687391066,6.));
#3407 = PCURVE('',#184,#3408);
#3408 = DEFINITIONAL_REPRESENTATION('',(#3409),#3414);
#3409 = B_SPLINE_CURVE_WITH_KNOTS('',3,(#3410,#3411,#3412,#3413),
  .UNSPECIFIED.,.F.,.F.,(4,4),(0.,1.),.PIECEWISE_BEZIER_KNOTS.);
#3410 = CARTESIAN_POINT('',(-4.144232252562,9.919064423464));
#3411 = CARTESIAN_POINT('',(-3.485665898346,9.47034056461));
#3412 = CARTESIAN_POINT('',(-2.817516819291,8.894469963369));
#3413 = CARTESIAN_POINT('',(-2.639820384543,8.079687391066));
#3414 = ( GEOMETRIC_REPRESENTATION_CONTEXT(2) 
PARAMETRIC_REPRESENTATION_CONTEXT() REPRESENTATION_CONTEXT('2D SPACE',''
  ) );
#3415 = PCURVE('',#1082,#3416);
#3416 = DEFINITIONAL_REPRESENTATION('',(#3417),#3421);
#3417 = LINE('',#3418,#3419);
#3418 = CARTESIAN_POINT('',(1.,0.));
#3419 = VECTOR('',#3420,1.);
#3420 = DIRECTION('',(0.,1.));
#3421 = ( GEOMETRIC_REPRESENTATION_CONTEXT(2) 
PARAMETRIC_REPRESENTATION_CONTEXT() REPRESENTATION_CONTEXT('2D SPACE',''
  ) );
#3422 = ORIENTED_EDGE('',*,*,#3423,.T.);
#3423 = EDGE_CURVE('',#3399,#3424,#3426,.T.);
#3424 = VERTEX_POINT('',#3425);
#3425 = CARTESIAN_POINT('',(-1.601363777187,8.846227108384,6.));
#3426 = SURFACE_CURVE('',#3427,(#3432,#3443),.PCURVE_S1.);
#3427 = CIRCLE('',#3428,8.99);
#3428 = AXIS2_PLACEMENT_3D('',#3429,#3430,#3431);
#3429 = CARTESIAN_POINT('',(0.,0.,6.));
#3430 = DIRECTION('',(0.,0.,-1.));
#3431 = DIRECTION('',(1.,0.,0.));
#3432 = PCURVE('',#184,#3433);
#3433 = DEFINITIONAL_REPRESENTATION('',(#3434),#3442);
#3434 = ( BOUNDED_CURVE() B_SPLINE_CURVE(2,(#3435,#3436,#3437,#3438,
#3439,#3440,#3441),.UNSPECIFIED.,.T.,.F.) B_SPLINE_CURVE_WITH_KNOTS((1,2
    ,2,2,2,1),(-2.094395102393,0.,2.094395102393,4.188790204786,
6.28318530718,8.377580409573),.UNSPECIFIED.) CURVE() 
GEOMETRIC_REPRESENTATION_ITEM() RATIONAL_B_SPLINE_CURVE((1.,0.5,1.,0.5,
1.,0.5,1.)) REPRESENTATION_ITEM('') );
#3435 = CARTESIAN_POINT('',(8.99,-2.343050820501E-16));
#3436 = CARTESIAN_POINT('',(8.99,-15.57113676004));
#3437 = CARTESIAN_POINT('',(-4.495,-7.785568380022));
#3438 = CARTESIAN_POINT('',(-17.98,-2.436220026917E-15));
#3439 = CARTESIAN_POINT('',(-4.495,7.785568380022));
#3440 = CARTESIAN_POINT('',(8.99,15.571136760044));
#3441 = CARTESIAN_POINT('',(8.99,-2.343050820501E-16));
#3442 = ( GEOMETRIC_REPRESENTATION_CONTEXT(2) 
PARAMETRIC_REPRESENTATION_CONTEXT() REPRESENTATION_CONTEXT('2D SPACE',''
  ) );
#3443 = PCURVE('',#3444,#3449);
#3444 = CONICAL_SURFACE('',#3445,9.,0.785398163397);
#3445 = AXIS2_PLACEMENT_3D('',#3446,#3447,#3448);
#3446 = CARTESIAN_POINT('',(0.,0.,6.01));
#3447 = DIRECTION('',(0.,0.,1.));
#3448 = DIRECTION('',(1.,0.,0.));
#3449 = DEFINITIONAL_REPRESENTATION('',(#3450),#3454);
#3450 = LINE('',#3451,#3452);
#3451 = CARTESIAN_POINT('',(6.28318530718,-1.E-02));
#3452 = VECTOR('',#3453,1.);
#3453 = DIRECTION('',(-1.,-0.));
#3454 = ( GEOMETRIC_REPRESENTATION_CONTEXT(2) 
PARAMETRIC_REPRESENTATION_CONTEXT() REPRESENTATION_CONTEXT('2D SPACE',''
  ) );
#3455 = ORIENTED_EDGE('',*,*,#3456,.T.);
#3456 = EDGE_CURVE('',#3424,#3457,#3459,.T.);
#3457 = VERTEX_POINT('',#3458);
#3458 = CARTESIAN_POINT('',(-1.076209368683,10.69599333371,6.));
#3459 = SURFACE_CURVE('',#3460,(#3465,#3473),.PCURVE_S1.);
#3460 = B_SPLINE_CURVE_WITH_KNOTS('',3,(#3461,#3462,#3463,#3464),
  .UNSPECIFIED.,.F.,.F.,(4,4),(0.,1.),.PIECEWISE_BEZIER_KNOTS.);
#3461 = CARTESIAN_POINT('',(-1.523853414227,8.362288608506,6.));
#3462 = CARTESIAN_POINT('',(-1.755367705363,9.163442648657,6.));
#3463 = CARTESIAN_POINT('',(-1.441832239828,9.987909538877,6.));
#3464 = CARTESIAN_POINT('',(-1.076209368683,10.69599333371,6.));
#3465 = PCURVE('',#184,#3466);
#3466 = DEFINITIONAL_REPRESENTATION('',(#3467),#3472);
#3467 = B_SPLINE_CURVE_WITH_KNOTS('',3,(#3468,#3469,#3470,#3471),
  .UNSPECIFIED.,.F.,.F.,(4,4),(0.,1.),.PIECEWISE_BEZIER_KNOTS.);
#3468 = CARTESIAN_POINT('',(-1.523853414227,8.362288608506));
#3469 = CARTESIAN_POINT('',(-1.755367705363,9.163442648657));
#3470 = CARTESIAN_POINT('',(-1.441832239828,9.987909538877));
#3471 = CARTESIAN_POINT('',(-1.076209368683,10.69599333371));
#3472 = ( GEOMETRIC_REPRESENTATION_CONTEXT(2) 
PARAMETRIC_REPRESENTATION_CONTEXT() REPRESENTATION_CONTEXT('2D SPACE',''
  ) );
#3473 = PCURVE('',#1149,#3474);
#3474 = DEFINITIONAL_REPRESENTATION('',(#3475),#3479);
#3475 = LINE('',#3476,#3477);
#3476 = CARTESIAN_POINT('',(1.,0.));
#3477 = VECTOR('',#3478,1.);
#3478 = DIRECTION('',(0.,1.));
#3479 = ( GEOMETRIC_REPRESENTATION_CONTEXT(2) 
PARAMETRIC_REPRESENTATION_CONTEXT() REPRESENTATION_CONTEXT('2D SPACE',''
  ) );
#3480 = ORIENTED_EDGE('',*,*,#3481,.T.);
#3481 = EDGE_CURVE('',#3457,#3482,#3484,.T.);
#3482 = VERTEX_POINT('',#3483);
#3483 = CARTESIAN_POINT('',(-0.698971364779,10.727252165919,6.));
#3484 = SURFACE_CURVE('',#3485,(#3490,#3498),.PCURVE_S1.);
#3485 = B_SPLINE_CURVE_WITH_KNOTS('',3,(#3486,#3487,#3488,#3489),
  .UNSPECIFIED.,.F.,.F.,(4,4),(0.,1.),.PIECEWISE_BEZIER_KNOTS.);
#3486 = CARTESIAN_POINT('',(-1.076209368683,10.69599333371,6.));
#3487 = CARTESIAN_POINT('',(-0.950659823731,10.70862592622,6.));
#3488 = CARTESIAN_POINT('',(-0.824887833968,10.719047690422,6.));
#3489 = CARTESIAN_POINT('',(-0.698971364779,10.727252165919,6.));
#3490 = PCURVE('',#184,#3491);
#3491 = DEFINITIONAL_REPRESENTATION('',(#3492),#3497);
#3492 = B_SPLINE_CURVE_WITH_KNOTS('',3,(#3493,#3494,#3495,#3496),
  .UNSPECIFIED.,.F.,.F.,(4,4),(0.,1.),.PIECEWISE_BEZIER_KNOTS.);
#3493 = CARTESIAN_POINT('',(-1.076209368683,10.69599333371));
#3494 = CARTESIAN_POINT('',(-0.950659823731,10.70862592622));
#3495 = CARTESIAN_POINT('',(-0.824887833968,10.719047690422));
#3496 = CARTESIAN_POINT('',(-0.698971364779,10.727252165919));
#3497 = ( GEOMETRIC_REPRESENTATION_CONTEXT(2) 
PARAMETRIC_REPRESENTATION_CONTEXT() REPRESENTATION_CONTEXT('2D SPACE',''
  ) );
#3498 = PCURVE('',#1183,#3499);
#3499 = DEFINITIONAL_REPRESENTATION('',(#3500),#3504);
#3500 = LINE('',#3501,#3502);
#3501 = CARTESIAN_POINT('',(1.,0.));
#3502 = VECTOR('',#3503,1.);
#3503 = DIRECTION('',(0.,1.));
#3504 = ( GEOMETRIC_REPRESENTATION_CONTEXT(2) 
PARAMETRIC_REPRESENTATION_CONTEXT() REPRESENTATION_CONTEXT('2D SPACE',''
  ) );
#3505 = ORIENTED_EDGE('',*,*,#3506,.T.);
#3506 = EDGE_CURVE('',#3482,#3507,#3509,.T.);
#3507 = VERTEX_POINT('',#3508);
#3508 = CARTESIAN_POINT('',(0.123482136053,8.989151915619,6.));
#3509 = SURFACE_CURVE('',#3510,(#3515,#3523),.PCURVE_S1.);
#3510 = B_SPLINE_CURVE_WITH_KNOTS('',3,(#3511,#3512,#3513,#3514),
  .UNSPECIFIED.,.F.,.F.,(4,4),(0.,1.),.PIECEWISE_BEZIER_KNOTS.);
#3511 = CARTESIAN_POINT('',(-0.698971364779,10.727252165919,6.));
#3512 = CARTESIAN_POINT('',(-0.221788350947,10.089005257803,6.));
#3513 = CARTESIAN_POINT('',(0.223173689496,9.327389262842,6.));
#3514 = CARTESIAN_POINT('',(0.126682572526,8.499055919678,6.));
#3515 = PCURVE('',#184,#3516);
#3516 = DEFINITIONAL_REPRESENTATION('',(#3517),#3522);
#3517 = B_SPLINE_CURVE_WITH_KNOTS('',3,(#3518,#3519,#3520,#3521),
  .UNSPECIFIED.,.F.,.F.,(4,4),(0.,1.),.PIECEWISE_BEZIER_KNOTS.);
#3518 = CARTESIAN_POINT('',(-0.698971364779,10.727252165919));
#3519 = CARTESIAN_POINT('',(-0.221788350947,10.089005257803));
#3520 = CARTESIAN_POINT('',(0.223173689496,9.327389262842));
#3521 = CARTESIAN_POINT('',(0.126682572526,8.499055919678));
#3522 = ( GEOMETRIC_REPRESENTATION_CONTEXT(2) 
PARAMETRIC_REPRESENTATION_CONTEXT() REPRESENTATION_CONTEXT('2D SPACE',''
  ) );
#3523 = PCURVE('',#1217,#3524);
#3524 = DEFINITIONAL_REPRESENTATION('',(#3525),#3529);
#3525 = LINE('',#3526,#3527);
#3526 = CARTESIAN_POINT('',(1.,0.));
#3527 = VECTOR('',#3528,1.);
#3528 = DIRECTION('',(0.,1.));
#3529 = ( GEOMETRIC_REPRESENTATION_CONTEXT(2) 
PARAMETRIC_REPRESENTATION_CONTEXT() REPRESENTATION_CONTEXT('2D SPACE',''
  ) );
#3530 = ORIENTED_EDGE('',*,*,#3531,.T.);
#3531 = EDGE_CURVE('',#3507,#3532,#3534,.T.);
#3532 = VERTEX_POINT('',#3533);
#3533 = CARTESIAN_POINT('',(1.357767775858,8.886876091566,6.));
#3534 = SURFACE_CURVE('',#3535,(#3540,#3551),.PCURVE_S1.);
#3535 = CIRCLE('',#3536,8.99);
#3536 = AXIS2_PLACEMENT_3D('',#3537,#3538,#3539);
#3537 = CARTESIAN_POINT('',(0.,0.,6.));
#3538 = DIRECTION('',(0.,0.,-1.));
#3539 = DIRECTION('',(1.,0.,0.));
#3540 = PCURVE('',#184,#3541);
#3541 = DEFINITIONAL_REPRESENTATION('',(#3542),#3550);
#3542 = ( BOUNDED_CURVE() B_SPLINE_CURVE(2,(#3543,#3544,#3545,#3546,
#3547,#3548,#3549),.UNSPECIFIED.,.T.,.F.) B_SPLINE_CURVE_WITH_KNOTS((1,2
    ,2,2,2,1),(-2.094395102393,0.,2.094395102393,4.188790204786,
6.28318530718,8.377580409573),.UNSPECIFIED.) CURVE() 
GEOMETRIC_REPRESENTATION_ITEM() RATIONAL_B_SPLINE_CURVE((1.,0.5,1.,0.5,
1.,0.5,1.)) REPRESENTATION_ITEM('') );
#3543 = CARTESIAN_POINT('',(8.99,-2.343050820501E-16));
#3544 = CARTESIAN_POINT('',(8.99,-15.57113676004));
#3545 = CARTESIAN_POINT('',(-4.495,-7.785568380022));
#3546 = CARTESIAN_POINT('',(-17.98,-2.436220026917E-15));
#3547 = CARTESIAN_POINT('',(-4.495,7.785568380022));
#3548 = CARTESIAN_POINT('',(8.99,15.571136760044));
#3549 = CARTESIAN_POINT('',(8.99,-2.343050820501E-16));
#3550 = ( GEOMETRIC_REPRESENTATION_CONTEXT(2) 
PARAMETRIC_REPRESENTATION_CONTEXT() REPRESENTATION_CONTEXT('2D SPACE',''
  ) );
#3551 = PCURVE('',#3552,#3557);
#3552 = CONICAL_SURFACE('',#3553,9.,0.785398163397);
#3553 = AXIS2_PLACEMENT_3D('',#3554,#3555,#3556);
#3554 = CARTESIAN_POINT('',(0.,0.,6.01));
#3555 = DIRECTION('',(0.,0.,1.));
#3556 = DIRECTION('',(1.,0.,0.));
#3557 = DEFINITIONAL_REPRESENTATION('',(#3558),#3562);
#3558 = LINE('',#3559,#3560);
#3559 = CARTESIAN_POINT('',(6.28318530718,-1.E-02));
#3560 = VECTOR('',#3561,1.);
#3561 = DIRECTION('',(-1.,-0.));
#3562 = ( GEOMETRIC_REPRESENTATION_CONTEXT(2) 
PARAMETRIC_REPRESENTATION_CONTEXT() REPRESENTATION_CONTEXT('2D SPACE',''
  ) );
#3563 = ORIENTED_EDGE('',*,*,#3564,.T.);
#3564 = EDGE_CURVE('',#3532,#3565,#3567,.T.);
#3565 = VERTEX_POINT('',#3566);
#3566 = CARTESIAN_POINT('',(2.455085981493,10.465899522902,6.));
#3567 = SURFACE_CURVE('',#3568,(#3573,#3581),.PCURVE_S1.);
#3568 = B_SPLINE_CURVE_WITH_KNOTS('',3,(#3569,#3570,#3571,#3572),
  .UNSPECIFIED.,.F.,.F.,(4,4),(0.,1.),.PIECEWISE_BEZIER_KNOTS.);
#3569 = CARTESIAN_POINT('',(1.273943839518,8.403991140747,6.));
#3570 = CARTESIAN_POINT('',(1.315107922849,9.236909012626,6.));
#3571 = CARTESIAN_POINT('',(1.879359133668,9.914899213371,6.));
#3572 = CARTESIAN_POINT('',(2.455085981493,10.465899522902,6.));
#3573 = PCURVE('',#184,#3574);
#3574 = DEFINITIONAL_REPRESENTATION('',(#3575),#3580);
#3575 = B_SPLINE_CURVE_WITH_KNOTS('',3,(#3576,#3577,#3578,#3579),
  .UNSPECIFIED.,.F.,.F.,(4,4),(0.,1.),.PIECEWISE_BEZIER_KNOTS.);
#3576 = CARTESIAN_POINT('',(1.273943839518,8.403991140747));
#3577 = CARTESIAN_POINT('',(1.315107922849,9.236909012626));
#3578 = CARTESIAN_POINT('',(1.879359133668,9.914899213371));
#3579 = CARTESIAN_POINT('',(2.455085981493,10.465899522902));
#3580 = ( GEOMETRIC_REPRESENTATION_CONTEXT(2) 
PARAMETRIC_REPRESENTATION_CONTEXT() REPRESENTATION_CONTEXT('2D SPACE',''
  ) );
#3581 = PCURVE('',#1284,#3582);
#3582 = DEFINITIONAL_REPRESENTATION('',(#3583),#3587);
#3583 = LINE('',#3584,#3585);
#3584 = CARTESIAN_POINT('',(1.,0.));
#3585 = VECTOR('',#3586,1.);
#3586 = DIRECTION('',(0.,1.));
#3587 = ( GEOMETRIC_REPRESENTATION_CONTEXT(2) 
PARAMETRIC_REPRESENTATION_CONTEXT() REPRESENTATION_CONTEXT('2D SPACE',''
  ) );
#3588 = ORIENTED_EDGE('',*,*,#3589,.T.);
#3589 = EDGE_CURVE('',#3565,#3590,#3592,.T.);
#3590 = VERTEX_POINT('',#3591);
#3591 = CARTESIAN_POINT('',(2.822033916035,10.37297568573,6.));
#3592 = SURFACE_CURVE('',#3593,(#3598,#3606),.PCURVE_S1.);
#3593 = B_SPLINE_CURVE_WITH_KNOTS('',3,(#3594,#3595,#3596,#3597),
  .UNSPECIFIED.,.F.,.F.,(4,4),(0.,1.),.PIECEWISE_BEZIER_KNOTS.);
#3594 = CARTESIAN_POINT('',(2.455085981493,10.465899522902,6.));
#3595 = CARTESIAN_POINT('',(2.577934701879,10.437081776101,6.));
#3596 = CARTESIAN_POINT('',(2.700275959624,10.406100762056,6.));
#3597 = CARTESIAN_POINT('',(2.822033916035,10.37297568573,6.));
#3598 = PCURVE('',#184,#3599);
#3599 = DEFINITIONAL_REPRESENTATION('',(#3600),#3605);
#3600 = B_SPLINE_CURVE_WITH_KNOTS('',3,(#3601,#3602,#3603,#3604),
  .UNSPECIFIED.,.F.,.F.,(4,4),(0.,1.),.PIECEWISE_BEZIER_KNOTS.);
#3601 = CARTESIAN_POINT('',(2.455085981493,10.465899522902));
#3602 = CARTESIAN_POINT('',(2.577934701879,10.437081776101));
#3603 = CARTESIAN_POINT('',(2.700275959624,10.406100762056));
#3604 = CARTESIAN_POINT('',(2.822033916035,10.37297568573));
#3605 = ( GEOMETRIC_REPRESENTATION_CONTEXT(2) 
PARAMETRIC_REPRESENTATION_CONTEXT() REPRESENTATION_CONTEXT('2D SPACE',''
  ) );
#3606 = PCURVE('',#1318,#3607);
#3607 = DEFINITIONAL_REPRESENTATION('',(#3608),#3612);
#3608 = LINE('',#3609,#3610);
#3609 = CARTESIAN_POINT('',(1.,0.));
#3610 = VECTOR('',#3611,1.);
#3611 = DIRECTION('',(0.,1.));
#3612 = ( GEOMETRIC_REPRESENTATION_CONTEXT(2) 
PARAMETRIC_REPRESENTATION_CONTEXT() REPRESENTATION_CONTEXT('2D SPACE',''
  ) );
#3613 = ORIENTED_EDGE('',*,*,#3614,.T.);
#3614 = EDGE_CURVE('',#3590,#3615,#3617,.T.);
#3615 = VERTEX_POINT('',#3616);
#3616 = CARTESIAN_POINT('',(3.035564388923,8.462000286026,6.));
#3617 = SURFACE_CURVE('',#3618,(#3623,#3631),.PCURVE_S1.);
#3618 = B_SPLINE_CURVE_WITH_KNOTS('',3,(#3619,#3620,#3621,#3622),
  .UNSPECIFIED.,.F.,.F.,(4,4),(0.,1.),.PIECEWISE_BEZIER_KNOTS.);
#3619 = CARTESIAN_POINT('',(2.822033916035,10.37297568573,6.));
#3620 = CARTESIAN_POINT('',(3.066123405678,9.614369684267,6.));
#3621 = CARTESIAN_POINT('',(3.23967986613,8.74954120633,6.));
#3622 = CARTESIAN_POINT('',(2.879457507178,7.997419862953,6.));
#3623 = PCURVE('',#184,#3624);
#3624 = DEFINITIONAL_REPRESENTATION('',(#3625),#3630);
#3625 = B_SPLINE_CURVE_WITH_KNOTS('',3,(#3626,#3627,#3628,#3629),
  .UNSPECIFIED.,.F.,.F.,(4,4),(0.,1.),.PIECEWISE_BEZIER_KNOTS.);
#3626 = CARTESIAN_POINT('',(2.822033916035,10.37297568573));
#3627 = CARTESIAN_POINT('',(3.066123405678,9.614369684267));
#3628 = CARTESIAN_POINT('',(3.23967986613,8.74954120633));
#3629 = CARTESIAN_POINT('',(2.879457507178,7.997419862953));
#3630 = ( GEOMETRIC_REPRESENTATION_CONTEXT(2) 
PARAMETRIC_REPRESENTATION_CONTEXT() REPRESENTATION_CONTEXT('2D SPACE',''
  ) );
#3631 = PCURVE('',#1352,#3632);
#3632 = DEFINITIONAL_REPRESENTATION('',(#3633),#3637);
#3633 = LINE('',#3634,#3635);
#3634 = CARTESIAN_POINT('',(1.,0.));
#3635 = VECTOR('',#3636,1.);
#3636 = DIRECTION('',(0.,1.));
#3637 = ( GEOMETRIC_REPRESENTATION_CONTEXT(2) 
PARAMETRIC_REPRESENTATION_CONTEXT() REPRESENTATION_CONTEXT('2D SPACE',''
  ) );
#3638 = ORIENTED_EDGE('',*,*,#3639,.T.);
#3639 = EDGE_CURVE('',#3615,#3640,#3642,.T.);
#3640 = VERTEX_POINT('',#3641);
#3641 = CARTESIAN_POINT('',(4.169764122451,7.964494156136,6.));
#3642 = SURFACE_CURVE('',#3643,(#3648,#3659),.PCURVE_S1.);
#3643 = CIRCLE('',#3644,8.99);
#3644 = AXIS2_PLACEMENT_3D('',#3645,#3646,#3647);
#3645 = CARTESIAN_POINT('',(0.,0.,6.));
#3646 = DIRECTION('',(0.,0.,-1.));
#3647 = DIRECTION('',(1.,0.,0.));
#3648 = PCURVE('',#184,#3649);
#3649 = DEFINITIONAL_REPRESENTATION('',(#3650),#3658);
#3650 = ( BOUNDED_CURVE() B_SPLINE_CURVE(2,(#3651,#3652,#3653,#3654,
#3655,#3656,#3657),.UNSPECIFIED.,.T.,.F.) B_SPLINE_CURVE_WITH_KNOTS((1,2
    ,2,2,2,1),(-2.094395102393,0.,2.094395102393,4.188790204786,
6.28318530718,8.377580409573),.UNSPECIFIED.) CURVE() 
GEOMETRIC_REPRESENTATION_ITEM() RATIONAL_B_SPLINE_CURVE((1.,0.5,1.,0.5,
1.,0.5,1.)) REPRESENTATION_ITEM('') );
#3651 = CARTESIAN_POINT('',(8.99,-2.343050820501E-16));
#3652 = CARTESIAN_POINT('',(8.99,-15.57113676004));
#3653 = CARTESIAN_POINT('',(-4.495,-7.785568380022));
#3654 = CARTESIAN_POINT('',(-17.98,-2.436220026917E-15));
#3655 = CARTESIAN_POINT('',(-4.495,7.785568380022));
#3656 = CARTESIAN_POINT('',(8.99,15.571136760044));
#3657 = CARTESIAN_POINT('',(8.99,-2.343050820501E-16));
#3658 = ( GEOMETRIC_REPRESENTATION_CONTEXT(2) 
PARAMETRIC_REPRESENTATION_CONTEXT() REPRESENTATION_CONTEXT('2D SPACE',''
  ) );
#3659 = PCURVE('',#3660,#3665);
#3660 = CONICAL_SURFACE('',#3661,9.,0.785398163397);
#3661 = AXIS2_PLACEMENT_3D('',#3662,#3663,#3664);
#3662 = CARTESIAN_POINT('',(0.,0.,6.01));
#3663 = DIRECTION('',(0.,0.,1.));
#3664 = DIRECTION('',(1.,0.,0.));
#3665 = DEFINITIONAL_REPRESENTATION('',(#3666),#3670);
#3666 = LINE('',#3667,#3668);
#3667 = CARTESIAN_POINT('',(6.28318530718,-1.E-02));
#3668 = VECTOR('',#3669,1.);
#3669 = DIRECTION('',(-1.,-0.));
#3670 = ( GEOMETRIC_REPRESENTATION_CONTEXT(2) 
PARAMETRIC_REPRESENTATION_CONTEXT() REPRESENTATION_CONTEXT('2D SPACE',''
  ) );
#3671 = ORIENTED_EDGE('',*,*,#3672,.T.);
#3672 = EDGE_CURVE('',#3640,#3673,#3675,.T.);
#3673 = VERTEX_POINT('',#3674);
#3674 = CARTESIAN_POINT('',(5.720334670989,9.101663103625,6.));
#3675 = SURFACE_CURVE('',#3676,(#3681,#3689),.PCURVE_S1.);
#3676 = B_SPLINE_CURVE_WITH_KNOTS('',3,(#3677,#3678,#3679,#3680),
  .UNSPECIFIED.,.F.,.F.,(4,4),(0.,1.),.PIECEWISE_BEZIER_KNOTS.);
#3677 = CARTESIAN_POINT('',(3.933689510975,7.53499083153,6.));
#3678 = CARTESIAN_POINT('',(4.24307120162,8.309412959665,6.));
#3679 = CARTESIAN_POINT('',(4.99689278377,8.767455712583,6.));
#3680 = CARTESIAN_POINT('',(5.720334670989,9.101663103625,6.));
#3681 = PCURVE('',#184,#3682);
#3682 = DEFINITIONAL_REPRESENTATION('',(#3683),#3688);
#3683 = B_SPLINE_CURVE_WITH_KNOTS('',3,(#3684,#3685,#3686,#3687),
  .UNSPECIFIED.,.F.,.F.,(4,4),(0.,1.),.PIECEWISE_BEZIER_KNOTS.);
#3684 = CARTESIAN_POINT('',(3.933689510975,7.53499083153));
#3685 = CARTESIAN_POINT('',(4.24307120162,8.309412959665));
#3686 = CARTESIAN_POINT('',(4.99689278377,8.767455712583));
#3687 = CARTESIAN_POINT('',(5.720334670989,9.101663103625));
#3688 = ( GEOMETRIC_REPRESENTATION_CONTEXT(2) 
PARAMETRIC_REPRESENTATION_CONTEXT() REPRESENTATION_CONTEXT('2D SPACE',''
  ) );
#3689 = PCURVE('',#1419,#3690);
#3690 = DEFINITIONAL_REPRESENTATION('',(#3691),#3695);
#3691 = LINE('',#3692,#3693);
#3692 = CARTESIAN_POINT('',(1.,0.));
#3693 = VECTOR('',#3694,1.);
#3694 = DIRECTION('',(0.,1.));
#3695 = ( GEOMETRIC_REPRESENTATION_CONTEXT(2) 
PARAMETRIC_REPRESENTATION_CONTEXT() REPRESENTATION_CONTEXT('2D SPACE',''
  ) );
#3696 = ORIENTED_EDGE('',*,*,#3697,.T.);
#3697 = EDGE_CURVE('',#3673,#3698,#3700,.T.);
#3698 = VERTEX_POINT('',#3699);
#3699 = CARTESIAN_POINT('',(6.03722803368,8.894626336691,6.));
#3700 = SURFACE_CURVE('',#3701,(#3706,#3714),.PCURVE_S1.);
#3701 = B_SPLINE_CURVE_WITH_KNOTS('',3,(#3702,#3703,#3704,#3705),
  .UNSPECIFIED.,.F.,.F.,(4,4),(0.,1.),.PIECEWISE_BEZIER_KNOTS.);
#3702 = CARTESIAN_POINT('',(5.720334670989,9.101663103625,6.));
#3703 = CARTESIAN_POINT('',(5.827170001761,9.034517867532,6.));
#3704 = CARTESIAN_POINT('',(5.932822953892,8.96549134883,6.));
#3705 = CARTESIAN_POINT('',(6.03722803368,8.894626336691,6.));
#3706 = PCURVE('',#184,#3707);
#3707 = DEFINITIONAL_REPRESENTATION('',(#3708),#3713);
#3708 = B_SPLINE_CURVE_WITH_KNOTS('',3,(#3709,#3710,#3711,#3712),
  .UNSPECIFIED.,.F.,.F.,(4,4),(0.,1.),.PIECEWISE_BEZIER_KNOTS.);
#3709 = CARTESIAN_POINT('',(5.720334670989,9.101663103625));
#3710 = CARTESIAN_POINT('',(5.827170001761,9.034517867532));
#3711 = CARTESIAN_POINT('',(5.932822953892,8.96549134883));
#3712 = CARTESIAN_POINT('',(6.03722803368,8.894626336691));
#3713 = ( GEOMETRIC_REPRESENTATION_CONTEXT(2) 
PARAMETRIC_REPRESENTATION_CONTEXT() REPRESENTATION_CONTEXT('2D SPACE',''
  ) );
#3714 = PCURVE('',#1453,#3715);
#3715 = DEFINITIONAL_REPRESENTATION('',(#3716),#3720);
#3716 = LINE('',#3717,#3718);
#3717 = CARTESIAN_POINT('',(1.,0.));
#3718 = VECTOR('',#3719,1.);
#3719 = DIRECTION('',(0.,1.));
#3720 = ( GEOMETRIC_REPRESENTATION_CONTEXT(2) 
PARAMETRIC_REPRESENTATION_CONTEXT() REPRESENTATION_CONTEXT('2D SPACE',''
  ) );
#3721 = ORIENTED_EDGE('',*,*,#3722,.T.);
#3722 = EDGE_CURVE('',#3698,#3723,#3725,.T.);
#3723 = VERTEX_POINT('',#3724);
#3724 = CARTESIAN_POINT('',(5.618696138618,7.017859623979,6.));
#3725 = SURFACE_CURVE('',#3726,(#3731,#3739),.PCURVE_S1.);
#3726 = B_SPLINE_CURVE_WITH_KNOTS('',3,(#3727,#3728,#3729,#3730),
  .UNSPECIFIED.,.F.,.F.,(4,4),(0.,1.),.PIECEWISE_BEZIER_KNOTS.);
#3727 = CARTESIAN_POINT('',(6.03722803368,8.894626336691,6.));
#3728 = CARTESIAN_POINT('',(6.021773115491,8.097867973124,6.));
#3729 = CARTESIAN_POINT('',(5.905116460456,7.223544596991,6.));
#3730 = CARTESIAN_POINT('',(5.320198541541,6.629139271322,6.));
#3731 = PCURVE('',#184,#3732);
#3732 = DEFINITIONAL_REPRESENTATION('',(#3733),#3738);
#3733 = B_SPLINE_CURVE_WITH_KNOTS('',3,(#3734,#3735,#3736,#3737),
  .UNSPECIFIED.,.F.,.F.,(4,4),(0.,1.),.PIECEWISE_BEZIER_KNOTS.);
#3734 = CARTESIAN_POINT('',(6.03722803368,8.894626336691));
#3735 = CARTESIAN_POINT('',(6.021773115491,8.097867973124));
#3736 = CARTESIAN_POINT('',(5.905116460456,7.223544596991));
#3737 = CARTESIAN_POINT('',(5.320198541541,6.629139271322));
#3738 = ( GEOMETRIC_REPRESENTATION_CONTEXT(2) 
PARAMETRIC_REPRESENTATION_CONTEXT() REPRESENTATION_CONTEXT('2D SPACE',''
  ) );
#3739 = PCURVE('',#1487,#3740);
#3740 = DEFINITIONAL_REPRESENTATION('',(#3741),#3745);
#3741 = LINE('',#3742,#3743);
#3742 = CARTESIAN_POINT('',(1.,0.));
#3743 = VECTOR('',#3744,1.);
#3744 = DIRECTION('',(0.,1.));
#3745 = ( GEOMETRIC_REPRESENTATION_CONTEXT(2) 
PARAMETRIC_REPRESENTATION_CONTEXT() REPRESENTATION_CONTEXT('2D SPACE',''
  ) );
#3746 = ORIENTED_EDGE('',*,*,#3747,.T.);
#3747 = EDGE_CURVE('',#3723,#3748,#3750,.T.);
#3748 = VERTEX_POINT('',#3749);
#3749 = CARTESIAN_POINT('',(6.52990182582,6.179035697028,6.));
#3750 = SURFACE_CURVE('',#3751,(#3756,#3767),.PCURVE_S1.);
#3751 = CIRCLE('',#3752,8.99);
#3752 = AXIS2_PLACEMENT_3D('',#3753,#3754,#3755);
#3753 = CARTESIAN_POINT('',(0.,0.,6.));
#3754 = DIRECTION('',(0.,0.,-1.));
#3755 = DIRECTION('',(1.,0.,0.));
#3756 = PCURVE('',#184,#3757);
#3757 = DEFINITIONAL_REPRESENTATION('',(#3758),#3766);
#3758 = ( BOUNDED_CURVE() B_SPLINE_CURVE(2,(#3759,#3760,#3761,#3762,
#3763,#3764,#3765),.UNSPECIFIED.,.T.,.F.) B_SPLINE_CURVE_WITH_KNOTS((1,2
    ,2,2,2,1),(-2.094395102393,0.,2.094395102393,4.188790204786,
6.28318530718,8.377580409573),.UNSPECIFIED.) CURVE() 
GEOMETRIC_REPRESENTATION_ITEM() RATIONAL_B_SPLINE_CURVE((1.,0.5,1.,0.5,
1.,0.5,1.)) REPRESENTATION_ITEM('') );
#3759 = CARTESIAN_POINT('',(8.99,-2.343050820501E-16));
#3760 = CARTESIAN_POINT('',(8.99,-15.57113676004));
#3761 = CARTESIAN_POINT('',(-4.495,-7.785568380022));
#3762 = CARTESIAN_POINT('',(-17.98,-2.436220026917E-15));
#3763 = CARTESIAN_POINT('',(-4.495,7.785568380022));
#3764 = CARTESIAN_POINT('',(8.99,15.571136760044));
#3765 = CARTESIAN_POINT('',(8.99,-2.343050820501E-16));
#3766 = ( GEOMETRIC_REPRESENTATION_CONTEXT(2) 
PARAMETRIC_REPRESENTATION_CONTEXT() REPRESENTATION_CONTEXT('2D SPACE',''
  ) );
#3767 = PCURVE('',#3768,#3773);
#3768 = CONICAL_SURFACE('',#3769,9.,0.785398163397);
#3769 = AXIS2_PLACEMENT_3D('',#3770,#3771,#3772);
#3770 = CARTESIAN_POINT('',(0.,0.,6.01));
#3771 = DIRECTION('',(0.,0.,1.));
#3772 = DIRECTION('',(1.,0.,0.));
#3773 = DEFINITIONAL_REPRESENTATION('',(#3774),#3778);
#3774 = LINE('',#3775,#3776);
#3775 = CARTESIAN_POINT('',(6.28318530718,-1.E-02));
#3776 = VECTOR('',#3777,1.);
#3777 = DIRECTION('',(-1.,-0.));
#3778 = ( GEOMETRIC_REPRESENTATION_CONTEXT(2) 
PARAMETRIC_REPRESENTATION_CONTEXT() REPRESENTATION_CONTEXT('2D SPACE',''
  ) );
#3779 = ORIENTED_EDGE('',*,*,#3780,.T.);
#3780 = EDGE_CURVE('',#3748,#3781,#3783,.T.);
#3781 = VERTEX_POINT('',#3782);
#3782 = CARTESIAN_POINT('',(8.365696338746,6.751120260215,6.));
#3783 = SURFACE_CURVE('',#3784,(#3789,#3797),.PCURVE_S1.);
#3784 = B_SPLINE_CURVE_WITH_KNOTS('',3,(#3785,#3786,#3787,#3788),
  .UNSPECIFIED.,.F.,.F.,(4,4),(0.,1.),.PIECEWISE_BEZIER_KNOTS.);
#3785 = CARTESIAN_POINT('',(6.167158886437,5.849457348288,6.));
#3786 = CARTESIAN_POINT('',(6.711231877661,6.481463078699,6.));
#3787 = CARTESIAN_POINT('',(7.572935565971,6.669922344245,6.));
#3788 = CARTESIAN_POINT('',(8.365696338746,6.751120260215,6.));
#3789 = PCURVE('',#184,#3790);
#3790 = DEFINITIONAL_REPRESENTATION('',(#3791),#3796);
#3791 = B_SPLINE_CURVE_WITH_KNOTS('',3,(#3792,#3793,#3794,#3795),
  .UNSPECIFIED.,.F.,.F.,(4,4),(0.,1.),.PIECEWISE_BEZIER_KNOTS.);
#3792 = CARTESIAN_POINT('',(6.167158886437,5.849457348288));
#3793 = CARTESIAN_POINT('',(6.711231877661,6.481463078699));
#3794 = CARTESIAN_POINT('',(7.572935565971,6.669922344245));
#3795 = CARTESIAN_POINT('',(8.365696338746,6.751120260215));
#3796 = ( GEOMETRIC_REPRESENTATION_CONTEXT(2) 
PARAMETRIC_REPRESENTATION_CONTEXT() REPRESENTATION_CONTEXT('2D SPACE',''
  ) );
#3797 = PCURVE('',#1554,#3798);
#3798 = DEFINITIONAL_REPRESENTATION('',(#3799),#3803);
#3799 = LINE('',#3800,#3801);
#3800 = CARTESIAN_POINT('',(1.,0.));
#3801 = VECTOR('',#3802,1.);
#3802 = DIRECTION('',(0.,1.));
#3803 = ( GEOMETRIC_REPRESENTATION_CONTEXT(2) 
PARAMETRIC_REPRESENTATION_CONTEXT() REPRESENTATION_CONTEXT('2D SPACE',''
  ) );
#3804 = ORIENTED_EDGE('',*,*,#3805,.T.);
#3805 = EDGE_CURVE('',#3781,#3806,#3808,.T.);
#3806 = VERTEX_POINT('',#3807);
#3807 = CARTESIAN_POINT('',(8.59819481663,6.452406209723,6.));
#3808 = SURFACE_CURVE('',#3809,(#3814,#3822),.PCURVE_S1.);
#3809 = B_SPLINE_CURVE_WITH_KNOTS('',3,(#3810,#3811,#3812,#3813),
  .UNSPECIFIED.,.F.,.F.,(4,4),(0.,1.),.PIECEWISE_BEZIER_KNOTS.);
#3810 = CARTESIAN_POINT('',(8.365696338746,6.751120260215,6.));
#3811 = CARTESIAN_POINT('',(8.444941014094,6.652923763027,6.));
#3812 = CARTESIAN_POINT('',(8.522456523872,6.553331834028,6.));
#3813 = CARTESIAN_POINT('',(8.59819481663,6.452406209723,6.));
#3814 = PCURVE('',#184,#3815);
#3815 = DEFINITIONAL_REPRESENTATION('',(#3816),#3821);
#3816 = B_SPLINE_CURVE_WITH_KNOTS('',3,(#3817,#3818,#3819,#3820),
  .UNSPECIFIED.,.F.,.F.,(4,4),(0.,1.),.PIECEWISE_BEZIER_KNOTS.);
#3817 = CARTESIAN_POINT('',(8.365696338746,6.751120260215));
#3818 = CARTESIAN_POINT('',(8.444941014094,6.652923763027));
#3819 = CARTESIAN_POINT('',(8.522456523872,6.553331834028));
#3820 = CARTESIAN_POINT('',(8.59819481663,6.452406209723));
#3821 = ( GEOMETRIC_REPRESENTATION_CONTEXT(2) 
PARAMETRIC_REPRESENTATION_CONTEXT() REPRESENTATION_CONTEXT('2D SPACE',''
  ) );
#3822 = PCURVE('',#1588,#3823);
#3823 = DEFINITIONAL_REPRESENTATION('',(#3824),#3828);
#3824 = LINE('',#3825,#3826);
#3825 = CARTESIAN_POINT('',(1.,0.));
#3826 = VECTOR('',#3827,1.);
#3827 = DIRECTION('',(0.,1.));
#3828 = ( GEOMETRIC_REPRESENTATION_CONTEXT(2) 
PARAMETRIC_REPRESENTATION_CONTEXT() REPRESENTATION_CONTEXT('2D SPACE',''
  ) );
#3829 = ORIENTED_EDGE('',*,*,#3830,.T.);
#3830 = EDGE_CURVE('',#3806,#3831,#3833,.T.);
#3831 = VERTEX_POINT('',#3832);
#3832 = CARTESIAN_POINT('',(7.592954978641,4.813224978362,6.));
#3833 = SURFACE_CURVE('',#3834,(#3839,#3847),.PCURVE_S1.);
#3834 = B_SPLINE_CURVE_WITH_KNOTS('',3,(#3835,#3836,#3837,#3838),
  .UNSPECIFIED.,.F.,.F.,(4,4),(0.,1.),.PIECEWISE_BEZIER_KNOTS.);
#3835 = CARTESIAN_POINT('',(8.59819481663,6.452406209723,6.));
#3836 = CARTESIAN_POINT('',(8.324870270804,5.703836615725,6.));
#3837 = CARTESIAN_POINT('',(7.930642058969,4.914764845726,6.));
#3838 = CARTESIAN_POINT('',(7.184413512543,4.542488577949,6.));
#3839 = PCURVE('',#184,#3840);
#3840 = DEFINITIONAL_REPRESENTATION('',(#3841),#3846);
#3841 = B_SPLINE_CURVE_WITH_KNOTS('',3,(#3842,#3843,#3844,#3845),
  .UNSPECIFIED.,.F.,.F.,(4,4),(0.,1.),.PIECEWISE_BEZIER_KNOTS.);
#3842 = CARTESIAN_POINT('',(8.59819481663,6.452406209723));
#3843 = CARTESIAN_POINT('',(8.324870270804,5.703836615725));
#3844 = CARTESIAN_POINT('',(7.930642058969,4.914764845726));
#3845 = CARTESIAN_POINT('',(7.184413512543,4.542488577949));
#3846 = ( GEOMETRIC_REPRESENTATION_CONTEXT(2) 
PARAMETRIC_REPRESENTATION_CONTEXT() REPRESENTATION_CONTEXT('2D SPACE',''
  ) );
#3847 = PCURVE('',#1622,#3848);
#3848 = DEFINITIONAL_REPRESENTATION('',(#3849),#3853);
#3849 = LINE('',#3850,#3851);
#3850 = CARTESIAN_POINT('',(1.,0.));
#3851 = VECTOR('',#3852,1.);
#3852 = DIRECTION('',(0.,1.));
#3853 = ( GEOMETRIC_REPRESENTATION_CONTEXT(2) 
PARAMETRIC_REPRESENTATION_CONTEXT() REPRESENTATION_CONTEXT('2D SPACE',''
  ) );
#3854 = ORIENTED_EDGE('',*,*,#3855,.T.);
#3855 = EDGE_CURVE('',#3831,#3856,#3858,.T.);
#3856 = VERTEX_POINT('',#3857);
#3857 = CARTESIAN_POINT('',(8.182423344495,3.723982842531,6.));
#3858 = SURFACE_CURVE('',#3859,(#3864,#3875),.PCURVE_S1.);
#3859 = CIRCLE('',#3860,8.99);
#3860 = AXIS2_PLACEMENT_3D('',#3861,#3862,#3863);
#3861 = CARTESIAN_POINT('',(0.,0.,6.));
#3862 = DIRECTION('',(0.,0.,-1.));
#3863 = DIRECTION('',(1.,0.,0.));
#3864 = PCURVE('',#184,#3865);
#3865 = DEFINITIONAL_REPRESENTATION('',(#3866),#3874);
#3866 = ( BOUNDED_CURVE() B_SPLINE_CURVE(2,(#3867,#3868,#3869,#3870,
#3871,#3872,#3873),.UNSPECIFIED.,.T.,.F.) B_SPLINE_CURVE_WITH_KNOTS((1,2
    ,2,2,2,1),(-2.094395102393,0.,2.094395102393,4.188790204786,
6.28318530718,8.377580409573),.UNSPECIFIED.) CURVE() 
GEOMETRIC_REPRESENTATION_ITEM() RATIONAL_B_SPLINE_CURVE((1.,0.5,1.,0.5,
1.,0.5,1.)) REPRESENTATION_ITEM('') );
#3867 = CARTESIAN_POINT('',(8.99,-2.343050820501E-16));
#3868 = CARTESIAN_POINT('',(8.99,-15.57113676004));
#3869 = CARTESIAN_POINT('',(-4.495,-7.785568380022));
#3870 = CARTESIAN_POINT('',(-17.98,-2.436220026917E-15));
#3871 = CARTESIAN_POINT('',(-4.495,7.785568380022));
#3872 = CARTESIAN_POINT('',(8.99,15.571136760044));
#3873 = CARTESIAN_POINT('',(8.99,-2.343050820501E-16));
#3874 = ( GEOMETRIC_REPRESENTATION_CONTEXT(2) 
PARAMETRIC_REPRESENTATION_CONTEXT() REPRESENTATION_CONTEXT('2D SPACE',''
  ) );
#3875 = PCURVE('',#3876,#3881);
#3876 = CONICAL_SURFACE('',#3877,9.,0.785398163397);
#3877 = AXIS2_PLACEMENT_3D('',#3878,#3879,#3880);
#3878 = CARTESIAN_POINT('',(0.,0.,6.01));
#3879 = DIRECTION('',(0.,0.,1.));
#3880 = DIRECTION('',(1.,0.,0.));
#3881 = DEFINITIONAL_REPRESENTATION('',(#3882),#3886);
#3882 = LINE('',#3883,#3884);
#3883 = CARTESIAN_POINT('',(6.28318530718,-1.E-02));
#3884 = VECTOR('',#3885,1.);
#3885 = DIRECTION('',(-1.,-0.));
#3886 = ( GEOMETRIC_REPRESENTATION_CONTEXT(2) 
PARAMETRIC_REPRESENTATION_CONTEXT() REPRESENTATION_CONTEXT('2D SPACE',''
  ) );
#3887 = ORIENTED_EDGE('',*,*,#3888,.T.);
#3888 = EDGE_CURVE('',#3856,#3889,#3891,.T.);
#3889 = VERTEX_POINT('',#3890);
#3890 = CARTESIAN_POINT('',(10.104505001047,3.668988782188,6.));
#3891 = SURFACE_CURVE('',#3892,(#3897,#3905),.PCURVE_S1.);
#3892 = B_SPLINE_CURVE_WITH_KNOTS('',3,(#3893,#3894,#3895,#3896),
  .UNSPECIFIED.,.F.,.F.,(4,4),(0.,1.),.PIECEWISE_BEZIER_KNOTS.);
#3893 = CARTESIAN_POINT('',(7.732320903224,3.530044397676,6.));
#3894 = CARTESIAN_POINT('',(8.452126444266,3.951146102893,6.));
#3895 = CARTESIAN_POINT('',(9.328333273396,3.849599395399,6.));
#3896 = CARTESIAN_POINT('',(10.104505001047,3.668988782188,6.));
#3897 = PCURVE('',#184,#3898);
#3898 = DEFINITIONAL_REPRESENTATION('',(#3899),#3904);
#3899 = B_SPLINE_CURVE_WITH_KNOTS('',3,(#3900,#3901,#3902,#3903),
  .UNSPECIFIED.,.F.,.F.,(4,4),(0.,1.),.PIECEWISE_BEZIER_KNOTS.);
#3900 = CARTESIAN_POINT('',(7.732320903224,3.530044397676));
#3901 = CARTESIAN_POINT('',(8.452126444266,3.951146102893));
#3902 = CARTESIAN_POINT('',(9.328333273396,3.849599395399));
#3903 = CARTESIAN_POINT('',(10.104505001047,3.668988782188));
#3904 = ( GEOMETRIC_REPRESENTATION_CONTEXT(2) 
PARAMETRIC_REPRESENTATION_CONTEXT() REPRESENTATION_CONTEXT('2D SPACE',''
  ) );
#3905 = PCURVE('',#1689,#3906);
#3906 = DEFINITIONAL_REPRESENTATION('',(#3907),#3911);
#3907 = LINE('',#3908,#3909);
#3908 = CARTESIAN_POINT('',(1.,0.));
#3909 = VECTOR('',#3910,1.);
#3910 = DIRECTION('',(0.,1.));
#3911 = ( GEOMETRIC_REPRESENTATION_CONTEXT(2) 
PARAMETRIC_REPRESENTATION_CONTEXT() REPRESENTATION_CONTEXT('2D SPACE',''
  ) );
#3912 = ORIENTED_EDGE('',*,*,#3913,.T.);
#3913 = EDGE_CURVE('',#3889,#3914,#3916,.T.);
#3914 = VERTEX_POINT('',#3915);
#3915 = CARTESIAN_POINT('',(10.22741377646,3.310967750534,6.));
#3916 = SURFACE_CURVE('',#3917,(#3922,#3930),.PCURVE_S1.);
#3917 = B_SPLINE_CURVE_WITH_KNOTS('',3,(#3918,#3919,#3920,#3921),
  .UNSPECIFIED.,.F.,.F.,(4,4),(0.,1.),.PIECEWISE_BEZIER_KNOTS.);
#3918 = CARTESIAN_POINT('',(10.104505001047,3.668988782188,6.));
#3919 = CARTESIAN_POINT('',(10.147571630789,3.550382138049,6.));
#3920 = CARTESIAN_POINT('',(10.188549689953,3.431017129588,6.));
#3921 = CARTESIAN_POINT('',(10.22741377646,3.310967750534,6.));
#3922 = PCURVE('',#184,#3923);
#3923 = DEFINITIONAL_REPRESENTATION('',(#3924),#3929);
#3924 = B_SPLINE_CURVE_WITH_KNOTS('',3,(#3925,#3926,#3927,#3928),
  .UNSPECIFIED.,.F.,.F.,(4,4),(0.,1.),.PIECEWISE_BEZIER_KNOTS.);
#3925 = CARTESIAN_POINT('',(10.104505001047,3.668988782188));
#3926 = CARTESIAN_POINT('',(10.147571630789,3.550382138049));
#3927 = CARTESIAN_POINT('',(10.188549689953,3.431017129588));
#3928 = CARTESIAN_POINT('',(10.22741377646,3.310967750534));
#3929 = ( GEOMETRIC_REPRESENTATION_CONTEXT(2) 
PARAMETRIC_REPRESENTATION_CONTEXT() REPRESENTATION_CONTEXT('2D SPACE',''
  ) );
#3930 = PCURVE('',#1723,#3931);
#3931 = DEFINITIONAL_REPRESENTATION('',(#3932),#3936);
#3932 = LINE('',#3933,#3934);
#3933 = CARTESIAN_POINT('',(1.,0.));
#3934 = VECTOR('',#3935,1.);
#3935 = DIRECTION('',(0.,1.));
#3936 = ( GEOMETRIC_REPRESENTATION_CONTEXT(2) 
PARAMETRIC_REPRESENTATION_CONTEXT() REPRESENTATION_CONTEXT('2D SPACE',''
  ) );
#3937 = ORIENTED_EDGE('',*,*,#3938,.T.);
#3938 = EDGE_CURVE('',#3914,#3939,#3941,.T.);
#3939 = VERTEX_POINT('',#3940);
#3940 = CARTESIAN_POINT('',(8.744399329892,2.08700272146,6.));
#3941 = SURFACE_CURVE('',#3942,(#3947,#3955),.PCURVE_S1.);
#3942 = B_SPLINE_CURVE_WITH_KNOTS('',3,(#3943,#3944,#3945,#3946),
  .UNSPECIFIED.,.F.,.F.,(4,4),(0.,1.),.PIECEWISE_BEZIER_KNOTS.);
#3943 = CARTESIAN_POINT('',(10.22741377646,3.310967750534,6.));
#3944 = CARTESIAN_POINT('',(9.725838558603,2.691706056869,6.));
#3945 = CARTESIAN_POINT('',(9.096759533802,2.073394062992,6.));
#3946 = CARTESIAN_POINT('',(8.270085801798,1.963588763183,6.));
#3947 = PCURVE('',#184,#3948);
#3948 = DEFINITIONAL_REPRESENTATION('',(#3949),#3954);
#3949 = B_SPLINE_CURVE_WITH_KNOTS('',3,(#3950,#3951,#3952,#3953),
  .UNSPECIFIED.,.F.,.F.,(4,4),(0.,1.),.PIECEWISE_BEZIER_KNOTS.);
#3950 = CARTESIAN_POINT('',(10.22741377646,3.310967750534));
#3951 = CARTESIAN_POINT('',(9.725838558603,2.691706056869));
#3952 = CARTESIAN_POINT('',(9.096759533802,2.073394062992));
#3953 = CARTESIAN_POINT('',(8.270085801798,1.963588763183));
#3954 = ( GEOMETRIC_REPRESENTATION_CONTEXT(2) 
PARAMETRIC_REPRESENTATION_CONTEXT() REPRESENTATION_CONTEXT('2D SPACE',''
  ) );
#3955 = PCURVE('',#1757,#3956);
#3956 = DEFINITIONAL_REPRESENTATION('',(#3957),#3961);
#3957 = LINE('',#3958,#3959);
#3958 = CARTESIAN_POINT('',(1.,0.));
#3959 = VECTOR('',#3960,1.);
#3960 = DIRECTION('',(0.,1.));
#3961 = ( GEOMETRIC_REPRESENTATION_CONTEXT(2) 
PARAMETRIC_REPRESENTATION_CONTEXT() REPRESENTATION_CONTEXT('2D SPACE',''
  ) );
#3962 = ORIENTED_EDGE('',*,*,#3963,.T.);
#3963 = EDGE_CURVE('',#3939,#3964,#3966,.T.);
#3964 = VERTEX_POINT('',#3965);
#3965 = CARTESIAN_POINT('',(8.948252330414,0.865378663497,6.));
#3966 = SURFACE_CURVE('',#3967,(#3972,#3983),.PCURVE_S1.);
#3967 = CIRCLE('',#3968,8.99);
#3968 = AXIS2_PLACEMENT_3D('',#3969,#3970,#3971);
#3969 = CARTESIAN_POINT('',(0.,0.,6.));
#3970 = DIRECTION('',(0.,0.,-1.));
#3971 = DIRECTION('',(1.,0.,0.));
#3972 = PCURVE('',#184,#3973);
#3973 = DEFINITIONAL_REPRESENTATION('',(#3974),#3982);
#3974 = ( BOUNDED_CURVE() B_SPLINE_CURVE(2,(#3975,#3976,#3977,#3978,
#3979,#3980,#3981),.UNSPECIFIED.,.T.,.F.) B_SPLINE_CURVE_WITH_KNOTS((1,2
    ,2,2,2,1),(-2.094395102393,0.,2.094395102393,4.188790204786,
6.28318530718,8.377580409573),.UNSPECIFIED.) CURVE() 
GEOMETRIC_REPRESENTATION_ITEM() RATIONAL_B_SPLINE_CURVE((1.,0.5,1.,0.5,
1.,0.5,1.)) REPRESENTATION_ITEM('') );
#3975 = CARTESIAN_POINT('',(8.99,-2.343050820501E-16));
#3976 = CARTESIAN_POINT('',(8.99,-15.57113676004));
#3977 = CARTESIAN_POINT('',(-4.495,-7.785568380022));
#3978 = CARTESIAN_POINT('',(-17.98,-2.436220026917E-15));
#3979 = CARTESIAN_POINT('',(-4.495,7.785568380022));
#3980 = CARTESIAN_POINT('',(8.99,15.571136760044));
#3981 = CARTESIAN_POINT('',(8.99,-2.343050820501E-16));
#3982 = ( GEOMETRIC_REPRESENTATION_CONTEXT(2) 
PARAMETRIC_REPRESENTATION_CONTEXT() REPRESENTATION_CONTEXT('2D SPACE',''
  ) );
#3983 = PCURVE('',#3984,#3989);
#3984 = CONICAL_SURFACE('',#3985,9.,0.785398163397);
#3985 = AXIS2_PLACEMENT_3D('',#3986,#3987,#3988);
#3986 = CARTESIAN_POINT('',(0.,0.,6.01));
#3987 = DIRECTION('',(0.,0.,1.));
#3988 = DIRECTION('',(1.,0.,0.));
#3989 = DEFINITIONAL_REPRESENTATION('',(#3990),#3994);
#3990 = LINE('',#3991,#3992);
#3991 = CARTESIAN_POINT('',(6.28318530718,-1.E-02));
#3992 = VECTOR('',#3993,1.);
#3993 = DIRECTION('',(-1.,-0.));
#3994 = ( GEOMETRIC_REPRESENTATION_CONTEXT(2) 
PARAMETRIC_REPRESENTATION_CONTEXT() REPRESENTATION_CONTEXT('2D SPACE',''
  ) );
#3995 = ORIENTED_EDGE('',*,*,#3996,.T.);
#3996 = EDGE_CURVE('',#3964,#3997,#3999,.T.);
#3997 = VERTEX_POINT('',#3998);
#3998 = CARTESIAN_POINT('',(10.748333758935,0.189265439383,6.));
#3999 = SURFACE_CURVE('',#4000,(#4005,#4013),.PCURVE_S1.);
#4000 = B_SPLINE_CURVE_WITH_KNOTS('',3,(#4001,#4002,#4003,#4004),
  .UNSPECIFIED.,.F.,.F.,(4,4),(0.,1.),.PIECEWISE_BEZIER_KNOTS.);
#4001 = CARTESIAN_POINT('',(8.459565970826,0.828096362293,6.));
#4002 = CARTESIAN_POINT('',(9.27710196238,0.99266113849,6.));
#4003 = CARTESIAN_POINT('',(10.072861326644,0.612112619373,6.));
#4004 = CARTESIAN_POINT('',(10.748333758935,0.189265439383,6.));
#4005 = PCURVE('',#184,#4006);
#4006 = DEFINITIONAL_REPRESENTATION('',(#4007),#4012);
#4007 = B_SPLINE_CURVE_WITH_KNOTS('',3,(#4008,#4009,#4010,#4011),
  .UNSPECIFIED.,.F.,.F.,(4,4),(0.,1.),.PIECEWISE_BEZIER_KNOTS.);
#4008 = CARTESIAN_POINT('',(8.459565970826,0.828096362293));
#4009 = CARTESIAN_POINT('',(9.27710196238,0.99266113849));
#4010 = CARTESIAN_POINT('',(10.072861326644,0.612112619373));
#4011 = CARTESIAN_POINT('',(10.748333758935,0.189265439383));
#4012 = ( GEOMETRIC_REPRESENTATION_CONTEXT(2) 
PARAMETRIC_REPRESENTATION_CONTEXT() REPRESENTATION_CONTEXT('2D SPACE',''
  ) );
#4013 = PCURVE('',#1824,#4014);
#4014 = DEFINITIONAL_REPRESENTATION('',(#4015),#4019);
#4015 = LINE('',#4016,#4017);
#4016 = CARTESIAN_POINT('',(1.,0.));
#4017 = VECTOR('',#4018,1.);
#4018 = DIRECTION('',(0.,1.));
#4019 = ( GEOMETRIC_REPRESENTATION_CONTEXT(2) 
PARAMETRIC_REPRESENTATION_CONTEXT() REPRESENTATION_CONTEXT('2D SPACE',''
  ) );
#4020 = ORIENTED_EDGE('',*,*,#4021,.T.);
#4021 = EDGE_CURVE('',#3997,#4022,#4024,.T.);
#4022 = VERTEX_POINT('',#4023);
#4023 = CARTESIAN_POINT('',(10.748333758935,-0.189265439383,6.));
#4024 = SURFACE_CURVE('',#4025,(#4030,#4038),.PCURVE_S1.);
#4025 = B_SPLINE_CURVE_WITH_KNOTS('',3,(#4026,#4027,#4028,#4029),
  .UNSPECIFIED.,.F.,.F.,(4,4),(0.,1.),.PIECEWISE_BEZIER_KNOTS.);
#4026 = CARTESIAN_POINT('',(10.748333758935,0.189265439383,6.));
#4027 = CARTESIAN_POINT('',(10.750555405491,6.310151855918E-02,6.));
#4028 = CARTESIAN_POINT('',(10.750555405491,-6.310151855918E-02,6.));
#4029 = CARTESIAN_POINT('',(10.748333758935,-0.189265439383,6.));
#4030 = PCURVE('',#184,#4031);
#4031 = DEFINITIONAL_REPRESENTATION('',(#4032),#4037);
#4032 = B_SPLINE_CURVE_WITH_KNOTS('',3,(#4033,#4034,#4035,#4036),
  .UNSPECIFIED.,.F.,.F.,(4,4),(0.,1.),.PIECEWISE_BEZIER_KNOTS.);
#4033 = CARTESIAN_POINT('',(10.748333758935,0.189265439383));
#4034 = CARTESIAN_POINT('',(10.750555405491,6.310151855918E-02));
#4035 = CARTESIAN_POINT('',(10.750555405491,-6.310151855918E-02));
#4036 = CARTESIAN_POINT('',(10.748333758935,-0.189265439383));
#4037 = ( GEOMETRIC_REPRESENTATION_CONTEXT(2) 
PARAMETRIC_REPRESENTATION_CONTEXT() REPRESENTATION_CONTEXT('2D SPACE',''
  ) );
#4038 = PCURVE('',#1858,#4039);
#4039 = DEFINITIONAL_REPRESENTATION('',(#4040),#4044);
#4040 = LINE('',#4041,#4042);
#4041 = CARTESIAN_POINT('',(1.,0.));
#4042 = VECTOR('',#4043,1.);
#4043 = DIRECTION('',(0.,1.));
#4044 = ( GEOMETRIC_REPRESENTATION_CONTEXT(2) 
PARAMETRIC_REPRESENTATION_CONTEXT() REPRESENTATION_CONTEXT('2D SPACE',''
  ) );
#4045 = ORIENTED_EDGE('',*,*,#4046,.T.);
#4046 = EDGE_CURVE('',#4022,#4047,#4049,.T.);
#4047 = VERTEX_POINT('',#4048);
#4048 = CARTESIAN_POINT('',(8.948252330414,-0.865378663497,6.));
#4049 = SURFACE_CURVE('',#4050,(#4055,#4063),.PCURVE_S1.);
#4050 = B_SPLINE_CURVE_WITH_KNOTS('',3,(#4051,#4052,#4053,#4054),
  .UNSPECIFIED.,.F.,.F.,(4,4),(0.,1.),.PIECEWISE_BEZIER_KNOTS.);
#4051 = CARTESIAN_POINT('',(10.748333758935,-0.189265439383,6.));
#4052 = CARTESIAN_POINT('',(10.072861326644,-0.612112619373,6.));
#4053 = CARTESIAN_POINT('',(9.27710196238,-0.99266113849,6.));
#4054 = CARTESIAN_POINT('',(8.459565970826,-0.828096362293,6.));
#4055 = PCURVE('',#184,#4056);
#4056 = DEFINITIONAL_REPRESENTATION('',(#4057),#4062);
#4057 = B_SPLINE_CURVE_WITH_KNOTS('',3,(#4058,#4059,#4060,#4061),
  .UNSPECIFIED.,.F.,.F.,(4,4),(0.,1.),.PIECEWISE_BEZIER_KNOTS.);
#4058 = CARTESIAN_POINT('',(10.748333758935,-0.189265439383));
#4059 = CARTESIAN_POINT('',(10.072861326644,-0.612112619373));
#4060 = CARTESIAN_POINT('',(9.27710196238,-0.99266113849));
#4061 = CARTESIAN_POINT('',(8.459565970826,-0.828096362293));
#4062 = ( GEOMETRIC_REPRESENTATION_CONTEXT(2) 
PARAMETRIC_REPRESENTATION_CONTEXT() REPRESENTATION_CONTEXT('2D SPACE',''
  ) );
#4063 = PCURVE('',#1892,#4064);
#4064 = DEFINITIONAL_REPRESENTATION('',(#4065),#4069);
#4065 = LINE('',#4066,#4067);
#4066 = CARTESIAN_POINT('',(1.,0.));
#4067 = VECTOR('',#4068,1.);
#4068 = DIRECTION('',(0.,1.));
#4069 = ( GEOMETRIC_REPRESENTATION_CONTEXT(2) 
PARAMETRIC_REPRESENTATION_CONTEXT() REPRESENTATION_CONTEXT('2D SPACE',''
  ) );
#4070 = ORIENTED_EDGE('',*,*,#4071,.T.);
#4071 = EDGE_CURVE('',#4047,#4072,#4074,.T.);
#4072 = VERTEX_POINT('',#4073);
#4073 = CARTESIAN_POINT('',(8.744399329892,-2.08700272146,6.));
#4074 = SURFACE_CURVE('',#4075,(#4080,#4091),.PCURVE_S1.);
#4075 = CIRCLE('',#4076,8.99);
#4076 = AXIS2_PLACEMENT_3D('',#4077,#4078,#4079);
#4077 = CARTESIAN_POINT('',(0.,0.,6.));
#4078 = DIRECTION('',(0.,0.,-1.));
#4079 = DIRECTION('',(1.,0.,0.));
#4080 = PCURVE('',#184,#4081);
#4081 = DEFINITIONAL_REPRESENTATION('',(#4082),#4090);
#4082 = ( BOUNDED_CURVE() B_SPLINE_CURVE(2,(#4083,#4084,#4085,#4086,
#4087,#4088,#4089),.UNSPECIFIED.,.T.,.F.) B_SPLINE_CURVE_WITH_KNOTS((1,2
    ,2,2,2,1),(-2.094395102393,0.,2.094395102393,4.188790204786,
6.28318530718,8.377580409573),.UNSPECIFIED.) CURVE() 
GEOMETRIC_REPRESENTATION_ITEM() RATIONAL_B_SPLINE_CURVE((1.,0.5,1.,0.5,
1.,0.5,1.)) REPRESENTATION_ITEM('') );
#4083 = CARTESIAN_POINT('',(8.99,-2.343050820501E-16));
#4084 = CARTESIAN_POINT('',(8.99,-15.57113676004));
#4085 = CARTESIAN_POINT('',(-4.495,-7.785568380022));
#4086 = CARTESIAN_POINT('',(-17.98,-2.436220026917E-15));
#4087 = CARTESIAN_POINT('',(-4.495,7.785568380022));
#4088 = CARTESIAN_POINT('',(8.99,15.571136760044));
#4089 = CARTESIAN_POINT('',(8.99,-2.343050820501E-16));
#4090 = ( GEOMETRIC_REPRESENTATION_CONTEXT(2) 
PARAMETRIC_REPRESENTATION_CONTEXT() REPRESENTATION_CONTEXT('2D SPACE',''
  ) );
#4091 = PCURVE('',#4092,#4097);
#4092 = CONICAL_SURFACE('',#4093,9.,0.785398163397);
#4093 = AXIS2_PLACEMENT_3D('',#4094,#4095,#4096);
#4094 = CARTESIAN_POINT('',(0.,0.,6.01));
#4095 = DIRECTION('',(0.,0.,1.));
#4096 = DIRECTION('',(1.,0.,0.));
#4097 = DEFINITIONAL_REPRESENTATION('',(#4098),#4102);
#4098 = LINE('',#4099,#4100);
#4099 = CARTESIAN_POINT('',(6.28318530718,-1.E-02));
#4100 = VECTOR('',#4101,1.);
#4101 = DIRECTION('',(-1.,-0.));
#4102 = ( GEOMETRIC_REPRESENTATION_CONTEXT(2) 
PARAMETRIC_REPRESENTATION_CONTEXT() REPRESENTATION_CONTEXT('2D SPACE',''
  ) );
#4103 = ORIENTED_EDGE('',*,*,#4104,.T.);
#4104 = EDGE_CURVE('',#4072,#4105,#4107,.T.);
#4105 = VERTEX_POINT('',#4106);
#4106 = CARTESIAN_POINT('',(10.22741377646,-3.310967750534,6.));
#4107 = SURFACE_CURVE('',#4108,(#4113,#4121),.PCURVE_S1.);
#4108 = B_SPLINE_CURVE_WITH_KNOTS('',3,(#4109,#4110,#4111,#4112),
  .UNSPECIFIED.,.F.,.F.,(4,4),(0.,1.),.PIECEWISE_BEZIER_KNOTS.);
#4109 = CARTESIAN_POINT('',(8.270085801798,-1.963588763183,6.));
#4110 = CARTESIAN_POINT('',(9.096759533802,-2.073394062992,6.));
#4111 = CARTESIAN_POINT('',(9.725838558603,-2.691706056869,6.));
#4112 = CARTESIAN_POINT('',(10.22741377646,-3.310967750534,6.));
#4113 = PCURVE('',#184,#4114);
#4114 = DEFINITIONAL_REPRESENTATION('',(#4115),#4120);
#4115 = B_SPLINE_CURVE_WITH_KNOTS('',3,(#4116,#4117,#4118,#4119),
  .UNSPECIFIED.,.F.,.F.,(4,4),(0.,1.),.PIECEWISE_BEZIER_KNOTS.);
#4116 = CARTESIAN_POINT('',(8.270085801798,-1.963588763183));
#4117 = CARTESIAN_POINT('',(9.096759533802,-2.073394062992));
#4118 = CARTESIAN_POINT('',(9.725838558603,-2.691706056869));
#4119 = CARTESIAN_POINT('',(10.22741377646,-3.310967750534));
#4120 = ( GEOMETRIC_REPRESENTATION_CONTEXT(2) 
PARAMETRIC_REPRESENTATION_CONTEXT() REPRESENTATION_CONTEXT('2D SPACE',''
  ) );
#4121 = PCURVE('',#1959,#4122);
#4122 = DEFINITIONAL_REPRESENTATION('',(#4123),#4127);
#4123 = LINE('',#4124,#4125);
#4124 = CARTESIAN_POINT('',(1.,0.));
#4125 = VECTOR('',#4126,1.);
#4126 = DIRECTION('',(0.,1.));
#4127 = ( GEOMETRIC_REPRESENTATION_CONTEXT(2) 
PARAMETRIC_REPRESENTATION_CONTEXT() REPRESENTATION_CONTEXT('2D SPACE',''
  ) );
#4128 = ORIENTED_EDGE('',*,*,#4129,.T.);
#4129 = EDGE_CURVE('',#4105,#4130,#4132,.T.);
#4130 = VERTEX_POINT('',#4131);
#4131 = CARTESIAN_POINT('',(10.104505001047,-3.668988782188,6.));
#4132 = SURFACE_CURVE('',#4133,(#4138,#4146),.PCURVE_S1.);
#4133 = B_SPLINE_CURVE_WITH_KNOTS('',3,(#4134,#4135,#4136,#4137),
  .UNSPECIFIED.,.F.,.F.,(4,4),(0.,1.),.PIECEWISE_BEZIER_KNOTS.);
#4134 = CARTESIAN_POINT('',(10.22741377646,-3.310967750534,6.));
#4135 = CARTESIAN_POINT('',(10.188549689953,-3.431017129588,6.));
#4136 = CARTESIAN_POINT('',(10.147571630789,-3.550382138049,6.));
#4137 = CARTESIAN_POINT('',(10.104505001047,-3.668988782188,6.));
#4138 = PCURVE('',#184,#4139);
#4139 = DEFINITIONAL_REPRESENTATION('',(#4140),#4145);
#4140 = B_SPLINE_CURVE_WITH_KNOTS('',3,(#4141,#4142,#4143,#4144),
  .UNSPECIFIED.,.F.,.F.,(4,4),(0.,1.),.PIECEWISE_BEZIER_KNOTS.);
#4141 = CARTESIAN_POINT('',(10.22741377646,-3.310967750534));
#4142 = CARTESIAN_POINT('',(10.188549689953,-3.431017129588));
#4143 = CARTESIAN_POINT('',(10.147571630789,-3.550382138049));
#4144 = CARTESIAN_POINT('',(10.104505001047,-3.668988782188));
#4145 = ( GEOMETRIC_REPRESENTATION_CONTEXT(2) 
PARAMETRIC_REPRESENTATION_CONTEXT() REPRESENTATION_CONTEXT('2D SPACE',''
  ) );
#4146 = PCURVE('',#1993,#4147);
#4147 = DEFINITIONAL_REPRESENTATION('',(#4148),#4152);
#4148 = LINE('',#4149,#4150);
#4149 = CARTESIAN_POINT('',(1.,0.));
#4150 = VECTOR('',#4151,1.);
#4151 = DIRECTION('',(0.,1.));
#4152 = ( GEOMETRIC_REPRESENTATION_CONTEXT(2) 
PARAMETRIC_REPRESENTATION_CONTEXT() REPRESENTATION_CONTEXT('2D SPACE',''
  ) );
#4153 = ORIENTED_EDGE('',*,*,#4154,.T.);
#4154 = EDGE_CURVE('',#4130,#4155,#4157,.T.);
#4155 = VERTEX_POINT('',#4156);
#4156 = CARTESIAN_POINT('',(8.182423344495,-3.723982842531,6.));
#4157 = SURFACE_CURVE('',#4158,(#4163,#4171),.PCURVE_S1.);
#4158 = B_SPLINE_CURVE_WITH_KNOTS('',3,(#4159,#4160,#4161,#4162),
  .UNSPECIFIED.,.F.,.F.,(4,4),(0.,1.),.PIECEWISE_BEZIER_KNOTS.);
#4159 = CARTESIAN_POINT('',(10.104505001047,-3.668988782188,6.));
#4160 = CARTESIAN_POINT('',(9.328333273396,-3.849599395399,6.));
#4161 = CARTESIAN_POINT('',(8.452126444266,-3.951146102893,6.));
#4162 = CARTESIAN_POINT('',(7.732320903224,-3.530044397676,6.));
#4163 = PCURVE('',#184,#4164);
#4164 = DEFINITIONAL_REPRESENTATION('',(#4165),#4170);
#4165 = B_SPLINE_CURVE_WITH_KNOTS('',3,(#4166,#4167,#4168,#4169),
  .UNSPECIFIED.,.F.,.F.,(4,4),(0.,1.),.PIECEWISE_BEZIER_KNOTS.);
#4166 = CARTESIAN_POINT('',(10.104505001047,-3.668988782188));
#4167 = CARTESIAN_POINT('',(9.328333273396,-3.849599395399));
#4168 = CARTESIAN_POINT('',(8.452126444266,-3.951146102893));
#4169 = CARTESIAN_POINT('',(7.732320903224,-3.530044397676));
#4170 = ( GEOMETRIC_REPRESENTATION_CONTEXT(2) 
PARAMETRIC_REPRESENTATION_CONTEXT() REPRESENTATION_CONTEXT('2D SPACE',''
  ) );
#4171 = PCURVE('',#2027,#4172);
#4172 = DEFINITIONAL_REPRESENTATION('',(#4173),#4177);
#4173 = LINE('',#4174,#4175);
#4174 = CARTESIAN_POINT('',(1.,0.));
#4175 = VECTOR('',#4176,1.);
#4176 = DIRECTION('',(0.,1.));
#4177 = ( GEOMETRIC_REPRESENTATION_CONTEXT(2) 
PARAMETRIC_REPRESENTATION_CONTEXT() REPRESENTATION_CONTEXT('2D SPACE',''
  ) );
#4178 = ORIENTED_EDGE('',*,*,#4179,.T.);
#4179 = EDGE_CURVE('',#4155,#131,#4180,.T.);
#4180 = SURFACE_CURVE('',#4181,(#4186,#4197),.PCURVE_S1.);
#4181 = CIRCLE('',#4182,8.99);
#4182 = AXIS2_PLACEMENT_3D('',#4183,#4184,#4185);
#4183 = CARTESIAN_POINT('',(0.,0.,6.));
#4184 = DIRECTION('',(0.,0.,-1.));
#4185 = DIRECTION('',(1.,0.,0.));
#4186 = PCURVE('',#184,#4187);
#4187 = DEFINITIONAL_REPRESENTATION('',(#4188),#4196);
#4188 = ( BOUNDED_CURVE() B_SPLINE_CURVE(2,(#4189,#4190,#4191,#4192,
#4193,#4194,#4195),.UNSPECIFIED.,.T.,.F.) B_SPLINE_CURVE_WITH_KNOTS((1,2
    ,2,2,2,1),(-2.094395102393,0.,2.094395102393,4.188790204786,
6.28318530718,8.377580409573),.UNSPECIFIED.) CURVE() 
GEOMETRIC_REPRESENTATION_ITEM() RATIONAL_B_SPLINE_CURVE((1.,0.5,1.,0.5,
1.,0.5,1.)) REPRESENTATION_ITEM('') );
#4189 = CARTESIAN_POINT('',(8.99,-2.343050820501E-16));
#4190 = CARTESIAN_POINT('',(8.99,-15.57113676004));
#4191 = CARTESIAN_POINT('',(-4.495,-7.785568380022));
#4192 = CARTESIAN_POINT('',(-17.98,-2.436220026917E-15));
#4193 = CARTESIAN_POINT('',(-4.495,7.785568380022));
#4194 = CARTESIAN_POINT('',(8.99,15.571136760044));
#4195 = CARTESIAN_POINT('',(8.99,-2.343050820501E-16));
#4196 = ( GEOMETRIC_REPRESENTATION_CONTEXT(2) 
PARAMETRIC_REPRESENTATION_CONTEXT() REPRESENTATION_CONTEXT('2D SPACE',''
  ) );
#4197 = PCURVE('',#152,#4198);
#4198 = DEFINITIONAL_REPRESENTATION('',(#4199),#4203);
#4199 = LINE('',#4200,#4201);
#4200 = CARTESIAN_POINT('',(6.28318530718,-1.E-02));
#4201 = VECTOR('',#4202,1.);
#4202 = DIRECTION('',(-1.,-0.));
#4203 = ( GEOMETRIC_REPRESENTATION_CONTEXT(2) 
PARAMETRIC_REPRESENTATION_CONTEXT() REPRESENTATION_CONTEXT('2D SPACE',''
  ) );
#4204 = ORIENTED_EDGE('',*,*,#167,.T.);
#4205 = ORIENTED_EDGE('',*,*,#2807,.T.);
#4206 = ORIENTED_EDGE('',*,*,#4207,.T.);
#4207 = EDGE_CURVE('',#2808,#4208,#4210,.T.);
#4208 = VERTEX_POINT('',#4209);
#4209 = CARTESIAN_POINT('',(6.52990182582,-6.179035697028,6.));
#4210 = SURFACE_CURVE('',#4211,(#4216,#4224),.PCURVE_S1.);
#4211 = B_SPLINE_CURVE_WITH_KNOTS('',3,(#4212,#4213,#4214,#4215),
  .UNSPECIFIED.,.F.,.F.,(4,4),(0.,1.),.PIECEWISE_BEZIER_KNOTS.);
#4212 = CARTESIAN_POINT('',(8.365696338746,-6.751120260215,6.));
#4213 = CARTESIAN_POINT('',(7.572935565971,-6.669922344245,6.));
#4214 = CARTESIAN_POINT('',(6.711231877661,-6.481463078699,6.));
#4215 = CARTESIAN_POINT('',(6.167158886437,-5.849457348288,6.));
#4216 = PCURVE('',#184,#4217);
#4217 = DEFINITIONAL_REPRESENTATION('',(#4218),#4223);
#4218 = B_SPLINE_CURVE_WITH_KNOTS('',3,(#4219,#4220,#4221,#4222),
  .UNSPECIFIED.,.F.,.F.,(4,4),(0.,1.),.PIECEWISE_BEZIER_KNOTS.);
#4219 = CARTESIAN_POINT('',(8.365696338746,-6.751120260215));
#4220 = CARTESIAN_POINT('',(7.572935565971,-6.669922344245));
#4221 = CARTESIAN_POINT('',(6.711231877661,-6.481463078699));
#4222 = CARTESIAN_POINT('',(6.167158886437,-5.849457348288));
#4223 = ( GEOMETRIC_REPRESENTATION_CONTEXT(2) 
PARAMETRIC_REPRESENTATION_CONTEXT() REPRESENTATION_CONTEXT('2D SPACE',''
  ) );
#4224 = PCURVE('',#2113,#4225);
#4225 = DEFINITIONAL_REPRESENTATION('',(#4226),#4230);
#4226 = LINE('',#4227,#4228);
#4227 = CARTESIAN_POINT('',(1.,0.));
#4228 = VECTOR('',#4229,1.);
#4229 = DIRECTION('',(0.,1.));
#4230 = ( GEOMETRIC_REPRESENTATION_CONTEXT(2) 
PARAMETRIC_REPRESENTATION_CONTEXT() REPRESENTATION_CONTEXT('2D SPACE',''
  ) );
#4231 = ORIENTED_EDGE('',*,*,#4232,.T.);
#4232 = EDGE_CURVE('',#4208,#4233,#4235,.T.);
#4233 = VERTEX_POINT('',#4234);
#4234 = CARTESIAN_POINT('',(5.618696138618,-7.017859623979,6.));
#4235 = SURFACE_CURVE('',#4236,(#4241,#4252),.PCURVE_S1.);
#4236 = CIRCLE('',#4237,8.99);
#4237 = AXIS2_PLACEMENT_3D('',#4238,#4239,#4240);
#4238 = CARTESIAN_POINT('',(0.,0.,6.));
#4239 = DIRECTION('',(0.,0.,-1.));
#4240 = DIRECTION('',(1.,0.,0.));
#4241 = PCURVE('',#184,#4242);
#4242 = DEFINITIONAL_REPRESENTATION('',(#4243),#4251);
#4243 = ( BOUNDED_CURVE() B_SPLINE_CURVE(2,(#4244,#4245,#4246,#4247,
#4248,#4249,#4250),.UNSPECIFIED.,.T.,.F.) B_SPLINE_CURVE_WITH_KNOTS((1,2
    ,2,2,2,1),(-2.094395102393,0.,2.094395102393,4.188790204786,
6.28318530718,8.377580409573),.UNSPECIFIED.) CURVE() 
GEOMETRIC_REPRESENTATION_ITEM() RATIONAL_B_SPLINE_CURVE((1.,0.5,1.,0.5,
1.,0.5,1.)) REPRESENTATION_ITEM('') );
#4244 = CARTESIAN_POINT('',(8.99,-2.343050820501E-16));
#4245 = CARTESIAN_POINT('',(8.99,-15.57113676004));
#4246 = CARTESIAN_POINT('',(-4.495,-7.785568380022));
#4247 = CARTESIAN_POINT('',(-17.98,-2.436220026917E-15));
#4248 = CARTESIAN_POINT('',(-4.495,7.785568380022));
#4249 = CARTESIAN_POINT('',(8.99,15.571136760044));
#4250 = CARTESIAN_POINT('',(8.99,-2.343050820501E-16));
#4251 = ( GEOMETRIC_REPRESENTATION_CONTEXT(2) 
PARAMETRIC_REPRESENTATION_CONTEXT() REPRESENTATION_CONTEXT('2D SPACE',''
  ) );
#4252 = PCURVE('',#4253,#4258);
#4253 = CONICAL_SURFACE('',#4254,9.,0.785398163397);
#4254 = AXIS2_PLACEMENT_3D('',#4255,#4256,#4257);
#4255 = CARTESIAN_POINT('',(0.,0.,6.01));
#4256 = DIRECTION('',(0.,0.,1.));
#4257 = DIRECTION('',(1.,0.,0.));
#4258 = DEFINITIONAL_REPRESENTATION('',(#4259),#4263);
#4259 = LINE('',#4260,#4261);
#4260 = CARTESIAN_POINT('',(6.28318530718,-1.E-02));
#4261 = VECTOR('',#4262,1.);
#4262 = DIRECTION('',(-1.,-0.));
#4263 = ( GEOMETRIC_REPRESENTATION_CONTEXT(2) 
PARAMETRIC_REPRESENTATION_CONTEXT() REPRESENTATION_CONTEXT('2D SPACE',''
  ) );
#4264 = ORIENTED_EDGE('',*,*,#4265,.T.);
#4265 = EDGE_CURVE('',#4233,#4266,#4268,.T.);
#4266 = VERTEX_POINT('',#4267);
#4267 = CARTESIAN_POINT('',(6.03722803368,-8.894626336691,6.));
#4268 = SURFACE_CURVE('',#4269,(#4274,#4282),.PCURVE_S1.);
#4269 = B_SPLINE_CURVE_WITH_KNOTS('',3,(#4270,#4271,#4272,#4273),
  .UNSPECIFIED.,.F.,.F.,(4,4),(0.,1.),.PIECEWISE_BEZIER_KNOTS.);
#4270 = CARTESIAN_POINT('',(5.320198541541,-6.629139271322,6.));
#4271 = CARTESIAN_POINT('',(5.905116460456,-7.223544596991,6.));
#4272 = CARTESIAN_POINT('',(6.021773115491,-8.097867973124,6.));
#4273 = CARTESIAN_POINT('',(6.03722803368,-8.894626336691,6.));
#4274 = PCURVE('',#184,#4275);
#4275 = DEFINITIONAL_REPRESENTATION('',(#4276),#4281);
#4276 = B_SPLINE_CURVE_WITH_KNOTS('',3,(#4277,#4278,#4279,#4280),
  .UNSPECIFIED.,.F.,.F.,(4,4),(0.,1.),.PIECEWISE_BEZIER_KNOTS.);
#4277 = CARTESIAN_POINT('',(5.320198541541,-6.629139271322));
#4278 = CARTESIAN_POINT('',(5.905116460456,-7.223544596991));
#4279 = CARTESIAN_POINT('',(6.021773115491,-8.097867973124));
#4280 = CARTESIAN_POINT('',(6.03722803368,-8.894626336691));
#4281 = ( GEOMETRIC_REPRESENTATION_CONTEXT(2) 
PARAMETRIC_REPRESENTATION_CONTEXT() REPRESENTATION_CONTEXT('2D SPACE',''
  ) );
#4282 = PCURVE('',#2180,#4283);
#4283 = DEFINITIONAL_REPRESENTATION('',(#4284),#4288);
#4284 = LINE('',#4285,#4286);
#4285 = CARTESIAN_POINT('',(1.,0.));
#4286 = VECTOR('',#4287,1.);
#4287 = DIRECTION('',(0.,1.));
#4288 = ( GEOMETRIC_REPRESENTATION_CONTEXT(2) 
PARAMETRIC_REPRESENTATION_CONTEXT() REPRESENTATION_CONTEXT('2D SPACE',''
  ) );
#4289 = ORIENTED_EDGE('',*,*,#4290,.T.);
#4290 = EDGE_CURVE('',#4266,#4291,#4293,.T.);
#4291 = VERTEX_POINT('',#4292);
#4292 = CARTESIAN_POINT('',(5.720334670989,-9.101663103625,6.));
#4293 = SURFACE_CURVE('',#4294,(#4299,#4307),.PCURVE_S1.);
#4294 = B_SPLINE_CURVE_WITH_KNOTS('',3,(#4295,#4296,#4297,#4298),
  .UNSPECIFIED.,.F.,.F.,(4,4),(0.,1.),.PIECEWISE_BEZIER_KNOTS.);
#4295 = CARTESIAN_POINT('',(6.03722803368,-8.894626336691,6.));
#4296 = CARTESIAN_POINT('',(5.932822953892,-8.96549134883,6.));
#4297 = CARTESIAN_POINT('',(5.827170001761,-9.034517867532,6.));
#4298 = CARTESIAN_POINT('',(5.720334670989,-9.101663103625,6.));
#4299 = PCURVE('',#184,#4300);
#4300 = DEFINITIONAL_REPRESENTATION('',(#4301),#4306);
#4301 = B_SPLINE_CURVE_WITH_KNOTS('',3,(#4302,#4303,#4304,#4305),
  .UNSPECIFIED.,.F.,.F.,(4,4),(0.,1.),.PIECEWISE_BEZIER_KNOTS.);
#4302 = CARTESIAN_POINT('',(6.03722803368,-8.894626336691));
#4303 = CARTESIAN_POINT('',(5.932822953892,-8.96549134883));
#4304 = CARTESIAN_POINT('',(5.827170001761,-9.034517867532));
#4305 = CARTESIAN_POINT('',(5.720334670989,-9.101663103625));
#4306 = ( GEOMETRIC_REPRESENTATION_CONTEXT(2) 
PARAMETRIC_REPRESENTATION_CONTEXT() REPRESENTATION_CONTEXT('2D SPACE',''
  ) );
#4307 = PCURVE('',#2214,#4308);
#4308 = DEFINITIONAL_REPRESENTATION('',(#4309),#4313);
#4309 = LINE('',#4310,#4311);
#4310 = CARTESIAN_POINT('',(1.,0.));
#4311 = VECTOR('',#4312,1.);
#4312 = DIRECTION('',(0.,1.));
#4313 = ( GEOMETRIC_REPRESENTATION_CONTEXT(2) 
PARAMETRIC_REPRESENTATION_CONTEXT() REPRESENTATION_CONTEXT('2D SPACE',''
  ) );
#4314 = ORIENTED_EDGE('',*,*,#4315,.T.);
#4315 = EDGE_CURVE('',#4291,#4316,#4318,.T.);
#4316 = VERTEX_POINT('',#4317);
#4317 = CARTESIAN_POINT('',(4.169764122451,-7.964494156136,6.));
#4318 = SURFACE_CURVE('',#4319,(#4324,#4332),.PCURVE_S1.);
#4319 = B_SPLINE_CURVE_WITH_KNOTS('',3,(#4320,#4321,#4322,#4323),
  .UNSPECIFIED.,.F.,.F.,(4,4),(0.,1.),.PIECEWISE_BEZIER_KNOTS.);
#4320 = CARTESIAN_POINT('',(5.720334670989,-9.101663103625,6.));
#4321 = CARTESIAN_POINT('',(4.99689278377,-8.767455712583,6.));
#4322 = CARTESIAN_POINT('',(4.24307120162,-8.309412959665,6.));
#4323 = CARTESIAN_POINT('',(3.933689510975,-7.53499083153,6.));
#4324 = PCURVE('',#184,#4325);
#4325 = DEFINITIONAL_REPRESENTATION('',(#4326),#4331);
#4326 = B_SPLINE_CURVE_WITH_KNOTS('',3,(#4327,#4328,#4329,#4330),
  .UNSPECIFIED.,.F.,.F.,(4,4),(0.,1.),.PIECEWISE_BEZIER_KNOTS.);
#4327 = CARTESIAN_POINT('',(5.720334670989,-9.101663103625));
#4328 = CARTESIAN_POINT('',(4.99689278377,-8.767455712583));
#4329 = CARTESIAN_POINT('',(4.24307120162,-8.309412959665));
#4330 = CARTESIAN_POINT('',(3.933689510975,-7.53499083153));
#4331 = ( GEOMETRIC_REPRESENTATION_CONTEXT(2) 
PARAMETRIC_REPRESENTATION_CONTEXT() REPRESENTATION_CONTEXT('2D SPACE',''
  ) );
#4332 = PCURVE('',#2248,#4333);
#4333 = DEFINITIONAL_REPRESENTATION('',(#4334),#4338);
#4334 = LINE('',#4335,#4336);
#4335 = CARTESIAN_POINT('',(1.,0.));
#4336 = VECTOR('',#4337,1.);
#4337 = DIRECTION('',(0.,1.));
#4338 = ( GEOMETRIC_REPRESENTATION_CONTEXT(2) 
PARAMETRIC_REPRESENTATION_CONTEXT() REPRESENTATION_CONTEXT('2D SPACE',''
  ) );
#4339 = ORIENTED_EDGE('',*,*,#4340,.T.);
#4340 = EDGE_CURVE('',#4316,#4341,#4343,.T.);
#4341 = VERTEX_POINT('',#4342);
#4342 = CARTESIAN_POINT('',(3.035564388923,-8.462000286026,6.));
#4343 = SURFACE_CURVE('',#4344,(#4349,#4360),.PCURVE_S1.);
#4344 = CIRCLE('',#4345,8.99);
#4345 = AXIS2_PLACEMENT_3D('',#4346,#4347,#4348);
#4346 = CARTESIAN_POINT('',(0.,0.,6.));
#4347 = DIRECTION('',(0.,0.,-1.));
#4348 = DIRECTION('',(1.,0.,0.));
#4349 = PCURVE('',#184,#4350);
#4350 = DEFINITIONAL_REPRESENTATION('',(#4351),#4359);
#4351 = ( BOUNDED_CURVE() B_SPLINE_CURVE(2,(#4352,#4353,#4354,#4355,
#4356,#4357,#4358),.UNSPECIFIED.,.T.,.F.) B_SPLINE_CURVE_WITH_KNOTS((1,2
    ,2,2,2,1),(-2.094395102393,0.,2.094395102393,4.188790204786,
6.28318530718,8.377580409573),.UNSPECIFIED.) CURVE() 
GEOMETRIC_REPRESENTATION_ITEM() RATIONAL_B_SPLINE_CURVE((1.,0.5,1.,0.5,
1.,0.5,1.)) REPRESENTATION_ITEM('') );
#4352 = CARTESIAN_POINT('',(8.99,-2.343050820501E-16));
#4353 = CARTESIAN_POINT('',(8.99,-15.57113676004));
#4354 = CARTESIAN_POINT('',(-4.495,-7.785568380022));
#4355 = CARTESIAN_POINT('',(-17.98,-2.436220026917E-15));
#4356 = CARTESIAN_POINT('',(-4.495,7.785568380022));
#4357 = CARTESIAN_POINT('',(8.99,15.571136760044));
#4358 = CARTESIAN_POINT('',(8.99,-2.343050820501E-16));
#4359 = ( GEOMETRIC_REPRESENTATION_CONTEXT(2) 
PARAMETRIC_REPRESENTATION_CONTEXT() REPRESENTATION_CONTEXT('2D SPACE',''
  ) );
#4360 = PCURVE('',#4361,#4366);
#4361 = CONICAL_SURFACE('',#4362,9.,0.785398163397);
#4362 = AXIS2_PLACEMENT_3D('',#4363,#4364,#4365);
#4363 = CARTESIAN_POINT('',(0.,0.,6.01));
#4364 = DIRECTION('',(0.,0.,1.));
#4365 = DIRECTION('',(1.,0.,0.));
#4366 = DEFINITIONAL_REPRESENTATION('',(#4367),#4371);
#4367 = LINE('',#4368,#4369);
#4368 = CARTESIAN_POINT('',(6.28318530718,-1.E-02));
#4369 = VECTOR('',#4370,1.);
#4370 = DIRECTION('',(-1.,-0.));
#4371 = ( GEOMETRIC_REPRESENTATION_CONTEXT(2) 
PARAMETRIC_REPRESENTATION_CONTEXT() REPRESENTATION_CONTEXT('2D SPACE',''
  ) );
#4372 = ORIENTED_EDGE('',*,*,#4373,.T.);
#4373 = EDGE_CURVE('',#4341,#4374,#4376,.T.);
#4374 = VERTEX_POINT('',#4375);
#4375 = CARTESIAN_POINT('',(2.822033916035,-10.37297568573,6.));
#4376 = SURFACE_CURVE('',#4377,(#4382,#4390),.PCURVE_S1.);
#4377 = B_SPLINE_CURVE_WITH_KNOTS('',3,(#4378,#4379,#4380,#4381),
  .UNSPECIFIED.,.F.,.F.,(4,4),(0.,1.),.PIECEWISE_BEZIER_KNOTS.);
#4378 = CARTESIAN_POINT('',(2.879457507178,-7.997419862953,6.));
#4379 = CARTESIAN_POINT('',(3.23967986613,-8.74954120633,6.));
#4380 = CARTESIAN_POINT('',(3.066123405678,-9.614369684267,6.));
#4381 = CARTESIAN_POINT('',(2.822033916035,-10.37297568573,6.));
#4382 = PCURVE('',#184,#4383);
#4383 = DEFINITIONAL_REPRESENTATION('',(#4384),#4389);
#4384 = B_SPLINE_CURVE_WITH_KNOTS('',3,(#4385,#4386,#4387,#4388),
  .UNSPECIFIED.,.F.,.F.,(4,4),(0.,1.),.PIECEWISE_BEZIER_KNOTS.);
#4385 = CARTESIAN_POINT('',(2.879457507178,-7.997419862953));
#4386 = CARTESIAN_POINT('',(3.23967986613,-8.74954120633));
#4387 = CARTESIAN_POINT('',(3.066123405678,-9.614369684267));
#4388 = CARTESIAN_POINT('',(2.822033916035,-10.37297568573));
#4389 = ( GEOMETRIC_REPRESENTATION_CONTEXT(2) 
PARAMETRIC_REPRESENTATION_CONTEXT() REPRESENTATION_CONTEXT('2D SPACE',''
  ) );
#4390 = PCURVE('',#2315,#4391);
#4391 = DEFINITIONAL_REPRESENTATION('',(#4392),#4396);
#4392 = LINE('',#4393,#4394);
#4393 = CARTESIAN_POINT('',(1.,0.));
#4394 = VECTOR('',#4395,1.);
#4395 = DIRECTION('',(0.,1.));
#4396 = ( GEOMETRIC_REPRESENTATION_CONTEXT(2) 
PARAMETRIC_REPRESENTATION_CONTEXT() REPRESENTATION_CONTEXT('2D SPACE',''
  ) );
#4397 = ORIENTED_EDGE('',*,*,#4398,.T.);
#4398 = EDGE_CURVE('',#4374,#4399,#4401,.T.);
#4399 = VERTEX_POINT('',#4400);
#4400 = CARTESIAN_POINT('',(2.455085981493,-10.4658995229,6.));
#4401 = SURFACE_CURVE('',#4402,(#4407,#4415),.PCURVE_S1.);
#4402 = B_SPLINE_CURVE_WITH_KNOTS('',3,(#4403,#4404,#4405,#4406),
  .UNSPECIFIED.,.F.,.F.,(4,4),(0.,1.),.PIECEWISE_BEZIER_KNOTS.);
#4403 = CARTESIAN_POINT('',(2.822033916035,-10.37297568573,6.));
#4404 = CARTESIAN_POINT('',(2.700275959624,-10.40610076205,6.));
#4405 = CARTESIAN_POINT('',(2.577934701879,-10.4370817761,6.));
#4406 = CARTESIAN_POINT('',(2.455085981493,-10.4658995229,6.));
#4407 = PCURVE('',#184,#4408);
#4408 = DEFINITIONAL_REPRESENTATION('',(#4409),#4414);
#4409 = B_SPLINE_CURVE_WITH_KNOTS('',3,(#4410,#4411,#4412,#4413),
  .UNSPECIFIED.,.F.,.F.,(4,4),(0.,1.),.PIECEWISE_BEZIER_KNOTS.);
#4410 = CARTESIAN_POINT('',(2.822033916035,-10.37297568573));
#4411 = CARTESIAN_POINT('',(2.700275959624,-10.40610076205));
#4412 = CARTESIAN_POINT('',(2.577934701879,-10.4370817761));
#4413 = CARTESIAN_POINT('',(2.455085981493,-10.4658995229));
#4414 = ( GEOMETRIC_REPRESENTATION_CONTEXT(2) 
PARAMETRIC_REPRESENTATION_CONTEXT() REPRESENTATION_CONTEXT('2D SPACE',''
  ) );
#4415 = PCURVE('',#2349,#4416);
#4416 = DEFINITIONAL_REPRESENTATION('',(#4417),#4421);
#4417 = LINE('',#4418,#4419);
#4418 = CARTESIAN_POINT('',(1.,0.));
#4419 = VECTOR('',#4420,1.);
#4420 = DIRECTION('',(0.,1.));
#4421 = ( GEOMETRIC_REPRESENTATION_CONTEXT(2) 
PARAMETRIC_REPRESENTATION_CONTEXT() REPRESENTATION_CONTEXT('2D SPACE',''
  ) );
#4422 = ORIENTED_EDGE('',*,*,#4423,.T.);
#4423 = EDGE_CURVE('',#4399,#4424,#4426,.T.);
#4424 = VERTEX_POINT('',#4425);
#4425 = CARTESIAN_POINT('',(1.357767775858,-8.886876091566,6.));
#4426 = SURFACE_CURVE('',#4427,(#4432,#4440),.PCURVE_S1.);
#4427 = B_SPLINE_CURVE_WITH_KNOTS('',3,(#4428,#4429,#4430,#4431),
  .UNSPECIFIED.,.F.,.F.,(4,4),(0.,1.),.PIECEWISE_BEZIER_KNOTS.);
#4428 = CARTESIAN_POINT('',(2.455085981493,-10.4658995229,6.));
#4429 = CARTESIAN_POINT('',(1.879359133668,-9.914899213371,6.));
#4430 = CARTESIAN_POINT('',(1.315107922849,-9.236909012626,6.));
#4431 = CARTESIAN_POINT('',(1.273943839518,-8.403991140747,6.));
#4432 = PCURVE('',#184,#4433);
#4433 = DEFINITIONAL_REPRESENTATION('',(#4434),#4439);
#4434 = B_SPLINE_CURVE_WITH_KNOTS('',3,(#4435,#4436,#4437,#4438),
  .UNSPECIFIED.,.F.,.F.,(4,4),(0.,1.),.PIECEWISE_BEZIER_KNOTS.);
#4435 = CARTESIAN_POINT('',(2.455085981493,-10.4658995229));
#4436 = CARTESIAN_POINT('',(1.879359133668,-9.914899213371));
#4437 = CARTESIAN_POINT('',(1.315107922849,-9.236909012626));
#4438 = CARTESIAN_POINT('',(1.273943839518,-8.403991140747));
#4439 = ( GEOMETRIC_REPRESENTATION_CONTEXT(2) 
PARAMETRIC_REPRESENTATION_CONTEXT() REPRESENTATION_CONTEXT('2D SPACE',''
  ) );
#4440 = PCURVE('',#2383,#4441);
#4441 = DEFINITIONAL_REPRESENTATION('',(#4442),#4446);
#4442 = LINE('',#4443,#4444);
#4443 = CARTESIAN_POINT('',(1.,0.));
#4444 = VECTOR('',#4445,1.);
#4445 = DIRECTION('',(0.,1.));
#4446 = ( GEOMETRIC_REPRESENTATION_CONTEXT(2) 
PARAMETRIC_REPRESENTATION_CONTEXT() REPRESENTATION_CONTEXT('2D SPACE',''
  ) );
#4447 = ORIENTED_EDGE('',*,*,#4448,.T.);
#4448 = EDGE_CURVE('',#4424,#4449,#4451,.T.);
#4449 = VERTEX_POINT('',#4450);
#4450 = CARTESIAN_POINT('',(0.123482136053,-8.989151915619,6.));
#4451 = SURFACE_CURVE('',#4452,(#4457,#4468),.PCURVE_S1.);
#4452 = CIRCLE('',#4453,8.99);
#4453 = AXIS2_PLACEMENT_3D('',#4454,#4455,#4456);
#4454 = CARTESIAN_POINT('',(0.,0.,6.));
#4455 = DIRECTION('',(0.,0.,-1.));
#4456 = DIRECTION('',(1.,0.,0.));
#4457 = PCURVE('',#184,#4458);
#4458 = DEFINITIONAL_REPRESENTATION('',(#4459),#4467);
#4459 = ( BOUNDED_CURVE() B_SPLINE_CURVE(2,(#4460,#4461,#4462,#4463,
#4464,#4465,#4466),.UNSPECIFIED.,.T.,.F.) B_SPLINE_CURVE_WITH_KNOTS((1,2
    ,2,2,2,1),(-2.094395102393,0.,2.094395102393,4.188790204786,
6.28318530718,8.377580409573),.UNSPECIFIED.) CURVE() 
GEOMETRIC_REPRESENTATION_ITEM() RATIONAL_B_SPLINE_CURVE((1.,0.5,1.,0.5,
1.,0.5,1.)) REPRESENTATION_ITEM('') );
#4460 = CARTESIAN_POINT('',(8.99,-2.343050820501E-16));
#4461 = CARTESIAN_POINT('',(8.99,-15.57113676004));
#4462 = CARTESIAN_POINT('',(-4.495,-7.785568380022));
#4463 = CARTESIAN_POINT('',(-17.98,-2.436220026917E-15));
#4464 = CARTESIAN_POINT('',(-4.495,7.785568380022));
#4465 = CARTESIAN_POINT('',(8.99,15.571136760044));
#4466 = CARTESIAN_POINT('',(8.99,-2.343050820501E-16));
#4467 = ( GEOMETRIC_REPRESENTATION_CONTEXT(2) 
PARAMETRIC_REPRESENTATION_CONTEXT() REPRESENTATION_CONTEXT('2D SPACE',''
  ) );
#4468 = PCURVE('',#4469,#4474);
#4469 = CONICAL_SURFACE('',#4470,9.,0.785398163397);
#4470 = AXIS2_PLACEMENT_3D('',#4471,#4472,#4473);
#4471 = CARTESIAN_POINT('',(0.,0.,6.01));
#4472 = DIRECTION('',(0.,0.,1.));
#4473 = DIRECTION('',(1.,0.,0.));
#4474 = DEFINITIONAL_REPRESENTATION('',(#4475),#4479);
#4475 = LINE('',#4476,#4477);
#4476 = CARTESIAN_POINT('',(6.28318530718,-1.E-02));
#4477 = VECTOR('',#4478,1.);
#4478 = DIRECTION('',(-1.,-0.));
#4479 = ( GEOMETRIC_REPRESENTATION_CONTEXT(2) 
PARAMETRIC_REPRESENTATION_CONTEXT() REPRESENTATION_CONTEXT('2D SPACE',''
  ) );
#4480 = ORIENTED_EDGE('',*,*,#4481,.T.);
#4481 = EDGE_CURVE('',#4449,#4482,#4484,.T.);
#4482 = VERTEX_POINT('',#4483);
#4483 = CARTESIAN_POINT('',(-0.698971364779,-10.72725216591,6.));
#4484 = SURFACE_CURVE('',#4485,(#4490,#4498),.PCURVE_S1.);
#4485 = B_SPLINE_CURVE_WITH_KNOTS('',3,(#4486,#4487,#4488,#4489),
  .UNSPECIFIED.,.F.,.F.,(4,4),(0.,1.),.PIECEWISE_BEZIER_KNOTS.);
#4486 = CARTESIAN_POINT('',(0.126682572526,-8.499055919678,6.));
#4487 = CARTESIAN_POINT('',(0.223173689496,-9.327389262842,6.));
#4488 = CARTESIAN_POINT('',(-0.221788350947,-10.0890052578,6.));
#4489 = CARTESIAN_POINT('',(-0.698971364779,-10.72725216591,6.));
#4490 = PCURVE('',#184,#4491);
#4491 = DEFINITIONAL_REPRESENTATION('',(#4492),#4497);
#4492 = B_SPLINE_CURVE_WITH_KNOTS('',3,(#4493,#4494,#4495,#4496),
  .UNSPECIFIED.,.F.,.F.,(4,4),(0.,1.),.PIECEWISE_BEZIER_KNOTS.);
#4493 = CARTESIAN_POINT('',(0.126682572526,-8.499055919678));
#4494 = CARTESIAN_POINT('',(0.223173689496,-9.327389262842));
#4495 = CARTESIAN_POINT('',(-0.221788350947,-10.0890052578));
#4496 = CARTESIAN_POINT('',(-0.698971364779,-10.72725216591));
#4497 = ( GEOMETRIC_REPRESENTATION_CONTEXT(2) 
PARAMETRIC_REPRESENTATION_CONTEXT() REPRESENTATION_CONTEXT('2D SPACE',''
  ) );
#4498 = PCURVE('',#2450,#4499);
#4499 = DEFINITIONAL_REPRESENTATION('',(#4500),#4504);
#4500 = LINE('',#4501,#4502);
#4501 = CARTESIAN_POINT('',(1.,0.));
#4502 = VECTOR('',#4503,1.);
#4503 = DIRECTION('',(0.,1.));
#4504 = ( GEOMETRIC_REPRESENTATION_CONTEXT(2) 
PARAMETRIC_REPRESENTATION_CONTEXT() REPRESENTATION_CONTEXT('2D SPACE',''
  ) );
#4505 = ORIENTED_EDGE('',*,*,#4506,.T.);
#4506 = EDGE_CURVE('',#4482,#4507,#4509,.T.);
#4507 = VERTEX_POINT('',#4508);
#4508 = CARTESIAN_POINT('',(-1.076209368683,-10.69599333371,6.));
#4509 = SURFACE_CURVE('',#4510,(#4515,#4523),.PCURVE_S1.);
#4510 = B_SPLINE_CURVE_WITH_KNOTS('',3,(#4511,#4512,#4513,#4514),
  .UNSPECIFIED.,.F.,.F.,(4,4),(0.,1.),.PIECEWISE_BEZIER_KNOTS.);
#4511 = CARTESIAN_POINT('',(-0.698971364779,-10.72725216591,6.));
#4512 = CARTESIAN_POINT('',(-0.824887833968,-10.71904769042,6.));
#4513 = CARTESIAN_POINT('',(-0.950659823731,-10.70862592622,6.));
#4514 = CARTESIAN_POINT('',(-1.076209368683,-10.69599333371,6.));
#4515 = PCURVE('',#184,#4516);
#4516 = DEFINITIONAL_REPRESENTATION('',(#4517),#4522);
#4517 = B_SPLINE_CURVE_WITH_KNOTS('',3,(#4518,#4519,#4520,#4521),
  .UNSPECIFIED.,.F.,.F.,(4,4),(0.,1.),.PIECEWISE_BEZIER_KNOTS.);
#4518 = CARTESIAN_POINT('',(-0.698971364779,-10.72725216591));
#4519 = CARTESIAN_POINT('',(-0.824887833968,-10.71904769042));
#4520 = CARTESIAN_POINT('',(-0.950659823731,-10.70862592622));
#4521 = CARTESIAN_POINT('',(-1.076209368683,-10.69599333371));
#4522 = ( GEOMETRIC_REPRESENTATION_CONTEXT(2) 
PARAMETRIC_REPRESENTATION_CONTEXT() REPRESENTATION_CONTEXT('2D SPACE',''
  ) );
#4523 = PCURVE('',#2484,#4524);
#4524 = DEFINITIONAL_REPRESENTATION('',(#4525),#4529);
#4525 = LINE('',#4526,#4527);
#4526 = CARTESIAN_POINT('',(1.,0.));
#4527 = VECTOR('',#4528,1.);
#4528 = DIRECTION('',(0.,1.));
#4529 = ( GEOMETRIC_REPRESENTATION_CONTEXT(2) 
PARAMETRIC_REPRESENTATION_CONTEXT() REPRESENTATION_CONTEXT('2D SPACE',''
  ) );
#4530 = ORIENTED_EDGE('',*,*,#4531,.T.);
#4531 = EDGE_CURVE('',#4507,#4532,#4534,.T.);
#4532 = VERTEX_POINT('',#4533);
#4533 = CARTESIAN_POINT('',(-1.601363777187,-8.846227108384,6.));
#4534 = SURFACE_CURVE('',#4535,(#4540,#4548),.PCURVE_S1.);
#4535 = B_SPLINE_CURVE_WITH_KNOTS('',3,(#4536,#4537,#4538,#4539),
  .UNSPECIFIED.,.F.,.F.,(4,4),(0.,1.),.PIECEWISE_BEZIER_KNOTS.);
#4536 = CARTESIAN_POINT('',(-1.076209368683,-10.69599333371,6.));
#4537 = CARTESIAN_POINT('',(-1.441832239828,-9.987909538877,6.));
#4538 = CARTESIAN_POINT('',(-1.755367705363,-9.163442648657,6.));
#4539 = CARTESIAN_POINT('',(-1.523853414227,-8.362288608506,6.));
#4540 = PCURVE('',#184,#4541);
#4541 = DEFINITIONAL_REPRESENTATION('',(#4542),#4547);
#4542 = B_SPLINE_CURVE_WITH_KNOTS('',3,(#4543,#4544,#4545,#4546),
  .UNSPECIFIED.,.F.,.F.,(4,4),(0.,1.),.PIECEWISE_BEZIER_KNOTS.);
#4543 = CARTESIAN_POINT('',(-1.076209368683,-10.69599333371));
#4544 = CARTESIAN_POINT('',(-1.441832239828,-9.987909538877));
#4545 = CARTESIAN_POINT('',(-1.755367705363,-9.163442648657));
#4546 = CARTESIAN_POINT('',(-1.523853414227,-8.362288608506));
#4547 = ( GEOMETRIC_REPRESENTATION_CONTEXT(2) 
PARAMETRIC_REPRESENTATION_CONTEXT() REPRESENTATION_CONTEXT('2D SPACE',''
  ) );
#4548 = PCURVE('',#2518,#4549);
#4549 = DEFINITIONAL_REPRESENTATION('',(#4550),#4554);
#4550 = LINE('',#4551,#4552);
#4551 = CARTESIAN_POINT('',(1.,0.));
#4552 = VECTOR('',#4553,1.);
#4553 = DIRECTION('',(0.,1.));
#4554 = ( GEOMETRIC_REPRESENTATION_CONTEXT(2) 
PARAMETRIC_REPRESENTATION_CONTEXT() REPRESENTATION_CONTEXT('2D SPACE',''
  ) );
#4555 = ORIENTED_EDGE('',*,*,#4556,.T.);
#4556 = EDGE_CURVE('',#4532,#4557,#4559,.T.);
#4557 = VERTEX_POINT('',#4558);
#4558 = CARTESIAN_POINT('',(-2.80198132228,-8.542189454091,6.));
#4559 = SURFACE_CURVE('',#4560,(#4565,#4576),.PCURVE_S1.);
#4560 = CIRCLE('',#4561,8.99);
#4561 = AXIS2_PLACEMENT_3D('',#4562,#4563,#4564);
#4562 = CARTESIAN_POINT('',(0.,0.,6.));
#4563 = DIRECTION('',(0.,0.,-1.));
#4564 = DIRECTION('',(1.,0.,0.));
#4565 = PCURVE('',#184,#4566);
#4566 = DEFINITIONAL_REPRESENTATION('',(#4567),#4575);
#4567 = ( BOUNDED_CURVE() B_SPLINE_CURVE(2,(#4568,#4569,#4570,#4571,
#4572,#4573,#4574),.UNSPECIFIED.,.T.,.F.) B_SPLINE_CURVE_WITH_KNOTS((1,2
    ,2,2,2,1),(-2.094395102393,0.,2.094395102393,4.188790204786,
6.28318530718,8.377580409573),.UNSPECIFIED.) CURVE() 
GEOMETRIC_REPRESENTATION_ITEM() RATIONAL_B_SPLINE_CURVE((1.,0.5,1.,0.5,
1.,0.5,1.)) REPRESENTATION_ITEM('') );
#4568 = CARTESIAN_POINT('',(8.99,-2.343050820501E-16));
#4569 = CARTESIAN_POINT('',(8.99,-15.57113676004));
#4570 = CARTESIAN_POINT('',(-4.495,-7.785568380022));
#4571 = CARTESIAN_POINT('',(-17.98,-2.436220026917E-15));
#4572 = CARTESIAN_POINT('',(-4.495,7.785568380022));
#4573 = CARTESIAN_POINT('',(8.99,15.571136760044));
#4574 = CARTESIAN_POINT('',(8.99,-2.343050820501E-16));
#4575 = ( GEOMETRIC_REPRESENTATION_CONTEXT(2) 
PARAMETRIC_REPRESENTATION_CONTEXT() REPRESENTATION_CONTEXT('2D SPACE',''
  ) );
#4576 = PCURVE('',#4577,#4582);
#4577 = CONICAL_SURFACE('',#4578,9.,0.785398163397);
#4578 = AXIS2_PLACEMENT_3D('',#4579,#4580,#4581);
#4579 = CARTESIAN_POINT('',(0.,0.,6.01));
#4580 = DIRECTION('',(0.,0.,1.));
#4581 = DIRECTION('',(1.,0.,0.));
#4582 = DEFINITIONAL_REPRESENTATION('',(#4583),#4587);
#4583 = LINE('',#4584,#4585);
#4584 = CARTESIAN_POINT('',(6.28318530718,-1.E-02));
#4585 = VECTOR('',#4586,1.);
#4586 = DIRECTION('',(-1.,-0.));
#4587 = ( GEOMETRIC_REPRESENTATION_CONTEXT(2) 
PARAMETRIC_REPRESENTATION_CONTEXT() REPRESENTATION_CONTEXT('2D SPACE',''
  ) );
#4588 = ORIENTED_EDGE('',*,*,#4589,.T.);
#4589 = EDGE_CURVE('',#4557,#4590,#4592,.T.);
#4590 = VERTEX_POINT('',#4591);
#4591 = CARTESIAN_POINT('',(-4.144232252562,-9.919064423464,6.));
#4592 = SURFACE_CURVE('',#4593,(#4598,#4606),.PCURVE_S1.);
#4593 = B_SPLINE_CURVE_WITH_KNOTS('',3,(#4594,#4595,#4596,#4597),
  .UNSPECIFIED.,.F.,.F.,(4,4),(0.,1.),.PIECEWISE_BEZIER_KNOTS.);
#4594 = CARTESIAN_POINT('',(-2.639820384543,-8.079687391066,6.));
#4595 = CARTESIAN_POINT('',(-2.817516819291,-8.894469963369,6.));
#4596 = CARTESIAN_POINT('',(-3.485665898346,-9.47034056461,6.));
#4597 = CARTESIAN_POINT('',(-4.144232252562,-9.919064423464,6.));
#4598 = PCURVE('',#184,#4599);
#4599 = DEFINITIONAL_REPRESENTATION('',(#4600),#4605);
#4600 = B_SPLINE_CURVE_WITH_KNOTS('',3,(#4601,#4602,#4603,#4604),
  .UNSPECIFIED.,.F.,.F.,(4,4),(0.,1.),.PIECEWISE_BEZIER_KNOTS.);
#4601 = CARTESIAN_POINT('',(-2.639820384543,-8.079687391066));
#4602 = CARTESIAN_POINT('',(-2.817516819291,-8.894469963369));
#4603 = CARTESIAN_POINT('',(-3.485665898346,-9.47034056461));
#4604 = CARTESIAN_POINT('',(-4.144232252562,-9.919064423464));
#4605 = ( GEOMETRIC_REPRESENTATION_CONTEXT(2) 
PARAMETRIC_REPRESENTATION_CONTEXT() REPRESENTATION_CONTEXT('2D SPACE',''
  ) );
#4606 = PCURVE('',#2585,#4607);
#4607 = DEFINITIONAL_REPRESENTATION('',(#4608),#4612);
#4608 = LINE('',#4609,#4610);
#4609 = CARTESIAN_POINT('',(1.,0.));
#4610 = VECTOR('',#4611,1.);
#4611 = DIRECTION('',(0.,1.));
#4612 = ( GEOMETRIC_REPRESENTATION_CONTEXT(2) 
PARAMETRIC_REPRESENTATION_CONTEXT() REPRESENTATION_CONTEXT('2D SPACE',''
  ) );
#4613 = ORIENTED_EDGE('',*,*,#4614,.T.);
#4614 = EDGE_CURVE('',#4590,#4615,#4617,.T.);
#4615 = VERTEX_POINT('',#4616);
#4616 = CARTESIAN_POINT('',(-4.490880734652,-9.767010301373,6.));
#4617 = SURFACE_CURVE('',#4618,(#4623,#4631),.PCURVE_S1.);
#4618 = B_SPLINE_CURVE_WITH_KNOTS('',3,(#4619,#4620,#4621,#4622),
  .UNSPECIFIED.,.F.,.F.,(4,4),(0.,1.),.PIECEWISE_BEZIER_KNOTS.);
#4619 = CARTESIAN_POINT('',(-4.144232252562,-9.919064423464,6.));
#4620 = CARTESIAN_POINT('',(-4.260662231296,-9.87041947837,6.));
#4621 = CARTESIAN_POINT('',(-4.376235606432,-9.819724295782,6.));
#4622 = CARTESIAN_POINT('',(-4.490880734652,-9.767010301373,6.));
#4623 = PCURVE('',#184,#4624);
#4624 = DEFINITIONAL_REPRESENTATION('',(#4625),#4630);
#4625 = B_SPLINE_CURVE_WITH_KNOTS('',3,(#4626,#4627,#4628,#4629),
  .UNSPECIFIED.,.F.,.F.,(4,4),(0.,1.),.PIECEWISE_BEZIER_KNOTS.);
#4626 = CARTESIAN_POINT('',(-4.144232252562,-9.919064423464));
#4627 = CARTESIAN_POINT('',(-4.260662231296,-9.87041947837));
#4628 = CARTESIAN_POINT('',(-4.376235606432,-9.819724295782));
#4629 = CARTESIAN_POINT('',(-4.490880734652,-9.767010301373));
#4630 = ( GEOMETRIC_REPRESENTATION_CONTEXT(2) 
PARAMETRIC_REPRESENTATION_CONTEXT() REPRESENTATION_CONTEXT('2D SPACE',''
  ) );
#4631 = PCURVE('',#2619,#4632);
#4632 = DEFINITIONAL_REPRESENTATION('',(#4633),#4637);
#4633 = LINE('',#4634,#4635);
#4634 = CARTESIAN_POINT('',(1.,0.));
#4635 = VECTOR('',#4636,1.);
#4636 = DIRECTION('',(0.,1.));
#4637 = ( GEOMETRIC_REPRESENTATION_CONTEXT(2) 
PARAMETRIC_REPRESENTATION_CONTEXT() REPRESENTATION_CONTEXT('2D SPACE',''
  ) );
#4638 = ORIENTED_EDGE('',*,*,#4639,.T.);
#4639 = EDGE_CURVE('',#4615,#4640,#4642,.T.);
#4640 = VERTEX_POINT('',#4641);
#4641 = CARTESIAN_POINT('',(-4.386962717255,-7.846952154653,6.));
#4642 = SURFACE_CURVE('',#4643,(#4648,#4656),.PCURVE_S1.);
#4643 = B_SPLINE_CURVE_WITH_KNOTS('',3,(#4644,#4645,#4646,#4647),
  .UNSPECIFIED.,.F.,.F.,(4,4),(0.,1.),.PIECEWISE_BEZIER_KNOTS.);
#4644 = CARTESIAN_POINT('',(-4.490880734652,-9.767010301373,6.));
#4645 = CARTESIAN_POINT('',(-4.606778717807,-8.978574887462,6.));
#4646 = CARTESIAN_POINT('',(-4.635622005364,-8.096975088245,6.));
#4647 = CARTESIAN_POINT('',(-4.156517505519,-7.414402351256,6.));
#4648 = PCURVE('',#184,#4649);
#4649 = DEFINITIONAL_REPRESENTATION('',(#4650),#4655);
#4650 = B_SPLINE_CURVE_WITH_KNOTS('',3,(#4651,#4652,#4653,#4654),
  .UNSPECIFIED.,.F.,.F.,(4,4),(0.,1.),.PIECEWISE_BEZIER_KNOTS.);
#4651 = CARTESIAN_POINT('',(-4.490880734652,-9.767010301373));
#4652 = CARTESIAN_POINT('',(-4.606778717807,-8.978574887462));
#4653 = CARTESIAN_POINT('',(-4.635622005364,-8.096975088245));
#4654 = CARTESIAN_POINT('',(-4.156517505519,-7.414402351256));
#4655 = ( GEOMETRIC_REPRESENTATION_CONTEXT(2) 
PARAMETRIC_REPRESENTATION_CONTEXT() REPRESENTATION_CONTEXT('2D SPACE',''
  ) );
#4656 = PCURVE('',#2653,#4657);
#4657 = DEFINITIONAL_REPRESENTATION('',(#4658),#4662);
#4658 = LINE('',#4659,#4660);
#4659 = CARTESIAN_POINT('',(1.,0.));
#4660 = VECTOR('',#4661,1.);
#4661 = DIRECTION('',(0.,1.));
#4662 = ( GEOMETRIC_REPRESENTATION_CONTEXT(2) 
PARAMETRIC_REPRESENTATION_CONTEXT() REPRESENTATION_CONTEXT('2D SPACE',''
  ) );
#4663 = ORIENTED_EDGE('',*,*,#4664,.T.);
#4664 = EDGE_CURVE('',#4640,#4665,#4667,.T.);
#4665 = VERTEX_POINT('',#4666);
#4666 = CARTESIAN_POINT('',(-5.423806627125,-7.169548219487,6.));
#4667 = SURFACE_CURVE('',#4668,(#4673,#4684),.PCURVE_S1.);
#4668 = CIRCLE('',#4669,8.99);
#4669 = AXIS2_PLACEMENT_3D('',#4670,#4671,#4672);
#4670 = CARTESIAN_POINT('',(0.,0.,6.));
#4671 = DIRECTION('',(0.,0.,-1.));
#4672 = DIRECTION('',(1.,0.,0.));
#4673 = PCURVE('',#184,#4674);
#4674 = DEFINITIONAL_REPRESENTATION('',(#4675),#4683);
#4675 = ( BOUNDED_CURVE() B_SPLINE_CURVE(2,(#4676,#4677,#4678,#4679,
#4680,#4681,#4682),.UNSPECIFIED.,.T.,.F.) B_SPLINE_CURVE_WITH_KNOTS((1,2
    ,2,2,2,1),(-2.094395102393,0.,2.094395102393,4.188790204786,
6.28318530718,8.377580409573),.UNSPECIFIED.) CURVE() 
GEOMETRIC_REPRESENTATION_ITEM() RATIONAL_B_SPLINE_CURVE((1.,0.5,1.,0.5,
1.,0.5,1.)) REPRESENTATION_ITEM('') );
#4676 = CARTESIAN_POINT('',(8.99,-2.343050820501E-16));
#4677 = CARTESIAN_POINT('',(8.99,-15.57113676004));
#4678 = CARTESIAN_POINT('',(-4.495,-7.785568380022));
#4679 = CARTESIAN_POINT('',(-17.98,-2.436220026917E-15));
#4680 = CARTESIAN_POINT('',(-4.495,7.785568380022));
#4681 = CARTESIAN_POINT('',(8.99,15.571136760044));
#4682 = CARTESIAN_POINT('',(8.99,-2.343050820501E-16));
#4683 = ( GEOMETRIC_REPRESENTATION_CONTEXT(2) 
PARAMETRIC_REPRESENTATION_CONTEXT() REPRESENTATION_CONTEXT('2D SPACE',''
  ) );
#4684 = PCURVE('',#4685,#4690);
#4685 = CONICAL_SURFACE('',#4686,9.,0.785398163397);
#4686 = AXIS2_PLACEMENT_3D('',#4687,#4688,#4689);
#4687 = CARTESIAN_POINT('',(0.,0.,6.01));
#4688 = DIRECTION('',(0.,0.,1.));
#4689 = DIRECTION('',(1.,0.,0.));
#4690 = DEFINITIONAL_REPRESENTATION('',(#4691),#4695);
#4691 = LINE('',#4692,#4693);
#4692 = CARTESIAN_POINT('',(6.28318530718,-1.E-02));
#4693 = VECTOR('',#4694,1.);
#4694 = DIRECTION('',(-1.,-0.));
#4695 = ( GEOMETRIC_REPRESENTATION_CONTEXT(2) 
PARAMETRIC_REPRESENTATION_CONTEXT() REPRESENTATION_CONTEXT('2D SPACE',''
  ) );
#4696 = ORIENTED_EDGE('',*,*,#4697,.T.);
#4697 = EDGE_CURVE('',#4665,#4698,#4700,.T.);
#4698 = VERTEX_POINT('',#4699);
#4699 = CARTESIAN_POINT('',(-7.140401271391,-8.035992140583,6.));
#4700 = SURFACE_CURVE('',#4701,(#4706,#4714),.PCURVE_S1.);
#4701 = B_SPLINE_CURVE_WITH_KNOTS('',3,(#4702,#4703,#4704,#4705),
  .UNSPECIFIED.,.F.,.F.,(4,4),(0.,1.),.PIECEWISE_BEZIER_KNOTS.);
#4702 = CARTESIAN_POINT('',(-5.120257841912,-6.784759364365,6.));
#4703 = CARTESIAN_POINT('',(-5.55288566243,-7.497696831444,6.));
#4704 = CARTESIAN_POINT('',(-6.371817459981,-7.825417523768,6.));
#4705 = CARTESIAN_POINT('',(-7.140401271391,-8.035992140583,6.));
#4706 = PCURVE('',#184,#4707);
#4707 = DEFINITIONAL_REPRESENTATION('',(#4708),#4713);
#4708 = B_SPLINE_CURVE_WITH_KNOTS('',3,(#4709,#4710,#4711,#4712),
  .UNSPECIFIED.,.F.,.F.,(4,4),(0.,1.),.PIECEWISE_BEZIER_KNOTS.);
#4709 = CARTESIAN_POINT('',(-5.120257841912,-6.784759364365));
#4710 = CARTESIAN_POINT('',(-5.55288566243,-7.497696831444));
#4711 = CARTESIAN_POINT('',(-6.371817459981,-7.825417523768));
#4712 = CARTESIAN_POINT('',(-7.140401271391,-8.035992140583));
#4713 = ( GEOMETRIC_REPRESENTATION_CONTEXT(2) 
PARAMETRIC_REPRESENTATION_CONTEXT() REPRESENTATION_CONTEXT('2D SPACE',''
  ) );
#4714 = PCURVE('',#2720,#4715);
#4715 = DEFINITIONAL_REPRESENTATION('',(#4716),#4720);
#4716 = LINE('',#4717,#4718);
#4717 = CARTESIAN_POINT('',(1.,0.));
#4718 = VECTOR('',#4719,1.);
#4719 = DIRECTION('',(0.,1.));
#4720 = ( GEOMETRIC_REPRESENTATION_CONTEXT(2) 
PARAMETRIC_REPRESENTATION_CONTEXT() REPRESENTATION_CONTEXT('2D SPACE',''
  ) );
#4721 = ORIENTED_EDGE('',*,*,#4722,.T.);
#4722 = EDGE_CURVE('',#4698,#4723,#4725,.T.);
#4723 = VERTEX_POINT('',#4724);
#4724 = CARTESIAN_POINT('',(-7.418895489828,-7.779620152103,6.));
#4725 = SURFACE_CURVE('',#4726,(#4731,#4739),.PCURVE_S1.);
#4726 = B_SPLINE_CURVE_WITH_KNOTS('',3,(#4727,#4728,#4729,#4730),
  .UNSPECIFIED.,.F.,.F.,(4,4),(0.,1.),.PIECEWISE_BEZIER_KNOTS.);
#4727 = CARTESIAN_POINT('',(-7.140401271391,-8.035992140583,6.));
#4728 = CARTESIAN_POINT('',(-7.234727764877,-7.952178160498,6.));
#4729 = CARTESIAN_POINT('',(-7.327578356884,-7.866703169174,6.));
#4730 = CARTESIAN_POINT('',(-7.418895489828,-7.779620152103,6.));
#4731 = PCURVE('',#184,#4732);
#4732 = DEFINITIONAL_REPRESENTATION('',(#4733),#4738);
#4733 = B_SPLINE_CURVE_WITH_KNOTS('',3,(#4734,#4735,#4736,#4737),
  .UNSPECIFIED.,.F.,.F.,(4,4),(0.,1.),.PIECEWISE_BEZIER_KNOTS.);
#4734 = CARTESIAN_POINT('',(-7.140401271391,-8.035992140583));
#4735 = CARTESIAN_POINT('',(-7.234727764877,-7.952178160498));
#4736 = CARTESIAN_POINT('',(-7.327578356884,-7.866703169174));
#4737 = CARTESIAN_POINT('',(-7.418895489828,-7.779620152103));
#4738 = ( GEOMETRIC_REPRESENTATION_CONTEXT(2) 
PARAMETRIC_REPRESENTATION_CONTEXT() REPRESENTATION_CONTEXT('2D SPACE',''
  ) );
#4739 = PCURVE('',#2754,#4740);
#4740 = DEFINITIONAL_REPRESENTATION('',(#4741),#4745);
#4741 = LINE('',#4742,#4743);
#4742 = CARTESIAN_POINT('',(1.,0.));
#4743 = VECTOR('',#4744,1.);
#4744 = DIRECTION('',(0.,1.));
#4745 = ( GEOMETRIC_REPRESENTATION_CONTEXT(2) 
PARAMETRIC_REPRESENTATION_CONTEXT() REPRESENTATION_CONTEXT('2D SPACE',''
  ) );
#4746 = ORIENTED_EDGE('',*,*,#4747,.T.);
#4747 = EDGE_CURVE('',#4723,#4748,#4750,.T.);
#4748 = VERTEX_POINT('',#4749);
#4749 = CARTESIAN_POINT('',(-6.697166176168,-5.997338176958,6.));
#4750 = SURFACE_CURVE('',#4751,(#4756,#4764),.PCURVE_S1.);
#4751 = B_SPLINE_CURVE_WITH_KNOTS('',3,(#4752,#4753,#4754,#4755),
  .UNSPECIFIED.,.F.,.F.,(4,4),(0.,1.),.PIECEWISE_BEZIER_KNOTS.);
#4752 = CARTESIAN_POINT('',(-7.418895489828,-7.779620152103,6.));
#4753 = CARTESIAN_POINT('',(-7.272509240175,-6.996272330046,6.));
#4754 = CARTESIAN_POINT('',(-7.013534731997,-6.153074639507,6.));
#4755 = CARTESIAN_POINT('',(-6.338758430073,-5.663050552942,6.));
#4756 = PCURVE('',#184,#4757);
#4757 = DEFINITIONAL_REPRESENTATION('',(#4758),#4763);
#4758 = B_SPLINE_CURVE_WITH_KNOTS('',3,(#4759,#4760,#4761,#4762),
  .UNSPECIFIED.,.F.,.F.,(4,4),(0.,1.),.PIECEWISE_BEZIER_KNOTS.);
#4759 = CARTESIAN_POINT('',(-7.418895489828,-7.779620152103));
#4760 = CARTESIAN_POINT('',(-7.272509240175,-6.996272330046));
#4761 = CARTESIAN_POINT('',(-7.013534731997,-6.153074639507));
#4762 = CARTESIAN_POINT('',(-6.338758430073,-5.663050552942));
#4763 = ( GEOMETRIC_REPRESENTATION_CONTEXT(2) 
PARAMETRIC_REPRESENTATION_CONTEXT() REPRESENTATION_CONTEXT('2D SPACE',''
  ) );
#4764 = PCURVE('',#2786,#4765);
#4765 = DEFINITIONAL_REPRESENTATION('',(#4766),#4770);
#4766 = LINE('',#4767,#4768);
#4767 = CARTESIAN_POINT('',(1.,0.));
#4768 = VECTOR('',#4769,1.);
#4769 = DIRECTION('',(0.,1.));
#4770 = ( GEOMETRIC_REPRESENTATION_CONTEXT(2) 
PARAMETRIC_REPRESENTATION_CONTEXT() REPRESENTATION_CONTEXT('2D SPACE',''
  ) );
#4771 = ORIENTED_EDGE('',*,*,#4772,.T.);
#4772 = EDGE_CURVE('',#4748,#4773,#4775,.T.);
#4773 = VERTEX_POINT('',#4774);
#4774 = CARTESIAN_POINT('',(-7.45787832489,-5.019975188299,6.));
#4775 = SURFACE_CURVE('',#4776,(#4781,#4792),.PCURVE_S1.);
#4776 = CIRCLE('',#4777,8.99);
#4777 = AXIS2_PLACEMENT_3D('',#4778,#4779,#4780);
#4778 = CARTESIAN_POINT('',(0.,0.,6.));
#4779 = DIRECTION('',(0.,0.,-1.));
#4780 = DIRECTION('',(1.,0.,0.));
#4781 = PCURVE('',#184,#4782);
#4782 = DEFINITIONAL_REPRESENTATION('',(#4783),#4791);
#4783 = ( BOUNDED_CURVE() B_SPLINE_CURVE(2,(#4784,#4785,#4786,#4787,
#4788,#4789,#4790),.UNSPECIFIED.,.T.,.F.) B_SPLINE_CURVE_WITH_KNOTS((1,2
    ,2,2,2,1),(-2.094395102393,0.,2.094395102393,4.188790204786,
6.28318530718,8.377580409573),.UNSPECIFIED.) CURVE() 
GEOMETRIC_REPRESENTATION_ITEM() RATIONAL_B_SPLINE_CURVE((1.,0.5,1.,0.5,
1.,0.5,1.)) REPRESENTATION_ITEM('') );
#4784 = CARTESIAN_POINT('',(8.99,-2.343050820501E-16));
#4785 = CARTESIAN_POINT('',(8.99,-15.57113676004));
#4786 = CARTESIAN_POINT('',(-4.495,-7.785568380022));
#4787 = CARTESIAN_POINT('',(-17.98,-2.436220026917E-15));
#4788 = CARTESIAN_POINT('',(-4.495,7.785568380022));
#4789 = CARTESIAN_POINT('',(8.99,15.571136760044));
#4790 = CARTESIAN_POINT('',(8.99,-2.343050820501E-16));
#4791 = ( GEOMETRIC_REPRESENTATION_CONTEXT(2) 
PARAMETRIC_REPRESENTATION_CONTEXT() REPRESENTATION_CONTEXT('2D SPACE',''
  ) );
#4792 = PCURVE('',#4793,#4798);
#4793 = CONICAL_SURFACE('',#4794,9.,0.785398163397);
#4794 = AXIS2_PLACEMENT_3D('',#4795,#4796,#4797);
#4795 = CARTESIAN_POINT('',(0.,0.,6.01));
#4796 = DIRECTION('',(0.,0.,1.));
#4797 = DIRECTION('',(1.,0.,0.));
#4798 = DEFINITIONAL_REPRESENTATION('',(#4799),#4803);
#4799 = LINE('',#4800,#4801);
#4800 = CARTESIAN_POINT('',(6.28318530718,-1.E-02));
#4801 = VECTOR('',#4802,1.);
#4802 = DIRECTION('',(-1.,-0.));
#4803 = ( GEOMETRIC_REPRESENTATION_CONTEXT(2) 
PARAMETRIC_REPRESENTATION_CONTEXT() REPRESENTATION_CONTEXT('2D SPACE',''
  ) );
#4804 = ORIENTED_EDGE('',*,*,#4805,.T.);
#4805 = EDGE_CURVE('',#4773,#4806,#4808,.T.);
#4806 = VERTEX_POINT('',#4807);
#4807 = CARTESIAN_POINT('',(-9.362797017723,-5.282095418006,6.));
#4808 = SURFACE_CURVE('',#4809,(#4814,#4822),.PCURVE_S1.);
#4809 = B_SPLINE_CURVE_WITH_KNOTS('',3,(#4810,#4811,#4812,#4813),
  .UNSPECIFIED.,.F.,.F.,(4,4),(0.,1.),.PIECEWISE_BEZIER_KNOTS.);
#4810 = CARTESIAN_POINT('',(-7.045835913124,-4.754597384146,6.));
#4811 = CARTESIAN_POINT('',(-7.686513182146,-5.288431909079,6.));
#4812 = CARTESIAN_POINT('',(-8.567483730891,-5.332489070361,6.));
#4813 = CARTESIAN_POINT('',(-9.362797017723,-5.282095418006,6.));
#4814 = PCURVE('',#184,#4815);
#4815 = DEFINITIONAL_REPRESENTATION('',(#4816),#4821);
#4816 = B_SPLINE_CURVE_WITH_KNOTS('',3,(#4817,#4818,#4819,#4820),
  .UNSPECIFIED.,.F.,.F.,(4,4),(0.,1.),.PIECEWISE_BEZIER_KNOTS.);
#4817 = CARTESIAN_POINT('',(-7.045835913124,-4.754597384146));
#4818 = CARTESIAN_POINT('',(-7.686513182146,-5.288431909079));
#4819 = CARTESIAN_POINT('',(-8.567483730891,-5.332489070361));
#4820 = CARTESIAN_POINT('',(-9.362797017723,-5.282095418006));
#4821 = ( GEOMETRIC_REPRESENTATION_CONTEXT(2) 
PARAMETRIC_REPRESENTATION_CONTEXT() REPRESENTATION_CONTEXT('2D SPACE',''
  ) );
#4822 = PCURVE('',#339,#4823);
#4823 = DEFINITIONAL_REPRESENTATION('',(#4824),#4828);
#4824 = LINE('',#4825,#4826);
#4825 = CARTESIAN_POINT('',(1.,0.));
#4826 = VECTOR('',#4827,1.);
#4827 = DIRECTION('',(0.,1.));
#4828 = ( GEOMETRIC_REPRESENTATION_CONTEXT(2) 
PARAMETRIC_REPRESENTATION_CONTEXT() REPRESENTATION_CONTEXT('2D SPACE',''
  ) );
#4829 = ORIENTED_EDGE('',*,*,#4830,.T.);
#4830 = EDGE_CURVE('',#4806,#4831,#4833,.T.);
#4831 = VERTEX_POINT('',#4832);
#4832 = CARTESIAN_POINT('',(-9.542957802656,-4.949187446109,6.));
#4833 = SURFACE_CURVE('',#4834,(#4839,#4847),.PCURVE_S1.);
#4834 = B_SPLINE_CURVE_WITH_KNOTS('',3,(#4835,#4836,#4837,#4838),
  .UNSPECIFIED.,.F.,.F.,(4,4),(0.,1.),.PIECEWISE_BEZIER_KNOTS.);
#4835 = CARTESIAN_POINT('',(-9.362797017723,-5.282095418006,6.));
#4836 = CARTESIAN_POINT('',(-9.424798286765,-5.172194948178,6.));
#4837 = CARTESIAN_POINT('',(-9.484864293275,-5.06120268971,6.));
#4838 = CARTESIAN_POINT('',(-9.542957802656,-4.949187446109,6.));
#4839 = PCURVE('',#184,#4840);
#4840 = DEFINITIONAL_REPRESENTATION('',(#4841),#4846);
#4841 = B_SPLINE_CURVE_WITH_KNOTS('',3,(#4842,#4843,#4844,#4845),
  .UNSPECIFIED.,.F.,.F.,(4,4),(0.,1.),.PIECEWISE_BEZIER_KNOTS.);
#4842 = CARTESIAN_POINT('',(-9.362797017723,-5.282095418006));
#4843 = CARTESIAN_POINT('',(-9.424798286765,-5.172194948178));
#4844 = CARTESIAN_POINT('',(-9.484864293275,-5.06120268971));
#4845 = CARTESIAN_POINT('',(-9.542957802656,-4.949187446109));
#4846 = ( GEOMETRIC_REPRESENTATION_CONTEXT(2) 
PARAMETRIC_REPRESENTATION_CONTEXT() REPRESENTATION_CONTEXT('2D SPACE',''
  ) );
#4847 = PCURVE('',#373,#4848);
#4848 = DEFINITIONAL_REPRESENTATION('',(#4849),#4853);
#4849 = LINE('',#4850,#4851);
#4850 = CARTESIAN_POINT('',(1.,0.));
#4851 = VECTOR('',#4852,1.);
#4852 = DIRECTION('',(0.,1.));
#4853 = ( GEOMETRIC_REPRESENTATION_CONTEXT(2) 
PARAMETRIC_REPRESENTATION_CONTEXT() REPRESENTATION_CONTEXT('2D SPACE',''
  ) );
#4854 = ORIENTED_EDGE('',*,*,#4855,.T.);
#4855 = EDGE_CURVE('',#4831,#2882,#4856,.T.);
#4856 = SURFACE_CURVE('',#4857,(#4862,#4870),.PCURVE_S1.);
#4857 = B_SPLINE_CURVE_WITH_KNOTS('',3,(#4858,#4859,#4860,#4861),
  .UNSPECIFIED.,.F.,.F.,(4,4),(0.,1.),.PIECEWISE_BEZIER_KNOTS.);
#4858 = CARTESIAN_POINT('',(-9.542957802656,-4.949187446109,6.));
#4859 = CARTESIAN_POINT('',(-9.150150541762,-4.25581510732,6.));
#4860 = CARTESIAN_POINT('',(-8.631422144213,-3.542393078789,6.));
#4861 = CARTESIAN_POINT('',(-7.834096522758,-3.298019355933,6.));
#4862 = PCURVE('',#184,#4863);
#4863 = DEFINITIONAL_REPRESENTATION('',(#4864),#4869);
#4864 = B_SPLINE_CURVE_WITH_KNOTS('',3,(#4865,#4866,#4867,#4868),
  .UNSPECIFIED.,.F.,.F.,(4,4),(0.,1.),.PIECEWISE_BEZIER_KNOTS.);
#4865 = CARTESIAN_POINT('',(-9.542957802656,-4.949187446109));
#4866 = CARTESIAN_POINT('',(-9.150150541762,-4.25581510732));
#4867 = CARTESIAN_POINT('',(-8.631422144213,-3.542393078789));
#4868 = CARTESIAN_POINT('',(-7.834096522758,-3.298019355933));
#4869 = ( GEOMETRIC_REPRESENTATION_CONTEXT(2) 
PARAMETRIC_REPRESENTATION_CONTEXT() REPRESENTATION_CONTEXT('2D SPACE',''
  ) );
#4870 = PCURVE('',#407,#4871);
#4871 = DEFINITIONAL_REPRESENTATION('',(#4872),#4876);
#4872 = LINE('',#4873,#4874);
#4873 = CARTESIAN_POINT('',(1.,0.));
#4874 = VECTOR('',#4875,1.);
#4875 = DIRECTION('',(0.,1.));
#4876 = ( GEOMETRIC_REPRESENTATION_CONTEXT(2) 
PARAMETRIC_REPRESENTATION_CONTEXT() REPRESENTATION_CONTEXT('2D SPACE',''
  ) );
#4877 = ADVANCED_FACE('',(#4878),#152,.F.);
#4878 = FACE_BOUND('',#4879,.T.);
#4879 = EDGE_LOOP('',(#4880,#4918,#4919,#4920));
#4880 = ORIENTED_EDGE('',*,*,#4881,.T.);
#4881 = EDGE_CURVE('',#4882,#100,#4884,.T.);
#4882 = VERTEX_POINT('',#4883);
#4883 = CARTESIAN_POINT('',(7.732320903224,-3.530044397676,5.51));
#4884 = SURFACE_CURVE('',#4885,(#4894,#4906),.PCURVE_S1.);
#4885 = B_SPLINE_CURVE_WITH_KNOTS('',4,(#4886,#4887,#4888,#4889,#4890,
    #4891,#4892,#4893),.UNSPECIFIED.,.F.,.F.,(5,3,5),(0.,0.499491103808,
    1.),.UNSPECIFIED.);
#4886 = CARTESIAN_POINT('',(7.732320903224,-3.530044397676,5.51));
#4887 = CARTESIAN_POINT('',(7.672577643105,-3.660915604251,
    5.510003189475));
#4888 = CARTESIAN_POINT('',(7.609875661499,-3.79043591814,5.510000363769
    ));
#4889 = CARTESIAN_POINT('',(7.544267360038,-3.918508447342,5.50999893848
    ));
#4890 = CARTESIAN_POINT('',(7.407203080083,-4.171822774902,
    5.509998929799));
#4891 = CARTESIAN_POINT('',(7.335735478774,-4.297058235855,
    5.510000352213));
#4892 = CARTESIAN_POINT('',(7.261454697972,-4.420645989169,
    5.510003195974));
#4893 = CARTESIAN_POINT('',(7.184413512543,-4.542488577949,5.51));
#4894 = PCURVE('',#152,#4895);
#4895 = DEFINITIONAL_REPRESENTATION('',(#4896),#4905);
#4896 = B_SPLINE_CURVE_WITH_KNOTS('',4,(#4897,#4898,#4899,#4900,#4901,
    #4902,#4903,#4904),.UNSPECIFIED.,.F.,.F.,(5,3,5),(0.,0.499491103808,
    1.),.UNSPECIFIED.);
#4897 = CARTESIAN_POINT('',(5.854913468893,-0.5));
#4898 = CARTESIAN_POINT('',(5.837988423537,-0.499996810525));
#4899 = CARTESIAN_POINT('',(5.821063406658,-0.499999636231));
#4900 = CARTESIAN_POINT('',(5.804138370996,-0.50000106152));
#4901 = CARTESIAN_POINT('',(5.770253815065,-0.500001070201));
#4902 = CARTESIAN_POINT('',(5.753294291917,-0.499999647787));
#4903 = CARTESIAN_POINT('',(5.736334787677,-0.499996804026));
#4904 = CARTESIAN_POINT('',(5.719375254859,-0.5));
#4905 = ( GEOMETRIC_REPRESENTATION_CONTEXT(2) 
PARAMETRIC_REPRESENTATION_CONTEXT() REPRESENTATION_CONTEXT('2D SPACE',''
  ) );
#4906 = PCURVE('',#114,#4907);
#4907 = DEFINITIONAL_REPRESENTATION('',(#4908),#4917);
#4908 = B_SPLINE_CURVE_WITH_KNOTS('',4,(#4909,#4910,#4911,#4912,#4913,
    #4914,#4915,#4916),.UNSPECIFIED.,.F.,.F.,(5,3,5),(0.,0.499491103808,
    1.),.UNSPECIFIED.);
#4909 = CARTESIAN_POINT('',(0.918333333333,0.));
#4910 = CARTESIAN_POINT('',(0.918333864913,0.1248726665));
#4911 = CARTESIAN_POINT('',(0.918333393962,0.249745527504));
#4912 = CARTESIAN_POINT('',(0.918333156413,0.374618306413));
#4913 = CARTESIAN_POINT('',(0.918333154967,0.624618349314));
#4914 = CARTESIAN_POINT('',(0.918333392036,0.749745576076));
#4915 = CARTESIAN_POINT('',(0.918333865996,0.87487288565));
#4916 = CARTESIAN_POINT('',(0.918333333333,1.));
#4917 = ( GEOMETRIC_REPRESENTATION_CONTEXT(2) 
PARAMETRIC_REPRESENTATION_CONTEXT() REPRESENTATION_CONTEXT('2D SPACE',''
  ) );
#4918 = ORIENTED_EDGE('',*,*,#130,.T.);
#4919 = ORIENTED_EDGE('',*,*,#4179,.F.);
#4920 = ORIENTED_EDGE('',*,*,#4921,.T.);
#4921 = EDGE_CURVE('',#4155,#4882,#4922,.T.);
#4922 = SURFACE_CURVE('',#4923,(#4930,#4940),.PCURVE_S1.);
#4923 = B_SPLINE_CURVE_WITH_KNOTS('',5,(#4924,#4925,#4926,#4927,#4928,
    #4929),.UNSPECIFIED.,.F.,.F.,(6,6),(0.,1.),
  .PIECEWISE_BEZIER_KNOTS.);
#4924 = CARTESIAN_POINT('',(8.182423344495,-3.723982842531,6.));
#4925 = CARTESIAN_POINT('',(8.087803790851,-3.69589721539,5.902246091415
    ));
#4926 = CARTESIAN_POINT('',(7.995272794443,-3.662616880092,
    5.804267139063));
#4927 = CARTESIAN_POINT('',(7.905057378036,-3.623956593926,
    5.706151962482));
#4928 = CARTESIAN_POINT('',(7.817355274924,-3.579791331928,
    5.608014345453));
#4929 = CARTESIAN_POINT('',(7.732320903224,-3.530044397676,5.51));
#4930 = PCURVE('',#152,#4931);
#4931 = DEFINITIONAL_REPRESENTATION('',(#4932),#4939);
#4932 = B_SPLINE_CURVE_WITH_KNOTS('',5,(#4933,#4934,#4935,#4936,#4937,
    #4938),.UNSPECIFIED.,.F.,.F.,(6,6),(0.,1.),
  .PIECEWISE_BEZIER_KNOTS.);
#4933 = CARTESIAN_POINT('',(5.85608192182,-1.E-02));
#4934 = CARTESIAN_POINT('',(5.854565552709,-0.107753908585));
#4935 = CARTESIAN_POINT('',(5.8536301263,-0.205732860937));
#4936 = CARTESIAN_POINT('',(5.853336222654,-0.303848037518));
#4937 = CARTESIAN_POINT('',(5.853744138067,-0.401985654547));
#4938 = CARTESIAN_POINT('',(5.854913468893,-0.5));
#4939 = ( GEOMETRIC_REPRESENTATION_CONTEXT(2) 
PARAMETRIC_REPRESENTATION_CONTEXT() REPRESENTATION_CONTEXT('2D SPACE',''
  ) );
#4940 = PCURVE('',#2027,#4941);
#4941 = DEFINITIONAL_REPRESENTATION('',(#4942),#4949);
#4942 = B_SPLINE_CURVE_WITH_KNOTS('',5,(#4943,#4944,#4945,#4946,#4947,
    #4948),.UNSPECIFIED.,.F.,.F.,(6,6),(0.,1.),
  .PIECEWISE_BEZIER_KNOTS.);
#4943 = CARTESIAN_POINT('',(1.,0.799351420854));
#4944 = CARTESIAN_POINT('',(0.983707681903,0.840193197303));
#4945 = CARTESIAN_POINT('',(0.967377856511,0.880700166763));
#4946 = CARTESIAN_POINT('',(0.95102532708,0.920850114716));
#4947 = CARTESIAN_POINT('',(0.934669057575,0.960621599932));
#4948 = CARTESIAN_POINT('',(0.918333333333,1.));
#4949 = ( GEOMETRIC_REPRESENTATION_CONTEXT(2) 
PARAMETRIC_REPRESENTATION_CONTEXT() REPRESENTATION_CONTEXT('2D SPACE',''
  ) );
#4950 = ADVANCED_FACE('',(#4951),#114,.F.);
#4951 = FACE_BOUND('',#4952,.F.);
#4952 = EDGE_LOOP('',(#4953,#4991,#5011,#5012));
#4953 = ORIENTED_EDGE('',*,*,#4954,.F.);
#4954 = EDGE_CURVE('',#4955,#63,#4957,.T.);
#4955 = VERTEX_POINT('',#4956);
#4956 = CARTESIAN_POINT('',(7.732320903224,-3.530044397676,0.49));
#4957 = SURFACE_CURVE('',#4958,(#4967,#4979),.PCURVE_S1.);
#4958 = B_SPLINE_CURVE_WITH_KNOTS('',4,(#4959,#4960,#4961,#4962,#4963,
    #4964,#4965,#4966),.UNSPECIFIED.,.F.,.F.,(5,3,5),(0.,0.499491138554,
    1.),.UNSPECIFIED.);
#4959 = CARTESIAN_POINT('',(7.732320903224,-3.530044397676,0.49));
#4960 = CARTESIAN_POINT('',(7.672577638949,-3.660915613354,
    0.489996810525));
#4961 = CARTESIAN_POINT('',(7.609875652775,-3.790435936159,
    0.489999636231));
#4962 = CARTESIAN_POINT('',(7.544267346346,-3.91850847407,0.490001061521
    ));
#4963 = CARTESIAN_POINT('',(7.407203065199,-4.171822800984,0.4900010702)
  );
#4964 = CARTESIAN_POINT('',(7.335735468461,-4.297058253014,
    0.489999647786));
#4965 = CARTESIAN_POINT('',(7.261454692624,-4.420645997627,
    0.489996804026));
#4966 = CARTESIAN_POINT('',(7.184413512543,-4.542488577949,0.49));
#4967 = PCURVE('',#114,#4968);
#4968 = DEFINITIONAL_REPRESENTATION('',(#4969),#4978);
#4969 = B_SPLINE_CURVE_WITH_KNOTS('',4,(#4970,#4971,#4972,#4973,#4974,
    #4975,#4976,#4977),.UNSPECIFIED.,.F.,.F.,(5,3,5),(0.,0.499491138554,
    1.),.UNSPECIFIED.);
#4970 = CARTESIAN_POINT('',(8.166666666667E-02,0.));
#4971 = CARTESIAN_POINT('',(8.166613508745E-02,0.124872675186));
#4972 = CARTESIAN_POINT('',(8.166660603854E-02,0.249745544877));
#4973 = CARTESIAN_POINT('',(8.166684358676E-02,0.374618332473));
#4974 = CARTESIAN_POINT('',(8.166684503339E-02,0.624618375374));
#4975 = CARTESIAN_POINT('',(8.166660796437E-02,0.749745593449));
#4976 = CARTESIAN_POINT('',(8.166613400435E-02,0.874872894337));
#4977 = CARTESIAN_POINT('',(8.166666666667E-02,1.));
#4978 = ( GEOMETRIC_REPRESENTATION_CONTEXT(2) 
PARAMETRIC_REPRESENTATION_CONTEXT() REPRESENTATION_CONTEXT('2D SPACE',''
  ) );
#4979 = PCURVE('',#84,#4980);
#4980 = DEFINITIONAL_REPRESENTATION('',(#4981),#4990);
#4981 = B_SPLINE_CURVE_WITH_KNOTS('',4,(#4982,#4983,#4984,#4985,#4986,
    #4987,#4988,#4989),.UNSPECIFIED.,.F.,.F.,(5,3,5),(0.,0.499491138554,
    1.),.UNSPECIFIED.);
#4982 = CARTESIAN_POINT('',(-5.854913468893,9.999999999999E-03));
#4983 = CARTESIAN_POINT('',(-5.83798842236,1.00031894753E-02));
#4984 = CARTESIAN_POINT('',(-5.821063404303,1.000036376875E-02));
#4985 = CARTESIAN_POINT('',(-5.804138367464,9.998938479435E-03));
#4986 = CARTESIAN_POINT('',(-5.770253811533,9.998929799687E-03));
#4987 = CARTESIAN_POINT('',(-5.753294289563,1.00003522138E-02));
#4988 = CARTESIAN_POINT('',(-5.7363347865,1.000319597391E-02));
#4989 = CARTESIAN_POINT('',(-5.719375254859,1.E-02));
#4990 = ( GEOMETRIC_REPRESENTATION_CONTEXT(2) 
PARAMETRIC_REPRESENTATION_CONTEXT() REPRESENTATION_CONTEXT('2D SPACE',''
  ) );
#4991 = ORIENTED_EDGE('',*,*,#4992,.T.);
#4992 = EDGE_CURVE('',#4955,#4882,#4993,.T.);
#4993 = SURFACE_CURVE('',#4994,(#4997,#5004),.PCURVE_S1.);
#4994 = B_SPLINE_CURVE_WITH_KNOTS('',1,(#4995,#4996),.UNSPECIFIED.,.F.,
  .F.,(2,2),(0.,1.),.PIECEWISE_BEZIER_KNOTS.);
#4995 = CARTESIAN_POINT('',(7.732320903224,-3.530044397676,0.));
#4996 = CARTESIAN_POINT('',(7.732320903224,-3.530044397676,6.));
#4997 = PCURVE('',#114,#4998);
#4998 = DEFINITIONAL_REPRESENTATION('',(#4999),#5003);
#4999 = LINE('',#5000,#5001);
#5000 = CARTESIAN_POINT('',(0.,0.));
#5001 = VECTOR('',#5002,1.);
#5002 = DIRECTION('',(1.,0.));
#5003 = ( GEOMETRIC_REPRESENTATION_CONTEXT(2) 
PARAMETRIC_REPRESENTATION_CONTEXT() REPRESENTATION_CONTEXT('2D SPACE',''
  ) );
#5004 = PCURVE('',#2027,#5005);
#5005 = DEFINITIONAL_REPRESENTATION('',(#5006),#5010);
#5006 = LINE('',#5007,#5008);
#5007 = CARTESIAN_POINT('',(0.,1.));
#5008 = VECTOR('',#5009,1.);
#5009 = DIRECTION('',(1.,0.));
#5010 = ( GEOMETRIC_REPRESENTATION_CONTEXT(2) 
PARAMETRIC_REPRESENTATION_CONTEXT() REPRESENTATION_CONTEXT('2D SPACE',''
  ) );
#5011 = ORIENTED_EDGE('',*,*,#4881,.T.);
#5012 = ORIENTED_EDGE('',*,*,#99,.F.);
#5013 = ADVANCED_FACE('',(#5014),#84,.F.);
#5014 = FACE_BOUND('',#5015,.T.);
#5015 = EDGE_LOOP('',(#5016,#5017,#5018,#5048));
#5016 = ORIENTED_EDGE('',*,*,#62,.F.);
#5017 = ORIENTED_EDGE('',*,*,#4954,.F.);
#5018 = ORIENTED_EDGE('',*,*,#5019,.T.);
#5019 = EDGE_CURVE('',#4955,#2010,#5020,.T.);
#5020 = SURFACE_CURVE('',#5021,(#5028,#5038),.PCURVE_S1.);
#5021 = B_SPLINE_CURVE_WITH_KNOTS('',5,(#5022,#5023,#5024,#5025,#5026,
    #5027),.UNSPECIFIED.,.F.,.F.,(6,6),(0.,1.),
  .PIECEWISE_BEZIER_KNOTS.);
#5022 = CARTESIAN_POINT('',(7.732320903224,-3.530044397676,0.49));
#5023 = CARTESIAN_POINT('',(7.817355274959,-3.579791331949,
    0.391985654507));
#5024 = CARTESIAN_POINT('',(7.905057378039,-3.623956593923,
    0.293848037516));
#5025 = CARTESIAN_POINT('',(7.995272794441,-3.662616880096,
    0.195732860938));
#5026 = CARTESIAN_POINT('',(8.087803790884,-3.6958972154,
    9.775390855046E-02));
#5027 = CARTESIAN_POINT('',(8.182423344495,-3.723982842531,0.));
#5028 = PCURVE('',#84,#5029);
#5029 = DEFINITIONAL_REPRESENTATION('',(#5030),#5037);
#5030 = B_SPLINE_CURVE_WITH_KNOTS('',5,(#5031,#5032,#5033,#5034,#5035,
    #5036),.UNSPECIFIED.,.F.,.F.,(6,6),(0.,1.),
  .PIECEWISE_BEZIER_KNOTS.);
#5031 = CARTESIAN_POINT('',(-5.854913468893,1.E-02));
#5032 = CARTESIAN_POINT('',(-5.853744138066,0.108014345493));
#5033 = CARTESIAN_POINT('',(-5.853336222654,0.206151962484));
#5034 = CARTESIAN_POINT('',(-5.853630126299,0.304267139062));
#5035 = CARTESIAN_POINT('',(-5.854565552709,0.40224609145));
#5036 = CARTESIAN_POINT('',(-5.85608192182,0.5));
#5037 = ( GEOMETRIC_REPRESENTATION_CONTEXT(2) 
PARAMETRIC_REPRESENTATION_CONTEXT() REPRESENTATION_CONTEXT('2D SPACE',''
  ) );
#5038 = PCURVE('',#2027,#5039);
#5039 = DEFINITIONAL_REPRESENTATION('',(#5040),#5047);
#5040 = B_SPLINE_CURVE_WITH_KNOTS('',5,(#5041,#5042,#5043,#5044,#5045,
    #5046),.UNSPECIFIED.,.F.,.F.,(6,6),(0.,1.),
  .PIECEWISE_BEZIER_KNOTS.);
#5041 = CARTESIAN_POINT('',(8.166666666667E-02,1.));
#5042 = CARTESIAN_POINT('',(6.533094241791E-02,0.960621599916));
#5043 = CARTESIAN_POINT('',(4.897467291928E-02,0.920850114715));
#5044 = CARTESIAN_POINT('',(3.262214348961E-02,0.880700166764));
#5045 = CARTESIAN_POINT('',(1.629231809174E-02,0.840193197289));
#5046 = CARTESIAN_POINT('',(0.,0.799351420854));
#5047 = ( GEOMETRIC_REPRESENTATION_CONTEXT(2) 
PARAMETRIC_REPRESENTATION_CONTEXT() REPRESENTATION_CONTEXT('2D SPACE',''
  ) );
#5048 = ORIENTED_EDGE('',*,*,#2043,.T.);
#5049 = ADVANCED_FACE('',(#5050),#246,.T.);
#5050 = FACE_BOUND('',#5051,.T.);
#5051 = EDGE_LOOP('',(#5052,#5053,#5073,#5074));
#5052 = ORIENTED_EDGE('',*,*,#229,.T.);
#5053 = ORIENTED_EDGE('',*,*,#5054,.T.);
#5054 = EDGE_CURVE('',#230,#2856,#5055,.T.);
#5055 = SEAM_CURVE('',#5056,(#5059,#5066),.PCURVE_S1.);
#5056 = B_SPLINE_CURVE_WITH_KNOTS('',1,(#5057,#5058),.UNSPECIFIED.,.F.,
  .F.,(2,2),(0.,1.),.PIECEWISE_BEZIER_KNOTS.);
#5057 = CARTESIAN_POINT('',(13.75,-1.951863984716E-14,0.));
#5058 = CARTESIAN_POINT('',(13.75,-1.951863984716E-14,6.));
#5059 = PCURVE('',#246,#5060);
#5060 = DEFINITIONAL_REPRESENTATION('',(#5061),#5065);
#5061 = LINE('',#5062,#5063);
#5062 = CARTESIAN_POINT('',(6.28318530718,0.));
#5063 = VECTOR('',#5064,1.);
#5064 = DIRECTION('',(0.,1.));
#5065 = ( GEOMETRIC_REPRESENTATION_CONTEXT(2) 
PARAMETRIC_REPRESENTATION_CONTEXT() REPRESENTATION_CONTEXT('2D SPACE',''
  ) );
#5066 = PCURVE('',#246,#5067);
#5067 = DEFINITIONAL_REPRESENTATION('',(#5068),#5072);
#5068 = LINE('',#5069,#5070);
#5069 = CARTESIAN_POINT('',(0.,0.));
#5070 = VECTOR('',#5071,1.);
#5071 = DIRECTION('',(0.,1.));
#5072 = ( GEOMETRIC_REPRESENTATION_CONTEXT(2) 
PARAMETRIC_REPRESENTATION_CONTEXT() REPRESENTATION_CONTEXT('2D SPACE',''
  ) );
#5073 = ORIENTED_EDGE('',*,*,#2855,.F.);
#5074 = ORIENTED_EDGE('',*,*,#5054,.F.);
#5075 = ADVANCED_FACE('',(#5076),#309,.F.);
#5076 = FACE_BOUND('',#5077,.T.);
#5077 = EDGE_LOOP('',(#5078,#5110,#5111,#5143));
#5078 = ORIENTED_EDGE('',*,*,#5079,.T.);
#5079 = EDGE_CURVE('',#5080,#287,#5082,.T.);
#5080 = VERTEX_POINT('',#5081);
#5081 = CARTESIAN_POINT('',(-6.338758430073,-5.663050552942,0.49));
#5082 = SURFACE_CURVE('',#5083,(#5090,#5100),.PCURVE_S1.);
#5083 = B_SPLINE_CURVE_WITH_KNOTS('',5,(#5084,#5085,#5086,#5087,#5088,
    #5089),.UNSPECIFIED.,.F.,.F.,(6,6),(0.,1.),
  .PIECEWISE_BEZIER_KNOTS.);
#5084 = CARTESIAN_POINT('',(-6.338758430073,-5.663050552942,0.49));
#5085 = CARTESIAN_POINT('',(-6.418473263627,-5.720939646537,
    0.391985654507));
#5086 = CARTESIAN_POINT('',(-6.494148166048,-5.783513909567,
    0.293848037516));
#5087 = CARTESIAN_POINT('',(-6.565791344927,-5.850601121488,
    0.195732860938));
#5088 = CARTESIAN_POINT('',(-6.633437866211,-5.921969981498,
    9.775390855047E-02));
#5089 = CARTESIAN_POINT('',(-6.697166176168,-5.997338176958,0.));
#5090 = PCURVE('',#309,#5091);
#5091 = DEFINITIONAL_REPRESENTATION('',(#5092),#5099);
#5092 = B_SPLINE_CURVE_WITH_KNOTS('',5,(#5093,#5094,#5095,#5096,#5097,
    #5098),.UNSPECIFIED.,.F.,.F.,(6,6),(0.,1.),
  .PIECEWISE_BEZIER_KNOTS.);
#5093 = CARTESIAN_POINT('',(-3.870749687678,9.999999999998E-03));
#5094 = CARTESIAN_POINT('',(-3.869580356852,0.108014345493));
#5095 = CARTESIAN_POINT('',(-3.86917244144,0.206151962484));
#5096 = CARTESIAN_POINT('',(-3.869466345084,0.304267139062));
#5097 = CARTESIAN_POINT('',(-3.870401771495,0.40224609145));
#5098 = CARTESIAN_POINT('',(-3.871918140605,0.5));
#5099 = ( GEOMETRIC_REPRESENTATION_CONTEXT(2) 
PARAMETRIC_REPRESENTATION_CONTEXT() REPRESENTATION_CONTEXT('2D SPACE',''
  ) );
#5100 = PCURVE('',#2786,#5101);
#5101 = DEFINITIONAL_REPRESENTATION('',(#5102),#5109);
#5102 = B_SPLINE_CURVE_WITH_KNOTS('',5,(#5103,#5104,#5105,#5106,#5107,
    #5108),.UNSPECIFIED.,.F.,.F.,(6,6),(0.,1.),
  .PIECEWISE_BEZIER_KNOTS.);
#5103 = CARTESIAN_POINT('',(8.166666666667E-02,1.));
#5104 = CARTESIAN_POINT('',(6.53309424179E-02,0.960621599916));
#5105 = CARTESIAN_POINT('',(4.897467291928E-02,0.920850114715));
#5106 = CARTESIAN_POINT('',(3.26221434896E-02,0.880700166764));
#5107 = CARTESIAN_POINT('',(1.629231809174E-02,0.840193197289));
#5108 = CARTESIAN_POINT('',(0.,0.799351420854));
#5109 = ( GEOMETRIC_REPRESENTATION_CONTEXT(2) 
PARAMETRIC_REPRESENTATION_CONTEXT() REPRESENTATION_CONTEXT('2D SPACE',''
  ) );
#5110 = ORIENTED_EDGE('',*,*,#286,.T.);
#5111 = ORIENTED_EDGE('',*,*,#5112,.F.);
#5112 = EDGE_CURVE('',#5113,#289,#5115,.T.);
#5113 = VERTEX_POINT('',#5114);
#5114 = CARTESIAN_POINT('',(-7.045835913124,-4.754597384146,0.49));
#5115 = SURFACE_CURVE('',#5116,(#5123,#5133),.PCURVE_S1.);
#5116 = B_SPLINE_CURVE_WITH_KNOTS('',5,(#5117,#5118,#5119,#5120,#5121,
    #5122),.UNSPECIFIED.,.F.,.F.,(6,6),(0.,1.),
  .PIECEWISE_BEZIER_KNOTS.);
#5117 = CARTESIAN_POINT('',(-7.045835913124,-4.754597384146,0.49));
#5118 = CARTESIAN_POINT('',(-7.121522450598,-4.817662032651,
    0.391985654507));
#5119 = CARTESIAN_POINT('',(-7.200759048104,-4.875660229741,
    0.293848037516));
#5120 = CARTESIAN_POINT('',(-7.28338076985,-4.9286422095,0.195732860938)
  );
#5121 = CARTESIAN_POINT('',(-7.369172000954,-4.976698745856,
    9.775390855047E-02));
#5122 = CARTESIAN_POINT('',(-7.45787832489,-5.019975188299,0.));
#5123 = PCURVE('',#309,#5124);
#5124 = DEFINITIONAL_REPRESENTATION('',(#5125),#5132);
#5125 = B_SPLINE_CURVE_WITH_KNOTS('',5,(#5126,#5127,#5128,#5129,#5130,
    #5131),.UNSPECIFIED.,.F.,.F.,(6,6),(0.,1.),
  .PIECEWISE_BEZIER_KNOTS.);
#5126 = CARTESIAN_POINT('',(-3.735211473645,9.999999999998E-03));
#5127 = CARTESIAN_POINT('',(-3.736380804471,0.108014345493));
#5128 = CARTESIAN_POINT('',(-3.736788719883,0.206151962484));
#5129 = CARTESIAN_POINT('',(-3.736494816238,0.304267139062));
#5130 = CARTESIAN_POINT('',(-3.735559389828,0.40224609145));
#5131 = CARTESIAN_POINT('',(-3.734043020718,0.5));
#5132 = ( GEOMETRIC_REPRESENTATION_CONTEXT(2) 
PARAMETRIC_REPRESENTATION_CONTEXT() REPRESENTATION_CONTEXT('2D SPACE',''
  ) );
#5133 = PCURVE('',#339,#5134);
#5134 = DEFINITIONAL_REPRESENTATION('',(#5135),#5142);
#5135 = B_SPLINE_CURVE_WITH_KNOTS('',5,(#5136,#5137,#5138,#5139,#5140,
    #5141),.UNSPECIFIED.,.F.,.F.,(6,6),(0.,1.),
  .PIECEWISE_BEZIER_KNOTS.);
#5136 = CARTESIAN_POINT('',(8.166666666667E-02,0.));
#5137 = CARTESIAN_POINT('',(6.53309424179E-02,3.937840008448E-02));
#5138 = CARTESIAN_POINT('',(4.897467291928E-02,7.914988528522E-02));
#5139 = CARTESIAN_POINT('',(3.26221434896E-02,0.119299833236));
#5140 = CARTESIAN_POINT('',(1.629231809175E-02,0.159806802711));
#5141 = CARTESIAN_POINT('',(0.,0.200648579146));
#5142 = ( GEOMETRIC_REPRESENTATION_CONTEXT(2) 
PARAMETRIC_REPRESENTATION_CONTEXT() REPRESENTATION_CONTEXT('2D SPACE',''
  ) );
#5143 = ORIENTED_EDGE('',*,*,#5144,.F.);
#5144 = EDGE_CURVE('',#5080,#5113,#5145,.T.);
#5145 = SURFACE_CURVE('',#5146,(#5155,#5167),.PCURVE_S1.);
#5146 = B_SPLINE_CURVE_WITH_KNOTS('',4,(#5147,#5148,#5149,#5150,#5151,
    #5152,#5153,#5154),.UNSPECIFIED.,.F.,.F.,(5,3,5),(0.,0.499491081284,
    1.),.UNSPECIFIED.);
#5147 = CARTESIAN_POINT('',(-6.338758430073,-5.663050552942,0.49));
#5148 = CARTESIAN_POINT('',(-6.434608191716,-5.555768908815,
    0.489996810525));
#5149 = CARTESIAN_POINT('',(-6.528032337204,-5.446320394076,
    0.489999636231));
#5150 = CARTESIAN_POINT('',(-6.618963184933,-5.334791917803,
    0.49000106152));
#5151 = CARTESIAN_POINT('',(-6.795883595924,-5.107516900344,
    0.490001070201));
#5152 = CARTESIAN_POINT('',(-6.881862686266,-4.991762260639,
    0.489999647787));
#5153 = CARTESIAN_POINT('',(-6.965202808337,-4.874093262635,
    0.489996804026));
#5154 = CARTESIAN_POINT('',(-7.045835913124,-4.754597384146,0.49));
#5155 = PCURVE('',#309,#5156);
#5156 = DEFINITIONAL_REPRESENTATION('',(#5157),#5166);
#5157 = B_SPLINE_CURVE_WITH_KNOTS('',4,(#5158,#5159,#5160,#5161,#5162,
    #5163,#5164,#5165),.UNSPECIFIED.,.F.,.F.,(5,3,5),(0.,0.499491081284,
    1.),.UNSPECIFIED.);
#5158 = CARTESIAN_POINT('',(-3.870749687678,9.999999999999E-03));
#5159 = CARTESIAN_POINT('',(-3.853824643086,1.000318947493E-02));
#5160 = CARTESIAN_POINT('',(-3.836899626969,1.00003637694E-02));
#5161 = CARTESIAN_POINT('',(-3.819974592071,9.998938479925E-03));
#5162 = CARTESIAN_POINT('',(-3.78609003614,9.998929799199E-03));
#5163 = CARTESIAN_POINT('',(-3.769130512229,1.000035221315E-02));
#5164 = CARTESIAN_POINT('',(-3.752171007226,1.000319597428E-02));
#5165 = CARTESIAN_POINT('',(-3.735211473645,1.E-02));
#5166 = ( GEOMETRIC_REPRESENTATION_CONTEXT(2) 
PARAMETRIC_REPRESENTATION_CONTEXT() REPRESENTATION_CONTEXT('2D SPACE',''
  ) );
#5167 = PCURVE('',#5168,#5177);
#5168 = B_SPLINE_SURFACE_WITH_KNOTS('',1,3,(
    (#5169,#5170,#5171,#5172)
    ,(#5173,#5174,#5175,#5176
    )),.UNSPECIFIED.,.F.,.F.,.F.,(2,2),(4,4),(0.,1.),(0.,1.),
  .PIECEWISE_BEZIER_KNOTS.);
#5169 = CARTESIAN_POINT('',(-6.338758430073,-5.663050552942,0.));
#5170 = CARTESIAN_POINT('',(-6.594618442387,-5.376674433513,0.));
#5171 = CARTESIAN_POINT('',(-6.831032746553,-5.07292932931,0.));
#5172 = CARTESIAN_POINT('',(-7.045835913124,-4.754597384146,0.));
#5173 = CARTESIAN_POINT('',(-6.338758430073,-5.663050552942,6.));
#5174 = CARTESIAN_POINT('',(-6.594618442387,-5.376674433513,6.));
#5175 = CARTESIAN_POINT('',(-6.831032746553,-5.07292932931,6.));
#5176 = CARTESIAN_POINT('',(-7.045835913124,-4.754597384146,6.));
#5177 = DEFINITIONAL_REPRESENTATION('',(#5178),#5187);
#5178 = B_SPLINE_CURVE_WITH_KNOTS('',4,(#5179,#5180,#5181,#5182,#5183,
    #5184,#5185,#5186),.UNSPECIFIED.,.F.,.F.,(5,3,5),(0.,0.499491081284,
    1.),.UNSPECIFIED.);
#5179 = CARTESIAN_POINT('',(8.166666666667E-02,0.));
#5180 = CARTESIAN_POINT('',(8.166613508751E-02,0.124872660869));
#5181 = CARTESIAN_POINT('',(8.166660603843E-02,0.249745516242));
#5182 = CARTESIAN_POINT('',(8.166684358668E-02,0.37461828952));
#5183 = CARTESIAN_POINT('',(8.166684503347E-02,0.624618332421));
#5184 = CARTESIAN_POINT('',(8.166660796447E-02,0.749745564814));
#5185 = CARTESIAN_POINT('',(8.166613400429E-02,0.874872880019));
#5186 = CARTESIAN_POINT('',(8.166666666667E-02,1.));
#5187 = ( GEOMETRIC_REPRESENTATION_CONTEXT(2) 
PARAMETRIC_REPRESENTATION_CONTEXT() REPRESENTATION_CONTEXT('2D SPACE',''
  ) );
#5188 = ADVANCED_FACE('',(#5189),#2786,.F.);
#5189 = FACE_BOUND('',#5190,.F.);
#5190 = EDGE_LOOP('',(#5191,#5192,#5212,#5213,#5245,#5265));
#5191 = ORIENTED_EDGE('',*,*,#2770,.F.);
#5192 = ORIENTED_EDGE('',*,*,#5193,.T.);
#5193 = EDGE_CURVE('',#2737,#4723,#5194,.T.);
#5194 = SURFACE_CURVE('',#5195,(#5198,#5205),.PCURVE_S1.);
#5195 = B_SPLINE_CURVE_WITH_KNOTS('',1,(#5196,#5197),.UNSPECIFIED.,.F.,
  .F.,(2,2),(0.,1.),.PIECEWISE_BEZIER_KNOTS.);
#5196 = CARTESIAN_POINT('',(-7.418895489828,-7.779620152103,0.));
#5197 = CARTESIAN_POINT('',(-7.418895489828,-7.779620152103,6.));
#5198 = PCURVE('',#2786,#5199);
#5199 = DEFINITIONAL_REPRESENTATION('',(#5200),#5204);
#5200 = LINE('',#5201,#5202);
#5201 = CARTESIAN_POINT('',(0.,0.));
#5202 = VECTOR('',#5203,1.);
#5203 = DIRECTION('',(1.,0.));
#5204 = ( GEOMETRIC_REPRESENTATION_CONTEXT(2) 
PARAMETRIC_REPRESENTATION_CONTEXT() REPRESENTATION_CONTEXT('2D SPACE',''
  ) );
#5205 = PCURVE('',#2754,#5206);
#5206 = DEFINITIONAL_REPRESENTATION('',(#5207),#5211);
#5207 = LINE('',#5208,#5209);
#5208 = CARTESIAN_POINT('',(0.,1.));
#5209 = VECTOR('',#5210,1.);
#5210 = DIRECTION('',(1.,0.));
#5211 = ( GEOMETRIC_REPRESENTATION_CONTEXT(2) 
PARAMETRIC_REPRESENTATION_CONTEXT() REPRESENTATION_CONTEXT('2D SPACE',''
  ) );
#5212 = ORIENTED_EDGE('',*,*,#4747,.T.);
#5213 = ORIENTED_EDGE('',*,*,#5214,.T.);
#5214 = EDGE_CURVE('',#4748,#5215,#5217,.T.);
#5215 = VERTEX_POINT('',#5216);
#5216 = CARTESIAN_POINT('',(-6.338758430073,-5.663050552942,5.51));
#5217 = SURFACE_CURVE('',#5218,(#5225,#5235),.PCURVE_S1.);
#5218 = B_SPLINE_CURVE_WITH_KNOTS('',5,(#5219,#5220,#5221,#5222,#5223,
    #5224),.UNSPECIFIED.,.F.,.F.,(6,6),(0.,1.),
  .PIECEWISE_BEZIER_KNOTS.);
#5219 = CARTESIAN_POINT('',(-6.697166176183,-5.997338176975,6.));
#5220 = CARTESIAN_POINT('',(-6.633437866176,-5.921969981455,
    5.902246091372));
#5221 = CARTESIAN_POINT('',(-6.565791341627,-5.850601117858,
    5.804267144509));
#5222 = CARTESIAN_POINT('',(-6.494148166559,-5.783513910508,
    5.706151961263));
#5223 = CARTESIAN_POINT('',(-6.418473263613,-5.720939646527,
    5.608014345475));
#5224 = CARTESIAN_POINT('',(-6.338758430073,-5.663050552942,5.51));
#5225 = PCURVE('',#2786,#5226);
#5226 = DEFINITIONAL_REPRESENTATION('',(#5227),#5234);
#5227 = B_SPLINE_CURVE_WITH_KNOTS('',5,(#5228,#5229,#5230,#5231,#5232,
    #5233),.UNSPECIFIED.,.F.,.F.,(6,6),(0.,1.),
  .PIECEWISE_BEZIER_KNOTS.);
#5228 = CARTESIAN_POINT('',(1.,0.799351420844));
#5229 = CARTESIAN_POINT('',(0.983707681895,0.840193197312));
#5230 = CARTESIAN_POINT('',(0.967377857418,0.880700168789));
#5231 = CARTESIAN_POINT('',(0.951025326877,0.920850114279));
#5232 = CARTESIAN_POINT('',(0.934669057579,0.960621599923));
#5233 = CARTESIAN_POINT('',(0.918333333333,1.));
#5234 = ( GEOMETRIC_REPRESENTATION_CONTEXT(2) 
PARAMETRIC_REPRESENTATION_CONTEXT() REPRESENTATION_CONTEXT('2D SPACE',''
  ) );
#5235 = PCURVE('',#4793,#5236);
#5236 = DEFINITIONAL_REPRESENTATION('',(#5237),#5244);
#5237 = B_SPLINE_CURVE_WITH_KNOTS('',5,(#5238,#5239,#5240,#5241,#5242,
    #5243),.UNSPECIFIED.,.F.,.F.,(6,6),(0.,1.),
  .PIECEWISE_BEZIER_KNOTS.);
#5238 = CARTESIAN_POINT('',(3.871918140605,-9.999999988582E-03));
#5239 = CARTESIAN_POINT('',(3.870401771494,-0.107753908617));
#5240 = CARTESIAN_POINT('',(3.869466345027,-0.205732860654));
#5241 = CARTESIAN_POINT('',(3.86917244148,-0.303848037623));
#5242 = CARTESIAN_POINT('',(3.869580356852,-0.401985654525));
#5243 = CARTESIAN_POINT('',(3.870749687678,-0.5));
#5244 = ( GEOMETRIC_REPRESENTATION_CONTEXT(2) 
PARAMETRIC_REPRESENTATION_CONTEXT() REPRESENTATION_CONTEXT('2D SPACE',''
  ) );
#5245 = ORIENTED_EDGE('',*,*,#5246,.F.);
#5246 = EDGE_CURVE('',#5080,#5215,#5247,.T.);
#5247 = SURFACE_CURVE('',#5248,(#5251,#5258),.PCURVE_S1.);
#5248 = B_SPLINE_CURVE_WITH_KNOTS('',1,(#5249,#5250),.UNSPECIFIED.,.F.,
  .F.,(2,2),(0.,1.),.PIECEWISE_BEZIER_KNOTS.);
#5249 = CARTESIAN_POINT('',(-6.338758430073,-5.663050552942,0.));
#5250 = CARTESIAN_POINT('',(-6.338758430073,-5.663050552942,6.));
#5251 = PCURVE('',#2786,#5252);
#5252 = DEFINITIONAL_REPRESENTATION('',(#5253),#5257);
#5253 = LINE('',#5254,#5255);
#5254 = CARTESIAN_POINT('',(0.,1.));
#5255 = VECTOR('',#5256,1.);
#5256 = DIRECTION('',(1.,0.));
#5257 = ( GEOMETRIC_REPRESENTATION_CONTEXT(2) 
PARAMETRIC_REPRESENTATION_CONTEXT() REPRESENTATION_CONTEXT('2D SPACE',''
  ) );
#5258 = PCURVE('',#5168,#5259);
#5259 = DEFINITIONAL_REPRESENTATION('',(#5260),#5264);
#5260 = LINE('',#5261,#5262);
#5261 = CARTESIAN_POINT('',(0.,0.));
#5262 = VECTOR('',#5263,1.);
#5263 = DIRECTION('',(1.,0.));
#5264 = ( GEOMETRIC_REPRESENTATION_CONTEXT(2) 
PARAMETRIC_REPRESENTATION_CONTEXT() REPRESENTATION_CONTEXT('2D SPACE',''
  ) );
#5265 = ORIENTED_EDGE('',*,*,#5079,.T.);
#5266 = ADVANCED_FACE('',(#5267),#2754,.F.);
#5267 = FACE_BOUND('',#5268,.F.);
#5268 = EDGE_LOOP('',(#5269,#5270,#5290,#5291));
#5269 = ORIENTED_EDGE('',*,*,#2736,.F.);
#5270 = ORIENTED_EDGE('',*,*,#5271,.T.);
#5271 = EDGE_CURVE('',#2703,#4698,#5272,.T.);
#5272 = SURFACE_CURVE('',#5273,(#5276,#5283),.PCURVE_S1.);
#5273 = B_SPLINE_CURVE_WITH_KNOTS('',1,(#5274,#5275),.UNSPECIFIED.,.F.,
  .F.,(2,2),(0.,1.),.PIECEWISE_BEZIER_KNOTS.);
#5274 = CARTESIAN_POINT('',(-7.140401271391,-8.035992140583,0.));
#5275 = CARTESIAN_POINT('',(-7.140401271391,-8.035992140583,6.));
#5276 = PCURVE('',#2754,#5277);
#5277 = DEFINITIONAL_REPRESENTATION('',(#5278),#5282);
#5278 = LINE('',#5279,#5280);
#5279 = CARTESIAN_POINT('',(0.,0.));
#5280 = VECTOR('',#5281,1.);
#5281 = DIRECTION('',(1.,0.));
#5282 = ( GEOMETRIC_REPRESENTATION_CONTEXT(2) 
PARAMETRIC_REPRESENTATION_CONTEXT() REPRESENTATION_CONTEXT('2D SPACE',''
  ) );
#5283 = PCURVE('',#2720,#5284);
#5284 = DEFINITIONAL_REPRESENTATION('',(#5285),#5289);
#5285 = LINE('',#5286,#5287);
#5286 = CARTESIAN_POINT('',(0.,1.));
#5287 = VECTOR('',#5288,1.);
#5288 = DIRECTION('',(1.,0.));
#5289 = ( GEOMETRIC_REPRESENTATION_CONTEXT(2) 
PARAMETRIC_REPRESENTATION_CONTEXT() REPRESENTATION_CONTEXT('2D SPACE',''
  ) );
#5290 = ORIENTED_EDGE('',*,*,#4722,.T.);
#5291 = ORIENTED_EDGE('',*,*,#5193,.F.);
#5292 = ADVANCED_FACE('',(#5293),#2720,.F.);
#5293 = FACE_BOUND('',#5294,.F.);
#5294 = EDGE_LOOP('',(#5295,#5296,#5328,#5359,#5389,#5390));
#5295 = ORIENTED_EDGE('',*,*,#2702,.F.);
#5296 = ORIENTED_EDGE('',*,*,#5297,.F.);
#5297 = EDGE_CURVE('',#5298,#2670,#5300,.T.);
#5298 = VERTEX_POINT('',#5299);
#5299 = CARTESIAN_POINT('',(-5.120257841912,-6.784759364365,0.49));
#5300 = SURFACE_CURVE('',#5301,(#5308,#5318),.PCURVE_S1.);
#5301 = B_SPLINE_CURVE_WITH_KNOTS('',5,(#5302,#5303,#5304,#5305,#5306,
    #5307),.UNSPECIFIED.,.F.,.F.,(6,6),(0.,1.),
  .PIECEWISE_BEZIER_KNOTS.);
#5302 = CARTESIAN_POINT('',(-5.120257841912,-6.784759364365,0.49));
#5303 = CARTESIAN_POINT('',(-5.171366416124,-6.868982374807,
    0.391985654507));
#5304 = CARTESIAN_POINT('',(-5.22747777241,-6.949566150753,
    0.293848037516));
#5305 = CARTESIAN_POINT('',(-5.288419600671,-7.026504649904,
    0.195732860938));
#5306 = CARTESIAN_POINT('',(-5.353958494388,-7.099813717768,
    9.775390855048E-02));
#5307 = CARTESIAN_POINT('',(-5.423806627125,-7.169548219487,0.));
#5308 = PCURVE('',#2720,#5309);
#5309 = DEFINITIONAL_REPRESENTATION('',(#5310),#5317);
#5310 = B_SPLINE_CURVE_WITH_KNOTS('',5,(#5311,#5312,#5313,#5314,#5315,
    #5316),.UNSPECIFIED.,.F.,.F.,(6,6),(0.,1.),
  .PIECEWISE_BEZIER_KNOTS.);
#5311 = CARTESIAN_POINT('',(8.166666666667E-02,0.));
#5312 = CARTESIAN_POINT('',(6.53309424179E-02,3.937840008449E-02));
#5313 = CARTESIAN_POINT('',(4.897467291928E-02,7.914988528521E-02));
#5314 = CARTESIAN_POINT('',(3.26221434896E-02,0.119299833236));
#5315 = CARTESIAN_POINT('',(1.629231809175E-02,0.159806802711));
#5316 = CARTESIAN_POINT('',(0.,0.200648579146));
#5317 = ( GEOMETRIC_REPRESENTATION_CONTEXT(2) 
PARAMETRIC_REPRESENTATION_CONTEXT() REPRESENTATION_CONTEXT('2D SPACE',''
  ) );
#5318 = PCURVE('',#2690,#5319);
#5319 = DEFINITIONAL_REPRESENTATION('',(#5320),#5327);
#5320 = B_SPLINE_CURVE_WITH_KNOTS('',5,(#5321,#5322,#5323,#5324,#5325,
    #5326),.UNSPECIFIED.,.F.,.F.,(6,6),(0.,1.),
  .PIECEWISE_BEZIER_KNOTS.);
#5321 = CARTESIAN_POINT('',(-4.06590543718,9.999999999998E-03));
#5322 = CARTESIAN_POINT('',(-4.067074768007,0.108014345493));
#5323 = CARTESIAN_POINT('',(-4.067482683419,0.206151962484));
#5324 = CARTESIAN_POINT('',(-4.067188779774,0.304267139062));
#5325 = CARTESIAN_POINT('',(-4.066253353364,0.40224609145));
#5326 = CARTESIAN_POINT('',(-4.064736984254,0.5));
#5327 = ( GEOMETRIC_REPRESENTATION_CONTEXT(2) 
PARAMETRIC_REPRESENTATION_CONTEXT() REPRESENTATION_CONTEXT('2D SPACE',''
  ) );
#5328 = ORIENTED_EDGE('',*,*,#5329,.T.);
#5329 = EDGE_CURVE('',#5298,#5330,#5332,.T.);
#5330 = VERTEX_POINT('',#5331);
#5331 = CARTESIAN_POINT('',(-5.120257841912,-6.784759364365,5.51));
#5332 = SURFACE_CURVE('',#5333,(#5336,#5343),.PCURVE_S1.);
#5333 = B_SPLINE_CURVE_WITH_KNOTS('',1,(#5334,#5335),.UNSPECIFIED.,.F.,
  .F.,(2,2),(0.,1.),.PIECEWISE_BEZIER_KNOTS.);
#5334 = CARTESIAN_POINT('',(-5.120257841912,-6.784759364365,0.));
#5335 = CARTESIAN_POINT('',(-5.120257841912,-6.784759364365,6.));
#5336 = PCURVE('',#2720,#5337);
#5337 = DEFINITIONAL_REPRESENTATION('',(#5338),#5342);
#5338 = LINE('',#5339,#5340);
#5339 = CARTESIAN_POINT('',(0.,0.));
#5340 = VECTOR('',#5341,1.);
#5341 = DIRECTION('',(1.,0.));
#5342 = ( GEOMETRIC_REPRESENTATION_CONTEXT(2) 
PARAMETRIC_REPRESENTATION_CONTEXT() REPRESENTATION_CONTEXT('2D SPACE',''
  ) );
#5343 = PCURVE('',#5344,#5353);
#5344 = B_SPLINE_SURFACE_WITH_KNOTS('',1,3,(
    (#5345,#5346,#5347,#5348)
    ,(#5349,#5350,#5351,#5352
    )),.UNSPECIFIED.,.F.,.F.,.F.,(2,2),(4,4),(0.,1.),(0.,1.),
  .PIECEWISE_BEZIER_KNOTS.);
#5345 = CARTESIAN_POINT('',(-4.156517505519,-7.414402351256,0.));
#5346 = CARTESIAN_POINT('',(-4.491500490598,-7.226620490078,0.));
#5347 = CARTESIAN_POINT('',(-4.813731089772,-7.016096732516,0.));
#5348 = CARTESIAN_POINT('',(-5.120257841912,-6.784759364365,0.));
#5349 = CARTESIAN_POINT('',(-4.156517505519,-7.414402351256,6.));
#5350 = CARTESIAN_POINT('',(-4.491500490598,-7.226620490078,6.));
#5351 = CARTESIAN_POINT('',(-4.813731089772,-7.016096732516,6.));
#5352 = CARTESIAN_POINT('',(-5.120257841912,-6.784759364365,6.));
#5353 = DEFINITIONAL_REPRESENTATION('',(#5354),#5358);
#5354 = LINE('',#5355,#5356);
#5355 = CARTESIAN_POINT('',(0.,1.));
#5356 = VECTOR('',#5357,1.);
#5357 = DIRECTION('',(1.,0.));
#5358 = ( GEOMETRIC_REPRESENTATION_CONTEXT(2) 
PARAMETRIC_REPRESENTATION_CONTEXT() REPRESENTATION_CONTEXT('2D SPACE',''
  ) );
#5359 = ORIENTED_EDGE('',*,*,#5360,.T.);
#5360 = EDGE_CURVE('',#5330,#4665,#5361,.T.);
#5361 = SURFACE_CURVE('',#5362,(#5369,#5379),.PCURVE_S1.);
#5362 = B_SPLINE_CURVE_WITH_KNOTS('',5,(#5363,#5364,#5365,#5366,#5367,
    #5368),.UNSPECIFIED.,.F.,.F.,(6,6),(0.,1.),
  .PIECEWISE_BEZIER_KNOTS.);
#5363 = CARTESIAN_POINT('',(-5.120257841912,-6.784759364365,5.51));
#5364 = CARTESIAN_POINT('',(-5.171366416136,-6.868982374826,
    5.608014345515));
#5365 = CARTESIAN_POINT('',(-5.227477773311,-6.94956615134,
    5.706151961263));
#5366 = CARTESIAN_POINT('',(-5.288419597322,-7.026504646318,
    5.804267144507));
#5367 = CARTESIAN_POINT('',(-5.353958494373,-7.099813717754,
    5.902246091406));
#5368 = CARTESIAN_POINT('',(-5.423806627142,-7.169548219503,6.));
#5369 = PCURVE('',#2720,#5370);
#5370 = DEFINITIONAL_REPRESENTATION('',(#5371),#5378);
#5371 = B_SPLINE_CURVE_WITH_KNOTS('',5,(#5372,#5373,#5374,#5375,#5376,
    #5377),.UNSPECIFIED.,.F.,.F.,(6,6),(0.,1.),
  .PIECEWISE_BEZIER_KNOTS.);
#5372 = CARTESIAN_POINT('',(0.918333333333,0.));
#5373 = CARTESIAN_POINT('',(0.934669057586,3.937840009347E-02));
#5374 = CARTESIAN_POINT('',(0.951025326877,7.91498857223E-02));
#5375 = CARTESIAN_POINT('',(0.967377857418,0.119299831211));
#5376 = CARTESIAN_POINT('',(0.983707681901,0.159806802703));
#5377 = CARTESIAN_POINT('',(1.,0.200648579156));
#5378 = ( GEOMETRIC_REPRESENTATION_CONTEXT(2) 
PARAMETRIC_REPRESENTATION_CONTEXT() REPRESENTATION_CONTEXT('2D SPACE',''
  ) );
#5379 = PCURVE('',#4685,#5380);
#5380 = DEFINITIONAL_REPRESENTATION('',(#5381),#5388);
#5381 = B_SPLINE_CURVE_WITH_KNOTS('',5,(#5382,#5383,#5384,#5385,#5386,
    #5387),.UNSPECIFIED.,.F.,.F.,(6,6),(0.,1.),
  .PIECEWISE_BEZIER_KNOTS.);
#5382 = CARTESIAN_POINT('',(4.06590543718,-0.5));
#5383 = CARTESIAN_POINT('',(4.067074768007,-0.401985654485));
#5384 = CARTESIAN_POINT('',(4.067482683378,-0.303848037621));
#5385 = CARTESIAN_POINT('',(4.067188779832,-0.205732860655));
#5386 = CARTESIAN_POINT('',(4.066253353364,-0.107753908583));
#5387 = CARTESIAN_POINT('',(4.064736984253,-9.999999988579E-03));
#5388 = ( GEOMETRIC_REPRESENTATION_CONTEXT(2) 
PARAMETRIC_REPRESENTATION_CONTEXT() REPRESENTATION_CONTEXT('2D SPACE',''
  ) );
#5389 = ORIENTED_EDGE('',*,*,#4697,.T.);
#5390 = ORIENTED_EDGE('',*,*,#5271,.F.);
#5391 = ADVANCED_FACE('',(#5392),#2690,.F.);
#5392 = FACE_BOUND('',#5393,.T.);
#5393 = EDGE_LOOP('',(#5394,#5426,#5427,#5428));
#5394 = ORIENTED_EDGE('',*,*,#5395,.T.);
#5395 = EDGE_CURVE('',#5396,#2636,#5398,.T.);
#5396 = VERTEX_POINT('',#5397);
#5397 = CARTESIAN_POINT('',(-4.156517505519,-7.414402351256,0.49));
#5398 = SURFACE_CURVE('',#5399,(#5406,#5416),.PCURVE_S1.);
#5399 = B_SPLINE_CURVE_WITH_KNOTS('',5,(#5400,#5401,#5402,#5403,#5404,
    #5405),.UNSPECIFIED.,.F.,.F.,(6,6),(0.,1.),
  .PIECEWISE_BEZIER_KNOTS.);
#5400 = CARTESIAN_POINT('',(-4.156517505519,-7.414402351256,0.49));
#5401 = CARTESIAN_POINT('',(-4.21311661155,-7.495038218228,
    0.391985654507));
#5402 = CARTESIAN_POINT('',(-4.264373409033,-7.578793635736,
    0.293848037516));
#5403 = CARTESIAN_POINT('',(-4.310351580766,-7.665508379624,
    0.195732860938));
#5404 = CARTESIAN_POINT('',(-4.351159395974,-7.754975067495,
    9.775390855047E-02));
#5405 = CARTESIAN_POINT('',(-4.386962717255,-7.846952154653,0.));
#5406 = PCURVE('',#2690,#5407);
#5407 = DEFINITIONAL_REPRESENTATION('',(#5408),#5415);
#5408 = B_SPLINE_CURVE_WITH_KNOTS('',5,(#5409,#5410,#5411,#5412,#5413,
    #5414),.UNSPECIFIED.,.F.,.F.,(6,6),(0.,1.),
  .PIECEWISE_BEZIER_KNOTS.);
#5409 = CARTESIAN_POINT('',(-4.201443651214,1.E-02));
#5410 = CARTESIAN_POINT('',(-4.200274320387,0.108014345493));
#5411 = CARTESIAN_POINT('',(-4.199866404975,0.206151962484));
#5412 = CARTESIAN_POINT('',(-4.20016030862,0.304267139062));
#5413 = CARTESIAN_POINT('',(-4.20109573503,0.40224609145));
#5414 = CARTESIAN_POINT('',(-4.202612104141,0.5));
#5415 = ( GEOMETRIC_REPRESENTATION_CONTEXT(2) 
PARAMETRIC_REPRESENTATION_CONTEXT() REPRESENTATION_CONTEXT('2D SPACE',''
  ) );
#5416 = PCURVE('',#2653,#5417);
#5417 = DEFINITIONAL_REPRESENTATION('',(#5418),#5425);
#5418 = B_SPLINE_CURVE_WITH_KNOTS('',5,(#5419,#5420,#5421,#5422,#5423,
    #5424),.UNSPECIFIED.,.F.,.F.,(6,6),(0.,1.),
  .PIECEWISE_BEZIER_KNOTS.);
#5419 = CARTESIAN_POINT('',(8.166666666667E-02,1.));
#5420 = CARTESIAN_POINT('',(6.53309424179E-02,0.960621599916));
#5421 = CARTESIAN_POINT('',(4.897467291928E-02,0.920850114715));
#5422 = CARTESIAN_POINT('',(3.26221434896E-02,0.880700166764));
#5423 = CARTESIAN_POINT('',(1.629231809175E-02,0.840193197289));
#5424 = CARTESIAN_POINT('',(0.,0.799351420854));
#5425 = ( GEOMETRIC_REPRESENTATION_CONTEXT(2) 
PARAMETRIC_REPRESENTATION_CONTEXT() REPRESENTATION_CONTEXT('2D SPACE',''
  ) );
#5426 = ORIENTED_EDGE('',*,*,#2669,.T.);
#5427 = ORIENTED_EDGE('',*,*,#5297,.F.);
#5428 = ORIENTED_EDGE('',*,*,#5429,.F.);
#5429 = EDGE_CURVE('',#5396,#5298,#5430,.T.);
#5430 = SURFACE_CURVE('',#5431,(#5440,#5452),.PCURVE_S1.);
#5431 = B_SPLINE_CURVE_WITH_KNOTS('',4,(#5432,#5433,#5434,#5435,#5436,
    #5437,#5438,#5439),.UNSPECIFIED.,.F.,.F.,(5,3,5),(0.,0.499491081851,
    1.),.UNSPECIFIED.);
#5432 = CARTESIAN_POINT('',(-4.156517505519,-7.414402351256,0.49));
#5433 = CARTESIAN_POINT('',(-4.282008155739,-7.344055889172,
    0.489996810525));
#5434 = CARTESIAN_POINT('',(-4.405908198113,-7.270872367218,
    0.489999636231));
#5435 = CARTESIAN_POINT('',(-4.528125398879,-7.194912009318,
    0.49000106152));
#5436 = CARTESIAN_POINT('',(-4.769255851524,-7.037397342719,
    0.490001070201));
#5437 = CARTESIAN_POINT('',(-4.888161827526,-6.955831973762,
    0.489999647787));
#5438 = CARTESIAN_POINT('',(-5.005193412965,-6.871599100128,
    0.489996804026));
#5439 = CARTESIAN_POINT('',(-5.120257841912,-6.784759364365,0.49));
#5440 = PCURVE('',#2690,#5441);
#5441 = DEFINITIONAL_REPRESENTATION('',(#5442),#5451);
#5442 = B_SPLINE_CURVE_WITH_KNOTS('',4,(#5443,#5444,#5445,#5446,#5447,
    #5448,#5449,#5450),.UNSPECIFIED.,.F.,.F.,(5,3,5),(0.,0.499491081851,
    1.),.UNSPECIFIED.);
#5443 = CARTESIAN_POINT('',(-4.201443651214,9.999999999999E-03));
#5444 = CARTESIAN_POINT('',(-4.184518606603,1.000318947494E-02));
#5445 = CARTESIAN_POINT('',(-4.167593590467,1.000036376939E-02));
#5446 = CARTESIAN_POINT('',(-4.150668555549,9.998938479917E-03));
#5447 = CARTESIAN_POINT('',(-4.116783999618,9.998929799201E-03));
#5448 = CARTESIAN_POINT('',(-4.099824475726,1.000035221316E-02));
#5449 = CARTESIAN_POINT('',(-4.082864970742,1.000319597427E-02));
#5450 = CARTESIAN_POINT('',(-4.06590543718,1.E-02));
#5451 = ( GEOMETRIC_REPRESENTATION_CONTEXT(2) 
PARAMETRIC_REPRESENTATION_CONTEXT() REPRESENTATION_CONTEXT('2D SPACE',''
  ) );
#5452 = PCURVE('',#5344,#5453);
#5453 = DEFINITIONAL_REPRESENTATION('',(#5454),#5463);
#5454 = B_SPLINE_CURVE_WITH_KNOTS('',4,(#5455,#5456,#5457,#5458,#5459,
    #5460,#5461,#5462),.UNSPECIFIED.,.F.,.F.,(5,3,5),(0.,0.499491081851,
    1.),.UNSPECIFIED.);
#5455 = CARTESIAN_POINT('',(8.166666666667E-02,0.));
#5456 = CARTESIAN_POINT('',(8.166613508751E-02,0.12487266101));
#5457 = CARTESIAN_POINT('',(8.166660603843E-02,0.249745516525));
#5458 = CARTESIAN_POINT('',(8.166684358668E-02,0.374618289945));
#5459 = CARTESIAN_POINT('',(8.166684503347E-02,0.624618332846));
#5460 = CARTESIAN_POINT('',(8.166660796447E-02,0.749745565097));
#5461 = CARTESIAN_POINT('',(8.166613400429E-02,0.874872880161));
#5462 = CARTESIAN_POINT('',(8.166666666667E-02,1.));
#5463 = ( GEOMETRIC_REPRESENTATION_CONTEXT(2) 
PARAMETRIC_REPRESENTATION_CONTEXT() REPRESENTATION_CONTEXT('2D SPACE',''
  ) );
#5464 = ADVANCED_FACE('',(#5465),#2653,.F.);
#5465 = FACE_BOUND('',#5466,.F.);
#5466 = EDGE_LOOP('',(#5467,#5468,#5488,#5489,#5521,#5541));
#5467 = ORIENTED_EDGE('',*,*,#2635,.F.);
#5468 = ORIENTED_EDGE('',*,*,#5469,.T.);
#5469 = EDGE_CURVE('',#2602,#4615,#5470,.T.);
#5470 = SURFACE_CURVE('',#5471,(#5474,#5481),.PCURVE_S1.);
#5471 = B_SPLINE_CURVE_WITH_KNOTS('',1,(#5472,#5473),.UNSPECIFIED.,.F.,
  .F.,(2,2),(0.,1.),.PIECEWISE_BEZIER_KNOTS.);
#5472 = CARTESIAN_POINT('',(-4.490880734652,-9.767010301373,0.));
#5473 = CARTESIAN_POINT('',(-4.490880734652,-9.767010301373,6.));
#5474 = PCURVE('',#2653,#5475);
#5475 = DEFINITIONAL_REPRESENTATION('',(#5476),#5480);
#5476 = LINE('',#5477,#5478);
#5477 = CARTESIAN_POINT('',(0.,0.));
#5478 = VECTOR('',#5479,1.);
#5479 = DIRECTION('',(1.,0.));
#5480 = ( GEOMETRIC_REPRESENTATION_CONTEXT(2) 
PARAMETRIC_REPRESENTATION_CONTEXT() REPRESENTATION_CONTEXT('2D SPACE',''
  ) );
#5481 = PCURVE('',#2619,#5482);
#5482 = DEFINITIONAL_REPRESENTATION('',(#5483),#5487);
#5483 = LINE('',#5484,#5485);
#5484 = CARTESIAN_POINT('',(0.,1.));
#5485 = VECTOR('',#5486,1.);
#5486 = DIRECTION('',(1.,0.));
#5487 = ( GEOMETRIC_REPRESENTATION_CONTEXT(2) 
PARAMETRIC_REPRESENTATION_CONTEXT() REPRESENTATION_CONTEXT('2D SPACE',''
  ) );
#5488 = ORIENTED_EDGE('',*,*,#4639,.T.);
#5489 = ORIENTED_EDGE('',*,*,#5490,.T.);
#5490 = EDGE_CURVE('',#4640,#5491,#5493,.T.);
#5491 = VERTEX_POINT('',#5492);
#5492 = CARTESIAN_POINT('',(-4.156517505519,-7.414402351256,5.51));
#5493 = SURFACE_CURVE('',#5494,(#5501,#5511),.PCURVE_S1.);
#5494 = B_SPLINE_CURVE_WITH_KNOTS('',5,(#5495,#5496,#5497,#5498,#5499,
    #5500),.UNSPECIFIED.,.F.,.F.,(6,6),(0.,1.),
  .PIECEWISE_BEZIER_KNOTS.);
#5495 = CARTESIAN_POINT('',(-4.386962717263,-7.846952154675,6.));
#5496 = CARTESIAN_POINT('',(-4.351159395955,-7.754975067443,
    5.902246091372));
#5497 = CARTESIAN_POINT('',(-4.310351578823,-7.665508375118,
    5.804267144509));
#5498 = CARTESIAN_POINT('',(-4.26437340921,-7.578793636792,
    5.706151961263));
#5499 = CARTESIAN_POINT('',(-4.21311661154,-7.495038218213,
    5.608014345475));
#5500 = CARTESIAN_POINT('',(-4.156517505519,-7.414402351256,5.51));
#5501 = PCURVE('',#2653,#5502);
#5502 = DEFINITIONAL_REPRESENTATION('',(#5503),#5510);
#5503 = B_SPLINE_CURVE_WITH_KNOTS('',5,(#5504,#5505,#5506,#5507,#5508,
    #5509),.UNSPECIFIED.,.F.,.F.,(6,6),(0.,1.),
  .PIECEWISE_BEZIER_KNOTS.);
#5504 = CARTESIAN_POINT('',(1.,0.799351420844));
#5505 = CARTESIAN_POINT('',(0.983707681895,0.840193197312));
#5506 = CARTESIAN_POINT('',(0.967377857418,0.880700168789));
#5507 = CARTESIAN_POINT('',(0.951025326877,0.920850114279));
#5508 = CARTESIAN_POINT('',(0.934669057579,0.960621599923));
#5509 = CARTESIAN_POINT('',(0.918333333333,1.));
#5510 = ( GEOMETRIC_REPRESENTATION_CONTEXT(2) 
PARAMETRIC_REPRESENTATION_CONTEXT() REPRESENTATION_CONTEXT('2D SPACE',''
  ) );
#5511 = PCURVE('',#4685,#5512);
#5512 = DEFINITIONAL_REPRESENTATION('',(#5513),#5520);
#5513 = B_SPLINE_CURVE_WITH_KNOTS('',5,(#5514,#5515,#5516,#5517,#5518,
    #5519),.UNSPECIFIED.,.F.,.F.,(6,6),(0.,1.),
  .PIECEWISE_BEZIER_KNOTS.);
#5514 = CARTESIAN_POINT('',(4.202612104141,-9.999999988581E-03));
#5515 = CARTESIAN_POINT('',(4.201095735029,-0.107753908617));
#5516 = CARTESIAN_POINT('',(4.200160308563,-0.205732860654));
#5517 = CARTESIAN_POINT('',(4.199866405016,-0.303848037623));
#5518 = CARTESIAN_POINT('',(4.200274320388,-0.401985654525));
#5519 = CARTESIAN_POINT('',(4.201443651214,-0.5));
#5520 = ( GEOMETRIC_REPRESENTATION_CONTEXT(2) 
PARAMETRIC_REPRESENTATION_CONTEXT() REPRESENTATION_CONTEXT('2D SPACE',''
  ) );
#5521 = ORIENTED_EDGE('',*,*,#5522,.F.);
#5522 = EDGE_CURVE('',#5396,#5491,#5523,.T.);
#5523 = SURFACE_CURVE('',#5524,(#5527,#5534),.PCURVE_S1.);
#5524 = B_SPLINE_CURVE_WITH_KNOTS('',1,(#5525,#5526),.UNSPECIFIED.,.F.,
  .F.,(2,2),(0.,1.),.PIECEWISE_BEZIER_KNOTS.);
#5525 = CARTESIAN_POINT('',(-4.156517505519,-7.414402351256,0.));
#5526 = CARTESIAN_POINT('',(-4.156517505519,-7.414402351256,6.));
#5527 = PCURVE('',#2653,#5528);
#5528 = DEFINITIONAL_REPRESENTATION('',(#5529),#5533);
#5529 = LINE('',#5530,#5531);
#5530 = CARTESIAN_POINT('',(0.,1.));
#5531 = VECTOR('',#5532,1.);
#5532 = DIRECTION('',(1.,0.));
#5533 = ( GEOMETRIC_REPRESENTATION_CONTEXT(2) 
PARAMETRIC_REPRESENTATION_CONTEXT() REPRESENTATION_CONTEXT('2D SPACE',''
  ) );
#5534 = PCURVE('',#5344,#5535);
#5535 = DEFINITIONAL_REPRESENTATION('',(#5536),#5540);
#5536 = LINE('',#5537,#5538);
#5537 = CARTESIAN_POINT('',(0.,0.));
#5538 = VECTOR('',#5539,1.);
#5539 = DIRECTION('',(1.,0.));
#5540 = ( GEOMETRIC_REPRESENTATION_CONTEXT(2) 
PARAMETRIC_REPRESENTATION_CONTEXT() REPRESENTATION_CONTEXT('2D SPACE',''
  ) );
#5541 = ORIENTED_EDGE('',*,*,#5395,.T.);
#5542 = ADVANCED_FACE('',(#5543),#2619,.F.);
#5543 = FACE_BOUND('',#5544,.F.);
#5544 = EDGE_LOOP('',(#5545,#5546,#5566,#5567));
#5545 = ORIENTED_EDGE('',*,*,#2601,.F.);
#5546 = ORIENTED_EDGE('',*,*,#5547,.T.);
#5547 = EDGE_CURVE('',#2568,#4590,#5548,.T.);
#5548 = SURFACE_CURVE('',#5549,(#5552,#5559),.PCURVE_S1.);
#5549 = B_SPLINE_CURVE_WITH_KNOTS('',1,(#5550,#5551),.UNSPECIFIED.,.F.,
  .F.,(2,2),(0.,1.),.PIECEWISE_BEZIER_KNOTS.);
#5550 = CARTESIAN_POINT('',(-4.144232252562,-9.919064423464,0.));
#5551 = CARTESIAN_POINT('',(-4.144232252562,-9.919064423464,6.));
#5552 = PCURVE('',#2619,#5553);
#5553 = DEFINITIONAL_REPRESENTATION('',(#5554),#5558);
#5554 = LINE('',#5555,#5556);
#5555 = CARTESIAN_POINT('',(0.,0.));
#5556 = VECTOR('',#5557,1.);
#5557 = DIRECTION('',(1.,0.));
#5558 = ( GEOMETRIC_REPRESENTATION_CONTEXT(2) 
PARAMETRIC_REPRESENTATION_CONTEXT() REPRESENTATION_CONTEXT('2D SPACE',''
  ) );
#5559 = PCURVE('',#2585,#5560);
#5560 = DEFINITIONAL_REPRESENTATION('',(#5561),#5565);
#5561 = LINE('',#5562,#5563);
#5562 = CARTESIAN_POINT('',(0.,1.));
#5563 = VECTOR('',#5564,1.);
#5564 = DIRECTION('',(1.,0.));
#5565 = ( GEOMETRIC_REPRESENTATION_CONTEXT(2) 
PARAMETRIC_REPRESENTATION_CONTEXT() REPRESENTATION_CONTEXT('2D SPACE',''
  ) );
#5566 = ORIENTED_EDGE('',*,*,#4614,.T.);
#5567 = ORIENTED_EDGE('',*,*,#5469,.F.);
#5568 = ADVANCED_FACE('',(#5569),#2585,.F.);
#5569 = FACE_BOUND('',#5570,.F.);
#5570 = EDGE_LOOP('',(#5571,#5572,#5604,#5635,#5665,#5666));
#5571 = ORIENTED_EDGE('',*,*,#2567,.F.);
#5572 = ORIENTED_EDGE('',*,*,#5573,.F.);
#5573 = EDGE_CURVE('',#5574,#2535,#5576,.T.);
#5574 = VERTEX_POINT('',#5575);
#5575 = CARTESIAN_POINT('',(-2.639820384543,-8.079687391066,0.49));
#5576 = SURFACE_CURVE('',#5577,(#5584,#5594),.PCURVE_S1.);
#5577 = B_SPLINE_CURVE_WITH_KNOTS('',5,(#5578,#5579,#5580,#5581,#5582,
    #5583),.UNSPECIFIED.,.F.,.F.,(6,6),(0.,1.),
  .PIECEWISE_BEZIER_KNOTS.);
#5578 = CARTESIAN_POINT('',(-2.639820384543,-8.079687391066,0.49));
#5579 = CARTESIAN_POINT('',(-2.660812588446,-8.175941893408,
    0.391985654507));
#5580 = CARTESIAN_POINT('',(-2.6877181674,-8.270378745702,0.293848037516
    ));
#5581 = CARTESIAN_POINT('',(-2.720376109474,-8.362936284039,
    0.195732860938));
#5582 = CARTESIAN_POINT('',(-2.758560509731,-8.453553708399,
    9.775390855047E-02));
#5583 = CARTESIAN_POINT('',(-2.80198132228,-8.542189454091,0.));
#5584 = PCURVE('',#2585,#5585);
#5585 = DEFINITIONAL_REPRESENTATION('',(#5586),#5593);
#5586 = B_SPLINE_CURVE_WITH_KNOTS('',5,(#5587,#5588,#5589,#5590,#5591,
    #5592),.UNSPECIFIED.,.F.,.F.,(6,6),(0.,1.),
  .PIECEWISE_BEZIER_KNOTS.);
#5587 = CARTESIAN_POINT('',(8.166666666667E-02,0.));
#5588 = CARTESIAN_POINT('',(6.53309424179E-02,3.937840008448E-02));
#5589 = CARTESIAN_POINT('',(4.897467291928E-02,7.914988528522E-02));
#5590 = CARTESIAN_POINT('',(3.26221434896E-02,0.119299833236));
#5591 = CARTESIAN_POINT('',(1.629231809175E-02,0.159806802711));
#5592 = CARTESIAN_POINT('',(0.,0.200648579146));
#5593 = ( GEOMETRIC_REPRESENTATION_CONTEXT(2) 
PARAMETRIC_REPRESENTATION_CONTEXT() REPRESENTATION_CONTEXT('2D SPACE',''
  ) );
#5594 = PCURVE('',#2555,#5595);
#5595 = DEFINITIONAL_REPRESENTATION('',(#5596),#5603);
#5596 = B_SPLINE_CURVE_WITH_KNOTS('',5,(#5597,#5598,#5599,#5600,#5601,
    #5602),.UNSPECIFIED.,.F.,.F.,(6,6),(0.,1.),
  .PIECEWISE_BEZIER_KNOTS.);
#5597 = CARTESIAN_POINT('',(-4.396599400716,9.999999999999E-03));
#5598 = CARTESIAN_POINT('',(-4.397768731543,0.108014345493));
#5599 = CARTESIAN_POINT('',(-4.398176646955,0.206151962484));
#5600 = CARTESIAN_POINT('',(-4.39788274331,0.304267139062));
#5601 = CARTESIAN_POINT('',(-4.3969473169,0.40224609145));
#5602 = CARTESIAN_POINT('',(-4.395430947789,0.5));
#5603 = ( GEOMETRIC_REPRESENTATION_CONTEXT(2) 
PARAMETRIC_REPRESENTATION_CONTEXT() REPRESENTATION_CONTEXT('2D SPACE',''
  ) );
#5604 = ORIENTED_EDGE('',*,*,#5605,.T.);
#5605 = EDGE_CURVE('',#5574,#5606,#5608,.T.);
#5606 = VERTEX_POINT('',#5607);
#5607 = CARTESIAN_POINT('',(-2.639820384543,-8.079687391066,5.51));
#5608 = SURFACE_CURVE('',#5609,(#5612,#5619),.PCURVE_S1.);
#5609 = B_SPLINE_CURVE_WITH_KNOTS('',1,(#5610,#5611),.UNSPECIFIED.,.F.,
  .F.,(2,2),(0.,1.),.PIECEWISE_BEZIER_KNOTS.);
#5610 = CARTESIAN_POINT('',(-2.639820384543,-8.079687391066,0.));
#5611 = CARTESIAN_POINT('',(-2.639820384543,-8.079687391066,6.));
#5612 = PCURVE('',#2585,#5613);
#5613 = DEFINITIONAL_REPRESENTATION('',(#5614),#5618);
#5614 = LINE('',#5615,#5616);
#5615 = CARTESIAN_POINT('',(0.,0.));
#5616 = VECTOR('',#5617,1.);
#5617 = DIRECTION('',(1.,0.));
#5618 = ( GEOMETRIC_REPRESENTATION_CONTEXT(2) 
PARAMETRIC_REPRESENTATION_CONTEXT() REPRESENTATION_CONTEXT('2D SPACE',''
  ) );
#5619 = PCURVE('',#5620,#5629);
#5620 = B_SPLINE_SURFACE_WITH_KNOTS('',1,3,(
    (#5621,#5622,#5623,#5624)
    ,(#5625,#5626,#5627,#5628
    )),.UNSPECIFIED.,.F.,.F.,.F.,(2,2),(4,4),(0.,1.),(0.,1.),
  .PIECEWISE_BEZIER_KNOTS.);
#5621 = CARTESIAN_POINT('',(-1.523853414227,-8.362288608506,0.));
#5622 = CARTESIAN_POINT('',(-1.901658767843,-8.293450083972,0.));
#5623 = CARTESIAN_POINT('',(-2.27478697668,-8.198961188796,0.));
#5624 = CARTESIAN_POINT('',(-2.639820384543,-8.079687391066,0.));
#5625 = CARTESIAN_POINT('',(-1.523853414227,-8.362288608506,6.));
#5626 = CARTESIAN_POINT('',(-1.901658767843,-8.293450083972,6.));
#5627 = CARTESIAN_POINT('',(-2.27478697668,-8.198961188796,6.));
#5628 = CARTESIAN_POINT('',(-2.639820384543,-8.079687391066,6.));
#5629 = DEFINITIONAL_REPRESENTATION('',(#5630),#5634);
#5630 = LINE('',#5631,#5632);
#5631 = CARTESIAN_POINT('',(0.,1.));
#5632 = VECTOR('',#5633,1.);
#5633 = DIRECTION('',(1.,0.));
#5634 = ( GEOMETRIC_REPRESENTATION_CONTEXT(2) 
PARAMETRIC_REPRESENTATION_CONTEXT() REPRESENTATION_CONTEXT('2D SPACE',''
  ) );
#5635 = ORIENTED_EDGE('',*,*,#5636,.T.);
#5636 = EDGE_CURVE('',#5606,#4557,#5637,.T.);
#5637 = SURFACE_CURVE('',#5638,(#5645,#5655),.PCURVE_S1.);
#5638 = B_SPLINE_CURVE_WITH_KNOTS('',5,(#5639,#5640,#5641,#5642,#5643,
    #5644),.UNSPECIFIED.,.F.,.F.,(6,6),(0.,1.),
  .PIECEWISE_BEZIER_KNOTS.);
#5639 = CARTESIAN_POINT('',(-2.639820384543,-8.079687391066,5.51));
#5640 = CARTESIAN_POINT('',(-2.660812588451,-8.17594189343,
    5.608014345515));
#5641 = CARTESIAN_POINT('',(-2.687718168062,-8.27037874655,
    5.706151961263));
#5642 = CARTESIAN_POINT('',(-2.720376107471,-8.36293627956,
    5.804267144507));
#5643 = CARTESIAN_POINT('',(-2.758560509721,-8.453553708381,
    5.902246091406));
#5644 = CARTESIAN_POINT('',(-2.801981322291,-8.542189454112,6.));
#5645 = PCURVE('',#2585,#5646);
#5646 = DEFINITIONAL_REPRESENTATION('',(#5647),#5654);
#5647 = B_SPLINE_CURVE_WITH_KNOTS('',5,(#5648,#5649,#5650,#5651,#5652,
    #5653),.UNSPECIFIED.,.F.,.F.,(6,6),(0.,1.),
  .PIECEWISE_BEZIER_KNOTS.);
#5648 = CARTESIAN_POINT('',(0.918333333333,0.));
#5649 = CARTESIAN_POINT('',(0.934669057586,3.937840009347E-02));
#5650 = CARTESIAN_POINT('',(0.951025326877,7.91498857223E-02));
#5651 = CARTESIAN_POINT('',(0.967377857418,0.119299831211));
#5652 = CARTESIAN_POINT('',(0.983707681901,0.159806802703));
#5653 = CARTESIAN_POINT('',(1.,0.200648579156));
#5654 = ( GEOMETRIC_REPRESENTATION_CONTEXT(2) 
PARAMETRIC_REPRESENTATION_CONTEXT() REPRESENTATION_CONTEXT('2D SPACE',''
  ) );
#5655 = PCURVE('',#4577,#5656);
#5656 = DEFINITIONAL_REPRESENTATION('',(#5657),#5664);
#5657 = B_SPLINE_CURVE_WITH_KNOTS('',5,(#5658,#5659,#5660,#5661,#5662,
    #5663),.UNSPECIFIED.,.F.,.F.,(6,6),(0.,1.),
  .PIECEWISE_BEZIER_KNOTS.);
#5658 = CARTESIAN_POINT('',(4.396599400716,-0.5));
#5659 = CARTESIAN_POINT('',(4.397768731543,-0.401985654485));
#5660 = CARTESIAN_POINT('',(4.398176646913,-0.303848037621));
#5661 = CARTESIAN_POINT('',(4.397882743368,-0.205732860655));
#5662 = CARTESIAN_POINT('',(4.3969473169,-0.107753908583));
#5663 = CARTESIAN_POINT('',(4.395430947789,-9.999999988581E-03));
#5664 = ( GEOMETRIC_REPRESENTATION_CONTEXT(2) 
PARAMETRIC_REPRESENTATION_CONTEXT() REPRESENTATION_CONTEXT('2D SPACE',''
  ) );
#5665 = ORIENTED_EDGE('',*,*,#4589,.T.);
#5666 = ORIENTED_EDGE('',*,*,#5547,.F.);
#5667 = ADVANCED_FACE('',(#5668),#2555,.F.);
#5668 = FACE_BOUND('',#5669,.T.);
#5669 = EDGE_LOOP('',(#5670,#5702,#5703,#5704));
#5670 = ORIENTED_EDGE('',*,*,#5671,.T.);
#5671 = EDGE_CURVE('',#5672,#2501,#5674,.T.);
#5672 = VERTEX_POINT('',#5673);
#5673 = CARTESIAN_POINT('',(-1.523853414227,-8.362288608506,0.49));
#5674 = SURFACE_CURVE('',#5675,(#5682,#5692),.PCURVE_S1.);
#5675 = B_SPLINE_CURVE_WITH_KNOTS('',5,(#5676,#5677,#5678,#5679,#5680,
    #5681),.UNSPECIFIED.,.F.,.F.,(6,6),(0.,1.),
  .PIECEWISE_BEZIER_KNOTS.);
#5676 = CARTESIAN_POINT('',(-1.523853414227,-8.362288608506,0.49));
#5677 = CARTESIAN_POINT('',(-1.551203401372,-8.456933101473,
    0.391985654507));
#5678 = CARTESIAN_POINT('',(-1.572487624578,-8.552793474373,
    0.293848037516));
#5679 = CARTESIAN_POINT('',(-1.587818340832,-8.649738862209,
    0.195732860938));
#5680 = CARTESIAN_POINT('',(-1.597365289989,-8.747608274093,
    9.775390855048E-02));
#5681 = CARTESIAN_POINT('',(-1.601363777187,-8.846227108384,0.));
#5682 = PCURVE('',#2555,#5683);
#5683 = DEFINITIONAL_REPRESENTATION('',(#5684),#5691);
#5684 = B_SPLINE_CURVE_WITH_KNOTS('',5,(#5685,#5686,#5687,#5688,#5689,
    #5690),.UNSPECIFIED.,.F.,.F.,(6,6),(0.,1.),
  .PIECEWISE_BEZIER_KNOTS.);
#5685 = CARTESIAN_POINT('',(-4.532137614749,1.E-02));
#5686 = CARTESIAN_POINT('',(-4.530968283923,0.108014345493));
#5687 = CARTESIAN_POINT('',(-4.530560368511,0.206151962484));
#5688 = CARTESIAN_POINT('',(-4.530854272156,0.304267139062));
#5689 = CARTESIAN_POINT('',(-4.531789698566,0.40224609145));
#5690 = CARTESIAN_POINT('',(-4.533306067676,0.5));
#5691 = ( GEOMETRIC_REPRESENTATION_CONTEXT(2) 
PARAMETRIC_REPRESENTATION_CONTEXT() REPRESENTATION_CONTEXT('2D SPACE',''
  ) );
#5692 = PCURVE('',#2518,#5693);
#5693 = DEFINITIONAL_REPRESENTATION('',(#5694),#5701);
#5694 = B_SPLINE_CURVE_WITH_KNOTS('',5,(#5695,#5696,#5697,#5698,#5699,
    #5700),.UNSPECIFIED.,.F.,.F.,(6,6),(0.,1.),
  .PIECEWISE_BEZIER_KNOTS.);
#5695 = CARTESIAN_POINT('',(8.166666666667E-02,1.));
#5696 = CARTESIAN_POINT('',(6.53309424179E-02,0.960621599916));
#5697 = CARTESIAN_POINT('',(4.897467291928E-02,0.920850114715));
#5698 = CARTESIAN_POINT('',(3.26221434896E-02,0.880700166764));
#5699 = CARTESIAN_POINT('',(1.629231809175E-02,0.840193197289));
#5700 = CARTESIAN_POINT('',(0.,0.799351420854));
#5701 = ( GEOMETRIC_REPRESENTATION_CONTEXT(2) 
PARAMETRIC_REPRESENTATION_CONTEXT() REPRESENTATION_CONTEXT('2D SPACE',''
  ) );
#5702 = ORIENTED_EDGE('',*,*,#2534,.T.);
#5703 = ORIENTED_EDGE('',*,*,#5573,.F.);
#5704 = ORIENTED_EDGE('',*,*,#5705,.F.);
#5705 = EDGE_CURVE('',#5672,#5574,#5706,.T.);
#5706 = SURFACE_CURVE('',#5707,(#5716,#5728),.PCURVE_S1.);
#5707 = B_SPLINE_CURVE_WITH_KNOTS('',4,(#5708,#5709,#5710,#5711,#5712,
    #5713,#5714,#5715),.UNSPECIFIED.,.F.,.F.,(5,3,5),(0.,0.499491187557,
    1.),.UNSPECIFIED.);
#5708 = CARTESIAN_POINT('',(-1.523853414227,-8.362288608506,0.49));
#5709 = CARTESIAN_POINT('',(-1.66538612373,-8.336500453833,
    0.489996810524));
#5710 = CARTESIAN_POINT('',(-1.806335600492,-8.307512488142,
    0.489999636232));
#5711 = CARTESIAN_POINT('',(-1.946595053491,-8.275351724022,
    0.490001061521));
#5712 = CARTESIAN_POINT('',(-2.225805320726,-8.204666562516,0.4900010702
    ));
#5713 = CARTESIAN_POINT('',(-2.364752845247,-8.16612934434,
    0.489999647786));
#5714 = CARTESIAN_POINT('',(-2.50279367657,-8.124460541957,
    0.489996804026));
#5715 = CARTESIAN_POINT('',(-2.639820384543,-8.079687391066,0.49));
#5716 = PCURVE('',#2555,#5717);
#5717 = DEFINITIONAL_REPRESENTATION('',(#5718),#5727);
#5718 = B_SPLINE_CURVE_WITH_KNOTS('',4,(#5719,#5720,#5721,#5722,#5723,
    #5724,#5725,#5726),.UNSPECIFIED.,.F.,.F.,(5,3,5),(0.,0.499491187557,
    1.),.UNSPECIFIED.);
#5719 = CARTESIAN_POINT('',(-4.532137614749,1.E-02));
#5720 = CARTESIAN_POINT('',(-4.515212566556,1.000318947561E-02));
#5721 = CARTESIAN_POINT('',(-4.498287546839,1.000036376819E-02));
#5722 = CARTESIAN_POINT('',(-4.48136250834,9.998938479016E-03));
#5723 = CARTESIAN_POINT('',(-4.447477952408,9.998929800103E-03));
#5724 = CARTESIAN_POINT('',(-4.430518432099,1.000035221435E-02));
#5725 = CARTESIAN_POINT('',(-4.413558930696,1.00031959736E-02));
#5726 = CARTESIAN_POINT('',(-4.396599400716,1.E-02));
#5727 = ( GEOMETRIC_REPRESENTATION_CONTEXT(2) 
PARAMETRIC_REPRESENTATION_CONTEXT() REPRESENTATION_CONTEXT('2D SPACE',''
  ) );
#5728 = PCURVE('',#5620,#5729);
#5729 = DEFINITIONAL_REPRESENTATION('',(#5730),#5739);
#5730 = B_SPLINE_CURVE_WITH_KNOTS('',4,(#5731,#5732,#5733,#5734,#5735,
    #5736,#5737,#5738),.UNSPECIFIED.,.F.,.F.,(5,3,5),(0.,0.499491187557,
    1.),.UNSPECIFIED.);
#5731 = CARTESIAN_POINT('',(8.166666666667E-02,0.));
#5732 = CARTESIAN_POINT('',(8.16661350874E-02,0.124872687437));
#5733 = CARTESIAN_POINT('',(8.166660603864E-02,0.249745569379));
#5734 = CARTESIAN_POINT('',(8.166684358683E-02,0.374618369225));
#5735 = CARTESIAN_POINT('',(8.166684503332E-02,0.624618412126));
#5736 = CARTESIAN_POINT('',(8.166660796427E-02,0.749745617951));
#5737 = CARTESIAN_POINT('',(8.16661340044E-02,0.874872906587));
#5738 = CARTESIAN_POINT('',(8.166666666667E-02,1.));
#5739 = ( GEOMETRIC_REPRESENTATION_CONTEXT(2) 
PARAMETRIC_REPRESENTATION_CONTEXT() REPRESENTATION_CONTEXT('2D SPACE',''
  ) );
#5740 = ADVANCED_FACE('',(#5741),#2518,.F.);
#5741 = FACE_BOUND('',#5742,.F.);
#5742 = EDGE_LOOP('',(#5743,#5744,#5764,#5765,#5797,#5817));
#5743 = ORIENTED_EDGE('',*,*,#2500,.F.);
#5744 = ORIENTED_EDGE('',*,*,#5745,.T.);
#5745 = EDGE_CURVE('',#2467,#4507,#5746,.T.);
#5746 = SURFACE_CURVE('',#5747,(#5750,#5757),.PCURVE_S1.);
#5747 = B_SPLINE_CURVE_WITH_KNOTS('',1,(#5748,#5749),.UNSPECIFIED.,.F.,
  .F.,(2,2),(0.,1.),.PIECEWISE_BEZIER_KNOTS.);
#5748 = CARTESIAN_POINT('',(-1.076209368683,-10.69599333371,0.));
#5749 = CARTESIAN_POINT('',(-1.076209368683,-10.69599333371,6.));
#5750 = PCURVE('',#2518,#5751);
#5751 = DEFINITIONAL_REPRESENTATION('',(#5752),#5756);
#5752 = LINE('',#5753,#5754);
#5753 = CARTESIAN_POINT('',(0.,0.));
#5754 = VECTOR('',#5755,1.);
#5755 = DIRECTION('',(1.,0.));
#5756 = ( GEOMETRIC_REPRESENTATION_CONTEXT(2) 
PARAMETRIC_REPRESENTATION_CONTEXT() REPRESENTATION_CONTEXT('2D SPACE',''
  ) );
#5757 = PCURVE('',#2484,#5758);
#5758 = DEFINITIONAL_REPRESENTATION('',(#5759),#5763);
#5759 = LINE('',#5760,#5761);
#5760 = CARTESIAN_POINT('',(0.,1.));
#5761 = VECTOR('',#5762,1.);
#5762 = DIRECTION('',(1.,0.));
#5763 = ( GEOMETRIC_REPRESENTATION_CONTEXT(2) 
PARAMETRIC_REPRESENTATION_CONTEXT() REPRESENTATION_CONTEXT('2D SPACE',''
  ) );
#5764 = ORIENTED_EDGE('',*,*,#4531,.T.);
#5765 = ORIENTED_EDGE('',*,*,#5766,.T.);
#5766 = EDGE_CURVE('',#4532,#5767,#5769,.T.);
#5767 = VERTEX_POINT('',#5768);
#5768 = CARTESIAN_POINT('',(-1.523853414227,-8.362288608506,5.51));
#5769 = SURFACE_CURVE('',#5770,(#5777,#5787),.PCURVE_S1.);
#5770 = B_SPLINE_CURVE_WITH_KNOTS('',5,(#5771,#5772,#5773,#5774,#5775,
    #5776),.UNSPECIFIED.,.F.,.F.,(6,6),(0.,1.),
  .PIECEWISE_BEZIER_KNOTS.);
#5771 = CARTESIAN_POINT('',(-1.601363777188,-8.846227108407,6.));
#5772 = CARTESIAN_POINT('',(-1.597365289987,-8.747608274037,
    5.902246091372));
#5773 = CARTESIAN_POINT('',(-1.587818340457,-8.649738857317,
    5.804267144509));
#5774 = CARTESIAN_POINT('',(-1.572487624402,-8.55279347543,
    5.706151961263));
#5775 = CARTESIAN_POINT('',(-1.551203401367,-8.456933101456,
    5.608014345475));
#5776 = CARTESIAN_POINT('',(-1.523853414227,-8.362288608506,5.51));
#5777 = PCURVE('',#2518,#5778);
#5778 = DEFINITIONAL_REPRESENTATION('',(#5779),#5786);
#5779 = B_SPLINE_CURVE_WITH_KNOTS('',5,(#5780,#5781,#5782,#5783,#5784,
    #5785),.UNSPECIFIED.,.F.,.F.,(6,6),(0.,1.),
  .PIECEWISE_BEZIER_KNOTS.);
#5780 = CARTESIAN_POINT('',(1.,0.799351420844));
#5781 = CARTESIAN_POINT('',(0.983707681895,0.840193197312));
#5782 = CARTESIAN_POINT('',(0.967377857418,0.880700168789));
#5783 = CARTESIAN_POINT('',(0.951025326877,0.920850114279));
#5784 = CARTESIAN_POINT('',(0.934669057579,0.960621599923));
#5785 = CARTESIAN_POINT('',(0.918333333333,1.));
#5786 = ( GEOMETRIC_REPRESENTATION_CONTEXT(2) 
PARAMETRIC_REPRESENTATION_CONTEXT() REPRESENTATION_CONTEXT('2D SPACE',''
  ) );
#5787 = PCURVE('',#4577,#5788);
#5788 = DEFINITIONAL_REPRESENTATION('',(#5789),#5796);
#5789 = B_SPLINE_CURVE_WITH_KNOTS('',5,(#5790,#5791,#5792,#5793,#5794,
    #5795),.UNSPECIFIED.,.F.,.F.,(6,6),(0.,1.),
  .PIECEWISE_BEZIER_KNOTS.);
#5790 = CARTESIAN_POINT('',(4.533306067677,-9.99999998858E-03));
#5791 = CARTESIAN_POINT('',(4.531789698565,-0.107753908617));
#5792 = CARTESIAN_POINT('',(4.530854272098,-0.205732860654));
#5793 = CARTESIAN_POINT('',(4.530560368552,-0.303848037623));
#5794 = CARTESIAN_POINT('',(4.530968283923,-0.401985654525));
#5795 = CARTESIAN_POINT('',(4.532137614749,-0.5));
#5796 = ( GEOMETRIC_REPRESENTATION_CONTEXT(2) 
PARAMETRIC_REPRESENTATION_CONTEXT() REPRESENTATION_CONTEXT('2D SPACE',''
  ) );
#5797 = ORIENTED_EDGE('',*,*,#5798,.F.);
#5798 = EDGE_CURVE('',#5672,#5767,#5799,.T.);
#5799 = SURFACE_CURVE('',#5800,(#5803,#5810),.PCURVE_S1.);
#5800 = B_SPLINE_CURVE_WITH_KNOTS('',1,(#5801,#5802),.UNSPECIFIED.,.F.,
  .F.,(2,2),(0.,1.),.PIECEWISE_BEZIER_KNOTS.);
#5801 = CARTESIAN_POINT('',(-1.523853414227,-8.362288608506,0.));
#5802 = CARTESIAN_POINT('',(-1.523853414227,-8.362288608506,6.));
#5803 = PCURVE('',#2518,#5804);
#5804 = DEFINITIONAL_REPRESENTATION('',(#5805),#5809);
#5805 = LINE('',#5806,#5807);
#5806 = CARTESIAN_POINT('',(0.,1.));
#5807 = VECTOR('',#5808,1.);
#5808 = DIRECTION('',(1.,0.));
#5809 = ( GEOMETRIC_REPRESENTATION_CONTEXT(2) 
PARAMETRIC_REPRESENTATION_CONTEXT() REPRESENTATION_CONTEXT('2D SPACE',''
  ) );
#5810 = PCURVE('',#5620,#5811);
#5811 = DEFINITIONAL_REPRESENTATION('',(#5812),#5816);
#5812 = LINE('',#5813,#5814);
#5813 = CARTESIAN_POINT('',(0.,0.));
#5814 = VECTOR('',#5815,1.);
#5815 = DIRECTION('',(1.,0.));
#5816 = ( GEOMETRIC_REPRESENTATION_CONTEXT(2) 
PARAMETRIC_REPRESENTATION_CONTEXT() REPRESENTATION_CONTEXT('2D SPACE',''
  ) );
#5817 = ORIENTED_EDGE('',*,*,#5671,.T.);
#5818 = ADVANCED_FACE('',(#5819),#2484,.F.);
#5819 = FACE_BOUND('',#5820,.F.);
#5820 = EDGE_LOOP('',(#5821,#5822,#5842,#5843));
#5821 = ORIENTED_EDGE('',*,*,#2466,.F.);
#5822 = ORIENTED_EDGE('',*,*,#5823,.T.);
#5823 = EDGE_CURVE('',#2433,#4482,#5824,.T.);
#5824 = SURFACE_CURVE('',#5825,(#5828,#5835),.PCURVE_S1.);
#5825 = B_SPLINE_CURVE_WITH_KNOTS('',1,(#5826,#5827),.UNSPECIFIED.,.F.,
  .F.,(2,2),(0.,1.),.PIECEWISE_BEZIER_KNOTS.);
#5826 = CARTESIAN_POINT('',(-0.698971364779,-10.72725216591,0.));
#5827 = CARTESIAN_POINT('',(-0.698971364779,-10.72725216591,6.));
#5828 = PCURVE('',#2484,#5829);
#5829 = DEFINITIONAL_REPRESENTATION('',(#5830),#5834);
#5830 = LINE('',#5831,#5832);
#5831 = CARTESIAN_POINT('',(0.,0.));
#5832 = VECTOR('',#5833,1.);
#5833 = DIRECTION('',(1.,0.));
#5834 = ( GEOMETRIC_REPRESENTATION_CONTEXT(2) 
PARAMETRIC_REPRESENTATION_CONTEXT() REPRESENTATION_CONTEXT('2D SPACE',''
  ) );
#5835 = PCURVE('',#2450,#5836);
#5836 = DEFINITIONAL_REPRESENTATION('',(#5837),#5841);
#5837 = LINE('',#5838,#5839);
#5838 = CARTESIAN_POINT('',(0.,1.));
#5839 = VECTOR('',#5840,1.);
#5840 = DIRECTION('',(1.,0.));
#5841 = ( GEOMETRIC_REPRESENTATION_CONTEXT(2) 
PARAMETRIC_REPRESENTATION_CONTEXT() REPRESENTATION_CONTEXT('2D SPACE',''
  ) );
#5842 = ORIENTED_EDGE('',*,*,#4506,.T.);
#5843 = ORIENTED_EDGE('',*,*,#5745,.F.);
#5844 = ADVANCED_FACE('',(#5845),#2450,.F.);
#5845 = FACE_BOUND('',#5846,.F.);
#5846 = EDGE_LOOP('',(#5847,#5848,#5880,#5911,#5941,#5942));
#5847 = ORIENTED_EDGE('',*,*,#2432,.F.);
#5848 = ORIENTED_EDGE('',*,*,#5849,.F.);
#5849 = EDGE_CURVE('',#5850,#2400,#5852,.T.);
#5850 = VERTEX_POINT('',#5851);
#5851 = CARTESIAN_POINT('',(0.126682572526,-8.499055919678,0.49));
#5852 = SURFACE_CURVE('',#5853,(#5860,#5870),.PCURVE_S1.);
#5853 = B_SPLINE_CURVE_WITH_KNOTS('',5,(#5854,#5855,#5856,#5857,#5858,
    #5859),.UNSPECIFIED.,.F.,.F.,(6,6),(0.,1.),
  .PIECEWISE_BEZIER_KNOTS.);
#5854 = CARTESIAN_POINT('',(0.126682572526,-8.499055919678,0.49));
#5855 = CARTESIAN_POINT('',(0.138081569952,-8.59691124505,0.391985654507
    ));
#5856 = CARTESIAN_POINT('',(0.143297405293,-8.694967475406,
    0.293848037516));
#5857 = CARTESIAN_POINT('',(0.142462344169,-8.793114007471,
    0.195732860938));
#5858 = CARTESIAN_POINT('',(0.135770309633,-8.891219984325,
    9.775390855047E-02));
#5859 = CARTESIAN_POINT('',(0.123482136053,-8.989151915619,0.));
#5860 = PCURVE('',#2450,#5861);
#5861 = DEFINITIONAL_REPRESENTATION('',(#5862),#5869);
#5862 = B_SPLINE_CURVE_WITH_KNOTS('',5,(#5863,#5864,#5865,#5866,#5867,
    #5868),.UNSPECIFIED.,.F.,.F.,(6,6),(0.,1.),
  .PIECEWISE_BEZIER_KNOTS.);
#5863 = CARTESIAN_POINT('',(8.166666666667E-02,0.));
#5864 = CARTESIAN_POINT('',(6.53309424179E-02,3.937840008448E-02));
#5865 = CARTESIAN_POINT('',(4.897467291928E-02,7.914988528522E-02));
#5866 = CARTESIAN_POINT('',(3.26221434896E-02,0.119299833236));
#5867 = CARTESIAN_POINT('',(1.629231809175E-02,0.159806802711));
#5868 = CARTESIAN_POINT('',(0.,0.200648579146));
#5869 = ( GEOMETRIC_REPRESENTATION_CONTEXT(2) 
PARAMETRIC_REPRESENTATION_CONTEXT() REPRESENTATION_CONTEXT('2D SPACE',''
  ) );
#5870 = PCURVE('',#2420,#5871);
#5871 = DEFINITIONAL_REPRESENTATION('',(#5872),#5879);
#5872 = B_SPLINE_CURVE_WITH_KNOTS('',5,(#5873,#5874,#5875,#5876,#5877,
    #5878),.UNSPECIFIED.,.F.,.F.,(6,6),(0.,1.),
  .PIECEWISE_BEZIER_KNOTS.);
#5873 = CARTESIAN_POINT('',(-4.727293364252,9.999999999998E-03));
#5874 = CARTESIAN_POINT('',(-4.728462695078,0.108014345493));
#5875 = CARTESIAN_POINT('',(-4.72887061049,0.206151962484));
#5876 = CARTESIAN_POINT('',(-4.728576706846,0.304267139062));
#5877 = CARTESIAN_POINT('',(-4.727641280435,0.40224609145));
#5878 = CARTESIAN_POINT('',(-4.726124911325,0.5));
#5879 = ( GEOMETRIC_REPRESENTATION_CONTEXT(2) 
PARAMETRIC_REPRESENTATION_CONTEXT() REPRESENTATION_CONTEXT('2D SPACE',''
  ) );
#5880 = ORIENTED_EDGE('',*,*,#5881,.T.);
#5881 = EDGE_CURVE('',#5850,#5882,#5884,.T.);
#5882 = VERTEX_POINT('',#5883);
#5883 = CARTESIAN_POINT('',(0.126682572526,-8.499055919678,5.51));
#5884 = SURFACE_CURVE('',#5885,(#5888,#5895),.PCURVE_S1.);
#5885 = B_SPLINE_CURVE_WITH_KNOTS('',1,(#5886,#5887),.UNSPECIFIED.,.F.,
  .F.,(2,2),(0.,1.),.PIECEWISE_BEZIER_KNOTS.);
#5886 = CARTESIAN_POINT('',(0.126682572526,-8.499055919678,0.));
#5887 = CARTESIAN_POINT('',(0.126682572526,-8.499055919678,6.));
#5888 = PCURVE('',#2450,#5889);
#5889 = DEFINITIONAL_REPRESENTATION('',(#5890),#5894);
#5890 = LINE('',#5891,#5892);
#5891 = CARTESIAN_POINT('',(0.,0.));
#5892 = VECTOR('',#5893,1.);
#5893 = DIRECTION('',(1.,0.));
#5894 = ( GEOMETRIC_REPRESENTATION_CONTEXT(2) 
PARAMETRIC_REPRESENTATION_CONTEXT() REPRESENTATION_CONTEXT('2D SPACE',''
  ) );
#5895 = PCURVE('',#5896,#5905);
#5896 = B_SPLINE_SURFACE_WITH_KNOTS('',1,3,(
    (#5897,#5898,#5899,#5900)
    ,(#5901,#5902,#5903,#5904
    )),.UNSPECIFIED.,.F.,.F.,.F.,(2,2),(4,4),(0.,1.),(0.,1.),
  .PIECEWISE_BEZIER_KNOTS.);
#5897 = CARTESIAN_POINT('',(1.273943839518,-8.403991140747,0.));
#5898 = CARTESIAN_POINT('',(0.894257189685,-8.461555675132,0.));
#5899 = CARTESIAN_POINT('',(0.510665602291,-8.493340980279,0.));
#5900 = CARTESIAN_POINT('',(0.126682572526,-8.499055919678,0.));
#5901 = CARTESIAN_POINT('',(1.273943839518,-8.403991140747,6.));
#5902 = CARTESIAN_POINT('',(0.894257189685,-8.461555675132,6.));
#5903 = CARTESIAN_POINT('',(0.510665602291,-8.493340980279,6.));
#5904 = CARTESIAN_POINT('',(0.126682572526,-8.499055919678,6.));
#5905 = DEFINITIONAL_REPRESENTATION('',(#5906),#5910);
#5906 = LINE('',#5907,#5908);
#5907 = CARTESIAN_POINT('',(0.,1.));
#5908 = VECTOR('',#5909,1.);
#5909 = DIRECTION('',(1.,0.));
#5910 = ( GEOMETRIC_REPRESENTATION_CONTEXT(2) 
PARAMETRIC_REPRESENTATION_CONTEXT() REPRESENTATION_CONTEXT('2D SPACE',''
  ) );
#5911 = ORIENTED_EDGE('',*,*,#5912,.T.);
#5912 = EDGE_CURVE('',#5882,#4449,#5913,.T.);
#5913 = SURFACE_CURVE('',#5914,(#5921,#5931),.PCURVE_S1.);
#5914 = B_SPLINE_CURVE_WITH_KNOTS('',5,(#5915,#5916,#5917,#5918,#5919,
    #5920),.UNSPECIFIED.,.F.,.F.,(6,6),(0.,1.),
  .PIECEWISE_BEZIER_KNOTS.);
#5915 = CARTESIAN_POINT('',(0.126682572526,-8.499055919678,5.51));
#5916 = CARTESIAN_POINT('',(0.138081569952,-8.59691124505,5.608014345493
    ));
#5917 = CARTESIAN_POINT('',(0.143297405293,-8.694967475406,
    5.706151962484));
#5918 = CARTESIAN_POINT('',(0.142462344169,-8.793114007471,
    5.804267139062));
#5919 = CARTESIAN_POINT('',(0.135770309633,-8.891219984325,5.90224609145
    ));
#5920 = CARTESIAN_POINT('',(0.123482136053,-8.989151915619,6.));
#5921 = PCURVE('',#2450,#5922);
#5922 = DEFINITIONAL_REPRESENTATION('',(#5923),#5930);
#5923 = B_SPLINE_CURVE_WITH_KNOTS('',5,(#5924,#5925,#5926,#5927,#5928,
    #5929),.UNSPECIFIED.,.F.,.F.,(6,6),(0.,1.),
  .PIECEWISE_BEZIER_KNOTS.);
#5924 = CARTESIAN_POINT('',(0.918333333333,0.));
#5925 = CARTESIAN_POINT('',(0.934669057582,3.937840008448E-02));
#5926 = CARTESIAN_POINT('',(0.951025327081,7.914988528522E-02));
#5927 = CARTESIAN_POINT('',(0.96737785651,0.119299833236));
#5928 = CARTESIAN_POINT('',(0.983707681908,0.159806802711));
#5929 = CARTESIAN_POINT('',(1.,0.200648579146));
#5930 = ( GEOMETRIC_REPRESENTATION_CONTEXT(2) 
PARAMETRIC_REPRESENTATION_CONTEXT() REPRESENTATION_CONTEXT('2D SPACE',''
  ) );
#5931 = PCURVE('',#4469,#5932);
#5932 = DEFINITIONAL_REPRESENTATION('',(#5933),#5940);
#5933 = B_SPLINE_CURVE_WITH_KNOTS('',5,(#5934,#5935,#5936,#5937,#5938,
    #5939),.UNSPECIFIED.,.F.,.F.,(6,6),(0.,1.),
  .PIECEWISE_BEZIER_KNOTS.);
#5934 = CARTESIAN_POINT('',(4.727293364252,-0.5));
#5935 = CARTESIAN_POINT('',(4.728462695078,-0.401985654507));
#5936 = CARTESIAN_POINT('',(4.72887061049,-0.303848037516));
#5937 = CARTESIAN_POINT('',(4.728576706846,-0.205732860938));
#5938 = CARTESIAN_POINT('',(4.727641280435,-0.10775390855));
#5939 = CARTESIAN_POINT('',(4.726124911325,-1.E-02));
#5940 = ( GEOMETRIC_REPRESENTATION_CONTEXT(2) 
PARAMETRIC_REPRESENTATION_CONTEXT() REPRESENTATION_CONTEXT('2D SPACE',''
  ) );
#5941 = ORIENTED_EDGE('',*,*,#4481,.T.);
#5942 = ORIENTED_EDGE('',*,*,#5823,.F.);
#5943 = ADVANCED_FACE('',(#5944),#2420,.F.);
#5944 = FACE_BOUND('',#5945,.T.);
#5945 = EDGE_LOOP('',(#5946,#5978,#5979,#5980));
#5946 = ORIENTED_EDGE('',*,*,#5947,.T.);
#5947 = EDGE_CURVE('',#5948,#2366,#5950,.T.);
#5948 = VERTEX_POINT('',#5949);
#5949 = CARTESIAN_POINT('',(1.273943839518,-8.403991140747,0.49));
#5950 = SURFACE_CURVE('',#5951,(#5958,#5968),.PCURVE_S1.);
#5951 = B_SPLINE_CURVE_WITH_KNOTS('',5,(#5952,#5953,#5954,#5955,#5956,
    #5957),.UNSPECIFIED.,.F.,.F.,(6,6),(0.,1.),
  .PIECEWISE_BEZIER_KNOTS.);
#5952 = CARTESIAN_POINT('',(1.273943839518,-8.403991140747,0.49));
#5953 = CARTESIAN_POINT('',(1.278806766745,-8.502388060336,
    0.391985654507));
#5954 = CARTESIAN_POINT('',(1.28980159366,-8.599965429798,0.293848037516
    ));
#5955 = CARTESIAN_POINT('',(1.306779653871,-8.696635924547,
    0.195732860938));
#5956 = CARTESIAN_POINT('',(1.329528130843,-8.792302391065,
    9.775390855047E-02));
#5957 = CARTESIAN_POINT('',(1.357767775858,-8.886876091566,0.));
#5958 = PCURVE('',#2420,#5959);
#5959 = DEFINITIONAL_REPRESENTATION('',(#5960),#5967);
#5960 = B_SPLINE_CURVE_WITH_KNOTS('',5,(#5961,#5962,#5963,#5964,#5965,
    #5966),.UNSPECIFIED.,.F.,.F.,(6,6),(0.,1.),
  .PIECEWISE_BEZIER_KNOTS.);
#5961 = CARTESIAN_POINT('',(-4.862831578285,1.E-02));
#5962 = CARTESIAN_POINT('',(-4.861662247459,0.108014345493));
#5963 = CARTESIAN_POINT('',(-4.861254332047,0.206151962484));
#5964 = CARTESIAN_POINT('',(-4.861548235692,0.304267139062));
#5965 = CARTESIAN_POINT('',(-4.862483662102,0.40224609145));
#5966 = CARTESIAN_POINT('',(-4.864000031212,0.5));
#5967 = ( GEOMETRIC_REPRESENTATION_CONTEXT(2) 
PARAMETRIC_REPRESENTATION_CONTEXT() REPRESENTATION_CONTEXT('2D SPACE',''
  ) );
#5968 = PCURVE('',#2383,#5969);
#5969 = DEFINITIONAL_REPRESENTATION('',(#5970),#5977);
#5970 = B_SPLINE_CURVE_WITH_KNOTS('',5,(#5971,#5972,#5973,#5974,#5975,
    #5976),.UNSPECIFIED.,.F.,.F.,(6,6),(0.,1.),
  .PIECEWISE_BEZIER_KNOTS.);
#5971 = CARTESIAN_POINT('',(8.166666666667E-02,1.));
#5972 = CARTESIAN_POINT('',(6.53309424179E-02,0.960621599916));
#5973 = CARTESIAN_POINT('',(4.897467291928E-02,0.920850114715));
#5974 = CARTESIAN_POINT('',(3.26221434896E-02,0.880700166764));
#5975 = CARTESIAN_POINT('',(1.629231809175E-02,0.840193197289));
#5976 = CARTESIAN_POINT('',(0.,0.799351420854));
#5977 = ( GEOMETRIC_REPRESENTATION_CONTEXT(2) 
PARAMETRIC_REPRESENTATION_CONTEXT() REPRESENTATION_CONTEXT('2D SPACE',''
  ) );
#5978 = ORIENTED_EDGE('',*,*,#2399,.T.);
#5979 = ORIENTED_EDGE('',*,*,#5849,.F.);
#5980 = ORIENTED_EDGE('',*,*,#5981,.F.);
#5981 = EDGE_CURVE('',#5948,#5850,#5982,.T.);
#5982 = SURFACE_CURVE('',#5983,(#5992,#6004),.PCURVE_S1.);
#5983 = B_SPLINE_CURVE_WITH_KNOTS('',4,(#5984,#5985,#5986,#5987,#5988,
    #5989,#5990,#5991),.UNSPECIFIED.,.F.,.F.,(5,3,5),(0.,0.499491163342,
    1.),.UNSPECIFIED.);
#5984 = CARTESIAN_POINT('',(1.273943839518,-8.403991140747,0.49));
#5985 = CARTESIAN_POINT('',(1.131706369367,-8.425555854031,
    0.489996810525));
#5986 = CARTESIAN_POINT('',(0.988981553906,-8.443904755834,
    0.489999636232));
#5987 = CARTESIAN_POINT('',(0.845879168884,-8.459028720143,
    0.490001061521));
#5988 = CARTESIAN_POINT('',(0.55884584973,-8.482832902167,0.4900010702)
  );
#5989 = CARTESIAN_POINT('',(0.414913864111,-8.491499924963,
    0.489999647786));
#5990 = CARTESIAN_POINT('',(0.270822620802,-8.496910638306,
    0.489996804026));
#5991 = CARTESIAN_POINT('',(0.126682572526,-8.499055919678,0.49));
#5992 = PCURVE('',#2420,#5993);
#5993 = DEFINITIONAL_REPRESENTATION('',(#5994),#6003);
#5994 = B_SPLINE_CURVE_WITH_KNOTS('',4,(#5995,#5996,#5997,#5998,#5999,
    #6000,#6001,#6002),.UNSPECIFIED.,.F.,.F.,(5,3,5),(0.,0.499491163342,
    1.),.UNSPECIFIED.);
#5995 = CARTESIAN_POINT('',(-4.862831578285,9.999999999998E-03));
#5996 = CARTESIAN_POINT('',(-4.845906530913,1.000318947545E-02));
#5997 = CARTESIAN_POINT('',(-4.828981512016,1.000036376846E-02));
#5998 = CARTESIAN_POINT('',(-4.812056474337,9.998938479221E-03));
#5999 = CARTESIAN_POINT('',(-4.778171918406,9.998929799895E-03));
#6000 = CARTESIAN_POINT('',(-4.761212397275,1.000035221408E-02));
#6001 = CARTESIAN_POINT('',(-4.744252895052,1.000319597375E-02));
#6002 = CARTESIAN_POINT('',(-4.727293364252,9.999999999999E-03));
#6003 = ( GEOMETRIC_REPRESENTATION_CONTEXT(2) 
PARAMETRIC_REPRESENTATION_CONTEXT() REPRESENTATION_CONTEXT('2D SPACE',''
  ) );
#6004 = PCURVE('',#5896,#6005);
#6005 = DEFINITIONAL_REPRESENTATION('',(#6006),#6015);
#6006 = B_SPLINE_CURVE_WITH_KNOTS('',4,(#6007,#6008,#6009,#6010,#6011,
    #6012,#6013,#6014),.UNSPECIFIED.,.F.,.F.,(5,3,5),(0.,0.499491163342,
    1.),.UNSPECIFIED.);
#6007 = CARTESIAN_POINT('',(8.166666666667E-02,0.));
#6008 = CARTESIAN_POINT('',(8.166613508742E-02,0.124872681383));
#6009 = CARTESIAN_POINT('',(8.166660603859E-02,0.249745557271));
#6010 = CARTESIAN_POINT('',(8.16668435868E-02,0.374618351064));
#6011 = CARTESIAN_POINT('',(8.166684503335E-02,0.624618393964));
#6012 = CARTESIAN_POINT('',(8.166660796432E-02,0.749745605843));
#6013 = CARTESIAN_POINT('',(8.166613400437E-02,0.874872900534));
#6014 = CARTESIAN_POINT('',(8.166666666667E-02,1.));
#6015 = ( GEOMETRIC_REPRESENTATION_CONTEXT(2) 
PARAMETRIC_REPRESENTATION_CONTEXT() REPRESENTATION_CONTEXT('2D SPACE',''
  ) );
#6016 = ADVANCED_FACE('',(#6017),#2383,.F.);
#6017 = FACE_BOUND('',#6018,.F.);
#6018 = EDGE_LOOP('',(#6019,#6020,#6040,#6041,#6073,#6093));
#6019 = ORIENTED_EDGE('',*,*,#2365,.F.);
#6020 = ORIENTED_EDGE('',*,*,#6021,.T.);
#6021 = EDGE_CURVE('',#2332,#4399,#6022,.T.);
#6022 = SURFACE_CURVE('',#6023,(#6026,#6033),.PCURVE_S1.);
#6023 = B_SPLINE_CURVE_WITH_KNOTS('',1,(#6024,#6025),.UNSPECIFIED.,.F.,
  .F.,(2,2),(0.,1.),.PIECEWISE_BEZIER_KNOTS.);
#6024 = CARTESIAN_POINT('',(2.455085981493,-10.4658995229,0.));
#6025 = CARTESIAN_POINT('',(2.455085981493,-10.4658995229,6.));
#6026 = PCURVE('',#2383,#6027);
#6027 = DEFINITIONAL_REPRESENTATION('',(#6028),#6032);
#6028 = LINE('',#6029,#6030);
#6029 = CARTESIAN_POINT('',(0.,0.));
#6030 = VECTOR('',#6031,1.);
#6031 = DIRECTION('',(1.,0.));
#6032 = ( GEOMETRIC_REPRESENTATION_CONTEXT(2) 
PARAMETRIC_REPRESENTATION_CONTEXT() REPRESENTATION_CONTEXT('2D SPACE',''
  ) );
#6033 = PCURVE('',#2349,#6034);
#6034 = DEFINITIONAL_REPRESENTATION('',(#6035),#6039);
#6035 = LINE('',#6036,#6037);
#6036 = CARTESIAN_POINT('',(0.,1.));
#6037 = VECTOR('',#6038,1.);
#6038 = DIRECTION('',(1.,0.));
#6039 = ( GEOMETRIC_REPRESENTATION_CONTEXT(2) 
PARAMETRIC_REPRESENTATION_CONTEXT() REPRESENTATION_CONTEXT('2D SPACE',''
  ) );
#6040 = ORIENTED_EDGE('',*,*,#4423,.T.);
#6041 = ORIENTED_EDGE('',*,*,#6042,.T.);
#6042 = EDGE_CURVE('',#4424,#6043,#6045,.T.);
#6043 = VERTEX_POINT('',#6044);
#6044 = CARTESIAN_POINT('',(1.273943839518,-8.403991140747,5.51));
#6045 = SURFACE_CURVE('',#6046,(#6053,#6063),.PCURVE_S1.);
#6046 = B_SPLINE_CURVE_WITH_KNOTS('',5,(#6047,#6048,#6049,#6050,#6051,
    #6052),.UNSPECIFIED.,.F.,.F.,(6,6),(0.,1.),
  .PIECEWISE_BEZIER_KNOTS.);
#6047 = CARTESIAN_POINT('',(1.357767775858,-8.886876091566,6.));
#6048 = CARTESIAN_POINT('',(1.329528130833,-8.792302391032,
    5.902246091415));
#6049 = CARTESIAN_POINT('',(1.306779653875,-8.696635924547,
    5.804267139063));
#6050 = CARTESIAN_POINT('',(1.289801593655,-8.599965429797,
    5.706151962482));
#6051 = CARTESIAN_POINT('',(1.278806766743,-8.502388060296,
    5.608014345453));
#6052 = CARTESIAN_POINT('',(1.273943839518,-8.403991140747,5.51));
#6053 = PCURVE('',#2383,#6054);
#6054 = DEFINITIONAL_REPRESENTATION('',(#6055),#6062);
#6055 = B_SPLINE_CURVE_WITH_KNOTS('',5,(#6056,#6057,#6058,#6059,#6060,
    #6061),.UNSPECIFIED.,.F.,.F.,(6,6),(0.,1.),
  .PIECEWISE_BEZIER_KNOTS.);
#6056 = CARTESIAN_POINT('',(1.,0.799351420854));
#6057 = CARTESIAN_POINT('',(0.983707681903,0.840193197303));
#6058 = CARTESIAN_POINT('',(0.967377856511,0.880700166763));
#6059 = CARTESIAN_POINT('',(0.95102532708,0.920850114716));
#6060 = CARTESIAN_POINT('',(0.934669057575,0.960621599932));
#6061 = CARTESIAN_POINT('',(0.918333333333,1.));
#6062 = ( GEOMETRIC_REPRESENTATION_CONTEXT(2) 
PARAMETRIC_REPRESENTATION_CONTEXT() REPRESENTATION_CONTEXT('2D SPACE',''
  ) );
#6063 = PCURVE('',#4469,#6064);
#6064 = DEFINITIONAL_REPRESENTATION('',(#6065),#6072);
#6065 = B_SPLINE_CURVE_WITH_KNOTS('',5,(#6066,#6067,#6068,#6069,#6070,
    #6071),.UNSPECIFIED.,.F.,.F.,(6,6),(0.,1.),
  .PIECEWISE_BEZIER_KNOTS.);
#6066 = CARTESIAN_POINT('',(4.864000031212,-1.E-02));
#6067 = CARTESIAN_POINT('',(4.862483662101,-0.107753908585));
#6068 = CARTESIAN_POINT('',(4.861548235692,-0.205732860937));
#6069 = CARTESIAN_POINT('',(4.861254332046,-0.303848037518));
#6070 = CARTESIAN_POINT('',(4.861662247459,-0.401985654547));
#6071 = CARTESIAN_POINT('',(4.862831578285,-0.5));
#6072 = ( GEOMETRIC_REPRESENTATION_CONTEXT(2) 
PARAMETRIC_REPRESENTATION_CONTEXT() REPRESENTATION_CONTEXT('2D SPACE',''
  ) );
#6073 = ORIENTED_EDGE('',*,*,#6074,.F.);
#6074 = EDGE_CURVE('',#5948,#6043,#6075,.T.);
#6075 = SURFACE_CURVE('',#6076,(#6079,#6086),.PCURVE_S1.);
#6076 = B_SPLINE_CURVE_WITH_KNOTS('',1,(#6077,#6078),.UNSPECIFIED.,.F.,
  .F.,(2,2),(0.,1.),.PIECEWISE_BEZIER_KNOTS.);
#6077 = CARTESIAN_POINT('',(1.273943839518,-8.403991140747,0.));
#6078 = CARTESIAN_POINT('',(1.273943839518,-8.403991140747,6.));
#6079 = PCURVE('',#2383,#6080);
#6080 = DEFINITIONAL_REPRESENTATION('',(#6081),#6085);
#6081 = LINE('',#6082,#6083);
#6082 = CARTESIAN_POINT('',(0.,1.));
#6083 = VECTOR('',#6084,1.);
#6084 = DIRECTION('',(1.,0.));
#6085 = ( GEOMETRIC_REPRESENTATION_CONTEXT(2) 
PARAMETRIC_REPRESENTATION_CONTEXT() REPRESENTATION_CONTEXT('2D SPACE',''
  ) );
#6086 = PCURVE('',#5896,#6087);
#6087 = DEFINITIONAL_REPRESENTATION('',(#6088),#6092);
#6088 = LINE('',#6089,#6090);
#6089 = CARTESIAN_POINT('',(0.,0.));
#6090 = VECTOR('',#6091,1.);
#6091 = DIRECTION('',(1.,0.));
#6092 = ( GEOMETRIC_REPRESENTATION_CONTEXT(2) 
PARAMETRIC_REPRESENTATION_CONTEXT() REPRESENTATION_CONTEXT('2D SPACE',''
  ) );
#6093 = ORIENTED_EDGE('',*,*,#5947,.T.);
#6094 = ADVANCED_FACE('',(#6095),#2349,.F.);
#6095 = FACE_BOUND('',#6096,.F.);
#6096 = EDGE_LOOP('',(#6097,#6098,#6118,#6119));
#6097 = ORIENTED_EDGE('',*,*,#2331,.F.);
#6098 = ORIENTED_EDGE('',*,*,#6099,.T.);
#6099 = EDGE_CURVE('',#2298,#4374,#6100,.T.);
#6100 = SURFACE_CURVE('',#6101,(#6104,#6111),.PCURVE_S1.);
#6101 = B_SPLINE_CURVE_WITH_KNOTS('',1,(#6102,#6103),.UNSPECIFIED.,.F.,
  .F.,(2,2),(0.,1.),.PIECEWISE_BEZIER_KNOTS.);
#6102 = CARTESIAN_POINT('',(2.822033916035,-10.37297568573,0.));
#6103 = CARTESIAN_POINT('',(2.822033916035,-10.37297568573,6.));
#6104 = PCURVE('',#2349,#6105);
#6105 = DEFINITIONAL_REPRESENTATION('',(#6106),#6110);
#6106 = LINE('',#6107,#6108);
#6107 = CARTESIAN_POINT('',(0.,0.));
#6108 = VECTOR('',#6109,1.);
#6109 = DIRECTION('',(1.,0.));
#6110 = ( GEOMETRIC_REPRESENTATION_CONTEXT(2) 
PARAMETRIC_REPRESENTATION_CONTEXT() REPRESENTATION_CONTEXT('2D SPACE',''
  ) );
#6111 = PCURVE('',#2315,#6112);
#6112 = DEFINITIONAL_REPRESENTATION('',(#6113),#6117);
#6113 = LINE('',#6114,#6115);
#6114 = CARTESIAN_POINT('',(0.,1.));
#6115 = VECTOR('',#6116,1.);
#6116 = DIRECTION('',(1.,0.));
#6117 = ( GEOMETRIC_REPRESENTATION_CONTEXT(2) 
PARAMETRIC_REPRESENTATION_CONTEXT() REPRESENTATION_CONTEXT('2D SPACE',''
  ) );
#6118 = ORIENTED_EDGE('',*,*,#4398,.T.);
#6119 = ORIENTED_EDGE('',*,*,#6021,.F.);
#6120 = ADVANCED_FACE('',(#6121),#2315,.F.);
#6121 = FACE_BOUND('',#6122,.F.);
#6122 = EDGE_LOOP('',(#6123,#6124,#6156,#6187,#6217,#6218));
#6123 = ORIENTED_EDGE('',*,*,#2297,.F.);
#6124 = ORIENTED_EDGE('',*,*,#6125,.F.);
#6125 = EDGE_CURVE('',#6126,#2265,#6128,.T.);
#6126 = VERTEX_POINT('',#6127);
#6127 = CARTESIAN_POINT('',(2.879457507178,-7.997419862953,0.49));
#6128 = SURFACE_CURVE('',#6129,(#6136,#6146),.PCURVE_S1.);
#6129 = B_SPLINE_CURVE_WITH_KNOTS('',5,(#6130,#6131,#6132,#6133,#6134,
    #6135),.UNSPECIFIED.,.F.,.F.,(6,6),(0.,1.),
  .PIECEWISE_BEZIER_KNOTS.);
#6130 = CARTESIAN_POINT('',(2.879457507178,-7.997419862953,0.49));
#6131 = CARTESIAN_POINT('',(2.922012447689,-8.086271868468,
    0.391985654507));
#6132 = CARTESIAN_POINT('',(2.958784480633,-8.177321562828,
    0.293848037516));
#6133 = CARTESIAN_POINT('',(2.98986279229,-8.270421388972,0.195732860938
    ));
#6134 = CARTESIAN_POINT('',(3.015388309254,-8.365384613456,
    9.775390855047E-02));
#6135 = CARTESIAN_POINT('',(3.035564388923,-8.462000286026,0.));
#6136 = PCURVE('',#2315,#6137);
#6137 = DEFINITIONAL_REPRESENTATION('',(#6138),#6145);
#6138 = B_SPLINE_CURVE_WITH_KNOTS('',5,(#6139,#6140,#6141,#6142,#6143,
    #6144),.UNSPECIFIED.,.F.,.F.,(6,6),(0.,1.),
  .PIECEWISE_BEZIER_KNOTS.);
#6139 = CARTESIAN_POINT('',(8.166666666667E-02,0.));
#6140 = CARTESIAN_POINT('',(6.53309424179E-02,3.937840008448E-02));
#6141 = CARTESIAN_POINT('',(4.897467291928E-02,7.914988528522E-02));
#6142 = CARTESIAN_POINT('',(3.26221434896E-02,0.119299833236));
#6143 = CARTESIAN_POINT('',(1.629231809174E-02,0.159806802711));
#6144 = CARTESIAN_POINT('',(0.,0.200648579146));
#6145 = ( GEOMETRIC_REPRESENTATION_CONTEXT(2) 
PARAMETRIC_REPRESENTATION_CONTEXT() REPRESENTATION_CONTEXT('2D SPACE',''
  ) );
#6146 = PCURVE('',#2285,#6147);
#6147 = DEFINITIONAL_REPRESENTATION('',(#6148),#6155);
#6148 = B_SPLINE_CURVE_WITH_KNOTS('',5,(#6149,#6150,#6151,#6152,#6153,
    #6154),.UNSPECIFIED.,.F.,.F.,(6,6),(0.,1.),
  .PIECEWISE_BEZIER_KNOTS.);
#6149 = CARTESIAN_POINT('',(-5.057987327788,9.999999999999E-03));
#6150 = CARTESIAN_POINT('',(-5.059156658614,0.108014345493));
#6151 = CARTESIAN_POINT('',(-5.059564574026,0.206151962484));
#6152 = CARTESIAN_POINT('',(-5.059270670381,0.304267139062));
#6153 = CARTESIAN_POINT('',(-5.058335243971,0.40224609145));
#6154 = CARTESIAN_POINT('',(-5.056818874861,0.5));
#6155 = ( GEOMETRIC_REPRESENTATION_CONTEXT(2) 
PARAMETRIC_REPRESENTATION_CONTEXT() REPRESENTATION_CONTEXT('2D SPACE',''
  ) );
#6156 = ORIENTED_EDGE('',*,*,#6157,.T.);
#6157 = EDGE_CURVE('',#6126,#6158,#6160,.T.);
#6158 = VERTEX_POINT('',#6159);
#6159 = CARTESIAN_POINT('',(2.879457507178,-7.997419862953,5.51));
#6160 = SURFACE_CURVE('',#6161,(#6164,#6171),.PCURVE_S1.);
#6161 = B_SPLINE_CURVE_WITH_KNOTS('',1,(#6162,#6163),.UNSPECIFIED.,.F.,
  .F.,(2,2),(0.,1.),.PIECEWISE_BEZIER_KNOTS.);
#6162 = CARTESIAN_POINT('',(2.879457507178,-7.997419862953,0.));
#6163 = CARTESIAN_POINT('',(2.879457507178,-7.997419862953,6.));
#6164 = PCURVE('',#2315,#6165);
#6165 = DEFINITIONAL_REPRESENTATION('',(#6166),#6170);
#6166 = LINE('',#6167,#6168);
#6167 = CARTESIAN_POINT('',(0.,0.));
#6168 = VECTOR('',#6169,1.);
#6169 = DIRECTION('',(1.,0.));
#6170 = ( GEOMETRIC_REPRESENTATION_CONTEXT(2) 
PARAMETRIC_REPRESENTATION_CONTEXT() REPRESENTATION_CONTEXT('2D SPACE',''
  ) );
#6171 = PCURVE('',#6172,#6181);
#6172 = B_SPLINE_SURFACE_WITH_KNOTS('',1,3,(
    (#6173,#6174,#6175,#6176)
    ,(#6177,#6178,#6179,#6180
    )),.UNSPECIFIED.,.F.,.F.,.F.,(2,2),(4,4),(0.,1.),(0.,1.),
  .PIECEWISE_BEZIER_KNOTS.);
#6173 = CARTESIAN_POINT('',(3.933689510975,-7.53499083153,0.));
#6174 = CARTESIAN_POINT('',(3.59326650488,-7.712720414326,0.));
#6175 = CARTESIAN_POINT('',(3.240779639462,-7.867335488786,0.));
#6176 = CARTESIAN_POINT('',(2.879457507178,-7.997419862953,0.));
#6177 = CARTESIAN_POINT('',(3.933689510975,-7.53499083153,6.));
#6178 = CARTESIAN_POINT('',(3.59326650488,-7.712720414326,6.));
#6179 = CARTESIAN_POINT('',(3.240779639462,-7.867335488786,6.));
#6180 = CARTESIAN_POINT('',(2.879457507178,-7.997419862953,6.));
#6181 = DEFINITIONAL_REPRESENTATION('',(#6182),#6186);
#6182 = LINE('',#6183,#6184);
#6183 = CARTESIAN_POINT('',(0.,1.));
#6184 = VECTOR('',#6185,1.);
#6185 = DIRECTION('',(1.,0.));
#6186 = ( GEOMETRIC_REPRESENTATION_CONTEXT(2) 
PARAMETRIC_REPRESENTATION_CONTEXT() REPRESENTATION_CONTEXT('2D SPACE',''
  ) );
#6187 = ORIENTED_EDGE('',*,*,#6188,.T.);
#6188 = EDGE_CURVE('',#6158,#4341,#6189,.T.);
#6189 = SURFACE_CURVE('',#6190,(#6197,#6207),.PCURVE_S1.);
#6190 = B_SPLINE_CURVE_WITH_KNOTS('',5,(#6191,#6192,#6193,#6194,#6195,
    #6196),.UNSPECIFIED.,.F.,.F.,(6,6),(0.,1.),
  .PIECEWISE_BEZIER_KNOTS.);
#6191 = CARTESIAN_POINT('',(2.879457507178,-7.997419862953,5.51));
#6192 = CARTESIAN_POINT('',(2.922012447689,-8.086271868468,
    5.608014345493));
#6193 = CARTESIAN_POINT('',(2.958784480633,-8.177321562828,
    5.706151962484));
#6194 = CARTESIAN_POINT('',(2.98986279229,-8.270421388972,5.804267139062
    ));
#6195 = CARTESIAN_POINT('',(3.015388309254,-8.365384613456,5.90224609145
    ));
#6196 = CARTESIAN_POINT('',(3.035564388923,-8.462000286026,6.));
#6197 = PCURVE('',#2315,#6198);
#6198 = DEFINITIONAL_REPRESENTATION('',(#6199),#6206);
#6199 = B_SPLINE_CURVE_WITH_KNOTS('',5,(#6200,#6201,#6202,#6203,#6204,
    #6205),.UNSPECIFIED.,.F.,.F.,(6,6),(0.,1.),
  .PIECEWISE_BEZIER_KNOTS.);
#6200 = CARTESIAN_POINT('',(0.918333333333,0.));
#6201 = CARTESIAN_POINT('',(0.934669057582,3.937840008448E-02));
#6202 = CARTESIAN_POINT('',(0.951025327081,7.914988528522E-02));
#6203 = CARTESIAN_POINT('',(0.96737785651,0.119299833236));
#6204 = CARTESIAN_POINT('',(0.983707681908,0.159806802711));
#6205 = CARTESIAN_POINT('',(1.,0.200648579146));
#6206 = ( GEOMETRIC_REPRESENTATION_CONTEXT(2) 
PARAMETRIC_REPRESENTATION_CONTEXT() REPRESENTATION_CONTEXT('2D SPACE',''
  ) );
#6207 = PCURVE('',#4361,#6208);
#6208 = DEFINITIONAL_REPRESENTATION('',(#6209),#6216);
#6209 = B_SPLINE_CURVE_WITH_KNOTS('',5,(#6210,#6211,#6212,#6213,#6214,
    #6215),.UNSPECIFIED.,.F.,.F.,(6,6),(0.,1.),
  .PIECEWISE_BEZIER_KNOTS.);
#6210 = CARTESIAN_POINT('',(5.057987327788,-0.5));
#6211 = CARTESIAN_POINT('',(5.059156658614,-0.401985654507));
#6212 = CARTESIAN_POINT('',(5.059564574026,-0.303848037516));
#6213 = CARTESIAN_POINT('',(5.059270670381,-0.205732860938));
#6214 = CARTESIAN_POINT('',(5.058335243971,-0.10775390855));
#6215 = CARTESIAN_POINT('',(5.056818874861,-9.999999999999E-03));
#6216 = ( GEOMETRIC_REPRESENTATION_CONTEXT(2) 
PARAMETRIC_REPRESENTATION_CONTEXT() REPRESENTATION_CONTEXT('2D SPACE',''
  ) );
#6217 = ORIENTED_EDGE('',*,*,#4373,.T.);
#6218 = ORIENTED_EDGE('',*,*,#6099,.F.);
#6219 = ADVANCED_FACE('',(#6220),#2285,.F.);
#6220 = FACE_BOUND('',#6221,.T.);
#6221 = EDGE_LOOP('',(#6222,#6254,#6255,#6256));
#6222 = ORIENTED_EDGE('',*,*,#6223,.T.);
#6223 = EDGE_CURVE('',#6224,#2231,#6226,.T.);
#6224 = VERTEX_POINT('',#6225);
#6225 = CARTESIAN_POINT('',(3.933689510975,-7.53499083153,0.49));
#6226 = SURFACE_CURVE('',#6227,(#6234,#6244),.PCURVE_S1.);
#6227 = B_SPLINE_CURVE_WITH_KNOTS('',5,(#6228,#6229,#6230,#6231,#6232,
    #6233),.UNSPECIFIED.,.F.,.F.,(6,6),(0.,1.),
  .PIECEWISE_BEZIER_KNOTS.);
#6228 = CARTESIAN_POINT('',(3.933689510975,-7.53499083153,0.49));
#6229 = CARTESIAN_POINT('',(3.970238378954,-7.626477344718,
    0.391985654507));
#6230 = CARTESIAN_POINT('',(4.012320795891,-7.715197688692,
    0.293848037516));
#6231 = CARTESIAN_POINT('',(4.059767796301,-7.80111754225,0.195732860938
    ));
#6232 = CARTESIAN_POINT('',(4.112346548944,-7.884214117338,
    9.775390855047E-02));
#6233 = CARTESIAN_POINT('',(4.169764122451,-7.964494156136,0.));
#6234 = PCURVE('',#2285,#6235);
#6235 = DEFINITIONAL_REPRESENTATION('',(#6236),#6243);
#6236 = B_SPLINE_CURVE_WITH_KNOTS('',5,(#6237,#6238,#6239,#6240,#6241,
    #6242),.UNSPECIFIED.,.F.,.F.,(6,6),(0.,1.),
  .PIECEWISE_BEZIER_KNOTS.);
#6237 = CARTESIAN_POINT('',(-5.193525541821,1.E-02));
#6238 = CARTESIAN_POINT('',(-5.192356210995,0.108014345493));
#6239 = CARTESIAN_POINT('',(-5.191948295583,0.206151962484));
#6240 = CARTESIAN_POINT('',(-5.192242199228,0.304267139062));
#6241 = CARTESIAN_POINT('',(-5.193177625638,0.40224609145));
#6242 = CARTESIAN_POINT('',(-5.194693994748,0.5));
#6243 = ( GEOMETRIC_REPRESENTATION_CONTEXT(2) 
PARAMETRIC_REPRESENTATION_CONTEXT() REPRESENTATION_CONTEXT('2D SPACE',''
  ) );
#6244 = PCURVE('',#2248,#6245);
#6245 = DEFINITIONAL_REPRESENTATION('',(#6246),#6253);
#6246 = B_SPLINE_CURVE_WITH_KNOTS('',5,(#6247,#6248,#6249,#6250,#6251,
    #6252),.UNSPECIFIED.,.F.,.F.,(6,6),(0.,1.),
  .PIECEWISE_BEZIER_KNOTS.);
#6247 = CARTESIAN_POINT('',(8.166666666667E-02,1.));
#6248 = CARTESIAN_POINT('',(6.53309424179E-02,0.960621599916));
#6249 = CARTESIAN_POINT('',(4.897467291928E-02,0.920850114715));
#6250 = CARTESIAN_POINT('',(3.26221434896E-02,0.880700166764));
#6251 = CARTESIAN_POINT('',(1.629231809174E-02,0.840193197289));
#6252 = CARTESIAN_POINT('',(0.,0.799351420854));
#6253 = ( GEOMETRIC_REPRESENTATION_CONTEXT(2) 
PARAMETRIC_REPRESENTATION_CONTEXT() REPRESENTATION_CONTEXT('2D SPACE',''
  ) );
#6254 = ORIENTED_EDGE('',*,*,#2264,.T.);
#6255 = ORIENTED_EDGE('',*,*,#6125,.F.);
#6256 = ORIENTED_EDGE('',*,*,#6257,.F.);
#6257 = EDGE_CURVE('',#6224,#6126,#6258,.T.);
#6258 = SURFACE_CURVE('',#6259,(#6268,#6280),.PCURVE_S1.);
#6259 = B_SPLINE_CURVE_WITH_KNOTS('',4,(#6260,#6261,#6262,#6263,#6264,
    #6265,#6266,#6267),.UNSPECIFIED.,.F.,.F.,(5,3,5),(0.,0.49949108127,
    1.),.UNSPECIFIED.);
#6260 = CARTESIAN_POINT('',(3.933689510975,-7.53499083153,0.49));
#6261 = CARTESIAN_POINT('',(3.806160931203,-7.601571529285,
    0.489996810525));
#6262 = CARTESIAN_POINT('',(3.677127240046,-7.665268898807,
    0.489999636231));
#6263 = CARTESIAN_POINT('',(3.54668930204,-7.726038664448,0.49000106152)
  );
#6264 = CARTESIAN_POINT('',(3.282937446397,-7.841752639538,
    0.490001070201));
#6265 = CARTESIAN_POINT('',(3.149618249003,-7.896684708465,
    0.489999647787));
#6266 = CARTESIAN_POINT('',(3.015091100576,-7.948588613669,
    0.489996804026));
#6267 = CARTESIAN_POINT('',(2.879457507178,-7.997419862953,0.49));
#6268 = PCURVE('',#2285,#6269);
#6269 = DEFINITIONAL_REPRESENTATION('',(#6270),#6279);
#6270 = B_SPLINE_CURVE_WITH_KNOTS('',4,(#6271,#6272,#6273,#6274,#6275,
    #6276,#6277,#6278),.UNSPECIFIED.,.F.,.F.,(5,3,5),(0.,0.49949108127,
    1.),.UNSPECIFIED.);
#6271 = CARTESIAN_POINT('',(-5.193525541821,1.E-02));
#6272 = CARTESIAN_POINT('',(-5.176600497229,1.000318947493E-02));
#6273 = CARTESIAN_POINT('',(-5.159675481113,1.00003637694E-02));
#6274 = CARTESIAN_POINT('',(-5.142750446216,9.998938479923E-03));
#6275 = CARTESIAN_POINT('',(-5.108865890284,9.998929799197E-03));
#6276 = CARTESIAN_POINT('',(-5.091906366373,1.000035221315E-02));
#6277 = CARTESIAN_POINT('',(-5.074946861369,1.000319597428E-02));
#6278 = CARTESIAN_POINT('',(-5.057987327788,1.E-02));
#6279 = ( GEOMETRIC_REPRESENTATION_CONTEXT(2) 
PARAMETRIC_REPRESENTATION_CONTEXT() REPRESENTATION_CONTEXT('2D SPACE',''
  ) );
#6280 = PCURVE('',#6172,#6281);
#6281 = DEFINITIONAL_REPRESENTATION('',(#6282),#6291);
#6282 = B_SPLINE_CURVE_WITH_KNOTS('',4,(#6283,#6284,#6285,#6286,#6287,
    #6288,#6289,#6290),.UNSPECIFIED.,.F.,.F.,(5,3,5),(0.,0.49949108127,
    1.),.UNSPECIFIED.);
#6283 = CARTESIAN_POINT('',(8.166666666667E-02,0.));
#6284 = CARTESIAN_POINT('',(8.166613508751E-02,0.124872660865));
#6285 = CARTESIAN_POINT('',(8.166660603843E-02,0.249745516235));
#6286 = CARTESIAN_POINT('',(8.166684358668E-02,0.37461828951));
#6287 = CARTESIAN_POINT('',(8.166684503347E-02,0.624618332411));
#6288 = CARTESIAN_POINT('',(8.166660796447E-02,0.749745564807));
#6289 = CARTESIAN_POINT('',(8.166613400429E-02,0.874872880016));
#6290 = CARTESIAN_POINT('',(8.166666666667E-02,1.));
#6291 = ( GEOMETRIC_REPRESENTATION_CONTEXT(2) 
PARAMETRIC_REPRESENTATION_CONTEXT() REPRESENTATION_CONTEXT('2D SPACE',''
  ) );
#6292 = ADVANCED_FACE('',(#6293),#2248,.F.);
#6293 = FACE_BOUND('',#6294,.F.);
#6294 = EDGE_LOOP('',(#6295,#6296,#6316,#6317,#6349,#6369));
#6295 = ORIENTED_EDGE('',*,*,#2230,.F.);
#6296 = ORIENTED_EDGE('',*,*,#6297,.T.);
#6297 = EDGE_CURVE('',#2197,#4291,#6298,.T.);
#6298 = SURFACE_CURVE('',#6299,(#6302,#6309),.PCURVE_S1.);
#6299 = B_SPLINE_CURVE_WITH_KNOTS('',1,(#6300,#6301),.UNSPECIFIED.,.F.,
  .F.,(2,2),(0.,1.),.PIECEWISE_BEZIER_KNOTS.);
#6300 = CARTESIAN_POINT('',(5.720334670989,-9.101663103625,0.));
#6301 = CARTESIAN_POINT('',(5.720334670989,-9.101663103625,6.));
#6302 = PCURVE('',#2248,#6303);
#6303 = DEFINITIONAL_REPRESENTATION('',(#6304),#6308);
#6304 = LINE('',#6305,#6306);
#6305 = CARTESIAN_POINT('',(0.,0.));
#6306 = VECTOR('',#6307,1.);
#6307 = DIRECTION('',(1.,0.));
#6308 = ( GEOMETRIC_REPRESENTATION_CONTEXT(2) 
PARAMETRIC_REPRESENTATION_CONTEXT() REPRESENTATION_CONTEXT('2D SPACE',''
  ) );
#6309 = PCURVE('',#2214,#6310);
#6310 = DEFINITIONAL_REPRESENTATION('',(#6311),#6315);
#6311 = LINE('',#6312,#6313);
#6312 = CARTESIAN_POINT('',(0.,1.));
#6313 = VECTOR('',#6314,1.);
#6314 = DIRECTION('',(1.,0.));
#6315 = ( GEOMETRIC_REPRESENTATION_CONTEXT(2) 
PARAMETRIC_REPRESENTATION_CONTEXT() REPRESENTATION_CONTEXT('2D SPACE',''
  ) );
#6316 = ORIENTED_EDGE('',*,*,#4315,.T.);
#6317 = ORIENTED_EDGE('',*,*,#6318,.T.);
#6318 = EDGE_CURVE('',#4316,#6319,#6321,.T.);
#6319 = VERTEX_POINT('',#6320);
#6320 = CARTESIAN_POINT('',(3.933689510975,-7.53499083153,5.51));
#6321 = SURFACE_CURVE('',#6322,(#6329,#6339),.PCURVE_S1.);
#6322 = B_SPLINE_CURVE_WITH_KNOTS('',5,(#6323,#6324,#6325,#6326,#6327,
    #6328),.UNSPECIFIED.,.F.,.F.,(6,6),(0.,1.),
  .PIECEWISE_BEZIER_KNOTS.);
#6323 = CARTESIAN_POINT('',(4.169764122451,-7.964494156136,6.));
#6324 = CARTESIAN_POINT('',(4.112346548923,-7.88421411731,5.902246091415
    ));
#6325 = CARTESIAN_POINT('',(4.059767796306,-7.801117542249,
    5.804267139063));
#6326 = CARTESIAN_POINT('',(4.012320795886,-7.715197688692,
    5.706151962482));
#6327 = CARTESIAN_POINT('',(3.97023837894,-7.626477344681,5.608014345453
    ));
#6328 = CARTESIAN_POINT('',(3.933689510975,-7.53499083153,5.51));
#6329 = PCURVE('',#2248,#6330);
#6330 = DEFINITIONAL_REPRESENTATION('',(#6331),#6338);
#6331 = B_SPLINE_CURVE_WITH_KNOTS('',5,(#6332,#6333,#6334,#6335,#6336,
    #6337),.UNSPECIFIED.,.F.,.F.,(6,6),(0.,1.),
  .PIECEWISE_BEZIER_KNOTS.);
#6332 = CARTESIAN_POINT('',(1.,0.799351420854));
#6333 = CARTESIAN_POINT('',(0.983707681903,0.840193197303));
#6334 = CARTESIAN_POINT('',(0.967377856511,0.880700166763));
#6335 = CARTESIAN_POINT('',(0.95102532708,0.920850114716));
#6336 = CARTESIAN_POINT('',(0.934669057575,0.960621599932));
#6337 = CARTESIAN_POINT('',(0.918333333333,1.));
#6338 = ( GEOMETRIC_REPRESENTATION_CONTEXT(2) 
PARAMETRIC_REPRESENTATION_CONTEXT() REPRESENTATION_CONTEXT('2D SPACE',''
  ) );
#6339 = PCURVE('',#4361,#6340);
#6340 = DEFINITIONAL_REPRESENTATION('',(#6341),#6348);
#6341 = B_SPLINE_CURVE_WITH_KNOTS('',5,(#6342,#6343,#6344,#6345,#6346,
    #6347),.UNSPECIFIED.,.F.,.F.,(6,6),(0.,1.),
  .PIECEWISE_BEZIER_KNOTS.);
#6342 = CARTESIAN_POINT('',(5.194693994748,-1.E-02));
#6343 = CARTESIAN_POINT('',(5.193177625637,-0.107753908585));
#6344 = CARTESIAN_POINT('',(5.192242199228,-0.205732860937));
#6345 = CARTESIAN_POINT('',(5.191948295582,-0.303848037518));
#6346 = CARTESIAN_POINT('',(5.192356210995,-0.401985654547));
#6347 = CARTESIAN_POINT('',(5.193525541821,-0.5));
#6348 = ( GEOMETRIC_REPRESENTATION_CONTEXT(2) 
PARAMETRIC_REPRESENTATION_CONTEXT() REPRESENTATION_CONTEXT('2D SPACE',''
  ) );
#6349 = ORIENTED_EDGE('',*,*,#6350,.F.);
#6350 = EDGE_CURVE('',#6224,#6319,#6351,.T.);
#6351 = SURFACE_CURVE('',#6352,(#6355,#6362),.PCURVE_S1.);
#6352 = B_SPLINE_CURVE_WITH_KNOTS('',1,(#6353,#6354),.UNSPECIFIED.,.F.,
  .F.,(2,2),(0.,1.),.PIECEWISE_BEZIER_KNOTS.);
#6353 = CARTESIAN_POINT('',(3.933689510975,-7.53499083153,0.));
#6354 = CARTESIAN_POINT('',(3.933689510975,-7.53499083153,6.));
#6355 = PCURVE('',#2248,#6356);
#6356 = DEFINITIONAL_REPRESENTATION('',(#6357),#6361);
#6357 = LINE('',#6358,#6359);
#6358 = CARTESIAN_POINT('',(0.,1.));
#6359 = VECTOR('',#6360,1.);
#6360 = DIRECTION('',(1.,0.));
#6361 = ( GEOMETRIC_REPRESENTATION_CONTEXT(2) 
PARAMETRIC_REPRESENTATION_CONTEXT() REPRESENTATION_CONTEXT('2D SPACE',''
  ) );
#6362 = PCURVE('',#6172,#6363);
#6363 = DEFINITIONAL_REPRESENTATION('',(#6364),#6368);
#6364 = LINE('',#6365,#6366);
#6365 = CARTESIAN_POINT('',(0.,0.));
#6366 = VECTOR('',#6367,1.);
#6367 = DIRECTION('',(1.,0.));
#6368 = ( GEOMETRIC_REPRESENTATION_CONTEXT(2) 
PARAMETRIC_REPRESENTATION_CONTEXT() REPRESENTATION_CONTEXT('2D SPACE',''
  ) );
#6369 = ORIENTED_EDGE('',*,*,#6223,.T.);
#6370 = ADVANCED_FACE('',(#6371),#2214,.F.);
#6371 = FACE_BOUND('',#6372,.F.);
#6372 = EDGE_LOOP('',(#6373,#6374,#6394,#6395));
#6373 = ORIENTED_EDGE('',*,*,#2196,.F.);
#6374 = ORIENTED_EDGE('',*,*,#6375,.T.);
#6375 = EDGE_CURVE('',#2163,#4266,#6376,.T.);
#6376 = SURFACE_CURVE('',#6377,(#6380,#6387),.PCURVE_S1.);
#6377 = B_SPLINE_CURVE_WITH_KNOTS('',1,(#6378,#6379),.UNSPECIFIED.,.F.,
  .F.,(2,2),(0.,1.),.PIECEWISE_BEZIER_KNOTS.);
#6378 = CARTESIAN_POINT('',(6.03722803368,-8.894626336691,0.));
#6379 = CARTESIAN_POINT('',(6.03722803368,-8.894626336691,6.));
#6380 = PCURVE('',#2214,#6381);
#6381 = DEFINITIONAL_REPRESENTATION('',(#6382),#6386);
#6382 = LINE('',#6383,#6384);
#6383 = CARTESIAN_POINT('',(0.,0.));
#6384 = VECTOR('',#6385,1.);
#6385 = DIRECTION('',(1.,0.));
#6386 = ( GEOMETRIC_REPRESENTATION_CONTEXT(2) 
PARAMETRIC_REPRESENTATION_CONTEXT() REPRESENTATION_CONTEXT('2D SPACE',''
  ) );
#6387 = PCURVE('',#2180,#6388);
#6388 = DEFINITIONAL_REPRESENTATION('',(#6389),#6393);
#6389 = LINE('',#6390,#6391);
#6390 = CARTESIAN_POINT('',(0.,1.));
#6391 = VECTOR('',#6392,1.);
#6392 = DIRECTION('',(1.,0.));
#6393 = ( GEOMETRIC_REPRESENTATION_CONTEXT(2) 
PARAMETRIC_REPRESENTATION_CONTEXT() REPRESENTATION_CONTEXT('2D SPACE',''
  ) );
#6394 = ORIENTED_EDGE('',*,*,#4290,.T.);
#6395 = ORIENTED_EDGE('',*,*,#6297,.F.);
#6396 = ADVANCED_FACE('',(#6397),#2180,.F.);
#6397 = FACE_BOUND('',#6398,.F.);
#6398 = EDGE_LOOP('',(#6399,#6400,#6432,#6463,#6493,#6494));
#6399 = ORIENTED_EDGE('',*,*,#2162,.F.);
#6400 = ORIENTED_EDGE('',*,*,#6401,.F.);
#6401 = EDGE_CURVE('',#6402,#2130,#6404,.T.);
#6402 = VERTEX_POINT('',#6403);
#6403 = CARTESIAN_POINT('',(5.320198541541,-6.629139271322,0.49));
#6404 = SURFACE_CURVE('',#6405,(#6412,#6422),.PCURVE_S1.);
#6405 = B_SPLINE_CURVE_WITH_KNOTS('',5,(#6406,#6407,#6408,#6409,#6410,
    #6411),.UNSPECIFIED.,.F.,.F.,(6,6),(0.,1.),
  .PIECEWISE_BEZIER_KNOTS.);
#6406 = CARTESIAN_POINT('',(5.320198541541,-6.629139271322,0.49));
#6407 = CARTESIAN_POINT('',(5.389297937024,-6.699359463501,
    0.391985654507));
#6408 = CARTESIAN_POINT('',(5.453641347225,-6.773535974701,
    0.293848037516));
#6409 = CARTESIAN_POINT('',(5.513265214366,-6.851500284168,
    0.195732860938));
#6410 = CARTESIAN_POINT('',(5.568242196997,-6.933030017403,
    9.775390855047E-02));
#6411 = CARTESIAN_POINT('',(5.618696138618,-7.017859623979,0.));
#6412 = PCURVE('',#2180,#6413);
#6413 = DEFINITIONAL_REPRESENTATION('',(#6414),#6421);
#6414 = B_SPLINE_CURVE_WITH_KNOTS('',5,(#6415,#6416,#6417,#6418,#6419,
    #6420),.UNSPECIFIED.,.F.,.F.,(6,6),(0.,1.),
  .PIECEWISE_BEZIER_KNOTS.);
#6415 = CARTESIAN_POINT('',(8.166666666667E-02,0.));
#6416 = CARTESIAN_POINT('',(6.53309424179E-02,3.937840008448E-02));
#6417 = CARTESIAN_POINT('',(4.897467291928E-02,7.914988528522E-02));
#6418 = CARTESIAN_POINT('',(3.26221434896E-02,0.119299833236));
#6419 = CARTESIAN_POINT('',(1.629231809175E-02,0.159806802711));
#6420 = CARTESIAN_POINT('',(0.,0.200648579146));
#6421 = ( GEOMETRIC_REPRESENTATION_CONTEXT(2) 
PARAMETRIC_REPRESENTATION_CONTEXT() REPRESENTATION_CONTEXT('2D SPACE',''
  ) );
#6422 = PCURVE('',#2150,#6423);
#6423 = DEFINITIONAL_REPRESENTATION('',(#6424),#6431);
#6424 = B_SPLINE_CURVE_WITH_KNOTS('',5,(#6425,#6426,#6427,#6428,#6429,
    #6430),.UNSPECIFIED.,.F.,.F.,(6,6),(0.,1.),
  .PIECEWISE_BEZIER_KNOTS.);
#6425 = CARTESIAN_POINT('',(-5.388681291324,9.999999999999E-03));
#6426 = CARTESIAN_POINT('',(-5.38985062215,0.108014345493));
#6427 = CARTESIAN_POINT('',(-5.390258537562,0.206151962484));
#6428 = CARTESIAN_POINT('',(-5.389964633917,0.304267139062));
#6429 = CARTESIAN_POINT('',(-5.389029207507,0.40224609145));
#6430 = CARTESIAN_POINT('',(-5.387512838397,0.5));
#6431 = ( GEOMETRIC_REPRESENTATION_CONTEXT(2) 
PARAMETRIC_REPRESENTATION_CONTEXT() REPRESENTATION_CONTEXT('2D SPACE',''
  ) );
#6432 = ORIENTED_EDGE('',*,*,#6433,.T.);
#6433 = EDGE_CURVE('',#6402,#6434,#6436,.T.);
#6434 = VERTEX_POINT('',#6435);
#6435 = CARTESIAN_POINT('',(5.320198541541,-6.629139271322,5.51));
#6436 = SURFACE_CURVE('',#6437,(#6440,#6447),.PCURVE_S1.);
#6437 = B_SPLINE_CURVE_WITH_KNOTS('',1,(#6438,#6439),.UNSPECIFIED.,.F.,
  .F.,(2,2),(0.,1.),.PIECEWISE_BEZIER_KNOTS.);
#6438 = CARTESIAN_POINT('',(5.320198541541,-6.629139271322,0.));
#6439 = CARTESIAN_POINT('',(5.320198541541,-6.629139271322,6.));
#6440 = PCURVE('',#2180,#6441);
#6441 = DEFINITIONAL_REPRESENTATION('',(#6442),#6446);
#6442 = LINE('',#6443,#6444);
#6443 = CARTESIAN_POINT('',(0.,0.));
#6444 = VECTOR('',#6445,1.);
#6445 = DIRECTION('',(1.,0.));
#6446 = ( GEOMETRIC_REPRESENTATION_CONTEXT(2) 
PARAMETRIC_REPRESENTATION_CONTEXT() REPRESENTATION_CONTEXT('2D SPACE',''
  ) );
#6447 = PCURVE('',#6448,#6457);
#6448 = B_SPLINE_SURFACE_WITH_KNOTS('',1,3,(
    (#6449,#6450,#6451,#6452)
    ,(#6453,#6454,#6455,#6456
    )),.UNSPECIFIED.,.F.,.F.,.F.,(2,2),(4,4),(0.,1.),(0.,1.),
  .PIECEWISE_BEZIER_KNOTS.);
#6449 = CARTESIAN_POINT('',(6.167158886437,-5.849457348288,0.));
#6450 = CARTESIAN_POINT('',(5.902889638996,-6.128092221441,0.));
#6451 = CARTESIAN_POINT('',(5.619704916819,-6.388782122794,0.));
#6452 = CARTESIAN_POINT('',(5.320198541541,-6.629139271322,0.));
#6453 = CARTESIAN_POINT('',(6.167158886437,-5.849457348288,6.));
#6454 = CARTESIAN_POINT('',(5.902889638996,-6.128092221441,6.));
#6455 = CARTESIAN_POINT('',(5.619704916819,-6.388782122794,6.));
#6456 = CARTESIAN_POINT('',(5.320198541541,-6.629139271322,6.));
#6457 = DEFINITIONAL_REPRESENTATION('',(#6458),#6462);
#6458 = LINE('',#6459,#6460);
#6459 = CARTESIAN_POINT('',(0.,1.));
#6460 = VECTOR('',#6461,1.);
#6461 = DIRECTION('',(1.,0.));
#6462 = ( GEOMETRIC_REPRESENTATION_CONTEXT(2) 
PARAMETRIC_REPRESENTATION_CONTEXT() REPRESENTATION_CONTEXT('2D SPACE',''
  ) );
#6463 = ORIENTED_EDGE('',*,*,#6464,.T.);
#6464 = EDGE_CURVE('',#6434,#4233,#6465,.T.);
#6465 = SURFACE_CURVE('',#6466,(#6473,#6483),.PCURVE_S1.);
#6466 = B_SPLINE_CURVE_WITH_KNOTS('',5,(#6467,#6468,#6469,#6470,#6471,
    #6472),.UNSPECIFIED.,.F.,.F.,(6,6),(0.,1.),
  .PIECEWISE_BEZIER_KNOTS.);
#6467 = CARTESIAN_POINT('',(5.320198541541,-6.629139271322,5.51));
#6468 = CARTESIAN_POINT('',(5.389297937024,-6.699359463501,
    5.608014345493));
#6469 = CARTESIAN_POINT('',(5.453641347225,-6.773535974701,
    5.706151962484));
#6470 = CARTESIAN_POINT('',(5.513265214366,-6.851500284168,
    5.804267139062));
#6471 = CARTESIAN_POINT('',(5.568242196997,-6.933030017403,5.90224609145
    ));
#6472 = CARTESIAN_POINT('',(5.618696138618,-7.017859623979,6.));
#6473 = PCURVE('',#2180,#6474);
#6474 = DEFINITIONAL_REPRESENTATION('',(#6475),#6482);
#6475 = B_SPLINE_CURVE_WITH_KNOTS('',5,(#6476,#6477,#6478,#6479,#6480,
    #6481),.UNSPECIFIED.,.F.,.F.,(6,6),(0.,1.),
  .PIECEWISE_BEZIER_KNOTS.);
#6476 = CARTESIAN_POINT('',(0.918333333333,0.));
#6477 = CARTESIAN_POINT('',(0.934669057582,3.937840008448E-02));
#6478 = CARTESIAN_POINT('',(0.951025327081,7.914988528522E-02));
#6479 = CARTESIAN_POINT('',(0.96737785651,0.119299833236));
#6480 = CARTESIAN_POINT('',(0.983707681908,0.159806802711));
#6481 = CARTESIAN_POINT('',(1.,0.200648579146));
#6482 = ( GEOMETRIC_REPRESENTATION_CONTEXT(2) 
PARAMETRIC_REPRESENTATION_CONTEXT() REPRESENTATION_CONTEXT('2D SPACE',''
  ) );
#6483 = PCURVE('',#4253,#6484);
#6484 = DEFINITIONAL_REPRESENTATION('',(#6485),#6492);
#6485 = B_SPLINE_CURVE_WITH_KNOTS('',5,(#6486,#6487,#6488,#6489,#6490,
    #6491),.UNSPECIFIED.,.F.,.F.,(6,6),(0.,1.),
  .PIECEWISE_BEZIER_KNOTS.);
#6486 = CARTESIAN_POINT('',(5.388681291324,-0.5));
#6487 = CARTESIAN_POINT('',(5.38985062215,-0.401985654507));
#6488 = CARTESIAN_POINT('',(5.390258537562,-0.303848037516));
#6489 = CARTESIAN_POINT('',(5.389964633917,-0.205732860938));
#6490 = CARTESIAN_POINT('',(5.389029207507,-0.10775390855));
#6491 = CARTESIAN_POINT('',(5.387512838397,-1.E-02));
#6492 = ( GEOMETRIC_REPRESENTATION_CONTEXT(2) 
PARAMETRIC_REPRESENTATION_CONTEXT() REPRESENTATION_CONTEXT('2D SPACE',''
  ) );
#6493 = ORIENTED_EDGE('',*,*,#4265,.T.);
#6494 = ORIENTED_EDGE('',*,*,#6375,.F.);
#6495 = ADVANCED_FACE('',(#6496),#2150,.F.);
#6496 = FACE_BOUND('',#6497,.T.);
#6497 = EDGE_LOOP('',(#6498,#6530,#6531,#6532));
#6498 = ORIENTED_EDGE('',*,*,#6499,.T.);
#6499 = EDGE_CURVE('',#6500,#2096,#6502,.T.);
#6500 = VERTEX_POINT('',#6501);
#6501 = CARTESIAN_POINT('',(6.167158886437,-5.849457348288,0.49));
#6502 = SURFACE_CURVE('',#6503,(#6510,#6520),.PCURVE_S1.);
#6503 = B_SPLINE_CURVE_WITH_KNOTS('',5,(#6504,#6505,#6506,#6507,#6508,
    #6509),.UNSPECIFIED.,.F.,.F.,(6,6),(0.,1.),
  .PIECEWISE_BEZIER_KNOTS.);
#6504 = CARTESIAN_POINT('',(6.167158886437,-5.849457348288,0.49));
#6505 = CARTESIAN_POINT('',(6.231433058208,-5.924119471811,
    0.391985654507));
#6506 = CARTESIAN_POINT('',(6.300042782315,-5.994368564389,
    0.293848037516));
#6507 = CARTESIAN_POINT('',(6.372817104215,-6.06022702744,0.195732860938
    ));
#6508 = CARTESIAN_POINT('',(6.449528408835,-6.12174890781,
    9.775390855046E-02));
#6509 = CARTESIAN_POINT('',(6.52990182582,-6.179035697028,0.));
#6510 = PCURVE('',#2150,#6511);
#6511 = DEFINITIONAL_REPRESENTATION('',(#6512),#6519);
#6512 = B_SPLINE_CURVE_WITH_KNOTS('',5,(#6513,#6514,#6515,#6516,#6517,
    #6518),.UNSPECIFIED.,.F.,.F.,(6,6),(0.,1.),
  .PIECEWISE_BEZIER_KNOTS.);
#6513 = CARTESIAN_POINT('',(-5.524219505357,1.E-02));
#6514 = CARTESIAN_POINT('',(-5.52305017453,0.108014345493));
#6515 = CARTESIAN_POINT('',(-5.522642259118,0.206151962484));
#6516 = CARTESIAN_POINT('',(-5.522936162763,0.304267139062));
#6517 = CARTESIAN_POINT('',(-5.523871589173,0.40224609145));
#6518 = CARTESIAN_POINT('',(-5.525387958284,0.5));
#6519 = ( GEOMETRIC_REPRESENTATION_CONTEXT(2) 
PARAMETRIC_REPRESENTATION_CONTEXT() REPRESENTATION_CONTEXT('2D SPACE',''
  ) );
#6520 = PCURVE('',#2113,#6521);
#6521 = DEFINITIONAL_REPRESENTATION('',(#6522),#6529);
#6522 = B_SPLINE_CURVE_WITH_KNOTS('',5,(#6523,#6524,#6525,#6526,#6527,
    #6528),.UNSPECIFIED.,.F.,.F.,(6,6),(0.,1.),
  .PIECEWISE_BEZIER_KNOTS.);
#6523 = CARTESIAN_POINT('',(8.166666666667E-02,1.));
#6524 = CARTESIAN_POINT('',(6.533094241791E-02,0.960621599916));
#6525 = CARTESIAN_POINT('',(4.897467291928E-02,0.920850114715));
#6526 = CARTESIAN_POINT('',(3.262214348961E-02,0.880700166764));
#6527 = CARTESIAN_POINT('',(1.629231809174E-02,0.840193197289));
#6528 = CARTESIAN_POINT('',(0.,0.799351420854));
#6529 = ( GEOMETRIC_REPRESENTATION_CONTEXT(2) 
PARAMETRIC_REPRESENTATION_CONTEXT() REPRESENTATION_CONTEXT('2D SPACE',''
  ) );
#6530 = ORIENTED_EDGE('',*,*,#2129,.T.);
#6531 = ORIENTED_EDGE('',*,*,#6401,.F.);
#6532 = ORIENTED_EDGE('',*,*,#6533,.F.);
#6533 = EDGE_CURVE('',#6500,#6402,#6534,.T.);
#6534 = SURFACE_CURVE('',#6535,(#6544,#6556),.PCURVE_S1.);
#6535 = B_SPLINE_CURVE_WITH_KNOTS('',4,(#6536,#6537,#6538,#6539,#6540,
    #6541,#6542,#6543),.UNSPECIFIED.,.F.,.F.,(5,3,5),(0.,0.499491162769,
    1.),.UNSPECIFIED.);
#6536 = CARTESIAN_POINT('',(6.167158886437,-5.849457348288,0.49));
#6537 = CARTESIAN_POINT('',(6.068158857946,-5.95383899938,0.489996810525
    ));
#6538 = CARTESIAN_POINT('',(5.96679905324,-6.055982257054,0.489999636232
    ));
#6539 = CARTESIAN_POINT('',(5.863160495496,-6.155812493941,
    0.490001061521));
#6540 = CARTESIAN_POINT('',(5.651271707035,-6.350896851876,0.4900010702)
  );
#6541 = CARTESIAN_POINT('',(5.543012542049,-6.446141206104,
    0.489999647786));
#6542 = CARTESIAN_POINT('',(5.432627633701,-6.538913692725,
    0.489996804026));
#6543 = CARTESIAN_POINT('',(5.320198541541,-6.629139271322,0.49));
#6544 = PCURVE('',#2150,#6545);
#6545 = DEFINITIONAL_REPRESENTATION('',(#6546),#6555);
#6546 = B_SPLINE_CURVE_WITH_KNOTS('',4,(#6547,#6548,#6549,#6550,#6551,
    #6552,#6553,#6554),.UNSPECIFIED.,.F.,.F.,(5,3,5),(0.,0.499491162769,
    1.),.UNSPECIFIED.);
#6547 = CARTESIAN_POINT('',(-5.524219505357,9.999999999999E-03));
#6548 = CARTESIAN_POINT('',(-5.507294458004,1.000318947545E-02));
#6549 = CARTESIAN_POINT('',(-5.490369439126,1.000036376847E-02));
#6550 = CARTESIAN_POINT('',(-5.473444401467,9.998938479228E-03));
#6551 = CARTESIAN_POINT('',(-5.439559845535,9.998929799892E-03));
#6552 = CARTESIAN_POINT('',(-5.422600324386,1.000035221407E-02));
#6553 = CARTESIAN_POINT('',(-5.405640822143,1.000319597376E-02));
#6554 = CARTESIAN_POINT('',(-5.388681291324,9.999999999999E-03));
#6555 = ( GEOMETRIC_REPRESENTATION_CONTEXT(2) 
PARAMETRIC_REPRESENTATION_CONTEXT() REPRESENTATION_CONTEXT('2D SPACE',''
  ) );
#6556 = PCURVE('',#6448,#6557);
#6557 = DEFINITIONAL_REPRESENTATION('',(#6558),#6567);
#6558 = B_SPLINE_CURVE_WITH_KNOTS('',4,(#6559,#6560,#6561,#6562,#6563,
    #6564,#6565,#6566),.UNSPECIFIED.,.F.,.F.,(5,3,5),(0.,0.499491162769,
    1.),.UNSPECIFIED.);
#6559 = CARTESIAN_POINT('',(8.166666666667E-02,0.));
#6560 = CARTESIAN_POINT('',(8.166613508742E-02,0.12487268124));
#6561 = CARTESIAN_POINT('',(8.166660603859E-02,0.249745556984));
#6562 = CARTESIAN_POINT('',(8.16668435868E-02,0.374618350634));
#6563 = CARTESIAN_POINT('',(8.166684503335E-02,0.624618393535));
#6564 = CARTESIAN_POINT('',(8.166660796432E-02,0.749745605556));
#6565 = CARTESIAN_POINT('',(8.166613400437E-02,0.87487290039));
#6566 = CARTESIAN_POINT('',(8.166666666667E-02,1.));
#6567 = ( GEOMETRIC_REPRESENTATION_CONTEXT(2) 
PARAMETRIC_REPRESENTATION_CONTEXT() REPRESENTATION_CONTEXT('2D SPACE',''
  ) );
#6568 = ADVANCED_FACE('',(#6569),#2113,.F.);
#6569 = FACE_BOUND('',#6570,.F.);
#6570 = EDGE_LOOP('',(#6571,#6572,#6573,#6574,#6606,#6626));
#6571 = ORIENTED_EDGE('',*,*,#2095,.F.);
#6572 = ORIENTED_EDGE('',*,*,#2832,.T.);
#6573 = ORIENTED_EDGE('',*,*,#4207,.T.);
#6574 = ORIENTED_EDGE('',*,*,#6575,.T.);
#6575 = EDGE_CURVE('',#4208,#6576,#6578,.T.);
#6576 = VERTEX_POINT('',#6577);
#6577 = CARTESIAN_POINT('',(6.167158886437,-5.849457348288,5.51));
#6578 = SURFACE_CURVE('',#6579,(#6586,#6596),.PCURVE_S1.);
#6579 = B_SPLINE_CURVE_WITH_KNOTS('',5,(#6580,#6581,#6582,#6583,#6584,
    #6585),.UNSPECIFIED.,.F.,.F.,(6,6),(0.,1.),
  .PIECEWISE_BEZIER_KNOTS.);
#6580 = CARTESIAN_POINT('',(6.52990182582,-6.179035697028,6.));
#6581 = CARTESIAN_POINT('',(6.449528408807,-6.12174890779,5.902246091415
    ));
#6582 = CARTESIAN_POINT('',(6.372817104218,-6.060227027437,
    5.804267139063));
#6583 = CARTESIAN_POINT('',(6.30004278231,-5.994368564391,5.706151962482
    ));
#6584 = CARTESIAN_POINT('',(6.231433058182,-5.924119471781,
    5.608014345453));
#6585 = CARTESIAN_POINT('',(6.167158886437,-5.849457348288,5.51));
#6586 = PCURVE('',#2113,#6587);
#6587 = DEFINITIONAL_REPRESENTATION('',(#6588),#6595);
#6588 = B_SPLINE_CURVE_WITH_KNOTS('',5,(#6589,#6590,#6591,#6592,#6593,
    #6594),.UNSPECIFIED.,.F.,.F.,(6,6),(0.,1.),
  .PIECEWISE_BEZIER_KNOTS.);
#6589 = CARTESIAN_POINT('',(1.,0.799351420854));
#6590 = CARTESIAN_POINT('',(0.983707681903,0.840193197303));
#6591 = CARTESIAN_POINT('',(0.967377856511,0.880700166763));
#6592 = CARTESIAN_POINT('',(0.95102532708,0.920850114716));
#6593 = CARTESIAN_POINT('',(0.934669057575,0.960621599932));
#6594 = CARTESIAN_POINT('',(0.918333333333,1.));
#6595 = ( GEOMETRIC_REPRESENTATION_CONTEXT(2) 
PARAMETRIC_REPRESENTATION_CONTEXT() REPRESENTATION_CONTEXT('2D SPACE',''
  ) );
#6596 = PCURVE('',#4253,#6597);
#6597 = DEFINITIONAL_REPRESENTATION('',(#6598),#6605);
#6598 = B_SPLINE_CURVE_WITH_KNOTS('',5,(#6599,#6600,#6601,#6602,#6603,
    #6604),.UNSPECIFIED.,.F.,.F.,(6,6),(0.,1.),
  .PIECEWISE_BEZIER_KNOTS.);
#6599 = CARTESIAN_POINT('',(5.525387958284,-1.E-02));
#6600 = CARTESIAN_POINT('',(5.523871589173,-0.107753908585));
#6601 = CARTESIAN_POINT('',(5.522936162764,-0.205732860937));
#6602 = CARTESIAN_POINT('',(5.522642259118,-0.303848037518));
#6603 = CARTESIAN_POINT('',(5.523050174531,-0.401985654547));
#6604 = CARTESIAN_POINT('',(5.524219505357,-0.5));
#6605 = ( GEOMETRIC_REPRESENTATION_CONTEXT(2) 
PARAMETRIC_REPRESENTATION_CONTEXT() REPRESENTATION_CONTEXT('2D SPACE',''
  ) );
#6606 = ORIENTED_EDGE('',*,*,#6607,.F.);
#6607 = EDGE_CURVE('',#6500,#6576,#6608,.T.);
#6608 = SURFACE_CURVE('',#6609,(#6612,#6619),.PCURVE_S1.);
#6609 = B_SPLINE_CURVE_WITH_KNOTS('',1,(#6610,#6611),.UNSPECIFIED.,.F.,
  .F.,(2,2),(0.,1.),.PIECEWISE_BEZIER_KNOTS.);
#6610 = CARTESIAN_POINT('',(6.167158886437,-5.849457348288,0.));
#6611 = CARTESIAN_POINT('',(6.167158886437,-5.849457348288,6.));
#6612 = PCURVE('',#2113,#6613);
#6613 = DEFINITIONAL_REPRESENTATION('',(#6614),#6618);
#6614 = LINE('',#6615,#6616);
#6615 = CARTESIAN_POINT('',(0.,1.));
#6616 = VECTOR('',#6617,1.);
#6617 = DIRECTION('',(1.,0.));
#6618 = ( GEOMETRIC_REPRESENTATION_CONTEXT(2) 
PARAMETRIC_REPRESENTATION_CONTEXT() REPRESENTATION_CONTEXT('2D SPACE',''
  ) );
#6619 = PCURVE('',#6448,#6620);
#6620 = DEFINITIONAL_REPRESENTATION('',(#6621),#6625);
#6621 = LINE('',#6622,#6623);
#6622 = CARTESIAN_POINT('',(0.,0.));
#6623 = VECTOR('',#6624,1.);
#6624 = DIRECTION('',(1.,0.));
#6625 = ( GEOMETRIC_REPRESENTATION_CONTEXT(2) 
PARAMETRIC_REPRESENTATION_CONTEXT() REPRESENTATION_CONTEXT('2D SPACE',''
  ) );
#6626 = ORIENTED_EDGE('',*,*,#6499,.T.);
#6627 = ADVANCED_FACE('',(#6628),#2027,.F.);
#6628 = FACE_BOUND('',#6629,.F.);
#6629 = EDGE_LOOP('',(#6630,#6631,#6651,#6652,#6653,#6654));
#6630 = ORIENTED_EDGE('',*,*,#2009,.F.);
#6631 = ORIENTED_EDGE('',*,*,#6632,.T.);
#6632 = EDGE_CURVE('',#1976,#4130,#6633,.T.);
#6633 = SURFACE_CURVE('',#6634,(#6637,#6644),.PCURVE_S1.);
#6634 = B_SPLINE_CURVE_WITH_KNOTS('',1,(#6635,#6636),.UNSPECIFIED.,.F.,
  .F.,(2,2),(0.,1.),.PIECEWISE_BEZIER_KNOTS.);
#6635 = CARTESIAN_POINT('',(10.104505001047,-3.668988782188,0.));
#6636 = CARTESIAN_POINT('',(10.104505001047,-3.668988782188,6.));
#6637 = PCURVE('',#2027,#6638);
#6638 = DEFINITIONAL_REPRESENTATION('',(#6639),#6643);
#6639 = LINE('',#6640,#6641);
#6640 = CARTESIAN_POINT('',(0.,0.));
#6641 = VECTOR('',#6642,1.);
#6642 = DIRECTION('',(1.,0.));
#6643 = ( GEOMETRIC_REPRESENTATION_CONTEXT(2) 
PARAMETRIC_REPRESENTATION_CONTEXT() REPRESENTATION_CONTEXT('2D SPACE',''
  ) );
#6644 = PCURVE('',#1993,#6645);
#6645 = DEFINITIONAL_REPRESENTATION('',(#6646),#6650);
#6646 = LINE('',#6647,#6648);
#6647 = CARTESIAN_POINT('',(0.,1.));
#6648 = VECTOR('',#6649,1.);
#6649 = DIRECTION('',(1.,0.));
#6650 = ( GEOMETRIC_REPRESENTATION_CONTEXT(2) 
PARAMETRIC_REPRESENTATION_CONTEXT() REPRESENTATION_CONTEXT('2D SPACE',''
  ) );
#6651 = ORIENTED_EDGE('',*,*,#4154,.T.);
#6652 = ORIENTED_EDGE('',*,*,#4921,.T.);
#6653 = ORIENTED_EDGE('',*,*,#4992,.F.);
#6654 = ORIENTED_EDGE('',*,*,#5019,.T.);
#6655 = ADVANCED_FACE('',(#6656),#1993,.F.);
#6656 = FACE_BOUND('',#6657,.F.);
#6657 = EDGE_LOOP('',(#6658,#6659,#6679,#6680));
#6658 = ORIENTED_EDGE('',*,*,#1975,.F.);
#6659 = ORIENTED_EDGE('',*,*,#6660,.T.);
#6660 = EDGE_CURVE('',#1942,#4105,#6661,.T.);
#6661 = SURFACE_CURVE('',#6662,(#6665,#6672),.PCURVE_S1.);
#6662 = B_SPLINE_CURVE_WITH_KNOTS('',1,(#6663,#6664),.UNSPECIFIED.,.F.,
  .F.,(2,2),(0.,1.),.PIECEWISE_BEZIER_KNOTS.);
#6663 = CARTESIAN_POINT('',(10.22741377646,-3.310967750534,0.));
#6664 = CARTESIAN_POINT('',(10.22741377646,-3.310967750534,6.));
#6665 = PCURVE('',#1993,#6666);
#6666 = DEFINITIONAL_REPRESENTATION('',(#6667),#6671);
#6667 = LINE('',#6668,#6669);
#6668 = CARTESIAN_POINT('',(0.,0.));
#6669 = VECTOR('',#6670,1.);
#6670 = DIRECTION('',(1.,0.));
#6671 = ( GEOMETRIC_REPRESENTATION_CONTEXT(2) 
PARAMETRIC_REPRESENTATION_CONTEXT() REPRESENTATION_CONTEXT('2D SPACE',''
  ) );
#6672 = PCURVE('',#1959,#6673);
#6673 = DEFINITIONAL_REPRESENTATION('',(#6674),#6678);
#6674 = LINE('',#6675,#6676);
#6675 = CARTESIAN_POINT('',(0.,1.));
#6676 = VECTOR('',#6677,1.);
#6677 = DIRECTION('',(1.,0.));
#6678 = ( GEOMETRIC_REPRESENTATION_CONTEXT(2) 
PARAMETRIC_REPRESENTATION_CONTEXT() REPRESENTATION_CONTEXT('2D SPACE',''
  ) );
#6679 = ORIENTED_EDGE('',*,*,#4129,.T.);
#6680 = ORIENTED_EDGE('',*,*,#6632,.F.);
#6681 = ADVANCED_FACE('',(#6682),#1959,.F.);
#6682 = FACE_BOUND('',#6683,.F.);
#6683 = EDGE_LOOP('',(#6684,#6685,#6717,#6748,#6778,#6779));
#6684 = ORIENTED_EDGE('',*,*,#1941,.F.);
#6685 = ORIENTED_EDGE('',*,*,#6686,.F.);
#6686 = EDGE_CURVE('',#6687,#1909,#6689,.T.);
#6687 = VERTEX_POINT('',#6688);
#6688 = CARTESIAN_POINT('',(8.270085801798,-1.963588763183,0.49));
#6689 = SURFACE_CURVE('',#6690,(#6697,#6707),.PCURVE_S1.);
#6690 = B_SPLINE_CURVE_WITH_KNOTS('',5,(#6691,#6692,#6693,#6694,#6695,
    #6696),.UNSPECIFIED.,.F.,.F.,(6,6),(0.,1.),
  .PIECEWISE_BEZIER_KNOTS.);
#6691 = CARTESIAN_POINT('',(8.270085801798,-1.963588763183,0.49));
#6692 = CARTESIAN_POINT('',(8.367745068673,-1.976560634265,
    0.391985654507));
#6693 = CARTESIAN_POINT('',(8.464081216337,-1.995575783574,
    0.293848037516));
#6694 = CARTESIAN_POINT('',(8.559019495235,-2.020478841285,
    0.195732860938));
#6695 = CARTESIAN_POINT('',(8.652480657929,-2.051049694863,
    9.775390855047E-02));
#6696 = CARTESIAN_POINT('',(8.744399329892,-2.08700272146,0.));
#6697 = PCURVE('',#1959,#6698);
#6698 = DEFINITIONAL_REPRESENTATION('',(#6699),#6706);
#6699 = B_SPLINE_CURVE_WITH_KNOTS('',5,(#6700,#6701,#6702,#6703,#6704,
    #6705),.UNSPECIFIED.,.F.,.F.,(6,6),(0.,1.),
  .PIECEWISE_BEZIER_KNOTS.);
#6700 = CARTESIAN_POINT('',(8.166666666667E-02,0.));
#6701 = CARTESIAN_POINT('',(6.53309424179E-02,3.937840008448E-02));
#6702 = CARTESIAN_POINT('',(4.897467291928E-02,7.914988528522E-02));
#6703 = CARTESIAN_POINT('',(3.26221434896E-02,0.119299833236));
#6704 = CARTESIAN_POINT('',(1.629231809174E-02,0.159806802711));
#6705 = CARTESIAN_POINT('',(0.,0.200648579146));
#6706 = ( GEOMETRIC_REPRESENTATION_CONTEXT(2) 
PARAMETRIC_REPRESENTATION_CONTEXT() REPRESENTATION_CONTEXT('2D SPACE',''
  ) );
#6707 = PCURVE('',#1929,#6708);
#6708 = DEFINITIONAL_REPRESENTATION('',(#6709),#6716);
#6709 = B_SPLINE_CURVE_WITH_KNOTS('',5,(#6710,#6711,#6712,#6713,#6714,
    #6715),.UNSPECIFIED.,.F.,.F.,(6,6),(0.,1.),
  .PIECEWISE_BEZIER_KNOTS.);
#6710 = CARTESIAN_POINT('',(-6.050069218395,1.E-02));
#6711 = CARTESIAN_POINT('',(-6.051238549221,0.108014345493));
#6712 = CARTESIAN_POINT('',(-6.051646464633,0.206151962484));
#6713 = CARTESIAN_POINT('',(-6.051352560989,0.304267139062));
#6714 = CARTESIAN_POINT('',(-6.050417134578,0.40224609145));
#6715 = CARTESIAN_POINT('',(-6.048900765468,0.5));
#6716 = ( GEOMETRIC_REPRESENTATION_CONTEXT(2) 
PARAMETRIC_REPRESENTATION_CONTEXT() REPRESENTATION_CONTEXT('2D SPACE',''
  ) );
#6717 = ORIENTED_EDGE('',*,*,#6718,.T.);
#6718 = EDGE_CURVE('',#6687,#6719,#6721,.T.);
#6719 = VERTEX_POINT('',#6720);
#6720 = CARTESIAN_POINT('',(8.270085801798,-1.963588763183,5.51));
#6721 = SURFACE_CURVE('',#6722,(#6725,#6732),.PCURVE_S1.);
#6722 = B_SPLINE_CURVE_WITH_KNOTS('',1,(#6723,#6724),.UNSPECIFIED.,.F.,
  .F.,(2,2),(0.,1.),.PIECEWISE_BEZIER_KNOTS.);
#6723 = CARTESIAN_POINT('',(8.270085801798,-1.963588763183,0.));
#6724 = CARTESIAN_POINT('',(8.270085801798,-1.963588763183,6.));
#6725 = PCURVE('',#1959,#6726);
#6726 = DEFINITIONAL_REPRESENTATION('',(#6727),#6731);
#6727 = LINE('',#6728,#6729);
#6728 = CARTESIAN_POINT('',(0.,0.));
#6729 = VECTOR('',#6730,1.);
#6730 = DIRECTION('',(1.,0.));
#6731 = ( GEOMETRIC_REPRESENTATION_CONTEXT(2) 
PARAMETRIC_REPRESENTATION_CONTEXT() REPRESENTATION_CONTEXT('2D SPACE',''
  ) );
#6732 = PCURVE('',#6733,#6742);
#6733 = B_SPLINE_SURFACE_WITH_KNOTS('',1,3,(
    (#6734,#6735,#6736,#6737)
    ,(#6738,#6739,#6740,#6741
    )),.UNSPECIFIED.,.F.,.F.,.F.,(2,2),(4,4),(0.,1.),(0.,1.),
  .PIECEWISE_BEZIER_KNOTS.);
#6734 = CARTESIAN_POINT('',(8.459565970826,-0.828096362293,0.));
#6735 = CARTESIAN_POINT('',(8.422161483572,-1.21029595938,0.));
#6736 = CARTESIAN_POINT('',(8.358807999141,-1.589952577329,0.));
#6737 = CARTESIAN_POINT('',(8.270085801798,-1.963588763183,0.));
#6738 = CARTESIAN_POINT('',(8.459565970826,-0.828096362293,6.));
#6739 = CARTESIAN_POINT('',(8.422161483572,-1.21029595938,6.));
#6740 = CARTESIAN_POINT('',(8.358807999141,-1.589952577329,6.));
#6741 = CARTESIAN_POINT('',(8.270085801798,-1.963588763183,6.));
#6742 = DEFINITIONAL_REPRESENTATION('',(#6743),#6747);
#6743 = LINE('',#6744,#6745);
#6744 = CARTESIAN_POINT('',(0.,1.));
#6745 = VECTOR('',#6746,1.);
#6746 = DIRECTION('',(1.,0.));
#6747 = ( GEOMETRIC_REPRESENTATION_CONTEXT(2) 
PARAMETRIC_REPRESENTATION_CONTEXT() REPRESENTATION_CONTEXT('2D SPACE',''
  ) );
#6748 = ORIENTED_EDGE('',*,*,#6749,.T.);
#6749 = EDGE_CURVE('',#6719,#4072,#6750,.T.);
#6750 = SURFACE_CURVE('',#6751,(#6758,#6768),.PCURVE_S1.);
#6751 = B_SPLINE_CURVE_WITH_KNOTS('',5,(#6752,#6753,#6754,#6755,#6756,
    #6757),.UNSPECIFIED.,.F.,.F.,(6,6),(0.,1.),
  .PIECEWISE_BEZIER_KNOTS.);
#6752 = CARTESIAN_POINT('',(8.270085801798,-1.963588763183,5.51));
#6753 = CARTESIAN_POINT('',(8.367745068673,-1.976560634265,
    5.608014345493));
#6754 = CARTESIAN_POINT('',(8.464081216337,-1.995575783574,
    5.706151962484));
#6755 = CARTESIAN_POINT('',(8.559019495235,-2.020478841285,
    5.804267139062));
#6756 = CARTESIAN_POINT('',(8.652480657929,-2.051049694863,5.90224609145
    ));
#6757 = CARTESIAN_POINT('',(8.744399329892,-2.08700272146,6.));
#6758 = PCURVE('',#1959,#6759);
#6759 = DEFINITIONAL_REPRESENTATION('',(#6760),#6767);
#6760 = B_SPLINE_CURVE_WITH_KNOTS('',5,(#6761,#6762,#6763,#6764,#6765,
    #6766),.UNSPECIFIED.,.F.,.F.,(6,6),(0.,1.),
  .PIECEWISE_BEZIER_KNOTS.);
#6761 = CARTESIAN_POINT('',(0.918333333333,0.));
#6762 = CARTESIAN_POINT('',(0.934669057582,3.937840008448E-02));
#6763 = CARTESIAN_POINT('',(0.951025327081,7.914988528522E-02));
#6764 = CARTESIAN_POINT('',(0.96737785651,0.119299833236));
#6765 = CARTESIAN_POINT('',(0.983707681908,0.159806802711));
#6766 = CARTESIAN_POINT('',(1.,0.200648579146));
#6767 = ( GEOMETRIC_REPRESENTATION_CONTEXT(2) 
PARAMETRIC_REPRESENTATION_CONTEXT() REPRESENTATION_CONTEXT('2D SPACE',''
  ) );
#6768 = PCURVE('',#4092,#6769);
#6769 = DEFINITIONAL_REPRESENTATION('',(#6770),#6777);
#6770 = B_SPLINE_CURVE_WITH_KNOTS('',5,(#6771,#6772,#6773,#6774,#6775,
    #6776),.UNSPECIFIED.,.F.,.F.,(6,6),(0.,1.),
  .PIECEWISE_BEZIER_KNOTS.);
#6771 = CARTESIAN_POINT('',(6.050069218395,-0.5));
#6772 = CARTESIAN_POINT('',(6.051238549221,-0.401985654507));
#6773 = CARTESIAN_POINT('',(6.051646464633,-0.303848037516));
#6774 = CARTESIAN_POINT('',(6.051352560989,-0.205732860938));
#6775 = CARTESIAN_POINT('',(6.050417134578,-0.10775390855));
#6776 = CARTESIAN_POINT('',(6.048900765468,-1.E-02));
#6777 = ( GEOMETRIC_REPRESENTATION_CONTEXT(2) 
PARAMETRIC_REPRESENTATION_CONTEXT() REPRESENTATION_CONTEXT('2D SPACE',''
  ) );
#6778 = ORIENTED_EDGE('',*,*,#4104,.T.);
#6779 = ORIENTED_EDGE('',*,*,#6660,.F.);
#6780 = ADVANCED_FACE('',(#6781),#1929,.F.);
#6781 = FACE_BOUND('',#6782,.T.);
#6782 = EDGE_LOOP('',(#6783,#6815,#6816,#6817));
#6783 = ORIENTED_EDGE('',*,*,#6784,.T.);
#6784 = EDGE_CURVE('',#6785,#1875,#6787,.T.);
#6785 = VERTEX_POINT('',#6786);
#6786 = CARTESIAN_POINT('',(8.459565970826,-0.828096362293,0.49));
#6787 = SURFACE_CURVE('',#6788,(#6795,#6805),.PCURVE_S1.);
#6788 = B_SPLINE_CURVE_WITH_KNOTS('',5,(#6789,#6790,#6791,#6792,#6793,
    #6794),.UNSPECIFIED.,.F.,.F.,(6,6),(0.,1.),
  .PIECEWISE_BEZIER_KNOTS.);
#6789 = CARTESIAN_POINT('',(8.459565970826,-0.828096362293,0.49));
#6790 = CARTESIAN_POINT('',(8.556145748903,-0.847537255084,
    0.391985654507));
#6791 = CARTESIAN_POINT('',(8.65343634725,-0.860832695025,0.293848037516
    ));
#6792 = CARTESIAN_POINT('',(8.751316617949,-0.868105362437,
    0.195732860938));
#6793 = CARTESIAN_POINT('',(8.849640136985,-0.869537711947,
    9.775390855047E-02));
#6794 = CARTESIAN_POINT('',(8.948252330414,-0.865378663497,0.));
#6795 = PCURVE('',#1929,#6796);
#6796 = DEFINITIONAL_REPRESENTATION('',(#6797),#6804);
#6797 = B_SPLINE_CURVE_WITH_KNOTS('',5,(#6798,#6799,#6800,#6801,#6802,
    #6803),.UNSPECIFIED.,.F.,.F.,(6,6),(0.,1.),
  .PIECEWISE_BEZIER_KNOTS.);
#6798 = CARTESIAN_POINT('',(-6.185607432428,1.E-02));
#6799 = CARTESIAN_POINT('',(-6.184438101602,0.108014345493));
#6800 = CARTESIAN_POINT('',(-6.18403018619,0.206151962484));
#6801 = CARTESIAN_POINT('',(-6.184324089835,0.304267139062));
#6802 = CARTESIAN_POINT('',(-6.185259516245,0.40224609145));
#6803 = CARTESIAN_POINT('',(-6.186775885355,0.5));
#6804 = ( GEOMETRIC_REPRESENTATION_CONTEXT(2) 
PARAMETRIC_REPRESENTATION_CONTEXT() REPRESENTATION_CONTEXT('2D SPACE',''
  ) );
#6805 = PCURVE('',#1892,#6806);
#6806 = DEFINITIONAL_REPRESENTATION('',(#6807),#6814);
#6807 = B_SPLINE_CURVE_WITH_KNOTS('',5,(#6808,#6809,#6810,#6811,#6812,
    #6813),.UNSPECIFIED.,.F.,.F.,(6,6),(0.,1.),
  .PIECEWISE_BEZIER_KNOTS.);
#6808 = CARTESIAN_POINT('',(8.166666666667E-02,1.));
#6809 = CARTESIAN_POINT('',(6.53309424179E-02,0.960621599916));
#6810 = CARTESIAN_POINT('',(4.897467291928E-02,0.920850114715));
#6811 = CARTESIAN_POINT('',(3.26221434896E-02,0.880700166764));
#6812 = CARTESIAN_POINT('',(1.629231809175E-02,0.840193197289));
#6813 = CARTESIAN_POINT('',(0.,0.799351420854));
#6814 = ( GEOMETRIC_REPRESENTATION_CONTEXT(2) 
PARAMETRIC_REPRESENTATION_CONTEXT() REPRESENTATION_CONTEXT('2D SPACE',''
  ) );
#6815 = ORIENTED_EDGE('',*,*,#1908,.T.);
#6816 = ORIENTED_EDGE('',*,*,#6686,.F.);
#6817 = ORIENTED_EDGE('',*,*,#6818,.F.);
#6818 = EDGE_CURVE('',#6785,#6687,#6819,.T.);
#6819 = SURFACE_CURVE('',#6820,(#6829,#6841),.PCURVE_S1.);
#6820 = B_SPLINE_CURVE_WITH_KNOTS('',4,(#6821,#6822,#6823,#6824,#6825,
    #6826,#6827,#6828),.UNSPECIFIED.,.F.,.F.,(5,3,5),(0.,0.499491081849,
    1.),.UNSPECIFIED.);
#6821 = CARTESIAN_POINT('',(8.459565970826,-0.828096362293,0.49));
#6822 = CARTESIAN_POINT('',(8.445553577255,-0.971275204469,
    0.489996810525));
#6823 = CARTESIAN_POINT('',(8.428304140034,-1.114137044374,
    0.489999636231));
#6824 = CARTESIAN_POINT('',(8.407835760749,-1.256573225118,0.49000106152
    ));
#6825 = CARTESIAN_POINT('',(8.360449030092,-1.540666982783,
    0.490001070201));
#6826 = CARTESIAN_POINT('',(8.333517627347,-1.682322339506,
    0.489999647787));
#6827 = CARTESIAN_POINT('',(8.303390460856,-1.823332703772,
    0.489996804026));
#6828 = CARTESIAN_POINT('',(8.270085801798,-1.963588763183,0.49));
#6829 = PCURVE('',#1929,#6830);
#6830 = DEFINITIONAL_REPRESENTATION('',(#6831),#6840);
#6831 = B_SPLINE_CURVE_WITH_KNOTS('',4,(#6832,#6833,#6834,#6835,#6836,
    #6837,#6838,#6839),.UNSPECIFIED.,.F.,.F.,(5,3,5),(0.,0.499491081849,
    1.),.UNSPECIFIED.);
#6832 = CARTESIAN_POINT('',(-6.185607432428,1.E-02));
#6833 = CARTESIAN_POINT('',(-6.168682387817,1.000318947494E-02));
#6834 = CARTESIAN_POINT('',(-6.151757371681,1.000036376939E-02));
#6835 = CARTESIAN_POINT('',(-6.134832336764,9.998938479921E-03));
#6836 = CARTESIAN_POINT('',(-6.100947780833,9.998929799206E-03));
#6837 = CARTESIAN_POINT('',(-6.083988256941,1.000035221315E-02));
#6838 = CARTESIAN_POINT('',(-6.067028751957,1.000319597427E-02));
#6839 = CARTESIAN_POINT('',(-6.050069218395,1.E-02));
#6840 = ( GEOMETRIC_REPRESENTATION_CONTEXT(2) 
PARAMETRIC_REPRESENTATION_CONTEXT() REPRESENTATION_CONTEXT('2D SPACE',''
  ) );
#6841 = PCURVE('',#6733,#6842);
#6842 = DEFINITIONAL_REPRESENTATION('',(#6843),#6852);
#6843 = B_SPLINE_CURVE_WITH_KNOTS('',4,(#6844,#6845,#6846,#6847,#6848,
    #6849,#6850,#6851),.UNSPECIFIED.,.F.,.F.,(5,3,5),(0.,0.499491081849,
    1.),.UNSPECIFIED.);
#6844 = CARTESIAN_POINT('',(8.166666666667E-02,0.));
#6845 = CARTESIAN_POINT('',(8.166613508751E-02,0.12487266101));
#6846 = CARTESIAN_POINT('',(8.166660603844E-02,0.249745516525));
#6847 = CARTESIAN_POINT('',(8.166684358668E-02,0.374618289944));
#6848 = CARTESIAN_POINT('',(8.166684503347E-02,0.624618332845));
#6849 = CARTESIAN_POINT('',(8.166660796447E-02,0.749745565097));
#6850 = CARTESIAN_POINT('',(8.166613400429E-02,0.87487288016));
#6851 = CARTESIAN_POINT('',(8.166666666667E-02,1.));
#6852 = ( GEOMETRIC_REPRESENTATION_CONTEXT(2) 
PARAMETRIC_REPRESENTATION_CONTEXT() REPRESENTATION_CONTEXT('2D SPACE',''
  ) );
#6853 = ADVANCED_FACE('',(#6854),#1892,.F.);
#6854 = FACE_BOUND('',#6855,.F.);
#6855 = EDGE_LOOP('',(#6856,#6857,#6877,#6878,#6910,#6930));
#6856 = ORIENTED_EDGE('',*,*,#1874,.F.);
#6857 = ORIENTED_EDGE('',*,*,#6858,.T.);
#6858 = EDGE_CURVE('',#1841,#4022,#6859,.T.);
#6859 = SURFACE_CURVE('',#6860,(#6863,#6870),.PCURVE_S1.);
#6860 = B_SPLINE_CURVE_WITH_KNOTS('',1,(#6861,#6862),.UNSPECIFIED.,.F.,
  .F.,(2,2),(0.,1.),.PIECEWISE_BEZIER_KNOTS.);
#6861 = CARTESIAN_POINT('',(10.748333758935,-0.189265439383,0.));
#6862 = CARTESIAN_POINT('',(10.748333758935,-0.189265439383,6.));
#6863 = PCURVE('',#1892,#6864);
#6864 = DEFINITIONAL_REPRESENTATION('',(#6865),#6869);
#6865 = LINE('',#6866,#6867);
#6866 = CARTESIAN_POINT('',(0.,0.));
#6867 = VECTOR('',#6868,1.);
#6868 = DIRECTION('',(1.,0.));
#6869 = ( GEOMETRIC_REPRESENTATION_CONTEXT(2) 
PARAMETRIC_REPRESENTATION_CONTEXT() REPRESENTATION_CONTEXT('2D SPACE',''
  ) );
#6870 = PCURVE('',#1858,#6871);
#6871 = DEFINITIONAL_REPRESENTATION('',(#6872),#6876);
#6872 = LINE('',#6873,#6874);
#6873 = CARTESIAN_POINT('',(0.,1.));
#6874 = VECTOR('',#6875,1.);
#6875 = DIRECTION('',(1.,0.));
#6876 = ( GEOMETRIC_REPRESENTATION_CONTEXT(2) 
PARAMETRIC_REPRESENTATION_CONTEXT() REPRESENTATION_CONTEXT('2D SPACE',''
  ) );
#6877 = ORIENTED_EDGE('',*,*,#4046,.T.);
#6878 = ORIENTED_EDGE('',*,*,#6879,.T.);
#6879 = EDGE_CURVE('',#4047,#6880,#6882,.T.);
#6880 = VERTEX_POINT('',#6881);
#6881 = CARTESIAN_POINT('',(8.459565970826,-0.828096362293,5.51));
#6882 = SURFACE_CURVE('',#6883,(#6890,#6900),.PCURVE_S1.);
#6883 = B_SPLINE_CURVE_WITH_KNOTS('',5,(#6884,#6885,#6886,#6887,#6888,
    #6889),.UNSPECIFIED.,.F.,.F.,(6,6),(0.,1.),
  .PIECEWISE_BEZIER_KNOTS.);
#6884 = CARTESIAN_POINT('',(8.948252330414,-0.865378663497,6.));
#6885 = CARTESIAN_POINT('',(8.849640136951,-0.869537711948,
    5.902246091415));
#6886 = CARTESIAN_POINT('',(8.75131661795,-0.868105362433,5.804267139063
    ));
#6887 = CARTESIAN_POINT('',(8.653436347248,-0.86083269503,5.706151962482
    ));
#6888 = CARTESIAN_POINT('',(8.556145748863,-0.847537255076,
    5.608014345453));
#6889 = CARTESIAN_POINT('',(8.459565970826,-0.828096362293,5.51));
#6890 = PCURVE('',#1892,#6891);
#6891 = DEFINITIONAL_REPRESENTATION('',(#6892),#6899);
#6892 = B_SPLINE_CURVE_WITH_KNOTS('',5,(#6893,#6894,#6895,#6896,#6897,
    #6898),.UNSPECIFIED.,.F.,.F.,(6,6),(0.,1.),
  .PIECEWISE_BEZIER_KNOTS.);
#6893 = CARTESIAN_POINT('',(1.,0.799351420854));
#6894 = CARTESIAN_POINT('',(0.983707681903,0.840193197303));
#6895 = CARTESIAN_POINT('',(0.967377856511,0.880700166763));
#6896 = CARTESIAN_POINT('',(0.95102532708,0.920850114716));
#6897 = CARTESIAN_POINT('',(0.934669057575,0.960621599932));
#6898 = CARTESIAN_POINT('',(0.918333333333,1.));
#6899 = ( GEOMETRIC_REPRESENTATION_CONTEXT(2) 
PARAMETRIC_REPRESENTATION_CONTEXT() REPRESENTATION_CONTEXT('2D SPACE',''
  ) );
#6900 = PCURVE('',#4092,#6901);
#6901 = DEFINITIONAL_REPRESENTATION('',(#6902),#6909);
#6902 = B_SPLINE_CURVE_WITH_KNOTS('',5,(#6903,#6904,#6905,#6906,#6907,
    #6908),.UNSPECIFIED.,.F.,.F.,(6,6),(0.,1.),
  .PIECEWISE_BEZIER_KNOTS.);
#6903 = CARTESIAN_POINT('',(6.186775885355,-1.E-02));
#6904 = CARTESIAN_POINT('',(6.185259516244,-0.107753908585));
#6905 = CARTESIAN_POINT('',(6.184324089835,-0.205732860937));
#6906 = CARTESIAN_POINT('',(6.184030186189,-0.303848037518));
#6907 = CARTESIAN_POINT('',(6.184438101603,-0.401985654547));
#6908 = CARTESIAN_POINT('',(6.185607432428,-0.5));
#6909 = ( GEOMETRIC_REPRESENTATION_CONTEXT(2) 
PARAMETRIC_REPRESENTATION_CONTEXT() REPRESENTATION_CONTEXT('2D SPACE',''
  ) );
#6910 = ORIENTED_EDGE('',*,*,#6911,.F.);
#6911 = EDGE_CURVE('',#6785,#6880,#6912,.T.);
#6912 = SURFACE_CURVE('',#6913,(#6916,#6923),.PCURVE_S1.);
#6913 = B_SPLINE_CURVE_WITH_KNOTS('',1,(#6914,#6915),.UNSPECIFIED.,.F.,
  .F.,(2,2),(0.,1.),.PIECEWISE_BEZIER_KNOTS.);
#6914 = CARTESIAN_POINT('',(8.459565970826,-0.828096362293,0.));
#6915 = CARTESIAN_POINT('',(8.459565970826,-0.828096362293,6.));
#6916 = PCURVE('',#1892,#6917);
#6917 = DEFINITIONAL_REPRESENTATION('',(#6918),#6922);
#6918 = LINE('',#6919,#6920);
#6919 = CARTESIAN_POINT('',(0.,1.));
#6920 = VECTOR('',#6921,1.);
#6921 = DIRECTION('',(1.,0.));
#6922 = ( GEOMETRIC_REPRESENTATION_CONTEXT(2) 
PARAMETRIC_REPRESENTATION_CONTEXT() REPRESENTATION_CONTEXT('2D SPACE',''
  ) );
#6923 = PCURVE('',#6733,#6924);
#6924 = DEFINITIONAL_REPRESENTATION('',(#6925),#6929);
#6925 = LINE('',#6926,#6927);
#6926 = CARTESIAN_POINT('',(0.,0.));
#6927 = VECTOR('',#6928,1.);
#6928 = DIRECTION('',(1.,0.));
#6929 = ( GEOMETRIC_REPRESENTATION_CONTEXT(2) 
PARAMETRIC_REPRESENTATION_CONTEXT() REPRESENTATION_CONTEXT('2D SPACE',''
  ) );
#6930 = ORIENTED_EDGE('',*,*,#6784,.T.);
#6931 = ADVANCED_FACE('',(#6932),#1858,.F.);
#6932 = FACE_BOUND('',#6933,.F.);
#6933 = EDGE_LOOP('',(#6934,#6935,#6955,#6956));
#6934 = ORIENTED_EDGE('',*,*,#1840,.F.);
#6935 = ORIENTED_EDGE('',*,*,#6936,.T.);
#6936 = EDGE_CURVE('',#1807,#3997,#6937,.T.);
#6937 = SURFACE_CURVE('',#6938,(#6941,#6948),.PCURVE_S1.);
#6938 = B_SPLINE_CURVE_WITH_KNOTS('',1,(#6939,#6940),.UNSPECIFIED.,.F.,
  .F.,(2,2),(0.,1.),.PIECEWISE_BEZIER_KNOTS.);
#6939 = CARTESIAN_POINT('',(10.748333758935,0.189265439383,0.));
#6940 = CARTESIAN_POINT('',(10.748333758935,0.189265439383,6.));
#6941 = PCURVE('',#1858,#6942);
#6942 = DEFINITIONAL_REPRESENTATION('',(#6943),#6947);
#6943 = LINE('',#6944,#6945);
#6944 = CARTESIAN_POINT('',(0.,0.));
#6945 = VECTOR('',#6946,1.);
#6946 = DIRECTION('',(1.,0.));
#6947 = ( GEOMETRIC_REPRESENTATION_CONTEXT(2) 
PARAMETRIC_REPRESENTATION_CONTEXT() REPRESENTATION_CONTEXT('2D SPACE',''
  ) );
#6948 = PCURVE('',#1824,#6949);
#6949 = DEFINITIONAL_REPRESENTATION('',(#6950),#6954);
#6950 = LINE('',#6951,#6952);
#6951 = CARTESIAN_POINT('',(0.,1.));
#6952 = VECTOR('',#6953,1.);
#6953 = DIRECTION('',(1.,0.));
#6954 = ( GEOMETRIC_REPRESENTATION_CONTEXT(2) 
PARAMETRIC_REPRESENTATION_CONTEXT() REPRESENTATION_CONTEXT('2D SPACE',''
  ) );
#6955 = ORIENTED_EDGE('',*,*,#4021,.T.);
#6956 = ORIENTED_EDGE('',*,*,#6858,.F.);
#6957 = ADVANCED_FACE('',(#6958),#1824,.F.);
#6958 = FACE_BOUND('',#6959,.F.);
#6959 = EDGE_LOOP('',(#6960,#6961,#6993,#7024,#7054,#7055));
#6960 = ORIENTED_EDGE('',*,*,#1806,.F.);
#6961 = ORIENTED_EDGE('',*,*,#6962,.F.);
#6962 = EDGE_CURVE('',#6963,#1774,#6965,.T.);
#6963 = VERTEX_POINT('',#6964);
#6964 = CARTESIAN_POINT('',(8.459565970826,0.828096362293,0.49));
#6965 = SURFACE_CURVE('',#6966,(#6973,#6983),.PCURVE_S1.);
#6966 = B_SPLINE_CURVE_WITH_KNOTS('',5,(#6967,#6968,#6969,#6970,#6971,
    #6972),.UNSPECIFIED.,.F.,.F.,(6,6),(0.,1.),
  .PIECEWISE_BEZIER_KNOTS.);
#6967 = CARTESIAN_POINT('',(8.459565970826,0.828096362293,0.49));
#6968 = CARTESIAN_POINT('',(8.556145748903,0.847537255084,0.391985654507
    ));
#6969 = CARTESIAN_POINT('',(8.65343634725,0.860832695025,0.293848037516)
  );
#6970 = CARTESIAN_POINT('',(8.751316617949,0.868105362437,0.195732860938
    ));
#6971 = CARTESIAN_POINT('',(8.849640136985,0.869537711947,
    9.775390855047E-02));
#6972 = CARTESIAN_POINT('',(8.948252330414,0.865378663497,0.));
#6973 = PCURVE('',#1824,#6974);
#6974 = DEFINITIONAL_REPRESENTATION('',(#6975),#6982);
#6975 = B_SPLINE_CURVE_WITH_KNOTS('',5,(#6976,#6977,#6978,#6979,#6980,
    #6981),.UNSPECIFIED.,.F.,.F.,(6,6),(0.,1.),
  .PIECEWISE_BEZIER_KNOTS.);
#6976 = CARTESIAN_POINT('',(8.166666666667E-02,0.));
#6977 = CARTESIAN_POINT('',(6.53309424179E-02,3.937840008448E-02));
#6978 = CARTESIAN_POINT('',(4.897467291928E-02,7.914988528522E-02));
#6979 = CARTESIAN_POINT('',(3.26221434896E-02,0.119299833236));
#6980 = CARTESIAN_POINT('',(1.629231809175E-02,0.159806802711));
#6981 = CARTESIAN_POINT('',(0.,0.200648579146));
#6982 = ( GEOMETRIC_REPRESENTATION_CONTEXT(2) 
PARAMETRIC_REPRESENTATION_CONTEXT() REPRESENTATION_CONTEXT('2D SPACE',''
  ) );
#6983 = PCURVE('',#1794,#6984);
#6984 = DEFINITIONAL_REPRESENTATION('',(#6985),#6992);
#6985 = B_SPLINE_CURVE_WITH_KNOTS('',5,(#6986,#6987,#6988,#6989,#6990,
    #6991),.UNSPECIFIED.,.F.,.F.,(6,6),(0.,1.),
  .PIECEWISE_BEZIER_KNOTS.);
#6986 = CARTESIAN_POINT('',(-9.757787475128E-02,1.E-02));
#6987 = CARTESIAN_POINT('',(-9.874720557756E-02,0.108014345493));
#6988 = CARTESIAN_POINT('',(-9.915512098956E-02,0.206151962484));
#6989 = CARTESIAN_POINT('',(-9.886121734476E-02,0.304267139062));
#6990 = CARTESIAN_POINT('',(-9.792579093464E-02,0.40224609145));
#6991 = CARTESIAN_POINT('',(-9.640942182431E-02,0.5));
#6992 = ( GEOMETRIC_REPRESENTATION_CONTEXT(2) 
PARAMETRIC_REPRESENTATION_CONTEXT() REPRESENTATION_CONTEXT('2D SPACE',''
  ) );
#6993 = ORIENTED_EDGE('',*,*,#6994,.T.);
#6994 = EDGE_CURVE('',#6963,#6995,#6997,.T.);
#6995 = VERTEX_POINT('',#6996);
#6996 = CARTESIAN_POINT('',(8.459565970826,0.828096362293,5.51));
#6997 = SURFACE_CURVE('',#6998,(#7001,#7008),.PCURVE_S1.);
#6998 = B_SPLINE_CURVE_WITH_KNOTS('',1,(#6999,#7000),.UNSPECIFIED.,.F.,
  .F.,(2,2),(0.,1.),.PIECEWISE_BEZIER_KNOTS.);
#6999 = CARTESIAN_POINT('',(8.459565970826,0.828096362293,0.));
#7000 = CARTESIAN_POINT('',(8.459565970826,0.828096362293,6.));
#7001 = PCURVE('',#1824,#7002);
#7002 = DEFINITIONAL_REPRESENTATION('',(#7003),#7007);
#7003 = LINE('',#7004,#7005);
#7004 = CARTESIAN_POINT('',(0.,0.));
#7005 = VECTOR('',#7006,1.);
#7006 = DIRECTION('',(1.,0.));
#7007 = ( GEOMETRIC_REPRESENTATION_CONTEXT(2) 
PARAMETRIC_REPRESENTATION_CONTEXT() REPRESENTATION_CONTEXT('2D SPACE',''
  ) );
#7008 = PCURVE('',#7009,#7018);
#7009 = B_SPLINE_SURFACE_WITH_KNOTS('',1,3,(
    (#7010,#7011,#7012,#7013)
    ,(#7014,#7015,#7016,#7017
    )),.UNSPECIFIED.,.F.,.F.,.F.,(2,2),(4,4),(0.,1.),(0.,1.),
  .PIECEWISE_BEZIER_KNOTS.);
#7010 = CARTESIAN_POINT('',(8.270085801798,1.963588763183,0.));
#7011 = CARTESIAN_POINT('',(8.358807999141,1.589952577329,0.));
#7012 = CARTESIAN_POINT('',(8.422161483572,1.21029595938,0.));
#7013 = CARTESIAN_POINT('',(8.459565970826,0.828096362293,0.));
#7014 = CARTESIAN_POINT('',(8.270085801798,1.963588763183,6.));
#7015 = CARTESIAN_POINT('',(8.358807999141,1.589952577329,6.));
#7016 = CARTESIAN_POINT('',(8.422161483572,1.21029595938,6.));
#7017 = CARTESIAN_POINT('',(8.459565970826,0.828096362293,6.));
#7018 = DEFINITIONAL_REPRESENTATION('',(#7019),#7023);
#7019 = LINE('',#7020,#7021);
#7020 = CARTESIAN_POINT('',(0.,1.));
#7021 = VECTOR('',#7022,1.);
#7022 = DIRECTION('',(1.,0.));
#7023 = ( GEOMETRIC_REPRESENTATION_CONTEXT(2) 
PARAMETRIC_REPRESENTATION_CONTEXT() REPRESENTATION_CONTEXT('2D SPACE',''
  ) );
#7024 = ORIENTED_EDGE('',*,*,#7025,.T.);
#7025 = EDGE_CURVE('',#6995,#3964,#7026,.T.);
#7026 = SURFACE_CURVE('',#7027,(#7034,#7044),.PCURVE_S1.);
#7027 = B_SPLINE_CURVE_WITH_KNOTS('',5,(#7028,#7029,#7030,#7031,#7032,
    #7033),.UNSPECIFIED.,.F.,.F.,(6,6),(0.,1.),
  .PIECEWISE_BEZIER_KNOTS.);
#7028 = CARTESIAN_POINT('',(8.459565970826,0.828096362293,5.51));
#7029 = CARTESIAN_POINT('',(8.556145748903,0.847537255084,5.608014345493
    ));
#7030 = CARTESIAN_POINT('',(8.65343634725,0.860832695025,5.706151962484)
  );
#7031 = CARTESIAN_POINT('',(8.751316617949,0.868105362437,5.804267139062
    ));
#7032 = CARTESIAN_POINT('',(8.849640136985,0.869537711947,5.90224609145)
  );
#7033 = CARTESIAN_POINT('',(8.948252330414,0.865378663497,6.));
#7034 = PCURVE('',#1824,#7035);
#7035 = DEFINITIONAL_REPRESENTATION('',(#7036),#7043);
#7036 = B_SPLINE_CURVE_WITH_KNOTS('',5,(#7037,#7038,#7039,#7040,#7041,
    #7042),.UNSPECIFIED.,.F.,.F.,(6,6),(0.,1.),
  .PIECEWISE_BEZIER_KNOTS.);
#7037 = CARTESIAN_POINT('',(0.918333333333,0.));
#7038 = CARTESIAN_POINT('',(0.934669057582,3.937840008448E-02));
#7039 = CARTESIAN_POINT('',(0.951025327081,7.914988528522E-02));
#7040 = CARTESIAN_POINT('',(0.96737785651,0.119299833236));
#7041 = CARTESIAN_POINT('',(0.983707681908,0.159806802711));
#7042 = CARTESIAN_POINT('',(1.,0.200648579146));
#7043 = ( GEOMETRIC_REPRESENTATION_CONTEXT(2) 
PARAMETRIC_REPRESENTATION_CONTEXT() REPRESENTATION_CONTEXT('2D SPACE',''
  ) );
#7044 = PCURVE('',#3984,#7045);
#7045 = DEFINITIONAL_REPRESENTATION('',(#7046),#7053);
#7046 = B_SPLINE_CURVE_WITH_KNOTS('',5,(#7047,#7048,#7049,#7050,#7051,
    #7052),.UNSPECIFIED.,.F.,.F.,(6,6),(0.,1.),
  .PIECEWISE_BEZIER_KNOTS.);
#7047 = CARTESIAN_POINT('',(9.757787475128E-02,-0.5));
#7048 = CARTESIAN_POINT('',(9.874720557756E-02,-0.401985654507));
#7049 = CARTESIAN_POINT('',(9.915512098956E-02,-0.303848037516));
#7050 = CARTESIAN_POINT('',(9.886121734476E-02,-0.205732860938));
#7051 = CARTESIAN_POINT('',(9.792579093464E-02,-0.10775390855));
#7052 = CARTESIAN_POINT('',(9.640942182431E-02,-1.E-02));
#7053 = ( GEOMETRIC_REPRESENTATION_CONTEXT(2) 
PARAMETRIC_REPRESENTATION_CONTEXT() REPRESENTATION_CONTEXT('2D SPACE',''
  ) );
#7054 = ORIENTED_EDGE('',*,*,#3996,.T.);
#7055 = ORIENTED_EDGE('',*,*,#6936,.F.);
#7056 = ADVANCED_FACE('',(#7057),#1794,.F.);
#7057 = FACE_BOUND('',#7058,.T.);
#7058 = EDGE_LOOP('',(#7059,#7091,#7092,#7093));
#7059 = ORIENTED_EDGE('',*,*,#7060,.T.);
#7060 = EDGE_CURVE('',#7061,#1740,#7063,.T.);
#7061 = VERTEX_POINT('',#7062);
#7062 = CARTESIAN_POINT('',(8.270085801798,1.963588763183,0.49));
#7063 = SURFACE_CURVE('',#7064,(#7071,#7081),.PCURVE_S1.);
#7064 = B_SPLINE_CURVE_WITH_KNOTS('',5,(#7065,#7066,#7067,#7068,#7069,
    #7070),.UNSPECIFIED.,.F.,.F.,(6,6),(0.,1.),
  .PIECEWISE_BEZIER_KNOTS.);
#7065 = CARTESIAN_POINT('',(8.270085801798,1.963588763183,0.49));
#7066 = CARTESIAN_POINT('',(8.367745068673,1.976560634265,0.391985654507
    ));
#7067 = CARTESIAN_POINT('',(8.464081216337,1.995575783574,0.293848037516
    ));
#7068 = CARTESIAN_POINT('',(8.559019495235,2.020478841285,0.195732860938
    ));
#7069 = CARTESIAN_POINT('',(8.652480657929,2.051049694863,
    9.775390855047E-02));
#7070 = CARTESIAN_POINT('',(8.744399329892,2.08700272146,0.));
#7071 = PCURVE('',#1794,#7072);
#7072 = DEFINITIONAL_REPRESENTATION('',(#7073),#7080);
#7073 = B_SPLINE_CURVE_WITH_KNOTS('',5,(#7074,#7075,#7076,#7077,#7078,
    #7079),.UNSPECIFIED.,.F.,.F.,(6,6),(0.,1.),
  .PIECEWISE_BEZIER_KNOTS.);
#7074 = CARTESIAN_POINT('',(-0.233116088784,9.999999999998E-03));
#7075 = CARTESIAN_POINT('',(-0.231946757958,0.108014345493));
#7076 = CARTESIAN_POINT('',(-0.231538842546,0.206151962484));
#7077 = CARTESIAN_POINT('',(-0.231832746191,0.304267139062));
#7078 = CARTESIAN_POINT('',(-0.232768172601,0.40224609145));
#7079 = CARTESIAN_POINT('',(-0.234284541711,0.5));
#7080 = ( GEOMETRIC_REPRESENTATION_CONTEXT(2) 
PARAMETRIC_REPRESENTATION_CONTEXT() REPRESENTATION_CONTEXT('2D SPACE',''
  ) );
#7081 = PCURVE('',#1757,#7082);
#7082 = DEFINITIONAL_REPRESENTATION('',(#7083),#7090);
#7083 = B_SPLINE_CURVE_WITH_KNOTS('',5,(#7084,#7085,#7086,#7087,#7088,
    #7089),.UNSPECIFIED.,.F.,.F.,(6,6),(0.,1.),
  .PIECEWISE_BEZIER_KNOTS.);
#7084 = CARTESIAN_POINT('',(8.166666666667E-02,1.));
#7085 = CARTESIAN_POINT('',(6.53309424179E-02,0.960621599916));
#7086 = CARTESIAN_POINT('',(4.897467291928E-02,0.920850114715));
#7087 = CARTESIAN_POINT('',(3.26221434896E-02,0.880700166764));
#7088 = CARTESIAN_POINT('',(1.629231809175E-02,0.840193197289));
#7089 = CARTESIAN_POINT('',(0.,0.799351420854));
#7090 = ( GEOMETRIC_REPRESENTATION_CONTEXT(2) 
PARAMETRIC_REPRESENTATION_CONTEXT() REPRESENTATION_CONTEXT('2D SPACE',''
  ) );
#7091 = ORIENTED_EDGE('',*,*,#1773,.T.);
#7092 = ORIENTED_EDGE('',*,*,#6962,.F.);
#7093 = ORIENTED_EDGE('',*,*,#7094,.F.);
#7094 = EDGE_CURVE('',#7061,#6963,#7095,.T.);
#7095 = SURFACE_CURVE('',#7096,(#7105,#7117),.PCURVE_S1.);
#7096 = B_SPLINE_CURVE_WITH_KNOTS('',4,(#7097,#7098,#7099,#7100,#7101,
    #7102,#7103,#7104),.UNSPECIFIED.,.F.,.F.,(5,3,5),(0.,0.499491081256,
    1.),.UNSPECIFIED.);
#7097 = CARTESIAN_POINT('',(8.270085801798,1.963588763183,0.49));
#7098 = CARTESIAN_POINT('',(8.303322732377,1.823617929017,0.489996810525
    ));
#7099 = CARTESIAN_POINT('',(8.3333950808,1.682895854712,0.489999636231)
  );
#7100 = CARTESIAN_POINT('',(8.36028468702,1.541531187403,0.49000106152)
  );
#7101 = CARTESIAN_POINT('',(8.407710592478,1.257443966856,0.490001070201
    ));
#7102 = CARTESIAN_POINT('',(8.428233826588,1.114719275743,0.489999647787
    ));
#7103 = CARTESIAN_POINT('',(8.445525023532,0.971566966825,0.489996804026
    ));
#7104 = CARTESIAN_POINT('',(8.459565970826,0.828096362293,0.49));
#7105 = PCURVE('',#1794,#7106);
#7106 = DEFINITIONAL_REPRESENTATION('',(#7107),#7116);
#7107 = B_SPLINE_CURVE_WITH_KNOTS('',4,(#7108,#7109,#7110,#7111,#7112,
    #7113,#7114,#7115),.UNSPECIFIED.,.F.,.F.,(5,3,5),(0.,0.499491081256,
    1.),.UNSPECIFIED.);
#7108 = CARTESIAN_POINT('',(-0.233116088784,1.E-02));
#7109 = CARTESIAN_POINT('',(-0.216191044193,1.000318947493E-02));
#7110 = CARTESIAN_POINT('',(-0.199266028078,1.00003637694E-02));
#7111 = CARTESIAN_POINT('',(-0.182340993181,9.998938479923E-03));
#7112 = CARTESIAN_POINT('',(-0.148456437249,9.998929799197E-03));
#7113 = CARTESIAN_POINT('',(-0.131496913337,1.000035221315E-02));
#7114 = CARTESIAN_POINT('',(-0.114537408333,1.000319597428E-02));
#7115 = CARTESIAN_POINT('',(-9.757787475128E-02,9.999999999999E-03));
#7116 = ( GEOMETRIC_REPRESENTATION_CONTEXT(2) 
PARAMETRIC_REPRESENTATION_CONTEXT() REPRESENTATION_CONTEXT('2D SPACE',''
  ) );
#7117 = PCURVE('',#7009,#7118);
#7118 = DEFINITIONAL_REPRESENTATION('',(#7119),#7128);
#7119 = B_SPLINE_CURVE_WITH_KNOTS('',4,(#7120,#7121,#7122,#7123,#7124,
    #7125,#7126,#7127),.UNSPECIFIED.,.F.,.F.,(5,3,5),(0.,0.499491081256,
    1.),.UNSPECIFIED.);
#7120 = CARTESIAN_POINT('',(8.166666666667E-02,0.));
#7121 = CARTESIAN_POINT('',(8.166613508751E-02,0.124872660862));
#7122 = CARTESIAN_POINT('',(8.166660603843E-02,0.249745516228));
#7123 = CARTESIAN_POINT('',(8.166684358668E-02,0.3746182895));
#7124 = CARTESIAN_POINT('',(8.166684503347E-02,0.6246183324));
#7125 = CARTESIAN_POINT('',(8.166660796447E-02,0.7497455648));
#7126 = CARTESIAN_POINT('',(8.166613400429E-02,0.874872880012));
#7127 = CARTESIAN_POINT('',(8.166666666667E-02,1.));
#7128 = ( GEOMETRIC_REPRESENTATION_CONTEXT(2) 
PARAMETRIC_REPRESENTATION_CONTEXT() REPRESENTATION_CONTEXT('2D SPACE',''
  ) );
#7129 = ADVANCED_FACE('',(#7130),#1757,.F.);
#7130 = FACE_BOUND('',#7131,.F.);
#7131 = EDGE_LOOP('',(#7132,#7133,#7153,#7154,#7186,#7206));
#7132 = ORIENTED_EDGE('',*,*,#1739,.F.);
#7133 = ORIENTED_EDGE('',*,*,#7134,.T.);
#7134 = EDGE_CURVE('',#1706,#3914,#7135,.T.);
#7135 = SURFACE_CURVE('',#7136,(#7139,#7146),.PCURVE_S1.);
#7136 = B_SPLINE_CURVE_WITH_KNOTS('',1,(#7137,#7138),.UNSPECIFIED.,.F.,
  .F.,(2,2),(0.,1.),.PIECEWISE_BEZIER_KNOTS.);
#7137 = CARTESIAN_POINT('',(10.22741377646,3.310967750534,0.));
#7138 = CARTESIAN_POINT('',(10.22741377646,3.310967750534,6.));
#7139 = PCURVE('',#1757,#7140);
#7140 = DEFINITIONAL_REPRESENTATION('',(#7141),#7145);
#7141 = LINE('',#7142,#7143);
#7142 = CARTESIAN_POINT('',(0.,0.));
#7143 = VECTOR('',#7144,1.);
#7144 = DIRECTION('',(1.,0.));
#7145 = ( GEOMETRIC_REPRESENTATION_CONTEXT(2) 
PARAMETRIC_REPRESENTATION_CONTEXT() REPRESENTATION_CONTEXT('2D SPACE',''
  ) );
#7146 = PCURVE('',#1723,#7147);
#7147 = DEFINITIONAL_REPRESENTATION('',(#7148),#7152);
#7148 = LINE('',#7149,#7150);
#7149 = CARTESIAN_POINT('',(0.,1.));
#7150 = VECTOR('',#7151,1.);
#7151 = DIRECTION('',(1.,0.));
#7152 = ( GEOMETRIC_REPRESENTATION_CONTEXT(2) 
PARAMETRIC_REPRESENTATION_CONTEXT() REPRESENTATION_CONTEXT('2D SPACE',''
  ) );
#7153 = ORIENTED_EDGE('',*,*,#3938,.T.);
#7154 = ORIENTED_EDGE('',*,*,#7155,.T.);
#7155 = EDGE_CURVE('',#3939,#7156,#7158,.T.);
#7156 = VERTEX_POINT('',#7157);
#7157 = CARTESIAN_POINT('',(8.270085801798,1.963588763183,5.51));
#7158 = SURFACE_CURVE('',#7159,(#7166,#7176),.PCURVE_S1.);
#7159 = B_SPLINE_CURVE_WITH_KNOTS('',5,(#7160,#7161,#7162,#7163,#7164,
    #7165),.UNSPECIFIED.,.F.,.F.,(6,6),(0.,1.),
  .PIECEWISE_BEZIER_KNOTS.);
#7160 = CARTESIAN_POINT('',(8.744399329892,2.08700272146,6.));
#7161 = CARTESIAN_POINT('',(8.652480657897,2.051049694851,5.902246091415
    ));
#7162 = CARTESIAN_POINT('',(8.559019495234,2.020478841289,5.804267139063
    ));
#7163 = CARTESIAN_POINT('',(8.464081216336,1.995575783569,5.706151962482
    ));
#7164 = CARTESIAN_POINT('',(8.367745068633,1.976560634259,5.608014345453
    ));
#7165 = CARTESIAN_POINT('',(8.270085801798,1.963588763183,5.51));
#7166 = PCURVE('',#1757,#7167);
#7167 = DEFINITIONAL_REPRESENTATION('',(#7168),#7175);
#7168 = B_SPLINE_CURVE_WITH_KNOTS('',5,(#7169,#7170,#7171,#7172,#7173,
    #7174),.UNSPECIFIED.,.F.,.F.,(6,6),(0.,1.),
  .PIECEWISE_BEZIER_KNOTS.);
#7169 = CARTESIAN_POINT('',(1.,0.799351420854));
#7170 = CARTESIAN_POINT('',(0.983707681903,0.840193197303));
#7171 = CARTESIAN_POINT('',(0.967377856511,0.880700166763));
#7172 = CARTESIAN_POINT('',(0.95102532708,0.920850114716));
#7173 = CARTESIAN_POINT('',(0.934669057575,0.960621599932));
#7174 = CARTESIAN_POINT('',(0.918333333333,1.));
#7175 = ( GEOMETRIC_REPRESENTATION_CONTEXT(2) 
PARAMETRIC_REPRESENTATION_CONTEXT() REPRESENTATION_CONTEXT('2D SPACE',''
  ) );
#7176 = PCURVE('',#3984,#7177);
#7177 = DEFINITIONAL_REPRESENTATION('',(#7178),#7185);
#7178 = B_SPLINE_CURVE_WITH_KNOTS('',5,(#7179,#7180,#7181,#7182,#7183,
    #7184),.UNSPECIFIED.,.F.,.F.,(6,6),(0.,1.),
  .PIECEWISE_BEZIER_KNOTS.);
#7179 = CARTESIAN_POINT('',(0.234284541711,-1.E-02));
#7180 = CARTESIAN_POINT('',(0.232768172601,-0.107753908585));
#7181 = CARTESIAN_POINT('',(0.231832746191,-0.205732860937));
#7182 = CARTESIAN_POINT('',(0.231538842546,-0.303848037518));
#7183 = CARTESIAN_POINT('',(0.231946757959,-0.401985654547));
#7184 = CARTESIAN_POINT('',(0.233116088784,-0.5));
#7185 = ( GEOMETRIC_REPRESENTATION_CONTEXT(2) 
PARAMETRIC_REPRESENTATION_CONTEXT() REPRESENTATION_CONTEXT('2D SPACE',''
  ) );
#7186 = ORIENTED_EDGE('',*,*,#7187,.F.);
#7187 = EDGE_CURVE('',#7061,#7156,#7188,.T.);
#7188 = SURFACE_CURVE('',#7189,(#7192,#7199),.PCURVE_S1.);
#7189 = B_SPLINE_CURVE_WITH_KNOTS('',1,(#7190,#7191),.UNSPECIFIED.,.F.,
  .F.,(2,2),(0.,1.),.PIECEWISE_BEZIER_KNOTS.);
#7190 = CARTESIAN_POINT('',(8.270085801798,1.963588763183,0.));
#7191 = CARTESIAN_POINT('',(8.270085801798,1.963588763183,6.));
#7192 = PCURVE('',#1757,#7193);
#7193 = DEFINITIONAL_REPRESENTATION('',(#7194),#7198);
#7194 = LINE('',#7195,#7196);
#7195 = CARTESIAN_POINT('',(0.,1.));
#7196 = VECTOR('',#7197,1.);
#7197 = DIRECTION('',(1.,0.));
#7198 = ( GEOMETRIC_REPRESENTATION_CONTEXT(2) 
PARAMETRIC_REPRESENTATION_CONTEXT() REPRESENTATION_CONTEXT('2D SPACE',''
  ) );
#7199 = PCURVE('',#7009,#7200);
#7200 = DEFINITIONAL_REPRESENTATION('',(#7201),#7205);
#7201 = LINE('',#7202,#7203);
#7202 = CARTESIAN_POINT('',(0.,0.));
#7203 = VECTOR('',#7204,1.);
#7204 = DIRECTION('',(1.,0.));
#7205 = ( GEOMETRIC_REPRESENTATION_CONTEXT(2) 
PARAMETRIC_REPRESENTATION_CONTEXT() REPRESENTATION_CONTEXT('2D SPACE',''
  ) );
#7206 = ORIENTED_EDGE('',*,*,#7060,.T.);
#7207 = ADVANCED_FACE('',(#7208),#1723,.F.);
#7208 = FACE_BOUND('',#7209,.F.);
#7209 = EDGE_LOOP('',(#7210,#7211,#7231,#7232));
#7210 = ORIENTED_EDGE('',*,*,#1705,.F.);
#7211 = ORIENTED_EDGE('',*,*,#7212,.T.);
#7212 = EDGE_CURVE('',#1672,#3889,#7213,.T.);
#7213 = SURFACE_CURVE('',#7214,(#7217,#7224),.PCURVE_S1.);
#7214 = B_SPLINE_CURVE_WITH_KNOTS('',1,(#7215,#7216),.UNSPECIFIED.,.F.,
  .F.,(2,2),(0.,1.),.PIECEWISE_BEZIER_KNOTS.);
#7215 = CARTESIAN_POINT('',(10.104505001047,3.668988782188,0.));
#7216 = CARTESIAN_POINT('',(10.104505001047,3.668988782188,6.));
#7217 = PCURVE('',#1723,#7218);
#7218 = DEFINITIONAL_REPRESENTATION('',(#7219),#7223);
#7219 = LINE('',#7220,#7221);
#7220 = CARTESIAN_POINT('',(0.,0.));
#7221 = VECTOR('',#7222,1.);
#7222 = DIRECTION('',(1.,0.));
#7223 = ( GEOMETRIC_REPRESENTATION_CONTEXT(2) 
PARAMETRIC_REPRESENTATION_CONTEXT() REPRESENTATION_CONTEXT('2D SPACE',''
  ) );
#7224 = PCURVE('',#1689,#7225);
#7225 = DEFINITIONAL_REPRESENTATION('',(#7226),#7230);
#7226 = LINE('',#7227,#7228);
#7227 = CARTESIAN_POINT('',(0.,1.));
#7228 = VECTOR('',#7229,1.);
#7229 = DIRECTION('',(1.,0.));
#7230 = ( GEOMETRIC_REPRESENTATION_CONTEXT(2) 
PARAMETRIC_REPRESENTATION_CONTEXT() REPRESENTATION_CONTEXT('2D SPACE',''
  ) );
#7231 = ORIENTED_EDGE('',*,*,#3913,.T.);
#7232 = ORIENTED_EDGE('',*,*,#7134,.F.);
#7233 = ADVANCED_FACE('',(#7234),#1689,.F.);
#7234 = FACE_BOUND('',#7235,.F.);
#7235 = EDGE_LOOP('',(#7236,#7237,#7269,#7300,#7330,#7331));
#7236 = ORIENTED_EDGE('',*,*,#1671,.F.);
#7237 = ORIENTED_EDGE('',*,*,#7238,.F.);
#7238 = EDGE_CURVE('',#7239,#1639,#7241,.T.);
#7239 = VERTEX_POINT('',#7240);
#7240 = CARTESIAN_POINT('',(7.732320903224,3.530044397676,0.49));
#7241 = SURFACE_CURVE('',#7242,(#7249,#7259),.PCURVE_S1.);
#7242 = B_SPLINE_CURVE_WITH_KNOTS('',5,(#7243,#7244,#7245,#7246,#7247,
    #7248),.UNSPECIFIED.,.F.,.F.,(6,6),(0.,1.),
  .PIECEWISE_BEZIER_KNOTS.);
#7243 = CARTESIAN_POINT('',(7.732320903224,3.530044397676,0.49));
#7244 = CARTESIAN_POINT('',(7.817355274959,3.579791331949,0.391985654507
    ));
#7245 = CARTESIAN_POINT('',(7.905057378039,3.623956593923,0.293848037516
    ));
#7246 = CARTESIAN_POINT('',(7.995272794441,3.662616880096,0.195732860938
    ));
#7247 = CARTESIAN_POINT('',(8.087803790884,3.6958972154,
    9.775390855047E-02));
#7248 = CARTESIAN_POINT('',(8.182423344495,3.723982842531,0.));
#7249 = PCURVE('',#1689,#7250);
#7250 = DEFINITIONAL_REPRESENTATION('',(#7251),#7258);
#7251 = B_SPLINE_CURVE_WITH_KNOTS('',5,(#7252,#7253,#7254,#7255,#7256,
    #7257),.UNSPECIFIED.,.F.,.F.,(6,6),(0.,1.),
  .PIECEWISE_BEZIER_KNOTS.);
#7252 = CARTESIAN_POINT('',(8.166666666667E-02,0.));
#7253 = CARTESIAN_POINT('',(6.53309424179E-02,3.937840008448E-02));
#7254 = CARTESIAN_POINT('',(4.897467291928E-02,7.914988528522E-02));
#7255 = CARTESIAN_POINT('',(3.26221434896E-02,0.119299833236));
#7256 = CARTESIAN_POINT('',(1.629231809175E-02,0.159806802711));
#7257 = CARTESIAN_POINT('',(0.,0.200648579146));
#7258 = ( GEOMETRIC_REPRESENTATION_CONTEXT(2) 
PARAMETRIC_REPRESENTATION_CONTEXT() REPRESENTATION_CONTEXT('2D SPACE',''
  ) );
#7259 = PCURVE('',#1659,#7260);
#7260 = DEFINITIONAL_REPRESENTATION('',(#7261),#7268);
#7261 = B_SPLINE_CURVE_WITH_KNOTS('',5,(#7262,#7263,#7264,#7265,#7266,
    #7267),.UNSPECIFIED.,.F.,.F.,(6,6),(0.,1.),
  .PIECEWISE_BEZIER_KNOTS.);
#7262 = CARTESIAN_POINT('',(-0.428271838287,9.999999999998E-03));
#7263 = CARTESIAN_POINT('',(-0.429441169113,0.108014345493));
#7264 = CARTESIAN_POINT('',(-0.429849084525,0.206151962484));
#7265 = CARTESIAN_POINT('',(-0.429555180881,0.304267139062));
#7266 = CARTESIAN_POINT('',(-0.42861975447,0.40224609145));
#7267 = CARTESIAN_POINT('',(-0.42710338536,0.5));
#7268 = ( GEOMETRIC_REPRESENTATION_CONTEXT(2) 
PARAMETRIC_REPRESENTATION_CONTEXT() REPRESENTATION_CONTEXT('2D SPACE',''
  ) );
#7269 = ORIENTED_EDGE('',*,*,#7270,.T.);
#7270 = EDGE_CURVE('',#7239,#7271,#7273,.T.);
#7271 = VERTEX_POINT('',#7272);
#7272 = CARTESIAN_POINT('',(7.732320903224,3.530044397676,5.51));
#7273 = SURFACE_CURVE('',#7274,(#7277,#7284),.PCURVE_S1.);
#7274 = B_SPLINE_CURVE_WITH_KNOTS('',1,(#7275,#7276),.UNSPECIFIED.,.F.,
  .F.,(2,2),(0.,1.),.PIECEWISE_BEZIER_KNOTS.);
#7275 = CARTESIAN_POINT('',(7.732320903224,3.530044397676,0.));
#7276 = CARTESIAN_POINT('',(7.732320903224,3.530044397676,6.));
#7277 = PCURVE('',#1689,#7278);
#7278 = DEFINITIONAL_REPRESENTATION('',(#7279),#7283);
#7279 = LINE('',#7280,#7281);
#7280 = CARTESIAN_POINT('',(0.,0.));
#7281 = VECTOR('',#7282,1.);
#7282 = DIRECTION('',(1.,0.));
#7283 = ( GEOMETRIC_REPRESENTATION_CONTEXT(2) 
PARAMETRIC_REPRESENTATION_CONTEXT() REPRESENTATION_CONTEXT('2D SPACE',''
  ) );
#7284 = PCURVE('',#7285,#7294);
#7285 = B_SPLINE_SURFACE_WITH_KNOTS('',1,3,(
    (#7286,#7287,#7288,#7289)
    ,(#7290,#7291,#7292,#7293
    )),.UNSPECIFIED.,.F.,.F.,.F.,(2,2),(4,4),(0.,1.),(0.,1.),
  .PIECEWISE_BEZIER_KNOTS.);
#7286 = CARTESIAN_POINT('',(7.184413512543,4.542488577949,0.));
#7287 = CARTESIAN_POINT('',(7.389647967733,4.217905081629,0.));
#7288 = CARTESIAN_POINT('',(7.572843087958,3.879390149215,0.));
#7289 = CARTESIAN_POINT('',(7.732320903224,3.530044397676,0.));
#7290 = CARTESIAN_POINT('',(7.184413512543,4.542488577949,6.));
#7291 = CARTESIAN_POINT('',(7.389647967733,4.217905081629,6.));
#7292 = CARTESIAN_POINT('',(7.572843087958,3.879390149215,6.));
#7293 = CARTESIAN_POINT('',(7.732320903224,3.530044397676,6.));
#7294 = DEFINITIONAL_REPRESENTATION('',(#7295),#7299);
#7295 = LINE('',#7296,#7297);
#7296 = CARTESIAN_POINT('',(0.,1.));
#7297 = VECTOR('',#7298,1.);
#7298 = DIRECTION('',(1.,0.));
#7299 = ( GEOMETRIC_REPRESENTATION_CONTEXT(2) 
PARAMETRIC_REPRESENTATION_CONTEXT() REPRESENTATION_CONTEXT('2D SPACE',''
  ) );
#7300 = ORIENTED_EDGE('',*,*,#7301,.T.);
#7301 = EDGE_CURVE('',#7271,#3856,#7302,.T.);
#7302 = SURFACE_CURVE('',#7303,(#7310,#7320),.PCURVE_S1.);
#7303 = B_SPLINE_CURVE_WITH_KNOTS('',5,(#7304,#7305,#7306,#7307,#7308,
    #7309),.UNSPECIFIED.,.F.,.F.,(6,6),(0.,1.),
  .PIECEWISE_BEZIER_KNOTS.);
#7304 = CARTESIAN_POINT('',(7.732320903224,3.530044397676,5.51));
#7305 = CARTESIAN_POINT('',(7.817355274959,3.579791331949,5.608014345493
    ));
#7306 = CARTESIAN_POINT('',(7.905057378039,3.623956593923,5.706151962484
    ));
#7307 = CARTESIAN_POINT('',(7.995272794441,3.662616880096,5.804267139062
    ));
#7308 = CARTESIAN_POINT('',(8.087803790884,3.6958972154,5.90224609145));
#7309 = CARTESIAN_POINT('',(8.182423344495,3.723982842531,6.));
#7310 = PCURVE('',#1689,#7311);
#7311 = DEFINITIONAL_REPRESENTATION('',(#7312),#7319);
#7312 = B_SPLINE_CURVE_WITH_KNOTS('',5,(#7313,#7314,#7315,#7316,#7317,
    #7318),.UNSPECIFIED.,.F.,.F.,(6,6),(0.,1.),
  .PIECEWISE_BEZIER_KNOTS.);
#7313 = CARTESIAN_POINT('',(0.918333333333,0.));
#7314 = CARTESIAN_POINT('',(0.934669057582,3.937840008448E-02));
#7315 = CARTESIAN_POINT('',(0.951025327081,7.914988528522E-02));
#7316 = CARTESIAN_POINT('',(0.96737785651,0.119299833236));
#7317 = CARTESIAN_POINT('',(0.983707681908,0.159806802711));
#7318 = CARTESIAN_POINT('',(1.,0.200648579146));
#7319 = ( GEOMETRIC_REPRESENTATION_CONTEXT(2) 
PARAMETRIC_REPRESENTATION_CONTEXT() REPRESENTATION_CONTEXT('2D SPACE',''
  ) );
#7320 = PCURVE('',#3876,#7321);
#7321 = DEFINITIONAL_REPRESENTATION('',(#7322),#7329);
#7322 = B_SPLINE_CURVE_WITH_KNOTS('',5,(#7323,#7324,#7325,#7326,#7327,
    #7328),.UNSPECIFIED.,.F.,.F.,(6,6),(0.,1.),
  .PIECEWISE_BEZIER_KNOTS.);
#7323 = CARTESIAN_POINT('',(0.428271838287,-0.5));
#7324 = CARTESIAN_POINT('',(0.429441169113,-0.401985654507));
#7325 = CARTESIAN_POINT('',(0.429849084525,-0.303848037516));
#7326 = CARTESIAN_POINT('',(0.429555180881,-0.205732860938));
#7327 = CARTESIAN_POINT('',(0.42861975447,-0.10775390855));
#7328 = CARTESIAN_POINT('',(0.42710338536,-1.E-02));
#7329 = ( GEOMETRIC_REPRESENTATION_CONTEXT(2) 
PARAMETRIC_REPRESENTATION_CONTEXT() REPRESENTATION_CONTEXT('2D SPACE',''
  ) );
#7330 = ORIENTED_EDGE('',*,*,#3888,.T.);
#7331 = ORIENTED_EDGE('',*,*,#7212,.F.);
#7332 = ADVANCED_FACE('',(#7333),#1659,.F.);
#7333 = FACE_BOUND('',#7334,.T.);
#7334 = EDGE_LOOP('',(#7335,#7367,#7368,#7369));
#7335 = ORIENTED_EDGE('',*,*,#7336,.T.);
#7336 = EDGE_CURVE('',#7337,#1605,#7339,.T.);
#7337 = VERTEX_POINT('',#7338);
#7338 = CARTESIAN_POINT('',(7.184413512543,4.542488577949,0.49));
#7339 = SURFACE_CURVE('',#7340,(#7347,#7357),.PCURVE_S1.);
#7340 = B_SPLINE_CURVE_WITH_KNOTS('',5,(#7341,#7342,#7343,#7344,#7345,
    #7346),.UNSPECIFIED.,.F.,.F.,(6,6),(0.,1.),
  .PIECEWISE_BEZIER_KNOTS.);
#7341 = CARTESIAN_POINT('',(7.184413512543,4.542488577949,0.49));
#7342 = CARTESIAN_POINT('',(7.272569371309,4.586467509392,0.391985654507
    ));
#7343 = CARTESIAN_POINT('',(7.357511551882,4.635732661475,0.293848037516
    ));
#7344 = CARTESIAN_POINT('',(7.43921980334,4.690112811594,0.195732860938)
  );
#7345 = CARTESIAN_POINT('',(7.517690642516,4.74937404192,
    9.775390855047E-02));
#7346 = CARTESIAN_POINT('',(7.592954978641,4.813224978362,0.));
#7347 = PCURVE('',#1659,#7348);
#7348 = DEFINITIONAL_REPRESENTATION('',(#7349),#7356);
#7349 = B_SPLINE_CURVE_WITH_KNOTS('',5,(#7350,#7351,#7352,#7353,#7354,
    #7355),.UNSPECIFIED.,.F.,.F.,(6,6),(0.,1.),
  .PIECEWISE_BEZIER_KNOTS.);
#7350 = CARTESIAN_POINT('',(-0.56381005232,1.E-02));
#7351 = CARTESIAN_POINT('',(-0.562640721494,0.108014345493));
#7352 = CARTESIAN_POINT('',(-0.562232806082,0.206151962484));
#7353 = CARTESIAN_POINT('',(-0.562526709727,0.304267139062));
#7354 = CARTESIAN_POINT('',(-0.563462136137,0.40224609145));
#7355 = CARTESIAN_POINT('',(-0.564978505247,0.5));
#7356 = ( GEOMETRIC_REPRESENTATION_CONTEXT(2) 
PARAMETRIC_REPRESENTATION_CONTEXT() REPRESENTATION_CONTEXT('2D SPACE',''
  ) );
#7357 = PCURVE('',#1622,#7358);
#7358 = DEFINITIONAL_REPRESENTATION('',(#7359),#7366);
#7359 = B_SPLINE_CURVE_WITH_KNOTS('',5,(#7360,#7361,#7362,#7363,#7364,
    #7365),.UNSPECIFIED.,.F.,.F.,(6,6),(0.,1.),
  .PIECEWISE_BEZIER_KNOTS.);
#7360 = CARTESIAN_POINT('',(8.166666666667E-02,1.));
#7361 = CARTESIAN_POINT('',(6.53309424179E-02,0.960621599916));
#7362 = CARTESIAN_POINT('',(4.897467291928E-02,0.920850114715));
#7363 = CARTESIAN_POINT('',(3.26221434896E-02,0.880700166764));
#7364 = CARTESIAN_POINT('',(1.629231809175E-02,0.840193197289));
#7365 = CARTESIAN_POINT('',(0.,0.799351420854));
#7366 = ( GEOMETRIC_REPRESENTATION_CONTEXT(2) 
PARAMETRIC_REPRESENTATION_CONTEXT() REPRESENTATION_CONTEXT('2D SPACE',''
  ) );
#7367 = ORIENTED_EDGE('',*,*,#1638,.T.);
#7368 = ORIENTED_EDGE('',*,*,#7238,.F.);
#7369 = ORIENTED_EDGE('',*,*,#7370,.F.);
#7370 = EDGE_CURVE('',#7337,#7239,#7371,.T.);
#7371 = SURFACE_CURVE('',#7372,(#7381,#7393),.PCURVE_S1.);
#7372 = B_SPLINE_CURVE_WITH_KNOTS('',4,(#7373,#7374,#7375,#7376,#7377,
    #7378,#7379,#7380),.UNSPECIFIED.,.F.,.F.,(5,3,5),(0.,0.49949110604,
    1.),.UNSPECIFIED.);
#7373 = CARTESIAN_POINT('',(7.184413512543,4.542488577949,0.49));
#7374 = CARTESIAN_POINT('',(7.261298033918,4.420893757344,0.489996810525
    ));
#7375 = CARTESIAN_POINT('',(7.335433365928,4.297560862543,0.489999636231
    ));
#7376 = CARTESIAN_POINT('',(7.406767054815,4.172586757338,0.49000106152)
  );
#7377 = CARTESIAN_POINT('',(7.54386626277,3.919291331866,0.490001070201)
  );
#7378 = CARTESIAN_POINT('',(7.609620119348,3.790963747628,0.489999647787
    ));
#7379 = CARTESIAN_POINT('',(7.67245590701,3.661182274492,0.489996804026)
  );
#7380 = CARTESIAN_POINT('',(7.732320903224,3.530044397676,0.49));
#7381 = PCURVE('',#1659,#7382);
#7382 = DEFINITIONAL_REPRESENTATION('',(#7383),#7392);
#7383 = B_SPLINE_CURVE_WITH_KNOTS('',4,(#7384,#7385,#7386,#7387,#7388,
    #7389,#7390,#7391),.UNSPECIFIED.,.F.,.F.,(5,3,5),(0.,0.49949110604,
    1.),.UNSPECIFIED.);
#7384 = CARTESIAN_POINT('',(-0.56381005232,1.E-02));
#7385 = CARTESIAN_POINT('',(-0.546885006889,1.000318947509E-02));
#7386 = CARTESIAN_POINT('',(-0.529959989934,1.000036376911E-02));
#7387 = CARTESIAN_POINT('',(-0.513034954197,9.998938479713E-03));
#7388 = CARTESIAN_POINT('',(-0.479150398266,9.99892979941E-03));
#7389 = CARTESIAN_POINT('',(-0.462190875194,1.000035221343E-02));
#7390 = CARTESIAN_POINT('',(-0.445231371029,1.000319597412E-02));
#7391 = CARTESIAN_POINT('',(-0.428271838287,1.E-02));
#7392 = ( GEOMETRIC_REPRESENTATION_CONTEXT(2) 
PARAMETRIC_REPRESENTATION_CONTEXT() REPRESENTATION_CONTEXT('2D SPACE',''
  ) );
#7393 = PCURVE('',#7285,#7394);
#7394 = DEFINITIONAL_REPRESENTATION('',(#7395),#7404);
#7395 = B_SPLINE_CURVE_WITH_KNOTS('',4,(#7396,#7397,#7398,#7399,#7400,
    #7401,#7402,#7403),.UNSPECIFIED.,.F.,.F.,(5,3,5),(0.,0.49949110604,
    1.),.UNSPECIFIED.);
#7396 = CARTESIAN_POINT('',(8.166666666667E-02,0.));
#7397 = CARTESIAN_POINT('',(8.166613508748E-02,0.124872667058));
#7398 = CARTESIAN_POINT('',(8.166660603848E-02,0.24974552862));
#7399 = CARTESIAN_POINT('',(8.166684358671E-02,0.374618308087));
#7400 = CARTESIAN_POINT('',(8.166684503343E-02,0.624618350988));
#7401 = CARTESIAN_POINT('',(8.166660796443E-02,0.749745577192));
#7402 = CARTESIAN_POINT('',(8.166613400431E-02,0.874872886208));
#7403 = CARTESIAN_POINT('',(8.166666666667E-02,1.));
#7404 = ( GEOMETRIC_REPRESENTATION_CONTEXT(2) 
PARAMETRIC_REPRESENTATION_CONTEXT() REPRESENTATION_CONTEXT('2D SPACE',''
  ) );
#7405 = ADVANCED_FACE('',(#7406),#1622,.F.);
#7406 = FACE_BOUND('',#7407,.F.);
#7407 = EDGE_LOOP('',(#7408,#7409,#7429,#7430,#7462,#7482));
#7408 = ORIENTED_EDGE('',*,*,#1604,.F.);
#7409 = ORIENTED_EDGE('',*,*,#7410,.T.);
#7410 = EDGE_CURVE('',#1571,#3806,#7411,.T.);
#7411 = SURFACE_CURVE('',#7412,(#7415,#7422),.PCURVE_S1.);
#7412 = B_SPLINE_CURVE_WITH_KNOTS('',1,(#7413,#7414),.UNSPECIFIED.,.F.,
  .F.,(2,2),(0.,1.),.PIECEWISE_BEZIER_KNOTS.);
#7413 = CARTESIAN_POINT('',(8.59819481663,6.452406209723,0.));
#7414 = CARTESIAN_POINT('',(8.59819481663,6.452406209723,6.));
#7415 = PCURVE('',#1622,#7416);
#7416 = DEFINITIONAL_REPRESENTATION('',(#7417),#7421);
#7417 = LINE('',#7418,#7419);
#7418 = CARTESIAN_POINT('',(0.,0.));
#7419 = VECTOR('',#7420,1.);
#7420 = DIRECTION('',(1.,0.));
#7421 = ( GEOMETRIC_REPRESENTATION_CONTEXT(2) 
PARAMETRIC_REPRESENTATION_CONTEXT() REPRESENTATION_CONTEXT('2D SPACE',''
  ) );
#7422 = PCURVE('',#1588,#7423);
#7423 = DEFINITIONAL_REPRESENTATION('',(#7424),#7428);
#7424 = LINE('',#7425,#7426);
#7425 = CARTESIAN_POINT('',(0.,1.));
#7426 = VECTOR('',#7427,1.);
#7427 = DIRECTION('',(1.,0.));
#7428 = ( GEOMETRIC_REPRESENTATION_CONTEXT(2) 
PARAMETRIC_REPRESENTATION_CONTEXT() REPRESENTATION_CONTEXT('2D SPACE',''
  ) );
#7429 = ORIENTED_EDGE('',*,*,#3830,.T.);
#7430 = ORIENTED_EDGE('',*,*,#7431,.T.);
#7431 = EDGE_CURVE('',#3831,#7432,#7434,.T.);
#7432 = VERTEX_POINT('',#7433);
#7433 = CARTESIAN_POINT('',(7.184413512543,4.542488577949,5.51));
#7434 = SURFACE_CURVE('',#7435,(#7442,#7452),.PCURVE_S1.);
#7435 = B_SPLINE_CURVE_WITH_KNOTS('',5,(#7436,#7437,#7438,#7439,#7440,
    #7441),.UNSPECIFIED.,.F.,.F.,(6,6),(0.,1.),
  .PIECEWISE_BEZIER_KNOTS.);
#7436 = CARTESIAN_POINT('',(7.592954978641,4.813224978362,6.));
#7437 = CARTESIAN_POINT('',(7.51769064249,4.749374041898,5.902246091415)
  );
#7438 = CARTESIAN_POINT('',(7.439219803339,4.690112811598,5.804267139063
    ));
#7439 = CARTESIAN_POINT('',(7.357511551882,4.63573266147,5.706151962482)
  );
#7440 = CARTESIAN_POINT('',(7.272569371273,4.586467509374,5.608014345453
    ));
#7441 = CARTESIAN_POINT('',(7.184413512543,4.542488577949,5.51));
#7442 = PCURVE('',#1622,#7443);
#7443 = DEFINITIONAL_REPRESENTATION('',(#7444),#7451);
#7444 = B_SPLINE_CURVE_WITH_KNOTS('',5,(#7445,#7446,#7447,#7448,#7449,
    #7450),.UNSPECIFIED.,.F.,.F.,(6,6),(0.,1.),
  .PIECEWISE_BEZIER_KNOTS.);
#7445 = CARTESIAN_POINT('',(1.,0.799351420854));
#7446 = CARTESIAN_POINT('',(0.983707681903,0.840193197303));
#7447 = CARTESIAN_POINT('',(0.967377856511,0.880700166763));
#7448 = CARTESIAN_POINT('',(0.95102532708,0.920850114716));
#7449 = CARTESIAN_POINT('',(0.934669057575,0.960621599932));
#7450 = CARTESIAN_POINT('',(0.918333333333,1.));
#7451 = ( GEOMETRIC_REPRESENTATION_CONTEXT(2) 
PARAMETRIC_REPRESENTATION_CONTEXT() REPRESENTATION_CONTEXT('2D SPACE',''
  ) );
#7452 = PCURVE('',#3876,#7453);
#7453 = DEFINITIONAL_REPRESENTATION('',(#7454),#7461);
#7454 = B_SPLINE_CURVE_WITH_KNOTS('',5,(#7455,#7456,#7457,#7458,#7459,
    #7460),.UNSPECIFIED.,.F.,.F.,(6,6),(0.,1.),
  .PIECEWISE_BEZIER_KNOTS.);
#7455 = CARTESIAN_POINT('',(0.564978505247,-1.E-02));
#7456 = CARTESIAN_POINT('',(0.563462136136,-0.107753908585));
#7457 = CARTESIAN_POINT('',(0.562526709727,-0.205732860937));
#7458 = CARTESIAN_POINT('',(0.562232806081,-0.303848037518));
#7459 = CARTESIAN_POINT('',(0.562640721494,-0.401985654547));
#7460 = CARTESIAN_POINT('',(0.56381005232,-0.5));
#7461 = ( GEOMETRIC_REPRESENTATION_CONTEXT(2) 
PARAMETRIC_REPRESENTATION_CONTEXT() REPRESENTATION_CONTEXT('2D SPACE',''
  ) );
#7462 = ORIENTED_EDGE('',*,*,#7463,.F.);
#7463 = EDGE_CURVE('',#7337,#7432,#7464,.T.);
#7464 = SURFACE_CURVE('',#7465,(#7468,#7475),.PCURVE_S1.);
#7465 = B_SPLINE_CURVE_WITH_KNOTS('',1,(#7466,#7467),.UNSPECIFIED.,.F.,
  .F.,(2,2),(0.,1.),.PIECEWISE_BEZIER_KNOTS.);
#7466 = CARTESIAN_POINT('',(7.184413512543,4.542488577949,0.));
#7467 = CARTESIAN_POINT('',(7.184413512543,4.542488577949,6.));
#7468 = PCURVE('',#1622,#7469);
#7469 = DEFINITIONAL_REPRESENTATION('',(#7470),#7474);
#7470 = LINE('',#7471,#7472);
#7471 = CARTESIAN_POINT('',(0.,1.));
#7472 = VECTOR('',#7473,1.);
#7473 = DIRECTION('',(1.,0.));
#7474 = ( GEOMETRIC_REPRESENTATION_CONTEXT(2) 
PARAMETRIC_REPRESENTATION_CONTEXT() REPRESENTATION_CONTEXT('2D SPACE',''
  ) );
#7475 = PCURVE('',#7285,#7476);
#7476 = DEFINITIONAL_REPRESENTATION('',(#7477),#7481);
#7477 = LINE('',#7478,#7479);
#7478 = CARTESIAN_POINT('',(0.,0.));
#7479 = VECTOR('',#7480,1.);
#7480 = DIRECTION('',(1.,0.));
#7481 = ( GEOMETRIC_REPRESENTATION_CONTEXT(2) 
PARAMETRIC_REPRESENTATION_CONTEXT() REPRESENTATION_CONTEXT('2D SPACE',''
  ) );
#7482 = ORIENTED_EDGE('',*,*,#7336,.T.);
#7483 = ADVANCED_FACE('',(#7484),#1588,.F.);
#7484 = FACE_BOUND('',#7485,.F.);
#7485 = EDGE_LOOP('',(#7486,#7487,#7507,#7508));
#7486 = ORIENTED_EDGE('',*,*,#1570,.F.);
#7487 = ORIENTED_EDGE('',*,*,#7488,.T.);
#7488 = EDGE_CURVE('',#1537,#3781,#7489,.T.);
#7489 = SURFACE_CURVE('',#7490,(#7493,#7500),.PCURVE_S1.);
#7490 = B_SPLINE_CURVE_WITH_KNOTS('',1,(#7491,#7492),.UNSPECIFIED.,.F.,
  .F.,(2,2),(0.,1.),.PIECEWISE_BEZIER_KNOTS.);
#7491 = CARTESIAN_POINT('',(8.365696338746,6.751120260215,0.));
#7492 = CARTESIAN_POINT('',(8.365696338746,6.751120260215,6.));
#7493 = PCURVE('',#1588,#7494);
#7494 = DEFINITIONAL_REPRESENTATION('',(#7495),#7499);
#7495 = LINE('',#7496,#7497);
#7496 = CARTESIAN_POINT('',(0.,0.));
#7497 = VECTOR('',#7498,1.);
#7498 = DIRECTION('',(1.,0.));
#7499 = ( GEOMETRIC_REPRESENTATION_CONTEXT(2) 
PARAMETRIC_REPRESENTATION_CONTEXT() REPRESENTATION_CONTEXT('2D SPACE',''
  ) );
#7500 = PCURVE('',#1554,#7501);
#7501 = DEFINITIONAL_REPRESENTATION('',(#7502),#7506);
#7502 = LINE('',#7503,#7504);
#7503 = CARTESIAN_POINT('',(0.,1.));
#7504 = VECTOR('',#7505,1.);
#7505 = DIRECTION('',(1.,0.));
#7506 = ( GEOMETRIC_REPRESENTATION_CONTEXT(2) 
PARAMETRIC_REPRESENTATION_CONTEXT() REPRESENTATION_CONTEXT('2D SPACE',''
  ) );
#7507 = ORIENTED_EDGE('',*,*,#3805,.T.);
#7508 = ORIENTED_EDGE('',*,*,#7410,.F.);
#7509 = ADVANCED_FACE('',(#7510),#1554,.F.);
#7510 = FACE_BOUND('',#7511,.F.);
#7511 = EDGE_LOOP('',(#7512,#7513,#7545,#7576,#7606,#7607));
#7512 = ORIENTED_EDGE('',*,*,#1536,.F.);
#7513 = ORIENTED_EDGE('',*,*,#7514,.F.);
#7514 = EDGE_CURVE('',#7515,#1504,#7517,.T.);
#7515 = VERTEX_POINT('',#7516);
#7516 = CARTESIAN_POINT('',(6.167158886437,5.849457348288,0.49));
#7517 = SURFACE_CURVE('',#7518,(#7525,#7535),.PCURVE_S1.);
#7518 = B_SPLINE_CURVE_WITH_KNOTS('',5,(#7519,#7520,#7521,#7522,#7523,
    #7524),.UNSPECIFIED.,.F.,.F.,(6,6),(0.,1.),
  .PIECEWISE_BEZIER_KNOTS.);
#7519 = CARTESIAN_POINT('',(6.167158886437,5.849457348288,0.49));
#7520 = CARTESIAN_POINT('',(6.231433058208,5.924119471811,0.391985654507
    ));
#7521 = CARTESIAN_POINT('',(6.300042782315,5.994368564389,0.293848037516
    ));
#7522 = CARTESIAN_POINT('',(6.372817104215,6.06022702744,0.195732860938)
  );
#7523 = CARTESIAN_POINT('',(6.449528408835,6.12174890781,
    9.775390855047E-02));
#7524 = CARTESIAN_POINT('',(6.52990182582,6.179035697028,0.));
#7525 = PCURVE('',#1554,#7526);
#7526 = DEFINITIONAL_REPRESENTATION('',(#7527),#7534);
#7527 = B_SPLINE_CURVE_WITH_KNOTS('',5,(#7528,#7529,#7530,#7531,#7532,
    #7533),.UNSPECIFIED.,.F.,.F.,(6,6),(0.,1.),
  .PIECEWISE_BEZIER_KNOTS.);
#7528 = CARTESIAN_POINT('',(8.166666666667E-02,0.));
#7529 = CARTESIAN_POINT('',(6.53309424179E-02,3.937840008448E-02));
#7530 = CARTESIAN_POINT('',(4.897467291928E-02,7.914988528522E-02));
#7531 = CARTESIAN_POINT('',(3.26221434896E-02,0.119299833236));
#7532 = CARTESIAN_POINT('',(1.629231809175E-02,0.159806802711));
#7533 = CARTESIAN_POINT('',(0.,0.200648579146));
#7534 = ( GEOMETRIC_REPRESENTATION_CONTEXT(2) 
PARAMETRIC_REPRESENTATION_CONTEXT() REPRESENTATION_CONTEXT('2D SPACE',''
  ) );
#7535 = PCURVE('',#1524,#7536);
#7536 = DEFINITIONAL_REPRESENTATION('',(#7537),#7544);
#7537 = B_SPLINE_CURVE_WITH_KNOTS('',5,(#7538,#7539,#7540,#7541,#7542,
    #7543),.UNSPECIFIED.,.F.,.F.,(6,6),(0.,1.),
  .PIECEWISE_BEZIER_KNOTS.);
#7538 = CARTESIAN_POINT('',(-0.758965801823,9.999999999999E-03));
#7539 = CARTESIAN_POINT('',(-0.760135132649,0.108014345493));
#7540 = CARTESIAN_POINT('',(-0.760543048061,0.206151962484));
#7541 = CARTESIAN_POINT('',(-0.760249144416,0.304267139062));
#7542 = CARTESIAN_POINT('',(-0.759313718006,0.40224609145));
#7543 = CARTESIAN_POINT('',(-0.757797348896,0.5));
#7544 = ( GEOMETRIC_REPRESENTATION_CONTEXT(2) 
PARAMETRIC_REPRESENTATION_CONTEXT() REPRESENTATION_CONTEXT('2D SPACE',''
  ) );
#7545 = ORIENTED_EDGE('',*,*,#7546,.T.);
#7546 = EDGE_CURVE('',#7515,#7547,#7549,.T.);
#7547 = VERTEX_POINT('',#7548);
#7548 = CARTESIAN_POINT('',(6.167158886437,5.849457348288,5.51));
#7549 = SURFACE_CURVE('',#7550,(#7553,#7560),.PCURVE_S1.);
#7550 = B_SPLINE_CURVE_WITH_KNOTS('',1,(#7551,#7552),.UNSPECIFIED.,.F.,
  .F.,(2,2),(0.,1.),.PIECEWISE_BEZIER_KNOTS.);
#7551 = CARTESIAN_POINT('',(6.167158886437,5.849457348288,0.));
#7552 = CARTESIAN_POINT('',(6.167158886437,5.849457348288,6.));
#7553 = PCURVE('',#1554,#7554);
#7554 = DEFINITIONAL_REPRESENTATION('',(#7555),#7559);
#7555 = LINE('',#7556,#7557);
#7556 = CARTESIAN_POINT('',(0.,0.));
#7557 = VECTOR('',#7558,1.);
#7558 = DIRECTION('',(1.,0.));
#7559 = ( GEOMETRIC_REPRESENTATION_CONTEXT(2) 
PARAMETRIC_REPRESENTATION_CONTEXT() REPRESENTATION_CONTEXT('2D SPACE',''
  ) );
#7560 = PCURVE('',#7561,#7570);
#7561 = B_SPLINE_SURFACE_WITH_KNOTS('',1,3,(
    (#7562,#7563,#7564,#7565)
    ,(#7566,#7567,#7568,#7569
    )),.UNSPECIFIED.,.F.,.F.,.F.,(2,2),(4,4),(0.,1.),(0.,1.),
  .PIECEWISE_BEZIER_KNOTS.);
#7562 = CARTESIAN_POINT('',(5.320198541541,6.629139271322,0.));
#7563 = CARTESIAN_POINT('',(5.619704916819,6.388782122794,0.));
#7564 = CARTESIAN_POINT('',(5.902889638996,6.128092221441,0.));
#7565 = CARTESIAN_POINT('',(6.167158886437,5.849457348288,0.));
#7566 = CARTESIAN_POINT('',(5.320198541541,6.629139271322,6.));
#7567 = CARTESIAN_POINT('',(5.619704916819,6.388782122794,6.));
#7568 = CARTESIAN_POINT('',(5.902889638996,6.128092221441,6.));
#7569 = CARTESIAN_POINT('',(6.167158886437,5.849457348288,6.));
#7570 = DEFINITIONAL_REPRESENTATION('',(#7571),#7575);
#7571 = LINE('',#7572,#7573);
#7572 = CARTESIAN_POINT('',(0.,1.));
#7573 = VECTOR('',#7574,1.);
#7574 = DIRECTION('',(1.,0.));
#7575 = ( GEOMETRIC_REPRESENTATION_CONTEXT(2) 
PARAMETRIC_REPRESENTATION_CONTEXT() REPRESENTATION_CONTEXT('2D SPACE',''
  ) );
#7576 = ORIENTED_EDGE('',*,*,#7577,.T.);
#7577 = EDGE_CURVE('',#7547,#3748,#7578,.T.);
#7578 = SURFACE_CURVE('',#7579,(#7586,#7596),.PCURVE_S1.);
#7579 = B_SPLINE_CURVE_WITH_KNOTS('',5,(#7580,#7581,#7582,#7583,#7584,
    #7585),.UNSPECIFIED.,.F.,.F.,(6,6),(0.,1.),
  .PIECEWISE_BEZIER_KNOTS.);
#7580 = CARTESIAN_POINT('',(6.167158886437,5.849457348288,5.51));
#7581 = CARTESIAN_POINT('',(6.231433058208,5.924119471811,5.608014345493
    ));
#7582 = CARTESIAN_POINT('',(6.300042782315,5.994368564389,5.706151962484
    ));
#7583 = CARTESIAN_POINT('',(6.372817104215,6.06022702744,5.804267139062)
  );
#7584 = CARTESIAN_POINT('',(6.449528408835,6.12174890781,5.90224609145)
  );
#7585 = CARTESIAN_POINT('',(6.52990182582,6.179035697028,6.));
#7586 = PCURVE('',#1554,#7587);
#7587 = DEFINITIONAL_REPRESENTATION('',(#7588),#7595);
#7588 = B_SPLINE_CURVE_WITH_KNOTS('',5,(#7589,#7590,#7591,#7592,#7593,
    #7594),.UNSPECIFIED.,.F.,.F.,(6,6),(0.,1.),
  .PIECEWISE_BEZIER_KNOTS.);
#7589 = CARTESIAN_POINT('',(0.918333333333,0.));
#7590 = CARTESIAN_POINT('',(0.934669057582,3.937840008448E-02));
#7591 = CARTESIAN_POINT('',(0.951025327081,7.914988528522E-02));
#7592 = CARTESIAN_POINT('',(0.96737785651,0.119299833236));
#7593 = CARTESIAN_POINT('',(0.983707681908,0.159806802711));
#7594 = CARTESIAN_POINT('',(1.,0.200648579146));
#7595 = ( GEOMETRIC_REPRESENTATION_CONTEXT(2) 
PARAMETRIC_REPRESENTATION_CONTEXT() REPRESENTATION_CONTEXT('2D SPACE',''
  ) );
#7596 = PCURVE('',#3768,#7597);
#7597 = DEFINITIONAL_REPRESENTATION('',(#7598),#7605);
#7598 = B_SPLINE_CURVE_WITH_KNOTS('',5,(#7599,#7600,#7601,#7602,#7603,
    #7604),.UNSPECIFIED.,.F.,.F.,(6,6),(0.,1.),
  .PIECEWISE_BEZIER_KNOTS.);
#7599 = CARTESIAN_POINT('',(0.758965801823,-0.5));
#7600 = CARTESIAN_POINT('',(0.760135132649,-0.401985654507));
#7601 = CARTESIAN_POINT('',(0.760543048061,-0.303848037516));
#7602 = CARTESIAN_POINT('',(0.760249144416,-0.205732860938));
#7603 = CARTESIAN_POINT('',(0.759313718006,-0.10775390855));
#7604 = CARTESIAN_POINT('',(0.757797348896,-1.E-02));
#7605 = ( GEOMETRIC_REPRESENTATION_CONTEXT(2) 
PARAMETRIC_REPRESENTATION_CONTEXT() REPRESENTATION_CONTEXT('2D SPACE',''
  ) );
#7606 = ORIENTED_EDGE('',*,*,#3780,.T.);
#7607 = ORIENTED_EDGE('',*,*,#7488,.F.);
#7608 = ADVANCED_FACE('',(#7609),#1524,.F.);
#7609 = FACE_BOUND('',#7610,.T.);
#7610 = EDGE_LOOP('',(#7611,#7643,#7644,#7645));
#7611 = ORIENTED_EDGE('',*,*,#7612,.T.);
#7612 = EDGE_CURVE('',#7613,#1470,#7615,.T.);
#7613 = VERTEX_POINT('',#7614);
#7614 = CARTESIAN_POINT('',(5.320198541541,6.629139271322,0.49));
#7615 = SURFACE_CURVE('',#7616,(#7623,#7633),.PCURVE_S1.);
#7616 = B_SPLINE_CURVE_WITH_KNOTS('',5,(#7617,#7618,#7619,#7620,#7621,
    #7622),.UNSPECIFIED.,.F.,.F.,(6,6),(0.,1.),
  .PIECEWISE_BEZIER_KNOTS.);
#7617 = CARTESIAN_POINT('',(5.320198541541,6.629139271322,0.49));
#7618 = CARTESIAN_POINT('',(5.389297937024,6.699359463501,0.391985654507
    ));
#7619 = CARTESIAN_POINT('',(5.453641347225,6.773535974701,0.293848037516
    ));
#7620 = CARTESIAN_POINT('',(5.513265214366,6.851500284168,0.195732860938
    ));
#7621 = CARTESIAN_POINT('',(5.568242196997,6.933030017403,
    9.775390855047E-02));
#7622 = CARTESIAN_POINT('',(5.618696138618,7.017859623979,0.));
#7623 = PCURVE('',#1524,#7624);
#7624 = DEFINITIONAL_REPRESENTATION('',(#7625),#7632);
#7625 = B_SPLINE_CURVE_WITH_KNOTS('',5,(#7626,#7627,#7628,#7629,#7630,
    #7631),.UNSPECIFIED.,.F.,.F.,(6,6),(0.,1.),
  .PIECEWISE_BEZIER_KNOTS.);
#7626 = CARTESIAN_POINT('',(-0.894504015856,1.E-02));
#7627 = CARTESIAN_POINT('',(-0.89333468503,0.108014345493));
#7628 = CARTESIAN_POINT('',(-0.892926769618,0.206151962484));
#7629 = CARTESIAN_POINT('',(-0.893220673263,0.304267139062));
#7630 = CARTESIAN_POINT('',(-0.894156099673,0.40224609145));
#7631 = CARTESIAN_POINT('',(-0.895672468783,0.5));
#7632 = ( GEOMETRIC_REPRESENTATION_CONTEXT(2) 
PARAMETRIC_REPRESENTATION_CONTEXT() REPRESENTATION_CONTEXT('2D SPACE',''
  ) );
#7633 = PCURVE('',#1487,#7634);
#7634 = DEFINITIONAL_REPRESENTATION('',(#7635),#7642);
#7635 = B_SPLINE_CURVE_WITH_KNOTS('',5,(#7636,#7637,#7638,#7639,#7640,
    #7641),.UNSPECIFIED.,.F.,.F.,(6,6),(0.,1.),
  .PIECEWISE_BEZIER_KNOTS.);
#7636 = CARTESIAN_POINT('',(8.166666666667E-02,1.));
#7637 = CARTESIAN_POINT('',(6.53309424179E-02,0.960621599916));
#7638 = CARTESIAN_POINT('',(4.897467291928E-02,0.920850114715));
#7639 = CARTESIAN_POINT('',(3.26221434896E-02,0.880700166764));
#7640 = CARTESIAN_POINT('',(1.629231809175E-02,0.840193197289));
#7641 = CARTESIAN_POINT('',(0.,0.799351420854));
#7642 = ( GEOMETRIC_REPRESENTATION_CONTEXT(2) 
PARAMETRIC_REPRESENTATION_CONTEXT() REPRESENTATION_CONTEXT('2D SPACE',''
  ) );
#7643 = ORIENTED_EDGE('',*,*,#1503,.T.);
#7644 = ORIENTED_EDGE('',*,*,#7514,.F.);
#7645 = ORIENTED_EDGE('',*,*,#7646,.F.);
#7646 = EDGE_CURVE('',#7613,#7515,#7647,.T.);
#7647 = SURFACE_CURVE('',#7648,(#7657,#7669),.PCURVE_S1.);
#7648 = B_SPLINE_CURVE_WITH_KNOTS('',4,(#7649,#7650,#7651,#7652,#7653,
    #7654,#7655,#7656),.UNSPECIFIED.,.F.,.F.,(5,3,5),(0.,0.499491022909,
    1.),.UNSPECIFIED.);
#7649 = CARTESIAN_POINT('',(5.320198541541,6.629139271322,0.49));
#7650 = CARTESIAN_POINT('',(5.432399002513,6.539097171759,0.489996810525
    ));
#7651 = CARTESIAN_POINT('',(5.542563585229,6.44651851217,0.48999963623)
  );
#7652 = CARTESIAN_POINT('',(5.650611226439,6.351477876256,0.49000106152)
  );
#7653 = CARTESIAN_POINT('',(5.862526913545,6.156422738039,0.490001070201
    ));
#7654 = CARTESIAN_POINT('',(5.966385961302,6.056398522768,0.489999647788
    ));
#7655 = CARTESIAN_POINT('',(6.067957125372,5.954051698098,0.489996804025
    ));
#7656 = CARTESIAN_POINT('',(6.167158886437,5.849457348288,0.49));
#7657 = PCURVE('',#1524,#7658);
#7658 = DEFINITIONAL_REPRESENTATION('',(#7659),#7668);
#7659 = B_SPLINE_CURVE_WITH_KNOTS('',4,(#7660,#7661,#7662,#7663,#7664,
    #7665,#7666,#7667),.UNSPECIFIED.,.F.,.F.,(5,3,5),(0.,0.499491022909,
    1.),.UNSPECIFIED.);
#7660 = CARTESIAN_POINT('',(-0.894504015856,1.E-02));
#7661 = CARTESIAN_POINT('',(-0.877578973242,1.000318947456E-02));
#7662 = CARTESIAN_POINT('',(-0.860653959104,1.000036377006E-02));
#7663 = CARTESIAN_POINT('',(-0.843728926183,9.998938480423E-03));
#7664 = CARTESIAN_POINT('',(-0.809844370252,9.998929798702E-03));
#7665 = CARTESIAN_POINT('',(-0.792884844363,1.00003522125E-02));
#7666 = CARTESIAN_POINT('',(-0.775925337382,1.000319597465E-02));
#7667 = CARTESIAN_POINT('',(-0.758965801823,1.E-02));
#7668 = ( GEOMETRIC_REPRESENTATION_CONTEXT(2) 
PARAMETRIC_REPRESENTATION_CONTEXT() REPRESENTATION_CONTEXT('2D SPACE',''
  ) );
#7669 = PCURVE('',#7561,#7670);
#7670 = DEFINITIONAL_REPRESENTATION('',(#7671),#7680);
#7671 = B_SPLINE_CURVE_WITH_KNOTS('',4,(#7672,#7673,#7674,#7675,#7676,
    #7677,#7678,#7679),.UNSPECIFIED.,.F.,.F.,(5,3,5),(0.,0.499491022909,
    1.),.UNSPECIFIED.);
#7672 = CARTESIAN_POINT('',(8.166666666667E-02,0.));
#7673 = CARTESIAN_POINT('',(8.166613508757E-02,0.124872646275));
#7674 = CARTESIAN_POINT('',(8.166660603832E-02,0.249745487054));
#7675 = CARTESIAN_POINT('',(8.16668435866E-02,0.374618245739));
#7676 = CARTESIAN_POINT('',(8.166684503355E-02,0.62461828864));
#7677 = CARTESIAN_POINT('',(8.166660796458E-02,0.749745535627));
#7678 = CARTESIAN_POINT('',(8.166613400422E-02,0.874872865425));
#7679 = CARTESIAN_POINT('',(8.166666666667E-02,1.));
#7680 = ( GEOMETRIC_REPRESENTATION_CONTEXT(2) 
PARAMETRIC_REPRESENTATION_CONTEXT() REPRESENTATION_CONTEXT('2D SPACE',''
  ) );
#7681 = ADVANCED_FACE('',(#7682),#1487,.F.);
#7682 = FACE_BOUND('',#7683,.F.);
#7683 = EDGE_LOOP('',(#7684,#7685,#7705,#7706,#7738,#7758));
#7684 = ORIENTED_EDGE('',*,*,#1469,.F.);
#7685 = ORIENTED_EDGE('',*,*,#7686,.T.);
#7686 = EDGE_CURVE('',#1436,#3698,#7687,.T.);
#7687 = SURFACE_CURVE('',#7688,(#7691,#7698),.PCURVE_S1.);
#7688 = B_SPLINE_CURVE_WITH_KNOTS('',1,(#7689,#7690),.UNSPECIFIED.,.F.,
  .F.,(2,2),(0.,1.),.PIECEWISE_BEZIER_KNOTS.);
#7689 = CARTESIAN_POINT('',(6.03722803368,8.894626336691,0.));
#7690 = CARTESIAN_POINT('',(6.03722803368,8.894626336691,6.));
#7691 = PCURVE('',#1487,#7692);
#7692 = DEFINITIONAL_REPRESENTATION('',(#7693),#7697);
#7693 = LINE('',#7694,#7695);
#7694 = CARTESIAN_POINT('',(0.,0.));
#7695 = VECTOR('',#7696,1.);
#7696 = DIRECTION('',(1.,0.));
#7697 = ( GEOMETRIC_REPRESENTATION_CONTEXT(2) 
PARAMETRIC_REPRESENTATION_CONTEXT() REPRESENTATION_CONTEXT('2D SPACE',''
  ) );
#7698 = PCURVE('',#1453,#7699);
#7699 = DEFINITIONAL_REPRESENTATION('',(#7700),#7704);
#7700 = LINE('',#7701,#7702);
#7701 = CARTESIAN_POINT('',(0.,1.));
#7702 = VECTOR('',#7703,1.);
#7703 = DIRECTION('',(1.,0.));
#7704 = ( GEOMETRIC_REPRESENTATION_CONTEXT(2) 
PARAMETRIC_REPRESENTATION_CONTEXT() REPRESENTATION_CONTEXT('2D SPACE',''
  ) );
#7705 = ORIENTED_EDGE('',*,*,#3722,.T.);
#7706 = ORIENTED_EDGE('',*,*,#7707,.T.);
#7707 = EDGE_CURVE('',#3723,#7708,#7710,.T.);
#7708 = VERTEX_POINT('',#7709);
#7709 = CARTESIAN_POINT('',(5.320198541541,6.629139271322,5.51));
#7710 = SURFACE_CURVE('',#7711,(#7718,#7728),.PCURVE_S1.);
#7711 = B_SPLINE_CURVE_WITH_KNOTS('',5,(#7712,#7713,#7714,#7715,#7716,
    #7717),.UNSPECIFIED.,.F.,.F.,(6,6),(0.,1.),
  .PIECEWISE_BEZIER_KNOTS.);
#7712 = CARTESIAN_POINT('',(5.618696138618,7.017859623979,6.));
#7713 = CARTESIAN_POINT('',(5.56824219698,6.933030017374,5.902246091415)
  );
#7714 = CARTESIAN_POINT('',(5.513265214363,6.851500284171,5.804267139063
    ));
#7715 = CARTESIAN_POINT('',(5.453641347228,6.773535974696,5.706151962482
    ));
#7716 = CARTESIAN_POINT('',(5.389297936996,6.699359463473,5.608014345453
    ));
#7717 = CARTESIAN_POINT('',(5.320198541541,6.629139271322,5.51));
#7718 = PCURVE('',#1487,#7719);
#7719 = DEFINITIONAL_REPRESENTATION('',(#7720),#7727);
#7720 = B_SPLINE_CURVE_WITH_KNOTS('',5,(#7721,#7722,#7723,#7724,#7725,
    #7726),.UNSPECIFIED.,.F.,.F.,(6,6),(0.,1.),
  .PIECEWISE_BEZIER_KNOTS.);
#7721 = CARTESIAN_POINT('',(1.,0.799351420854));
#7722 = CARTESIAN_POINT('',(0.983707681903,0.840193197303));
#7723 = CARTESIAN_POINT('',(0.967377856511,0.880700166763));
#7724 = CARTESIAN_POINT('',(0.95102532708,0.920850114716));
#7725 = CARTESIAN_POINT('',(0.934669057575,0.960621599932));
#7726 = CARTESIAN_POINT('',(0.918333333333,1.));
#7727 = ( GEOMETRIC_REPRESENTATION_CONTEXT(2) 
PARAMETRIC_REPRESENTATION_CONTEXT() REPRESENTATION_CONTEXT('2D SPACE',''
  ) );
#7728 = PCURVE('',#3768,#7729);
#7729 = DEFINITIONAL_REPRESENTATION('',(#7730),#7737);
#7730 = B_SPLINE_CURVE_WITH_KNOTS('',5,(#7731,#7732,#7733,#7734,#7735,
    #7736),.UNSPECIFIED.,.F.,.F.,(6,6),(0.,1.),
  .PIECEWISE_BEZIER_KNOTS.);
#7731 = CARTESIAN_POINT('',(0.895672468783,-1.E-02));
#7732 = CARTESIAN_POINT('',(0.894156099672,-0.107753908585));
#7733 = CARTESIAN_POINT('',(0.893220673263,-0.205732860937));
#7734 = CARTESIAN_POINT('',(0.892926769617,-0.303848037518));
#7735 = CARTESIAN_POINT('',(0.89333468503,-0.401985654547));
#7736 = CARTESIAN_POINT('',(0.894504015856,-0.5));
#7737 = ( GEOMETRIC_REPRESENTATION_CONTEXT(2) 
PARAMETRIC_REPRESENTATION_CONTEXT() REPRESENTATION_CONTEXT('2D SPACE',''
  ) );
#7738 = ORIENTED_EDGE('',*,*,#7739,.F.);
#7739 = EDGE_CURVE('',#7613,#7708,#7740,.T.);
#7740 = SURFACE_CURVE('',#7741,(#7744,#7751),.PCURVE_S1.);
#7741 = B_SPLINE_CURVE_WITH_KNOTS('',1,(#7742,#7743),.UNSPECIFIED.,.F.,
  .F.,(2,2),(0.,1.),.PIECEWISE_BEZIER_KNOTS.);
#7742 = CARTESIAN_POINT('',(5.320198541541,6.629139271322,0.));
#7743 = CARTESIAN_POINT('',(5.320198541541,6.629139271322,6.));
#7744 = PCURVE('',#1487,#7745);
#7745 = DEFINITIONAL_REPRESENTATION('',(#7746),#7750);
#7746 = LINE('',#7747,#7748);
#7747 = CARTESIAN_POINT('',(0.,1.));
#7748 = VECTOR('',#7749,1.);
#7749 = DIRECTION('',(1.,0.));
#7750 = ( GEOMETRIC_REPRESENTATION_CONTEXT(2) 
PARAMETRIC_REPRESENTATION_CONTEXT() REPRESENTATION_CONTEXT('2D SPACE',''
  ) );
#7751 = PCURVE('',#7561,#7752);
#7752 = DEFINITIONAL_REPRESENTATION('',(#7753),#7757);
#7753 = LINE('',#7754,#7755);
#7754 = CARTESIAN_POINT('',(0.,0.));
#7755 = VECTOR('',#7756,1.);
#7756 = DIRECTION('',(1.,0.));
#7757 = ( GEOMETRIC_REPRESENTATION_CONTEXT(2) 
PARAMETRIC_REPRESENTATION_CONTEXT() REPRESENTATION_CONTEXT('2D SPACE',''
  ) );
#7758 = ORIENTED_EDGE('',*,*,#7612,.T.);
#7759 = ADVANCED_FACE('',(#7760),#1453,.F.);
#7760 = FACE_BOUND('',#7761,.F.);
#7761 = EDGE_LOOP('',(#7762,#7763,#7783,#7784));
#7762 = ORIENTED_EDGE('',*,*,#1435,.F.);
#7763 = ORIENTED_EDGE('',*,*,#7764,.T.);
#7764 = EDGE_CURVE('',#1402,#3673,#7765,.T.);
#7765 = SURFACE_CURVE('',#7766,(#7769,#7776),.PCURVE_S1.);
#7766 = B_SPLINE_CURVE_WITH_KNOTS('',1,(#7767,#7768),.UNSPECIFIED.,.F.,
  .F.,(2,2),(0.,1.),.PIECEWISE_BEZIER_KNOTS.);
#7767 = CARTESIAN_POINT('',(5.720334670989,9.101663103625,0.));
#7768 = CARTESIAN_POINT('',(5.720334670989,9.101663103625,6.));
#7769 = PCURVE('',#1453,#7770);
#7770 = DEFINITIONAL_REPRESENTATION('',(#7771),#7775);
#7771 = LINE('',#7772,#7773);
#7772 = CARTESIAN_POINT('',(0.,0.));
#7773 = VECTOR('',#7774,1.);
#7774 = DIRECTION('',(1.,0.));
#7775 = ( GEOMETRIC_REPRESENTATION_CONTEXT(2) 
PARAMETRIC_REPRESENTATION_CONTEXT() REPRESENTATION_CONTEXT('2D SPACE',''
  ) );
#7776 = PCURVE('',#1419,#7777);
#7777 = DEFINITIONAL_REPRESENTATION('',(#7778),#7782);
#7778 = LINE('',#7779,#7780);
#7779 = CARTESIAN_POINT('',(0.,1.));
#7780 = VECTOR('',#7781,1.);
#7781 = DIRECTION('',(1.,0.));
#7782 = ( GEOMETRIC_REPRESENTATION_CONTEXT(2) 
PARAMETRIC_REPRESENTATION_CONTEXT() REPRESENTATION_CONTEXT('2D SPACE',''
  ) );
#7783 = ORIENTED_EDGE('',*,*,#3697,.T.);
#7784 = ORIENTED_EDGE('',*,*,#7686,.F.);
#7785 = ADVANCED_FACE('',(#7786),#1419,.F.);
#7786 = FACE_BOUND('',#7787,.F.);
#7787 = EDGE_LOOP('',(#7788,#7789,#7821,#7852,#7882,#7883));
#7788 = ORIENTED_EDGE('',*,*,#1401,.F.);
#7789 = ORIENTED_EDGE('',*,*,#7790,.F.);
#7790 = EDGE_CURVE('',#7791,#1369,#7793,.T.);
#7791 = VERTEX_POINT('',#7792);
#7792 = CARTESIAN_POINT('',(3.933689510975,7.53499083153,0.49));
#7793 = SURFACE_CURVE('',#7794,(#7801,#7811),.PCURVE_S1.);
#7794 = B_SPLINE_CURVE_WITH_KNOTS('',5,(#7795,#7796,#7797,#7798,#7799,
    #7800),.UNSPECIFIED.,.F.,.F.,(6,6),(0.,1.),
  .PIECEWISE_BEZIER_KNOTS.);
#7795 = CARTESIAN_POINT('',(3.933689510975,7.53499083153,0.49));
#7796 = CARTESIAN_POINT('',(3.970238378954,7.626477344718,0.391985654507
    ));
#7797 = CARTESIAN_POINT('',(4.012320795891,7.715197688692,0.293848037516
    ));
#7798 = CARTESIAN_POINT('',(4.059767796302,7.80111754225,0.195732860938)
  );
#7799 = CARTESIAN_POINT('',(4.112346548944,7.884214117338,
    9.775390855047E-02));
#7800 = CARTESIAN_POINT('',(4.169764122451,7.964494156136,0.));
#7801 = PCURVE('',#1419,#7802);
#7802 = DEFINITIONAL_REPRESENTATION('',(#7803),#7810);
#7803 = B_SPLINE_CURVE_WITH_KNOTS('',5,(#7804,#7805,#7806,#7807,#7808,
    #7809),.UNSPECIFIED.,.F.,.F.,(6,6),(0.,1.),
  .PIECEWISE_BEZIER_KNOTS.);
#7804 = CARTESIAN_POINT('',(8.166666666667E-02,0.));
#7805 = CARTESIAN_POINT('',(6.533094241791E-02,3.937840008448E-02));
#7806 = CARTESIAN_POINT('',(4.897467291928E-02,7.914988528522E-02));
#7807 = CARTESIAN_POINT('',(3.26221434896E-02,0.119299833236));
#7808 = CARTESIAN_POINT('',(1.629231809175E-02,0.159806802711));
#7809 = CARTESIAN_POINT('',(0.,0.200648579146));
#7810 = ( GEOMETRIC_REPRESENTATION_CONTEXT(2) 
PARAMETRIC_REPRESENTATION_CONTEXT() REPRESENTATION_CONTEXT('2D SPACE',''
  ) );
#7811 = PCURVE('',#1389,#7812);
#7812 = DEFINITIONAL_REPRESENTATION('',(#7813),#7820);
#7813 = B_SPLINE_CURVE_WITH_KNOTS('',5,(#7814,#7815,#7816,#7817,#7818,
    #7819),.UNSPECIFIED.,.F.,.F.,(6,6),(0.,1.),
  .PIECEWISE_BEZIER_KNOTS.);
#7814 = CARTESIAN_POINT('',(-1.089659765359,9.999999999999E-03));
#7815 = CARTESIAN_POINT('',(-1.090829096185,0.108014345493));
#7816 = CARTESIAN_POINT('',(-1.091237011597,0.206151962484));
#7817 = CARTESIAN_POINT('',(-1.090943107952,0.304267139062));
#7818 = CARTESIAN_POINT('',(-1.090007681542,0.40224609145));
#7819 = CARTESIAN_POINT('',(-1.088491312432,0.5));
#7820 = ( GEOMETRIC_REPRESENTATION_CONTEXT(2) 
PARAMETRIC_REPRESENTATION_CONTEXT() REPRESENTATION_CONTEXT('2D SPACE',''
  ) );
#7821 = ORIENTED_EDGE('',*,*,#7822,.T.);
#7822 = EDGE_CURVE('',#7791,#7823,#7825,.T.);
#7823 = VERTEX_POINT('',#7824);
#7824 = CARTESIAN_POINT('',(3.933689510975,7.53499083153,5.51));
#7825 = SURFACE_CURVE('',#7826,(#7829,#7836),.PCURVE_S1.);
#7826 = B_SPLINE_CURVE_WITH_KNOTS('',1,(#7827,#7828),.UNSPECIFIED.,.F.,
  .F.,(2,2),(0.,1.),.PIECEWISE_BEZIER_KNOTS.);
#7827 = CARTESIAN_POINT('',(3.933689510975,7.53499083153,0.));
#7828 = CARTESIAN_POINT('',(3.933689510975,7.53499083153,6.));
#7829 = PCURVE('',#1419,#7830);
#7830 = DEFINITIONAL_REPRESENTATION('',(#7831),#7835);
#7831 = LINE('',#7832,#7833);
#7832 = CARTESIAN_POINT('',(0.,0.));
#7833 = VECTOR('',#7834,1.);
#7834 = DIRECTION('',(1.,0.));
#7835 = ( GEOMETRIC_REPRESENTATION_CONTEXT(2) 
PARAMETRIC_REPRESENTATION_CONTEXT() REPRESENTATION_CONTEXT('2D SPACE',''
  ) );
#7836 = PCURVE('',#7837,#7846);
#7837 = B_SPLINE_SURFACE_WITH_KNOTS('',1,3,(
    (#7838,#7839,#7840,#7841)
    ,(#7842,#7843,#7844,#7845
    )),.UNSPECIFIED.,.F.,.F.,.F.,(2,2),(4,4),(0.,1.),(0.,1.),
  .PIECEWISE_BEZIER_KNOTS.);
#7838 = CARTESIAN_POINT('',(2.879457507178,7.997419862953,0.));
#7839 = CARTESIAN_POINT('',(3.240779639462,7.867335488786,0.));
#7840 = CARTESIAN_POINT('',(3.59326650488,7.712720414326,0.));
#7841 = CARTESIAN_POINT('',(3.933689510975,7.53499083153,0.));
#7842 = CARTESIAN_POINT('',(2.879457507178,7.997419862953,6.));
#7843 = CARTESIAN_POINT('',(3.240779639462,7.867335488786,6.));
#7844 = CARTESIAN_POINT('',(3.59326650488,7.712720414326,6.));
#7845 = CARTESIAN_POINT('',(3.933689510975,7.53499083153,6.));
#7846 = DEFINITIONAL_REPRESENTATION('',(#7847),#7851);
#7847 = LINE('',#7848,#7849);
#7848 = CARTESIAN_POINT('',(0.,1.));
#7849 = VECTOR('',#7850,1.);
#7850 = DIRECTION('',(1.,0.));
#7851 = ( GEOMETRIC_REPRESENTATION_CONTEXT(2) 
PARAMETRIC_REPRESENTATION_CONTEXT() REPRESENTATION_CONTEXT('2D SPACE',''
  ) );
#7852 = ORIENTED_EDGE('',*,*,#7853,.T.);
#7853 = EDGE_CURVE('',#7823,#3640,#7854,.T.);
#7854 = SURFACE_CURVE('',#7855,(#7862,#7872),.PCURVE_S1.);
#7855 = B_SPLINE_CURVE_WITH_KNOTS('',5,(#7856,#7857,#7858,#7859,#7860,
    #7861),.UNSPECIFIED.,.F.,.F.,(6,6),(0.,1.),
  .PIECEWISE_BEZIER_KNOTS.);
#7856 = CARTESIAN_POINT('',(3.933689510975,7.53499083153,5.51));
#7857 = CARTESIAN_POINT('',(3.970238378954,7.626477344718,5.608014345493
    ));
#7858 = CARTESIAN_POINT('',(4.012320795891,7.715197688692,5.706151962484
    ));
#7859 = CARTESIAN_POINT('',(4.059767796302,7.80111754225,5.804267139062)
  );
#7860 = CARTESIAN_POINT('',(4.112346548944,7.884214117338,5.90224609145)
  );
#7861 = CARTESIAN_POINT('',(4.169764122451,7.964494156136,6.));
#7862 = PCURVE('',#1419,#7863);
#7863 = DEFINITIONAL_REPRESENTATION('',(#7864),#7871);
#7864 = B_SPLINE_CURVE_WITH_KNOTS('',5,(#7865,#7866,#7867,#7868,#7869,
    #7870),.UNSPECIFIED.,.F.,.F.,(6,6),(0.,1.),
  .PIECEWISE_BEZIER_KNOTS.);
#7865 = CARTESIAN_POINT('',(0.918333333333,0.));
#7866 = CARTESIAN_POINT('',(0.934669057582,3.937840008448E-02));
#7867 = CARTESIAN_POINT('',(0.951025327081,7.914988528522E-02));
#7868 = CARTESIAN_POINT('',(0.96737785651,0.119299833236));
#7869 = CARTESIAN_POINT('',(0.983707681908,0.159806802711));
#7870 = CARTESIAN_POINT('',(1.,0.200648579146));
#7871 = ( GEOMETRIC_REPRESENTATION_CONTEXT(2) 
PARAMETRIC_REPRESENTATION_CONTEXT() REPRESENTATION_CONTEXT('2D SPACE',''
  ) );
#7872 = PCURVE('',#3660,#7873);
#7873 = DEFINITIONAL_REPRESENTATION('',(#7874),#7881);
#7874 = B_SPLINE_CURVE_WITH_KNOTS('',5,(#7875,#7876,#7877,#7878,#7879,
    #7880),.UNSPECIFIED.,.F.,.F.,(6,6),(0.,1.),
  .PIECEWISE_BEZIER_KNOTS.);
#7875 = CARTESIAN_POINT('',(1.089659765359,-0.5));
#7876 = CARTESIAN_POINT('',(1.090829096185,-0.401985654507));
#7877 = CARTESIAN_POINT('',(1.091237011597,-0.303848037516));
#7878 = CARTESIAN_POINT('',(1.090943107952,-0.205732860938));
#7879 = CARTESIAN_POINT('',(1.090007681542,-0.10775390855));
#7880 = CARTESIAN_POINT('',(1.088491312432,-1.E-02));
#7881 = ( GEOMETRIC_REPRESENTATION_CONTEXT(2) 
PARAMETRIC_REPRESENTATION_CONTEXT() REPRESENTATION_CONTEXT('2D SPACE',''
  ) );
#7882 = ORIENTED_EDGE('',*,*,#3672,.T.);
#7883 = ORIENTED_EDGE('',*,*,#7764,.F.);
#7884 = ADVANCED_FACE('',(#7885),#1389,.F.);
#7885 = FACE_BOUND('',#7886,.T.);
#7886 = EDGE_LOOP('',(#7887,#7919,#7920,#7921));
#7887 = ORIENTED_EDGE('',*,*,#7888,.T.);
#7888 = EDGE_CURVE('',#7889,#1335,#7891,.T.);
#7889 = VERTEX_POINT('',#7890);
#7890 = CARTESIAN_POINT('',(2.879457507178,7.997419862953,0.49));
#7891 = SURFACE_CURVE('',#7892,(#7899,#7909),.PCURVE_S1.);
#7892 = B_SPLINE_CURVE_WITH_KNOTS('',5,(#7893,#7894,#7895,#7896,#7897,
    #7898),.UNSPECIFIED.,.F.,.F.,(6,6),(0.,1.),
  .PIECEWISE_BEZIER_KNOTS.);
#7893 = CARTESIAN_POINT('',(2.879457507178,7.997419862953,0.49));
#7894 = CARTESIAN_POINT('',(2.922012447689,8.086271868468,0.391985654507
    ));
#7895 = CARTESIAN_POINT('',(2.958784480633,8.177321562828,0.293848037516
    ));
#7896 = CARTESIAN_POINT('',(2.98986279229,8.270421388972,0.195732860938)
  );
#7897 = CARTESIAN_POINT('',(3.015388309254,8.365384613456,
    9.775390855047E-02));
#7898 = CARTESIAN_POINT('',(3.035564388923,8.462000286026,0.));
#7899 = PCURVE('',#1389,#7900);
#7900 = DEFINITIONAL_REPRESENTATION('',(#7901),#7908);
#7901 = B_SPLINE_CURVE_WITH_KNOTS('',5,(#7902,#7903,#7904,#7905,#7906,
    #7907),.UNSPECIFIED.,.F.,.F.,(6,6),(0.,1.),
  .PIECEWISE_BEZIER_KNOTS.);
#7902 = CARTESIAN_POINT('',(-1.225197979392,1.E-02));
#7903 = CARTESIAN_POINT('',(-1.224028648566,0.108014345493));
#7904 = CARTESIAN_POINT('',(-1.223620733154,0.206151962484));
#7905 = CARTESIAN_POINT('',(-1.223914636798,0.304267139062));
#7906 = CARTESIAN_POINT('',(-1.224850063208,0.40224609145));
#7907 = CARTESIAN_POINT('',(-1.226366432319,0.5));
#7908 = ( GEOMETRIC_REPRESENTATION_CONTEXT(2) 
PARAMETRIC_REPRESENTATION_CONTEXT() REPRESENTATION_CONTEXT('2D SPACE',''
  ) );
#7909 = PCURVE('',#1352,#7910);
#7910 = DEFINITIONAL_REPRESENTATION('',(#7911),#7918);
#7911 = B_SPLINE_CURVE_WITH_KNOTS('',5,(#7912,#7913,#7914,#7915,#7916,
    #7917),.UNSPECIFIED.,.F.,.F.,(6,6),(0.,1.),
  .PIECEWISE_BEZIER_KNOTS.);
#7912 = CARTESIAN_POINT('',(8.166666666667E-02,1.));
#7913 = CARTESIAN_POINT('',(6.53309424179E-02,0.960621599916));
#7914 = CARTESIAN_POINT('',(4.897467291928E-02,0.920850114715));
#7915 = CARTESIAN_POINT('',(3.26221434896E-02,0.880700166764));
#7916 = CARTESIAN_POINT('',(1.629231809175E-02,0.840193197289));
#7917 = CARTESIAN_POINT('',(0.,0.799351420854));
#7918 = ( GEOMETRIC_REPRESENTATION_CONTEXT(2) 
PARAMETRIC_REPRESENTATION_CONTEXT() REPRESENTATION_CONTEXT('2D SPACE',''
  ) );
#7919 = ORIENTED_EDGE('',*,*,#1368,.T.);
#7920 = ORIENTED_EDGE('',*,*,#7790,.F.);
#7921 = ORIENTED_EDGE('',*,*,#7922,.F.);
#7922 = EDGE_CURVE('',#7889,#7791,#7923,.T.);
#7923 = SURFACE_CURVE('',#7924,(#7933,#7945),.PCURVE_S1.);
#7924 = B_SPLINE_CURVE_WITH_KNOTS('',4,(#7925,#7926,#7927,#7928,#7929,
    #7930,#7931,#7932),.UNSPECIFIED.,.F.,.F.,(5,3,5),(0.,0.49949099814,
    1.),.UNSPECIFIED.);
#7925 = CARTESIAN_POINT('',(2.879457507178,7.997419862953,0.49));
#7926 = CARTESIAN_POINT('',(3.014815252914,7.948687925246,0.489996810526
    ));
#7927 = CARTESIAN_POINT('',(3.149071049697,7.896895817047,0.48999963623)
  );
#7928 = CARTESIAN_POINT('',(3.282124009234,7.842087759703,0.490001061519
    ));
#7929 = CARTESIAN_POINT('',(3.545891820119,7.7264101589,0.490001070202)
  );
#7930 = CARTESIAN_POINT('',(3.676601314408,7.665528506466,0.489999647788
    ));
#7931 = CARTESIAN_POINT('',(3.805901038764,7.601707215105,0.489996804025
    ));
#7932 = CARTESIAN_POINT('',(3.933689510975,7.53499083153,0.49));
#7933 = PCURVE('',#1389,#7934);
#7934 = DEFINITIONAL_REPRESENTATION('',(#7935),#7944);
#7935 = B_SPLINE_CURVE_WITH_KNOTS('',4,(#7936,#7937,#7938,#7939,#7940,
    #7941,#7942,#7943),.UNSPECIFIED.,.F.,.F.,(5,3,5),(0.,0.49949099814,
    1.),.UNSPECIFIED.);
#7936 = CARTESIAN_POINT('',(-1.225197979392,9.999999999999E-03));
#7937 = CARTESIAN_POINT('',(-1.208272937617,1.00031894744E-02));
#7938 = CARTESIAN_POINT('',(-1.191347924318,1.000036377034E-02));
#7939 = CARTESIAN_POINT('',(-1.174422892237,9.998938480631E-03));
#7940 = CARTESIAN_POINT('',(-1.140538336306,9.998929798488E-03));
#7941 = CARTESIAN_POINT('',(-1.123578809577,1.000035221222E-02));
#7942 = CARTESIAN_POINT('',(-1.106619301757,1.000319597481E-02));
#7943 = CARTESIAN_POINT('',(-1.089659765359,1.E-02));
#7944 = ( GEOMETRIC_REPRESENTATION_CONTEXT(2) 
PARAMETRIC_REPRESENTATION_CONTEXT() REPRESENTATION_CONTEXT('2D SPACE',''
  ) );
#7945 = PCURVE('',#7837,#7946);
#7946 = DEFINITIONAL_REPRESENTATION('',(#7947),#7956);
#7947 = B_SPLINE_CURVE_WITH_KNOTS('',4,(#7948,#7949,#7950,#7951,#7952,
    #7953,#7954,#7955),.UNSPECIFIED.,.F.,.F.,(5,3,5),(0.,0.49949099814,
    1.),.UNSPECIFIED.);
#7948 = CARTESIAN_POINT('',(8.166666666667E-02,0.));
#7949 = CARTESIAN_POINT('',(8.16661350876E-02,0.124872640083));
#7950 = CARTESIAN_POINT('',(8.166660603828E-02,0.24974547467));
#7951 = CARTESIAN_POINT('',(8.166684358656E-02,0.374618227163));
#7952 = CARTESIAN_POINT('',(8.166684503359E-02,0.624618270063));
#7953 = CARTESIAN_POINT('',(8.166660796463E-02,0.749745523242));
#7954 = CARTESIAN_POINT('',(8.16661340042E-02,0.874872859233));
#7955 = CARTESIAN_POINT('',(8.166666666667E-02,1.));
#7956 = ( GEOMETRIC_REPRESENTATION_CONTEXT(2) 
PARAMETRIC_REPRESENTATION_CONTEXT() REPRESENTATION_CONTEXT('2D SPACE',''
  ) );
#7957 = ADVANCED_FACE('',(#7958),#1352,.F.);
#7958 = FACE_BOUND('',#7959,.F.);
#7959 = EDGE_LOOP('',(#7960,#7961,#7981,#7982,#8014,#8034));
#7960 = ORIENTED_EDGE('',*,*,#1334,.F.);
#7961 = ORIENTED_EDGE('',*,*,#7962,.T.);
#7962 = EDGE_CURVE('',#1301,#3590,#7963,.T.);
#7963 = SURFACE_CURVE('',#7964,(#7967,#7974),.PCURVE_S1.);
#7964 = B_SPLINE_CURVE_WITH_KNOTS('',1,(#7965,#7966),.UNSPECIFIED.,.F.,
  .F.,(2,2),(0.,1.),.PIECEWISE_BEZIER_KNOTS.);
#7965 = CARTESIAN_POINT('',(2.822033916035,10.37297568573,0.));
#7966 = CARTESIAN_POINT('',(2.822033916035,10.37297568573,6.));
#7967 = PCURVE('',#1352,#7968);
#7968 = DEFINITIONAL_REPRESENTATION('',(#7969),#7973);
#7969 = LINE('',#7970,#7971);
#7970 = CARTESIAN_POINT('',(0.,0.));
#7971 = VECTOR('',#7972,1.);
#7972 = DIRECTION('',(1.,0.));
#7973 = ( GEOMETRIC_REPRESENTATION_CONTEXT(2) 
PARAMETRIC_REPRESENTATION_CONTEXT() REPRESENTATION_CONTEXT('2D SPACE',''
  ) );
#7974 = PCURVE('',#1318,#7975);
#7975 = DEFINITIONAL_REPRESENTATION('',(#7976),#7980);
#7976 = LINE('',#7977,#7978);
#7977 = CARTESIAN_POINT('',(0.,1.));
#7978 = VECTOR('',#7979,1.);
#7979 = DIRECTION('',(1.,0.));
#7980 = ( GEOMETRIC_REPRESENTATION_CONTEXT(2) 
PARAMETRIC_REPRESENTATION_CONTEXT() REPRESENTATION_CONTEXT('2D SPACE',''
  ) );
#7981 = ORIENTED_EDGE('',*,*,#3614,.T.);
#7982 = ORIENTED_EDGE('',*,*,#7983,.T.);
#7983 = EDGE_CURVE('',#3615,#7984,#7986,.T.);
#7984 = VERTEX_POINT('',#7985);
#7985 = CARTESIAN_POINT('',(2.879457507178,7.997419862953,5.51));
#7986 = SURFACE_CURVE('',#7987,(#7994,#8004),.PCURVE_S1.);
#7987 = B_SPLINE_CURVE_WITH_KNOTS('',5,(#7988,#7989,#7990,#7991,#7992,
    #7993),.UNSPECIFIED.,.F.,.F.,(6,6),(0.,1.),
  .PIECEWISE_BEZIER_KNOTS.);
#7988 = CARTESIAN_POINT('',(3.035564388923,8.462000286026,6.));
#7989 = CARTESIAN_POINT('',(3.015388309247,8.365384613423,5.902246091415
    ));
#7990 = CARTESIAN_POINT('',(2.989862792287,8.270421388974,5.804267139063
    ));
#7991 = CARTESIAN_POINT('',(2.958784480637,8.177321562825,5.706151962482
    ));
#7992 = CARTESIAN_POINT('',(2.922012447671,8.086271868431,5.608014345453
    ));
#7993 = CARTESIAN_POINT('',(2.879457507178,7.997419862953,5.51));
#7994 = PCURVE('',#1352,#7995);
#7995 = DEFINITIONAL_REPRESENTATION('',(#7996),#8003);
#7996 = B_SPLINE_CURVE_WITH_KNOTS('',5,(#7997,#7998,#7999,#8000,#8001,
    #8002),.UNSPECIFIED.,.F.,.F.,(6,6),(0.,1.),
  .PIECEWISE_BEZIER_KNOTS.);
#7997 = CARTESIAN_POINT('',(1.,0.799351420854));
#7998 = CARTESIAN_POINT('',(0.983707681903,0.840193197303));
#7999 = CARTESIAN_POINT('',(0.967377856511,0.880700166763));
#8000 = CARTESIAN_POINT('',(0.95102532708,0.920850114716));
#8001 = CARTESIAN_POINT('',(0.934669057575,0.960621599932));
#8002 = CARTESIAN_POINT('',(0.918333333333,1.));
#8003 = ( GEOMETRIC_REPRESENTATION_CONTEXT(2) 
PARAMETRIC_REPRESENTATION_CONTEXT() REPRESENTATION_CONTEXT('2D SPACE',''
  ) );
#8004 = PCURVE('',#3660,#8005);
#8005 = DEFINITIONAL_REPRESENTATION('',(#8006),#8013);
#8006 = B_SPLINE_CURVE_WITH_KNOTS('',5,(#8007,#8008,#8009,#8010,#8011,
    #8012),.UNSPECIFIED.,.F.,.F.,(6,6),(0.,1.),
  .PIECEWISE_BEZIER_KNOTS.);
#8007 = CARTESIAN_POINT('',(1.226366432319,-1.E-02));
#8008 = CARTESIAN_POINT('',(1.224850063208,-0.107753908585));
#8009 = CARTESIAN_POINT('',(1.223914636799,-0.205732860937));
#8010 = CARTESIAN_POINT('',(1.223620733153,-0.303848037518));
#8011 = CARTESIAN_POINT('',(1.224028648566,-0.401985654547));
#8012 = CARTESIAN_POINT('',(1.225197979392,-0.5));
#8013 = ( GEOMETRIC_REPRESENTATION_CONTEXT(2) 
PARAMETRIC_REPRESENTATION_CONTEXT() REPRESENTATION_CONTEXT('2D SPACE',''
  ) );
#8014 = ORIENTED_EDGE('',*,*,#8015,.F.);
#8015 = EDGE_CURVE('',#7889,#7984,#8016,.T.);
#8016 = SURFACE_CURVE('',#8017,(#8020,#8027),.PCURVE_S1.);
#8017 = B_SPLINE_CURVE_WITH_KNOTS('',1,(#8018,#8019),.UNSPECIFIED.,.F.,
  .F.,(2,2),(0.,1.),.PIECEWISE_BEZIER_KNOTS.);
#8018 = CARTESIAN_POINT('',(2.879457507178,7.997419862953,0.));
#8019 = CARTESIAN_POINT('',(2.879457507178,7.997419862953,6.));
#8020 = PCURVE('',#1352,#8021);
#8021 = DEFINITIONAL_REPRESENTATION('',(#8022),#8026);
#8022 = LINE('',#8023,#8024);
#8023 = CARTESIAN_POINT('',(0.,1.));
#8024 = VECTOR('',#8025,1.);
#8025 = DIRECTION('',(1.,0.));
#8026 = ( GEOMETRIC_REPRESENTATION_CONTEXT(2) 
PARAMETRIC_REPRESENTATION_CONTEXT() REPRESENTATION_CONTEXT('2D SPACE',''
  ) );
#8027 = PCURVE('',#7837,#8028);
#8028 = DEFINITIONAL_REPRESENTATION('',(#8029),#8033);
#8029 = LINE('',#8030,#8031);
#8030 = CARTESIAN_POINT('',(0.,0.));
#8031 = VECTOR('',#8032,1.);
#8032 = DIRECTION('',(1.,0.));
#8033 = ( GEOMETRIC_REPRESENTATION_CONTEXT(2) 
PARAMETRIC_REPRESENTATION_CONTEXT() REPRESENTATION_CONTEXT('2D SPACE',''
  ) );
#8034 = ORIENTED_EDGE('',*,*,#7888,.T.);
#8035 = ADVANCED_FACE('',(#8036),#1318,.F.);
#8036 = FACE_BOUND('',#8037,.F.);
#8037 = EDGE_LOOP('',(#8038,#8039,#8059,#8060));
#8038 = ORIENTED_EDGE('',*,*,#1300,.F.);
#8039 = ORIENTED_EDGE('',*,*,#8040,.T.);
#8040 = EDGE_CURVE('',#1267,#3565,#8041,.T.);
#8041 = SURFACE_CURVE('',#8042,(#8045,#8052),.PCURVE_S1.);
#8042 = B_SPLINE_CURVE_WITH_KNOTS('',1,(#8043,#8044),.UNSPECIFIED.,.F.,
  .F.,(2,2),(0.,1.),.PIECEWISE_BEZIER_KNOTS.);
#8043 = CARTESIAN_POINT('',(2.455085981493,10.465899522902,0.));
#8044 = CARTESIAN_POINT('',(2.455085981493,10.465899522902,6.));
#8045 = PCURVE('',#1318,#8046);
#8046 = DEFINITIONAL_REPRESENTATION('',(#8047),#8051);
#8047 = LINE('',#8048,#8049);
#8048 = CARTESIAN_POINT('',(0.,0.));
#8049 = VECTOR('',#8050,1.);
#8050 = DIRECTION('',(1.,0.));
#8051 = ( GEOMETRIC_REPRESENTATION_CONTEXT(2) 
PARAMETRIC_REPRESENTATION_CONTEXT() REPRESENTATION_CONTEXT('2D SPACE',''
  ) );
#8052 = PCURVE('',#1284,#8053);
#8053 = DEFINITIONAL_REPRESENTATION('',(#8054),#8058);
#8054 = LINE('',#8055,#8056);
#8055 = CARTESIAN_POINT('',(0.,1.));
#8056 = VECTOR('',#8057,1.);
#8057 = DIRECTION('',(1.,0.));
#8058 = ( GEOMETRIC_REPRESENTATION_CONTEXT(2) 
PARAMETRIC_REPRESENTATION_CONTEXT() REPRESENTATION_CONTEXT('2D SPACE',''
  ) );
#8059 = ORIENTED_EDGE('',*,*,#3589,.T.);
#8060 = ORIENTED_EDGE('',*,*,#7962,.F.);
#8061 = ADVANCED_FACE('',(#8062),#1284,.F.);
#8062 = FACE_BOUND('',#8063,.F.);
#8063 = EDGE_LOOP('',(#8064,#8065,#8097,#8128,#8158,#8159));
#8064 = ORIENTED_EDGE('',*,*,#1266,.F.);
#8065 = ORIENTED_EDGE('',*,*,#8066,.F.);
#8066 = EDGE_CURVE('',#8067,#1234,#8069,.T.);
#8067 = VERTEX_POINT('',#8068);
#8068 = CARTESIAN_POINT('',(1.273943839518,8.403991140747,0.49));
#8069 = SURFACE_CURVE('',#8070,(#8077,#8087),.PCURVE_S1.);
#8070 = B_SPLINE_CURVE_WITH_KNOTS('',5,(#8071,#8072,#8073,#8074,#8075,
    #8076),.UNSPECIFIED.,.F.,.F.,(6,6),(0.,1.),
  .PIECEWISE_BEZIER_KNOTS.);
#8071 = CARTESIAN_POINT('',(1.273943839518,8.403991140747,0.49));
#8072 = CARTESIAN_POINT('',(1.278806766745,8.502388060336,0.391985654507
    ));
#8073 = CARTESIAN_POINT('',(1.28980159366,8.599965429798,0.293848037516)
  );
#8074 = CARTESIAN_POINT('',(1.306779653871,8.696635924547,0.195732860938
    ));
#8075 = CARTESIAN_POINT('',(1.329528130843,8.792302391065,
    9.775390855047E-02));
#8076 = CARTESIAN_POINT('',(1.357767775858,8.886876091566,0.));
#8077 = PCURVE('',#1284,#8078);
#8078 = DEFINITIONAL_REPRESENTATION('',(#8079),#8086);
#8079 = B_SPLINE_CURVE_WITH_KNOTS('',5,(#8080,#8081,#8082,#8083,#8084,
    #8085),.UNSPECIFIED.,.F.,.F.,(6,6),(0.,1.),
  .PIECEWISE_BEZIER_KNOTS.);
#8080 = CARTESIAN_POINT('',(8.166666666667E-02,0.));
#8081 = CARTESIAN_POINT('',(6.53309424179E-02,3.937840008448E-02));
#8082 = CARTESIAN_POINT('',(4.897467291928E-02,7.914988528522E-02));
#8083 = CARTESIAN_POINT('',(3.26221434896E-02,0.119299833236));
#8084 = CARTESIAN_POINT('',(1.629231809175E-02,0.159806802711));
#8085 = CARTESIAN_POINT('',(0.,0.200648579146));
#8086 = ( GEOMETRIC_REPRESENTATION_CONTEXT(2) 
PARAMETRIC_REPRESENTATION_CONTEXT() REPRESENTATION_CONTEXT('2D SPACE',''
  ) );
#8087 = PCURVE('',#1254,#8088);
#8088 = DEFINITIONAL_REPRESENTATION('',(#8089),#8096);
#8089 = B_SPLINE_CURVE_WITH_KNOTS('',5,(#8090,#8091,#8092,#8093,#8094,
    #8095),.UNSPECIFIED.,.F.,.F.,(6,6),(0.,1.),
  .PIECEWISE_BEZIER_KNOTS.);
#8090 = CARTESIAN_POINT('',(-1.420353728894,9.999999999997E-03));
#8091 = CARTESIAN_POINT('',(-1.421523059721,0.108014345493));
#8092 = CARTESIAN_POINT('',(-1.421930975133,0.206151962484));
#8093 = CARTESIAN_POINT('',(-1.421637071488,0.304267139062));
#8094 = CARTESIAN_POINT('',(-1.420701645078,0.40224609145));
#8095 = CARTESIAN_POINT('',(-1.419185275967,0.5));
#8096 = ( GEOMETRIC_REPRESENTATION_CONTEXT(2) 
PARAMETRIC_REPRESENTATION_CONTEXT() REPRESENTATION_CONTEXT('2D SPACE',''
  ) );
#8097 = ORIENTED_EDGE('',*,*,#8098,.T.);
#8098 = EDGE_CURVE('',#8067,#8099,#8101,.T.);
#8099 = VERTEX_POINT('',#8100);
#8100 = CARTESIAN_POINT('',(1.273943839518,8.403991140747,5.51));
#8101 = SURFACE_CURVE('',#8102,(#8105,#8112),.PCURVE_S1.);
#8102 = B_SPLINE_CURVE_WITH_KNOTS('',1,(#8103,#8104),.UNSPECIFIED.,.F.,
  .F.,(2,2),(0.,1.),.PIECEWISE_BEZIER_KNOTS.);
#8103 = CARTESIAN_POINT('',(1.273943839518,8.403991140747,0.));
#8104 = CARTESIAN_POINT('',(1.273943839518,8.403991140747,6.));
#8105 = PCURVE('',#1284,#8106);
#8106 = DEFINITIONAL_REPRESENTATION('',(#8107),#8111);
#8107 = LINE('',#8108,#8109);
#8108 = CARTESIAN_POINT('',(0.,0.));
#8109 = VECTOR('',#8110,1.);
#8110 = DIRECTION('',(1.,0.));
#8111 = ( GEOMETRIC_REPRESENTATION_CONTEXT(2) 
PARAMETRIC_REPRESENTATION_CONTEXT() REPRESENTATION_CONTEXT('2D SPACE',''
  ) );
#8112 = PCURVE('',#8113,#8122);
#8113 = B_SPLINE_SURFACE_WITH_KNOTS('',1,3,(
    (#8114,#8115,#8116,#8117)
    ,(#8118,#8119,#8120,#8121
    )),.UNSPECIFIED.,.F.,.F.,.F.,(2,2),(4,4),(0.,1.),(0.,1.),
  .PIECEWISE_BEZIER_KNOTS.);
#8114 = CARTESIAN_POINT('',(0.126682572526,8.499055919678,0.));
#8115 = CARTESIAN_POINT('',(0.510665602291,8.493340980279,0.));
#8116 = CARTESIAN_POINT('',(0.894257189685,8.461555675132,0.));
#8117 = CARTESIAN_POINT('',(1.273943839518,8.403991140747,0.));
#8118 = CARTESIAN_POINT('',(0.126682572526,8.499055919678,6.));
#8119 = CARTESIAN_POINT('',(0.510665602291,8.493340980279,6.));
#8120 = CARTESIAN_POINT('',(0.894257189685,8.461555675132,6.));
#8121 = CARTESIAN_POINT('',(1.273943839518,8.403991140747,6.));
#8122 = DEFINITIONAL_REPRESENTATION('',(#8123),#8127);
#8123 = LINE('',#8124,#8125);
#8124 = CARTESIAN_POINT('',(0.,1.));
#8125 = VECTOR('',#8126,1.);
#8126 = DIRECTION('',(1.,0.));
#8127 = ( GEOMETRIC_REPRESENTATION_CONTEXT(2) 
PARAMETRIC_REPRESENTATION_CONTEXT() REPRESENTATION_CONTEXT('2D SPACE',''
  ) );
#8128 = ORIENTED_EDGE('',*,*,#8129,.T.);
#8129 = EDGE_CURVE('',#8099,#3532,#8130,.T.);
#8130 = SURFACE_CURVE('',#8131,(#8138,#8148),.PCURVE_S1.);
#8131 = B_SPLINE_CURVE_WITH_KNOTS('',5,(#8132,#8133,#8134,#8135,#8136,
    #8137),.UNSPECIFIED.,.F.,.F.,(6,6),(0.,1.),
  .PIECEWISE_BEZIER_KNOTS.);
#8132 = CARTESIAN_POINT('',(1.273943839518,8.403991140747,5.51));
#8133 = CARTESIAN_POINT('',(1.278806766745,8.502388060336,5.608014345493
    ));
#8134 = CARTESIAN_POINT('',(1.28980159366,8.599965429798,5.706151962484)
  );
#8135 = CARTESIAN_POINT('',(1.306779653871,8.696635924547,5.804267139062
    ));
#8136 = CARTESIAN_POINT('',(1.329528130843,8.792302391065,5.90224609145)
  );
#8137 = CARTESIAN_POINT('',(1.357767775858,8.886876091566,6.));
#8138 = PCURVE('',#1284,#8139);
#8139 = DEFINITIONAL_REPRESENTATION('',(#8140),#8147);
#8140 = B_SPLINE_CURVE_WITH_KNOTS('',5,(#8141,#8142,#8143,#8144,#8145,
    #8146),.UNSPECIFIED.,.F.,.F.,(6,6),(0.,1.),
  .PIECEWISE_BEZIER_KNOTS.);
#8141 = CARTESIAN_POINT('',(0.918333333333,0.));
#8142 = CARTESIAN_POINT('',(0.934669057582,3.937840008448E-02));
#8143 = CARTESIAN_POINT('',(0.951025327081,7.914988528522E-02));
#8144 = CARTESIAN_POINT('',(0.96737785651,0.119299833236));
#8145 = CARTESIAN_POINT('',(0.983707681908,0.159806802711));
#8146 = CARTESIAN_POINT('',(1.,0.200648579146));
#8147 = ( GEOMETRIC_REPRESENTATION_CONTEXT(2) 
PARAMETRIC_REPRESENTATION_CONTEXT() REPRESENTATION_CONTEXT('2D SPACE',''
  ) );
#8148 = PCURVE('',#3552,#8149);
#8149 = DEFINITIONAL_REPRESENTATION('',(#8150),#8157);
#8150 = B_SPLINE_CURVE_WITH_KNOTS('',5,(#8151,#8152,#8153,#8154,#8155,
    #8156),.UNSPECIFIED.,.F.,.F.,(6,6),(0.,1.),
  .PIECEWISE_BEZIER_KNOTS.);
#8151 = CARTESIAN_POINT('',(1.420353728894,-0.5));
#8152 = CARTESIAN_POINT('',(1.421523059721,-0.401985654507));
#8153 = CARTESIAN_POINT('',(1.421930975133,-0.303848037516));
#8154 = CARTESIAN_POINT('',(1.421637071488,-0.205732860938));
#8155 = CARTESIAN_POINT('',(1.420701645078,-0.10775390855));
#8156 = CARTESIAN_POINT('',(1.419185275967,-1.E-02));
#8157 = ( GEOMETRIC_REPRESENTATION_CONTEXT(2) 
PARAMETRIC_REPRESENTATION_CONTEXT() REPRESENTATION_CONTEXT('2D SPACE',''
  ) );
#8158 = ORIENTED_EDGE('',*,*,#3564,.T.);
#8159 = ORIENTED_EDGE('',*,*,#8040,.F.);
#8160 = ADVANCED_FACE('',(#8161),#1254,.F.);
#8161 = FACE_BOUND('',#8162,.T.);
#8162 = EDGE_LOOP('',(#8163,#8195,#8196,#8197));
#8163 = ORIENTED_EDGE('',*,*,#8164,.T.);
#8164 = EDGE_CURVE('',#8165,#1200,#8167,.T.);
#8165 = VERTEX_POINT('',#8166);
#8166 = CARTESIAN_POINT('',(0.126682572526,8.499055919678,0.49));
#8167 = SURFACE_CURVE('',#8168,(#8175,#8185),.PCURVE_S1.);
#8168 = B_SPLINE_CURVE_WITH_KNOTS('',5,(#8169,#8170,#8171,#8172,#8173,
    #8174),.UNSPECIFIED.,.F.,.F.,(6,6),(0.,1.),
  .PIECEWISE_BEZIER_KNOTS.);
#8169 = CARTESIAN_POINT('',(0.126682572526,8.499055919678,0.49));
#8170 = CARTESIAN_POINT('',(0.138081569952,8.59691124505,0.391985654507)
  );
#8171 = CARTESIAN_POINT('',(0.143297405293,8.694967475406,0.293848037516
    ));
#8172 = CARTESIAN_POINT('',(0.142462344169,8.793114007471,0.195732860938
    ));
#8173 = CARTESIAN_POINT('',(0.135770309633,8.891219984325,
    9.775390855046E-02));
#8174 = CARTESIAN_POINT('',(0.123482136053,8.989151915619,0.));
#8175 = PCURVE('',#1254,#8176);
#8176 = DEFINITIONAL_REPRESENTATION('',(#8177),#8184);
#8177 = B_SPLINE_CURVE_WITH_KNOTS('',5,(#8178,#8179,#8180,#8181,#8182,
    #8183),.UNSPECIFIED.,.F.,.F.,(6,6),(0.,1.),
  .PIECEWISE_BEZIER_KNOTS.);
#8178 = CARTESIAN_POINT('',(-1.555891942928,1.E-02));
#8179 = CARTESIAN_POINT('',(-1.554722612101,0.108014345493));
#8180 = CARTESIAN_POINT('',(-1.554314696689,0.206151962484));
#8181 = CARTESIAN_POINT('',(-1.554608600334,0.304267139062));
#8182 = CARTESIAN_POINT('',(-1.555544026744,0.40224609145));
#8183 = CARTESIAN_POINT('',(-1.557060395855,0.5));
#8184 = ( GEOMETRIC_REPRESENTATION_CONTEXT(2) 
PARAMETRIC_REPRESENTATION_CONTEXT() REPRESENTATION_CONTEXT('2D SPACE',''
  ) );
#8185 = PCURVE('',#1217,#8186);
#8186 = DEFINITIONAL_REPRESENTATION('',(#8187),#8194);
#8187 = B_SPLINE_CURVE_WITH_KNOTS('',5,(#8188,#8189,#8190,#8191,#8192,
    #8193),.UNSPECIFIED.,.F.,.F.,(6,6),(0.,1.),
  .PIECEWISE_BEZIER_KNOTS.);
#8188 = CARTESIAN_POINT('',(8.166666666667E-02,1.));
#8189 = CARTESIAN_POINT('',(6.53309424179E-02,0.960621599916));
#8190 = CARTESIAN_POINT('',(4.897467291928E-02,0.920850114715));
#8191 = CARTESIAN_POINT('',(3.262214348961E-02,0.880700166764));
#8192 = CARTESIAN_POINT('',(1.629231809174E-02,0.840193197289));
#8193 = CARTESIAN_POINT('',(0.,0.799351420854));
#8194 = ( GEOMETRIC_REPRESENTATION_CONTEXT(2) 
PARAMETRIC_REPRESENTATION_CONTEXT() REPRESENTATION_CONTEXT('2D SPACE',''
  ) );
#8195 = ORIENTED_EDGE('',*,*,#1233,.T.);
#8196 = ORIENTED_EDGE('',*,*,#8066,.F.);
#8197 = ORIENTED_EDGE('',*,*,#8198,.F.);
#8198 = EDGE_CURVE('',#8165,#8067,#8199,.T.);
#8199 = SURFACE_CURVE('',#8200,(#8209,#8221),.PCURVE_S1.);
#8200 = B_SPLINE_CURVE_WITH_KNOTS('',4,(#8201,#8202,#8203,#8204,#8205,
    #8206,#8207,#8208),.UNSPECIFIED.,.F.,.F.,(5,3,5),(0.,0.499491130247,
    1.),.UNSPECIFIED.);
#8201 = CARTESIAN_POINT('',(0.126682572526,8.499055919678,0.49));
#8202 = CARTESIAN_POINT('',(0.270529534592,8.4969150004,0.489996810525)
  );
#8203 = CARTESIAN_POINT('',(0.414327890048,8.491521915148,0.489999636231
    ));
#8204 = CARTESIAN_POINT('',(0.557967858272,8.482885730867,0.49000106152)
  );
#8205 = CARTESIAN_POINT('',(0.845004456766,8.459121124599,0.4900010702)
  );
#8206 = CARTESIAN_POINT('',(0.9883999523,8.443979513727,0.489999647786)
  );
#8207 = CARTESIAN_POINT('',(1.131416562494,8.425599791835,0.489996804026
    ));
#8208 = CARTESIAN_POINT('',(1.273943839518,8.403991140747,0.49));
#8209 = PCURVE('',#1254,#8210);
#8210 = DEFINITIONAL_REPRESENTATION('',(#8211),#8220);
#8211 = B_SPLINE_CURVE_WITH_KNOTS('',4,(#8212,#8213,#8214,#8215,#8216,
    #8217,#8218,#8219),.UNSPECIFIED.,.F.,.F.,(5,3,5),(0.,0.499491130247,
    1.),.UNSPECIFIED.);
#8212 = CARTESIAN_POINT('',(-1.555891942928,9.999999999998E-03));
#8213 = CARTESIAN_POINT('',(-1.538966896676,1.000318947524E-02));
#8214 = CARTESIAN_POINT('',(-1.522041878901,1.000036376884E-02));
#8215 = CARTESIAN_POINT('',(-1.505116842344,9.998938479503E-03));
#8216 = CARTESIAN_POINT('',(-1.471232286412,9.998929799613E-03));
#8217 = CARTESIAN_POINT('',(-1.454272764161,1.000035221371E-02));
#8218 = CARTESIAN_POINT('',(-1.437313260816,1.000319597396E-02));
#8219 = CARTESIAN_POINT('',(-1.420353728894,1.E-02));
#8220 = ( GEOMETRIC_REPRESENTATION_CONTEXT(2) 
PARAMETRIC_REPRESENTATION_CONTEXT() REPRESENTATION_CONTEXT('2D SPACE',''
  ) );
#8221 = PCURVE('',#8113,#8222);
#8222 = DEFINITIONAL_REPRESENTATION('',(#8223),#8232);
#8223 = B_SPLINE_CURVE_WITH_KNOTS('',4,(#8224,#8225,#8226,#8227,#8228,
    #8229,#8230,#8231),.UNSPECIFIED.,.F.,.F.,(5,3,5),(0.,0.499491130247,
    1.),.UNSPECIFIED.);
#8224 = CARTESIAN_POINT('',(8.166666666667E-02,0.));
#8225 = CARTESIAN_POINT('',(8.166613508746E-02,0.124872673109));
#8226 = CARTESIAN_POINT('',(8.166660603853E-02,0.249745540723));
#8227 = CARTESIAN_POINT('',(8.166684358675E-02,0.374618326242));
#8228 = CARTESIAN_POINT('',(8.16668450334E-02,0.624618369143));
#8229 = CARTESIAN_POINT('',(8.166660796438E-02,0.749745589295));
#8230 = CARTESIAN_POINT('',(8.166613400434E-02,0.87487289226));
#8231 = CARTESIAN_POINT('',(8.166666666667E-02,1.));
#8232 = ( GEOMETRIC_REPRESENTATION_CONTEXT(2) 
PARAMETRIC_REPRESENTATION_CONTEXT() REPRESENTATION_CONTEXT('2D SPACE',''
  ) );
#8233 = ADVANCED_FACE('',(#8234),#1217,.F.);
#8234 = FACE_BOUND('',#8235,.F.);
#8235 = EDGE_LOOP('',(#8236,#8237,#8257,#8258,#8290,#8310));
#8236 = ORIENTED_EDGE('',*,*,#1199,.F.);
#8237 = ORIENTED_EDGE('',*,*,#8238,.T.);
#8238 = EDGE_CURVE('',#1166,#3482,#8239,.T.);
#8239 = SURFACE_CURVE('',#8240,(#8243,#8250),.PCURVE_S1.);
#8240 = B_SPLINE_CURVE_WITH_KNOTS('',1,(#8241,#8242),.UNSPECIFIED.,.F.,
  .F.,(2,2),(0.,1.),.PIECEWISE_BEZIER_KNOTS.);
#8241 = CARTESIAN_POINT('',(-0.698971364779,10.727252165919,0.));
#8242 = CARTESIAN_POINT('',(-0.698971364779,10.727252165919,6.));
#8243 = PCURVE('',#1217,#8244);
#8244 = DEFINITIONAL_REPRESENTATION('',(#8245),#8249);
#8245 = LINE('',#8246,#8247);
#8246 = CARTESIAN_POINT('',(0.,0.));
#8247 = VECTOR('',#8248,1.);
#8248 = DIRECTION('',(1.,0.));
#8249 = ( GEOMETRIC_REPRESENTATION_CONTEXT(2) 
PARAMETRIC_REPRESENTATION_CONTEXT() REPRESENTATION_CONTEXT('2D SPACE',''
  ) );
#8250 = PCURVE('',#1183,#8251);
#8251 = DEFINITIONAL_REPRESENTATION('',(#8252),#8256);
#8252 = LINE('',#8253,#8254);
#8253 = CARTESIAN_POINT('',(0.,1.));
#8254 = VECTOR('',#8255,1.);
#8255 = DIRECTION('',(1.,0.));
#8256 = ( GEOMETRIC_REPRESENTATION_CONTEXT(2) 
PARAMETRIC_REPRESENTATION_CONTEXT() REPRESENTATION_CONTEXT('2D SPACE',''
  ) );
#8257 = ORIENTED_EDGE('',*,*,#3506,.T.);
#8258 = ORIENTED_EDGE('',*,*,#8259,.T.);
#8259 = EDGE_CURVE('',#3507,#8260,#8262,.T.);
#8260 = VERTEX_POINT('',#8261);
#8261 = CARTESIAN_POINT('',(0.126682572526,8.499055919678,5.51));
#8262 = SURFACE_CURVE('',#8263,(#8270,#8280),.PCURVE_S1.);
#8263 = B_SPLINE_CURVE_WITH_KNOTS('',5,(#8264,#8265,#8266,#8267,#8268,
    #8269),.UNSPECIFIED.,.F.,.F.,(6,6),(0.,1.),
  .PIECEWISE_BEZIER_KNOTS.);
#8264 = CARTESIAN_POINT('',(0.123482136053,8.989151915619,6.));
#8265 = CARTESIAN_POINT('',(0.135770309637,8.891219984291,5.902246091415
    ));
#8266 = CARTESIAN_POINT('',(0.142462344165,8.793114007472,5.804267139063
    ));
#8267 = CARTESIAN_POINT('',(0.143297405297,8.694967475404,5.706151962482
    ));
#8268 = CARTESIAN_POINT('',(0.138081569947,8.59691124501,5.608014345453)
  );
#8269 = CARTESIAN_POINT('',(0.126682572526,8.499055919678,5.51));
#8270 = PCURVE('',#1217,#8271);
#8271 = DEFINITIONAL_REPRESENTATION('',(#8272),#8279);
#8272 = B_SPLINE_CURVE_WITH_KNOTS('',5,(#8273,#8274,#8275,#8276,#8277,
    #8278),.UNSPECIFIED.,.F.,.F.,(6,6),(0.,1.),
  .PIECEWISE_BEZIER_KNOTS.);
#8273 = CARTESIAN_POINT('',(1.,0.799351420854));
#8274 = CARTESIAN_POINT('',(0.983707681903,0.840193197303));
#8275 = CARTESIAN_POINT('',(0.967377856511,0.880700166763));
#8276 = CARTESIAN_POINT('',(0.95102532708,0.920850114716));
#8277 = CARTESIAN_POINT('',(0.934669057575,0.960621599932));
#8278 = CARTESIAN_POINT('',(0.918333333333,1.));
#8279 = ( GEOMETRIC_REPRESENTATION_CONTEXT(2) 
PARAMETRIC_REPRESENTATION_CONTEXT() REPRESENTATION_CONTEXT('2D SPACE',''
  ) );
#8280 = PCURVE('',#3552,#8281);
#8281 = DEFINITIONAL_REPRESENTATION('',(#8282),#8289);
#8282 = B_SPLINE_CURVE_WITH_KNOTS('',5,(#8283,#8284,#8285,#8286,#8287,
    #8288),.UNSPECIFIED.,.F.,.F.,(6,6),(0.,1.),
  .PIECEWISE_BEZIER_KNOTS.);
#8283 = CARTESIAN_POINT('',(1.557060395855,-1.E-02));
#8284 = CARTESIAN_POINT('',(1.555544026744,-0.107753908585));
#8285 = CARTESIAN_POINT('',(1.554608600335,-0.205732860937));
#8286 = CARTESIAN_POINT('',(1.554314696689,-0.303848037518));
#8287 = CARTESIAN_POINT('',(1.554722612102,-0.401985654547));
#8288 = CARTESIAN_POINT('',(1.555891942928,-0.5));
#8289 = ( GEOMETRIC_REPRESENTATION_CONTEXT(2) 
PARAMETRIC_REPRESENTATION_CONTEXT() REPRESENTATION_CONTEXT('2D SPACE',''
  ) );
#8290 = ORIENTED_EDGE('',*,*,#8291,.F.);
#8291 = EDGE_CURVE('',#8165,#8260,#8292,.T.);
#8292 = SURFACE_CURVE('',#8293,(#8296,#8303),.PCURVE_S1.);
#8293 = B_SPLINE_CURVE_WITH_KNOTS('',1,(#8294,#8295),.UNSPECIFIED.,.F.,
  .F.,(2,2),(0.,1.),.PIECEWISE_BEZIER_KNOTS.);
#8294 = CARTESIAN_POINT('',(0.126682572526,8.499055919678,0.));
#8295 = CARTESIAN_POINT('',(0.126682572526,8.499055919678,6.));
#8296 = PCURVE('',#1217,#8297);
#8297 = DEFINITIONAL_REPRESENTATION('',(#8298),#8302);
#8298 = LINE('',#8299,#8300);
#8299 = CARTESIAN_POINT('',(0.,1.));
#8300 = VECTOR('',#8301,1.);
#8301 = DIRECTION('',(1.,0.));
#8302 = ( GEOMETRIC_REPRESENTATION_CONTEXT(2) 
PARAMETRIC_REPRESENTATION_CONTEXT() REPRESENTATION_CONTEXT('2D SPACE',''
  ) );
#8303 = PCURVE('',#8113,#8304);
#8304 = DEFINITIONAL_REPRESENTATION('',(#8305),#8309);
#8305 = LINE('',#8306,#8307);
#8306 = CARTESIAN_POINT('',(0.,0.));
#8307 = VECTOR('',#8308,1.);
#8308 = DIRECTION('',(1.,0.));
#8309 = ( GEOMETRIC_REPRESENTATION_CONTEXT(2) 
PARAMETRIC_REPRESENTATION_CONTEXT() REPRESENTATION_CONTEXT('2D SPACE',''
  ) );
#8310 = ORIENTED_EDGE('',*,*,#8164,.T.);
#8311 = ADVANCED_FACE('',(#8312),#1183,.F.);
#8312 = FACE_BOUND('',#8313,.F.);
#8313 = EDGE_LOOP('',(#8314,#8315,#8335,#8336));
#8314 = ORIENTED_EDGE('',*,*,#1165,.F.);
#8315 = ORIENTED_EDGE('',*,*,#8316,.T.);
#8316 = EDGE_CURVE('',#1132,#3457,#8317,.T.);
#8317 = SURFACE_CURVE('',#8318,(#8321,#8328),.PCURVE_S1.);
#8318 = B_SPLINE_CURVE_WITH_KNOTS('',1,(#8319,#8320),.UNSPECIFIED.,.F.,
  .F.,(2,2),(0.,1.),.PIECEWISE_BEZIER_KNOTS.);
#8319 = CARTESIAN_POINT('',(-1.076209368683,10.69599333371,0.));
#8320 = CARTESIAN_POINT('',(-1.076209368683,10.69599333371,6.));
#8321 = PCURVE('',#1183,#8322);
#8322 = DEFINITIONAL_REPRESENTATION('',(#8323),#8327);
#8323 = LINE('',#8324,#8325);
#8324 = CARTESIAN_POINT('',(0.,0.));
#8325 = VECTOR('',#8326,1.);
#8326 = DIRECTION('',(1.,0.));
#8327 = ( GEOMETRIC_REPRESENTATION_CONTEXT(2) 
PARAMETRIC_REPRESENTATION_CONTEXT() REPRESENTATION_CONTEXT('2D SPACE',''
  ) );
#8328 = PCURVE('',#1149,#8329);
#8329 = DEFINITIONAL_REPRESENTATION('',(#8330),#8334);
#8330 = LINE('',#8331,#8332);
#8331 = CARTESIAN_POINT('',(0.,1.));
#8332 = VECTOR('',#8333,1.);
#8333 = DIRECTION('',(1.,0.));
#8334 = ( GEOMETRIC_REPRESENTATION_CONTEXT(2) 
PARAMETRIC_REPRESENTATION_CONTEXT() REPRESENTATION_CONTEXT('2D SPACE',''
  ) );
#8335 = ORIENTED_EDGE('',*,*,#3481,.T.);
#8336 = ORIENTED_EDGE('',*,*,#8238,.F.);
#8337 = ADVANCED_FACE('',(#8338),#1149,.F.);
#8338 = FACE_BOUND('',#8339,.F.);
#8339 = EDGE_LOOP('',(#8340,#8341,#8373,#8404,#8434,#8435));
#8340 = ORIENTED_EDGE('',*,*,#1131,.F.);
#8341 = ORIENTED_EDGE('',*,*,#8342,.F.);
#8342 = EDGE_CURVE('',#8343,#1099,#8345,.T.);
#8343 = VERTEX_POINT('',#8344);
#8344 = CARTESIAN_POINT('',(-1.523853414227,8.362288608506,0.49));
#8345 = SURFACE_CURVE('',#8346,(#8353,#8363),.PCURVE_S1.);
#8346 = B_SPLINE_CURVE_WITH_KNOTS('',5,(#8347,#8348,#8349,#8350,#8351,
    #8352),.UNSPECIFIED.,.F.,.F.,(6,6),(0.,1.),
  .PIECEWISE_BEZIER_KNOTS.);
#8347 = CARTESIAN_POINT('',(-1.523853414227,8.362288608506,0.49));
#8348 = CARTESIAN_POINT('',(-1.551203401372,8.456933101473,
    0.391985654507));
#8349 = CARTESIAN_POINT('',(-1.572487624578,8.552793474373,
    0.293848037516));
#8350 = CARTESIAN_POINT('',(-1.587818340832,8.649738862209,
    0.195732860938));
#8351 = CARTESIAN_POINT('',(-1.597365289989,8.747608274093,
    9.775390855047E-02));
#8352 = CARTESIAN_POINT('',(-1.601363777187,8.846227108384,0.));
#8353 = PCURVE('',#1149,#8354);
#8354 = DEFINITIONAL_REPRESENTATION('',(#8355),#8362);
#8355 = B_SPLINE_CURVE_WITH_KNOTS('',5,(#8356,#8357,#8358,#8359,#8360,
    #8361),.UNSPECIFIED.,.F.,.F.,(6,6),(0.,1.),
  .PIECEWISE_BEZIER_KNOTS.);
#8356 = CARTESIAN_POINT('',(8.166666666667E-02,0.));
#8357 = CARTESIAN_POINT('',(6.53309424179E-02,3.937840008448E-02));
#8358 = CARTESIAN_POINT('',(4.897467291928E-02,7.914988528522E-02));
#8359 = CARTESIAN_POINT('',(3.26221434896E-02,0.119299833236));
#8360 = CARTESIAN_POINT('',(1.629231809175E-02,0.159806802711));
#8361 = CARTESIAN_POINT('',(0.,0.200648579146));
#8362 = ( GEOMETRIC_REPRESENTATION_CONTEXT(2) 
PARAMETRIC_REPRESENTATION_CONTEXT() REPRESENTATION_CONTEXT('2D SPACE',''
  ) );
#8363 = PCURVE('',#1119,#8364);
#8364 = DEFINITIONAL_REPRESENTATION('',(#8365),#8372);
#8365 = B_SPLINE_CURVE_WITH_KNOTS('',5,(#8366,#8367,#8368,#8369,#8370,
    #8371),.UNSPECIFIED.,.F.,.F.,(6,6),(0.,1.),
  .PIECEWISE_BEZIER_KNOTS.);
#8366 = CARTESIAN_POINT('',(-1.75104769243,1.E-02));
#8367 = CARTESIAN_POINT('',(-1.752217023256,0.108014345493));
#8368 = CARTESIAN_POINT('',(-1.752624938668,0.206151962484));
#8369 = CARTESIAN_POINT('',(-1.752331035024,0.304267139062));
#8370 = CARTESIAN_POINT('',(-1.751395608613,0.40224609145));
#8371 = CARTESIAN_POINT('',(-1.749879239503,0.5));
#8372 = ( GEOMETRIC_REPRESENTATION_CONTEXT(2) 
PARAMETRIC_REPRESENTATION_CONTEXT() REPRESENTATION_CONTEXT('2D SPACE',''
  ) );
#8373 = ORIENTED_EDGE('',*,*,#8374,.T.);
#8374 = EDGE_CURVE('',#8343,#8375,#8377,.T.);
#8375 = VERTEX_POINT('',#8376);
#8376 = CARTESIAN_POINT('',(-1.523853414227,8.362288608506,5.51));
#8377 = SURFACE_CURVE('',#8378,(#8381,#8388),.PCURVE_S1.);
#8378 = B_SPLINE_CURVE_WITH_KNOTS('',1,(#8379,#8380),.UNSPECIFIED.,.F.,
  .F.,(2,2),(0.,1.),.PIECEWISE_BEZIER_KNOTS.);
#8379 = CARTESIAN_POINT('',(-1.523853414227,8.362288608506,0.));
#8380 = CARTESIAN_POINT('',(-1.523853414227,8.362288608506,6.));
#8381 = PCURVE('',#1149,#8382);
#8382 = DEFINITIONAL_REPRESENTATION('',(#8383),#8387);
#8383 = LINE('',#8384,#8385);
#8384 = CARTESIAN_POINT('',(0.,0.));
#8385 = VECTOR('',#8386,1.);
#8386 = DIRECTION('',(1.,0.));
#8387 = ( GEOMETRIC_REPRESENTATION_CONTEXT(2) 
PARAMETRIC_REPRESENTATION_CONTEXT() REPRESENTATION_CONTEXT('2D SPACE',''
  ) );
#8388 = PCURVE('',#8389,#8398);
#8389 = B_SPLINE_SURFACE_WITH_KNOTS('',1,3,(
    (#8390,#8391,#8392,#8393)
    ,(#8394,#8395,#8396,#8397
    )),.UNSPECIFIED.,.F.,.F.,.F.,(2,2),(4,4),(0.,1.),(0.,1.),
  .PIECEWISE_BEZIER_KNOTS.);
#8390 = CARTESIAN_POINT('',(-2.639820384543,8.079687391066,0.));
#8391 = CARTESIAN_POINT('',(-2.27478697668,8.198961188796,0.));
#8392 = CARTESIAN_POINT('',(-1.901658767843,8.293450083972,0.));
#8393 = CARTESIAN_POINT('',(-1.523853414227,8.362288608506,0.));
#8394 = CARTESIAN_POINT('',(-2.639820384543,8.079687391066,6.));
#8395 = CARTESIAN_POINT('',(-2.27478697668,8.198961188796,6.));
#8396 = CARTESIAN_POINT('',(-1.901658767843,8.293450083972,6.));
#8397 = CARTESIAN_POINT('',(-1.523853414227,8.362288608506,6.));
#8398 = DEFINITIONAL_REPRESENTATION('',(#8399),#8403);
#8399 = LINE('',#8400,#8401);
#8400 = CARTESIAN_POINT('',(0.,1.));
#8401 = VECTOR('',#8402,1.);
#8402 = DIRECTION('',(1.,0.));
#8403 = ( GEOMETRIC_REPRESENTATION_CONTEXT(2) 
PARAMETRIC_REPRESENTATION_CONTEXT() REPRESENTATION_CONTEXT('2D SPACE',''
  ) );
#8404 = ORIENTED_EDGE('',*,*,#8405,.T.);
#8405 = EDGE_CURVE('',#8375,#3424,#8406,.T.);
#8406 = SURFACE_CURVE('',#8407,(#8414,#8424),.PCURVE_S1.);
#8407 = B_SPLINE_CURVE_WITH_KNOTS('',5,(#8408,#8409,#8410,#8411,#8412,
    #8413),.UNSPECIFIED.,.F.,.F.,(6,6),(0.,1.),
  .PIECEWISE_BEZIER_KNOTS.);
#8408 = CARTESIAN_POINT('',(-1.523853414227,8.362288608506,5.51));
#8409 = CARTESIAN_POINT('',(-1.551203401372,8.456933101473,
    5.608014345493));
#8410 = CARTESIAN_POINT('',(-1.572487624578,8.552793474373,
    5.706151962484));
#8411 = CARTESIAN_POINT('',(-1.587818340832,8.649738862209,
    5.804267139062));
#8412 = CARTESIAN_POINT('',(-1.597365289989,8.747608274093,5.90224609145
    ));
#8413 = CARTESIAN_POINT('',(-1.601363777187,8.846227108384,6.));
#8414 = PCURVE('',#1149,#8415);
#8415 = DEFINITIONAL_REPRESENTATION('',(#8416),#8423);
#8416 = B_SPLINE_CURVE_WITH_KNOTS('',5,(#8417,#8418,#8419,#8420,#8421,
    #8422),.UNSPECIFIED.,.F.,.F.,(6,6),(0.,1.),
  .PIECEWISE_BEZIER_KNOTS.);
#8417 = CARTESIAN_POINT('',(0.918333333333,0.));
#8418 = CARTESIAN_POINT('',(0.934669057582,3.937840008448E-02));
#8419 = CARTESIAN_POINT('',(0.951025327081,7.914988528522E-02));
#8420 = CARTESIAN_POINT('',(0.96737785651,0.119299833236));
#8421 = CARTESIAN_POINT('',(0.983707681908,0.159806802711));
#8422 = CARTESIAN_POINT('',(1.,0.200648579146));
#8423 = ( GEOMETRIC_REPRESENTATION_CONTEXT(2) 
PARAMETRIC_REPRESENTATION_CONTEXT() REPRESENTATION_CONTEXT('2D SPACE',''
  ) );
#8424 = PCURVE('',#3444,#8425);
#8425 = DEFINITIONAL_REPRESENTATION('',(#8426),#8433);
#8426 = B_SPLINE_CURVE_WITH_KNOTS('',5,(#8427,#8428,#8429,#8430,#8431,
    #8432),.UNSPECIFIED.,.F.,.F.,(6,6),(0.,1.),
  .PIECEWISE_BEZIER_KNOTS.);
#8427 = CARTESIAN_POINT('',(1.75104769243,-0.5));
#8428 = CARTESIAN_POINT('',(1.752217023256,-0.401985654507));
#8429 = CARTESIAN_POINT('',(1.752624938668,-0.303848037516));
#8430 = CARTESIAN_POINT('',(1.752331035024,-0.205732860938));
#8431 = CARTESIAN_POINT('',(1.751395608613,-0.10775390855));
#8432 = CARTESIAN_POINT('',(1.749879239503,-1.E-02));
#8433 = ( GEOMETRIC_REPRESENTATION_CONTEXT(2) 
PARAMETRIC_REPRESENTATION_CONTEXT() REPRESENTATION_CONTEXT('2D SPACE',''
  ) );
#8434 = ORIENTED_EDGE('',*,*,#3456,.T.);
#8435 = ORIENTED_EDGE('',*,*,#8316,.F.);
#8436 = ADVANCED_FACE('',(#8437),#1119,.F.);
#8437 = FACE_BOUND('',#8438,.T.);
#8438 = EDGE_LOOP('',(#8439,#8471,#8472,#8473));
#8439 = ORIENTED_EDGE('',*,*,#8440,.T.);
#8440 = EDGE_CURVE('',#8441,#1065,#8443,.T.);
#8441 = VERTEX_POINT('',#8442);
#8442 = CARTESIAN_POINT('',(-2.639820384543,8.079687391066,0.49));
#8443 = SURFACE_CURVE('',#8444,(#8451,#8461),.PCURVE_S1.);
#8444 = B_SPLINE_CURVE_WITH_KNOTS('',5,(#8445,#8446,#8447,#8448,#8449,
    #8450),.UNSPECIFIED.,.F.,.F.,(6,6),(0.,1.),
  .PIECEWISE_BEZIER_KNOTS.);
#8445 = CARTESIAN_POINT('',(-2.639820384543,8.079687391066,0.49));
#8446 = CARTESIAN_POINT('',(-2.660812588446,8.175941893408,
    0.391985654507));
#8447 = CARTESIAN_POINT('',(-2.6877181674,8.270378745702,0.293848037516)
  );
#8448 = CARTESIAN_POINT('',(-2.720376109474,8.362936284039,
    0.195732860938));
#8449 = CARTESIAN_POINT('',(-2.758560509731,8.453553708399,
    9.775390855047E-02));
#8450 = CARTESIAN_POINT('',(-2.80198132228,8.542189454091,0.));
#8451 = PCURVE('',#1119,#8452);
#8452 = DEFINITIONAL_REPRESENTATION('',(#8453),#8460);
#8453 = B_SPLINE_CURVE_WITH_KNOTS('',5,(#8454,#8455,#8456,#8457,#8458,
    #8459),.UNSPECIFIED.,.F.,.F.,(6,6),(0.,1.),
  .PIECEWISE_BEZIER_KNOTS.);
#8454 = CARTESIAN_POINT('',(-1.886585906463,1.E-02));
#8455 = CARTESIAN_POINT('',(-1.885416575637,0.108014345493));
#8456 = CARTESIAN_POINT('',(-1.885008660225,0.206151962484));
#8457 = CARTESIAN_POINT('',(-1.88530256387,0.304267139062));
#8458 = CARTESIAN_POINT('',(-1.88623799028,0.40224609145));
#8459 = CARTESIAN_POINT('',(-1.88775435939,0.5));
#8460 = ( GEOMETRIC_REPRESENTATION_CONTEXT(2) 
PARAMETRIC_REPRESENTATION_CONTEXT() REPRESENTATION_CONTEXT('2D SPACE',''
  ) );
#8461 = PCURVE('',#1082,#8462);
#8462 = DEFINITIONAL_REPRESENTATION('',(#8463),#8470);
#8463 = B_SPLINE_CURVE_WITH_KNOTS('',5,(#8464,#8465,#8466,#8467,#8468,
    #8469),.UNSPECIFIED.,.F.,.F.,(6,6),(0.,1.),
  .PIECEWISE_BEZIER_KNOTS.);
#8464 = CARTESIAN_POINT('',(8.166666666667E-02,1.));
#8465 = CARTESIAN_POINT('',(6.53309424179E-02,0.960621599916));
#8466 = CARTESIAN_POINT('',(4.897467291928E-02,0.920850114715));
#8467 = CARTESIAN_POINT('',(3.26221434896E-02,0.880700166764));
#8468 = CARTESIAN_POINT('',(1.629231809174E-02,0.840193197289));
#8469 = CARTESIAN_POINT('',(0.,0.799351420854));
#8470 = ( GEOMETRIC_REPRESENTATION_CONTEXT(2) 
PARAMETRIC_REPRESENTATION_CONTEXT() REPRESENTATION_CONTEXT('2D SPACE',''
  ) );
#8471 = ORIENTED_EDGE('',*,*,#1098,.T.);
#8472 = ORIENTED_EDGE('',*,*,#8342,.F.);
#8473 = ORIENTED_EDGE('',*,*,#8474,.F.);
#8474 = EDGE_CURVE('',#8441,#8343,#8475,.T.);
#8475 = SURFACE_CURVE('',#8476,(#8485,#8497),.PCURVE_S1.);
#8476 = B_SPLINE_CURVE_WITH_KNOTS('',4,(#8477,#8478,#8479,#8480,#8481,
    #8482,#8483,#8484),.UNSPECIFIED.,.F.,.F.,(5,3,5),(0.,0.499491056512,
    1.),.UNSPECIFIED.);
#8477 = CARTESIAN_POINT('',(-2.639820384543,8.079687391066,0.49));
#8478 = CARTESIAN_POINT('',(-2.503072312487,8.124369498333,
    0.489996810525));
#8479 = CARTESIAN_POINT('',(-2.365314237135,8.165959869322,0.48999963623
    ));
#8480 = CARTESIAN_POINT('',(-2.226652934876,8.204431434007,0.49000106152
    ));
#8481 = CARTESIAN_POINT('',(-1.947452416686,8.275155093619,
    0.490001070201));
#8482 = CARTESIAN_POINT('',(-1.806909991114,8.307394343963,
    0.489999647787));
#8483 = CARTESIAN_POINT('',(-1.66567450868,8.336447908271,0.489996804026
    ));
#8484 = CARTESIAN_POINT('',(-1.523853414227,8.362288608506,0.49));
#8485 = PCURVE('',#1119,#8486);
#8486 = DEFINITIONAL_REPRESENTATION('',(#8487),#8496);
#8487 = B_SPLINE_CURVE_WITH_KNOTS('',4,(#8488,#8489,#8490,#8491,#8492,
    #8493,#8494,#8495),.UNSPECIFIED.,.F.,.F.,(5,3,5),(0.,0.499491056512,
    1.),.UNSPECIFIED.);
#8488 = CARTESIAN_POINT('',(-1.886585906463,9.999999999998E-03));
#8489 = CARTESIAN_POINT('',(-1.869660862711,1.000318947477E-02));
#8490 = CARTESIAN_POINT('',(-1.852735847434,1.000036376968E-02));
#8491 = CARTESIAN_POINT('',(-1.835810813375,9.998938480134E-03));
#8492 = CARTESIAN_POINT('',(-1.801926257443,9.998929798986E-03));
#8493 = CARTESIAN_POINT('',(-1.784966732693,1.000035221286E-02));
#8494 = CARTESIAN_POINT('',(-1.76800722685,1.000319597444E-02));
#8495 = CARTESIAN_POINT('',(-1.75104769243,1.E-02));
#8496 = ( GEOMETRIC_REPRESENTATION_CONTEXT(2) 
PARAMETRIC_REPRESENTATION_CONTEXT() REPRESENTATION_CONTEXT('2D SPACE',''
  ) );
#8497 = PCURVE('',#8389,#8498);
#8498 = DEFINITIONAL_REPRESENTATION('',(#8499),#8508);
#8499 = B_SPLINE_CURVE_WITH_KNOTS('',4,(#8500,#8501,#8502,#8503,#8504,
    #8505,#8506,#8507),.UNSPECIFIED.,.F.,.F.,(5,3,5),(0.,0.499491056512,
    1.),.UNSPECIFIED.);
#8500 = CARTESIAN_POINT('',(8.166666666667E-02,0.));
#8501 = CARTESIAN_POINT('',(8.166613508754E-02,0.124872654676));
#8502 = CARTESIAN_POINT('',(8.166660603839E-02,0.249745503856));
#8503 = CARTESIAN_POINT('',(8.166684358664E-02,0.374618270941));
#8504 = CARTESIAN_POINT('',(8.16668450335E-02,0.624618313842));
#8505 = CARTESIAN_POINT('',(8.166660796452E-02,0.749745552428));
#8506 = CARTESIAN_POINT('',(8.166613400426E-02,0.874872873826));
#8507 = CARTESIAN_POINT('',(8.166666666667E-02,1.));
#8508 = ( GEOMETRIC_REPRESENTATION_CONTEXT(2) 
PARAMETRIC_REPRESENTATION_CONTEXT() REPRESENTATION_CONTEXT('2D SPACE',''
  ) );
#8509 = ADVANCED_FACE('',(#8510),#1082,.F.);
#8510 = FACE_BOUND('',#8511,.F.);
#8511 = EDGE_LOOP('',(#8512,#8513,#8533,#8534,#8566,#8586));
#8512 = ORIENTED_EDGE('',*,*,#1064,.F.);
#8513 = ORIENTED_EDGE('',*,*,#8514,.T.);
#8514 = EDGE_CURVE('',#1031,#3374,#8515,.T.);
#8515 = SURFACE_CURVE('',#8516,(#8519,#8526),.PCURVE_S1.);
#8516 = B_SPLINE_CURVE_WITH_KNOTS('',1,(#8517,#8518),.UNSPECIFIED.,.F.,
  .F.,(2,2),(0.,1.),.PIECEWISE_BEZIER_KNOTS.);
#8517 = CARTESIAN_POINT('',(-4.144232252562,9.919064423464,0.));
#8518 = CARTESIAN_POINT('',(-4.144232252562,9.919064423464,6.));
#8519 = PCURVE('',#1082,#8520);
#8520 = DEFINITIONAL_REPRESENTATION('',(#8521),#8525);
#8521 = LINE('',#8522,#8523);
#8522 = CARTESIAN_POINT('',(0.,0.));
#8523 = VECTOR('',#8524,1.);
#8524 = DIRECTION('',(1.,0.));
#8525 = ( GEOMETRIC_REPRESENTATION_CONTEXT(2) 
PARAMETRIC_REPRESENTATION_CONTEXT() REPRESENTATION_CONTEXT('2D SPACE',''
  ) );
#8526 = PCURVE('',#1048,#8527);
#8527 = DEFINITIONAL_REPRESENTATION('',(#8528),#8532);
#8528 = LINE('',#8529,#8530);
#8529 = CARTESIAN_POINT('',(0.,1.));
#8530 = VECTOR('',#8531,1.);
#8531 = DIRECTION('',(1.,0.));
#8532 = ( GEOMETRIC_REPRESENTATION_CONTEXT(2) 
PARAMETRIC_REPRESENTATION_CONTEXT() REPRESENTATION_CONTEXT('2D SPACE',''
  ) );
#8533 = ORIENTED_EDGE('',*,*,#3398,.T.);
#8534 = ORIENTED_EDGE('',*,*,#8535,.T.);
#8535 = EDGE_CURVE('',#3399,#8536,#8538,.T.);
#8536 = VERTEX_POINT('',#8537);
#8537 = CARTESIAN_POINT('',(-2.639820384543,8.079687391066,5.51));
#8538 = SURFACE_CURVE('',#8539,(#8546,#8556),.PCURVE_S1.);
#8539 = B_SPLINE_CURVE_WITH_KNOTS('',5,(#8540,#8541,#8542,#8543,#8544,
    #8545),.UNSPECIFIED.,.F.,.F.,(6,6),(0.,1.),
  .PIECEWISE_BEZIER_KNOTS.);
#8540 = CARTESIAN_POINT('',(-2.80198132228,8.542189454091,6.));
#8541 = CARTESIAN_POINT('',(-2.758560509716,8.453553708368,
    5.902246091415));
#8542 = CARTESIAN_POINT('',(-2.720376109478,8.362936284038,
    5.804267139063));
#8543 = CARTESIAN_POINT('',(-2.687718167394,8.270378745702,
    5.706151962482));
#8544 = CARTESIAN_POINT('',(-2.660812588437,8.175941893369,
    5.608014345453));
#8545 = CARTESIAN_POINT('',(-2.639820384543,8.079687391066,5.51));
#8546 = PCURVE('',#1082,#8547);
#8547 = DEFINITIONAL_REPRESENTATION('',(#8548),#8555);
#8548 = B_SPLINE_CURVE_WITH_KNOTS('',5,(#8549,#8550,#8551,#8552,#8553,
    #8554),.UNSPECIFIED.,.F.,.F.,(6,6),(0.,1.),
  .PIECEWISE_BEZIER_KNOTS.);
#8549 = CARTESIAN_POINT('',(1.,0.799351420854));
#8550 = CARTESIAN_POINT('',(0.983707681903,0.840193197303));
#8551 = CARTESIAN_POINT('',(0.967377856511,0.880700166763));
#8552 = CARTESIAN_POINT('',(0.95102532708,0.920850114716));
#8553 = CARTESIAN_POINT('',(0.934669057575,0.960621599932));
#8554 = CARTESIAN_POINT('',(0.918333333333,1.));
#8555 = ( GEOMETRIC_REPRESENTATION_CONTEXT(2) 
PARAMETRIC_REPRESENTATION_CONTEXT() REPRESENTATION_CONTEXT('2D SPACE',''
  ) );
#8556 = PCURVE('',#3444,#8557);
#8557 = DEFINITIONAL_REPRESENTATION('',(#8558),#8565);
#8558 = B_SPLINE_CURVE_WITH_KNOTS('',5,(#8559,#8560,#8561,#8562,#8563,
    #8564),.UNSPECIFIED.,.F.,.F.,(6,6),(0.,1.),
  .PIECEWISE_BEZIER_KNOTS.);
#8559 = CARTESIAN_POINT('',(1.88775435939,-1.E-02));
#8560 = CARTESIAN_POINT('',(1.886237990279,-0.107753908585));
#8561 = CARTESIAN_POINT('',(1.88530256387,-0.205732860937));
#8562 = CARTESIAN_POINT('',(1.885008660224,-0.303848037518));
#8563 = CARTESIAN_POINT('',(1.885416575638,-0.401985654547));
#8564 = CARTESIAN_POINT('',(1.886585906463,-0.5));
#8565 = ( GEOMETRIC_REPRESENTATION_CONTEXT(2) 
PARAMETRIC_REPRESENTATION_CONTEXT() REPRESENTATION_CONTEXT('2D SPACE',''
  ) );
#8566 = ORIENTED_EDGE('',*,*,#8567,.F.);
#8567 = EDGE_CURVE('',#8441,#8536,#8568,.T.);
#8568 = SURFACE_CURVE('',#8569,(#8572,#8579),.PCURVE_S1.);
#8569 = B_SPLINE_CURVE_WITH_KNOTS('',1,(#8570,#8571),.UNSPECIFIED.,.F.,
  .F.,(2,2),(0.,1.),.PIECEWISE_BEZIER_KNOTS.);
#8570 = CARTESIAN_POINT('',(-2.639820384543,8.079687391066,0.));
#8571 = CARTESIAN_POINT('',(-2.639820384543,8.079687391066,6.));
#8572 = PCURVE('',#1082,#8573);
#8573 = DEFINITIONAL_REPRESENTATION('',(#8574),#8578);
#8574 = LINE('',#8575,#8576);
#8575 = CARTESIAN_POINT('',(0.,1.));
#8576 = VECTOR('',#8577,1.);
#8577 = DIRECTION('',(1.,0.));
#8578 = ( GEOMETRIC_REPRESENTATION_CONTEXT(2) 
PARAMETRIC_REPRESENTATION_CONTEXT() REPRESENTATION_CONTEXT('2D SPACE',''
  ) );
#8579 = PCURVE('',#8389,#8580);
#8580 = DEFINITIONAL_REPRESENTATION('',(#8581),#8585);
#8581 = LINE('',#8582,#8583);
#8582 = CARTESIAN_POINT('',(0.,0.));
#8583 = VECTOR('',#8584,1.);
#8584 = DIRECTION('',(1.,0.));
#8585 = ( GEOMETRIC_REPRESENTATION_CONTEXT(2) 
PARAMETRIC_REPRESENTATION_CONTEXT() REPRESENTATION_CONTEXT('2D SPACE',''
  ) );
#8586 = ORIENTED_EDGE('',*,*,#8440,.T.);
#8587 = ADVANCED_FACE('',(#8588),#1048,.F.);
#8588 = FACE_BOUND('',#8589,.F.);
#8589 = EDGE_LOOP('',(#8590,#8591,#8611,#8612));
#8590 = ORIENTED_EDGE('',*,*,#1030,.F.);
#8591 = ORIENTED_EDGE('',*,*,#8592,.T.);
#8592 = EDGE_CURVE('',#997,#3349,#8593,.T.);
#8593 = SURFACE_CURVE('',#8594,(#8597,#8604),.PCURVE_S1.);
#8594 = B_SPLINE_CURVE_WITH_KNOTS('',1,(#8595,#8596),.UNSPECIFIED.,.F.,
  .F.,(2,2),(0.,1.),.PIECEWISE_BEZIER_KNOTS.);
#8595 = CARTESIAN_POINT('',(-4.490880734652,9.767010301373,0.));
#8596 = CARTESIAN_POINT('',(-4.490880734652,9.767010301373,6.));
#8597 = PCURVE('',#1048,#8598);
#8598 = DEFINITIONAL_REPRESENTATION('',(#8599),#8603);
#8599 = LINE('',#8600,#8601);
#8600 = CARTESIAN_POINT('',(0.,0.));
#8601 = VECTOR('',#8602,1.);
#8602 = DIRECTION('',(1.,0.));
#8603 = ( GEOMETRIC_REPRESENTATION_CONTEXT(2) 
PARAMETRIC_REPRESENTATION_CONTEXT() REPRESENTATION_CONTEXT('2D SPACE',''
  ) );
#8604 = PCURVE('',#1014,#8605);
#8605 = DEFINITIONAL_REPRESENTATION('',(#8606),#8610);
#8606 = LINE('',#8607,#8608);
#8607 = CARTESIAN_POINT('',(0.,1.));
#8608 = VECTOR('',#8609,1.);
#8609 = DIRECTION('',(1.,0.));
#8610 = ( GEOMETRIC_REPRESENTATION_CONTEXT(2) 
PARAMETRIC_REPRESENTATION_CONTEXT() REPRESENTATION_CONTEXT('2D SPACE',''
  ) );
#8611 = ORIENTED_EDGE('',*,*,#3373,.T.);
#8612 = ORIENTED_EDGE('',*,*,#8514,.F.);
#8613 = ADVANCED_FACE('',(#8614),#1014,.F.);
#8614 = FACE_BOUND('',#8615,.F.);
#8615 = EDGE_LOOP('',(#8616,#8617,#8649,#8680,#8710,#8711));
#8616 = ORIENTED_EDGE('',*,*,#996,.F.);
#8617 = ORIENTED_EDGE('',*,*,#8618,.F.);
#8618 = EDGE_CURVE('',#8619,#964,#8621,.T.);
#8619 = VERTEX_POINT('',#8620);
#8620 = CARTESIAN_POINT('',(-4.156517505519,7.414402351256,0.49));
#8621 = SURFACE_CURVE('',#8622,(#8629,#8639),.PCURVE_S1.);
#8622 = B_SPLINE_CURVE_WITH_KNOTS('',5,(#8623,#8624,#8625,#8626,#8627,
    #8628),.UNSPECIFIED.,.F.,.F.,(6,6),(0.,1.),
  .PIECEWISE_BEZIER_KNOTS.);
#8623 = CARTESIAN_POINT('',(-4.156517505519,7.414402351256,0.49));
#8624 = CARTESIAN_POINT('',(-4.21311661155,7.495038218228,0.391985654507
    ));
#8625 = CARTESIAN_POINT('',(-4.264373409033,7.578793635736,
    0.293848037516));
#8626 = CARTESIAN_POINT('',(-4.310351580766,7.665508379623,
    0.195732860938));
#8627 = CARTESIAN_POINT('',(-4.351159395974,7.754975067495,
    9.775390855047E-02));
#8628 = CARTESIAN_POINT('',(-4.386962717255,7.846952154653,0.));
#8629 = PCURVE('',#1014,#8630);
#8630 = DEFINITIONAL_REPRESENTATION('',(#8631),#8638);
#8631 = B_SPLINE_CURVE_WITH_KNOTS('',5,(#8632,#8633,#8634,#8635,#8636,
    #8637),.UNSPECIFIED.,.F.,.F.,(6,6),(0.,1.),
  .PIECEWISE_BEZIER_KNOTS.);
#8632 = CARTESIAN_POINT('',(8.166666666667E-02,0.));
#8633 = CARTESIAN_POINT('',(6.53309424179E-02,3.937840008448E-02));
#8634 = CARTESIAN_POINT('',(4.897467291928E-02,7.914988528522E-02));
#8635 = CARTESIAN_POINT('',(3.26221434896E-02,0.119299833236));
#8636 = CARTESIAN_POINT('',(1.629231809175E-02,0.159806802711));
#8637 = CARTESIAN_POINT('',(0.,0.200648579146));
#8638 = ( GEOMETRIC_REPRESENTATION_CONTEXT(2) 
PARAMETRIC_REPRESENTATION_CONTEXT() REPRESENTATION_CONTEXT('2D SPACE',''
  ) );
#8639 = PCURVE('',#984,#8640);
#8640 = DEFINITIONAL_REPRESENTATION('',(#8641),#8648);
#8641 = B_SPLINE_CURVE_WITH_KNOTS('',5,(#8642,#8643,#8644,#8645,#8646,
    #8647),.UNSPECIFIED.,.F.,.F.,(6,6),(0.,1.),
  .PIECEWISE_BEZIER_KNOTS.);
#8642 = CARTESIAN_POINT('',(-2.081741655966,9.999999999999E-03));
#8643 = CARTESIAN_POINT('',(-2.082910986792,0.108014345493));
#8644 = CARTESIAN_POINT('',(-2.083318902204,0.206151962484));
#8645 = CARTESIAN_POINT('',(-2.083024998559,0.304267139062));
#8646 = CARTESIAN_POINT('',(-2.082089572149,0.40224609145));
#8647 = CARTESIAN_POINT('',(-2.080573203039,0.5));
#8648 = ( GEOMETRIC_REPRESENTATION_CONTEXT(2) 
PARAMETRIC_REPRESENTATION_CONTEXT() REPRESENTATION_CONTEXT('2D SPACE',''
  ) );
#8649 = ORIENTED_EDGE('',*,*,#8650,.T.);
#8650 = EDGE_CURVE('',#8619,#8651,#8653,.T.);
#8651 = VERTEX_POINT('',#8652);
#8652 = CARTESIAN_POINT('',(-4.156517505519,7.414402351256,5.51));
#8653 = SURFACE_CURVE('',#8654,(#8657,#8664),.PCURVE_S1.);
#8654 = B_SPLINE_CURVE_WITH_KNOTS('',1,(#8655,#8656),.UNSPECIFIED.,.F.,
  .F.,(2,2),(0.,1.),.PIECEWISE_BEZIER_KNOTS.);
#8655 = CARTESIAN_POINT('',(-4.156517505519,7.414402351256,0.));
#8656 = CARTESIAN_POINT('',(-4.156517505519,7.414402351256,6.));
#8657 = PCURVE('',#1014,#8658);
#8658 = DEFINITIONAL_REPRESENTATION('',(#8659),#8663);
#8659 = LINE('',#8660,#8661);
#8660 = CARTESIAN_POINT('',(0.,0.));
#8661 = VECTOR('',#8662,1.);
#8662 = DIRECTION('',(1.,0.));
#8663 = ( GEOMETRIC_REPRESENTATION_CONTEXT(2) 
PARAMETRIC_REPRESENTATION_CONTEXT() REPRESENTATION_CONTEXT('2D SPACE',''
  ) );
#8664 = PCURVE('',#8665,#8674);
#8665 = B_SPLINE_SURFACE_WITH_KNOTS('',1,3,(
    (#8666,#8667,#8668,#8669)
    ,(#8670,#8671,#8672,#8673
    )),.UNSPECIFIED.,.F.,.F.,.F.,(2,2),(4,4),(0.,1.),(0.,1.),
  .PIECEWISE_BEZIER_KNOTS.);
#8666 = CARTESIAN_POINT('',(-5.120257841912,6.784759364365,0.));
#8667 = CARTESIAN_POINT('',(-4.813731089772,7.016096732516,0.));
#8668 = CARTESIAN_POINT('',(-4.491500490598,7.226620490078,0.));
#8669 = CARTESIAN_POINT('',(-4.156517505519,7.414402351256,0.));
#8670 = CARTESIAN_POINT('',(-5.120257841912,6.784759364365,6.));
#8671 = CARTESIAN_POINT('',(-4.813731089772,7.016096732516,6.));
#8672 = CARTESIAN_POINT('',(-4.491500490598,7.226620490078,6.));
#8673 = CARTESIAN_POINT('',(-4.156517505519,7.414402351256,6.));
#8674 = DEFINITIONAL_REPRESENTATION('',(#8675),#8679);
#8675 = LINE('',#8676,#8677);
#8676 = CARTESIAN_POINT('',(0.,1.));
#8677 = VECTOR('',#8678,1.);
#8678 = DIRECTION('',(1.,0.));
#8679 = ( GEOMETRIC_REPRESENTATION_CONTEXT(2) 
PARAMETRIC_REPRESENTATION_CONTEXT() REPRESENTATION_CONTEXT('2D SPACE',''
  ) );
#8680 = ORIENTED_EDGE('',*,*,#8681,.T.);
#8681 = EDGE_CURVE('',#8651,#3316,#8682,.T.);
#8682 = SURFACE_CURVE('',#8683,(#8690,#8700),.PCURVE_S1.);
#8683 = B_SPLINE_CURVE_WITH_KNOTS('',5,(#8684,#8685,#8686,#8687,#8688,
    #8689),.UNSPECIFIED.,.F.,.F.,(6,6),(0.,1.),
  .PIECEWISE_BEZIER_KNOTS.);
#8684 = CARTESIAN_POINT('',(-4.156517505519,7.414402351256,5.51));
#8685 = CARTESIAN_POINT('',(-4.21311661155,7.495038218228,5.608014345493
    ));
#8686 = CARTESIAN_POINT('',(-4.264373409033,7.578793635736,
    5.706151962484));
#8687 = CARTESIAN_POINT('',(-4.310351580766,7.665508379623,
    5.804267139062));
#8688 = CARTESIAN_POINT('',(-4.351159395974,7.754975067495,5.90224609145
    ));
#8689 = CARTESIAN_POINT('',(-4.386962717255,7.846952154653,6.));
#8690 = PCURVE('',#1014,#8691);
#8691 = DEFINITIONAL_REPRESENTATION('',(#8692),#8699);
#8692 = B_SPLINE_CURVE_WITH_KNOTS('',5,(#8693,#8694,#8695,#8696,#8697,
    #8698),.UNSPECIFIED.,.F.,.F.,(6,6),(0.,1.),
  .PIECEWISE_BEZIER_KNOTS.);
#8693 = CARTESIAN_POINT('',(0.918333333333,0.));
#8694 = CARTESIAN_POINT('',(0.934669057582,3.937840008448E-02));
#8695 = CARTESIAN_POINT('',(0.951025327081,7.914988528522E-02));
#8696 = CARTESIAN_POINT('',(0.96737785651,0.119299833236));
#8697 = CARTESIAN_POINT('',(0.983707681908,0.159806802711));
#8698 = CARTESIAN_POINT('',(1.,0.200648579146));
#8699 = ( GEOMETRIC_REPRESENTATION_CONTEXT(2) 
PARAMETRIC_REPRESENTATION_CONTEXT() REPRESENTATION_CONTEXT('2D SPACE',''
  ) );
#8700 = PCURVE('',#3336,#8701);
#8701 = DEFINITIONAL_REPRESENTATION('',(#8702),#8709);
#8702 = B_SPLINE_CURVE_WITH_KNOTS('',5,(#8703,#8704,#8705,#8706,#8707,
    #8708),.UNSPECIFIED.,.F.,.F.,(6,6),(0.,1.),
  .PIECEWISE_BEZIER_KNOTS.);
#8703 = CARTESIAN_POINT('',(2.081741655966,-0.5));
#8704 = CARTESIAN_POINT('',(2.082910986792,-0.401985654507));
#8705 = CARTESIAN_POINT('',(2.083318902204,-0.303848037516));
#8706 = CARTESIAN_POINT('',(2.083024998559,-0.205732860938));
#8707 = CARTESIAN_POINT('',(2.082089572149,-0.10775390855));
#8708 = CARTESIAN_POINT('',(2.080573203039,-1.E-02));
#8709 = ( GEOMETRIC_REPRESENTATION_CONTEXT(2) 
PARAMETRIC_REPRESENTATION_CONTEXT() REPRESENTATION_CONTEXT('2D SPACE',''
  ) );
#8710 = ORIENTED_EDGE('',*,*,#3348,.T.);
#8711 = ORIENTED_EDGE('',*,*,#8592,.F.);
#8712 = ADVANCED_FACE('',(#8713),#984,.F.);
#8713 = FACE_BOUND('',#8714,.T.);
#8714 = EDGE_LOOP('',(#8715,#8747,#8748,#8749));
#8715 = ORIENTED_EDGE('',*,*,#8716,.T.);
#8716 = EDGE_CURVE('',#8717,#930,#8719,.T.);
#8717 = VERTEX_POINT('',#8718);
#8718 = CARTESIAN_POINT('',(-5.120257841912,6.784759364365,0.49));
#8719 = SURFACE_CURVE('',#8720,(#8727,#8737),.PCURVE_S1.);
#8720 = B_SPLINE_CURVE_WITH_KNOTS('',5,(#8721,#8722,#8723,#8724,#8725,
    #8726),.UNSPECIFIED.,.F.,.F.,(6,6),(0.,1.),
  .PIECEWISE_BEZIER_KNOTS.);
#8721 = CARTESIAN_POINT('',(-5.120257841912,6.784759364365,0.49));
#8722 = CARTESIAN_POINT('',(-5.171366416124,6.868982374807,
    0.391985654507));
#8723 = CARTESIAN_POINT('',(-5.22747777241,6.949566150753,0.293848037516
    ));
#8724 = CARTESIAN_POINT('',(-5.288419600671,7.026504649904,
    0.195732860938));
#8725 = CARTESIAN_POINT('',(-5.353958494388,7.099813717768,
    9.775390855047E-02));
#8726 = CARTESIAN_POINT('',(-5.423806627125,7.169548219487,0.));
#8727 = PCURVE('',#984,#8728);
#8728 = DEFINITIONAL_REPRESENTATION('',(#8729),#8736);
#8729 = B_SPLINE_CURVE_WITH_KNOTS('',5,(#8730,#8731,#8732,#8733,#8734,
    #8735),.UNSPECIFIED.,.F.,.F.,(6,6),(0.,1.),
  .PIECEWISE_BEZIER_KNOTS.);
#8730 = CARTESIAN_POINT('',(-2.217279869999,1.E-02));
#8731 = CARTESIAN_POINT('',(-2.216110539173,0.108014345493));
#8732 = CARTESIAN_POINT('',(-2.215702623761,0.206151962484));
#8733 = CARTESIAN_POINT('',(-2.215996527406,0.304267139062));
#8734 = CARTESIAN_POINT('',(-2.216931953816,0.40224609145));
#8735 = CARTESIAN_POINT('',(-2.218448322926,0.5));
#8736 = ( GEOMETRIC_REPRESENTATION_CONTEXT(2) 
PARAMETRIC_REPRESENTATION_CONTEXT() REPRESENTATION_CONTEXT('2D SPACE',''
  ) );
#8737 = PCURVE('',#947,#8738);
#8738 = DEFINITIONAL_REPRESENTATION('',(#8739),#8746);
#8739 = B_SPLINE_CURVE_WITH_KNOTS('',5,(#8740,#8741,#8742,#8743,#8744,
    #8745),.UNSPECIFIED.,.F.,.F.,(6,6),(0.,1.),
  .PIECEWISE_BEZIER_KNOTS.);
#8740 = CARTESIAN_POINT('',(8.166666666667E-02,1.));
#8741 = CARTESIAN_POINT('',(6.53309424179E-02,0.960621599916));
#8742 = CARTESIAN_POINT('',(4.897467291928E-02,0.920850114715));
#8743 = CARTESIAN_POINT('',(3.26221434896E-02,0.880700166764));
#8744 = CARTESIAN_POINT('',(1.629231809175E-02,0.840193197289));
#8745 = CARTESIAN_POINT('',(0.,0.799351420854));
#8746 = ( GEOMETRIC_REPRESENTATION_CONTEXT(2) 
PARAMETRIC_REPRESENTATION_CONTEXT() REPRESENTATION_CONTEXT('2D SPACE',''
  ) );
#8747 = ORIENTED_EDGE('',*,*,#963,.T.);
#8748 = ORIENTED_EDGE('',*,*,#8618,.F.);
#8749 = ORIENTED_EDGE('',*,*,#8750,.F.);
#8750 = EDGE_CURVE('',#8717,#8619,#8751,.T.);
#8751 = SURFACE_CURVE('',#8752,(#8761,#8773),.PCURVE_S1.);
#8752 = B_SPLINE_CURVE_WITH_KNOTS('',4,(#8753,#8754,#8755,#8756,#8757,
    #8758,#8759,#8760),.UNSPECIFIED.,.F.,.F.,(5,3,5),(0.,0.499491081854,
    1.),.UNSPECIFIED.);
#8753 = CARTESIAN_POINT('',(-5.120257841912,6.784759364365,0.49));
#8754 = CARTESIAN_POINT('',(-5.00542740828,6.871422502622,0.489996810525
    ));
#8755 = CARTESIAN_POINT('',(-4.888637810787,6.95548937067,0.489999636231
    ));
#8756 = CARTESIAN_POINT('',(-4.769981250777,7.036899694968,0.49000106152
    ));
#8757 = CARTESIAN_POINT('',(-4.528872520977,7.194447610856,
    0.490001070201));
#8758 = CARTESIAN_POINT('',(-4.406413145184,7.270574096538,
    0.489999647787));
#8759 = CARTESIAN_POINT('',(-4.282263873872,7.343912540915,
    0.489996804026));
#8760 = CARTESIAN_POINT('',(-4.156517505519,7.414402351256,0.49));
#8761 = PCURVE('',#984,#8762);
#8762 = DEFINITIONAL_REPRESENTATION('',(#8763),#8772);
#8763 = B_SPLINE_CURVE_WITH_KNOTS('',4,(#8764,#8765,#8766,#8767,#8768,
    #8769,#8770,#8771),.UNSPECIFIED.,.F.,.F.,(5,3,5),(0.,0.499491081854,
    1.),.UNSPECIFIED.);
#8764 = CARTESIAN_POINT('',(-2.217279869999,9.999999999998E-03));
#8765 = CARTESIAN_POINT('',(-2.200354825388,1.000318947493E-02));
#8766 = CARTESIAN_POINT('',(-2.183429809252,1.000036376939E-02));
#8767 = CARTESIAN_POINT('',(-2.166504774334,9.998938479919E-03));
#8768 = CARTESIAN_POINT('',(-2.132620218403,9.998929799203E-03));
#8769 = CARTESIAN_POINT('',(-2.115660694512,1.000035221315E-02));
#8770 = CARTESIAN_POINT('',(-2.098701189528,1.000319597427E-02));
#8771 = CARTESIAN_POINT('',(-2.081741655966,9.999999999999E-03));
#8772 = ( GEOMETRIC_REPRESENTATION_CONTEXT(2) 
PARAMETRIC_REPRESENTATION_CONTEXT() REPRESENTATION_CONTEXT('2D SPACE',''
  ) );
#8773 = PCURVE('',#8665,#8774);
#8774 = DEFINITIONAL_REPRESENTATION('',(#8775),#8784);
#8775 = B_SPLINE_CURVE_WITH_KNOTS('',4,(#8776,#8777,#8778,#8779,#8780,
    #8781,#8782,#8783),.UNSPECIFIED.,.F.,.F.,(5,3,5),(0.,0.499491081854,
    1.),.UNSPECIFIED.);
#8776 = CARTESIAN_POINT('',(8.166666666667E-02,0.));
#8777 = CARTESIAN_POINT('',(8.166613508751E-02,0.124872661011));
#8778 = CARTESIAN_POINT('',(8.166660603844E-02,0.249745516527));
#8779 = CARTESIAN_POINT('',(8.166684358668E-02,0.374618289947));
#8780 = CARTESIAN_POINT('',(8.166684503347E-02,0.624618332848));
#8781 = CARTESIAN_POINT('',(8.166660796447E-02,0.749745565099));
#8782 = CARTESIAN_POINT('',(8.166613400429E-02,0.874872880162));
#8783 = CARTESIAN_POINT('',(8.166666666667E-02,1.));
#8784 = ( GEOMETRIC_REPRESENTATION_CONTEXT(2) 
PARAMETRIC_REPRESENTATION_CONTEXT() REPRESENTATION_CONTEXT('2D SPACE',''
  ) );
#8785 = ADVANCED_FACE('',(#8786),#947,.F.);
#8786 = FACE_BOUND('',#8787,.F.);
#8787 = EDGE_LOOP('',(#8788,#8789,#8809,#8810,#8842,#8862));
#8788 = ORIENTED_EDGE('',*,*,#929,.F.);
#8789 = ORIENTED_EDGE('',*,*,#8790,.T.);
#8790 = EDGE_CURVE('',#896,#3266,#8791,.T.);
#8791 = SURFACE_CURVE('',#8792,(#8795,#8802),.PCURVE_S1.);
#8792 = B_SPLINE_CURVE_WITH_KNOTS('',1,(#8793,#8794),.UNSPECIFIED.,.F.,
  .F.,(2,2),(0.,1.),.PIECEWISE_BEZIER_KNOTS.);
#8793 = CARTESIAN_POINT('',(-7.140401271391,8.035992140583,0.));
#8794 = CARTESIAN_POINT('',(-7.140401271391,8.035992140583,6.));
#8795 = PCURVE('',#947,#8796);
#8796 = DEFINITIONAL_REPRESENTATION('',(#8797),#8801);
#8797 = LINE('',#8798,#8799);
#8798 = CARTESIAN_POINT('',(0.,0.));
#8799 = VECTOR('',#8800,1.);
#8800 = DIRECTION('',(1.,0.));
#8801 = ( GEOMETRIC_REPRESENTATION_CONTEXT(2) 
PARAMETRIC_REPRESENTATION_CONTEXT() REPRESENTATION_CONTEXT('2D SPACE',''
  ) );
#8802 = PCURVE('',#913,#8803);
#8803 = DEFINITIONAL_REPRESENTATION('',(#8804),#8808);
#8804 = LINE('',#8805,#8806);
#8805 = CARTESIAN_POINT('',(0.,1.));
#8806 = VECTOR('',#8807,1.);
#8807 = DIRECTION('',(1.,0.));
#8808 = ( GEOMETRIC_REPRESENTATION_CONTEXT(2) 
PARAMETRIC_REPRESENTATION_CONTEXT() REPRESENTATION_CONTEXT('2D SPACE',''
  ) );
#8809 = ORIENTED_EDGE('',*,*,#3290,.T.);
#8810 = ORIENTED_EDGE('',*,*,#8811,.T.);
#8811 = EDGE_CURVE('',#3291,#8812,#8814,.T.);
#8812 = VERTEX_POINT('',#8813);
#8813 = CARTESIAN_POINT('',(-5.120257841912,6.784759364365,5.51));
#8814 = SURFACE_CURVE('',#8815,(#8822,#8832),.PCURVE_S1.);
#8815 = B_SPLINE_CURVE_WITH_KNOTS('',5,(#8816,#8817,#8818,#8819,#8820,
    #8821),.UNSPECIFIED.,.F.,.F.,(6,6),(0.,1.),
  .PIECEWISE_BEZIER_KNOTS.);
#8816 = CARTESIAN_POINT('',(-5.423806627125,7.169548219487,6.));
#8817 = CARTESIAN_POINT('',(-5.353958494364,7.099813717743,
    5.902246091415));
#8818 = CARTESIAN_POINT('',(-5.288419600675,7.026504649902,
    5.804267139063));
#8819 = CARTESIAN_POINT('',(-5.227477772405,6.949566150755,
    5.706151962482));
#8820 = CARTESIAN_POINT('',(-5.171366416103,6.868982374772,
    5.608014345453));
#8821 = CARTESIAN_POINT('',(-5.120257841912,6.784759364365,5.51));
#8822 = PCURVE('',#947,#8823);
#8823 = DEFINITIONAL_REPRESENTATION('',(#8824),#8831);
#8824 = B_SPLINE_CURVE_WITH_KNOTS('',5,(#8825,#8826,#8827,#8828,#8829,
    #8830),.UNSPECIFIED.,.F.,.F.,(6,6),(0.,1.),
  .PIECEWISE_BEZIER_KNOTS.);
#8825 = CARTESIAN_POINT('',(1.,0.799351420854));
#8826 = CARTESIAN_POINT('',(0.983707681903,0.840193197303));
#8827 = CARTESIAN_POINT('',(0.967377856511,0.880700166763));
#8828 = CARTESIAN_POINT('',(0.95102532708,0.920850114716));
#8829 = CARTESIAN_POINT('',(0.934669057575,0.960621599932));
#8830 = CARTESIAN_POINT('',(0.918333333333,1.));
#8831 = ( GEOMETRIC_REPRESENTATION_CONTEXT(2) 
PARAMETRIC_REPRESENTATION_CONTEXT() REPRESENTATION_CONTEXT('2D SPACE',''
  ) );
#8832 = PCURVE('',#3336,#8833);
#8833 = DEFINITIONAL_REPRESENTATION('',(#8834),#8841);
#8834 = B_SPLINE_CURVE_WITH_KNOTS('',5,(#8835,#8836,#8837,#8838,#8839,
    #8840),.UNSPECIFIED.,.F.,.F.,(6,6),(0.,1.),
  .PIECEWISE_BEZIER_KNOTS.);
#8835 = CARTESIAN_POINT('',(2.218448322926,-1.E-02));
#8836 = CARTESIAN_POINT('',(2.216931953815,-0.107753908585));
#8837 = CARTESIAN_POINT('',(2.215996527406,-0.205732860937));
#8838 = CARTESIAN_POINT('',(2.21570262376,-0.303848037518));
#8839 = CARTESIAN_POINT('',(2.216110539173,-0.401985654547));
#8840 = CARTESIAN_POINT('',(2.217279869999,-0.5));
#8841 = ( GEOMETRIC_REPRESENTATION_CONTEXT(2) 
PARAMETRIC_REPRESENTATION_CONTEXT() REPRESENTATION_CONTEXT('2D SPACE',''
  ) );
#8842 = ORIENTED_EDGE('',*,*,#8843,.F.);
#8843 = EDGE_CURVE('',#8717,#8812,#8844,.T.);
#8844 = SURFACE_CURVE('',#8845,(#8848,#8855),.PCURVE_S1.);
#8845 = B_SPLINE_CURVE_WITH_KNOTS('',1,(#8846,#8847),.UNSPECIFIED.,.F.,
  .F.,(2,2),(0.,1.),.PIECEWISE_BEZIER_KNOTS.);
#8846 = CARTESIAN_POINT('',(-5.120257841912,6.784759364365,0.));
#8847 = CARTESIAN_POINT('',(-5.120257841912,6.784759364365,6.));
#8848 = PCURVE('',#947,#8849);
#8849 = DEFINITIONAL_REPRESENTATION('',(#8850),#8854);
#8850 = LINE('',#8851,#8852);
#8851 = CARTESIAN_POINT('',(0.,1.));
#8852 = VECTOR('',#8853,1.);
#8853 = DIRECTION('',(1.,0.));
#8854 = ( GEOMETRIC_REPRESENTATION_CONTEXT(2) 
PARAMETRIC_REPRESENTATION_CONTEXT() REPRESENTATION_CONTEXT('2D SPACE',''
  ) );
#8855 = PCURVE('',#8665,#8856);
#8856 = DEFINITIONAL_REPRESENTATION('',(#8857),#8861);
#8857 = LINE('',#8858,#8859);
#8858 = CARTESIAN_POINT('',(0.,0.));
#8859 = VECTOR('',#8860,1.);
#8860 = DIRECTION('',(1.,0.));
#8861 = ( GEOMETRIC_REPRESENTATION_CONTEXT(2) 
PARAMETRIC_REPRESENTATION_CONTEXT() REPRESENTATION_CONTEXT('2D SPACE',''
  ) );
#8862 = ORIENTED_EDGE('',*,*,#8716,.T.);
#8863 = ADVANCED_FACE('',(#8864),#913,.F.);
#8864 = FACE_BOUND('',#8865,.F.);
#8865 = EDGE_LOOP('',(#8866,#8867,#8887,#8888));
#8866 = ORIENTED_EDGE('',*,*,#895,.F.);
#8867 = ORIENTED_EDGE('',*,*,#8868,.T.);
#8868 = EDGE_CURVE('',#862,#3241,#8869,.T.);
#8869 = SURFACE_CURVE('',#8870,(#8873,#8880),.PCURVE_S1.);
#8870 = B_SPLINE_CURVE_WITH_KNOTS('',1,(#8871,#8872),.UNSPECIFIED.,.F.,
  .F.,(2,2),(0.,1.),.PIECEWISE_BEZIER_KNOTS.);
#8871 = CARTESIAN_POINT('',(-7.418895489828,7.779620152103,0.));
#8872 = CARTESIAN_POINT('',(-7.418895489828,7.779620152103,6.));
#8873 = PCURVE('',#913,#8874);
#8874 = DEFINITIONAL_REPRESENTATION('',(#8875),#8879);
#8875 = LINE('',#8876,#8877);
#8876 = CARTESIAN_POINT('',(0.,0.));
#8877 = VECTOR('',#8878,1.);
#8878 = DIRECTION('',(1.,0.));
#8879 = ( GEOMETRIC_REPRESENTATION_CONTEXT(2) 
PARAMETRIC_REPRESENTATION_CONTEXT() REPRESENTATION_CONTEXT('2D SPACE',''
  ) );
#8880 = PCURVE('',#879,#8881);
#8881 = DEFINITIONAL_REPRESENTATION('',(#8882),#8886);
#8882 = LINE('',#8883,#8884);
#8883 = CARTESIAN_POINT('',(0.,1.));
#8884 = VECTOR('',#8885,1.);
#8885 = DIRECTION('',(1.,0.));
#8886 = ( GEOMETRIC_REPRESENTATION_CONTEXT(2) 
PARAMETRIC_REPRESENTATION_CONTEXT() REPRESENTATION_CONTEXT('2D SPACE',''
  ) );
#8887 = ORIENTED_EDGE('',*,*,#3265,.T.);
#8888 = ORIENTED_EDGE('',*,*,#8790,.F.);
#8889 = ADVANCED_FACE('',(#8890),#879,.F.);
#8890 = FACE_BOUND('',#8891,.F.);
#8891 = EDGE_LOOP('',(#8892,#8893,#8925,#8956,#8986,#8987));
#8892 = ORIENTED_EDGE('',*,*,#861,.F.);
#8893 = ORIENTED_EDGE('',*,*,#8894,.F.);
#8894 = EDGE_CURVE('',#8895,#829,#8897,.T.);
#8895 = VERTEX_POINT('',#8896);
#8896 = CARTESIAN_POINT('',(-6.338758430073,5.663050552942,0.49));
#8897 = SURFACE_CURVE('',#8898,(#8905,#8915),.PCURVE_S1.);
#8898 = B_SPLINE_CURVE_WITH_KNOTS('',5,(#8899,#8900,#8901,#8902,#8903,
    #8904),.UNSPECIFIED.,.F.,.F.,(6,6),(0.,1.),
  .PIECEWISE_BEZIER_KNOTS.);
#8899 = CARTESIAN_POINT('',(-6.338758430073,5.663050552942,0.49));
#8900 = CARTESIAN_POINT('',(-6.418473263627,5.720939646537,
    0.391985654507));
#8901 = CARTESIAN_POINT('',(-6.494148166048,5.783513909567,
    0.293848037516));
#8902 = CARTESIAN_POINT('',(-6.565791344927,5.850601121488,
    0.195732860938));
#8903 = CARTESIAN_POINT('',(-6.633437866211,5.921969981498,
    9.775390855048E-02));
#8904 = CARTESIAN_POINT('',(-6.697166176168,5.997338176958,0.));
#8905 = PCURVE('',#879,#8906);
#8906 = DEFINITIONAL_REPRESENTATION('',(#8907),#8914);
#8907 = B_SPLINE_CURVE_WITH_KNOTS('',5,(#8908,#8909,#8910,#8911,#8912,
    #8913),.UNSPECIFIED.,.F.,.F.,(6,6),(0.,1.),
  .PIECEWISE_BEZIER_KNOTS.);
#8908 = CARTESIAN_POINT('',(8.166666666667E-02,0.));
#8909 = CARTESIAN_POINT('',(6.53309424179E-02,3.937840008448E-02));
#8910 = CARTESIAN_POINT('',(4.897467291928E-02,7.914988528522E-02));
#8911 = CARTESIAN_POINT('',(3.26221434896E-02,0.119299833236));
#8912 = CARTESIAN_POINT('',(1.629231809175E-02,0.159806802711));
#8913 = CARTESIAN_POINT('',(0.,0.200648579146));
#8914 = ( GEOMETRIC_REPRESENTATION_CONTEXT(2) 
PARAMETRIC_REPRESENTATION_CONTEXT() REPRESENTATION_CONTEXT('2D SPACE',''
  ) );
#8915 = PCURVE('',#849,#8916);
#8916 = DEFINITIONAL_REPRESENTATION('',(#8917),#8924);
#8917 = B_SPLINE_CURVE_WITH_KNOTS('',5,(#8918,#8919,#8920,#8921,#8922,
    #8923),.UNSPECIFIED.,.F.,.F.,(6,6),(0.,1.),
  .PIECEWISE_BEZIER_KNOTS.);
#8918 = CARTESIAN_POINT('',(-2.412435619502,9.999999999996E-03));
#8919 = CARTESIAN_POINT('',(-2.413604950328,0.108014345493));
#8920 = CARTESIAN_POINT('',(-2.41401286574,0.206151962484));
#8921 = CARTESIAN_POINT('',(-2.413718962095,0.304267139062));
#8922 = CARTESIAN_POINT('',(-2.412783535685,0.40224609145));
#8923 = CARTESIAN_POINT('',(-2.411267166575,0.5));
#8924 = ( GEOMETRIC_REPRESENTATION_CONTEXT(2) 
PARAMETRIC_REPRESENTATION_CONTEXT() REPRESENTATION_CONTEXT('2D SPACE',''
  ) );
#8925 = ORIENTED_EDGE('',*,*,#8926,.T.);
#8926 = EDGE_CURVE('',#8895,#8927,#8929,.T.);
#8927 = VERTEX_POINT('',#8928);
#8928 = CARTESIAN_POINT('',(-6.338758430073,5.663050552942,5.51));
#8929 = SURFACE_CURVE('',#8930,(#8933,#8940),.PCURVE_S1.);
#8930 = B_SPLINE_CURVE_WITH_KNOTS('',1,(#8931,#8932),.UNSPECIFIED.,.F.,
  .F.,(2,2),(0.,1.),.PIECEWISE_BEZIER_KNOTS.);
#8931 = CARTESIAN_POINT('',(-6.338758430073,5.663050552942,0.));
#8932 = CARTESIAN_POINT('',(-6.338758430073,5.663050552942,6.));
#8933 = PCURVE('',#879,#8934);
#8934 = DEFINITIONAL_REPRESENTATION('',(#8935),#8939);
#8935 = LINE('',#8936,#8937);
#8936 = CARTESIAN_POINT('',(0.,0.));
#8937 = VECTOR('',#8938,1.);
#8938 = DIRECTION('',(1.,0.));
#8939 = ( GEOMETRIC_REPRESENTATION_CONTEXT(2) 
PARAMETRIC_REPRESENTATION_CONTEXT() REPRESENTATION_CONTEXT('2D SPACE',''
  ) );
#8940 = PCURVE('',#8941,#8950);
#8941 = B_SPLINE_SURFACE_WITH_KNOTS('',1,3,(
    (#8942,#8943,#8944,#8945)
    ,(#8946,#8947,#8948,#8949
    )),.UNSPECIFIED.,.F.,.F.,.F.,(2,2),(4,4),(0.,1.),(0.,1.),
  .PIECEWISE_BEZIER_KNOTS.);
#8942 = CARTESIAN_POINT('',(-7.045835913124,4.754597384146,0.));
#8943 = CARTESIAN_POINT('',(-6.831032746553,5.07292932931,0.));
#8944 = CARTESIAN_POINT('',(-6.594618442387,5.376674433513,0.));
#8945 = CARTESIAN_POINT('',(-6.338758430073,5.663050552942,0.));
#8946 = CARTESIAN_POINT('',(-7.045835913124,4.754597384146,6.));
#8947 = CARTESIAN_POINT('',(-6.831032746553,5.07292932931,6.));
#8948 = CARTESIAN_POINT('',(-6.594618442387,5.376674433513,6.));
#8949 = CARTESIAN_POINT('',(-6.338758430073,5.663050552942,6.));
#8950 = DEFINITIONAL_REPRESENTATION('',(#8951),#8955);
#8951 = LINE('',#8952,#8953);
#8952 = CARTESIAN_POINT('',(0.,1.));
#8953 = VECTOR('',#8954,1.);
#8954 = DIRECTION('',(1.,0.));
#8955 = ( GEOMETRIC_REPRESENTATION_CONTEXT(2) 
PARAMETRIC_REPRESENTATION_CONTEXT() REPRESENTATION_CONTEXT('2D SPACE',''
  ) );
#8956 = ORIENTED_EDGE('',*,*,#8957,.T.);
#8957 = EDGE_CURVE('',#8927,#3208,#8958,.T.);
#8958 = SURFACE_CURVE('',#8959,(#8966,#8976),.PCURVE_S1.);
#8959 = B_SPLINE_CURVE_WITH_KNOTS('',5,(#8960,#8961,#8962,#8963,#8964,
    #8965),.UNSPECIFIED.,.F.,.F.,(6,6),(0.,1.),
  .PIECEWISE_BEZIER_KNOTS.);
#8960 = CARTESIAN_POINT('',(-6.338758430073,5.663050552942,5.51));
#8961 = CARTESIAN_POINT('',(-6.418473263627,5.720939646537,
    5.608014345493));
#8962 = CARTESIAN_POINT('',(-6.494148166048,5.783513909567,
    5.706151962484));
#8963 = CARTESIAN_POINT('',(-6.565791344927,5.850601121488,
    5.804267139062));
#8964 = CARTESIAN_POINT('',(-6.633437866211,5.921969981498,5.90224609145
    ));
#8965 = CARTESIAN_POINT('',(-6.697166176168,5.997338176958,6.));
#8966 = PCURVE('',#879,#8967);
#8967 = DEFINITIONAL_REPRESENTATION('',(#8968),#8975);
#8968 = B_SPLINE_CURVE_WITH_KNOTS('',5,(#8969,#8970,#8971,#8972,#8973,
    #8974),.UNSPECIFIED.,.F.,.F.,(6,6),(0.,1.),
  .PIECEWISE_BEZIER_KNOTS.);
#8969 = CARTESIAN_POINT('',(0.918333333333,0.));
#8970 = CARTESIAN_POINT('',(0.934669057582,3.937840008448E-02));
#8971 = CARTESIAN_POINT('',(0.951025327081,7.914988528522E-02));
#8972 = CARTESIAN_POINT('',(0.96737785651,0.119299833236));
#8973 = CARTESIAN_POINT('',(0.983707681908,0.159806802711));
#8974 = CARTESIAN_POINT('',(1.,0.200648579146));
#8975 = ( GEOMETRIC_REPRESENTATION_CONTEXT(2) 
PARAMETRIC_REPRESENTATION_CONTEXT() REPRESENTATION_CONTEXT('2D SPACE',''
  ) );
#8976 = PCURVE('',#3228,#8977);
#8977 = DEFINITIONAL_REPRESENTATION('',(#8978),#8985);
#8978 = B_SPLINE_CURVE_WITH_KNOTS('',5,(#8979,#8980,#8981,#8982,#8983,
    #8984),.UNSPECIFIED.,.F.,.F.,(6,6),(0.,1.),
  .PIECEWISE_BEZIER_KNOTS.);
#8979 = CARTESIAN_POINT('',(2.412435619502,-0.5));
#8980 = CARTESIAN_POINT('',(2.413604950328,-0.401985654507));
#8981 = CARTESIAN_POINT('',(2.41401286574,-0.303848037516));
#8982 = CARTESIAN_POINT('',(2.413718962095,-0.205732860938));
#8983 = CARTESIAN_POINT('',(2.412783535685,-0.10775390855));
#8984 = CARTESIAN_POINT('',(2.411267166575,-1.E-02));
#8985 = ( GEOMETRIC_REPRESENTATION_CONTEXT(2) 
PARAMETRIC_REPRESENTATION_CONTEXT() REPRESENTATION_CONTEXT('2D SPACE',''
  ) );
#8986 = ORIENTED_EDGE('',*,*,#3240,.T.);
#8987 = ORIENTED_EDGE('',*,*,#8868,.F.);
#8988 = ADVANCED_FACE('',(#8989),#849,.F.);
#8989 = FACE_BOUND('',#8990,.T.);
#8990 = EDGE_LOOP('',(#8991,#9023,#9024,#9025));
#8991 = ORIENTED_EDGE('',*,*,#8992,.T.);
#8992 = EDGE_CURVE('',#8993,#795,#8995,.T.);
#8993 = VERTEX_POINT('',#8994);
#8994 = CARTESIAN_POINT('',(-7.045835913124,4.754597384146,0.49));
#8995 = SURFACE_CURVE('',#8996,(#9003,#9013),.PCURVE_S1.);
#8996 = B_SPLINE_CURVE_WITH_KNOTS('',5,(#8997,#8998,#8999,#9000,#9001,
    #9002),.UNSPECIFIED.,.F.,.F.,(6,6),(0.,1.),
  .PIECEWISE_BEZIER_KNOTS.);
#8997 = CARTESIAN_POINT('',(-7.045835913124,4.754597384146,0.49));
#8998 = CARTESIAN_POINT('',(-7.121522450598,4.817662032651,
    0.391985654507));
#8999 = CARTESIAN_POINT('',(-7.200759048104,4.875660229741,
    0.293848037516));
#9000 = CARTESIAN_POINT('',(-7.28338076985,4.9286422095,0.195732860938)
  );
#9001 = CARTESIAN_POINT('',(-7.369172000954,4.976698745856,
    9.775390855047E-02));
#9002 = CARTESIAN_POINT('',(-7.45787832489,5.019975188299,0.));
#9003 = PCURVE('',#849,#9004);
#9004 = DEFINITIONAL_REPRESENTATION('',(#9005),#9012);
#9005 = B_SPLINE_CURVE_WITH_KNOTS('',5,(#9006,#9007,#9008,#9009,#9010,
    #9011),.UNSPECIFIED.,.F.,.F.,(6,6),(0.,1.),
  .PIECEWISE_BEZIER_KNOTS.);
#9006 = CARTESIAN_POINT('',(-2.547973833535,1.E-02));
#9007 = CARTESIAN_POINT('',(-2.546804502709,0.108014345493));
#9008 = CARTESIAN_POINT('',(-2.546396587297,0.206151962484));
#9009 = CARTESIAN_POINT('',(-2.546690490941,0.304267139062));
#9010 = CARTESIAN_POINT('',(-2.547625917351,0.40224609145));
#9011 = CARTESIAN_POINT('',(-2.549142286462,0.5));
#9012 = ( GEOMETRIC_REPRESENTATION_CONTEXT(2) 
PARAMETRIC_REPRESENTATION_CONTEXT() REPRESENTATION_CONTEXT('2D SPACE',''
  ) );
#9013 = PCURVE('',#812,#9014);
#9014 = DEFINITIONAL_REPRESENTATION('',(#9015),#9022);
#9015 = B_SPLINE_CURVE_WITH_KNOTS('',5,(#9016,#9017,#9018,#9019,#9020,
    #9021),.UNSPECIFIED.,.F.,.F.,(6,6),(0.,1.),
  .PIECEWISE_BEZIER_KNOTS.);
#9016 = CARTESIAN_POINT('',(8.166666666667E-02,1.));
#9017 = CARTESIAN_POINT('',(6.53309424179E-02,0.960621599916));
#9018 = CARTESIAN_POINT('',(4.897467291928E-02,0.920850114715));
#9019 = CARTESIAN_POINT('',(3.26221434896E-02,0.880700166764));
#9020 = CARTESIAN_POINT('',(1.629231809175E-02,0.840193197289));
#9021 = CARTESIAN_POINT('',(0.,0.799351420854));
#9022 = ( GEOMETRIC_REPRESENTATION_CONTEXT(2) 
PARAMETRIC_REPRESENTATION_CONTEXT() REPRESENTATION_CONTEXT('2D SPACE',''
  ) );
#9023 = ORIENTED_EDGE('',*,*,#828,.T.);
#9024 = ORIENTED_EDGE('',*,*,#8894,.F.);
#9025 = ORIENTED_EDGE('',*,*,#9026,.F.);
#9026 = EDGE_CURVE('',#8993,#8895,#9027,.T.);
#9027 = SURFACE_CURVE('',#9028,(#9037,#9049),.PCURVE_S1.);
#9028 = B_SPLINE_CURVE_WITH_KNOTS('',4,(#9029,#9030,#9031,#9032,#9033,
    #9034,#9035,#9036),.UNSPECIFIED.,.F.,.F.,(5,3,5),(0.,0.499491105462,
    1.),.UNSPECIFIED.);
#9029 = CARTESIAN_POINT('',(-7.045835913124,4.754597384146,0.49));
#9030 = CARTESIAN_POINT('',(-6.965366780311,4.873850261015,
    0.489996810525));
#9031 = CARTESIAN_POINT('',(-6.882201628726,4.99128368005,0.489999636231
    ));
#9032 = CARTESIAN_POINT('',(-6.796408093211,5.106810695756,0.49000106152
    ));
#9033 = CARTESIAN_POINT('',(-6.619519023378,5.334110107018,
    0.490001070201));
#9034 = CARTESIAN_POINT('',(-6.5284130679,5.445874338576,0.489999647787)
  );
#9035 = CARTESIAN_POINT('',(-6.434803504811,5.555550300969,
    0.489996804026));
#9036 = CARTESIAN_POINT('',(-6.338758430073,5.663050552942,0.49));
#9037 = PCURVE('',#849,#9038);
#9038 = DEFINITIONAL_REPRESENTATION('',(#9039),#9048);
#9039 = B_SPLINE_CURVE_WITH_KNOTS('',4,(#9040,#9041,#9042,#9043,#9044,
    #9045,#9046,#9047),.UNSPECIFIED.,.F.,.F.,(5,3,5),(0.,0.499491105462,
    1.),.UNSPECIFIED.);
#9040 = CARTESIAN_POINT('',(-2.547973833535,9.999999999999E-03));
#9041 = CARTESIAN_POINT('',(-2.531048788124,1.000318947509E-02));
#9042 = CARTESIAN_POINT('',(-2.514123771188,1.000036376912E-02));
#9043 = CARTESIAN_POINT('',(-2.49719873547,9.998938479718E-03));
#9044 = CARTESIAN_POINT('',(-2.463314179539,9.998929799405E-03));
#9045 = CARTESIAN_POINT('',(-2.446354656447,1.000035221342E-02));
#9046 = CARTESIAN_POINT('',(-2.429395152263,1.000319597412E-02));
#9047 = CARTESIAN_POINT('',(-2.412435619502,1.E-02));
#9048 = ( GEOMETRIC_REPRESENTATION_CONTEXT(2) 
PARAMETRIC_REPRESENTATION_CONTEXT() REPRESENTATION_CONTEXT('2D SPACE',''
  ) );
#9049 = PCURVE('',#8941,#9050);
#9050 = DEFINITIONAL_REPRESENTATION('',(#9051),#9060);
#9051 = B_SPLINE_CURVE_WITH_KNOTS('',4,(#9052,#9053,#9054,#9055,#9056,
    #9057,#9058,#9059),.UNSPECIFIED.,.F.,.F.,(5,3,5),(0.,0.499491105462,
    1.),.UNSPECIFIED.);
#9052 = CARTESIAN_POINT('',(8.166666666667E-02,0.));
#9053 = CARTESIAN_POINT('',(8.166613508749E-02,0.124872666913));
#9054 = CARTESIAN_POINT('',(8.166660603848E-02,0.249745528331));
#9055 = CARTESIAN_POINT('',(8.166684358671E-02,0.374618307654));
#9056 = CARTESIAN_POINT('',(8.166684503343E-02,0.624618350554));
#9057 = CARTESIAN_POINT('',(8.166660796443E-02,0.749745576903));
#9058 = CARTESIAN_POINT('',(8.166613400431E-02,0.874872886064));
#9059 = CARTESIAN_POINT('',(8.166666666667E-02,1.));
#9060 = ( GEOMETRIC_REPRESENTATION_CONTEXT(2) 
PARAMETRIC_REPRESENTATION_CONTEXT() REPRESENTATION_CONTEXT('2D SPACE',''
  ) );
#9061 = ADVANCED_FACE('',(#9062),#812,.F.);
#9062 = FACE_BOUND('',#9063,.F.);
#9063 = EDGE_LOOP('',(#9064,#9065,#9085,#9086,#9118,#9138));
#9064 = ORIENTED_EDGE('',*,*,#794,.F.);
#9065 = ORIENTED_EDGE('',*,*,#9066,.T.);
#9066 = EDGE_CURVE('',#761,#3158,#9067,.T.);
#9067 = SURFACE_CURVE('',#9068,(#9071,#9078),.PCURVE_S1.);
#9068 = B_SPLINE_CURVE_WITH_KNOTS('',1,(#9069,#9070),.UNSPECIFIED.,.F.,
  .F.,(2,2),(0.,1.),.PIECEWISE_BEZIER_KNOTS.);
#9069 = CARTESIAN_POINT('',(-9.362797017723,5.282095418006,0.));
#9070 = CARTESIAN_POINT('',(-9.362797017723,5.282095418006,6.));
#9071 = PCURVE('',#812,#9072);
#9072 = DEFINITIONAL_REPRESENTATION('',(#9073),#9077);
#9073 = LINE('',#9074,#9075);
#9074 = CARTESIAN_POINT('',(0.,0.));
#9075 = VECTOR('',#9076,1.);
#9076 = DIRECTION('',(1.,0.));
#9077 = ( GEOMETRIC_REPRESENTATION_CONTEXT(2) 
PARAMETRIC_REPRESENTATION_CONTEXT() REPRESENTATION_CONTEXT('2D SPACE',''
  ) );
#9078 = PCURVE('',#778,#9079);
#9079 = DEFINITIONAL_REPRESENTATION('',(#9080),#9084);
#9080 = LINE('',#9081,#9082);
#9081 = CARTESIAN_POINT('',(0.,1.));
#9082 = VECTOR('',#9083,1.);
#9083 = DIRECTION('',(1.,0.));
#9084 = ( GEOMETRIC_REPRESENTATION_CONTEXT(2) 
PARAMETRIC_REPRESENTATION_CONTEXT() REPRESENTATION_CONTEXT('2D SPACE',''
  ) );
#9085 = ORIENTED_EDGE('',*,*,#3182,.T.);
#9086 = ORIENTED_EDGE('',*,*,#9087,.T.);
#9087 = EDGE_CURVE('',#3183,#9088,#9090,.T.);
#9088 = VERTEX_POINT('',#9089);
#9089 = CARTESIAN_POINT('',(-7.045835913124,4.754597384146,5.51));
#9090 = SURFACE_CURVE('',#9091,(#9098,#9108),.PCURVE_S1.);
#9091 = B_SPLINE_CURVE_WITH_KNOTS('',5,(#9092,#9093,#9094,#9095,#9096,
    #9097),.UNSPECIFIED.,.F.,.F.,(6,6),(0.,1.),
  .PIECEWISE_BEZIER_KNOTS.);
#9092 = CARTESIAN_POINT('',(-7.45787832489,5.019975188299,6.));
#9093 = CARTESIAN_POINT('',(-7.369172000923,4.976698745841,
    5.902246091415));
#9094 = CARTESIAN_POINT('',(-7.283380769853,4.928642209497,
    5.804267139063));
#9095 = CARTESIAN_POINT('',(-7.2007590481,4.875660229744,5.706151962482)
  );
#9096 = CARTESIAN_POINT('',(-7.121522450567,4.817662032626,
    5.608014345453));
#9097 = CARTESIAN_POINT('',(-7.045835913124,4.754597384146,5.51));
#9098 = PCURVE('',#812,#9099);
#9099 = DEFINITIONAL_REPRESENTATION('',(#9100),#9107);
#9100 = B_SPLINE_CURVE_WITH_KNOTS('',5,(#9101,#9102,#9103,#9104,#9105,
    #9106),.UNSPECIFIED.,.F.,.F.,(6,6),(0.,1.),
  .PIECEWISE_BEZIER_KNOTS.);
#9101 = CARTESIAN_POINT('',(1.,0.799351420854));
#9102 = CARTESIAN_POINT('',(0.983707681903,0.840193197303));
#9103 = CARTESIAN_POINT('',(0.967377856511,0.880700166763));
#9104 = CARTESIAN_POINT('',(0.95102532708,0.920850114716));
#9105 = CARTESIAN_POINT('',(0.934669057575,0.960621599932));
#9106 = CARTESIAN_POINT('',(0.918333333333,1.));
#9107 = ( GEOMETRIC_REPRESENTATION_CONTEXT(2) 
PARAMETRIC_REPRESENTATION_CONTEXT() REPRESENTATION_CONTEXT('2D SPACE',''
  ) );
#9108 = PCURVE('',#3228,#9109);
#9109 = DEFINITIONAL_REPRESENTATION('',(#9110),#9117);
#9110 = B_SPLINE_CURVE_WITH_KNOTS('',5,(#9111,#9112,#9113,#9114,#9115,
    #9116),.UNSPECIFIED.,.F.,.F.,(6,6),(0.,1.),
  .PIECEWISE_BEZIER_KNOTS.);
#9111 = CARTESIAN_POINT('',(2.549142286462,-1.E-02));
#9112 = CARTESIAN_POINT('',(2.547625917351,-0.107753908585));
#9113 = CARTESIAN_POINT('',(2.546690490942,-0.205732860937));
#9114 = CARTESIAN_POINT('',(2.546396587296,-0.303848037518));
#9115 = CARTESIAN_POINT('',(2.546804502709,-0.401985654547));
#9116 = CARTESIAN_POINT('',(2.547973833535,-0.5));
#9117 = ( GEOMETRIC_REPRESENTATION_CONTEXT(2) 
PARAMETRIC_REPRESENTATION_CONTEXT() REPRESENTATION_CONTEXT('2D SPACE',''
  ) );
#9118 = ORIENTED_EDGE('',*,*,#9119,.F.);
#9119 = EDGE_CURVE('',#8993,#9088,#9120,.T.);
#9120 = SURFACE_CURVE('',#9121,(#9124,#9131),.PCURVE_S1.);
#9121 = B_SPLINE_CURVE_WITH_KNOTS('',1,(#9122,#9123),.UNSPECIFIED.,.F.,
  .F.,(2,2),(0.,1.),.PIECEWISE_BEZIER_KNOTS.);
#9122 = CARTESIAN_POINT('',(-7.045835913124,4.754597384146,0.));
#9123 = CARTESIAN_POINT('',(-7.045835913124,4.754597384146,6.));
#9124 = PCURVE('',#812,#9125);
#9125 = DEFINITIONAL_REPRESENTATION('',(#9126),#9130);
#9126 = LINE('',#9127,#9128);
#9127 = CARTESIAN_POINT('',(0.,1.));
#9128 = VECTOR('',#9129,1.);
#9129 = DIRECTION('',(1.,0.));
#9130 = ( GEOMETRIC_REPRESENTATION_CONTEXT(2) 
PARAMETRIC_REPRESENTATION_CONTEXT() REPRESENTATION_CONTEXT('2D SPACE',''
  ) );
#9131 = PCURVE('',#8941,#9132);
#9132 = DEFINITIONAL_REPRESENTATION('',(#9133),#9137);
#9133 = LINE('',#9134,#9135);
#9134 = CARTESIAN_POINT('',(0.,0.));
#9135 = VECTOR('',#9136,1.);
#9136 = DIRECTION('',(1.,0.));
#9137 = ( GEOMETRIC_REPRESENTATION_CONTEXT(2) 
PARAMETRIC_REPRESENTATION_CONTEXT() REPRESENTATION_CONTEXT('2D SPACE',''
  ) );
#9138 = ORIENTED_EDGE('',*,*,#8992,.T.);
#9139 = ADVANCED_FACE('',(#9140),#778,.F.);
#9140 = FACE_BOUND('',#9141,.F.);
#9141 = EDGE_LOOP('',(#9142,#9143,#9163,#9164));
#9142 = ORIENTED_EDGE('',*,*,#760,.F.);
#9143 = ORIENTED_EDGE('',*,*,#9144,.T.);
#9144 = EDGE_CURVE('',#727,#3133,#9145,.T.);
#9145 = SURFACE_CURVE('',#9146,(#9149,#9156),.PCURVE_S1.);
#9146 = B_SPLINE_CURVE_WITH_KNOTS('',1,(#9147,#9148),.UNSPECIFIED.,.F.,
  .F.,(2,2),(0.,1.),.PIECEWISE_BEZIER_KNOTS.);
#9147 = CARTESIAN_POINT('',(-9.542957802656,4.949187446109,0.));
#9148 = CARTESIAN_POINT('',(-9.542957802656,4.949187446109,6.));
#9149 = PCURVE('',#778,#9150);
#9150 = DEFINITIONAL_REPRESENTATION('',(#9151),#9155);
#9151 = LINE('',#9152,#9153);
#9152 = CARTESIAN_POINT('',(0.,0.));
#9153 = VECTOR('',#9154,1.);
#9154 = DIRECTION('',(1.,0.));
#9155 = ( GEOMETRIC_REPRESENTATION_CONTEXT(2) 
PARAMETRIC_REPRESENTATION_CONTEXT() REPRESENTATION_CONTEXT('2D SPACE',''
  ) );
#9156 = PCURVE('',#744,#9157);
#9157 = DEFINITIONAL_REPRESENTATION('',(#9158),#9162);
#9158 = LINE('',#9159,#9160);
#9159 = CARTESIAN_POINT('',(0.,1.));
#9160 = VECTOR('',#9161,1.);
#9161 = DIRECTION('',(1.,0.));
#9162 = ( GEOMETRIC_REPRESENTATION_CONTEXT(2) 
PARAMETRIC_REPRESENTATION_CONTEXT() REPRESENTATION_CONTEXT('2D SPACE',''
  ) );
#9163 = ORIENTED_EDGE('',*,*,#3157,.T.);
#9164 = ORIENTED_EDGE('',*,*,#9066,.F.);
#9165 = ADVANCED_FACE('',(#9166),#744,.F.);
#9166 = FACE_BOUND('',#9167,.F.);
#9167 = EDGE_LOOP('',(#9168,#9169,#9201,#9232,#9262,#9263));
#9168 = ORIENTED_EDGE('',*,*,#726,.F.);
#9169 = ORIENTED_EDGE('',*,*,#9170,.F.);
#9170 = EDGE_CURVE('',#9171,#694,#9173,.T.);
#9171 = VERTEX_POINT('',#9172);
#9172 = CARTESIAN_POINT('',(-7.834096522758,3.298019355933,0.49));
#9173 = SURFACE_CURVE('',#9174,(#9181,#9191),.PCURVE_S1.);
#9174 = B_SPLINE_CURVE_WITH_KNOTS('',5,(#9175,#9176,#9177,#9178,#9179,
    #9180),.UNSPECIFIED.,.F.,.F.,(6,6),(0.,1.),
  .PIECEWISE_BEZIER_KNOTS.);
#9175 = CARTESIAN_POINT('',(-7.834096522758,3.298019355933,0.49));
#9176 = CARTESIAN_POINT('',(-7.928288744716,3.32688849462,0.391985654507
    ));
#9177 = CARTESIAN_POINT('',(-8.020181202181,3.361500710831,
    0.293848037516));
#9178 = CARTESIAN_POINT('',(-8.109725738117,3.40169045041,0.195732860938
    ));
#9179 = CARTESIAN_POINT('',(-8.19688041525,3.447227559173,
    9.775390855047E-02));
#9180 = CARTESIAN_POINT('',(-8.281627762653,3.497819549499,0.));
#9181 = PCURVE('',#744,#9182);
#9182 = DEFINITIONAL_REPRESENTATION('',(#9183),#9190);
#9183 = B_SPLINE_CURVE_WITH_KNOTS('',5,(#9184,#9185,#9186,#9187,#9188,
    #9189),.UNSPECIFIED.,.F.,.F.,(6,6),(0.,1.),
  .PIECEWISE_BEZIER_KNOTS.);
#9184 = CARTESIAN_POINT('',(8.166666666667E-02,0.));
#9185 = CARTESIAN_POINT('',(6.53309424179E-02,3.937840008448E-02));
#9186 = CARTESIAN_POINT('',(4.897467291928E-02,7.914988528522E-02));
#9187 = CARTESIAN_POINT('',(3.26221434896E-02,0.119299833236));
#9188 = CARTESIAN_POINT('',(1.629231809175E-02,0.159806802711));
#9189 = CARTESIAN_POINT('',(0.,0.200648579146));
#9190 = ( GEOMETRIC_REPRESENTATION_CONTEXT(2) 
PARAMETRIC_REPRESENTATION_CONTEXT() REPRESENTATION_CONTEXT('2D SPACE',''
  ) );
#9191 = PCURVE('',#714,#9192);
#9192 = DEFINITIONAL_REPRESENTATION('',(#9193),#9200);
#9193 = B_SPLINE_CURVE_WITH_KNOTS('',5,(#9194,#9195,#9196,#9197,#9198,
    #9199),.UNSPECIFIED.,.F.,.F.,(6,6),(0.,1.),
  .PIECEWISE_BEZIER_KNOTS.);
#9194 = CARTESIAN_POINT('',(-2.743129583037,1.E-02));
#9195 = CARTESIAN_POINT('',(-2.744298913864,0.108014345493));
#9196 = CARTESIAN_POINT('',(-2.744706829276,0.206151962484));
#9197 = CARTESIAN_POINT('',(-2.744412925631,0.304267139062));
#9198 = CARTESIAN_POINT('',(-2.743477499221,0.40224609145));
#9199 = CARTESIAN_POINT('',(-2.74196113011,0.5));
#9200 = ( GEOMETRIC_REPRESENTATION_CONTEXT(2) 
PARAMETRIC_REPRESENTATION_CONTEXT() REPRESENTATION_CONTEXT('2D SPACE',''
  ) );
#9201 = ORIENTED_EDGE('',*,*,#9202,.T.);
#9202 = EDGE_CURVE('',#9171,#9203,#9205,.T.);
#9203 = VERTEX_POINT('',#9204);
#9204 = CARTESIAN_POINT('',(-7.834096522758,3.298019355933,5.51));
#9205 = SURFACE_CURVE('',#9206,(#9209,#9216),.PCURVE_S1.);
#9206 = B_SPLINE_CURVE_WITH_KNOTS('',1,(#9207,#9208),.UNSPECIFIED.,.F.,
  .F.,(2,2),(0.,1.),.PIECEWISE_BEZIER_KNOTS.);
#9207 = CARTESIAN_POINT('',(-7.834096522758,3.298019355933,0.));
#9208 = CARTESIAN_POINT('',(-7.834096522758,3.298019355933,6.));
#9209 = PCURVE('',#744,#9210);
#9210 = DEFINITIONAL_REPRESENTATION('',(#9211),#9215);
#9211 = LINE('',#9212,#9213);
#9212 = CARTESIAN_POINT('',(0.,0.));
#9213 = VECTOR('',#9214,1.);
#9214 = DIRECTION('',(1.,0.));
#9215 = ( GEOMETRIC_REPRESENTATION_CONTEXT(2) 
PARAMETRIC_REPRESENTATION_CONTEXT() REPRESENTATION_CONTEXT('2D SPACE',''
  ) );
#9216 = PCURVE('',#9217,#9226);
#9217 = B_SPLINE_SURFACE_WITH_KNOTS('',1,3,(
    (#9218,#9219,#9220,#9221)
    ,(#9222,#9223,#9224,#9225
    )),.UNSPECIFIED.,.F.,.F.,.F.,(2,2),(4,4),(0.,1.),(0.,1.),
  .PIECEWISE_BEZIER_KNOTS.);
#9218 = CARTESIAN_POINT('',(-8.207888335741,2.209201002175,0.));
#9219 = CARTESIAN_POINT('',(-8.108086010852,2.580031318664,0.));
#9220 = CARTESIAN_POINT('',(-7.983107159894,2.944082274377,0.));
#9221 = CARTESIAN_POINT('',(-7.834096522758,3.298019355933,0.));
#9222 = CARTESIAN_POINT('',(-8.207888335741,2.209201002175,6.));
#9223 = CARTESIAN_POINT('',(-8.108086010852,2.580031318664,6.));
#9224 = CARTESIAN_POINT('',(-7.983107159894,2.944082274377,6.));
#9225 = CARTESIAN_POINT('',(-7.834096522758,3.298019355933,6.));
#9226 = DEFINITIONAL_REPRESENTATION('',(#9227),#9231);
#9227 = LINE('',#9228,#9229);
#9228 = CARTESIAN_POINT('',(0.,1.));
#9229 = VECTOR('',#9230,1.);
#9230 = DIRECTION('',(1.,0.));
#9231 = ( GEOMETRIC_REPRESENTATION_CONTEXT(2) 
PARAMETRIC_REPRESENTATION_CONTEXT() REPRESENTATION_CONTEXT('2D SPACE',''
  ) );
#9232 = ORIENTED_EDGE('',*,*,#9233,.T.);
#9233 = EDGE_CURVE('',#9203,#3100,#9234,.T.);
#9234 = SURFACE_CURVE('',#9235,(#9242,#9252),.PCURVE_S1.);
#9235 = B_SPLINE_CURVE_WITH_KNOTS('',5,(#9236,#9237,#9238,#9239,#9240,
    #9241),.UNSPECIFIED.,.F.,.F.,(6,6),(0.,1.),
  .PIECEWISE_BEZIER_KNOTS.);
#9236 = CARTESIAN_POINT('',(-7.834096522758,3.298019355933,5.51));
#9237 = CARTESIAN_POINT('',(-7.928288744716,3.32688849462,5.608014345493
    ));
#9238 = CARTESIAN_POINT('',(-8.020181202181,3.361500710831,
    5.706151962484));
#9239 = CARTESIAN_POINT('',(-8.109725738117,3.40169045041,5.804267139062
    ));
#9240 = CARTESIAN_POINT('',(-8.19688041525,3.447227559173,5.90224609145)
  );
#9241 = CARTESIAN_POINT('',(-8.281627762653,3.497819549499,6.));
#9242 = PCURVE('',#744,#9243);
#9243 = DEFINITIONAL_REPRESENTATION('',(#9244),#9251);
#9244 = B_SPLINE_CURVE_WITH_KNOTS('',5,(#9245,#9246,#9247,#9248,#9249,
    #9250),.UNSPECIFIED.,.F.,.F.,(6,6),(0.,1.),
  .PIECEWISE_BEZIER_KNOTS.);
#9245 = CARTESIAN_POINT('',(0.918333333333,0.));
#9246 = CARTESIAN_POINT('',(0.934669057582,3.937840008448E-02));
#9247 = CARTESIAN_POINT('',(0.951025327081,7.914988528522E-02));
#9248 = CARTESIAN_POINT('',(0.96737785651,0.119299833236));
#9249 = CARTESIAN_POINT('',(0.983707681908,0.159806802711));
#9250 = CARTESIAN_POINT('',(1.,0.200648579146));
#9251 = ( GEOMETRIC_REPRESENTATION_CONTEXT(2) 
PARAMETRIC_REPRESENTATION_CONTEXT() REPRESENTATION_CONTEXT('2D SPACE',''
  ) );
#9252 = PCURVE('',#3120,#9253);
#9253 = DEFINITIONAL_REPRESENTATION('',(#9254),#9261);
#9254 = B_SPLINE_CURVE_WITH_KNOTS('',5,(#9255,#9256,#9257,#9258,#9259,
    #9260),.UNSPECIFIED.,.F.,.F.,(6,6),(0.,1.),
  .PIECEWISE_BEZIER_KNOTS.);
#9255 = CARTESIAN_POINT('',(2.743129583037,-0.5));
#9256 = CARTESIAN_POINT('',(2.744298913864,-0.401985654507));
#9257 = CARTESIAN_POINT('',(2.744706829276,-0.303848037516));
#9258 = CARTESIAN_POINT('',(2.744412925631,-0.205732860938));
#9259 = CARTESIAN_POINT('',(2.743477499221,-0.10775390855));
#9260 = CARTESIAN_POINT('',(2.74196113011,-1.E-02));
#9261 = ( GEOMETRIC_REPRESENTATION_CONTEXT(2) 
PARAMETRIC_REPRESENTATION_CONTEXT() REPRESENTATION_CONTEXT('2D SPACE',''
  ) );
#9262 = ORIENTED_EDGE('',*,*,#3132,.T.);
#9263 = ORIENTED_EDGE('',*,*,#9144,.F.);
#9264 = ADVANCED_FACE('',(#9265),#714,.F.);
#9265 = FACE_BOUND('',#9266,.T.);
#9266 = EDGE_LOOP('',(#9267,#9299,#9300,#9301));
#9267 = ORIENTED_EDGE('',*,*,#9268,.T.);
#9268 = EDGE_CURVE('',#9269,#660,#9271,.T.);
#9269 = VERTEX_POINT('',#9270);
#9270 = CARTESIAN_POINT('',(-8.207888335741,2.209201002175,0.49));
#9271 = SURFACE_CURVE('',#9272,(#9279,#9289),.PCURVE_S1.);
#9272 = B_SPLINE_CURVE_WITH_KNOTS('',5,(#9273,#9274,#9275,#9276,#9277,
    #9278),.UNSPECIFIED.,.F.,.F.,(6,6),(0.,1.),
  .PIECEWISE_BEZIER_KNOTS.);
#9273 = CARTESIAN_POINT('',(-8.207888335741,2.209201002175,0.49));
#9274 = CARTESIAN_POINT('',(-8.299951025743,2.24427325553,0.391985654507
    ));
#9275 = CARTESIAN_POINT('',(-8.393726349648,2.273400869173,
    0.293848037516));
#9276 = CARTESIAN_POINT('',(-8.48907461932,2.296684909932,0.195732860938
    ));
#9277 = CARTESIAN_POINT('',(-8.58582137673,2.314281243393,
    9.775390855047E-02));
#9278 = CARTESIAN_POINT('',(-8.683773185248,2.326409952517,0.));
#9279 = PCURVE('',#714,#9280);
#9280 = DEFINITIONAL_REPRESENTATION('',(#9281),#9288);
#9281 = B_SPLINE_CURVE_WITH_KNOTS('',5,(#9282,#9283,#9284,#9285,#9286,
    #9287),.UNSPECIFIED.,.F.,.F.,(6,6),(0.,1.),
  .PIECEWISE_BEZIER_KNOTS.);
#9282 = CARTESIAN_POINT('',(-2.878667797071,9.999999999997E-03));
#9283 = CARTESIAN_POINT('',(-2.877498466244,0.108014345493));
#9284 = CARTESIAN_POINT('',(-2.877090550832,0.206151962484));
#9285 = CARTESIAN_POINT('',(-2.877384454477,0.304267139062));
#9286 = CARTESIAN_POINT('',(-2.878319880887,0.40224609145));
#9287 = CARTESIAN_POINT('',(-2.879836249998,0.5));
#9288 = ( GEOMETRIC_REPRESENTATION_CONTEXT(2) 
PARAMETRIC_REPRESENTATION_CONTEXT() REPRESENTATION_CONTEXT('2D SPACE',''
  ) );
#9289 = PCURVE('',#677,#9290);
#9290 = DEFINITIONAL_REPRESENTATION('',(#9291),#9298);
#9291 = B_SPLINE_CURVE_WITH_KNOTS('',5,(#9292,#9293,#9294,#9295,#9296,
    #9297),.UNSPECIFIED.,.F.,.F.,(6,6),(0.,1.),
  .PIECEWISE_BEZIER_KNOTS.);
#9292 = CARTESIAN_POINT('',(8.166666666667E-02,1.));
#9293 = CARTESIAN_POINT('',(6.53309424179E-02,0.960621599916));
#9294 = CARTESIAN_POINT('',(4.897467291928E-02,0.920850114715));
#9295 = CARTESIAN_POINT('',(3.26221434896E-02,0.880700166764));
#9296 = CARTESIAN_POINT('',(1.629231809175E-02,0.840193197289));
#9297 = CARTESIAN_POINT('',(0.,0.799351420854));
#9298 = ( GEOMETRIC_REPRESENTATION_CONTEXT(2) 
PARAMETRIC_REPRESENTATION_CONTEXT() REPRESENTATION_CONTEXT('2D SPACE',''
  ) );
#9299 = ORIENTED_EDGE('',*,*,#693,.T.);
#9300 = ORIENTED_EDGE('',*,*,#9170,.F.);
#9301 = ORIENTED_EDGE('',*,*,#9302,.F.);
#9302 = EDGE_CURVE('',#9269,#9171,#9303,.T.);
#9303 = SURFACE_CURVE('',#9304,(#9313,#9325),.PCURVE_S1.);
#9304 = B_SPLINE_CURVE_WITH_KNOTS('',4,(#9305,#9306,#9307,#9308,#9309,
    #9310,#9311,#9312),.UNSPECIFIED.,.F.,.F.,(5,3,5),(0.,0.499491163329,
    1.),.UNSPECIFIED.);
#9305 = CARTESIAN_POINT('',(-8.207888335741,2.209201002175,0.49));
#9306 = CARTESIAN_POINT('',(-8.17050058399,2.348120730046,0.489996810525
    ));
#9307 = CARTESIAN_POINT('',(-8.129972113481,2.486194978995,
    0.489999636232));
#9308 = CARTESIAN_POINT('',(-8.086338663269,2.623319553442,
    0.490001061521));
#9309 = CARTESIAN_POINT('',(-7.992837927203,2.895739041991,0.4900010702)
  );
#9310 = CARTESIAN_POINT('',(-7.942958135416,3.031029618679,
    0.489999647786));
#9311 = CARTESIAN_POINT('',(-7.890032329203,3.165157994704,
    0.489996804026));
#9312 = CARTESIAN_POINT('',(-7.834096522758,3.298019355933,0.49));
#9313 = PCURVE('',#714,#9314);
#9314 = DEFINITIONAL_REPRESENTATION('',(#9315),#9324);
#9315 = B_SPLINE_CURVE_WITH_KNOTS('',4,(#9316,#9317,#9318,#9319,#9320,
    #9321,#9322,#9323),.UNSPECIFIED.,.F.,.F.,(5,3,5),(0.,0.499491163329,
    1.),.UNSPECIFIED.);
#9316 = CARTESIAN_POINT('',(-2.878667797071,9.999999999998E-03));
#9317 = CARTESIAN_POINT('',(-2.861742749699,1.000318947545E-02));
#9318 = CARTESIAN_POINT('',(-2.844817730802,1.000036376847E-02));
#9319 = CARTESIAN_POINT('',(-2.827892693124,9.998938479221E-03));
#9320 = CARTESIAN_POINT('',(-2.794008137192,9.998929799895E-03));
#9321 = CARTESIAN_POINT('',(-2.777048616062,1.000035221408E-02));
#9322 = CARTESIAN_POINT('',(-2.760089113838,1.000319597375E-02));
#9323 = CARTESIAN_POINT('',(-2.743129583037,1.E-02));
#9324 = ( GEOMETRIC_REPRESENTATION_CONTEXT(2) 
PARAMETRIC_REPRESENTATION_CONTEXT() REPRESENTATION_CONTEXT('2D SPACE',''
  ) );
#9325 = PCURVE('',#9217,#9326);
#9326 = DEFINITIONAL_REPRESENTATION('',(#9327),#9336);
#9327 = B_SPLINE_CURVE_WITH_KNOTS('',4,(#9328,#9329,#9330,#9331,#9332,
    #9333,#9334,#9335),.UNSPECIFIED.,.F.,.F.,(5,3,5),(0.,0.499491163329,
    1.),.UNSPECIFIED.);
#9328 = CARTESIAN_POINT('',(8.166666666667E-02,0.));
#9329 = CARTESIAN_POINT('',(8.166613508742E-02,0.12487268138));
#9330 = CARTESIAN_POINT('',(8.166660603859E-02,0.249745557264));
#9331 = CARTESIAN_POINT('',(8.16668435868E-02,0.374618351054));
#9332 = CARTESIAN_POINT('',(8.166684503335E-02,0.624618393954));
#9333 = CARTESIAN_POINT('',(8.166660796432E-02,0.749745605836));
#9334 = CARTESIAN_POINT('',(8.166613400437E-02,0.87487290053));
#9335 = CARTESIAN_POINT('',(8.166666666667E-02,1.));
#9336 = ( GEOMETRIC_REPRESENTATION_CONTEXT(2) 
PARAMETRIC_REPRESENTATION_CONTEXT() REPRESENTATION_CONTEXT('2D SPACE',''
  ) );
#9337 = ADVANCED_FACE('',(#9338),#677,.F.);
#9338 = FACE_BOUND('',#9339,.F.);
#9339 = EDGE_LOOP('',(#9340,#9341,#9361,#9362,#9394,#9414));
#9340 = ORIENTED_EDGE('',*,*,#659,.F.);
#9341 = ORIENTED_EDGE('',*,*,#9342,.T.);
#9342 = EDGE_CURVE('',#626,#3050,#9343,.T.);
#9343 = SURFACE_CURVE('',#9344,(#9347,#9354),.PCURVE_S1.);
#9344 = B_SPLINE_CURVE_WITH_KNOTS('',1,(#9345,#9346),.UNSPECIFIED.,.F.,
  .F.,(2,2),(0.,1.),.PIECEWISE_BEZIER_KNOTS.);
#9345 = CARTESIAN_POINT('',(-10.57058842842,1.955801696732,0.));
#9346 = CARTESIAN_POINT('',(-10.57058842842,1.955801696732,6.));
#9347 = PCURVE('',#677,#9348);
#9348 = DEFINITIONAL_REPRESENTATION('',(#9349),#9353);
#9349 = LINE('',#9350,#9351);
#9350 = CARTESIAN_POINT('',(0.,0.));
#9351 = VECTOR('',#9352,1.);
#9352 = DIRECTION('',(1.,0.));
#9353 = ( GEOMETRIC_REPRESENTATION_CONTEXT(2) 
PARAMETRIC_REPRESENTATION_CONTEXT() REPRESENTATION_CONTEXT('2D SPACE',''
  ) );
#9354 = PCURVE('',#643,#9355);
#9355 = DEFINITIONAL_REPRESENTATION('',(#9356),#9360);
#9356 = LINE('',#9357,#9358);
#9357 = CARTESIAN_POINT('',(0.,1.));
#9358 = VECTOR('',#9359,1.);
#9359 = DIRECTION('',(1.,0.));
#9360 = ( GEOMETRIC_REPRESENTATION_CONTEXT(2) 
PARAMETRIC_REPRESENTATION_CONTEXT() REPRESENTATION_CONTEXT('2D SPACE',''
  ) );
#9361 = ORIENTED_EDGE('',*,*,#3074,.T.);
#9362 = ORIENTED_EDGE('',*,*,#9363,.T.);
#9363 = EDGE_CURVE('',#3075,#9364,#9366,.T.);
#9364 = VERTEX_POINT('',#9365);
#9365 = CARTESIAN_POINT('',(-8.207888335741,2.209201002175,5.51));
#9366 = SURFACE_CURVE('',#9367,(#9374,#9384),.PCURVE_S1.);
#9367 = B_SPLINE_CURVE_WITH_KNOTS('',5,(#9368,#9369,#9370,#9371,#9372,
    #9373),.UNSPECIFIED.,.F.,.F.,(6,6),(0.,1.),
  .PIECEWISE_BEZIER_KNOTS.);
#9368 = CARTESIAN_POINT('',(-8.683773185248,2.326409952517,6.));
#9369 = CARTESIAN_POINT('',(-8.585821376696,2.314281243388,
    5.902246091415));
#9370 = CARTESIAN_POINT('',(-8.489074619321,2.296684909929,
    5.804267139063));
#9371 = CARTESIAN_POINT('',(-8.393726349645,2.273400869177,
    5.706151962482));
#9372 = CARTESIAN_POINT('',(-8.299951025705,2.244273255515,
    5.608014345453));
#9373 = CARTESIAN_POINT('',(-8.207888335741,2.209201002175,5.51));
#9374 = PCURVE('',#677,#9375);
#9375 = DEFINITIONAL_REPRESENTATION('',(#9376),#9383);
#9376 = B_SPLINE_CURVE_WITH_KNOTS('',5,(#9377,#9378,#9379,#9380,#9381,
    #9382),.UNSPECIFIED.,.F.,.F.,(6,6),(0.,1.),
  .PIECEWISE_BEZIER_KNOTS.);
#9377 = CARTESIAN_POINT('',(1.,0.799351420854));
#9378 = CARTESIAN_POINT('',(0.983707681903,0.840193197303));
#9379 = CARTESIAN_POINT('',(0.967377856511,0.880700166763));
#9380 = CARTESIAN_POINT('',(0.95102532708,0.920850114716));
#9381 = CARTESIAN_POINT('',(0.934669057575,0.960621599932));
#9382 = CARTESIAN_POINT('',(0.918333333333,1.));
#9383 = ( GEOMETRIC_REPRESENTATION_CONTEXT(2) 
PARAMETRIC_REPRESENTATION_CONTEXT() REPRESENTATION_CONTEXT('2D SPACE',''
  ) );
#9384 = PCURVE('',#3120,#9385);
#9385 = DEFINITIONAL_REPRESENTATION('',(#9386),#9393);
#9386 = B_SPLINE_CURVE_WITH_KNOTS('',5,(#9387,#9388,#9389,#9390,#9391,
    #9392),.UNSPECIFIED.,.F.,.F.,(6,6),(0.,1.),
  .PIECEWISE_BEZIER_KNOTS.);
#9387 = CARTESIAN_POINT('',(2.879836249998,-1.E-02));
#9388 = CARTESIAN_POINT('',(2.878319880887,-0.107753908585));
#9389 = CARTESIAN_POINT('',(2.877384454478,-0.205732860937));
#9390 = CARTESIAN_POINT('',(2.877090550832,-0.303848037518));
#9391 = CARTESIAN_POINT('',(2.877498466245,-0.401985654547));
#9392 = CARTESIAN_POINT('',(2.878667797071,-0.5));
#9393 = ( GEOMETRIC_REPRESENTATION_CONTEXT(2) 
PARAMETRIC_REPRESENTATION_CONTEXT() REPRESENTATION_CONTEXT('2D SPACE',''
  ) );
#9394 = ORIENTED_EDGE('',*,*,#9395,.F.);
#9395 = EDGE_CURVE('',#9269,#9364,#9396,.T.);
#9396 = SURFACE_CURVE('',#9397,(#9400,#9407),.PCURVE_S1.);
#9397 = B_SPLINE_CURVE_WITH_KNOTS('',1,(#9398,#9399),.UNSPECIFIED.,.F.,
  .F.,(2,2),(0.,1.),.PIECEWISE_BEZIER_KNOTS.);
#9398 = CARTESIAN_POINT('',(-8.207888335741,2.209201002175,0.));
#9399 = CARTESIAN_POINT('',(-8.207888335741,2.209201002175,6.));
#9400 = PCURVE('',#677,#9401);
#9401 = DEFINITIONAL_REPRESENTATION('',(#9402),#9406);
#9402 = LINE('',#9403,#9404);
#9403 = CARTESIAN_POINT('',(0.,1.));
#9404 = VECTOR('',#9405,1.);
#9405 = DIRECTION('',(1.,0.));
#9406 = ( GEOMETRIC_REPRESENTATION_CONTEXT(2) 
PARAMETRIC_REPRESENTATION_CONTEXT() REPRESENTATION_CONTEXT('2D SPACE',''
  ) );
#9407 = PCURVE('',#9217,#9408);
#9408 = DEFINITIONAL_REPRESENTATION('',(#9409),#9413);
#9409 = LINE('',#9410,#9411);
#9410 = CARTESIAN_POINT('',(0.,0.));
#9411 = VECTOR('',#9412,1.);
#9412 = DIRECTION('',(1.,0.));
#9413 = ( GEOMETRIC_REPRESENTATION_CONTEXT(2) 
PARAMETRIC_REPRESENTATION_CONTEXT() REPRESENTATION_CONTEXT('2D SPACE',''
  ) );
#9414 = ORIENTED_EDGE('',*,*,#9268,.T.);
#9415 = ADVANCED_FACE('',(#9416),#643,.F.);
#9416 = FACE_BOUND('',#9417,.F.);
#9417 = EDGE_LOOP('',(#9418,#9419,#9439,#9440));
#9418 = ORIENTED_EDGE('',*,*,#625,.F.);
#9419 = ORIENTED_EDGE('',*,*,#9420,.T.);
#9420 = EDGE_CURVE('',#592,#3025,#9421,.T.);
#9421 = SURFACE_CURVE('',#9422,(#9425,#9432),.PCURVE_S1.);
#9422 = B_SPLINE_CURVE_WITH_KNOTS('',1,(#9423,#9424),.UNSPECIFIED.,.F.,
  .F.,(2,2),(0.,1.),.PIECEWISE_BEZIER_KNOTS.);
#9423 = CARTESIAN_POINT('',(-10.63289256332,1.582433485773,0.));
#9424 = CARTESIAN_POINT('',(-10.63289256332,1.582433485773,6.));
#9425 = PCURVE('',#643,#9426);
#9426 = DEFINITIONAL_REPRESENTATION('',(#9427),#9431);
#9427 = LINE('',#9428,#9429);
#9428 = CARTESIAN_POINT('',(0.,0.));
#9429 = VECTOR('',#9430,1.);
#9430 = DIRECTION('',(1.,0.));
#9431 = ( GEOMETRIC_REPRESENTATION_CONTEXT(2) 
PARAMETRIC_REPRESENTATION_CONTEXT() REPRESENTATION_CONTEXT('2D SPACE',''
  ) );
#9432 = PCURVE('',#609,#9433);
#9433 = DEFINITIONAL_REPRESENTATION('',(#9434),#9438);
#9434 = LINE('',#9435,#9436);
#9435 = CARTESIAN_POINT('',(0.,1.));
#9436 = VECTOR('',#9437,1.);
#9437 = DIRECTION('',(1.,0.));
#9438 = ( GEOMETRIC_REPRESENTATION_CONTEXT(2) 
PARAMETRIC_REPRESENTATION_CONTEXT() REPRESENTATION_CONTEXT('2D SPACE',''
  ) );
#9439 = ORIENTED_EDGE('',*,*,#3049,.T.);
#9440 = ORIENTED_EDGE('',*,*,#9342,.F.);
#9441 = ADVANCED_FACE('',(#9442),#609,.F.);
#9442 = FACE_BOUND('',#9443,.F.);
#9443 = EDGE_LOOP('',(#9444,#9445,#9477,#9508,#9538,#9539));
#9444 = ORIENTED_EDGE('',*,*,#591,.F.);
#9445 = ORIENTED_EDGE('',*,*,#9446,.F.);
#9446 = EDGE_CURVE('',#9447,#559,#9449,.T.);
#9447 = VERTEX_POINT('',#9448);
#9448 = CARTESIAN_POINT('',(-8.48048869867,0.575596587666,0.49));
#9449 = SURFACE_CURVE('',#9450,(#9457,#9467),.PCURVE_S1.);
#9450 = B_SPLINE_CURVE_WITH_KNOTS('',5,(#9451,#9452,#9453,#9454,#9455,
    #9456),.UNSPECIFIED.,.F.,.F.,(6,6),(0.,1.),
  .PIECEWISE_BEZIER_KNOTS.);
#9451 = CARTESIAN_POINT('',(-8.48048869867,0.575596587666,0.49));
#9452 = CARTESIAN_POINT('',(-8.578951120239,0.572317352316,
    0.391985654507));
#9453 = CARTESIAN_POINT('',(-8.677103159124,0.575216751019,
    0.293848037516));
#9454 = CARTESIAN_POINT('',(-8.774845512221,0.584153836364,
    0.195732860938));
#9455 = CARTESIAN_POINT('',(-8.872063783593,0.598924541565,
    9.775390855047E-02));
#9456 = CARTESIAN_POINT('',(-8.96864647836,0.619257899589,0.));
#9457 = PCURVE('',#609,#9458);
#9458 = DEFINITIONAL_REPRESENTATION('',(#9459),#9466);
#9459 = B_SPLINE_CURVE_WITH_KNOTS('',5,(#9460,#9461,#9462,#9463,#9464,
    #9465),.UNSPECIFIED.,.F.,.F.,(6,6),(0.,1.),
  .PIECEWISE_BEZIER_KNOTS.);
#9460 = CARTESIAN_POINT('',(8.166666666667E-02,0.));
#9461 = CARTESIAN_POINT('',(6.53309424179E-02,3.937840008448E-02));
#9462 = CARTESIAN_POINT('',(4.897467291928E-02,7.914988528522E-02));
#9463 = CARTESIAN_POINT('',(3.26221434896E-02,0.119299833236));
#9464 = CARTESIAN_POINT('',(1.629231809175E-02,0.159806802711));
#9465 = CARTESIAN_POINT('',(0.,0.200648579146));
#9466 = ( GEOMETRIC_REPRESENTATION_CONTEXT(2) 
PARAMETRIC_REPRESENTATION_CONTEXT() REPRESENTATION_CONTEXT('2D SPACE',''
  ) );
#9467 = PCURVE('',#579,#9468);
#9468 = DEFINITIONAL_REPRESENTATION('',(#9469),#9476);
#9469 = B_SPLINE_CURVE_WITH_KNOTS('',5,(#9470,#9471,#9472,#9473,#9474,
    #9475),.UNSPECIFIED.,.F.,.F.,(6,6),(0.,1.),
  .PIECEWISE_BEZIER_KNOTS.);
#9470 = CARTESIAN_POINT('',(-3.073823546573,1.E-02));
#9471 = CARTESIAN_POINT('',(-3.074992877399,0.108014345493));
#9472 = CARTESIAN_POINT('',(-3.075400792811,0.206151962484));
#9473 = CARTESIAN_POINT('',(-3.075106889167,0.304267139062));
#9474 = CARTESIAN_POINT('',(-3.074171462757,0.40224609145));
#9475 = CARTESIAN_POINT('',(-3.072655093646,0.5));
#9476 = ( GEOMETRIC_REPRESENTATION_CONTEXT(2) 
PARAMETRIC_REPRESENTATION_CONTEXT() REPRESENTATION_CONTEXT('2D SPACE',''
  ) );
#9477 = ORIENTED_EDGE('',*,*,#9478,.T.);
#9478 = EDGE_CURVE('',#9447,#9479,#9481,.T.);
#9479 = VERTEX_POINT('',#9480);
#9480 = CARTESIAN_POINT('',(-8.48048869867,0.575596587666,5.51));
#9481 = SURFACE_CURVE('',#9482,(#9485,#9492),.PCURVE_S1.);
#9482 = B_SPLINE_CURVE_WITH_KNOTS('',1,(#9483,#9484),.UNSPECIFIED.,.F.,
  .F.,(2,2),(0.,1.),.PIECEWISE_BEZIER_KNOTS.);
#9483 = CARTESIAN_POINT('',(-8.48048869867,0.575596587666,0.));
#9484 = CARTESIAN_POINT('',(-8.48048869867,0.575596587666,6.));
#9485 = PCURVE('',#609,#9486);
#9486 = DEFINITIONAL_REPRESENTATION('',(#9487),#9491);
#9487 = LINE('',#9488,#9489);
#9488 = CARTESIAN_POINT('',(0.,0.));
#9489 = VECTOR('',#9490,1.);
#9490 = DIRECTION('',(1.,0.));
#9491 = ( GEOMETRIC_REPRESENTATION_CONTEXT(2) 
PARAMETRIC_REPRESENTATION_CONTEXT() REPRESENTATION_CONTEXT('2D SPACE',''
  ) );
#9492 = PCURVE('',#9493,#9502);
#9493 = B_SPLINE_SURFACE_WITH_KNOTS('',1,3,(
    (#9494,#9495,#9496,#9497)
    ,(#9498,#9499,#9500,#9501
    )),.UNSPECIFIED.,.F.,.F.,.F.,(2,2),(4,4),(0.,1.),(0.,1.),
  .PIECEWISE_BEZIER_KNOTS.);
#9494 = CARTESIAN_POINT('',(-8.48048869867,-0.575596587666,0.));
#9495 = CARTESIAN_POINT('',(-8.506502345957,-0.192453118669,0.));
#9496 = CARTESIAN_POINT('',(-8.506502345957,0.192453118669,0.));
#9497 = CARTESIAN_POINT('',(-8.48048869867,0.575596587666,0.));
#9498 = CARTESIAN_POINT('',(-8.48048869867,-0.575596587666,6.));
#9499 = CARTESIAN_POINT('',(-8.506502345957,-0.192453118669,6.));
#9500 = CARTESIAN_POINT('',(-8.506502345957,0.192453118669,6.));
#9501 = CARTESIAN_POINT('',(-8.48048869867,0.575596587666,6.));
#9502 = DEFINITIONAL_REPRESENTATION('',(#9503),#9507);
#9503 = LINE('',#9504,#9505);
#9504 = CARTESIAN_POINT('',(0.,1.));
#9505 = VECTOR('',#9506,1.);
#9506 = DIRECTION('',(1.,0.));
#9507 = ( GEOMETRIC_REPRESENTATION_CONTEXT(2) 
PARAMETRIC_REPRESENTATION_CONTEXT() REPRESENTATION_CONTEXT('2D SPACE',''
  ) );
#9508 = ORIENTED_EDGE('',*,*,#9509,.T.);
#9509 = EDGE_CURVE('',#9479,#2992,#9510,.T.);
#9510 = SURFACE_CURVE('',#9511,(#9518,#9528),.PCURVE_S1.);
#9511 = B_SPLINE_CURVE_WITH_KNOTS('',5,(#9512,#9513,#9514,#9515,#9516,
    #9517),.UNSPECIFIED.,.F.,.F.,(6,6),(0.,1.),
  .PIECEWISE_BEZIER_KNOTS.);
#9512 = CARTESIAN_POINT('',(-8.48048869867,0.575596587666,5.51));
#9513 = CARTESIAN_POINT('',(-8.578951120239,0.572317352316,
    5.608014345493));
#9514 = CARTESIAN_POINT('',(-8.677103159124,0.575216751019,
    5.706151962484));
#9515 = CARTESIAN_POINT('',(-8.774845512221,0.584153836364,
    5.804267139062));
#9516 = CARTESIAN_POINT('',(-8.872063783593,0.598924541565,5.90224609145
    ));
#9517 = CARTESIAN_POINT('',(-8.96864647836,0.619257899589,6.));
#9518 = PCURVE('',#609,#9519);
#9519 = DEFINITIONAL_REPRESENTATION('',(#9520),#9527);
#9520 = B_SPLINE_CURVE_WITH_KNOTS('',5,(#9521,#9522,#9523,#9524,#9525,
    #9526),.UNSPECIFIED.,.F.,.F.,(6,6),(0.,1.),
  .PIECEWISE_BEZIER_KNOTS.);
#9521 = CARTESIAN_POINT('',(0.918333333333,0.));
#9522 = CARTESIAN_POINT('',(0.934669057582,3.937840008448E-02));
#9523 = CARTESIAN_POINT('',(0.951025327081,7.914988528523E-02));
#9524 = CARTESIAN_POINT('',(0.96737785651,0.119299833236));
#9525 = CARTESIAN_POINT('',(0.983707681908,0.159806802711));
#9526 = CARTESIAN_POINT('',(1.,0.200648579146));
#9527 = ( GEOMETRIC_REPRESENTATION_CONTEXT(2) 
PARAMETRIC_REPRESENTATION_CONTEXT() REPRESENTATION_CONTEXT('2D SPACE',''
  ) );
#9528 = PCURVE('',#3012,#9529);
#9529 = DEFINITIONAL_REPRESENTATION('',(#9530),#9537);
#9530 = B_SPLINE_CURVE_WITH_KNOTS('',5,(#9531,#9532,#9533,#9534,#9535,
    #9536),.UNSPECIFIED.,.F.,.F.,(6,6),(0.,1.),
  .PIECEWISE_BEZIER_KNOTS.);
#9531 = CARTESIAN_POINT('',(3.073823546573,-0.5));
#9532 = CARTESIAN_POINT('',(3.074992877399,-0.401985654507));
#9533 = CARTESIAN_POINT('',(3.075400792811,-0.303848037516));
#9534 = CARTESIAN_POINT('',(3.075106889167,-0.205732860938));
#9535 = CARTESIAN_POINT('',(3.074171462757,-0.10775390855));
#9536 = CARTESIAN_POINT('',(3.072655093646,-9.999999999999E-03));
#9537 = ( GEOMETRIC_REPRESENTATION_CONTEXT(2) 
PARAMETRIC_REPRESENTATION_CONTEXT() REPRESENTATION_CONTEXT('2D SPACE',''
  ) );
#9538 = ORIENTED_EDGE('',*,*,#3024,.T.);
#9539 = ORIENTED_EDGE('',*,*,#9420,.F.);
#9540 = ADVANCED_FACE('',(#9541),#579,.F.);
#9541 = FACE_BOUND('',#9542,.T.);
#9542 = EDGE_LOOP('',(#9543,#9575,#9576,#9577));
#9543 = ORIENTED_EDGE('',*,*,#9544,.T.);
#9544 = EDGE_CURVE('',#9545,#525,#9547,.T.);
#9545 = VERTEX_POINT('',#9546);
#9546 = CARTESIAN_POINT('',(-8.48048869867,-0.575596587666,0.49));
#9547 = SURFACE_CURVE('',#9548,(#9555,#9565),.PCURVE_S1.);
#9548 = B_SPLINE_CURVE_WITH_KNOTS('',5,(#9549,#9550,#9551,#9552,#9553,
    #9554),.UNSPECIFIED.,.F.,.F.,(6,6),(0.,1.),
  .PIECEWISE_BEZIER_KNOTS.);
#9549 = CARTESIAN_POINT('',(-8.48048869867,-0.575596587666,0.49));
#9550 = CARTESIAN_POINT('',(-8.578951120239,-0.572317352316,
    0.391985654507));
#9551 = CARTESIAN_POINT('',(-8.677103159124,-0.575216751019,
    0.293848037516));
#9552 = CARTESIAN_POINT('',(-8.774845512221,-0.584153836364,
    0.195732860938));
#9553 = CARTESIAN_POINT('',(-8.872063783593,-0.598924541565,
    9.775390855047E-02));
#9554 = CARTESIAN_POINT('',(-8.96864647836,-0.619257899589,0.));
#9555 = PCURVE('',#579,#9556);
#9556 = DEFINITIONAL_REPRESENTATION('',(#9557),#9564);
#9557 = B_SPLINE_CURVE_WITH_KNOTS('',5,(#9558,#9559,#9560,#9561,#9562,
    #9563),.UNSPECIFIED.,.F.,.F.,(6,6),(0.,1.),
  .PIECEWISE_BEZIER_KNOTS.);
#9558 = CARTESIAN_POINT('',(-3.209361760606,1.E-02));
#9559 = CARTESIAN_POINT('',(-3.20819242978,0.108014345493));
#9560 = CARTESIAN_POINT('',(-3.207784514368,0.206151962484));
#9561 = CARTESIAN_POINT('',(-3.208078418013,0.304267139062));
#9562 = CARTESIAN_POINT('',(-3.209013844423,0.40224609145));
#9563 = CARTESIAN_POINT('',(-3.210530213533,0.5));
#9564 = ( GEOMETRIC_REPRESENTATION_CONTEXT(2) 
PARAMETRIC_REPRESENTATION_CONTEXT() REPRESENTATION_CONTEXT('2D SPACE',''
  ) );
#9565 = PCURVE('',#542,#9566);
#9566 = DEFINITIONAL_REPRESENTATION('',(#9567),#9574);
#9567 = B_SPLINE_CURVE_WITH_KNOTS('',5,(#9568,#9569,#9570,#9571,#9572,
    #9573),.UNSPECIFIED.,.F.,.F.,(6,6),(0.,1.),
  .PIECEWISE_BEZIER_KNOTS.);
#9568 = CARTESIAN_POINT('',(8.166666666667E-02,1.));
#9569 = CARTESIAN_POINT('',(6.53309424179E-02,0.960621599916));
#9570 = CARTESIAN_POINT('',(4.897467291928E-02,0.920850114715));
#9571 = CARTESIAN_POINT('',(3.26221434896E-02,0.880700166764));
#9572 = CARTESIAN_POINT('',(1.629231809175E-02,0.840193197289));
#9573 = CARTESIAN_POINT('',(0.,0.799351420854));
#9574 = ( GEOMETRIC_REPRESENTATION_CONTEXT(2) 
PARAMETRIC_REPRESENTATION_CONTEXT() REPRESENTATION_CONTEXT('2D SPACE',''
  ) );
#9575 = ORIENTED_EDGE('',*,*,#558,.T.);
#9576 = ORIENTED_EDGE('',*,*,#9446,.F.);
#9577 = ORIENTED_EDGE('',*,*,#9578,.F.);
#9578 = EDGE_CURVE('',#9545,#9447,#9579,.T.);
#9579 = SURFACE_CURVE('',#9580,(#9589,#9601),.PCURVE_S1.);
#9580 = B_SPLINE_CURVE_WITH_KNOTS('',4,(#9581,#9582,#9583,#9584,#9585,
    #9586,#9587,#9588),.UNSPECIFIED.,.F.,.F.,(5,3,5),(0.,0.499491032309,
    1.),.UNSPECIFIED.);
#9581 = CARTESIAN_POINT('',(-8.48048869867,-0.575596587666,0.49));
#9582 = CARTESIAN_POINT('',(-8.490233877781,-0.432064168335,
    0.489996810525));
#9583 = CARTESIAN_POINT('',(-8.496733986085,-0.288311627947,
    0.48999963623));
#9584 = CARTESIAN_POINT('',(-8.499988993945,-0.144449120845,
    0.49000106152));
#9585 = CARTESIAN_POINT('',(-8.500008854108,0.143569567771,
    0.490001070201));
#9586 = CARTESIAN_POINT('',(-8.496760466318,0.287725707553,
    0.489999647787));
#9587 = CARTESIAN_POINT('',(-8.490253737921,0.431771657148,
    0.489996804025));
#9588 = CARTESIAN_POINT('',(-8.48048869867,0.575596587666,0.49));
#9589 = PCURVE('',#579,#9590);
#9590 = DEFINITIONAL_REPRESENTATION('',(#9591),#9600);
#9591 = B_SPLINE_CURVE_WITH_KNOTS('',4,(#9592,#9593,#9594,#9595,#9596,
    #9597,#9598,#9599),.UNSPECIFIED.,.F.,.F.,(5,3,5),(0.,0.499491032309,
    1.),.UNSPECIFIED.);
#9592 = CARTESIAN_POINT('',(-3.209361760606,1.E-02));
#9593 = CARTESIAN_POINT('',(-3.192436717674,1.000318947462E-02));
#9594 = CARTESIAN_POINT('',(-3.175511703217,1.000036376995E-02));
#9595 = CARTESIAN_POINT('',(-3.158586669978,9.998938480344E-03));
#9596 = CARTESIAN_POINT('',(-3.124702114047,9.998929798783E-03));
#9597 = CARTESIAN_POINT('',(-3.107742588476,1.00003522126E-02));
#9598 = CARTESIAN_POINT('',(-3.090783081814,1.000319597459E-02));
#9599 = CARTESIAN_POINT('',(-3.073823546573,1.E-02));
#9600 = ( GEOMETRIC_REPRESENTATION_CONTEXT(2) 
PARAMETRIC_REPRESENTATION_CONTEXT() REPRESENTATION_CONTEXT('2D SPACE',''
  ) );
#9601 = PCURVE('',#9493,#9602);
#9602 = DEFINITIONAL_REPRESENTATION('',(#9603),#9612);
#9603 = B_SPLINE_CURVE_WITH_KNOTS('',4,(#9604,#9605,#9606,#9607,#9608,
    #9609,#9610,#9611),.UNSPECIFIED.,.F.,.F.,(5,3,5),(0.,0.499491032309,
    1.),.UNSPECIFIED.);
#9604 = CARTESIAN_POINT('',(8.166666666667E-02,0.));
#9605 = CARTESIAN_POINT('',(8.166613508756E-02,0.124872648625));
#9606 = CARTESIAN_POINT('',(8.166660603834E-02,0.249745491755));
#9607 = CARTESIAN_POINT('',(8.166684358661E-02,0.374618252789));
#9608 = CARTESIAN_POINT('',(8.166684503354E-02,0.62461829569));
#9609 = CARTESIAN_POINT('',(8.166660796457E-02,0.749745540327));
#9610 = CARTESIAN_POINT('',(8.166613400423E-02,0.874872867776));
#9611 = CARTESIAN_POINT('',(8.166666666667E-02,1.));
#9612 = ( GEOMETRIC_REPRESENTATION_CONTEXT(2) 
PARAMETRIC_REPRESENTATION_CONTEXT() REPRESENTATION_CONTEXT('2D SPACE',''
  ) );
#9613 = ADVANCED_FACE('',(#9614),#542,.F.);
#9614 = FACE_BOUND('',#9615,.F.);
#9615 = EDGE_LOOP('',(#9616,#9617,#9637,#9638,#9670,#9690));
#9616 = ORIENTED_EDGE('',*,*,#524,.F.);
#9617 = ORIENTED_EDGE('',*,*,#9618,.T.);
#9618 = EDGE_CURVE('',#491,#2942,#9619,.T.);
#9619 = SURFACE_CURVE('',#9620,(#9623,#9630),.PCURVE_S1.);
#9620 = B_SPLINE_CURVE_WITH_KNOTS('',1,(#9621,#9622),.UNSPECIFIED.,.F.,
  .F.,(2,2),(0.,1.),.PIECEWISE_BEZIER_KNOTS.);
#9621 = CARTESIAN_POINT('',(-10.63289256332,-1.582433485773,0.));
#9622 = CARTESIAN_POINT('',(-10.63289256332,-1.582433485773,6.));
#9623 = PCURVE('',#542,#9624);
#9624 = DEFINITIONAL_REPRESENTATION('',(#9625),#9629);
#9625 = LINE('',#9626,#9627);
#9626 = CARTESIAN_POINT('',(0.,0.));
#9627 = VECTOR('',#9628,1.);
#9628 = DIRECTION('',(1.,0.));
#9629 = ( GEOMETRIC_REPRESENTATION_CONTEXT(2) 
PARAMETRIC_REPRESENTATION_CONTEXT() REPRESENTATION_CONTEXT('2D SPACE',''
  ) );
#9630 = PCURVE('',#508,#9631);
#9631 = DEFINITIONAL_REPRESENTATION('',(#9632),#9636);
#9632 = LINE('',#9633,#9634);
#9633 = CARTESIAN_POINT('',(0.,1.));
#9634 = VECTOR('',#9635,1.);
#9635 = DIRECTION('',(1.,0.));
#9636 = ( GEOMETRIC_REPRESENTATION_CONTEXT(2) 
PARAMETRIC_REPRESENTATION_CONTEXT() REPRESENTATION_CONTEXT('2D SPACE',''
  ) );
#9637 = ORIENTED_EDGE('',*,*,#2966,.T.);
#9638 = ORIENTED_EDGE('',*,*,#9639,.T.);
#9639 = EDGE_CURVE('',#2967,#9640,#9642,.T.);
#9640 = VERTEX_POINT('',#9641);
#9641 = CARTESIAN_POINT('',(-8.48048869867,-0.575596587666,5.51));
#9642 = SURFACE_CURVE('',#9643,(#9650,#9660),.PCURVE_S1.);
#9643 = B_SPLINE_CURVE_WITH_KNOTS('',5,(#9644,#9645,#9646,#9647,#9648,
    #9649),.UNSPECIFIED.,.F.,.F.,(6,6),(0.,1.),
  .PIECEWISE_BEZIER_KNOTS.);
#9644 = CARTESIAN_POINT('',(-8.968646478382,-0.619257899594,6.));
#9645 = CARTESIAN_POINT('',(-8.872063783539,-0.598924541553,
    5.902246091372));
#9646 = CARTESIAN_POINT('',(-8.774845507387,-0.584153835526,
    5.804267144509));
#9647 = CARTESIAN_POINT('',(-8.677103160105,-0.575216751449,
    5.706151961263));
#9648 = CARTESIAN_POINT('',(-8.578951120222,-0.572317352317,
    5.608014345475));
#9649 = CARTESIAN_POINT('',(-8.48048869867,-0.575596587666,5.51));
#9650 = PCURVE('',#542,#9651);
#9651 = DEFINITIONAL_REPRESENTATION('',(#9652),#9659);
#9652 = B_SPLINE_CURVE_WITH_KNOTS('',5,(#9653,#9654,#9655,#9656,#9657,
    #9658),.UNSPECIFIED.,.F.,.F.,(6,6),(0.,1.),
  .PIECEWISE_BEZIER_KNOTS.);
#9653 = CARTESIAN_POINT('',(1.,0.799351420844));
#9654 = CARTESIAN_POINT('',(0.983707681895,0.840193197312));
#9655 = CARTESIAN_POINT('',(0.967377857418,0.880700168789));
#9656 = CARTESIAN_POINT('',(0.951025326877,0.920850114279));
#9657 = CARTESIAN_POINT('',(0.934669057579,0.960621599923));
#9658 = CARTESIAN_POINT('',(0.918333333333,1.));
#9659 = ( GEOMETRIC_REPRESENTATION_CONTEXT(2) 
PARAMETRIC_REPRESENTATION_CONTEXT() REPRESENTATION_CONTEXT('2D SPACE',''
  ) );
#9660 = PCURVE('',#3012,#9661);
#9661 = DEFINITIONAL_REPRESENTATION('',(#9662),#9669);
#9662 = B_SPLINE_CURVE_WITH_KNOTS('',5,(#9663,#9664,#9665,#9666,#9667,
    #9668),.UNSPECIFIED.,.F.,.F.,(6,6),(0.,1.),
  .PIECEWISE_BEZIER_KNOTS.);
#9663 = CARTESIAN_POINT('',(3.210530213534,-9.99999998858E-03));
#9664 = CARTESIAN_POINT('',(3.209013844422,-0.107753908617));
#9665 = CARTESIAN_POINT('',(3.208078417955,-0.205732860654));
#9666 = CARTESIAN_POINT('',(3.207784514409,-0.303848037623));
#9667 = CARTESIAN_POINT('',(3.20819242978,-0.401985654525));
#9668 = CARTESIAN_POINT('',(3.209361760606,-0.5));
#9669 = ( GEOMETRIC_REPRESENTATION_CONTEXT(2) 
PARAMETRIC_REPRESENTATION_CONTEXT() REPRESENTATION_CONTEXT('2D SPACE',''
  ) );
#9670 = ORIENTED_EDGE('',*,*,#9671,.F.);
#9671 = EDGE_CURVE('',#9545,#9640,#9672,.T.);
#9672 = SURFACE_CURVE('',#9673,(#9676,#9683),.PCURVE_S1.);
#9673 = B_SPLINE_CURVE_WITH_KNOTS('',1,(#9674,#9675),.UNSPECIFIED.,.F.,
  .F.,(2,2),(0.,1.),.PIECEWISE_BEZIER_KNOTS.);
#9674 = CARTESIAN_POINT('',(-8.48048869867,-0.575596587666,0.));
#9675 = CARTESIAN_POINT('',(-8.48048869867,-0.575596587666,6.));
#9676 = PCURVE('',#542,#9677);
#9677 = DEFINITIONAL_REPRESENTATION('',(#9678),#9682);
#9678 = LINE('',#9679,#9680);
#9679 = CARTESIAN_POINT('',(0.,1.));
#9680 = VECTOR('',#9681,1.);
#9681 = DIRECTION('',(1.,0.));
#9682 = ( GEOMETRIC_REPRESENTATION_CONTEXT(2) 
PARAMETRIC_REPRESENTATION_CONTEXT() REPRESENTATION_CONTEXT('2D SPACE',''
  ) );
#9683 = PCURVE('',#9493,#9684);
#9684 = DEFINITIONAL_REPRESENTATION('',(#9685),#9689);
#9685 = LINE('',#9686,#9687);
#9686 = CARTESIAN_POINT('',(0.,0.));
#9687 = VECTOR('',#9688,1.);
#9688 = DIRECTION('',(1.,0.));
#9689 = ( GEOMETRIC_REPRESENTATION_CONTEXT(2) 
PARAMETRIC_REPRESENTATION_CONTEXT() REPRESENTATION_CONTEXT('2D SPACE',''
  ) );
#9690 = ORIENTED_EDGE('',*,*,#9544,.T.);
#9691 = ADVANCED_FACE('',(#9692),#508,.F.);
#9692 = FACE_BOUND('',#9693,.F.);
#9693 = EDGE_LOOP('',(#9694,#9695,#9715,#9716));
#9694 = ORIENTED_EDGE('',*,*,#490,.F.);
#9695 = ORIENTED_EDGE('',*,*,#9696,.T.);
#9696 = EDGE_CURVE('',#457,#2917,#9697,.T.);
#9697 = SURFACE_CURVE('',#9698,(#9701,#9708),.PCURVE_S1.);
#9698 = B_SPLINE_CURVE_WITH_KNOTS('',1,(#9699,#9700),.UNSPECIFIED.,.F.,
  .F.,(2,2),(0.,1.),.PIECEWISE_BEZIER_KNOTS.);
#9699 = CARTESIAN_POINT('',(-10.57058842842,-1.955801696732,0.));
#9700 = CARTESIAN_POINT('',(-10.57058842842,-1.955801696732,6.));
#9701 = PCURVE('',#508,#9702);
#9702 = DEFINITIONAL_REPRESENTATION('',(#9703),#9707);
#9703 = LINE('',#9704,#9705);
#9704 = CARTESIAN_POINT('',(0.,0.));
#9705 = VECTOR('',#9706,1.);
#9706 = DIRECTION('',(1.,0.));
#9707 = ( GEOMETRIC_REPRESENTATION_CONTEXT(2) 
PARAMETRIC_REPRESENTATION_CONTEXT() REPRESENTATION_CONTEXT('2D SPACE',''
  ) );
#9708 = PCURVE('',#474,#9709);
#9709 = DEFINITIONAL_REPRESENTATION('',(#9710),#9714);
#9710 = LINE('',#9711,#9712);
#9711 = CARTESIAN_POINT('',(0.,1.));
#9712 = VECTOR('',#9713,1.);
#9713 = DIRECTION('',(1.,0.));
#9714 = ( GEOMETRIC_REPRESENTATION_CONTEXT(2) 
PARAMETRIC_REPRESENTATION_CONTEXT() REPRESENTATION_CONTEXT('2D SPACE',''
  ) );
#9715 = ORIENTED_EDGE('',*,*,#2941,.T.);
#9716 = ORIENTED_EDGE('',*,*,#9618,.F.);
#9717 = ADVANCED_FACE('',(#9718),#474,.F.);
#9718 = FACE_BOUND('',#9719,.F.);
#9719 = EDGE_LOOP('',(#9720,#9721,#9753,#9784,#9814,#9815));
#9720 = ORIENTED_EDGE('',*,*,#456,.F.);
#9721 = ORIENTED_EDGE('',*,*,#9722,.F.);
#9722 = EDGE_CURVE('',#9723,#424,#9725,.T.);
#9723 = VERTEX_POINT('',#9724);
#9724 = CARTESIAN_POINT('',(-8.207888335741,-2.209201002175,0.49));
#9725 = SURFACE_CURVE('',#9726,(#9733,#9743),.PCURVE_S1.);
#9726 = B_SPLINE_CURVE_WITH_KNOTS('',5,(#9727,#9728,#9729,#9730,#9731,
    #9732),.UNSPECIFIED.,.F.,.F.,(6,6),(0.,1.),
  .PIECEWISE_BEZIER_KNOTS.);
#9727 = CARTESIAN_POINT('',(-8.207888335741,-2.209201002175,0.49));
#9728 = CARTESIAN_POINT('',(-8.299951025743,-2.24427325553,
    0.391985654507));
#9729 = CARTESIAN_POINT('',(-8.393726349648,-2.273400869173,
    0.293848037516));
#9730 = CARTESIAN_POINT('',(-8.48907461932,-2.296684909932,
    0.195732860938));
#9731 = CARTESIAN_POINT('',(-8.58582137673,-2.314281243393,
    9.775390855047E-02));
#9732 = CARTESIAN_POINT('',(-8.683773185248,-2.326409952517,0.));
#9733 = PCURVE('',#474,#9734);
#9734 = DEFINITIONAL_REPRESENTATION('',(#9735),#9742);
#9735 = B_SPLINE_CURVE_WITH_KNOTS('',5,(#9736,#9737,#9738,#9739,#9740,
    #9741),.UNSPECIFIED.,.F.,.F.,(6,6),(0.,1.),
  .PIECEWISE_BEZIER_KNOTS.);
#9736 = CARTESIAN_POINT('',(8.166666666667E-02,0.));
#9737 = CARTESIAN_POINT('',(6.53309424179E-02,3.937840008448E-02));
#9738 = CARTESIAN_POINT('',(4.897467291928E-02,7.914988528522E-02));
#9739 = CARTESIAN_POINT('',(3.26221434896E-02,0.119299833236));
#9740 = CARTESIAN_POINT('',(1.629231809174E-02,0.159806802711));
#9741 = CARTESIAN_POINT('',(0.,0.200648579146));
#9742 = ( GEOMETRIC_REPRESENTATION_CONTEXT(2) 
PARAMETRIC_REPRESENTATION_CONTEXT() REPRESENTATION_CONTEXT('2D SPACE',''
  ) );
#9743 = PCURVE('',#444,#9744);
#9744 = DEFINITIONAL_REPRESENTATION('',(#9745),#9752);
#9745 = B_SPLINE_CURVE_WITH_KNOTS('',5,(#9746,#9747,#9748,#9749,#9750,
    #9751),.UNSPECIFIED.,.F.,.F.,(6,6),(0.,1.),
  .PIECEWISE_BEZIER_KNOTS.);
#9746 = CARTESIAN_POINT('',(-3.404517510109,1.E-02));
#9747 = CARTESIAN_POINT('',(-3.405686840935,0.108014345493));
#9748 = CARTESIAN_POINT('',(-3.406094756347,0.206151962484));
#9749 = CARTESIAN_POINT('',(-3.405800852702,0.304267139062));
#9750 = CARTESIAN_POINT('',(-3.404865426292,0.40224609145));
#9751 = CARTESIAN_POINT('',(-3.403349057182,0.5));
#9752 = ( GEOMETRIC_REPRESENTATION_CONTEXT(2) 
PARAMETRIC_REPRESENTATION_CONTEXT() REPRESENTATION_CONTEXT('2D SPACE',''
  ) );
#9753 = ORIENTED_EDGE('',*,*,#9754,.T.);
#9754 = EDGE_CURVE('',#9723,#9755,#9757,.T.);
#9755 = VERTEX_POINT('',#9756);
#9756 = CARTESIAN_POINT('',(-8.207888335741,-2.209201002175,5.51));
#9757 = SURFACE_CURVE('',#9758,(#9761,#9768),.PCURVE_S1.);
#9758 = B_SPLINE_CURVE_WITH_KNOTS('',1,(#9759,#9760),.UNSPECIFIED.,.F.,
  .F.,(2,2),(0.,1.),.PIECEWISE_BEZIER_KNOTS.);
#9759 = CARTESIAN_POINT('',(-8.207888335741,-2.209201002175,0.));
#9760 = CARTESIAN_POINT('',(-8.207888335741,-2.209201002175,6.));
#9761 = PCURVE('',#474,#9762);
#9762 = DEFINITIONAL_REPRESENTATION('',(#9763),#9767);
#9763 = LINE('',#9764,#9765);
#9764 = CARTESIAN_POINT('',(0.,0.));
#9765 = VECTOR('',#9766,1.);
#9766 = DIRECTION('',(1.,0.));
#9767 = ( GEOMETRIC_REPRESENTATION_CONTEXT(2) 
PARAMETRIC_REPRESENTATION_CONTEXT() REPRESENTATION_CONTEXT('2D SPACE',''
  ) );
#9768 = PCURVE('',#9769,#9778);
#9769 = B_SPLINE_SURFACE_WITH_KNOTS('',1,3,(
    (#9770,#9771,#9772,#9773)
    ,(#9774,#9775,#9776,#9777
    )),.UNSPECIFIED.,.F.,.F.,.F.,(2,2),(4,4),(0.,1.),(0.,1.),
  .PIECEWISE_BEZIER_KNOTS.);
#9770 = CARTESIAN_POINT('',(-7.834096522758,-3.298019355933,0.));
#9771 = CARTESIAN_POINT('',(-7.983107159894,-2.944082274377,0.));
#9772 = CARTESIAN_POINT('',(-8.108086010852,-2.580031318664,0.));
#9773 = CARTESIAN_POINT('',(-8.207888335741,-2.209201002175,0.));
#9774 = CARTESIAN_POINT('',(-7.834096522758,-3.298019355933,6.));
#9775 = CARTESIAN_POINT('',(-7.983107159894,-2.944082274377,6.));
#9776 = CARTESIAN_POINT('',(-8.108086010852,-2.580031318664,6.));
#9777 = CARTESIAN_POINT('',(-8.207888335741,-2.209201002175,6.));
#9778 = DEFINITIONAL_REPRESENTATION('',(#9779),#9783);
#9779 = LINE('',#9780,#9781);
#9780 = CARTESIAN_POINT('',(0.,1.));
#9781 = VECTOR('',#9782,1.);
#9782 = DIRECTION('',(1.,0.));
#9783 = ( GEOMETRIC_REPRESENTATION_CONTEXT(2) 
PARAMETRIC_REPRESENTATION_CONTEXT() REPRESENTATION_CONTEXT('2D SPACE',''
  ) );
#9784 = ORIENTED_EDGE('',*,*,#9785,.T.);
#9785 = EDGE_CURVE('',#9755,#2884,#9786,.T.);
#9786 = SURFACE_CURVE('',#9787,(#9794,#9804),.PCURVE_S1.);
#9787 = B_SPLINE_CURVE_WITH_KNOTS('',5,(#9788,#9789,#9790,#9791,#9792,
    #9793),.UNSPECIFIED.,.F.,.F.,(6,6),(0.,1.),
  .PIECEWISE_BEZIER_KNOTS.);
#9788 = CARTESIAN_POINT('',(-8.207888335741,-2.209201002175,5.51));
#9789 = CARTESIAN_POINT('',(-8.299951025764,-2.244273255538,
    5.608014345515));
#9790 = CARTESIAN_POINT('',(-8.39372635072,-2.273400869082,
    5.706151961263));
#9791 = CARTESIAN_POINT('',(-8.489074614475,-2.296684909159,
    5.804267144507));
#9792 = CARTESIAN_POINT('',(-8.585821376709,-2.314281243391,
    5.902246091406));
#9793 = CARTESIAN_POINT('',(-8.683773185271,-2.32640995252,6.));
#9794 = PCURVE('',#474,#9795);
#9795 = DEFINITIONAL_REPRESENTATION('',(#9796),#9803);
#9796 = B_SPLINE_CURVE_WITH_KNOTS('',5,(#9797,#9798,#9799,#9800,#9801,
    #9802),.UNSPECIFIED.,.F.,.F.,(6,6),(0.,1.),
  .PIECEWISE_BEZIER_KNOTS.);
#9797 = CARTESIAN_POINT('',(0.918333333333,0.));
#9798 = CARTESIAN_POINT('',(0.934669057586,3.937840009346E-02));
#9799 = CARTESIAN_POINT('',(0.951025326877,7.91498857223E-02));
#9800 = CARTESIAN_POINT('',(0.967377857418,0.119299831211));
#9801 = CARTESIAN_POINT('',(0.983707681901,0.159806802703));
#9802 = CARTESIAN_POINT('',(1.,0.200648579156));
#9803 = ( GEOMETRIC_REPRESENTATION_CONTEXT(2) 
PARAMETRIC_REPRESENTATION_CONTEXT() REPRESENTATION_CONTEXT('2D SPACE',''
  ) );
#9804 = PCURVE('',#2904,#9805);
#9805 = DEFINITIONAL_REPRESENTATION('',(#9806),#9813);
#9806 = B_SPLINE_CURVE_WITH_KNOTS('',5,(#9807,#9808,#9809,#9810,#9811,
    #9812),.UNSPECIFIED.,.F.,.F.,(6,6),(0.,1.),
  .PIECEWISE_BEZIER_KNOTS.);
#9807 = CARTESIAN_POINT('',(3.404517510109,-0.5));
#9808 = CARTESIAN_POINT('',(3.405686840936,-0.401985654485));
#9809 = CARTESIAN_POINT('',(3.406094756306,-0.303848037621));
#9810 = CARTESIAN_POINT('',(3.40580085276,-0.205732860655));
#9811 = CARTESIAN_POINT('',(3.404865426293,-0.107753908583));
#9812 = CARTESIAN_POINT('',(3.403349057182,-9.999999988579E-03));
#9813 = ( GEOMETRIC_REPRESENTATION_CONTEXT(2) 
PARAMETRIC_REPRESENTATION_CONTEXT() REPRESENTATION_CONTEXT('2D SPACE',''
  ) );
#9814 = ORIENTED_EDGE('',*,*,#2916,.T.);
#9815 = ORIENTED_EDGE('',*,*,#9696,.F.);
#9816 = ADVANCED_FACE('',(#9817),#444,.F.);
#9817 = FACE_BOUND('',#9818,.T.);
#9818 = EDGE_LOOP('',(#9819,#9851,#9852,#9853));
#9819 = ORIENTED_EDGE('',*,*,#9820,.T.);
#9820 = EDGE_CURVE('',#9821,#390,#9823,.T.);
#9821 = VERTEX_POINT('',#9822);
#9822 = CARTESIAN_POINT('',(-7.834096522758,-3.298019355933,0.49));
#9823 = SURFACE_CURVE('',#9824,(#9831,#9841),.PCURVE_S1.);
#9824 = B_SPLINE_CURVE_WITH_KNOTS('',5,(#9825,#9826,#9827,#9828,#9829,
    #9830),.UNSPECIFIED.,.F.,.F.,(6,6),(0.,1.),
  .PIECEWISE_BEZIER_KNOTS.);
#9825 = CARTESIAN_POINT('',(-7.834096522758,-3.298019355933,0.49));
#9826 = CARTESIAN_POINT('',(-7.928288744716,-3.32688849462,
    0.391985654507));
#9827 = CARTESIAN_POINT('',(-8.020181202181,-3.361500710831,
    0.293848037516));
#9828 = CARTESIAN_POINT('',(-8.109725738117,-3.40169045041,
    0.195732860938));
#9829 = CARTESIAN_POINT('',(-8.19688041525,-3.447227559173,
    9.775390855047E-02));
#9830 = CARTESIAN_POINT('',(-8.281627762653,-3.497819549499,0.));
#9831 = PCURVE('',#444,#9832);
#9832 = DEFINITIONAL_REPRESENTATION('',(#9833),#9840);
#9833 = B_SPLINE_CURVE_WITH_KNOTS('',5,(#9834,#9835,#9836,#9837,#9838,
    #9839),.UNSPECIFIED.,.F.,.F.,(6,6),(0.,1.),
  .PIECEWISE_BEZIER_KNOTS.);
#9834 = CARTESIAN_POINT('',(-3.540055724142,9.999999999998E-03));
#9835 = CARTESIAN_POINT('',(-3.538886393316,0.108014345493));
#9836 = CARTESIAN_POINT('',(-3.538478477904,0.206151962484));
#9837 = CARTESIAN_POINT('',(-3.538772381549,0.304267139062));
#9838 = CARTESIAN_POINT('',(-3.539707807959,0.40224609145));
#9839 = CARTESIAN_POINT('',(-3.541224177069,0.5));
#9840 = ( GEOMETRIC_REPRESENTATION_CONTEXT(2) 
PARAMETRIC_REPRESENTATION_CONTEXT() REPRESENTATION_CONTEXT('2D SPACE',''
  ) );
#9841 = PCURVE('',#407,#9842);
#9842 = DEFINITIONAL_REPRESENTATION('',(#9843),#9850);
#9843 = B_SPLINE_CURVE_WITH_KNOTS('',5,(#9844,#9845,#9846,#9847,#9848,
    #9849),.UNSPECIFIED.,.F.,.F.,(6,6),(0.,1.),
  .PIECEWISE_BEZIER_KNOTS.);
#9844 = CARTESIAN_POINT('',(8.166666666667E-02,1.));
#9845 = CARTESIAN_POINT('',(6.53309424179E-02,0.960621599916));
#9846 = CARTESIAN_POINT('',(4.897467291928E-02,0.920850114715));
#9847 = CARTESIAN_POINT('',(3.26221434896E-02,0.880700166764));
#9848 = CARTESIAN_POINT('',(1.629231809175E-02,0.840193197289));
#9849 = CARTESIAN_POINT('',(0.,0.799351420854));
#9850 = ( GEOMETRIC_REPRESENTATION_CONTEXT(2) 
PARAMETRIC_REPRESENTATION_CONTEXT() REPRESENTATION_CONTEXT('2D SPACE',''
  ) );
#9851 = ORIENTED_EDGE('',*,*,#423,.T.);
#9852 = ORIENTED_EDGE('',*,*,#9722,.F.);
#9853 = ORIENTED_EDGE('',*,*,#9854,.F.);
#9854 = EDGE_CURVE('',#9821,#9723,#9855,.T.);
#9855 = SURFACE_CURVE('',#9856,(#9865,#9877),.PCURVE_S1.);
#9856 = B_SPLINE_CURVE_WITH_KNOTS('',4,(#9857,#9858,#9859,#9860,#9861,
    #9862,#9863,#9864),.UNSPECIFIED.,.F.,.F.,(5,3,5),(0.,0.499491022912,
    1.),.UNSPECIFIED.);
#9857 = CARTESIAN_POINT('',(-7.834096522758,-3.298019355933,0.49));
#9858 = CARTESIAN_POINT('',(-7.889918580505,-3.165428175966,
    0.489996810525));
#9859 = CARTESIAN_POINT('',(-7.942742867635,-3.031575128987,
    0.48999963623));
#9860 = CARTESIAN_POINT('',(-7.992533589063,-2.896564391244,
    0.49000106152));
#9861 = CARTESIAN_POINT('',(-8.086071888809,-2.624157798323,
    0.490001070201));
#9862 = CARTESIAN_POINT('',(-8.129806930638,-2.486757683484,
    0.489999647788));
#9863 = CARTESIAN_POINT('',(-8.170424398929,-2.348403806922,
    0.489996804025));
#9864 = CARTESIAN_POINT('',(-8.207888335741,-2.209201002175,0.49));
#9865 = PCURVE('',#444,#9866);
#9866 = DEFINITIONAL_REPRESENTATION('',(#9867),#9876);
#9867 = B_SPLINE_CURVE_WITH_KNOTS('',4,(#9868,#9869,#9870,#9871,#9872,
    #9873,#9874,#9875),.UNSPECIFIED.,.F.,.F.,(5,3,5),(0.,0.499491022912,
    1.),.UNSPECIFIED.);
#9868 = CARTESIAN_POINT('',(-3.540055724142,9.999999999998E-03));
#9869 = CARTESIAN_POINT('',(-3.523130681528,1.000318947456E-02));
#9870 = CARTESIAN_POINT('',(-3.506205667389,1.000036377006E-02));
#9871 = CARTESIAN_POINT('',(-3.489280634469,9.99893848042E-03));
#9872 = CARTESIAN_POINT('',(-3.455396078538,9.998929798699E-03));
#9873 = CARTESIAN_POINT('',(-3.438436552649,1.00003522125E-02));
#9874 = CARTESIAN_POINT('',(-3.421477045668,1.000319597465E-02));
#9875 = CARTESIAN_POINT('',(-3.404517510109,9.999999999999E-03));
#9876 = ( GEOMETRIC_REPRESENTATION_CONTEXT(2) 
PARAMETRIC_REPRESENTATION_CONTEXT() REPRESENTATION_CONTEXT('2D SPACE',''
  ) );
#9877 = PCURVE('',#9769,#9878);
#9878 = DEFINITIONAL_REPRESENTATION('',(#9879),#9888);
#9879 = B_SPLINE_CURVE_WITH_KNOTS('',4,(#9880,#9881,#9882,#9883,#9884,
    #9885,#9886,#9887),.UNSPECIFIED.,.F.,.F.,(5,3,5),(0.,0.499491022912,
    1.),.UNSPECIFIED.);
#9880 = CARTESIAN_POINT('',(8.166666666667E-02,0.));
#9881 = CARTESIAN_POINT('',(8.166613508757E-02,0.124872646276));
#9882 = CARTESIAN_POINT('',(8.166660603832E-02,0.249745487056));
#9883 = CARTESIAN_POINT('',(8.16668435866E-02,0.374618245741));
#9884 = CARTESIAN_POINT('',(8.166684503355E-02,0.624618288642));
#9885 = CARTESIAN_POINT('',(8.166660796458E-02,0.749745535628));
#9886 = CARTESIAN_POINT('',(8.166613400423E-02,0.874872865426));
#9887 = CARTESIAN_POINT('',(8.166666666667E-02,1.));
#9888 = ( GEOMETRIC_REPRESENTATION_CONTEXT(2) 
PARAMETRIC_REPRESENTATION_CONTEXT() REPRESENTATION_CONTEXT('2D SPACE',''
  ) );
#9889 = ADVANCED_FACE('',(#9890),#407,.F.);
#9890 = FACE_BOUND('',#9891,.F.);
#9891 = EDGE_LOOP('',(#9892,#9893,#9913,#9914,#9946,#9966));
#9892 = ORIENTED_EDGE('',*,*,#389,.F.);
#9893 = ORIENTED_EDGE('',*,*,#9894,.T.);
#9894 = EDGE_CURVE('',#356,#4831,#9895,.T.);
#9895 = SURFACE_CURVE('',#9896,(#9899,#9906),.PCURVE_S1.);
#9896 = B_SPLINE_CURVE_WITH_KNOTS('',1,(#9897,#9898),.UNSPECIFIED.,.F.,
  .F.,(2,2),(0.,1.),.PIECEWISE_BEZIER_KNOTS.);
#9897 = CARTESIAN_POINT('',(-9.542957802656,-4.949187446109,0.));
#9898 = CARTESIAN_POINT('',(-9.542957802656,-4.949187446109,6.));
#9899 = PCURVE('',#407,#9900);
#9900 = DEFINITIONAL_REPRESENTATION('',(#9901),#9905);
#9901 = LINE('',#9902,#9903);
#9902 = CARTESIAN_POINT('',(0.,0.));
#9903 = VECTOR('',#9904,1.);
#9904 = DIRECTION('',(1.,0.));
#9905 = ( GEOMETRIC_REPRESENTATION_CONTEXT(2) 
PARAMETRIC_REPRESENTATION_CONTEXT() REPRESENTATION_CONTEXT('2D SPACE',''
  ) );
#9906 = PCURVE('',#373,#9907);
#9907 = DEFINITIONAL_REPRESENTATION('',(#9908),#9912);
#9908 = LINE('',#9909,#9910);
#9909 = CARTESIAN_POINT('',(0.,1.));
#9910 = VECTOR('',#9911,1.);
#9911 = DIRECTION('',(1.,0.));
#9912 = ( GEOMETRIC_REPRESENTATION_CONTEXT(2) 
PARAMETRIC_REPRESENTATION_CONTEXT() REPRESENTATION_CONTEXT('2D SPACE',''
  ) );
#9913 = ORIENTED_EDGE('',*,*,#4855,.T.);
#9914 = ORIENTED_EDGE('',*,*,#9915,.T.);
#9915 = EDGE_CURVE('',#2882,#9916,#9918,.T.);
#9916 = VERTEX_POINT('',#9917);
#9917 = CARTESIAN_POINT('',(-7.834096522758,-3.298019355933,5.51));
#9918 = SURFACE_CURVE('',#9919,(#9926,#9936),.PCURVE_S1.);
#9919 = B_SPLINE_CURVE_WITH_KNOTS('',5,(#9920,#9921,#9922,#9923,#9924,
    #9925),.UNSPECIFIED.,.F.,.F.,(6,6),(0.,1.),
  .PIECEWISE_BEZIER_KNOTS.);
#9920 = CARTESIAN_POINT('',(-8.281627762673,-3.49781954951,6.));
#9921 = CARTESIAN_POINT('',(-8.196880415203,-3.447227559144,
    5.902246091372));
#9922 = CARTESIAN_POINT('',(-8.109725733816,-3.401690448048,
    5.804267144509));
#9923 = CARTESIAN_POINT('',(-8.020181202969,-3.361500711555,
    5.706151961263));
#9924 = CARTESIAN_POINT('',(-7.928288744699,-3.326888494614,
    5.608014345475));
#9925 = CARTESIAN_POINT('',(-7.834096522758,-3.298019355933,5.51));
#9926 = PCURVE('',#407,#9927);
#9927 = DEFINITIONAL_REPRESENTATION('',(#9928),#9935);
#9928 = B_SPLINE_CURVE_WITH_KNOTS('',5,(#9929,#9930,#9931,#9932,#9933,
    #9934),.UNSPECIFIED.,.F.,.F.,(6,6),(0.,1.),
  .PIECEWISE_BEZIER_KNOTS.);
#9929 = CARTESIAN_POINT('',(1.,0.799351420844));
#9930 = CARTESIAN_POINT('',(0.983707681895,0.840193197312));
#9931 = CARTESIAN_POINT('',(0.967377857418,0.880700168789));
#9932 = CARTESIAN_POINT('',(0.951025326877,0.920850114279));
#9933 = CARTESIAN_POINT('',(0.934669057579,0.960621599923));
#9934 = CARTESIAN_POINT('',(0.918333333333,1.));
#9935 = ( GEOMETRIC_REPRESENTATION_CONTEXT(2) 
PARAMETRIC_REPRESENTATION_CONTEXT() REPRESENTATION_CONTEXT('2D SPACE',''
  ) );
#9936 = PCURVE('',#2904,#9937);
#9937 = DEFINITIONAL_REPRESENTATION('',(#9938),#9945);
#9938 = B_SPLINE_CURVE_WITH_KNOTS('',5,(#9939,#9940,#9941,#9942,#9943,
    #9944),.UNSPECIFIED.,.F.,.F.,(6,6),(0.,1.),
  .PIECEWISE_BEZIER_KNOTS.);
#9939 = CARTESIAN_POINT('',(3.541224177069,-9.99999998858E-03));
#9940 = CARTESIAN_POINT('',(3.539707807958,-0.107753908617));
#9941 = CARTESIAN_POINT('',(3.538772381491,-0.205732860654));
#9942 = CARTESIAN_POINT('',(3.538478477945,-0.303848037623));
#9943 = CARTESIAN_POINT('',(3.538886393316,-0.401985654525));
#9944 = CARTESIAN_POINT('',(3.540055724142,-0.5));
#9945 = ( GEOMETRIC_REPRESENTATION_CONTEXT(2) 
PARAMETRIC_REPRESENTATION_CONTEXT() REPRESENTATION_CONTEXT('2D SPACE',''
  ) );
#9946 = ORIENTED_EDGE('',*,*,#9947,.F.);
#9947 = EDGE_CURVE('',#9821,#9916,#9948,.T.);
#9948 = SURFACE_CURVE('',#9949,(#9952,#9959),.PCURVE_S1.);
#9949 = B_SPLINE_CURVE_WITH_KNOTS('',1,(#9950,#9951),.UNSPECIFIED.,.F.,
  .F.,(2,2),(0.,1.),.PIECEWISE_BEZIER_KNOTS.);
#9950 = CARTESIAN_POINT('',(-7.834096522758,-3.298019355933,0.));
#9951 = CARTESIAN_POINT('',(-7.834096522758,-3.298019355933,6.));
#9952 = PCURVE('',#407,#9953);
#9953 = DEFINITIONAL_REPRESENTATION('',(#9954),#9958);
#9954 = LINE('',#9955,#9956);
#9955 = CARTESIAN_POINT('',(0.,1.));
#9956 = VECTOR('',#9957,1.);
#9957 = DIRECTION('',(1.,0.));
#9958 = ( GEOMETRIC_REPRESENTATION_CONTEXT(2) 
PARAMETRIC_REPRESENTATION_CONTEXT() REPRESENTATION_CONTEXT('2D SPACE',''
  ) );
#9959 = PCURVE('',#9769,#9960);
#9960 = DEFINITIONAL_REPRESENTATION('',(#9961),#9965);
#9961 = LINE('',#9962,#9963);
#9962 = CARTESIAN_POINT('',(0.,0.));
#9963 = VECTOR('',#9964,1.);
#9964 = DIRECTION('',(1.,0.));
#9965 = ( GEOMETRIC_REPRESENTATION_CONTEXT(2) 
PARAMETRIC_REPRESENTATION_CONTEXT() REPRESENTATION_CONTEXT('2D SPACE',''
  ) );
#9966 = ORIENTED_EDGE('',*,*,#9820,.T.);
#9967 = ADVANCED_FACE('',(#9968),#373,.F.);
#9968 = FACE_BOUND('',#9969,.F.);
#9969 = EDGE_LOOP('',(#9970,#9971,#9991,#9992));
#9970 = ORIENTED_EDGE('',*,*,#355,.F.);
#9971 = ORIENTED_EDGE('',*,*,#9972,.T.);
#9972 = EDGE_CURVE('',#322,#4806,#9973,.T.);
#9973 = SURFACE_CURVE('',#9974,(#9977,#9984),.PCURVE_S1.);
#9974 = B_SPLINE_CURVE_WITH_KNOTS('',1,(#9975,#9976),.UNSPECIFIED.,.F.,
  .F.,(2,2),(0.,1.),.PIECEWISE_BEZIER_KNOTS.);
#9975 = CARTESIAN_POINT('',(-9.362797017723,-5.282095418006,0.));
#9976 = CARTESIAN_POINT('',(-9.362797017723,-5.282095418006,6.));
#9977 = PCURVE('',#373,#9978);
#9978 = DEFINITIONAL_REPRESENTATION('',(#9979),#9983);
#9979 = LINE('',#9980,#9981);
#9980 = CARTESIAN_POINT('',(0.,0.));
#9981 = VECTOR('',#9982,1.);
#9982 = DIRECTION('',(1.,0.));
#9983 = ( GEOMETRIC_REPRESENTATION_CONTEXT(2) 
PARAMETRIC_REPRESENTATION_CONTEXT() REPRESENTATION_CONTEXT('2D SPACE',''
  ) );
#9984 = PCURVE('',#339,#9985);
#9985 = DEFINITIONAL_REPRESENTATION('',(#9986),#9990);
#9986 = LINE('',#9987,#9988);
#9987 = CARTESIAN_POINT('',(0.,1.));
#9988 = VECTOR('',#9989,1.);
#9989 = DIRECTION('',(1.,0.));
#9990 = ( GEOMETRIC_REPRESENTATION_CONTEXT(2) 
PARAMETRIC_REPRESENTATION_CONTEXT() REPRESENTATION_CONTEXT('2D SPACE',''
  ) );
#9991 = ORIENTED_EDGE('',*,*,#4830,.T.);
#9992 = ORIENTED_EDGE('',*,*,#9894,.F.);
#9993 = ADVANCED_FACE('',(#9994),#339,.F.);
#9994 = FACE_BOUND('',#9995,.F.);
#9995 = EDGE_LOOP('',(#9996,#9997,#9998,#10020,#10050,#10051));
#9996 = ORIENTED_EDGE('',*,*,#321,.F.);
#9997 = ORIENTED_EDGE('',*,*,#5112,.F.);
#9998 = ORIENTED_EDGE('',*,*,#9999,.T.);
#9999 = EDGE_CURVE('',#5113,#10000,#10002,.T.);
#10000 = VERTEX_POINT('',#10001);
#10001 = CARTESIAN_POINT('',(-7.045835913124,-4.754597384146,5.51));
#10002 = SURFACE_CURVE('',#10003,(#10006,#10013),.PCURVE_S1.);
#10003 = B_SPLINE_CURVE_WITH_KNOTS('',1,(#10004,#10005),.UNSPECIFIED.,
  .F.,.F.,(2,2),(0.,1.),.PIECEWISE_BEZIER_KNOTS.);
#10004 = CARTESIAN_POINT('',(-7.045835913124,-4.754597384146,0.));
#10005 = CARTESIAN_POINT('',(-7.045835913124,-4.754597384146,6.));
#10006 = PCURVE('',#339,#10007);
#10007 = DEFINITIONAL_REPRESENTATION('',(#10008),#10012);
#10008 = LINE('',#10009,#10010);
#10009 = CARTESIAN_POINT('',(0.,0.));
#10010 = VECTOR('',#10011,1.);
#10011 = DIRECTION('',(1.,0.));
#10012 = ( GEOMETRIC_REPRESENTATION_CONTEXT(2) 
PARAMETRIC_REPRESENTATION_CONTEXT() REPRESENTATION_CONTEXT('2D SPACE',''
  ) );
#10013 = PCURVE('',#5168,#10014);
#10014 = DEFINITIONAL_REPRESENTATION('',(#10015),#10019);
#10015 = LINE('',#10016,#10017);
#10016 = CARTESIAN_POINT('',(0.,1.));
#10017 = VECTOR('',#10018,1.);
#10018 = DIRECTION('',(1.,0.));
#10019 = ( GEOMETRIC_REPRESENTATION_CONTEXT(2) 
PARAMETRIC_REPRESENTATION_CONTEXT() REPRESENTATION_CONTEXT('2D SPACE',''
  ) );
#10020 = ORIENTED_EDGE('',*,*,#10021,.T.);
#10021 = EDGE_CURVE('',#10000,#4773,#10022,.T.);
#10022 = SURFACE_CURVE('',#10023,(#10030,#10040),.PCURVE_S1.);
#10023 = B_SPLINE_CURVE_WITH_KNOTS('',5,(#10024,#10025,#10026,#10027,
    #10028,#10029),.UNSPECIFIED.,.F.,.F.,(6,6),(0.,1.),
  .PIECEWISE_BEZIER_KNOTS.);
#10024 = CARTESIAN_POINT('',(-7.045835913124,-4.754597384146,5.51));
#10025 = CARTESIAN_POINT('',(-7.121522450615,-4.817662032666,
    5.608014345515));
#10026 = CARTESIAN_POINT('',(-7.200759049147,-4.875660230003,
    5.706151961263));
#10027 = CARTESIAN_POINT('',(-7.283380765519,-4.928642207195,
    5.804267144507));
#10028 = CARTESIAN_POINT('',(-7.369172000934,-4.976698745847,
    5.902246091406));
#10029 = CARTESIAN_POINT('',(-7.457878324911,-5.019975188309,6.));
#10030 = PCURVE('',#339,#10031);
#10031 = DEFINITIONAL_REPRESENTATION('',(#10032),#10039);
#10032 = B_SPLINE_CURVE_WITH_KNOTS('',5,(#10033,#10034,#10035,#10036,
    #10037,#10038),.UNSPECIFIED.,.F.,.F.,(6,6),(0.,1.),
  .PIECEWISE_BEZIER_KNOTS.);
#10033 = CARTESIAN_POINT('',(0.918333333333,0.));
#10034 = CARTESIAN_POINT('',(0.934669057586,3.937840009347E-02));
#10035 = CARTESIAN_POINT('',(0.951025326877,7.91498857223E-02));
#10036 = CARTESIAN_POINT('',(0.967377857418,0.119299831211));
#10037 = CARTESIAN_POINT('',(0.983707681901,0.159806802703));
#10038 = CARTESIAN_POINT('',(1.,0.200648579156));
#10039 = ( GEOMETRIC_REPRESENTATION_CONTEXT(2) 
PARAMETRIC_REPRESENTATION_CONTEXT() REPRESENTATION_CONTEXT('2D SPACE',''
  ) );
#10040 = PCURVE('',#4793,#10041);
#10041 = DEFINITIONAL_REPRESENTATION('',(#10042),#10049);
#10042 = B_SPLINE_CURVE_WITH_KNOTS('',5,(#10043,#10044,#10045,#10046,
    #10047,#10048),.UNSPECIFIED.,.F.,.F.,(6,6),(0.,1.),
  .PIECEWISE_BEZIER_KNOTS.);
#10043 = CARTESIAN_POINT('',(3.735211473645,-0.5));
#10044 = CARTESIAN_POINT('',(3.736380804471,-0.401985654485));
#10045 = CARTESIAN_POINT('',(3.736788719842,-0.303848037621));
#10046 = CARTESIAN_POINT('',(3.736494816296,-0.205732860655));
#10047 = CARTESIAN_POINT('',(3.735559389829,-0.107753908583));
#10048 = CARTESIAN_POINT('',(3.734043020717,-9.999999988579E-03));
#10049 = ( GEOMETRIC_REPRESENTATION_CONTEXT(2) 
PARAMETRIC_REPRESENTATION_CONTEXT() REPRESENTATION_CONTEXT('2D SPACE',''
  ) );
#10050 = ORIENTED_EDGE('',*,*,#4805,.T.);
#10051 = ORIENTED_EDGE('',*,*,#9972,.F.);
#10052 = ADVANCED_FACE('',(#10053),#2904,.F.);
#10053 = FACE_BOUND('',#10054,.T.);
#10054 = EDGE_LOOP('',(#10055,#10056,#10057,#10093));
#10055 = ORIENTED_EDGE('',*,*,#2881,.F.);
#10056 = ORIENTED_EDGE('',*,*,#9915,.T.);
#10057 = ORIENTED_EDGE('',*,*,#10058,.T.);
#10058 = EDGE_CURVE('',#9916,#9755,#10059,.T.);
#10059 = SURFACE_CURVE('',#10060,(#10069,#10081),.PCURVE_S1.);
#10060 = B_SPLINE_CURVE_WITH_KNOTS('',4,(#10061,#10062,#10063,#10064,
    #10065,#10066,#10067,#10068),.UNSPECIFIED.,.F.,.F.,(5,3,5),(0.,
    0.499551447843,1.),.UNSPECIFIED.);
#10061 = CARTESIAN_POINT('',(-7.834096522758,-3.298019355933,5.51));
#10062 = CARTESIAN_POINT('',(-7.889925333467,-3.165412136013,
    5.51000318986));
#10063 = CARTESIAN_POINT('',(-7.942755648214,-3.031542743763,
    5.510000363115));
#10064 = CARTESIAN_POINT('',(-7.99255165893,-2.89651539323,
    5.509998937954));
#10065 = CARTESIAN_POINT('',(-8.086087728669,-2.624108034584,
    5.509998930303));
#10066 = CARTESIAN_POINT('',(-8.12981673784,-2.486724277386,
    5.51000035293));
#10067 = CARTESIAN_POINT('',(-8.170428921837,-2.348387001387,
    5.510003195589));
#10068 = CARTESIAN_POINT('',(-8.207888335741,-2.209201002175,5.51));
#10069 = PCURVE('',#2904,#10070);
#10070 = DEFINITIONAL_REPRESENTATION('',(#10071),#10080);
#10071 = B_SPLINE_CURVE_WITH_KNOTS('',4,(#10072,#10073,#10074,#10075,
    #10076,#10077,#10078,#10079),.UNSPECIFIED.,.F.,.F.,(5,3,5),(0.,
    0.499551447843,1.),.UNSPECIFIED.);
#10072 = CARTESIAN_POINT('',(3.540055724142,-0.5));
#10073 = CARTESIAN_POINT('',(3.523128634055,-0.49999681014));
#10074 = CARTESIAN_POINT('',(3.506201572449,-0.4999996369));
#10075 = CARTESIAN_POINT('',(3.489274492054,-0.500001062041));
#10076 = CARTESIAN_POINT('',(3.455389936123,-0.500001069692));
#10077 = CARTESIAN_POINT('',(3.438432457707,-0.499999647085));
#10078 = CARTESIAN_POINT('',(3.421474998194,-0.499996804411));
#10079 = CARTESIAN_POINT('',(3.404517510109,-0.5));
#10080 = ( GEOMETRIC_REPRESENTATION_CONTEXT(2) 
PARAMETRIC_REPRESENTATION_CONTEXT() REPRESENTATION_CONTEXT('2D SPACE',''
  ) );
#10081 = PCURVE('',#9769,#10082);
#10082 = DEFINITIONAL_REPRESENTATION('',(#10083),#10092);
#10083 = B_SPLINE_CURVE_WITH_KNOTS('',4,(#10084,#10085,#10086,#10087,
    #10088,#10089,#10090,#10091),.UNSPECIFIED.,.F.,.F.,(5,3,5),(0.,
    0.499551447843,1.),.UNSPECIFIED.);
#10084 = CARTESIAN_POINT('',(0.918333333333,0.));
#10085 = CARTESIAN_POINT('',(0.918333864977,0.124887752495));
#10086 = CARTESIAN_POINT('',(0.918333393853,0.249775699537));
#10087 = CARTESIAN_POINT('',(0.918333156326,0.374663564439));
#10088 = CARTESIAN_POINT('',(0.918333155051,0.62466360734));
#10089 = CARTESIAN_POINT('',(0.918333392155,0.749775748112));
#10090 = CARTESIAN_POINT('',(0.918333865931,0.874887971647));
#10091 = CARTESIAN_POINT('',(0.918333333333,1.));
#10092 = ( GEOMETRIC_REPRESENTATION_CONTEXT(2) 
PARAMETRIC_REPRESENTATION_CONTEXT() REPRESENTATION_CONTEXT('2D SPACE',''
  ) );
#10093 = ORIENTED_EDGE('',*,*,#9785,.T.);
#10094 = ADVANCED_FACE('',(#10095),#4793,.F.);
#10095 = FACE_BOUND('',#10096,.T.);
#10096 = EDGE_LOOP('',(#10097,#10098,#10099,#10135));
#10097 = ORIENTED_EDGE('',*,*,#4772,.F.);
#10098 = ORIENTED_EDGE('',*,*,#5214,.T.);
#10099 = ORIENTED_EDGE('',*,*,#10100,.T.);
#10100 = EDGE_CURVE('',#5215,#10000,#10101,.T.);
#10101 = SURFACE_CURVE('',#10102,(#10111,#10123),.PCURVE_S1.);
#10102 = B_SPLINE_CURVE_WITH_KNOTS('',4,(#10103,#10104,#10105,#10106,
    #10107,#10108,#10109,#10110),.UNSPECIFIED.,.F.,.F.,(5,3,5),(0.,
    0.499551397056,1.),.UNSPECIFIED.);
#10103 = CARTESIAN_POINT('',(-6.338758430073,-5.663050552942,5.51));
#10104 = CARTESIAN_POINT('',(-6.434619766001,-5.555755954079,
    5.51000318986));
#10105 = CARTESIAN_POINT('',(-6.528054899927,-5.446293961258,
    5.510000363116));
#10106 = CARTESIAN_POINT('',(-6.618996125738,-5.334751515034,
    5.509998937955));
#10107 = CARTESIAN_POINT('',(-6.795914679541,-5.107475051873,
    5.509998930303));
#10108 = CARTESIAN_POINT('',(-6.881882772677,-4.991733900296,
    5.510000352929));
#10109 = CARTESIAN_POINT('',(-6.965212525344,-4.874078862318,
    5.510003195589));
#10110 = CARTESIAN_POINT('',(-7.045835913124,-4.754597384146,5.51));
#10111 = PCURVE('',#4793,#10112);
#10112 = DEFINITIONAL_REPRESENTATION('',(#10113),#10122);
#10113 = B_SPLINE_CURVE_WITH_KNOTS('',4,(#10114,#10115,#10116,#10117,
    #10118,#10119,#10120,#10121),.UNSPECIFIED.,.F.,.F.,(5,3,5),(0.,
    0.499551397056,1.),.UNSPECIFIED.);
#10114 = CARTESIAN_POINT('',(3.870749687678,-0.5));
#10115 = CARTESIAN_POINT('',(3.853822599312,-0.49999681014));
#10116 = CARTESIAN_POINT('',(3.836895539426,-0.499999636899));
#10117 = CARTESIAN_POINT('',(3.819968460753,-0.50000106204));
#10118 = CARTESIAN_POINT('',(3.786083904821,-0.500001069692));
#10119 = CARTESIAN_POINT('',(3.769126424685,-0.499999647085));
#10120 = CARTESIAN_POINT('',(3.752168963451,-0.499996804411));
#10121 = CARTESIAN_POINT('',(3.735211473645,-0.5));
#10122 = ( GEOMETRIC_REPRESENTATION_CONTEXT(2) 
PARAMETRIC_REPRESENTATION_CONTEXT() REPRESENTATION_CONTEXT('2D SPACE',''
  ) );
#10123 = PCURVE('',#5168,#10124);
#10124 = DEFINITIONAL_REPRESENTATION('',(#10125),#10134);
#10125 = B_SPLINE_CURVE_WITH_KNOTS('',4,(#10126,#10127,#10128,#10129,
    #10130,#10131,#10132,#10133),.UNSPECIFIED.,.F.,.F.,(5,3,5),(0.,
    0.499551397056,1.),.UNSPECIFIED.);
#10126 = CARTESIAN_POINT('',(0.918333333333,0.));
#10127 = CARTESIAN_POINT('',(0.918333864977,0.124887739798));
#10128 = CARTESIAN_POINT('',(0.918333393853,0.249775674143));
#10129 = CARTESIAN_POINT('',(0.918333156326,0.374663526349));
#10130 = CARTESIAN_POINT('',(0.91833315505,0.62466356925));
#10131 = CARTESIAN_POINT('',(0.918333392155,0.749775722718));
#10132 = CARTESIAN_POINT('',(0.918333865932,0.874887958951));
#10133 = CARTESIAN_POINT('',(0.918333333333,1.));
#10134 = ( GEOMETRIC_REPRESENTATION_CONTEXT(2) 
PARAMETRIC_REPRESENTATION_CONTEXT() REPRESENTATION_CONTEXT('2D SPACE',''
  ) );
#10135 = ORIENTED_EDGE('',*,*,#10021,.T.);
#10136 = ADVANCED_FACE('',(#10137),#4685,.F.);
#10137 = FACE_BOUND('',#10138,.T.);
#10138 = EDGE_LOOP('',(#10139,#10140,#10141,#10177));
#10139 = ORIENTED_EDGE('',*,*,#4664,.F.);
#10140 = ORIENTED_EDGE('',*,*,#5490,.T.);
#10141 = ORIENTED_EDGE('',*,*,#10142,.T.);
#10142 = EDGE_CURVE('',#5491,#5330,#10143,.T.);
#10143 = SURFACE_CURVE('',#10144,(#10153,#10165),.PCURVE_S1.);
#10144 = B_SPLINE_CURVE_WITH_KNOTS('',4,(#10145,#10146,#10147,#10148,
    #10149,#10150,#10151,#10152),.UNSPECIFIED.,.F.,.F.,(5,3,5),(0.,
    0.499551397048,1.),.UNSPECIFIED.);
#10145 = CARTESIAN_POINT('',(-4.156517505519,-7.414402351256,5.51));
#10146 = CARTESIAN_POINT('',(-4.282023309149,-7.344047394605,
    5.51000318986));
#10147 = CARTESIAN_POINT('',(-4.405938120762,-7.270854692875,
    5.510000363116));
#10148 = CARTESIAN_POINT('',(-4.528169673196,-7.194884491806,
    5.509998937955));
#10149 = CARTESIAN_POINT('',(-4.769298838711,-7.037367854829,
    5.509998930303));
#10150 = CARTESIAN_POINT('',(-4.888190033919,-6.955811672301,
    5.510000352929));
#10151 = CARTESIAN_POINT('',(-5.005207279121,-6.871588635267,
    5.510003195589));
#10152 = CARTESIAN_POINT('',(-5.120257841912,-6.784759364365,5.51));
#10153 = PCURVE('',#4685,#10154);
#10154 = DEFINITIONAL_REPRESENTATION('',(#10155),#10164);
#10155 = B_SPLINE_CURVE_WITH_KNOTS('',4,(#10156,#10157,#10158,#10159,
    #10160,#10161,#10162,#10163),.UNSPECIFIED.,.F.,.F.,(5,3,5),(0.,
    0.499551397048,1.),.UNSPECIFIED.);
#10156 = CARTESIAN_POINT('',(4.201443651214,-0.5));
#10157 = CARTESIAN_POINT('',(4.184516562848,-0.49999681014));
#10158 = CARTESIAN_POINT('',(4.167589502963,-0.499999636899));
#10159 = CARTESIAN_POINT('',(4.150662424289,-0.50000106204));
#10160 = CARTESIAN_POINT('',(4.116777868358,-0.500001069692));
#10161 = CARTESIAN_POINT('',(4.099820388221,-0.499999647085));
#10162 = CARTESIAN_POINT('',(4.082862926987,-0.499996804411));
#10163 = CARTESIAN_POINT('',(4.06590543718,-0.5));
#10164 = ( GEOMETRIC_REPRESENTATION_CONTEXT(2) 
PARAMETRIC_REPRESENTATION_CONTEXT() REPRESENTATION_CONTEXT('2D SPACE',''
  ) );
#10165 = PCURVE('',#5344,#10166);
#10166 = DEFINITIONAL_REPRESENTATION('',(#10167),#10176);
#10167 = B_SPLINE_CURVE_WITH_KNOTS('',4,(#10168,#10169,#10170,#10171,
    #10172,#10173,#10174,#10175),.UNSPECIFIED.,.F.,.F.,(5,3,5),(0.,
    0.499551397048,1.),.UNSPECIFIED.);
#10168 = CARTESIAN_POINT('',(0.918333333333,0.));
#10169 = CARTESIAN_POINT('',(0.918333864977,0.124887739796));
#10170 = CARTESIAN_POINT('',(0.918333393853,0.249775674139));
#10171 = CARTESIAN_POINT('',(0.918333156326,0.374663526343));
#10172 = CARTESIAN_POINT('',(0.91833315505,0.624663569244));
#10173 = CARTESIAN_POINT('',(0.918333392155,0.749775722714));
#10174 = CARTESIAN_POINT('',(0.918333865932,0.874887958949));
#10175 = CARTESIAN_POINT('',(0.918333333333,1.));
#10176 = ( GEOMETRIC_REPRESENTATION_CONTEXT(2) 
PARAMETRIC_REPRESENTATION_CONTEXT() REPRESENTATION_CONTEXT('2D SPACE',''
  ) );
#10177 = ORIENTED_EDGE('',*,*,#5360,.T.);
#10178 = ADVANCED_FACE('',(#10179),#4577,.F.);
#10179 = FACE_BOUND('',#10180,.T.);
#10180 = EDGE_LOOP('',(#10181,#10182,#10183,#10219));
#10181 = ORIENTED_EDGE('',*,*,#4556,.F.);
#10182 = ORIENTED_EDGE('',*,*,#5766,.T.);
#10183 = ORIENTED_EDGE('',*,*,#10184,.T.);
#10184 = EDGE_CURVE('',#5767,#5606,#10185,.T.);
#10185 = SURFACE_CURVE('',#10186,(#10195,#10207),.PCURVE_S1.);
#10186 = B_SPLINE_CURVE_WITH_KNOTS('',4,(#10187,#10188,#10189,#10190,
    #10191,#10192,#10193,#10194),.UNSPECIFIED.,.F.,.F.,(5,3,5),(0.,
    0.49955148946,1.),.UNSPECIFIED.);
#10187 = CARTESIAN_POINT('',(-1.523853414227,-8.362288608506,5.51));
#10188 = CARTESIAN_POINT('',(-1.6654032105,-8.336497340515,
    5.510003189861));
#10189 = CARTESIAN_POINT('',(-1.806369633197,-8.307505488855,
    5.510000363115));
#10190 = CARTESIAN_POINT('',(-1.946645852626,-8.275340075899,
    5.509998937954));
#10191 = CARTESIAN_POINT('',(-2.225855542379,-8.204652633348,
    5.509998930304));
#10192 = CARTESIAN_POINT('',(-2.364786107881,-8.166119303683,
    5.51000035293));
#10193 = CARTESIAN_POINT('',(-2.502810185714,-8.124455147633,
    5.510003195589));
#10194 = CARTESIAN_POINT('',(-2.639820384543,-8.079687391066,5.51));
#10195 = PCURVE('',#4577,#10196);
#10196 = DEFINITIONAL_REPRESENTATION('',(#10197),#10206);
#10197 = B_SPLINE_CURVE_WITH_KNOTS('',4,(#10198,#10199,#10200,#10201,
    #10202,#10203,#10204,#10205),.UNSPECIFIED.,.F.,.F.,(5,3,5),(0.,
    0.49955148946,1.),.UNSPECIFIED.);
#10198 = CARTESIAN_POINT('',(4.532137614749,-0.5));
#10199 = CARTESIAN_POINT('',(4.515210523252,-0.499996810139));
#10200 = CARTESIAN_POINT('',(4.498283460236,-0.4999996369));
#10201 = CARTESIAN_POINT('',(4.481356378431,-0.500001062041));
#10202 = CARTESIAN_POINT('',(4.4474718225,-0.500001069692));
#10203 = CARTESIAN_POINT('',(4.430514345494,-0.499999647084));
#10204 = CARTESIAN_POINT('',(4.413556887391,-0.499996804411));
#10205 = CARTESIAN_POINT('',(4.396599400716,-0.5));
#10206 = ( GEOMETRIC_REPRESENTATION_CONTEXT(2) 
PARAMETRIC_REPRESENTATION_CONTEXT() REPRESENTATION_CONTEXT('2D SPACE',''
  ) );
#10207 = PCURVE('',#5620,#10208);
#10208 = DEFINITIONAL_REPRESENTATION('',(#10209),#10218);
#10209 = B_SPLINE_CURVE_WITH_KNOTS('',4,(#10210,#10211,#10212,#10213,
    #10214,#10215,#10216,#10217),.UNSPECIFIED.,.F.,.F.,(5,3,5),(0.,
    0.49955148946,1.),.UNSPECIFIED.);
#10210 = CARTESIAN_POINT('',(0.918333333333,0.));
#10211 = CARTESIAN_POINT('',(0.918333864977,0.124887762899));
#10212 = CARTESIAN_POINT('',(0.918333393852,0.249775720345));
#10213 = CARTESIAN_POINT('',(0.918333156326,0.374663595652));
#10214 = CARTESIAN_POINT('',(0.918333155051,0.624663638553));
#10215 = CARTESIAN_POINT('',(0.918333392155,0.749775768921));
#10216 = CARTESIAN_POINT('',(0.918333865931,0.874887982052));
#10217 = CARTESIAN_POINT('',(0.918333333333,1.));
#10218 = ( GEOMETRIC_REPRESENTATION_CONTEXT(2) 
PARAMETRIC_REPRESENTATION_CONTEXT() REPRESENTATION_CONTEXT('2D SPACE',''
  ) );
#10219 = ORIENTED_EDGE('',*,*,#5636,.T.);
#10220 = ADVANCED_FACE('',(#10221),#4469,.F.);
#10221 = FACE_BOUND('',#10222,.T.);
#10222 = EDGE_LOOP('',(#10223,#10224,#10225,#10261));
#10223 = ORIENTED_EDGE('',*,*,#4448,.F.);
#10224 = ORIENTED_EDGE('',*,*,#6042,.T.);
#10225 = ORIENTED_EDGE('',*,*,#10226,.T.);
#10226 = EDGE_CURVE('',#6043,#5882,#10227,.T.);
#10227 = SURFACE_CURVE('',#10228,(#10237,#10249),.PCURVE_S1.);
#10228 = B_SPLINE_CURVE_WITH_KNOTS('',4,(#10229,#10230,#10231,#10232,
    #10233,#10234,#10235,#10236),.UNSPECIFIED.,.F.,.F.,(5,3,5),(0.,
    0.499491141652,1.),.UNSPECIFIED.);
#10229 = CARTESIAN_POINT('',(1.273943839518,-8.403991140747,5.51));
#10230 = CARTESIAN_POINT('',(1.131706375544,-8.425555853094,
    5.510003189475));
#10231 = CARTESIAN_POINT('',(0.988981566301,-8.443904754241,
    5.510000363769));
#10232 = CARTESIAN_POINT('',(0.845879187525,-8.459028718172,
    5.509998938479));
#10233 = CARTESIAN_POINT('',(0.558845868442,-8.48283290104,5.5099989298)
  );
#10234 = CARTESIAN_POINT('',(0.414913876599,-8.491499924494,
    5.510000352214));
#10235 = CARTESIAN_POINT('',(0.270822627049,-8.496910638213,
    5.510003195974));
#10236 = CARTESIAN_POINT('',(0.126682572526,-8.499055919678,5.51));
#10237 = PCURVE('',#4469,#10238);
#10238 = DEFINITIONAL_REPRESENTATION('',(#10239),#10248);
#10239 = B_SPLINE_CURVE_WITH_KNOTS('',4,(#10240,#10241,#10242,#10243,
    #10244,#10245,#10246,#10247),.UNSPECIFIED.,.F.,.F.,(5,3,5),(0.,
    0.499491141652,1.),.UNSPECIFIED.);
#10240 = CARTESIAN_POINT('',(4.862831578285,-0.5));
#10241 = CARTESIAN_POINT('',(4.845906531648,-0.499996810525));
#10242 = CARTESIAN_POINT('',(4.828981513486,-0.499999636231));
#10243 = CARTESIAN_POINT('',(4.812056476542,-0.500001061521));
#10244 = CARTESIAN_POINT('',(4.77817192061,-0.5000010702));
#10245 = CARTESIAN_POINT('',(4.761212398745,-0.499999647786));
#10246 = CARTESIAN_POINT('',(4.744252895787,-0.499996804026));
#10247 = CARTESIAN_POINT('',(4.727293364252,-0.5));
#10248 = ( GEOMETRIC_REPRESENTATION_CONTEXT(2) 
PARAMETRIC_REPRESENTATION_CONTEXT() REPRESENTATION_CONTEXT('2D SPACE',''
  ) );
#10249 = PCURVE('',#5896,#10250);
#10250 = DEFINITIONAL_REPRESENTATION('',(#10251),#10260);
#10251 = B_SPLINE_CURVE_WITH_KNOTS('',4,(#10252,#10253,#10254,#10255,
    #10256,#10257,#10258,#10259),.UNSPECIFIED.,.F.,.F.,(5,3,5),(0.,
    0.499491141652,1.),.UNSPECIFIED.);
#10252 = CARTESIAN_POINT('',(0.918333333333,0.));
#10253 = CARTESIAN_POINT('',(0.918333864913,0.124872675961));
#10254 = CARTESIAN_POINT('',(0.918333393961,0.249745546426));
#10255 = CARTESIAN_POINT('',(0.918333156413,0.374618334797));
#10256 = CARTESIAN_POINT('',(0.918333154967,0.624618377697));
#10257 = CARTESIAN_POINT('',(0.918333392036,0.749745594998));
#10258 = CARTESIAN_POINT('',(0.918333865996,0.874872895111));
#10259 = CARTESIAN_POINT('',(0.918333333333,1.));
#10260 = ( GEOMETRIC_REPRESENTATION_CONTEXT(2) 
PARAMETRIC_REPRESENTATION_CONTEXT() REPRESENTATION_CONTEXT('2D SPACE',''
  ) );
#10261 = ORIENTED_EDGE('',*,*,#5912,.T.);
#10262 = ADVANCED_FACE('',(#10263),#4361,.F.);
#10263 = FACE_BOUND('',#10264,.T.);
#10264 = EDGE_LOOP('',(#10265,#10266,#10267,#10303));
#10265 = ORIENTED_EDGE('',*,*,#4340,.F.);
#10266 = ORIENTED_EDGE('',*,*,#6318,.T.);
#10267 = ORIENTED_EDGE('',*,*,#10268,.T.);
#10268 = EDGE_CURVE('',#6319,#6158,#10269,.T.);
#10269 = SURFACE_CURVE('',#10270,(#10279,#10291),.PCURVE_S1.);
#10270 = B_SPLINE_CURVE_WITH_KNOTS('',4,(#10271,#10272,#10273,#10274,
    #10275,#10276,#10277,#10278),.UNSPECIFIED.,.F.,.F.,(5,3,5),(0.,
    0.499491076165,1.),.UNSPECIFIED.);
#10271 = CARTESIAN_POINT('',(3.933689510975,-7.53499083153,5.51));
#10272 = CARTESIAN_POINT('',(3.806160932506,-7.601571528604,
    5.510003189475));
#10273 = CARTESIAN_POINT('',(3.677127242684,-7.665268897505,
    5.510000363769));
#10274 = CARTESIAN_POINT('',(3.546689306039,-7.726038662585,
    5.50999893848));
#10275 = CARTESIAN_POINT('',(3.282937450476,-7.841752637857,
    5.509998929799));
#10276 = CARTESIAN_POINT('',(3.149618251747,-7.896684707407,
    5.510000352213));
#10277 = CARTESIAN_POINT('',(3.015091101959,-7.948588613171,
    5.510003195974));
#10278 = CARTESIAN_POINT('',(2.879457507178,-7.997419862953,5.51));
#10279 = PCURVE('',#4361,#10280);
#10280 = DEFINITIONAL_REPRESENTATION('',(#10281),#10290);
#10281 = B_SPLINE_CURVE_WITH_KNOTS('',4,(#10282,#10283,#10284,#10285,
    #10286,#10287,#10288,#10289),.UNSPECIFIED.,.F.,.F.,(5,3,5),(0.,
    0.499491076165,1.),.UNSPECIFIED.);
#10282 = CARTESIAN_POINT('',(5.193525541821,-0.5));
#10283 = CARTESIAN_POINT('',(5.176600497402,-0.499996810525));
#10284 = CARTESIAN_POINT('',(5.159675481459,-0.499999636231));
#10285 = CARTESIAN_POINT('',(5.142750446735,-0.50000106152));
#10286 = CARTESIAN_POINT('',(5.108865890803,-0.500001070201));
#10287 = CARTESIAN_POINT('',(5.091906366719,-0.499999647787));
#10288 = CARTESIAN_POINT('',(5.074946861542,-0.499996804026));
#10289 = CARTESIAN_POINT('',(5.057987327788,-0.5));
#10290 = ( GEOMETRIC_REPRESENTATION_CONTEXT(2) 
PARAMETRIC_REPRESENTATION_CONTEXT() REPRESENTATION_CONTEXT('2D SPACE',''
  ) );
#10291 = PCURVE('',#6172,#10292);
#10292 = DEFINITIONAL_REPRESENTATION('',(#10293),#10302);
#10293 = B_SPLINE_CURVE_WITH_KNOTS('',4,(#10294,#10295,#10296,#10297,
    #10298,#10299,#10300,#10301),.UNSPECIFIED.,.F.,.F.,(5,3,5),(0.,
    0.499491076165,1.),.UNSPECIFIED.);
#10294 = CARTESIAN_POINT('',(0.918333333333,0.));
#10295 = CARTESIAN_POINT('',(0.918333864912,0.124872659589));
#10296 = CARTESIAN_POINT('',(0.918333393962,0.249745513683));
#10297 = CARTESIAN_POINT('',(0.918333156413,0.374618285681));
#10298 = CARTESIAN_POINT('',(0.918333154967,0.624618328582));
#10299 = CARTESIAN_POINT('',(0.918333392036,0.749745562255));
#10300 = CARTESIAN_POINT('',(0.918333865996,0.874872878739));
#10301 = CARTESIAN_POINT('',(0.918333333333,1.));
#10302 = ( GEOMETRIC_REPRESENTATION_CONTEXT(2) 
PARAMETRIC_REPRESENTATION_CONTEXT() REPRESENTATION_CONTEXT('2D SPACE',''
  ) );
#10303 = ORIENTED_EDGE('',*,*,#6188,.T.);
#10304 = ADVANCED_FACE('',(#10305),#4253,.F.);
#10305 = FACE_BOUND('',#10306,.T.);
#10306 = EDGE_LOOP('',(#10307,#10308,#10309,#10345));
#10307 = ORIENTED_EDGE('',*,*,#4232,.F.);
#10308 = ORIENTED_EDGE('',*,*,#6575,.T.);
#10309 = ORIENTED_EDGE('',*,*,#10310,.T.);
#10310 = EDGE_CURVE('',#6576,#6434,#10311,.T.);
#10311 = SURFACE_CURVE('',#10312,(#10321,#10333),.PCURVE_S1.);
#10312 = B_SPLINE_CURVE_WITH_KNOTS('',4,(#10313,#10314,#10315,#10316,
    #10317,#10318,#10319,#10320),.UNSPECIFIED.,.F.,.F.,(5,3,5),(0.,
    0.499491103829,1.),.UNSPECIFIED.);
#10313 = CARTESIAN_POINT('',(6.167158886437,-5.849457348288,5.51));
#10314 = CARTESIAN_POINT('',(6.068158869628,-5.953838987063,
    5.510003189475));
#10315 = CARTESIAN_POINT('',(5.966799077161,-6.055982232949,
    5.510000363769));
#10316 = CARTESIAN_POINT('',(5.863160532184,-6.155812458601,
    5.50999893848));
#10317 = CARTESIAN_POINT('',(5.65127174528,-6.350896818228,
    5.509998929799));
#10318 = CARTESIAN_POINT('',(5.543012568046,-6.446141184255,
    5.510000352213));
#10319 = CARTESIAN_POINT('',(5.43262764694,-6.5389136821,5.510003195974)
  );
#10320 = CARTESIAN_POINT('',(5.320198541541,-6.629139271322,5.51));
#10321 = PCURVE('',#4253,#10322);
#10322 = DEFINITIONAL_REPRESENTATION('',(#10323),#10332);
#10323 = B_SPLINE_CURVE_WITH_KNOTS('',4,(#10324,#10325,#10326,#10327,
    #10328,#10329,#10330,#10331),.UNSPECIFIED.,.F.,.F.,(5,3,5),(0.,
    0.499491103829,1.),.UNSPECIFIED.);
#10324 = CARTESIAN_POINT('',(5.524219505357,-0.5));
#10325 = CARTESIAN_POINT('',(5.507294460001,-0.499996810525));
#10326 = CARTESIAN_POINT('',(5.49036944312,-0.499999636231));
#10327 = CARTESIAN_POINT('',(5.473444407458,-0.50000106152));
#10328 = CARTESIAN_POINT('',(5.439559851527,-0.500001070201));
#10329 = CARTESIAN_POINT('',(5.42260032838,-0.499999647787));
#10330 = CARTESIAN_POINT('',(5.405640824141,-0.499996804026));
#10331 = CARTESIAN_POINT('',(5.388681291324,-0.5));
#10332 = ( GEOMETRIC_REPRESENTATION_CONTEXT(2) 
PARAMETRIC_REPRESENTATION_CONTEXT() REPRESENTATION_CONTEXT('2D SPACE',''
  ) );
#10333 = PCURVE('',#6448,#10334);
#10334 = DEFINITIONAL_REPRESENTATION('',(#10335),#10344);
#10335 = B_SPLINE_CURVE_WITH_KNOTS('',4,(#10336,#10337,#10338,#10339,
    #10340,#10341,#10342,#10343),.UNSPECIFIED.,.F.,.F.,(5,3,5),(0.,
    0.499491103829,1.),.UNSPECIFIED.);
#10336 = CARTESIAN_POINT('',(0.918333333333,0.));
#10337 = CARTESIAN_POINT('',(0.918333864913,0.124872666505));
#10338 = CARTESIAN_POINT('',(0.918333393962,0.249745527515));
#10339 = CARTESIAN_POINT('',(0.918333156413,0.374618306429));
#10340 = CARTESIAN_POINT('',(0.918333154967,0.62461834933));
#10341 = CARTESIAN_POINT('',(0.918333392036,0.749745576087));
#10342 = CARTESIAN_POINT('',(0.918333865996,0.874872885655));
#10343 = CARTESIAN_POINT('',(0.918333333333,1.));
#10344 = ( GEOMETRIC_REPRESENTATION_CONTEXT(2) 
PARAMETRIC_REPRESENTATION_CONTEXT() REPRESENTATION_CONTEXT('2D SPACE',''
  ) );
#10345 = ORIENTED_EDGE('',*,*,#6464,.T.);
#10346 = ADVANCED_FACE('',(#10347),#4092,.F.);
#10347 = FACE_BOUND('',#10348,.T.);
#10348 = EDGE_LOOP('',(#10349,#10350,#10351,#10387));
#10349 = ORIENTED_EDGE('',*,*,#4071,.F.);
#10350 = ORIENTED_EDGE('',*,*,#6879,.T.);
#10351 = ORIENTED_EDGE('',*,*,#10352,.T.);
#10352 = EDGE_CURVE('',#6880,#6719,#10353,.T.);
#10353 = SURFACE_CURVE('',#10354,(#10363,#10375),.PCURVE_S1.);
#10354 = B_SPLINE_CURVE_WITH_KNOTS('',4,(#10355,#10356,#10357,#10358,
    #10359,#10360,#10361,#10362),.UNSPECIFIED.,.F.,.F.,(5,3,5),(0.,
    0.499491076169,1.),.UNSPECIFIED.);
#10355 = CARTESIAN_POINT('',(8.459565970826,-0.828096362293,5.51));
#10356 = CARTESIAN_POINT('',(8.445553577414,-0.971275202841,
    5.510003189475));
#10357 = CARTESIAN_POINT('',(8.428304140427,-1.114137041125,
    5.510000363769));
#10358 = CARTESIAN_POINT('',(8.407835761447,-1.256573220259,
    5.50999893848));
#10359 = CARTESIAN_POINT('',(8.360449031009,-1.54066697796,
    5.509998929799));
#10360 = CARTESIAN_POINT('',(8.33351762803,-1.682322336305,
    5.510000352213));
#10361 = CARTESIAN_POINT('',(8.303390461234,-1.82333270218,
    5.510003195974));
#10362 = CARTESIAN_POINT('',(8.270085801798,-1.963588763183,5.51));
#10363 = PCURVE('',#4092,#10364);
#10364 = DEFINITIONAL_REPRESENTATION('',(#10365),#10374);
#10365 = B_SPLINE_CURVE_WITH_KNOTS('',4,(#10366,#10367,#10368,#10369,
    #10370,#10371,#10372,#10373),.UNSPECIFIED.,.F.,.F.,(5,3,5),(0.,
    0.499491076169,1.),.UNSPECIFIED.);
#10366 = CARTESIAN_POINT('',(6.185607432428,-0.5));
#10367 = CARTESIAN_POINT('',(6.16868238801,-0.499996810525));
#10368 = CARTESIAN_POINT('',(6.151757372066,-0.499999636231));
#10369 = CARTESIAN_POINT('',(6.134832337341,-0.50000106152));
#10370 = CARTESIAN_POINT('',(6.10094778141,-0.500001070201));
#10371 = CARTESIAN_POINT('',(6.083988257326,-0.499999647787));
#10372 = CARTESIAN_POINT('',(6.067028752149,-0.499996804026));
#10373 = CARTESIAN_POINT('',(6.050069218395,-0.5));
#10374 = ( GEOMETRIC_REPRESENTATION_CONTEXT(2) 
PARAMETRIC_REPRESENTATION_CONTEXT() REPRESENTATION_CONTEXT('2D SPACE',''
  ) );
#10375 = PCURVE('',#6733,#10376);
#10376 = DEFINITIONAL_REPRESENTATION('',(#10377),#10386);
#10377 = B_SPLINE_CURVE_WITH_KNOTS('',4,(#10378,#10379,#10380,#10381,
    #10382,#10383,#10384,#10385),.UNSPECIFIED.,.F.,.F.,(5,3,5),(0.,
    0.499491076169,1.),.UNSPECIFIED.);
#10378 = CARTESIAN_POINT('',(0.918333333333,0.));
#10379 = CARTESIAN_POINT('',(0.918333864912,0.12487265959));
#10380 = CARTESIAN_POINT('',(0.918333393962,0.249745513685));
#10381 = CARTESIAN_POINT('',(0.918333156413,0.374618285684));
#10382 = CARTESIAN_POINT('',(0.918333154967,0.624618328585));
#10383 = CARTESIAN_POINT('',(0.918333392036,0.749745562257));
#10384 = CARTESIAN_POINT('',(0.918333865996,0.87487287874));
#10385 = CARTESIAN_POINT('',(0.918333333333,1.));
#10386 = ( GEOMETRIC_REPRESENTATION_CONTEXT(2) 
PARAMETRIC_REPRESENTATION_CONTEXT() REPRESENTATION_CONTEXT('2D SPACE',''
  ) );
#10387 = ORIENTED_EDGE('',*,*,#6749,.T.);
#10388 = ADVANCED_FACE('',(#10389),#3984,.F.);
#10389 = FACE_BOUND('',#10390,.T.);
#10390 = EDGE_LOOP('',(#10391,#10392,#10393,#10429));
#10391 = ORIENTED_EDGE('',*,*,#3963,.F.);
#10392 = ORIENTED_EDGE('',*,*,#7155,.T.);
#10393 = ORIENTED_EDGE('',*,*,#10394,.T.);
#10394 = EDGE_CURVE('',#7156,#6995,#10395,.T.);
#10395 = SURFACE_CURVE('',#10396,(#10405,#10417),.PCURVE_S1.);
#10396 = B_SPLINE_CURVE_WITH_KNOTS('',4,(#10397,#10398,#10399,#10400,
    #10401,#10402,#10403,#10404),.UNSPECIFIED.,.F.,.F.,(5,3,5),(0.,
    0.499491076152,1.),.UNSPECIFIED.);
#10397 = CARTESIAN_POINT('',(8.270085801798,1.963588763183,5.51));
#10398 = CARTESIAN_POINT('',(8.303322732037,1.823617930448,
    5.510003189475));
#10399 = CARTESIAN_POINT('',(8.333395080185,1.682895857589,
    5.510000363769));
#10400 = CARTESIAN_POINT('',(8.360284686196,1.541531191737,5.50999893848
    ));
#10401 = CARTESIAN_POINT('',(8.40771059185,1.257443971223,5.509998929799
    ));
#10402 = CARTESIAN_POINT('',(8.428233826236,1.114719278663,
    5.510000352213));
#10403 = CARTESIAN_POINT('',(8.445525023389,0.971566968288,
    5.510003195974));
#10404 = CARTESIAN_POINT('',(8.459565970826,0.828096362293,5.51));
#10405 = PCURVE('',#3984,#10406);
#10406 = DEFINITIONAL_REPRESENTATION('',(#10407),#10416);
#10407 = B_SPLINE_CURVE_WITH_KNOTS('',4,(#10408,#10409,#10410,#10411,
    #10412,#10413,#10414,#10415),.UNSPECIFIED.,.F.,.F.,(5,3,5),(0.,
    0.499491076152,1.),.UNSPECIFIED.);
#10408 = CARTESIAN_POINT('',(0.233116088784,-0.5));
#10409 = CARTESIAN_POINT('',(0.216191044366,-0.499996810525));
#10410 = CARTESIAN_POINT('',(0.199266028424,-0.499999636231));
#10411 = CARTESIAN_POINT('',(0.182340993699,-0.50000106152));
#10412 = CARTESIAN_POINT('',(0.148456437768,-0.500001070201));
#10413 = CARTESIAN_POINT('',(0.131496913683,-0.499999647787));
#10414 = CARTESIAN_POINT('',(0.114537408506,-0.499996804026));
#10415 = CARTESIAN_POINT('',(9.757787475128E-02,-0.5));
#10416 = ( GEOMETRIC_REPRESENTATION_CONTEXT(2) 
PARAMETRIC_REPRESENTATION_CONTEXT() REPRESENTATION_CONTEXT('2D SPACE',''
  ) );
#10417 = PCURVE('',#7009,#10418);
#10418 = DEFINITIONAL_REPRESENTATION('',(#10419),#10428);
#10419 = B_SPLINE_CURVE_WITH_KNOTS('',4,(#10420,#10421,#10422,#10423,
    #10424,#10425,#10426,#10427),.UNSPECIFIED.,.F.,.F.,(5,3,5),(0.,
    0.499491076152,1.),.UNSPECIFIED.);
#10420 = CARTESIAN_POINT('',(0.918333333333,0.));
#10421 = CARTESIAN_POINT('',(0.918333864912,0.124872659586));
#10422 = CARTESIAN_POINT('',(0.918333393962,0.249745513676));
#10423 = CARTESIAN_POINT('',(0.918333156413,0.374618285671));
#10424 = CARTESIAN_POINT('',(0.918333154967,0.624618328572));
#10425 = CARTESIAN_POINT('',(0.918333392036,0.749745562248));
#10426 = CARTESIAN_POINT('',(0.918333865996,0.874872878736));
#10427 = CARTESIAN_POINT('',(0.918333333333,1.));
#10428 = ( GEOMETRIC_REPRESENTATION_CONTEXT(2) 
PARAMETRIC_REPRESENTATION_CONTEXT() REPRESENTATION_CONTEXT('2D SPACE',''
  ) );
#10429 = ORIENTED_EDGE('',*,*,#7025,.T.);
#10430 = ADVANCED_FACE('',(#10431),#3876,.F.);
#10431 = FACE_BOUND('',#10432,.T.);
#10432 = EDGE_LOOP('',(#10433,#10434,#10435,#10471));
#10433 = ORIENTED_EDGE('',*,*,#3855,.F.);
#10434 = ORIENTED_EDGE('',*,*,#7431,.T.);
#10435 = ORIENTED_EDGE('',*,*,#10436,.T.);
#10436 = EDGE_CURVE('',#7432,#7271,#10437,.T.);
#10437 = SURFACE_CURVE('',#10438,(#10447,#10459),.PCURVE_S1.);
#10438 = B_SPLINE_CURVE_WITH_KNOTS('',4,(#10439,#10440,#10441,#10442,
    #10443,#10444,#10445,#10446),.UNSPECIFIED.,.F.,.F.,(5,3,5),(0.,
    0.499491108423,1.),.UNSPECIFIED.);
#10439 = CARTESIAN_POINT('',(7.184413512543,4.542488577949,5.51));
#10440 = CARTESIAN_POINT('',(7.261298034285,4.420893756764,
    5.510003189475));
#10441 = CARTESIAN_POINT('',(7.335433366636,4.297560861366,
    5.510000363769));
#10442 = CARTESIAN_POINT('',(7.406767055837,4.172586755549,5.50999893848
    ));
#10443 = CARTESIAN_POINT('',(7.543866263709,3.919291330033,
    5.509998929799));
#10444 = CARTESIAN_POINT('',(7.609620119947,3.790963746392,
    5.510000352213));
#10445 = CARTESIAN_POINT('',(7.672455907295,3.661182273868,
    5.510003195974));
#10446 = CARTESIAN_POINT('',(7.732320903224,3.530044397676,5.51));
#10447 = PCURVE('',#3876,#10448);
#10448 = DEFINITIONAL_REPRESENTATION('',(#10449),#10458);
#10449 = B_SPLINE_CURVE_WITH_KNOTS('',4,(#10450,#10451,#10452,#10453,
    #10454,#10455,#10456,#10457),.UNSPECIFIED.,.F.,.F.,(5,3,5),(0.,
    0.499491108423,1.),.UNSPECIFIED.);
#10450 = CARTESIAN_POINT('',(0.56381005232,-0.5));
#10451 = CARTESIAN_POINT('',(0.546885006809,-0.499996810525));
#10452 = CARTESIAN_POINT('',(0.529959989773,-0.499999636231));
#10453 = CARTESIAN_POINT('',(0.513034953955,-0.50000106152));
#10454 = CARTESIAN_POINT('',(0.479150398023,-0.500001070201));
#10455 = CARTESIAN_POINT('',(0.462190875032,-0.499999647787));
#10456 = CARTESIAN_POINT('',(0.445231370948,-0.499996804026));
#10457 = CARTESIAN_POINT('',(0.428271838287,-0.5));
#10458 = ( GEOMETRIC_REPRESENTATION_CONTEXT(2) 
PARAMETRIC_REPRESENTATION_CONTEXT() REPRESENTATION_CONTEXT('2D SPACE',''
  ) );
#10459 = PCURVE('',#7285,#10460);
#10460 = DEFINITIONAL_REPRESENTATION('',(#10461),#10470);
#10461 = B_SPLINE_CURVE_WITH_KNOTS('',4,(#10462,#10463,#10464,#10465,
    #10466,#10467,#10468,#10469),.UNSPECIFIED.,.F.,.F.,(5,3,5),(0.,
    0.499491108423,1.),.UNSPECIFIED.);
#10462 = CARTESIAN_POINT('',(0.918333333333,0.));
#10463 = CARTESIAN_POINT('',(0.918333864913,0.124872667653));
#10464 = CARTESIAN_POINT('',(0.918333393962,0.249745529812));
#10465 = CARTESIAN_POINT('',(0.918333156413,0.374618309875));
#10466 = CARTESIAN_POINT('',(0.918333154967,0.624618352775));
#10467 = CARTESIAN_POINT('',(0.918333392036,0.749745578384));
#10468 = CARTESIAN_POINT('',(0.918333865996,0.874872886804));
#10469 = CARTESIAN_POINT('',(0.918333333333,1.));
#10470 = ( GEOMETRIC_REPRESENTATION_CONTEXT(2) 
PARAMETRIC_REPRESENTATION_CONTEXT() REPRESENTATION_CONTEXT('2D SPACE',''
  ) );
#10471 = ORIENTED_EDGE('',*,*,#7301,.T.);
#10472 = ADVANCED_FACE('',(#10473),#3768,.F.);
#10473 = FACE_BOUND('',#10474,.T.);
#10474 = EDGE_LOOP('',(#10475,#10476,#10477,#10513));
#10475 = ORIENTED_EDGE('',*,*,#3747,.F.);
#10476 = ORIENTED_EDGE('',*,*,#7707,.T.);
#10477 = ORIENTED_EDGE('',*,*,#10478,.T.);
#10478 = EDGE_CURVE('',#7708,#7547,#10479,.T.);
#10479 = SURFACE_CURVE('',#10480,(#10489,#10501),.PCURVE_S1.);
#10480 = B_SPLINE_CURVE_WITH_KNOTS('',4,(#10481,#10482,#10483,#10484,
    #10485,#10486,#10487,#10488),.UNSPECIFIED.,.F.,.F.,(5,3,5),(0.,
    0.499491000873,1.),.UNSPECIFIED.);
#10481 = CARTESIAN_POINT('',(5.320198541541,6.629139271322,5.51));
#10482 = CARTESIAN_POINT('',(5.432398997563,6.539097175731,
    5.510003189474));
#10483 = CARTESIAN_POINT('',(5.542563575509,6.446518520339,5.51000036377
    ));
#10484 = CARTESIAN_POINT('',(5.650611212139,6.351477888835,
    5.509998938481));
#10485 = CARTESIAN_POINT('',(5.862526899827,6.156422751251,
    5.509998929799));
#10486 = CARTESIAN_POINT('',(5.966385952359,6.05639853178,5.510000352212
    ));
#10487 = CARTESIAN_POINT('',(6.067957121004,5.954051702703,
    5.510003195975));
#10488 = CARTESIAN_POINT('',(6.167158886437,5.849457348288,5.51));
#10489 = PCURVE('',#3768,#10490);
#10490 = DEFINITIONAL_REPRESENTATION('',(#10491),#10500);
#10491 = B_SPLINE_CURVE_WITH_KNOTS('',4,(#10492,#10493,#10494,#10495,
    #10496,#10497,#10498,#10499),.UNSPECIFIED.,.F.,.F.,(5,3,5),(0.,
    0.499491000873,1.),.UNSPECIFIED.);
#10492 = CARTESIAN_POINT('',(0.894504015856,-0.5));
#10493 = CARTESIAN_POINT('',(0.877578973989,-0.499996810526));
#10494 = CARTESIAN_POINT('',(0.860653960597,-0.49999963623));
#10495 = CARTESIAN_POINT('',(0.843728928423,-0.500001061519));
#10496 = CARTESIAN_POINT('',(0.809844372492,-0.500001070201));
#10497 = CARTESIAN_POINT('',(0.792884845857,-0.499999647788));
#10498 = CARTESIAN_POINT('',(0.775925338128,-0.499996804025));
#10499 = CARTESIAN_POINT('',(0.758965801823,-0.5));
#10500 = ( GEOMETRIC_REPRESENTATION_CONTEXT(2) 
PARAMETRIC_REPRESENTATION_CONTEXT() REPRESENTATION_CONTEXT('2D SPACE',''
  ) );
#10501 = PCURVE('',#7561,#10502);
#10502 = DEFINITIONAL_REPRESENTATION('',(#10503),#10512);
#10503 = B_SPLINE_CURVE_WITH_KNOTS('',4,(#10504,#10505,#10506,#10507,
    #10508,#10509,#10510,#10511),.UNSPECIFIED.,.F.,.F.,(5,3,5),(0.,
    0.499491000873,1.),.UNSPECIFIED.);
#10504 = CARTESIAN_POINT('',(0.918333333333,0.));
#10505 = CARTESIAN_POINT('',(0.918333864912,0.124872640766));
#10506 = CARTESIAN_POINT('',(0.918333393962,0.249745476036));
#10507 = CARTESIAN_POINT('',(0.918333156413,0.374618229212));
#10508 = CARTESIAN_POINT('',(0.918333154966,0.624618272113));
#10509 = CARTESIAN_POINT('',(0.918333392035,0.749745524609));
#10510 = CARTESIAN_POINT('',(0.918333865996,0.874872859916));
#10511 = CARTESIAN_POINT('',(0.918333333333,1.));
#10512 = ( GEOMETRIC_REPRESENTATION_CONTEXT(2) 
PARAMETRIC_REPRESENTATION_CONTEXT() REPRESENTATION_CONTEXT('2D SPACE',''
  ) );
#10513 = ORIENTED_EDGE('',*,*,#7577,.T.);
#10514 = ADVANCED_FACE('',(#10515),#3660,.F.);
#10515 = FACE_BOUND('',#10516,.T.);
#10516 = EDGE_LOOP('',(#10517,#10518,#10519,#10555));
#10517 = ORIENTED_EDGE('',*,*,#3639,.F.);
#10518 = ORIENTED_EDGE('',*,*,#7983,.T.);
#10519 = ORIENTED_EDGE('',*,*,#10520,.T.);
#10520 = EDGE_CURVE('',#7984,#7823,#10521,.T.);
#10521 = SURFACE_CURVE('',#10522,(#10531,#10543),.PCURVE_S1.);
#10522 = B_SPLINE_CURVE_WITH_KNOTS('',4,(#10523,#10524,#10525,#10526,
    #10527,#10528,#10529,#10530),.UNSPECIFIED.,.F.,.F.,(5,3,5),(0.,
    0.499491023912,1.),.UNSPECIFIED.);
#10523 = CARTESIAN_POINT('',(2.879457507178,7.997419862953,5.51));
#10524 = CARTESIAN_POINT('',(3.014815259898,7.948687922731,
    5.510003189475));
#10525 = CARTESIAN_POINT('',(3.149071063551,7.896895811702,5.51000036377
    ));
#10526 = CARTESIAN_POINT('',(3.282124029829,7.84208775122,5.50999893848)
  );
#10527 = CARTESIAN_POINT('',(3.54589184031,7.726410149496,5.509998929799
    ));
#10528 = CARTESIAN_POINT('',(3.676601327724,7.665528499894,
    5.510000352213));
#10529 = CARTESIAN_POINT('',(3.805901045343,7.60170721167,5.510003195975
    ));
#10530 = CARTESIAN_POINT('',(3.933689510975,7.53499083153,5.51));
#10531 = PCURVE('',#3660,#10532);
#10532 = DEFINITIONAL_REPRESENTATION('',(#10533),#10542);
#10533 = B_SPLINE_CURVE_WITH_KNOTS('',4,(#10534,#10535,#10536,#10537,
    #10538,#10539,#10540,#10541),.UNSPECIFIED.,.F.,.F.,(5,3,5),(0.,
    0.499491023912,1.),.UNSPECIFIED.);
#10534 = CARTESIAN_POINT('',(1.225197979392,-0.5));
#10535 = CARTESIAN_POINT('',(1.208272936744,-0.499996810525));
#10536 = CARTESIAN_POINT('',(1.191347922571,-0.49999963623));
#10537 = CARTESIAN_POINT('',(1.174422889617,-0.50000106152));
#10538 = CARTESIAN_POINT('',(1.140538333686,-0.500001070201));
#10539 = CARTESIAN_POINT('',(1.123578807831,-0.499999647787));
#10540 = CARTESIAN_POINT('',(1.106619300884,-0.499996804025));
#10541 = CARTESIAN_POINT('',(1.089659765359,-0.5));
#10542 = ( GEOMETRIC_REPRESENTATION_CONTEXT(2) 
PARAMETRIC_REPRESENTATION_CONTEXT() REPRESENTATION_CONTEXT('2D SPACE',''
  ) );
#10543 = PCURVE('',#7837,#10544);
#10544 = DEFINITIONAL_REPRESENTATION('',(#10545),#10554);
#10545 = B_SPLINE_CURVE_WITH_KNOTS('',4,(#10546,#10547,#10548,#10549,
    #10550,#10551,#10552,#10553),.UNSPECIFIED.,.F.,.F.,(5,3,5),(0.,
    0.499491023912,1.),.UNSPECIFIED.);
#10546 = CARTESIAN_POINT('',(0.918333333333,0.));
#10547 = CARTESIAN_POINT('',(0.918333864912,0.124872646526));
#10548 = CARTESIAN_POINT('',(0.918333393962,0.249745487556));
#10549 = CARTESIAN_POINT('',(0.918333156413,0.374618246491));
#10550 = CARTESIAN_POINT('',(0.918333154966,0.624618289392));
#10551 = CARTESIAN_POINT('',(0.918333392035,0.749745536128));
#10552 = CARTESIAN_POINT('',(0.918333865996,0.874872865676));
#10553 = CARTESIAN_POINT('',(0.918333333333,1.));
#10554 = ( GEOMETRIC_REPRESENTATION_CONTEXT(2) 
PARAMETRIC_REPRESENTATION_CONTEXT() REPRESENTATION_CONTEXT('2D SPACE',''
  ) );
#10555 = ORIENTED_EDGE('',*,*,#7853,.T.);
#10556 = ADVANCED_FACE('',(#10557),#3552,.F.);
#10557 = FACE_BOUND('',#10558,.T.);
#10558 = EDGE_LOOP('',(#10559,#10560,#10561,#10597));
#10559 = ORIENTED_EDGE('',*,*,#3531,.F.);
#10560 = ORIENTED_EDGE('',*,*,#8259,.T.);
#10561 = ORIENTED_EDGE('',*,*,#10562,.T.);
#10562 = EDGE_CURVE('',#8260,#8099,#10563,.T.);
#10563 = SURFACE_CURVE('',#10564,(#10573,#10585),.PCURVE_S1.);
#10564 = B_SPLINE_CURVE_WITH_KNOTS('',4,(#10565,#10566,#10567,#10568,
    #10569,#10570,#10571,#10572),.UNSPECIFIED.,.F.,.F.,(5,3,5),(0.,
    0.499491108438,1.),.UNSPECIFIED.);
#10565 = CARTESIAN_POINT('',(0.126682572526,8.499055919678,5.51));
#10566 = CARTESIAN_POINT('',(0.270529528312,8.496915000494,
    5.510003189475));
#10567 = CARTESIAN_POINT('',(0.414327877491,8.491521915619,
    5.510000363769));
#10568 = CARTESIAN_POINT('',(0.557967839457,8.482885731998,5.50999893848
    ));
#10569 = CARTESIAN_POINT('',(0.845004438022,8.459121126578,
    5.509998929799));
#10570 = CARTESIAN_POINT('',(0.988399939837,8.443979515328,
    5.510000352213));
#10571 = CARTESIAN_POINT('',(1.131416556284,8.425599792776,
    5.510003195974));
#10572 = CARTESIAN_POINT('',(1.273943839518,8.403991140747,5.51));
#10573 = PCURVE('',#3552,#10574);
#10574 = DEFINITIONAL_REPRESENTATION('',(#10575),#10584);
#10575 = B_SPLINE_CURVE_WITH_KNOTS('',4,(#10576,#10577,#10578,#10579,
    #10580,#10581,#10582,#10583),.UNSPECIFIED.,.F.,.F.,(5,3,5),(0.,
    0.499491108438,1.),.UNSPECIFIED.);
#10576 = CARTESIAN_POINT('',(1.555891942928,-0.5));
#10577 = CARTESIAN_POINT('',(1.538966897415,-0.499996810525));
#10578 = CARTESIAN_POINT('',(1.522041880379,-0.499999636231));
#10579 = CARTESIAN_POINT('',(1.50511684456,-0.50000106152));
#10580 = CARTESIAN_POINT('',(1.471232288629,-0.500001070201));
#10581 = CARTESIAN_POINT('',(1.454272765638,-0.499999647787));
#10582 = CARTESIAN_POINT('',(1.437313261555,-0.499996804026));
#10583 = CARTESIAN_POINT('',(1.420353728894,-0.5));
#10584 = ( GEOMETRIC_REPRESENTATION_CONTEXT(2) 
PARAMETRIC_REPRESENTATION_CONTEXT() REPRESENTATION_CONTEXT('2D SPACE',''
  ) );
#10585 = PCURVE('',#8113,#10586);
#10586 = DEFINITIONAL_REPRESENTATION('',(#10587),#10596);
#10587 = B_SPLINE_CURVE_WITH_KNOTS('',4,(#10588,#10589,#10590,#10591,
    #10592,#10593,#10594,#10595),.UNSPECIFIED.,.F.,.F.,(5,3,5),(0.,
    0.499491108438,1.),.UNSPECIFIED.);
#10588 = CARTESIAN_POINT('',(0.918333333333,0.));
#10589 = CARTESIAN_POINT('',(0.918333864913,0.124872667657));
#10590 = CARTESIAN_POINT('',(0.918333393962,0.249745529819));
#10591 = CARTESIAN_POINT('',(0.918333156413,0.374618309886));
#10592 = CARTESIAN_POINT('',(0.918333154967,0.624618352787));
#10593 = CARTESIAN_POINT('',(0.918333392036,0.749745578391));
#10594 = CARTESIAN_POINT('',(0.918333865996,0.874872886808));
#10595 = CARTESIAN_POINT('',(0.918333333333,1.));
#10596 = ( GEOMETRIC_REPRESENTATION_CONTEXT(2) 
PARAMETRIC_REPRESENTATION_CONTEXT() REPRESENTATION_CONTEXT('2D SPACE',''
  ) );
#10597 = ORIENTED_EDGE('',*,*,#8129,.T.);
#10598 = ADVANCED_FACE('',(#10599),#3444,.F.);
#10599 = FACE_BOUND('',#10600,.T.);
#10600 = EDGE_LOOP('',(#10601,#10602,#10603,#10639));
#10601 = ORIENTED_EDGE('',*,*,#3423,.F.);
#10602 = ORIENTED_EDGE('',*,*,#8535,.T.);
#10603 = ORIENTED_EDGE('',*,*,#10604,.T.);
#10604 = EDGE_CURVE('',#8536,#8375,#10605,.T.);
#10605 = SURFACE_CURVE('',#10606,(#10615,#10627),.PCURVE_S1.);
#10606 = B_SPLINE_CURVE_WITH_KNOTS('',4,(#10607,#10608,#10609,#10610,
    #10611,#10612,#10613,#10614),.UNSPECIFIED.,.F.,.F.,(5,3,5),(0.,
    0.499491057743,1.),.UNSPECIFIED.);
#10607 = CARTESIAN_POINT('',(-2.639820384543,8.079687391066,5.51));
#10608 = CARTESIAN_POINT('',(-2.50307231215,8.124369498444,
    5.510003189475));
#10609 = CARTESIAN_POINT('',(-2.365314236456,8.165959869527,
    5.51000036377));
#10610 = CARTESIAN_POINT('',(-2.22665293385,8.204431434291,5.50999893848
    ));
#10611 = CARTESIAN_POINT('',(-1.947452415649,8.275155093857,
    5.509998929799));
#10612 = CARTESIAN_POINT('',(-1.806909990419,8.307394344106,
    5.510000352213));
#10613 = CARTESIAN_POINT('',(-1.665674508331,8.336447908335,
    5.510003195974));
#10614 = CARTESIAN_POINT('',(-1.523853414227,8.362288608506,5.51));
#10615 = PCURVE('',#3444,#10616);
#10616 = DEFINITIONAL_REPRESENTATION('',(#10617),#10626);
#10617 = B_SPLINE_CURVE_WITH_KNOTS('',4,(#10618,#10619,#10620,#10621,
    #10622,#10623,#10624,#10625),.UNSPECIFIED.,.F.,.F.,(5,3,5),(0.,
    0.499491057743,1.),.UNSPECIFIED.);
#10618 = CARTESIAN_POINT('',(1.886585906463,-0.5));
#10619 = CARTESIAN_POINT('',(1.869660862669,-0.499996810525));
#10620 = CARTESIAN_POINT('',(1.85273584735,-0.49999963623));
#10621 = CARTESIAN_POINT('',(1.83581081325,-0.50000106152));
#10622 = CARTESIAN_POINT('',(1.801926257318,-0.500001070201));
#10623 = CARTESIAN_POINT('',(1.78496673261,-0.499999647787));
#10624 = CARTESIAN_POINT('',(1.768007226809,-0.499996804026));
#10625 = CARTESIAN_POINT('',(1.75104769243,-0.5));
#10626 = ( GEOMETRIC_REPRESENTATION_CONTEXT(2) 
PARAMETRIC_REPRESENTATION_CONTEXT() REPRESENTATION_CONTEXT('2D SPACE',''
  ) );
#10627 = PCURVE('',#8389,#10628);
#10628 = DEFINITIONAL_REPRESENTATION('',(#10629),#10638);
#10629 = B_SPLINE_CURVE_WITH_KNOTS('',4,(#10630,#10631,#10632,#10633,
    #10634,#10635,#10636,#10637),.UNSPECIFIED.,.F.,.F.,(5,3,5),(0.,
    0.499491057743,1.),.UNSPECIFIED.);
#10630 = CARTESIAN_POINT('',(0.918333333333,0.));
#10631 = CARTESIAN_POINT('',(0.918333864912,0.124872654984));
#10632 = CARTESIAN_POINT('',(0.918333393962,0.249745504472));
#10633 = CARTESIAN_POINT('',(0.918333156413,0.374618271865));
#10634 = CARTESIAN_POINT('',(0.918333154966,0.624618314766));
#10635 = CARTESIAN_POINT('',(0.918333392035,0.749745553044));
#10636 = CARTESIAN_POINT('',(0.918333865996,0.874872874134));
#10637 = CARTESIAN_POINT('',(0.918333333333,1.));
#10638 = ( GEOMETRIC_REPRESENTATION_CONTEXT(2) 
PARAMETRIC_REPRESENTATION_CONTEXT() REPRESENTATION_CONTEXT('2D SPACE',''
  ) );
#10639 = ORIENTED_EDGE('',*,*,#8405,.T.);
#10640 = ADVANCED_FACE('',(#10641),#3336,.F.);
#10641 = FACE_BOUND('',#10642,.T.);
#10642 = EDGE_LOOP('',(#10643,#10644,#10645,#10681));
#10643 = ORIENTED_EDGE('',*,*,#3315,.F.);
#10644 = ORIENTED_EDGE('',*,*,#8811,.T.);
#10645 = ORIENTED_EDGE('',*,*,#10646,.T.);
#10646 = EDGE_CURVE('',#8812,#8651,#10647,.T.);
#10647 = SURFACE_CURVE('',#10648,(#10657,#10669),.PCURVE_S1.);
#10648 = B_SPLINE_CURVE_WITH_KNOTS('',4,(#10649,#10650,#10651,#10652,
    #10653,#10654,#10655,#10656),.UNSPECIFIED.,.F.,.F.,(5,3,5),(0.,
    0.499491076172,1.),.UNSPECIFIED.);
#10649 = CARTESIAN_POINT('',(-5.120257841912,6.784759364365,5.51));
#10650 = CARTESIAN_POINT('',(-5.005427409586,6.871422501636,
    5.510003189475));
#10651 = CARTESIAN_POINT('',(-4.888637813444,6.955489368758,
    5.510000363769));
#10652 = CARTESIAN_POINT('',(-4.769981254826,7.03689969219,5.50999893848
    ));
#10653 = CARTESIAN_POINT('',(-4.528872525147,7.194447608263,
    5.509998929799));
#10654 = CARTESIAN_POINT('',(-4.406413148002,7.270574094873,
    5.510000352213));
#10655 = CARTESIAN_POINT('',(-4.2822638753,7.343912540115,5.510003195974
    ));
#10656 = CARTESIAN_POINT('',(-4.156517505519,7.414402351256,5.51));
#10657 = PCURVE('',#3336,#10658);
#10658 = DEFINITIONAL_REPRESENTATION('',(#10659),#10668);
#10659 = B_SPLINE_CURVE_WITH_KNOTS('',4,(#10660,#10661,#10662,#10663,
    #10664,#10665,#10666,#10667),.UNSPECIFIED.,.F.,.F.,(5,3,5),(0.,
    0.499491076172,1.),.UNSPECIFIED.);
#10660 = CARTESIAN_POINT('',(2.217279869999,-0.5));
#10661 = CARTESIAN_POINT('',(2.20035482558,-0.499996810525));
#10662 = CARTESIAN_POINT('',(2.183429809637,-0.499999636231));
#10663 = CARTESIAN_POINT('',(2.166504774912,-0.50000106152));
#10664 = CARTESIAN_POINT('',(2.132620218981,-0.500001070201));
#10665 = CARTESIAN_POINT('',(2.115660694897,-0.499999647787));
#10666 = CARTESIAN_POINT('',(2.09870118972,-0.499996804026));
#10667 = CARTESIAN_POINT('',(2.081741655966,-0.5));
#10668 = ( GEOMETRIC_REPRESENTATION_CONTEXT(2) 
PARAMETRIC_REPRESENTATION_CONTEXT() REPRESENTATION_CONTEXT('2D SPACE',''
  ) );
#10669 = PCURVE('',#8665,#10670);
#10670 = DEFINITIONAL_REPRESENTATION('',(#10671),#10680);
#10671 = B_SPLINE_CURVE_WITH_KNOTS('',4,(#10672,#10673,#10674,#10675,
    #10676,#10677,#10678,#10679),.UNSPECIFIED.,.F.,.F.,(5,3,5),(0.,
    0.499491076172,1.),.UNSPECIFIED.);
#10672 = CARTESIAN_POINT('',(0.918333333333,0.));
#10673 = CARTESIAN_POINT('',(0.918333864912,0.124872659591));
#10674 = CARTESIAN_POINT('',(0.918333393962,0.249745513686));
#10675 = CARTESIAN_POINT('',(0.918333156413,0.374618285686));
#10676 = CARTESIAN_POINT('',(0.918333154967,0.624618328587));
#10677 = CARTESIAN_POINT('',(0.918333392036,0.749745562258));
#10678 = CARTESIAN_POINT('',(0.918333865996,0.874872878741));
#10679 = CARTESIAN_POINT('',(0.918333333333,1.));
#10680 = ( GEOMETRIC_REPRESENTATION_CONTEXT(2) 
PARAMETRIC_REPRESENTATION_CONTEXT() REPRESENTATION_CONTEXT('2D SPACE',''
  ) );
#10681 = ORIENTED_EDGE('',*,*,#8681,.T.);
#10682 = ADVANCED_FACE('',(#10683),#3228,.F.);
#10683 = FACE_BOUND('',#10684,.T.);
#10684 = EDGE_LOOP('',(#10685,#10686,#10687,#10723));
#10685 = ORIENTED_EDGE('',*,*,#3207,.F.);
#10686 = ORIENTED_EDGE('',*,*,#9087,.T.);
#10687 = ORIENTED_EDGE('',*,*,#10688,.T.);
#10688 = EDGE_CURVE('',#9088,#8927,#10689,.T.);
#10689 = SURFACE_CURVE('',#10690,(#10699,#10711),.PCURVE_S1.);
#10690 = B_SPLINE_CURVE_WITH_KNOTS('',4,(#10691,#10692,#10693,#10694,
    #10695,#10696,#10697,#10698),.UNSPECIFIED.,.F.,.F.,(5,3,5),(0.,
    0.499491146248,1.),.UNSPECIFIED.);
#10691 = CARTESIAN_POINT('',(-7.045835913124,4.754597384146,5.51));
#10692 = CARTESIAN_POINT('',(-6.96536677374,4.873850270752,
    5.510003189475));
#10693 = CARTESIAN_POINT('',(-6.882201615145,4.991283699228,
    5.510000363769));
#10694 = CARTESIAN_POINT('',(-6.796408072195,5.106810724056,
    5.509998938479));
#10695 = CARTESIAN_POINT('',(-6.619519001105,5.33411013434,5.5099989298)
  );
#10696 = CARTESIAN_POINT('',(-6.528413052643,5.445874356451,
    5.510000352214));
#10697 = CARTESIAN_POINT('',(-6.434803496984,5.555550309729,
    5.510003195974));
#10698 = CARTESIAN_POINT('',(-6.338758430073,5.663050552942,5.51));
#10699 = PCURVE('',#3228,#10700);
#10700 = DEFINITIONAL_REPRESENTATION('',(#10701),#10710);
#10701 = B_SPLINE_CURVE_WITH_KNOTS('',4,(#10702,#10703,#10704,#10705,
    #10706,#10707,#10708,#10709),.UNSPECIFIED.,.F.,.F.,(5,3,5),(0.,
    0.499491146248,1.),.UNSPECIFIED.);
#10702 = CARTESIAN_POINT('',(2.547973833535,-0.5));
#10703 = CARTESIAN_POINT('',(2.531048786742,-0.499996810525));
#10704 = CARTESIAN_POINT('',(2.514123768424,-0.499999636231));
#10705 = CARTESIAN_POINT('',(2.497198731324,-0.500001061521));
#10706 = CARTESIAN_POINT('',(2.463314175393,-0.5000010702));
#10707 = CARTESIAN_POINT('',(2.446354653683,-0.499999647786));
#10708 = CARTESIAN_POINT('',(2.429395150881,-0.499996804026));
#10709 = CARTESIAN_POINT('',(2.412435619502,-0.5));
#10710 = ( GEOMETRIC_REPRESENTATION_CONTEXT(2) 
PARAMETRIC_REPRESENTATION_CONTEXT() REPRESENTATION_CONTEXT('2D SPACE',''
  ) );
#10711 = PCURVE('',#8941,#10712);
#10712 = DEFINITIONAL_REPRESENTATION('',(#10713),#10722);
#10713 = B_SPLINE_CURVE_WITH_KNOTS('',4,(#10714,#10715,#10716,#10717,
    #10718,#10719,#10720,#10721),.UNSPECIFIED.,.F.,.F.,(5,3,5),(0.,
    0.499491146248,1.),.UNSPECIFIED.);
#10714 = CARTESIAN_POINT('',(0.918333333333,0.));
#10715 = CARTESIAN_POINT('',(0.918333864913,0.12487267711));
#10716 = CARTESIAN_POINT('',(0.918333393961,0.249745548724));
#10717 = CARTESIAN_POINT('',(0.918333156413,0.374618338243));
#10718 = CARTESIAN_POINT('',(0.918333154967,0.624618381144));
#10719 = CARTESIAN_POINT('',(0.918333392036,0.749745597296));
#10720 = CARTESIAN_POINT('',(0.918333865996,0.87487289626));
#10721 = CARTESIAN_POINT('',(0.918333333333,1.));
#10722 = ( GEOMETRIC_REPRESENTATION_CONTEXT(2) 
PARAMETRIC_REPRESENTATION_CONTEXT() REPRESENTATION_CONTEXT('2D SPACE',''
  ) );
#10723 = ORIENTED_EDGE('',*,*,#8957,.T.);
#10724 = ADVANCED_FACE('',(#10725),#3120,.F.);
#10725 = FACE_BOUND('',#10726,.T.);
#10726 = EDGE_LOOP('',(#10727,#10728,#10729,#10765));
#10727 = ORIENTED_EDGE('',*,*,#3099,.F.);
#10728 = ORIENTED_EDGE('',*,*,#9363,.T.);
#10729 = ORIENTED_EDGE('',*,*,#10730,.T.);
#10730 = EDGE_CURVE('',#9364,#9203,#10731,.T.);
#10731 = SURFACE_CURVE('',#10732,(#10741,#10753),.PCURVE_S1.);
#10732 = B_SPLINE_CURVE_WITH_KNOTS('',4,(#10733,#10734,#10735,#10736,
    #10737,#10738,#10739,#10740),.UNSPECIFIED.,.F.,.F.,(5,3,5),(0.,
    0.499491192328,1.),.UNSPECIFIED.);
#10733 = CARTESIAN_POINT('',(-8.207888335741,2.209201002175,5.51));
#10734 = CARTESIAN_POINT('',(-8.170500581819,2.348120738112,
    5.510003189476));
#10735 = CARTESIAN_POINT('',(-8.129972108775,2.486194995028,
    5.510000363768));
#10736 = CARTESIAN_POINT('',(-8.086338655669,2.623319577325,
    5.509998938479));
#10737 = CARTESIAN_POINT('',(-7.992837918533,2.895739065507,5.5099989298
    ));
#10738 = CARTESIAN_POINT('',(-7.942958129283,3.031029634222,
    5.510000352214));
#10739 = CARTESIAN_POINT('',(-7.890032325962,3.165158002402,
    5.510003195974));
#10740 = CARTESIAN_POINT('',(-7.834096522758,3.298019355933,5.51));
#10741 = PCURVE('',#3120,#10742);
#10742 = DEFINITIONAL_REPRESENTATION('',(#10743),#10752);
#10743 = B_SPLINE_CURVE_WITH_KNOTS('',4,(#10744,#10745,#10746,#10747,
    #10748,#10749,#10750,#10751),.UNSPECIFIED.,.F.,.F.,(5,3,5),(0.,
    0.499491192328,1.),.UNSPECIFIED.);
#10744 = CARTESIAN_POINT('',(2.878667797071,-0.5));
#10745 = CARTESIAN_POINT('',(2.861742748716,-0.499996810524));
#10746 = CARTESIAN_POINT('',(2.844817728837,-0.499999636232));
#10747 = CARTESIAN_POINT('',(2.827892690176,-0.500001061521));
#10748 = CARTESIAN_POINT('',(2.794008134245,-0.5000010702));
#10749 = CARTESIAN_POINT('',(2.777048614096,-0.499999647786));
#10750 = CARTESIAN_POINT('',(2.760089112856,-0.499996804026));
#10751 = CARTESIAN_POINT('',(2.743129583037,-0.5));
#10752 = ( GEOMETRIC_REPRESENTATION_CONTEXT(2) 
PARAMETRIC_REPRESENTATION_CONTEXT() REPRESENTATION_CONTEXT('2D SPACE',''
  ) );
#10753 = PCURVE('',#9217,#10754);
#10754 = DEFINITIONAL_REPRESENTATION('',(#10755),#10764);
#10755 = B_SPLINE_CURVE_WITH_KNOTS('',4,(#10756,#10757,#10758,#10759,
    #10760,#10761,#10762,#10763),.UNSPECIFIED.,.F.,.F.,(5,3,5),(0.,
    0.499491192328,1.),.UNSPECIFIED.);
#10756 = CARTESIAN_POINT('',(0.918333333333,0.));
#10757 = CARTESIAN_POINT('',(0.918333864913,0.12487268863));
#10758 = CARTESIAN_POINT('',(0.918333393961,0.249745571764));
#10759 = CARTESIAN_POINT('',(0.918333156413,0.374618372803));
#10760 = CARTESIAN_POINT('',(0.918333154967,0.624618415704));
#10761 = CARTESIAN_POINT('',(0.918333392036,0.749745620336));
#10762 = CARTESIAN_POINT('',(0.918333865996,0.87487290778));
#10763 = CARTESIAN_POINT('',(0.918333333333,1.));
#10764 = ( GEOMETRIC_REPRESENTATION_CONTEXT(2) 
PARAMETRIC_REPRESENTATION_CONTEXT() REPRESENTATION_CONTEXT('2D SPACE',''
  ) );
#10765 = ORIENTED_EDGE('',*,*,#9233,.T.);
#10766 = ADVANCED_FACE('',(#10767),#3012,.F.);
#10767 = FACE_BOUND('',#10768,.T.);
#10768 = EDGE_LOOP('',(#10769,#10770,#10771,#10807));
#10769 = ORIENTED_EDGE('',*,*,#2991,.F.);
#10770 = ORIENTED_EDGE('',*,*,#9639,.T.);
#10771 = ORIENTED_EDGE('',*,*,#10772,.T.);
#10772 = EDGE_CURVE('',#9640,#9479,#10773,.T.);
#10773 = SURFACE_CURVE('',#10774,(#10783,#10795),.PCURVE_S1.);
#10774 = B_SPLINE_CURVE_WITH_KNOTS('',4,(#10775,#10776,#10777,#10778,
    #10779,#10780,#10781,#10782),.UNSPECIFIED.,.F.,.F.,(5,3,5),(0.,
    0.499551326061,1.),.UNSPECIFIED.);
#10775 = CARTESIAN_POINT('',(-8.48048869867,-0.575596587666,5.51));
#10776 = CARTESIAN_POINT('',(-8.490235054125,-0.432046842483,
    5.51000318986));
#10777 = CARTESIAN_POINT('',(-8.496735555298,-0.288276923103,
    5.510000363117));
#10778 = CARTESIAN_POINT('',(-8.499990172544,-0.144397023749,
    5.509998937955));
#10779 = CARTESIAN_POINT('',(-8.500007680016,0.14362166502,
    5.509998930302));
#10780 = CARTESIAN_POINT('',(-8.496758898609,0.287760412508,
    5.510000352912));
#10781 = CARTESIAN_POINT('',(-8.490252561577,0.431788983004,
    5.51000319559));
#10782 = CARTESIAN_POINT('',(-8.48048869867,0.575596587666,5.51));
#10783 = PCURVE('',#3012,#10784);
#10784 = DEFINITIONAL_REPRESENTATION('',(#10785),#10794);
#10785 = B_SPLINE_CURVE_WITH_KNOTS('',4,(#10786,#10787,#10788,#10789,
    #10790,#10791,#10792,#10793),.UNSPECIFIED.,.F.,.F.,(5,3,5),(0.,
    0.499551326061,1.),.UNSPECIFIED.);
#10786 = CARTESIAN_POINT('',(3.209361760606,-0.5));
#10787 = CARTESIAN_POINT('',(3.192434674646,-0.49999681014));
#10788 = CARTESIAN_POINT('',(3.175507617166,-0.499999636898));
#10789 = CARTESIAN_POINT('',(3.158580540898,-0.50000106204));
#10790 = CARTESIAN_POINT('',(3.124695984967,-0.500001069693));
#10791 = CARTESIAN_POINT('',(3.107738502423,-0.499999647094));
#10792 = CARTESIAN_POINT('',(3.090781038785,-0.49999680441));
#10793 = CARTESIAN_POINT('',(3.073823546573,-0.5));
#10794 = ( GEOMETRIC_REPRESENTATION_CONTEXT(2) 
PARAMETRIC_REPRESENTATION_CONTEXT() REPRESENTATION_CONTEXT('2D SPACE',''
  ) );
#10795 = PCURVE('',#9493,#10796);
#10796 = DEFINITIONAL_REPRESENTATION('',(#10797),#10806);
#10797 = B_SPLINE_CURVE_WITH_KNOTS('',4,(#10798,#10799,#10800,#10801,
    #10802,#10803,#10804,#10805),.UNSPECIFIED.,.F.,.F.,(5,3,5),(0.,
    0.499551326061,1.),.UNSPECIFIED.);
#10798 = CARTESIAN_POINT('',(0.918333333333,0.));
#10799 = CARTESIAN_POINT('',(0.918333864977,0.124887722049));
#10800 = CARTESIAN_POINT('',(0.918333393853,0.249775638645));
#10801 = CARTESIAN_POINT('',(0.918333156326,0.374663473102));
#10802 = CARTESIAN_POINT('',(0.91833315505,0.624663516003));
#10803 = CARTESIAN_POINT('',(0.918333392152,0.749775687225));
#10804 = CARTESIAN_POINT('',(0.918333865932,0.874887941203));
#10805 = CARTESIAN_POINT('',(0.918333333333,1.));
#10806 = ( GEOMETRIC_REPRESENTATION_CONTEXT(2) 
PARAMETRIC_REPRESENTATION_CONTEXT() REPRESENTATION_CONTEXT('2D SPACE',''
  ) );
#10807 = ORIENTED_EDGE('',*,*,#9509,.T.);
#10808 = ADVANCED_FACE('',(#10809),#5168,.F.);
#10809 = FACE_BOUND('',#10810,.F.);
#10810 = EDGE_LOOP('',(#10811,#10812,#10813,#10814));
#10811 = ORIENTED_EDGE('',*,*,#5144,.F.);
#10812 = ORIENTED_EDGE('',*,*,#5246,.T.);
#10813 = ORIENTED_EDGE('',*,*,#10100,.T.);
#10814 = ORIENTED_EDGE('',*,*,#9999,.F.);
#10815 = ADVANCED_FACE('',(#10816),#5344,.F.);
#10816 = FACE_BOUND('',#10817,.F.);
#10817 = EDGE_LOOP('',(#10818,#10819,#10820,#10821));
#10818 = ORIENTED_EDGE('',*,*,#5429,.F.);
#10819 = ORIENTED_EDGE('',*,*,#5522,.T.);
#10820 = ORIENTED_EDGE('',*,*,#10142,.T.);
#10821 = ORIENTED_EDGE('',*,*,#5329,.F.);
#10822 = ADVANCED_FACE('',(#10823),#5620,.F.);
#10823 = FACE_BOUND('',#10824,.F.);
#10824 = EDGE_LOOP('',(#10825,#10826,#10827,#10828));
#10825 = ORIENTED_EDGE('',*,*,#5705,.F.);
#10826 = ORIENTED_EDGE('',*,*,#5798,.T.);
#10827 = ORIENTED_EDGE('',*,*,#10184,.T.);
#10828 = ORIENTED_EDGE('',*,*,#5605,.F.);
#10829 = ADVANCED_FACE('',(#10830),#5896,.F.);
#10830 = FACE_BOUND('',#10831,.F.);
#10831 = EDGE_LOOP('',(#10832,#10833,#10834,#10835));
#10832 = ORIENTED_EDGE('',*,*,#5981,.F.);
#10833 = ORIENTED_EDGE('',*,*,#6074,.T.);
#10834 = ORIENTED_EDGE('',*,*,#10226,.T.);
#10835 = ORIENTED_EDGE('',*,*,#5881,.F.);
#10836 = ADVANCED_FACE('',(#10837),#6172,.F.);
#10837 = FACE_BOUND('',#10838,.F.);
#10838 = EDGE_LOOP('',(#10839,#10840,#10841,#10842));
#10839 = ORIENTED_EDGE('',*,*,#6257,.F.);
#10840 = ORIENTED_EDGE('',*,*,#6350,.T.);
#10841 = ORIENTED_EDGE('',*,*,#10268,.T.);
#10842 = ORIENTED_EDGE('',*,*,#6157,.F.);
#10843 = ADVANCED_FACE('',(#10844),#6448,.F.);
#10844 = FACE_BOUND('',#10845,.F.);
#10845 = EDGE_LOOP('',(#10846,#10847,#10848,#10849));
#10846 = ORIENTED_EDGE('',*,*,#6533,.F.);
#10847 = ORIENTED_EDGE('',*,*,#6607,.T.);
#10848 = ORIENTED_EDGE('',*,*,#10310,.T.);
#10849 = ORIENTED_EDGE('',*,*,#6433,.F.);
#10850 = ADVANCED_FACE('',(#10851),#6733,.F.);
#10851 = FACE_BOUND('',#10852,.F.);
#10852 = EDGE_LOOP('',(#10853,#10854,#10855,#10856));
#10853 = ORIENTED_EDGE('',*,*,#6818,.F.);
#10854 = ORIENTED_EDGE('',*,*,#6911,.T.);
#10855 = ORIENTED_EDGE('',*,*,#10352,.T.);
#10856 = ORIENTED_EDGE('',*,*,#6718,.F.);
#10857 = ADVANCED_FACE('',(#10858),#7009,.F.);
#10858 = FACE_BOUND('',#10859,.F.);
#10859 = EDGE_LOOP('',(#10860,#10861,#10862,#10863));
#10860 = ORIENTED_EDGE('',*,*,#7094,.F.);
#10861 = ORIENTED_EDGE('',*,*,#7187,.T.);
#10862 = ORIENTED_EDGE('',*,*,#10394,.T.);
#10863 = ORIENTED_EDGE('',*,*,#6994,.F.);
#10864 = ADVANCED_FACE('',(#10865),#7285,.F.);
#10865 = FACE_BOUND('',#10866,.F.);
#10866 = EDGE_LOOP('',(#10867,#10868,#10869,#10870));
#10867 = ORIENTED_EDGE('',*,*,#7370,.F.);
#10868 = ORIENTED_EDGE('',*,*,#7463,.T.);
#10869 = ORIENTED_EDGE('',*,*,#10436,.T.);
#10870 = ORIENTED_EDGE('',*,*,#7270,.F.);
#10871 = ADVANCED_FACE('',(#10872),#7561,.F.);
#10872 = FACE_BOUND('',#10873,.F.);
#10873 = EDGE_LOOP('',(#10874,#10875,#10876,#10877));
#10874 = ORIENTED_EDGE('',*,*,#7646,.F.);
#10875 = ORIENTED_EDGE('',*,*,#7739,.T.);
#10876 = ORIENTED_EDGE('',*,*,#10478,.T.);
#10877 = ORIENTED_EDGE('',*,*,#7546,.F.);
#10878 = ADVANCED_FACE('',(#10879),#7837,.F.);
#10879 = FACE_BOUND('',#10880,.F.);
#10880 = EDGE_LOOP('',(#10881,#10882,#10883,#10884));
#10881 = ORIENTED_EDGE('',*,*,#7922,.F.);
#10882 = ORIENTED_EDGE('',*,*,#8015,.T.);
#10883 = ORIENTED_EDGE('',*,*,#10520,.T.);
#10884 = ORIENTED_EDGE('',*,*,#7822,.F.);
#10885 = ADVANCED_FACE('',(#10886),#8113,.F.);
#10886 = FACE_BOUND('',#10887,.F.);
#10887 = EDGE_LOOP('',(#10888,#10889,#10890,#10891));
#10888 = ORIENTED_EDGE('',*,*,#8198,.F.);
#10889 = ORIENTED_EDGE('',*,*,#8291,.T.);
#10890 = ORIENTED_EDGE('',*,*,#10562,.T.);
#10891 = ORIENTED_EDGE('',*,*,#8098,.F.);
#10892 = ADVANCED_FACE('',(#10893),#8389,.F.);
#10893 = FACE_BOUND('',#10894,.F.);
#10894 = EDGE_LOOP('',(#10895,#10896,#10897,#10898));
#10895 = ORIENTED_EDGE('',*,*,#8474,.F.);
#10896 = ORIENTED_EDGE('',*,*,#8567,.T.);
#10897 = ORIENTED_EDGE('',*,*,#10604,.T.);
#10898 = ORIENTED_EDGE('',*,*,#8374,.F.);
#10899 = ADVANCED_FACE('',(#10900),#8665,.F.);
#10900 = FACE_BOUND('',#10901,.F.);
#10901 = EDGE_LOOP('',(#10902,#10903,#10904,#10905));
#10902 = ORIENTED_EDGE('',*,*,#8750,.F.);
#10903 = ORIENTED_EDGE('',*,*,#8843,.T.);
#10904 = ORIENTED_EDGE('',*,*,#10646,.T.);
#10905 = ORIENTED_EDGE('',*,*,#8650,.F.);
#10906 = ADVANCED_FACE('',(#10907),#8941,.F.);
#10907 = FACE_BOUND('',#10908,.F.);
#10908 = EDGE_LOOP('',(#10909,#10910,#10911,#10912));
#10909 = ORIENTED_EDGE('',*,*,#9026,.F.);
#10910 = ORIENTED_EDGE('',*,*,#9119,.T.);
#10911 = ORIENTED_EDGE('',*,*,#10688,.T.);
#10912 = ORIENTED_EDGE('',*,*,#8926,.F.);
#10913 = ADVANCED_FACE('',(#10914),#9217,.F.);
#10914 = FACE_BOUND('',#10915,.F.);
#10915 = EDGE_LOOP('',(#10916,#10917,#10918,#10919));
#10916 = ORIENTED_EDGE('',*,*,#9302,.F.);
#10917 = ORIENTED_EDGE('',*,*,#9395,.T.);
#10918 = ORIENTED_EDGE('',*,*,#10730,.T.);
#10919 = ORIENTED_EDGE('',*,*,#9202,.F.);
#10920 = ADVANCED_FACE('',(#10921),#9493,.F.);
#10921 = FACE_BOUND('',#10922,.F.);
#10922 = EDGE_LOOP('',(#10923,#10924,#10925,#10926));
#10923 = ORIENTED_EDGE('',*,*,#9578,.F.);
#10924 = ORIENTED_EDGE('',*,*,#9671,.T.);
#10925 = ORIENTED_EDGE('',*,*,#10772,.T.);
#10926 = ORIENTED_EDGE('',*,*,#9478,.F.);
#10927 = ADVANCED_FACE('',(#10928),#9769,.F.);
#10928 = FACE_BOUND('',#10929,.F.);
#10929 = EDGE_LOOP('',(#10930,#10931,#10932,#10933));
#10930 = ORIENTED_EDGE('',*,*,#9854,.F.);
#10931 = ORIENTED_EDGE('',*,*,#9947,.T.);
#10932 = ORIENTED_EDGE('',*,*,#10058,.T.);
#10933 = ORIENTED_EDGE('',*,*,#9754,.F.);
#10934 = ( GEOMETRIC_REPRESENTATION_CONTEXT(3) 
GLOBAL_UNCERTAINTY_ASSIGNED_CONTEXT((#10938)) 
GLOBAL_UNIT_ASSIGNED_CONTEXT((#10935,#10936,#10937)) 
REPRESENTATION_CONTEXT('Context #1',
  '3D Context with UNIT and UNCERTAINTY') );
#10935 = ( LENGTH_UNIT() NAMED_UNIT(*) SI_UNIT(.MILLI.,.METRE.) );
#10936 = ( NAMED_UNIT(*) PLANE_ANGLE_UNIT() SI_UNIT($,.RADIAN.) );
#10937 = ( NAMED_UNIT(*) SI_UNIT($,.STERADIAN.) SOLID_ANGLE_UNIT() );
#10938 = UNCERTAINTY_MEASURE_WITH_UNIT(LENGTH_MEASURE(2.E-06),#10935,
  'distance_accuracy_value','confusion accuracy');
#10939 = PRODUCT_RELATED_PRODUCT_CATEGORY('part',$,(#7));
ENDSEC;
END-ISO-10303-21;
