ISO-10303-21;
HEADER;
FILE_DESCRIPTION(('Open CASCADE Model'),'2;1');
FILE_NAME('Open CASCADE Shape Model','2026-09-12T08:29:56',('Author'),(
    'Open CASCADE'),'Open CASCADE STEP processor 7.9','Open CASCADE 7.9'
  ,'Unknown');
FILE_SCHEMA(('AUTOMOTIVE_DESIGN { 1 0 10303 214 1 1 1 1 }'));
ENDSEC;
DATA;
#1 = APPLICATION_PROTOCOL_DEFINITION('international standard',
  'automotive_design',2000,#2);
#2 = APPLICATION_CONTEXT(
  'core data for automotive mechanical design processes');
#3 = SHAPE_DEFINITION_REPRESENTATION(#4,#10);
#4 = PRODUCT_DEFINITION_SHAPE('','',#5);
#5 = PRODUCT_DEFINITION('design','',#6,#9);
#6 = PRODUCT_DEFINITION_FORMATION('','',#7);
#7 = PRODUCT('Open CASCADE STEP translator 7.9 5',
  'Open CASCADE STEP translator 7.9 5','',(#8));
#8 = PRODUCT_CONTEXT('',#2,'mechanical');
#9 = PRODUCT_DEFINITION_CONTEXT('part definition',#2,'design');
#10 = ADVANCED_BREP_SHAPE_REPRESENTATION('',(#11,#15),#14829);
#11 = AXIS2_PLACEMENT_3D('',#12,#13,#14);
#12 = CARTESIAN_POINT('',(0.,0.,0.));
#13 = DIRECTION('',(0.,0.,1.));
#14 = DIRECTION('',(1.,0.,-0.));
#15 = MANIFOLD_SOLID_BREP('',#16);
#16 = CLOSED_SHELL('',(#17,#247,#4504,#4565,#4621,#4681,#7147,#7175,
    #7224,#7327,#7430,#7485,#7546,#7625,#7683,#7731,#7759,#7787,#7835,
    #7865,#7893,#7921,#8024,#8127,#8188,#8249,#8328,#8407,#8435,#8463,
    #8566,#8669,#8730,#8791,#8870,#8949,#8977,#9005,#9108,#9211,#9272,
    #9333,#9412,#9491,#9519,#9547,#9650,#9753,#9814,#9875,#9954,#10033,
    #10061,#10089,#10192,#10295,#10356,#10417,#10496,#10575,#10603,
    #10631,#10734,#10837,#10898,#10959,#11038,#11117,#11145,#11173,
    #11276,#11379,#11440,#11501,#11580,#11659,#11687,#11735,#11838,
    #11866,#11927,#11955,#12034,#12082,#12110,#12138,#12241,#12344,
    #12405,#12466,#12545,#12624,#12631,#12708,#12762,#12812,#12859,
    #12909,#12963,#13013,#13038,#13093,#13165,#13212,#13266,#13316,
    #13366,#13420,#13467,#13495,#13567,#13614,#13668,#13718,#13768,
    #13822,#13869,#13897,#13930,#13963,#13996,#14029,#14062,#14095,
    #14128,#14161,#14194,#14227,#14260,#14293,#14326,#14359,#14392,
    #14425,#14458,#14491,#14524,#14574,#14581,#14588,#14595,#14602,
    #14609,#14616,#14623,#14630,#14637,#14644,#14651,#14658,#14665,
    #14672,#14679,#14686,#14693,#14700,#14707,#14772,#14802));
#17 = ADVANCED_FACE('',(#18),#33,.T.);
#18 = FACE_BOUND('',#19,.T.);
#19 = EDGE_LOOP('',(#20,#69,#110,#140,#174,#215));
#20 = ORIENTED_EDGE('',*,*,#21,.F.);
#21 = EDGE_CURVE('',#22,#24,#26,.T.);
#22 = VERTEX_POINT('',#23);
#23 = CARTESIAN_POINT('',(18.162263224945,-4.831261033273,0.));
#24 = VERTEX_POINT('',#25);
#25 = CARTESIAN_POINT('',(19.682244438214,-5.767959246943,0.));
#26 = SURFACE_CURVE('',#27,(#32,#56),.PCURVE_S1.);
#27 = B_SPLINE_CURVE_WITH_KNOTS('',3,(#28,#29,#30,#31),.UNSPECIFIED.,.F.
  ,.F.,(4,4),(0.,1.),.PIECEWISE_BEZIER_KNOTS.);
#28 = CARTESIAN_POINT('',(18.162263224945,-4.831261033273,0.));
#29 = CARTESIAN_POINT('',(18.896303339728,-5.098099125506,0.));
#30 = CARTESIAN_POINT('',(19.518964627514,-5.602282474078,0.));
#31 = CARTESIAN_POINT('',(20.086434089501,-6.126594940758,0.));
#32 = PCURVE('',#33,#50);
#33 = B_SPLINE_SURFACE_WITH_KNOTS('',3,3,(
    (#34,#35,#36,#37)
    ,(#38,#39,#40,#41)
    ,(#42,#43,#44,#45)
    ,(#46,#47,#48,#49
    )),.UNSPECIFIED.,.F.,.F.,.F.,(4,4),(4,4),(0.,1.),(0.,1.),
  .PIECEWISE_BEZIER_KNOTS.);
#34 = CARTESIAN_POINT('',(18.162263224945,-4.831261033273,0.));
#35 = CARTESIAN_POINT('',(18.896303339728,-5.098099125506,0.));
#36 = CARTESIAN_POINT('',(19.518964627514,-5.602282474078,0.));
#37 = CARTESIAN_POINT('',(20.086434089501,-6.126594940758,0.));
#38 = CARTESIAN_POINT('',(17.711534794752,-6.527037928164,2.666669951599
    ));
#39 = CARTESIAN_POINT('',(18.420675528171,-6.862413302766,2.666669951599
    ));
#40 = CARTESIAN_POINT('',(18.996276060604,-7.424739606122,2.666669951599
    ));
#41 = CARTESIAN_POINT('',(19.514804432669,-8.002042508845,2.666669951599
    ));
#42 = CARTESIAN_POINT('',(17.021523447914,-8.158947751611,5.333330048401
    ));
#43 = CARTESIAN_POINT('',(17.696094816452,-8.559335926301,5.333330048401
    ));
#44 = CARTESIAN_POINT('',(18.216434968255,-9.173154279567,5.333330048401
    ));
#45 = CARTESIAN_POINT('',(18.67855015008,-9.796532072606,5.333330048401)
  );
#46 = CARTESIAN_POINT('',(16.118993389551,-9.663691878957,8.));
#47 = CARTESIAN_POINT('',(16.750666288471,-10.12304665072,8.));
#48 = CARTESIAN_POINT('',(17.209689877614,-10.77970887203,8.));
#49 = CARTESIAN_POINT('',(17.610107927385,-11.44045885381,8.));
#50 = DEFINITIONAL_REPRESENTATION('',(#51),#55);
#51 = LINE('',#52,#53);
#52 = CARTESIAN_POINT('',(0.,0.));
#53 = VECTOR('',#54,1.);
#54 = DIRECTION('',(0.,1.));
#55 = ( GEOMETRIC_REPRESENTATION_CONTEXT(2) 
PARAMETRIC_REPRESENTATION_CONTEXT() REPRESENTATION_CONTEXT('2D SPACE',''
  ) );
#56 = PCURVE('',#57,#62);
#57 = PLANE('',#58);
#58 = AXIS2_PLACEMENT_3D('',#59,#60,#61);
#59 = CARTESIAN_POINT('',(-6.017486224637E-16,2.462096471272E-15,0.));
#60 = DIRECTION('',(0.,0.,1.));
#61 = DIRECTION('',(1.,0.,-0.));
#62 = DEFINITIONAL_REPRESENTATION('',(#63),#68);
#63 = B_SPLINE_CURVE_WITH_KNOTS('',3,(#64,#65,#66,#67),.UNSPECIFIED.,.F.
  ,.F.,(4,4),(0.,1.),.PIECEWISE_BEZIER_KNOTS.);
#64 = CARTESIAN_POINT('',(18.162263224945,-4.831261033273));
#65 = CARTESIAN_POINT('',(18.896303339728,-5.098099125506));
#66 = CARTESIAN_POINT('',(19.518964627514,-5.602282474078));
#67 = CARTESIAN_POINT('',(20.086434089501,-6.126594940758));
#68 = ( GEOMETRIC_REPRESENTATION_CONTEXT(2) 
PARAMETRIC_REPRESENTATION_CONTEXT() REPRESENTATION_CONTEXT('2D SPACE',''
  ) );
#69 = ORIENTED_EDGE('',*,*,#70,.T.);
#70 = EDGE_CURVE('',#22,#71,#73,.T.);
#71 = VERTEX_POINT('',#72);
#72 = CARTESIAN_POINT('',(16.118993389551,-9.663691878957,8.));
#73 = SURFACE_CURVE('',#74,(#79,#86),.PCURVE_S1.);
#74 = B_SPLINE_CURVE_WITH_KNOTS('',3,(#75,#76,#77,#78),.UNSPECIFIED.,.F.
  ,.F.,(4,4),(0.,1.),.PIECEWISE_BEZIER_KNOTS.);
#75 = CARTESIAN_POINT('',(18.162263224945,-4.831261033273,0.));
#76 = CARTESIAN_POINT('',(17.711534858608,-6.527037768974,2.666669690328
    ));
#77 = CARTESIAN_POINT('',(17.021523378199,-8.158947908323,5.333330309672
    ));
#78 = CARTESIAN_POINT('',(16.118993389551,-9.663691878957,8.));
#79 = PCURVE('',#33,#80);
#80 = DEFINITIONAL_REPRESENTATION('',(#81),#85);
#81 = LINE('',#82,#83);
#82 = CARTESIAN_POINT('',(0.,0.));
#83 = VECTOR('',#84,1.);
#84 = DIRECTION('',(1.,0.));
#85 = ( GEOMETRIC_REPRESENTATION_CONTEXT(2) 
PARAMETRIC_REPRESENTATION_CONTEXT() REPRESENTATION_CONTEXT('2D SPACE',''
  ) );
#86 = PCURVE('',#87,#104);
#87 = B_SPLINE_SURFACE_WITH_KNOTS('',3,3,(
    (#88,#89,#90,#91)
    ,(#92,#93,#94,#95)
    ,(#96,#97,#98,#99)
    ,(#100,#101,#102,#103
    )),.UNSPECIFIED.,.F.,.F.,.F.,(4,4),(4,4),(0.,1.),(0.,1.),
  .PIECEWISE_BEZIER_KNOTS.);
#88 = CARTESIAN_POINT('',(18.37604163832,-3.940809857191,0.));
#89 = CARTESIAN_POINT('',(18.255838410463,-4.222961170303,0.));
#90 = CARTESIAN_POINT('',(18.183255380338,-4.525291248996,0.));
#91 = CARTESIAN_POINT('',(18.162263224945,-4.831261033273,0.));
#92 = CARTESIAN_POINT('',(18.008452617679,-5.656529271743,2.666669690328
    ));
#93 = CARTESIAN_POINT('',(17.86190461656,-5.927463207442,2.666669690328)
  );
#94 = CARTESIAN_POINT('',(17.761093733407,-6.223022256091,2.666669690328
    ));
#95 = CARTESIAN_POINT('',(17.711534858608,-6.527037768974,2.666669690328
    ));
#96 = CARTESIAN_POINT('',(17.3987534868,-7.320113809965,5.333330309672)
  );
#97 = CARTESIAN_POINT('',(17.227447847508,-7.576113599207,5.333330309672
    ));
#98 = CARTESIAN_POINT('',(17.099368946067,-7.860918410272,5.333330309672
    ));
#99 = CARTESIAN_POINT('',(17.021523378199,-8.158947908323,5.333330309672
    ));
#100 = CARTESIAN_POINT('',(16.570593644828,-8.867035292689,8.));
#101 = CARTESIAN_POINT('',(16.377077817526,-9.104963441637,8.));
#102 = CARTESIAN_POINT('',(16.223748421841,-9.375447949813,8.));
#103 = CARTESIAN_POINT('',(16.118993389551,-9.663691878957,8.));
#104 = DEFINITIONAL_REPRESENTATION('',(#105),#109);
#105 = LINE('',#106,#107);
#106 = CARTESIAN_POINT('',(0.,1.));
#107 = VECTOR('',#108,1.);
#108 = DIRECTION('',(1.,0.));
#109 = ( GEOMETRIC_REPRESENTATION_CONTEXT(2) 
PARAMETRIC_REPRESENTATION_CONTEXT() REPRESENTATION_CONTEXT('2D SPACE',''
  ) );
#110 = ORIENTED_EDGE('',*,*,#111,.T.);
#111 = EDGE_CURVE('',#71,#112,#114,.T.);
#112 = VERTEX_POINT('',#113);
#113 = CARTESIAN_POINT('',(17.320808151258,-10.9840659588,8.));
#114 = SURFACE_CURVE('',#115,(#120,#127),.PCURVE_S1.);
#115 = B_SPLINE_CURVE_WITH_KNOTS('',3,(#116,#117,#118,#119),
  .UNSPECIFIED.,.F.,.F.,(4,4),(0.,1.),.PIECEWISE_BEZIER_KNOTS.);
#116 = CARTESIAN_POINT('',(16.118993389551,-9.663691878957,8.));
#117 = CARTESIAN_POINT('',(16.750666288471,-10.12304665072,8.));
#118 = CARTESIAN_POINT('',(17.209689877614,-10.77970887203,8.));
#119 = CARTESIAN_POINT('',(17.610107927385,-11.44045885381,8.));
#120 = PCURVE('',#33,#121);
#121 = DEFINITIONAL_REPRESENTATION('',(#122),#126);
#122 = LINE('',#123,#124);
#123 = CARTESIAN_POINT('',(1.,0.));
#124 = VECTOR('',#125,1.);
#125 = DIRECTION('',(0.,1.));
#126 = ( GEOMETRIC_REPRESENTATION_CONTEXT(2) 
PARAMETRIC_REPRESENTATION_CONTEXT() REPRESENTATION_CONTEXT('2D SPACE',''
  ) );
#127 = PCURVE('',#128,#133);
#128 = PLANE('',#129);
#129 = AXIS2_PLACEMENT_3D('',#130,#131,#132);
#130 = CARTESIAN_POINT('',(-1.250727514714E-15,-7.906697016093E-16,8.));
#131 = DIRECTION('',(-0.,-0.,-1.));
#132 = DIRECTION('',(-1.,0.,0.));
#133 = DEFINITIONAL_REPRESENTATION('',(#134),#139);
#134 = B_SPLINE_CURVE_WITH_KNOTS('',3,(#135,#136,#137,#138),
  .UNSPECIFIED.,.F.,.F.,(4,4),(0.,1.),.PIECEWISE_BEZIER_KNOTS.);
#135 = CARTESIAN_POINT('',(-16.11899338955,-9.663691878957));
#136 = CARTESIAN_POINT('',(-16.75066628847,-10.12304665072));
#137 = CARTESIAN_POINT('',(-17.20968987761,-10.77970887203));
#138 = CARTESIAN_POINT('',(-17.61010792738,-11.44045885381));
#139 = ( GEOMETRIC_REPRESENTATION_CONTEXT(2) 
PARAMETRIC_REPRESENTATION_CONTEXT() REPRESENTATION_CONTEXT('2D SPACE',''
  ) );
#140 = ORIENTED_EDGE('',*,*,#141,.T.);
#141 = EDGE_CURVE('',#112,#142,#144,.T.);
#142 = VERTEX_POINT('',#143);
#143 = CARTESIAN_POINT('',(17.803832447496,-11.13667852699,
    7.509950989769));
#144 = SURFACE_CURVE('',#145,(#151,#160),.PCURVE_S1.);
#145 = B_SPLINE_CURVE_WITH_KNOTS('',4,(#146,#147,#148,#149,#150),
  .UNSPECIFIED.,.F.,.F.,(5,5),(0.,1.),.PIECEWISE_BEZIER_KNOTS.);
#146 = CARTESIAN_POINT('',(17.320808151258,-10.9840659588,8.));
#147 = CARTESIAN_POINT('',(17.442360189366,-11.02109340317,
    7.877518701917));
#148 = CARTESIAN_POINT('',(17.563193448336,-11.05921015094,
    7.754986691164));
#149 = CARTESIAN_POINT('',(17.6835813382,-11.09792744319,7.632450178374)
  );
#150 = CARTESIAN_POINT('',(17.803832447496,-11.13667852699,
    7.509950989769));
#151 = PCURVE('',#33,#152);
#152 = DEFINITIONAL_REPRESENTATION('',(#153),#159);
#153 = B_SPLINE_CURVE_WITH_KNOTS('',4,(#154,#155,#156,#157,#158),
  .UNSPECIFIED.,.F.,.F.,(5,5),(0.,1.),.PIECEWISE_BEZIER_KNOTS.);
#154 = CARTESIAN_POINT('',(1.,0.768213975802));
#155 = CARTESIAN_POINT('',(0.984689856599,0.825421850502));
#156 = CARTESIAN_POINT('',(0.969373371813,0.883124518311));
#157 = CARTESIAN_POINT('',(0.9540563221,0.941314128942));
#158 = CARTESIAN_POINT('',(0.938743935879,1.));
#159 = ( GEOMETRIC_REPRESENTATION_CONTEXT(2) 
PARAMETRIC_REPRESENTATION_CONTEXT() REPRESENTATION_CONTEXT('2D SPACE',''
  ) );
#160 = PCURVE('',#161,#166);
#161 = CONICAL_SURFACE('',#162,21.01,0.785398163397);
#162 = AXIS2_PLACEMENT_3D('',#163,#164,#165);
#163 = CARTESIAN_POINT('',(0.,0.,7.5));
#164 = DIRECTION('',(-0.,-0.,-1.));
#165 = DIRECTION('',(1.,0.,-0.));
#166 = DEFINITIONAL_REPRESENTATION('',(#167),#173);
#167 = B_SPLINE_CURVE_WITH_KNOTS('',4,(#168,#169,#170,#171,#172),
  .UNSPECIFIED.,.F.,.F.,(5,5),(0.,1.),.PIECEWISE_BEZIER_KNOTS.);
#168 = CARTESIAN_POINT('',(-5.718030150435,-0.5));
#169 = CARTESIAN_POINT('',(-5.719679440072,-0.377518701917));
#170 = CARTESIAN_POINT('',(-5.721238841794,-0.254986691164));
#171 = CARTESIAN_POINT('',(-5.722738843381,-0.132450178374));
#172 = CARTESIAN_POINT('',(-5.724211127084,-9.950989768977E-03));
#173 = ( GEOMETRIC_REPRESENTATION_CONTEXT(2) 
PARAMETRIC_REPRESENTATION_CONTEXT() REPRESENTATION_CONTEXT('2D SPACE',''
  ) );
#174 = ORIENTED_EDGE('',*,*,#175,.F.);
#175 = EDGE_CURVE('',#176,#142,#178,.T.);
#176 = VERTEX_POINT('',#177);
#177 = CARTESIAN_POINT('',(19.978415339153,-6.47031521399,0.490049010231
    ));
#178 = SURFACE_CURVE('',#179,(#184,#191),.PCURVE_S1.);
#179 = B_SPLINE_CURVE_WITH_KNOTS('',3,(#180,#181,#182,#183),
  .UNSPECIFIED.,.F.,.F.,(4,4),(0.,1.),.PIECEWISE_BEZIER_KNOTS.);
#180 = CARTESIAN_POINT('',(20.086434089501,-6.126594940758,0.));
#181 = CARTESIAN_POINT('',(19.514804432669,-8.002042508845,
    2.666669951599));
#182 = CARTESIAN_POINT('',(18.67855015008,-9.796532072606,5.333330048401
    ));
#183 = CARTESIAN_POINT('',(17.610107927385,-11.44045885381,8.));
#184 = PCURVE('',#33,#185);
#185 = DEFINITIONAL_REPRESENTATION('',(#186),#190);
#186 = LINE('',#187,#188);
#187 = CARTESIAN_POINT('',(0.,1.));
#188 = VECTOR('',#189,1.);
#189 = DIRECTION('',(1.,0.));
#190 = ( GEOMETRIC_REPRESENTATION_CONTEXT(2) 
PARAMETRIC_REPRESENTATION_CONTEXT() REPRESENTATION_CONTEXT('2D SPACE',''
  ) );
#191 = PCURVE('',#192,#209);
#192 = B_SPLINE_SURFACE_WITH_KNOTS('',3,3,(
    (#193,#194,#195,#196)
    ,(#197,#198,#199,#200)
    ,(#201,#202,#203,#204)
    ,(#205,#206,#207,#208
    )),.UNSPECIFIED.,.F.,.F.,.F.,(4,4),(4,4),(0.,1.),(0.,1.),
  .PIECEWISE_BEZIER_KNOTS.);
#193 = CARTESIAN_POINT('',(20.086434089501,-6.126594940758,0.));
#194 = CARTESIAN_POINT('',(20.012461443152,-6.369119370513,0.));
#195 = CARTESIAN_POINT('',(19.934095842861,-6.610303888409,0.));
#196 = CARTESIAN_POINT('',(19.851388687746,-6.849990304229,0.));
#197 = CARTESIAN_POINT('',(19.51480436305,-8.002042665777,2.666670185642
    ));
#198 = CARTESIAN_POINT('',(19.418187483882,-8.237665225248,
    2.666670185642));
#199 = CARTESIAN_POINT('',(19.317302668578,-8.471537707701,
    2.666670185642));
#200 = CARTESIAN_POINT('',(19.212216086357,-8.703506718797,
    2.666670185642));
#201 = CARTESIAN_POINT('',(18.678550225472,-9.796531918365,
    5.333329814358));
#202 = CARTESIAN_POINT('',(18.560266607924,-10.02205752155,
    5.333329814358));
#203 = CARTESIAN_POINT('',(18.437897946073,-10.2454405885,5.333329814358
    ));
#204 = CARTESIAN_POINT('',(18.311524500151,-10.46653460479,
    5.333329814358));
#205 = CARTESIAN_POINT('',(17.610107927385,-11.44045885381,8.));
#206 = CARTESIAN_POINT('',(17.47197546563,-11.65308405092,8.));
#207 = CARTESIAN_POINT('',(17.329991631507,-11.86320718108,8.));
#208 = CARTESIAN_POINT('',(17.184249550618,-12.0706904269,8.));
#209 = DEFINITIONAL_REPRESENTATION('',(#210),#214);
#210 = LINE('',#211,#212);
#211 = CARTESIAN_POINT('',(0.,0.));
#212 = VECTOR('',#213,1.);
#213 = DIRECTION('',(1.,0.));
#214 = ( GEOMETRIC_REPRESENTATION_CONTEXT(2) 
PARAMETRIC_REPRESENTATION_CONTEXT() REPRESENTATION_CONTEXT('2D SPACE',''
  ) );
#215 = ORIENTED_EDGE('',*,*,#216,.T.);
#216 = EDGE_CURVE('',#176,#24,#217,.T.);
#217 = SURFACE_CURVE('',#218,(#224,#233),.PCURVE_S1.);
#218 = B_SPLINE_CURVE_WITH_KNOTS('',4,(#219,#220,#221,#222,#223),
  .UNSPECIFIED.,.F.,.F.,(5,5),(0.,1.),.PIECEWISE_BEZIER_KNOTS.);
#219 = CARTESIAN_POINT('',(19.978415339153,-6.47031521399,0.490049010231
    ));
#220 = CARTESIAN_POINT('',(19.908270167551,-6.291693000064,
    0.368281132481));
#221 = CARTESIAN_POINT('',(19.835681144137,-6.114764391367,
    0.246106838637));
#222 = CARTESIAN_POINT('',(19.76040200957,-5.940011492238,0.123388920689
    ));
#223 = CARTESIAN_POINT('',(19.682244438214,-5.767959246943,
    -8.881784197001E-16));
#224 = PCURVE('',#33,#225);
#225 = DEFINITIONAL_REPRESENTATION('',(#226),#232);
#226 = B_SPLINE_CURVE_WITH_KNOTS('',4,(#227,#228,#229,#230,#231),
  .UNSPECIFIED.,.F.,.F.,(5,5),(0.,1.),.PIECEWISE_BEZIER_KNOTS.);
#227 = CARTESIAN_POINT('',(6.125606412116E-02,1.));
#228 = CARTESIAN_POINT('',(4.603509168317E-02,0.941664479136));
#229 = CARTESIAN_POINT('',(3.076331927809E-02,0.883642277695));
#230 = CARTESIAN_POINT('',(1.542359608659E-02,0.825845777756));
#231 = CARTESIAN_POINT('',(0.,0.768213975802));
#232 = ( GEOMETRIC_REPRESENTATION_CONTEXT(2) 
PARAMETRIC_REPRESENTATION_CONTEXT() REPRESENTATION_CONTEXT('2D SPACE',''
  ) );
#233 = PCURVE('',#234,#239);
#234 = CONICAL_SURFACE('',#235,20.5,0.785398163397);
#235 = AXIS2_PLACEMENT_3D('',#236,#237,#238);
#236 = CARTESIAN_POINT('',(0.,0.,-1.E-02));
#237 = DIRECTION('',(0.,0.,1.));
#238 = DIRECTION('',(1.,0.,-0.));
#239 = DEFINITIONAL_REPRESENTATION('',(#240),#246);
#240 = B_SPLINE_CURVE_WITH_KNOTS('',4,(#241,#242,#243,#244,#245),
  .UNSPECIFIED.,.F.,.F.,(5,5),(0.,1.),.PIECEWISE_BEZIER_KNOTS.);
#241 = CARTESIAN_POINT('',(5.96998005944,0.500049010231));
#242 = CARTESIAN_POINT('',(5.977042900414,0.378281132481));
#243 = CARTESIAN_POINT('',(5.984102359173,0.256106838637));
#244 = CARTESIAN_POINT('',(5.99113469388,0.133388920689));
#245 = CARTESIAN_POINT('',(5.998113165719,9.999999999999E-03));
#246 = ( GEOMETRIC_REPRESENTATION_CONTEXT(2) 
PARAMETRIC_REPRESENTATION_CONTEXT() REPRESENTATION_CONTEXT('2D SPACE',''
  ) );
#247 = ADVANCED_FACE('',(#248,#3765,#4001,#4032,#4268),#57,.F.);
#248 = FACE_BOUND('',#249,.F.);
#249 = EDGE_LOOP('',(#250,#294,#336,#369,#411,#453,#493,#609,#649,#691,
    #733,#762,#804,#846,#888,#917,#959,#1001,#1043,#1072,#1114,#1156,
    #1198,#1227,#1269,#1311,#1353,#1382,#1424,#1466,#1508,#1537,#1579,
    #1621,#1663,#1692,#1734,#1776,#1818,#1847,#1889,#1931,#1973,#2002,
    #2044,#2086,#2128,#2157,#2199,#2241,#2281,#2397,#2437,#2479,#2521,
    #2550,#2592,#2634,#2676,#2705,#2747,#2789,#2831,#2860,#2902,#2944,
    #2986,#3015,#3057,#3099,#3141,#3170,#3212,#3254,#3296,#3325,#3367,
    #3409,#3451,#3480,#3522,#3564,#3606,#3628,#3629,#3654,#3696,#3725));
#250 = ORIENTED_EDGE('',*,*,#251,.F.);
#251 = EDGE_CURVE('',#252,#254,#256,.T.);
#252 = VERTEX_POINT('',#253);
#253 = CARTESIAN_POINT('',(18.766280554294,-1.017645705202,0.));
#254 = VERTEX_POINT('',#255);
#255 = CARTESIAN_POINT('',(18.694431361307,-1.930576261421,0.));
#256 = SURFACE_CURVE('',#257,(#262,#270),.PCURVE_S1.);
#257 = B_SPLINE_CURVE_WITH_KNOTS('',3,(#258,#259,#260,#261),
  .UNSPECIFIED.,.F.,.F.,(4,4),(0.,1.),.PIECEWISE_BEZIER_KNOTS.);
#258 = CARTESIAN_POINT('',(18.766280554294,-1.017645705202,0.));
#259 = CARTESIAN_POINT('',(18.691695417366,-1.315127195093,0.));
#260 = CARTESIAN_POINT('',(18.667300848912,-1.625089576318,0.));
#261 = CARTESIAN_POINT('',(18.694431361307,-1.930576261421,0.));
#262 = PCURVE('',#57,#263);
#263 = DEFINITIONAL_REPRESENTATION('',(#264),#269);
#264 = B_SPLINE_CURVE_WITH_KNOTS('',3,(#265,#266,#267,#268),
  .UNSPECIFIED.,.F.,.F.,(4,4),(0.,1.),.PIECEWISE_BEZIER_KNOTS.);
#265 = CARTESIAN_POINT('',(18.766280554294,-1.017645705202));
#266 = CARTESIAN_POINT('',(18.691695417366,-1.315127195093));
#267 = CARTESIAN_POINT('',(18.667300848912,-1.625089576318));
#268 = CARTESIAN_POINT('',(18.694431361307,-1.930576261421));
#269 = ( GEOMETRIC_REPRESENTATION_CONTEXT(2) 
PARAMETRIC_REPRESENTATION_CONTEXT() REPRESENTATION_CONTEXT('2D SPACE',''
  ) );
#270 = PCURVE('',#271,#288);
#271 = B_SPLINE_SURFACE_WITH_KNOTS('',3,3,(
    (#272,#273,#274,#275)
    ,(#276,#277,#278,#279)
    ,(#280,#281,#282,#283)
    ,(#284,#285,#286,#287
    )),.UNSPECIFIED.,.F.,.F.,.F.,(4,4),(4,4),(0.,1.),(0.,1.),
  .PIECEWISE_BEZIER_KNOTS.);
#272 = CARTESIAN_POINT('',(18.766280554294,-1.017645705202,0.));
#273 = CARTESIAN_POINT('',(18.691695417366,-1.315127195093,0.));
#274 = CARTESIAN_POINT('',(18.667300848912,-1.625089576318,0.));
#275 = CARTESIAN_POINT('',(18.694431361307,-1.930576261421,0.));
#276 = CARTESIAN_POINT('',(18.671614813251,-2.769745358487,
    2.666669690328));
#277 = CARTESIAN_POINT('',(18.569254466501,-3.060268806006,
    2.666669690328));
#278 = CARTESIAN_POINT('',(18.515920354269,-3.36795932889,2.666669690328
    ));
#279 = CARTESIAN_POINT('',(18.514530135578,-3.675984622392,
    2.666669690328));
#280 = CARTESIAN_POINT('',(18.329664047697,-4.508226367858,
    5.333330309672));
#281 = CARTESIAN_POINT('',(18.20051465517,-4.787872480927,5.333330309672
    ));
#282 = CARTESIAN_POINT('',(18.118565905801,-5.089206826592,
    5.333330309672));
#283 = CARTESIAN_POINT('',(18.088300831144,-5.395744816735,
    5.333330309672));
#284 = CARTESIAN_POINT('',(17.753692062241,-6.165655422007,8.));
#285 = CARTESIAN_POINT('',(17.599778898593,-6.430926825543,8.));
#286 = CARTESIAN_POINT('',(17.490650341542,-6.722067222569,8.));
#287 = CARTESIAN_POINT('',(17.432276302388,-7.023149688068,8.));
#288 = DEFINITIONAL_REPRESENTATION('',(#289),#293);
#289 = LINE('',#290,#291);
#290 = CARTESIAN_POINT('',(0.,0.));
#291 = VECTOR('',#292,1.);
#292 = DIRECTION('',(0.,1.));
#293 = ( GEOMETRIC_REPRESENTATION_CONTEXT(2) 
PARAMETRIC_REPRESENTATION_CONTEXT() REPRESENTATION_CONTEXT('2D SPACE',''
  ) );
#294 = ORIENTED_EDGE('',*,*,#295,.F.);
#295 = EDGE_CURVE('',#296,#252,#298,.T.);
#296 = VERTEX_POINT('',#297);
#297 = CARTESIAN_POINT('',(20.501324258445,-0.59649279132,0.));
#298 = SURFACE_CURVE('',#299,(#304,#312),.PCURVE_S1.);
#299 = B_SPLINE_CURVE_WITH_KNOTS('',3,(#300,#301,#302,#303),
  .UNSPECIFIED.,.F.,.F.,(4,4),(0.,1.),.PIECEWISE_BEZIER_KNOTS.);
#300 = CARTESIAN_POINT('',(20.996555984299,-0.380311448939,0.));
#301 = CARTESIAN_POINT('',(20.294838992111,-0.703604529407,0.));
#302 = CARTESIAN_POINT('',(19.546851693928,-0.990698468809,0.));
#303 = CARTESIAN_POINT('',(18.766280554294,-1.017645705202,0.));
#304 = PCURVE('',#57,#305);
#305 = DEFINITIONAL_REPRESENTATION('',(#306),#311);
#306 = B_SPLINE_CURVE_WITH_KNOTS('',3,(#307,#308,#309,#310),
  .UNSPECIFIED.,.F.,.F.,(4,4),(0.,1.),.PIECEWISE_BEZIER_KNOTS.);
#307 = CARTESIAN_POINT('',(20.996555984299,-0.380311448939));
#308 = CARTESIAN_POINT('',(20.294838992111,-0.703604529407));
#309 = CARTESIAN_POINT('',(19.546851693928,-0.990698468809));
#310 = CARTESIAN_POINT('',(18.766280554294,-1.017645705202));
#311 = ( GEOMETRIC_REPRESENTATION_CONTEXT(2) 
PARAMETRIC_REPRESENTATION_CONTEXT() REPRESENTATION_CONTEXT('2D SPACE',''
  ) );
#312 = PCURVE('',#313,#330);
#313 = B_SPLINE_SURFACE_WITH_KNOTS('',3,3,(
    (#314,#315,#316,#317)
    ,(#318,#319,#320,#321)
    ,(#322,#323,#324,#325)
    ,(#326,#327,#328,#329
    )),.UNSPECIFIED.,.F.,.F.,.F.,(4,4),(4,4),(0.,1.),(0.,1.),
  .PIECEWISE_BEZIER_KNOTS.);
#314 = CARTESIAN_POINT('',(20.996555984299,-0.380311448939,0.));
#315 = CARTESIAN_POINT('',(20.294838992111,-0.703604529407,0.));
#316 = CARTESIAN_POINT('',(19.546851693928,-0.990698468809,0.));
#317 = CARTESIAN_POINT('',(18.766280554294,-1.017645705202,0.));
#318 = CARTESIAN_POINT('',(20.961434812055,-2.340625339232,
    2.666669951599));
#319 = CARTESIAN_POINT('',(20.229521225706,-2.598409776789,
    2.666669951599));
#320 = CARTESIAN_POINT('',(19.454716152645,-2.815674461319,
    2.666669951599));
#321 = CARTESIAN_POINT('',(18.671614783276,-2.769745527367,
    2.666669951599));
#322 = CARTESIAN_POINT('',(20.649631734084,-4.295693844467,
    5.333330048401));
#323 = CARTESIAN_POINT('',(19.896772162975,-4.483717194926,
    5.333330048401));
#324 = CARTESIAN_POINT('',(19.105009257249,-4.627377716649,
    5.333330048401));
#325 = CARTESIAN_POINT('',(18.329664083916,-4.508226200206,
    5.333330048401));
#326 = CARTESIAN_POINT('',(20.073240988509,-6.169683639965,8.));
#327 = CARTESIAN_POINT('',(19.309498496262,-6.286399356735,8.));
#328 = CARTESIAN_POINT('',(18.511295461604,-6.355535770782,8.));
#329 = CARTESIAN_POINT('',(17.753692062241,-6.165655422007,8.));
#330 = DEFINITIONAL_REPRESENTATION('',(#331),#335);
#331 = LINE('',#332,#333);
#332 = CARTESIAN_POINT('',(0.,0.));
#333 = VECTOR('',#334,1.);
#334 = DIRECTION('',(0.,1.));
#335 = ( GEOMETRIC_REPRESENTATION_CONTEXT(2) 
PARAMETRIC_REPRESENTATION_CONTEXT() REPRESENTATION_CONTEXT('2D SPACE',''
  ) );
#336 = ORIENTED_EDGE('',*,*,#337,.F.);
#337 = EDGE_CURVE('',#338,#296,#340,.T.);
#338 = VERTEX_POINT('',#339);
#339 = CARTESIAN_POINT('',(20.501324258445,0.59649279132,0.));
#340 = SURFACE_CURVE('',#341,(#346,#357),.PCURVE_S1.);
#341 = CIRCLE('',#342,20.51);
#342 = AXIS2_PLACEMENT_3D('',#343,#344,#345);
#343 = CARTESIAN_POINT('',(0.,0.,0.));
#344 = DIRECTION('',(0.,0.,-1.));
#345 = DIRECTION('',(0.999576999437,2.908302249243E-02,0.));
#346 = PCURVE('',#57,#347);
#347 = DEFINITIONAL_REPRESENTATION('',(#348),#356);
#348 = ( BOUNDED_CURVE() B_SPLINE_CURVE(2,(#349,#350,#351,#352,#353,#354
,#355),.UNSPECIFIED.,.T.,.F.) B_SPLINE_CURVE_WITH_KNOTS((1,2,2,2,2,1),(
    -2.094395102393,0.,2.094395102393,4.188790204786,6.28318530718,
8.377580409573),.UNSPECIFIED.) CURVE() GEOMETRIC_REPRESENTATION_ITEM() 
RATIONAL_B_SPLINE_CURVE((1.,0.5,1.,0.5,1.,0.5,1.)) REPRESENTATION_ITEM(
  '') );
#349 = CARTESIAN_POINT('',(20.501324258445,0.59649279132));
#350 = CARTESIAN_POINT('',(21.534480079359,-34.91284244675));
#351 = CARTESIAN_POINT('',(-9.734084218765,-18.05291401469));
#352 = CARTESIAN_POINT('',(-41.00264851689,-1.19298558264));
#353 = CARTESIAN_POINT('',(-10.76724003968,17.456421223376));
#354 = CARTESIAN_POINT('',(19.468168437531,36.105828029391));
#355 = CARTESIAN_POINT('',(20.501324258445,0.59649279132));
#356 = ( GEOMETRIC_REPRESENTATION_CONTEXT(2) 
PARAMETRIC_REPRESENTATION_CONTEXT() REPRESENTATION_CONTEXT('2D SPACE',''
  ) );
#357 = PCURVE('',#358,#363);
#358 = CONICAL_SURFACE('',#359,20.5,0.785398163397);
#359 = AXIS2_PLACEMENT_3D('',#360,#361,#362);
#360 = CARTESIAN_POINT('',(0.,0.,-1.E-02));
#361 = DIRECTION('',(0.,0.,1.));
#362 = DIRECTION('',(1.,0.,-0.));
#363 = DEFINITIONAL_REPRESENTATION('',(#364),#368);
#364 = LINE('',#365,#366);
#365 = CARTESIAN_POINT('',(6.312272431078,1.E-02));
#366 = VECTOR('',#367,1.);
#367 = DIRECTION('',(-1.,-0.));
#368 = ( GEOMETRIC_REPRESENTATION_CONTEXT(2) 
PARAMETRIC_REPRESENTATION_CONTEXT() REPRESENTATION_CONTEXT('2D SPACE',''
  ) );
#369 = ORIENTED_EDGE('',*,*,#370,.F.);
#370 = EDGE_CURVE('',#371,#338,#373,.T.);
#371 = VERTEX_POINT('',#372);
#372 = CARTESIAN_POINT('',(18.766280554294,1.017645705202,0.));
#373 = SURFACE_CURVE('',#374,(#379,#387),.PCURVE_S1.);
#374 = B_SPLINE_CURVE_WITH_KNOTS('',3,(#375,#376,#377,#378),
  .UNSPECIFIED.,.F.,.F.,(4,4),(0.,1.),.PIECEWISE_BEZIER_KNOTS.);
#375 = CARTESIAN_POINT('',(18.766280554294,1.017645705202,0.));
#376 = CARTESIAN_POINT('',(19.546851693928,0.990698468809,0.));
#377 = CARTESIAN_POINT('',(20.294838992111,0.703604529407,0.));
#378 = CARTESIAN_POINT('',(20.996555984299,0.380311448939,0.));
#379 = PCURVE('',#57,#380);
#380 = DEFINITIONAL_REPRESENTATION('',(#381),#386);
#381 = B_SPLINE_CURVE_WITH_KNOTS('',3,(#382,#383,#384,#385),
  .UNSPECIFIED.,.F.,.F.,(4,4),(0.,1.),.PIECEWISE_BEZIER_KNOTS.);
#382 = CARTESIAN_POINT('',(18.766280554294,1.017645705202));
#383 = CARTESIAN_POINT('',(19.546851693928,0.990698468809));
#384 = CARTESIAN_POINT('',(20.294838992111,0.703604529407));
#385 = CARTESIAN_POINT('',(20.996555984299,0.380311448939));
#386 = ( GEOMETRIC_REPRESENTATION_CONTEXT(2) 
PARAMETRIC_REPRESENTATION_CONTEXT() REPRESENTATION_CONTEXT('2D SPACE',''
  ) );
#387 = PCURVE('',#388,#405);
#388 = B_SPLINE_SURFACE_WITH_KNOTS('',3,3,(
    (#389,#390,#391,#392)
    ,(#393,#394,#395,#396)
    ,(#397,#398,#399,#400)
    ,(#401,#402,#403,#404
    )),.UNSPECIFIED.,.F.,.F.,.F.,(4,4),(4,4),(0.,1.),(0.,1.),
  .PIECEWISE_BEZIER_KNOTS.);
#389 = CARTESIAN_POINT('',(18.766280554294,1.017645705202,0.));
#390 = CARTESIAN_POINT('',(19.546851693928,0.990698468809,0.));
#391 = CARTESIAN_POINT('',(20.294838992111,0.703604529407,0.));
#392 = CARTESIAN_POINT('',(20.996555984299,0.380311448939,0.));
#393 = CARTESIAN_POINT('',(18.86163622287,-0.734416705645,2.666669951599
    ));
#394 = CARTESIAN_POINT('',(19.639705828605,-0.834241103035,
    2.666669951599));
#395 = CARTESIAN_POINT('',(20.36090284988,-1.191174851633,2.666669951599
    ));
#396 = CARTESIAN_POINT('',(21.032449044859,-1.57998846011,2.666669951599
    ));
#397 = CARTESIAN_POINT('',(18.709684303875,-2.499680409724,
    5.333330048401));
#398 = CARTESIAN_POINT('',(19.474966549954,-2.672018175514,
    5.333330048401));
#399 = CARTESIAN_POINT('',(20.159519744635,-3.095000170446,
    5.333330048401));
#400 = CARTESIAN_POINT('',(20.791651731554,-3.545066238087,
    5.333330048401));
#401 = CARTESIAN_POINT('',(18.316318718252,-4.209674243362,8.));
#402 = CARTESIAN_POINT('',(19.059023775861,-4.451348931693,8.));
#403 = CARTESIAN_POINT('',(19.698500937397,-4.93402572641,8.));
#404 = CARTESIAN_POINT('',(20.283504106277,-5.438700319989,8.));
#405 = DEFINITIONAL_REPRESENTATION('',(#406),#410);
#406 = LINE('',#407,#408);
#407 = CARTESIAN_POINT('',(0.,0.));
#408 = VECTOR('',#409,1.);
#409 = DIRECTION('',(0.,1.));
#410 = ( GEOMETRIC_REPRESENTATION_CONTEXT(2) 
PARAMETRIC_REPRESENTATION_CONTEXT() REPRESENTATION_CONTEXT('2D SPACE',''
  ) );
#411 = ORIENTED_EDGE('',*,*,#412,.F.);
#412 = EDGE_CURVE('',#413,#371,#415,.T.);
#413 = VERTEX_POINT('',#414);
#414 = CARTESIAN_POINT('',(18.697977139425,1.407318454078,0.));
#415 = SURFACE_CURVE('',#416,(#421,#429),.PCURVE_S1.);
#416 = B_SPLINE_CURVE_WITH_KNOTS('',3,(#417,#418,#419,#420),
  .UNSPECIFIED.,.F.,.F.,(4,4),(0.,1.),.PIECEWISE_BEZIER_KNOTS.);
#417 = CARTESIAN_POINT('',(18.694431361307,1.930576261421,0.));
#418 = CARTESIAN_POINT('',(18.667300848912,1.625089576318,0.));
#419 = CARTESIAN_POINT('',(18.691695417366,1.315127195093,0.));
#420 = CARTESIAN_POINT('',(18.766280554294,1.017645705202,0.));
#421 = PCURVE('',#57,#422);
#422 = DEFINITIONAL_REPRESENTATION('',(#423),#428);
#423 = B_SPLINE_CURVE_WITH_KNOTS('',3,(#424,#425,#426,#427),
  .UNSPECIFIED.,.F.,.F.,(4,4),(0.,1.),.PIECEWISE_BEZIER_KNOTS.);
#424 = CARTESIAN_POINT('',(18.694431361307,1.930576261421));
#425 = CARTESIAN_POINT('',(18.667300848912,1.625089576318));
#426 = CARTESIAN_POINT('',(18.691695417366,1.315127195093));
#427 = CARTESIAN_POINT('',(18.766280554294,1.017645705202));
#428 = ( GEOMETRIC_REPRESENTATION_CONTEXT(2) 
PARAMETRIC_REPRESENTATION_CONTEXT() REPRESENTATION_CONTEXT('2D SPACE',''
  ) );
#429 = PCURVE('',#430,#447);
#430 = B_SPLINE_SURFACE_WITH_KNOTS('',3,3,(
    (#431,#432,#433,#434)
    ,(#435,#436,#437,#438)
    ,(#439,#440,#441,#442)
    ,(#443,#444,#445,#446
    )),.UNSPECIFIED.,.F.,.F.,.F.,(4,4),(4,4),(0.,1.),(0.,1.),
  .PIECEWISE_BEZIER_KNOTS.);
#431 = CARTESIAN_POINT('',(18.694431361307,1.930576261421,0.));
#432 = CARTESIAN_POINT('',(18.667300848912,1.625089576318,0.));
#433 = CARTESIAN_POINT('',(18.691695417366,1.315127195093,0.));
#434 = CARTESIAN_POINT('',(18.766280554294,1.017645705202,0.));
#435 = CARTESIAN_POINT('',(18.875019884585,0.185238877753,2.666669690328
    ));
#436 = CARTESIAN_POINT('',(18.819367643654,-0.117720430116,
    2.666669690328));
#437 = CARTESIAN_POINT('',(18.814823565192,-0.429966065396,
    2.666669690328));
#438 = CARTESIAN_POINT('',(18.861636234408,-0.734416534513,
    2.666669690328));
#439 = CARTESIAN_POINT('',(18.809237447073,-1.585331430628,
    5.333330309672));
#440 = CARTESIAN_POINT('',(18.725424387977,-1.88173805213,5.333330309672
    ));
#441 = CARTESIAN_POINT('',(18.691623640861,-2.192182080732,
    5.333330309672));
#442 = CARTESIAN_POINT('',(18.709684285998,-2.499680580309,
    5.333330309672));
#443 = CARTESIAN_POINT('',(18.499635659956,-3.312456652197,8.));
#444 = CARTESIAN_POINT('',(18.389115012859,-3.598539447981,8.));
#445 = CARTESIAN_POINT('',(18.326874401695,-3.903166891043,8.));
#446 = CARTESIAN_POINT('',(18.316318718252,-4.209674243362,8.));
#447 = DEFINITIONAL_REPRESENTATION('',(#448),#452);
#448 = LINE('',#449,#450);
#449 = CARTESIAN_POINT('',(0.,0.));
#450 = VECTOR('',#451,1.);
#451 = DIRECTION('',(0.,1.));
#452 = ( GEOMETRIC_REPRESENTATION_CONTEXT(2) 
PARAMETRIC_REPRESENTATION_CONTEXT() REPRESENTATION_CONTEXT('2D SPACE',''
  ) );
#453 = ORIENTED_EDGE('',*,*,#454,.T.);
#454 = EDGE_CURVE('',#413,#455,#457,.T.);
#455 = VERTEX_POINT('',#456);
#456 = CARTESIAN_POINT('',(18.687143949727,1.406503085246,
    3.504141421473E-16));
#457 = SURFACE_CURVE('',#458,(#464,#473),.PCURVE_S1.);
#458 = B_SPLINE_CURVE_WITH_KNOTS('',4,(#459,#460,#461,#462,#463),
  .UNSPECIFIED.,.F.,.F.,(5,5),(0.,1.),.PIECEWISE_BEZIER_KNOTS.);
#459 = CARTESIAN_POINT('',(20.51,1.543701828166,0.));
#460 = CARTESIAN_POINT('',(20.054285987432,1.509402142436,0.));
#461 = CARTESIAN_POINT('',(19.598571974863,1.475102456706,0.));
#462 = CARTESIAN_POINT('',(19.142857962295,1.440802770976,0.));
#463 = CARTESIAN_POINT('',(18.687143949727,1.406503085246,0.));
#464 = PCURVE('',#57,#465);
#465 = DEFINITIONAL_REPRESENTATION('',(#466),#472);
#466 = B_SPLINE_CURVE_WITH_KNOTS('',4,(#467,#468,#469,#470,#471),
  .UNSPECIFIED.,.F.,.F.,(5,5),(0.,1.),.PIECEWISE_BEZIER_KNOTS.);
#467 = CARTESIAN_POINT('',(20.51,1.543701828166));
#468 = CARTESIAN_POINT('',(20.054285987432,1.509402142436));
#469 = CARTESIAN_POINT('',(19.598571974863,1.475102456706));
#470 = CARTESIAN_POINT('',(19.142857962295,1.440802770976));
#471 = CARTESIAN_POINT('',(18.687143949727,1.406503085246));
#472 = ( GEOMETRIC_REPRESENTATION_CONTEXT(2) 
PARAMETRIC_REPRESENTATION_CONTEXT() REPRESENTATION_CONTEXT('2D SPACE',''
  ) );
#473 = PCURVE('',#474,#485);
#474 = B_SPLINE_SURFACE_WITH_KNOTS('',1,4,(
    (#475,#476,#477,#478,#479)
    ,(#480,#481,#482,#483,#484
    )),.UNSPECIFIED.,.F.,.F.,.F.,(2,2),(5,5),(0.,3.26),(0.,8.2),
  .PIECEWISE_BEZIER_KNOTS.);
#475 = CARTESIAN_POINT('',(18.682230834159,1.47032345394,-1.E-01));
#476 = CARTESIAN_POINT('',(18.785183990764,0.162179567875,1.95));
#477 = CARTESIAN_POINT('',(18.766006901168,-1.155598531929,4.));
#478 = CARTESIAN_POINT('',(18.623356362968,-2.465773216862,6.05));
#479 = CARTESIAN_POINT('',(18.360680374232,-3.751401897332,8.1));
#480 = CARTESIAN_POINT('',(21.932181342129,1.726100106013,-1.E-01));
#481 = CARTESIAN_POINT('',(22.053044172722,0.190392235498,1.95));
#482 = CARTESIAN_POINT('',(22.030531047263,-1.35662581123,4.));
#483 = CARTESIAN_POINT('',(21.863065100603,-2.894717757256,6.05));
#484 = CARTESIAN_POINT('',(21.554694142641,-4.403993689504,8.1));
#485 = DEFINITIONAL_REPRESENTATION('',(#486),#492);
#486 = B_SPLINE_CURVE_WITH_KNOTS('',4,(#487,#488,#489,#490,#491),
  .UNSPECIFIED.,.F.,.F.,(5,5),(0.,1.),.PIECEWISE_BEZIER_KNOTS.);
#487 = CARTESIAN_POINT('',(1.828011946289,1.E-01));
#488 = CARTESIAN_POINT('',(1.371008959717,1.E-01));
#489 = CARTESIAN_POINT('',(0.914005973144,0.1));
#490 = CARTESIAN_POINT('',(0.457002986572,1.E-01));
#491 = CARTESIAN_POINT('',(0.,1.E-01));
#492 = ( GEOMETRIC_REPRESENTATION_CONTEXT(2) 
PARAMETRIC_REPRESENTATION_CONTEXT() REPRESENTATION_CONTEXT('2D SPACE',''
  ) );
#493 = ORIENTED_EDGE('',*,*,#494,.T.);
#494 = EDGE_CURVE('',#455,#495,#497,.T.);
#495 = VERTEX_POINT('',#496);
#496 = CARTESIAN_POINT('',(-1.406503085246,18.687143949727,
    6.661338147751E-16));
#497 = SURFACE_CURVE('',#498,(#521,#547),.PCURVE_S1.);
#498 = B_SPLINE_CURVE_WITH_KNOTS('',6,(#499,#500,#501,#502,#503,#504,
    #505,#506,#507,#508,#509,#510,#511,#512,#513,#514,#515,#516,#517,
    #518,#519,#520),.UNSPECIFIED.,.F.,.F.,(7,5,5,5,7),(0.,0.250999909471
    ,0.500999936576,0.750999964622,1.),.UNSPECIFIED.);
#499 = CARTESIAN_POINT('',(18.687143949727,1.406503085246,0.));
#500 = CARTESIAN_POINT('',(18.59472183385,2.634445918537,0.));
#501 = CARTESIAN_POINT('',(18.405467585749,3.855173787085,0.));
#502 = CARTESIAN_POINT('',(18.120090771077,5.058980444569,0.));
#503 = CARTESIAN_POINT('',(17.740616449517,6.236515851211,0.));
#504 = CARTESIAN_POINT('',(17.270155809037,7.378733207671,0.));
#505 = CARTESIAN_POINT('',(16.158322732347,9.570816821116,0.));
#506 = CARTESIAN_POINT('',(15.517573510795,10.621161185698,0.));
#507 = CARTESIAN_POINT('',(14.795213203932,11.619411258609,0.));
#508 = CARTESIAN_POINT('',(13.996633504555,12.557802480264,0.));
#509 = CARTESIAN_POINT('',(13.128099696648,13.429256364258,0.));
#510 = CARTESIAN_POINT('',(11.265749984657,15.025804651885,0.));
#511 = CARTESIAN_POINT('',(10.271825472923,15.75099216133,0.));
#512 = CARTESIAN_POINT('',(9.222437774501,16.396819608159,0.));
#513 = CARTESIAN_POINT('',(8.125539533356,16.958176786017,0.));
#514 = CARTESIAN_POINT('',(6.989627936067,17.430921647257,0.));
#515 = CARTESIAN_POINT('',(4.662731619426,18.191724809245,0.));
#516 = CARTESIAN_POINT('',(3.471851279193,18.48055812948,0.));
#517 = CARTESIAN_POINT('',(2.260229498432,18.675614588273,0.));
#518 = CARTESIAN_POINT('',(1.037056998118,18.775230834032,0.));
#519 = CARTESIAN_POINT('',(-0.18834404458,18.778829680496,0.));
#520 = CARTESIAN_POINT('',(-1.406503085246,18.687143949727,0.));
#521 = PCURVE('',#57,#522);
#522 = DEFINITIONAL_REPRESENTATION('',(#523),#546);
#523 = B_SPLINE_CURVE_WITH_KNOTS('',6,(#524,#525,#526,#527,#528,#529,
    #530,#531,#532,#533,#534,#535,#536,#537,#538,#539,#540,#541,#542,
    #543,#544,#545),.UNSPECIFIED.,.F.,.F.,(7,5,5,5,7),(0.,0.250999909471
    ,0.500999936576,0.750999964622,1.),.UNSPECIFIED.);
#524 = CARTESIAN_POINT('',(18.687143949727,1.406503085246));
#525 = CARTESIAN_POINT('',(18.59472183385,2.634445918537));
#526 = CARTESIAN_POINT('',(18.405467585749,3.855173787085));
#527 = CARTESIAN_POINT('',(18.120090771077,5.058980444569));
#528 = CARTESIAN_POINT('',(17.740616449517,6.236515851211));
#529 = CARTESIAN_POINT('',(17.270155809037,7.378733207671));
#530 = CARTESIAN_POINT('',(16.158322732347,9.570816821116));
#531 = CARTESIAN_POINT('',(15.517573510795,10.621161185698));
#532 = CARTESIAN_POINT('',(14.795213203932,11.619411258609));
#533 = CARTESIAN_POINT('',(13.996633504555,12.557802480264));
#534 = CARTESIAN_POINT('',(13.128099696648,13.429256364258));
#535 = CARTESIAN_POINT('',(11.265749984657,15.025804651885));
#536 = CARTESIAN_POINT('',(10.271825472923,15.75099216133));
#537 = CARTESIAN_POINT('',(9.222437774501,16.396819608159));
#538 = CARTESIAN_POINT('',(8.125539533356,16.958176786017));
#539 = CARTESIAN_POINT('',(6.989627936067,17.430921647257));
#540 = CARTESIAN_POINT('',(4.662731619426,18.191724809245));
#541 = CARTESIAN_POINT('',(3.471851279193,18.48055812948));
#542 = CARTESIAN_POINT('',(2.260229498432,18.675614588273));
#543 = CARTESIAN_POINT('',(1.037056998118,18.775230834032));
#544 = CARTESIAN_POINT('',(-0.18834404458,18.778829680496));
#545 = CARTESIAN_POINT('',(-1.406503085246,18.687143949727));
#546 = ( GEOMETRIC_REPRESENTATION_CONTEXT(2) 
PARAMETRIC_REPRESENTATION_CONTEXT() REPRESENTATION_CONTEXT('2D SPACE',''
  ) );
#547 = PCURVE('',#548,#584);
#548 = ( BOUNDED_SURFACE() B_SPLINE_SURFACE(6,4,(
    (#549,#550,#551,#552,#553)
    ,(#554,#555,#556,#557,#558)
    ,(#559,#560,#561,#562,#563)
    ,(#564,#565,#566,#567,#568)
    ,(#569,#570,#571,#572,#573)
    ,(#574,#575,#576,#577,#578)
    ,(#579,#580,#581,#582,#583
)),.UNSPECIFIED.,.F.,.F.,.F.) B_SPLINE_SURFACE_WITH_KNOTS((7,7),(5,5),(
    0.,1.570796326795),(0.,8.2),.PIECEWISE_BEZIER_KNOTS.) 
GEOMETRIC_REPRESENTATION_ITEM() RATIONAL_B_SPLINE_SURFACE((
    (1.031393471788,1.031393471788,1.031393471788,1.031393471788
      ,1.031393471788)
    ,(1.010025407661,1.010025407661,1.010025407661,1.010025407661
      ,1.010025407661)
    ,(0.997924642725,0.997924642725,0.997924642725,0.997924642725
      ,0.997924642725)
    ,(0.993958444137,0.993958444137,0.993958444137,0.993958444137
      ,0.993958444137)
    ,(0.997924642725,0.997924642725,0.997924642725,0.997924642725
      ,0.997924642725)
    ,(1.010025407661,1.010025407661,1.010025407661,1.010025407661
      ,1.010025407661)
    ,(1.031393471788,1.031393471788,1.031393471788,1.031393471788
,1.031393471788))) REPRESENTATION_ITEM('') SURFACE() );
#549 = CARTESIAN_POINT('',(-1.47032345394,18.682230834159,-0.1));
#550 = CARTESIAN_POINT('',(-0.162179567875,18.785183990764,1.95));
#551 = CARTESIAN_POINT('',(1.155598531929,18.766006901168,4.));
#552 = CARTESIAN_POINT('',(2.465773216862,18.623356362968,6.05));
#553 = CARTESIAN_POINT('',(3.751401897332,18.360680374232,8.1));
#554 = CARTESIAN_POINT('',(3.524124039384,19.075302376529,-0.1));
#555 = CARTESIAN_POINT('',(4.859791091152,18.828540554733,1.95));
#556 = CARTESIAN_POINT('',(6.172442449513,18.457072907026,4.));
#557 = CARTESIAN_POINT('',(7.444481398449,17.964164483188,6.05));
#558 = CARTESIAN_POINT('',(8.659887125078,17.357792658685,8.1));
#559 = CARTESIAN_POINT('',(8.513433802629,17.870062224825,-0.1));
#560 = CARTESIAN_POINT('',(9.764709030439,17.27394517236,1.95));
#561 = CARTESIAN_POINT('',(10.960350344013,16.560995418785,4.));
#562 = CARTESIAN_POINT('',(12.083876568745,15.739080384132,6.05));
#563 = CARTESIAN_POINT('',(13.121604847007,14.820295721404,8.1));
#564 = CARTESIAN_POINT('',(12.941969018617,15.15309881009,-0.1));
#565 = CARTESIAN_POINT('',(14.003000420023,14.246892383478,1.95));
#566 = CARTESIAN_POINT('',(14.979443859463,13.241609688292,4.));
#567 = CARTESIAN_POINT('',(15.857328047526,12.149202053745,6.05));
#568 = CARTESIAN_POINT('',(16.626506137523,10.985001560587,8.1));
#569 = CARTESIAN_POINT('',(16.3182576426,11.204112929661,-0.1));
#570 = CARTESIAN_POINT('',(17.10277807583,10.061496228482,1.95));
#571 = CARTESIAN_POINT('',(17.78063392231,8.845615085754,4.));
#572 = CARTESIAN_POINT('',(18.341499713296,7.571533037239,6.05));
#573 = CARTESIAN_POINT('',(18.779589602251,6.25657201684,8.1));
#574 = CARTESIAN_POINT('',(18.289159291788,6.464770947264,-0.1));
#575 = CARTESIAN_POINT('',(18.741827426796,5.184150226901,1.95));
#576 = CARTESIAN_POINT('',(19.074940895311,3.861245385654,4.));
#577 = CARTESIAN_POINT('',(19.282548242749,2.512934964724,6.05));
#578 = CARTESIAN_POINT('',(19.363568089778,1.157083330414,8.1));
#579 = CARTESIAN_POINT('',(18.682230834159,1.47032345394,-0.1));
#580 = CARTESIAN_POINT('',(18.785183990764,0.162179567875,1.95));
#581 = CARTESIAN_POINT('',(18.766006901168,-1.155598531929,4.));
#582 = CARTESIAN_POINT('',(18.623356362968,-2.465773216862,6.05));
#583 = CARTESIAN_POINT('',(18.360680374232,-3.751401897332,8.1));
#584 = DEFINITIONAL_REPRESENTATION('',(#585),#608);
#585 = B_SPLINE_CURVE_WITH_KNOTS('',6,(#586,#587,#588,#589,#590,#591,
    #592,#593,#594,#595,#596,#597,#598,#599,#600,#601,#602,#603,#604,
    #605,#606,#607),.UNSPECIFIED.,.F.,.F.,(7,5,5,5,7),(0.,0.250999909471
    ,0.500999936576,0.750999964622,1.),.UNSPECIFIED.);
#586 = CARTESIAN_POINT('',(1.570796326795,0.1));
#587 = CARTESIAN_POINT('',(1.505085458511,0.1));
#588 = CARTESIAN_POINT('',(1.439371061508,0.1));
#589 = CARTESIAN_POINT('',(1.373661217322,0.1));
#590 = CARTESIAN_POINT('',(1.307951363361,0.1));
#591 = CARTESIAN_POINT('',(1.242236986495,0.1));
#592 = CARTESIAN_POINT('',(1.111077675313,0.1));
#593 = CARTESIAN_POINT('',(1.045625102411,0.1));
#594 = CARTESIAN_POINT('',(0.980176928588,1.E-01));
#595 = CARTESIAN_POINT('',(0.914728756497,0.1));
#596 = CARTESIAN_POINT('',(0.84927617098,0.1));
#597 = CARTESIAN_POINT('',(0.718378562915,0.1));
#598 = CARTESIAN_POINT('',(0.652925977152,0.1));
#599 = CARTESIAN_POINT('',(0.587477804814,1.E-01));
#600 = CARTESIAN_POINT('',(0.522029630898,0.1));
#601 = CARTESIAN_POINT('',(0.456577058359,0.1));
#602 = CARTESIAN_POINT('',(0.325941305528,0.1));
#603 = CARTESIAN_POINT('',(0.260750636241,0.1));
#604 = CARTESIAN_POINT('',(0.195564314318,0.1));
#605 = CARTESIAN_POINT('',(0.130378001018,0.1));
#606 = CARTESIAN_POINT('',(6.518730847997E-02,0.1));
#607 = CARTESIAN_POINT('',(0.,0.1));
#608 = ( GEOMETRIC_REPRESENTATION_CONTEXT(2) 
PARAMETRIC_REPRESENTATION_CONTEXT() REPRESENTATION_CONTEXT('2D SPACE',''
  ) );
#609 = ORIENTED_EDGE('',*,*,#610,.T.);
#610 = EDGE_CURVE('',#495,#611,#613,.T.);
#611 = VERTEX_POINT('',#612);
#612 = CARTESIAN_POINT('',(-1.407318454078,18.697977139425,0.));
#613 = SURFACE_CURVE('',#614,(#620,#629),.PCURVE_S1.);
#614 = B_SPLINE_CURVE_WITH_KNOTS('',4,(#615,#616,#617,#618,#619),
  .UNSPECIFIED.,.F.,.F.,(5,5),(0.,1.),.PIECEWISE_BEZIER_KNOTS.);
#615 = CARTESIAN_POINT('',(-1.406503085246,18.687143949727,0.));
#616 = CARTESIAN_POINT('',(-1.440802770976,19.142857962295,0.));
#617 = CARTESIAN_POINT('',(-1.475102456706,19.598571974863,0.));
#618 = CARTESIAN_POINT('',(-1.509402142436,20.054285987432,0.));
#619 = CARTESIAN_POINT('',(-1.543701828166,20.51,0.));
#620 = PCURVE('',#57,#621);
#621 = DEFINITIONAL_REPRESENTATION('',(#622),#628);
#622 = B_SPLINE_CURVE_WITH_KNOTS('',4,(#623,#624,#625,#626,#627),
  .UNSPECIFIED.,.F.,.F.,(5,5),(0.,1.),.PIECEWISE_BEZIER_KNOTS.);
#623 = CARTESIAN_POINT('',(-1.406503085246,18.687143949727));
#624 = CARTESIAN_POINT('',(-1.440802770976,19.142857962295));
#625 = CARTESIAN_POINT('',(-1.475102456706,19.598571974863));
#626 = CARTESIAN_POINT('',(-1.509402142436,20.054285987432));
#627 = CARTESIAN_POINT('',(-1.543701828166,20.51));
#628 = ( GEOMETRIC_REPRESENTATION_CONTEXT(2) 
PARAMETRIC_REPRESENTATION_CONTEXT() REPRESENTATION_CONTEXT('2D SPACE',''
  ) );
#629 = PCURVE('',#630,#641);
#630 = B_SPLINE_SURFACE_WITH_KNOTS('',1,4,(
    (#631,#632,#633,#634,#635)
    ,(#636,#637,#638,#639,#640
    )),.UNSPECIFIED.,.F.,.F.,.F.,(2,2),(5,5),(0.,3.26),(0.,8.2),
  .PIECEWISE_BEZIER_KNOTS.);
#631 = CARTESIAN_POINT('',(-1.726100106013,21.932181342129,-1.E-01));
#632 = CARTESIAN_POINT('',(-0.190392235498,22.053044172722,1.95));
#633 = CARTESIAN_POINT('',(1.35662581123,22.030531047263,4.));
#634 = CARTESIAN_POINT('',(2.894717757256,21.863065100603,6.05));
#635 = CARTESIAN_POINT('',(4.403993689504,21.554694142641,8.1));
#636 = CARTESIAN_POINT('',(-1.47032345394,18.682230834159,-1.E-01));
#637 = CARTESIAN_POINT('',(-0.162179567875,18.785183990764,1.95));
#638 = CARTESIAN_POINT('',(1.155598531929,18.766006901168,4.));
#639 = CARTESIAN_POINT('',(2.465773216862,18.623356362968,6.05));
#640 = CARTESIAN_POINT('',(3.751401897332,18.360680374232,8.1));
#641 = DEFINITIONAL_REPRESENTATION('',(#642),#648);
#642 = B_SPLINE_CURVE_WITH_KNOTS('',4,(#643,#644,#645,#646,#647),
  .UNSPECIFIED.,.F.,.F.,(5,5),(0.,1.),.PIECEWISE_BEZIER_KNOTS.);
#643 = CARTESIAN_POINT('',(3.26,1.E-01));
#644 = CARTESIAN_POINT('',(2.802997013428,1.E-01));
#645 = CARTESIAN_POINT('',(2.345994026856,1.E-01));
#646 = CARTESIAN_POINT('',(1.888991040283,1.E-01));
#647 = CARTESIAN_POINT('',(1.431988053711,1.E-01));
#648 = ( GEOMETRIC_REPRESENTATION_CONTEXT(2) 
PARAMETRIC_REPRESENTATION_CONTEXT() REPRESENTATION_CONTEXT('2D SPACE',''
  ) );
#649 = ORIENTED_EDGE('',*,*,#650,.F.);
#650 = EDGE_CURVE('',#651,#611,#653,.T.);
#651 = VERTEX_POINT('',#652);
#652 = CARTESIAN_POINT('',(-1.930576261421,18.694431361307,0.));
#653 = SURFACE_CURVE('',#654,(#659,#667),.PCURVE_S1.);
#654 = B_SPLINE_CURVE_WITH_KNOTS('',3,(#655,#656,#657,#658),
  .UNSPECIFIED.,.F.,.F.,(4,4),(0.,1.),.PIECEWISE_BEZIER_KNOTS.);
#655 = CARTESIAN_POINT('',(-1.930576261421,18.694431361307,0.));
#656 = CARTESIAN_POINT('',(-1.625089576318,18.667300848912,0.));
#657 = CARTESIAN_POINT('',(-1.315127195093,18.691695417366,0.));
#658 = CARTESIAN_POINT('',(-1.017645705202,18.766280554294,0.));
#659 = PCURVE('',#57,#660);
#660 = DEFINITIONAL_REPRESENTATION('',(#661),#666);
#661 = B_SPLINE_CURVE_WITH_KNOTS('',3,(#662,#663,#664,#665),
  .UNSPECIFIED.,.F.,.F.,(4,4),(0.,1.),.PIECEWISE_BEZIER_KNOTS.);
#662 = CARTESIAN_POINT('',(-1.930576261421,18.694431361307));
#663 = CARTESIAN_POINT('',(-1.625089576318,18.667300848912));
#664 = CARTESIAN_POINT('',(-1.315127195093,18.691695417366));
#665 = CARTESIAN_POINT('',(-1.017645705202,18.766280554294));
#666 = ( GEOMETRIC_REPRESENTATION_CONTEXT(2) 
PARAMETRIC_REPRESENTATION_CONTEXT() REPRESENTATION_CONTEXT('2D SPACE',''
  ) );
#667 = PCURVE('',#668,#685);
#668 = B_SPLINE_SURFACE_WITH_KNOTS('',3,3,(
    (#669,#670,#671,#672)
    ,(#673,#674,#675,#676)
    ,(#677,#678,#679,#680)
    ,(#681,#682,#683,#684
    )),.UNSPECIFIED.,.F.,.F.,.F.,(4,4),(4,4),(0.,1.),(0.,1.),
  .PIECEWISE_BEZIER_KNOTS.);
#669 = CARTESIAN_POINT('',(-1.930576261421,18.694431361307,0.));
#670 = CARTESIAN_POINT('',(-1.625089576318,18.667300848912,0.));
#671 = CARTESIAN_POINT('',(-1.315127195093,18.691695417366,0.));
#672 = CARTESIAN_POINT('',(-1.017645705202,18.766280554294,0.));
#673 = CARTESIAN_POINT('',(-0.185238877753,18.875019884585,
    2.666669690328));
#674 = CARTESIAN_POINT('',(0.117720430116,18.819367643654,2.666669690328
    ));
#675 = CARTESIAN_POINT('',(0.429966065396,18.814823565192,2.666669690328
    ));
#676 = CARTESIAN_POINT('',(0.734416534513,18.861636234408,2.666669690328
    ));
#677 = CARTESIAN_POINT('',(1.585331430628,18.809237447073,5.333330309672
    ));
#678 = CARTESIAN_POINT('',(1.88173805213,18.725424387977,5.333330309672)
  );
#679 = CARTESIAN_POINT('',(2.192182080732,18.691623640861,5.333330309672
    ));
#680 = CARTESIAN_POINT('',(2.499680580309,18.709684285998,5.333330309672
    ));
#681 = CARTESIAN_POINT('',(3.312456652197,18.499635659956,8.));
#682 = CARTESIAN_POINT('',(3.598539447981,18.389115012859,8.));
#683 = CARTESIAN_POINT('',(3.903166891043,18.326874401695,8.));
#684 = CARTESIAN_POINT('',(4.209674243362,18.316318718252,8.));
#685 = DEFINITIONAL_REPRESENTATION('',(#686),#690);
#686 = LINE('',#687,#688);
#687 = CARTESIAN_POINT('',(0.,0.));
#688 = VECTOR('',#689,1.);
#689 = DIRECTION('',(0.,1.));
#690 = ( GEOMETRIC_REPRESENTATION_CONTEXT(2) 
PARAMETRIC_REPRESENTATION_CONTEXT() REPRESENTATION_CONTEXT('2D SPACE',''
  ) );
#691 = ORIENTED_EDGE('',*,*,#692,.F.);
#692 = EDGE_CURVE('',#693,#651,#695,.T.);
#693 = VERTEX_POINT('',#694);
#694 = CARTESIAN_POINT('',(-2.617964717751,20.342230967537,0.));
#695 = SURFACE_CURVE('',#696,(#701,#709),.PCURVE_S1.);
#696 = B_SPLINE_CURVE_WITH_KNOTS('',3,(#697,#698,#699,#700),
  .UNSPECIFIED.,.F.,.F.,(4,4),(0.,1.),.PIECEWISE_BEZIER_KNOTS.);
#697 = CARTESIAN_POINT('',(-2.908955819179,20.797547356409,0.));
#698 = CARTESIAN_POINT('',(-2.479870290723,20.155043844921,0.));
#699 = CARTESIAN_POINT('',(-2.079299961273,19.461176898419,0.));
#700 = CARTESIAN_POINT('',(-1.930576261421,18.694431361307,0.));
#701 = PCURVE('',#57,#702);
#702 = DEFINITIONAL_REPRESENTATION('',(#703),#708);
#703 = B_SPLINE_CURVE_WITH_KNOTS('',3,(#704,#705,#706,#707),
  .UNSPECIFIED.,.F.,.F.,(4,4),(0.,1.),.PIECEWISE_BEZIER_KNOTS.);
#704 = CARTESIAN_POINT('',(-2.908955819179,20.797547356409));
#705 = CARTESIAN_POINT('',(-2.479870290723,20.155043844921));
#706 = CARTESIAN_POINT('',(-2.079299961273,19.461176898419));
#707 = CARTESIAN_POINT('',(-1.930576261421,18.694431361307));
#708 = ( GEOMETRIC_REPRESENTATION_CONTEXT(2) 
PARAMETRIC_REPRESENTATION_CONTEXT() REPRESENTATION_CONTEXT('2D SPACE',''
  ) );
#709 = PCURVE('',#710,#727);
#710 = B_SPLINE_SURFACE_WITH_KNOTS('',3,3,(
    (#711,#712,#713,#714)
    ,(#715,#716,#717,#718)
    ,(#719,#720,#721,#722)
    ,(#723,#724,#725,#726
    )),.UNSPECIFIED.,.F.,.F.,.F.,(4,4),(4,4),(0.,1.),(0.,1.),
  .PIECEWISE_BEZIER_KNOTS.);
#711 = CARTESIAN_POINT('',(-2.908955819179,20.797547356409,0.));
#712 = CARTESIAN_POINT('',(-2.479870290723,20.155043844921,0.));
#713 = CARTESIAN_POINT('',(-2.079299961273,19.461176898419,0.));
#714 = CARTESIAN_POINT('',(-1.930576261421,18.694431361307,0.));
#715 = CARTESIAN_POINT('',(-0.967282484038,21.069519238814,
    2.666669951599));
#716 = CARTESIAN_POINT('',(-0.59817529034,20.386943093839,2.666669951599
    ));
#717 = CARTESIAN_POINT('',(-0.262379277493,19.655664841639,
    2.666669951599));
#718 = CARTESIAN_POINT('',(-0.185238706263,18.875019881396,
    2.666669951599));
#719 = CARTESIAN_POINT('',(1.012492631347,21.067395069874,5.333330048401
    ));
#720 = CARTESIAN_POINT('',(1.315974286612,20.353217781628,5.333330048401
    ));
#721 = CARTESIAN_POINT('',(1.581725115517,19.59367624799,5.333330048401)
  );
#722 = CARTESIAN_POINT('',(1.585331259374,18.809237456618,5.333330048401
    ));
#723 = CARTESIAN_POINT('',(2.953577880693,20.791257241992,8.));
#724 = CARTESIAN_POINT('',(3.188332281514,20.055176047898,8.));
#725 = CARTESIAN_POINT('',(3.381483976299,19.277615535085,8.));
#726 = CARTESIAN_POINT('',(3.312456652197,18.499635659956,8.));
#727 = DEFINITIONAL_REPRESENTATION('',(#728),#732);
#728 = LINE('',#729,#730);
#729 = CARTESIAN_POINT('',(0.,0.));
#730 = VECTOR('',#731,1.);
#731 = DIRECTION('',(0.,1.));
#732 = ( GEOMETRIC_REPRESENTATION_CONTEXT(2) 
PARAMETRIC_REPRESENTATION_CONTEXT() REPRESENTATION_CONTEXT('2D SPACE',''
  ) );
#733 = ORIENTED_EDGE('',*,*,#734,.T.);
#734 = EDGE_CURVE('',#693,#735,#737,.T.);
#735 = VERTEX_POINT('',#736);
#736 = CARTESIAN_POINT('',(-3.796262668222,20.155606906116,0.));
#737 = SURFACE_CURVE('',#738,(#743,#750),.PCURVE_S1.);
#738 = CIRCLE('',#739,20.51);
#739 = AXIS2_PLACEMENT_3D('',#740,#741,#742);
#740 = CARTESIAN_POINT('',(0.,0.,0.));
#741 = DIRECTION('',(0.,0.,1.));
#742 = DIRECTION('',(1.,0.,-0.));
#743 = PCURVE('',#57,#744);
#744 = DEFINITIONAL_REPRESENTATION('',(#745),#749);
#745 = CIRCLE('',#746,20.51);
#746 = AXIS2_PLACEMENT_2D('',#747,#748);
#747 = CARTESIAN_POINT('',(6.017486224637E-16,-2.462096471272E-15));
#748 = DIRECTION('',(1.,0.));
#749 = ( GEOMETRIC_REPRESENTATION_CONTEXT(2) 
PARAMETRIC_REPRESENTATION_CONTEXT() REPRESENTATION_CONTEXT('2D SPACE',''
  ) );
#750 = PCURVE('',#751,#756);
#751 = CONICAL_SURFACE('',#752,20.5,0.785398163397);
#752 = AXIS2_PLACEMENT_3D('',#753,#754,#755);
#753 = CARTESIAN_POINT('',(0.,0.,-1.E-02));
#754 = DIRECTION('',(0.,0.,1.));
#755 = DIRECTION('',(1.,0.,-0.));
#756 = DEFINITIONAL_REPRESENTATION('',(#757),#761);
#757 = LINE('',#758,#759);
#758 = CARTESIAN_POINT('',(0.,1.E-02));
#759 = VECTOR('',#760,1.);
#760 = DIRECTION('',(1.,0.));
#761 = ( GEOMETRIC_REPRESENTATION_CONTEXT(2) 
PARAMETRIC_REPRESENTATION_CONTEXT() REPRESENTATION_CONTEXT('2D SPACE',''
  ) );
#762 = ORIENTED_EDGE('',*,*,#763,.F.);
#763 = EDGE_CURVE('',#764,#735,#766,.T.);
#764 = VERTEX_POINT('',#765);
#765 = CARTESIAN_POINT('',(-3.940809857191,18.37604163832,0.));
#766 = SURFACE_CURVE('',#767,(#772,#780),.PCURVE_S1.);
#767 = B_SPLINE_CURVE_WITH_KNOTS('',3,(#768,#769,#770,#771),
  .UNSPECIFIED.,.F.,.F.,(4,4),(0.,1.),.PIECEWISE_BEZIER_KNOTS.);
#768 = CARTESIAN_POINT('',(-3.940809857191,18.37604163832,0.));
#769 = CARTESIAN_POINT('',(-4.036302614648,19.151218128451,0.));
#770 = CARTESIAN_POINT('',(-3.869754270894,19.934907848606,0.));
#771 = CARTESIAN_POINT('',(-3.660214187003,20.678559720282,0.));
#772 = PCURVE('',#57,#773);
#773 = DEFINITIONAL_REPRESENTATION('',(#774),#779);
#774 = B_SPLINE_CURVE_WITH_KNOTS('',3,(#775,#776,#777,#778),
  .UNSPECIFIED.,.F.,.F.,(4,4),(0.,1.),.PIECEWISE_BEZIER_KNOTS.);
#775 = CARTESIAN_POINT('',(-3.940809857191,18.37604163832));
#776 = CARTESIAN_POINT('',(-4.036302614648,19.151218128451));
#777 = CARTESIAN_POINT('',(-3.869754270894,19.934907848606));
#778 = CARTESIAN_POINT('',(-3.660214187003,20.678559720282));
#779 = ( GEOMETRIC_REPRESENTATION_CONTEXT(2) 
PARAMETRIC_REPRESENTATION_CONTEXT() REPRESENTATION_CONTEXT('2D SPACE',''
  ) );
#780 = PCURVE('',#781,#798);
#781 = B_SPLINE_SURFACE_WITH_KNOTS('',3,3,(
    (#782,#783,#784,#785)
    ,(#786,#787,#788,#789)
    ,(#790,#791,#792,#793)
    ,(#794,#795,#796,#797
    )),.UNSPECIFIED.,.F.,.F.,.F.,(4,4),(4,4),(0.,1.),(0.,1.),
  .PIECEWISE_BEZIER_KNOTS.);
#782 = CARTESIAN_POINT('',(-3.940809857191,18.37604163832,0.));
#783 = CARTESIAN_POINT('',(-4.036302614648,19.151218128451,0.));
#784 = CARTESIAN_POINT('',(-3.869754270894,19.934907848606,0.));
#785 = CARTESIAN_POINT('',(-3.660214187003,20.678559720282,0.));
#786 = CARTESIAN_POINT('',(-2.225235155005,18.74430626634,2.666669951599
    ));
#787 = CARTESIAN_POINT('',(-2.248356664133,19.528412520299,
    2.666669951599));
#788 = CARTESIAN_POINT('',(-2.008637432489,20.296567149501,
    2.666669951599));
#789 = CARTESIAN_POINT('',(-1.729663734493,21.020669345296,
    2.666669951599));
#790 = CARTESIAN_POINT('',(-0.45793425925,18.870373210819,5.333330048401
    ));
#791 = CARTESIAN_POINT('',(-0.407434776105,19.653193128734,
    5.333330048401));
#792 = CARTESIAN_POINT('',(-9.674810423093E-02,20.395487299737,
    5.333330048401));
#793 = CARTESIAN_POINT('',(0.248889674068,21.090242537458,5.333330048401
    ));
#794 = CARTESIAN_POINT('',(1.292542647676,18.749352578895,8.));
#795 = CARTESIAN_POINT('',(1.415057251188,19.52071995538,8.));
#796 = CARTESIAN_POINT('',(1.791755225935,20.227831378075,8.));
#797 = CARTESIAN_POINT('',(2.198701780037,20.884580687255,8.));
#798 = DEFINITIONAL_REPRESENTATION('',(#799),#803);
#799 = LINE('',#800,#801);
#800 = CARTESIAN_POINT('',(0.,0.));
#801 = VECTOR('',#802,1.);
#802 = DIRECTION('',(0.,1.));
#803 = ( GEOMETRIC_REPRESENTATION_CONTEXT(2) 
PARAMETRIC_REPRESENTATION_CONTEXT() REPRESENTATION_CONTEXT('2D SPACE',''
  ) );
#804 = ORIENTED_EDGE('',*,*,#805,.F.);
#805 = EDGE_CURVE('',#806,#764,#808,.T.);
#806 = VERTEX_POINT('',#807);
#807 = CARTESIAN_POINT('',(-4.831261033273,18.162263224945,0.));
#808 = SURFACE_CURVE('',#809,(#814,#822),.PCURVE_S1.);
#809 = B_SPLINE_CURVE_WITH_KNOTS('',3,(#810,#811,#812,#813),
  .UNSPECIFIED.,.F.,.F.,(4,4),(0.,1.),.PIECEWISE_BEZIER_KNOTS.);
#810 = CARTESIAN_POINT('',(-4.831261033273,18.162263224945,0.));
#811 = CARTESIAN_POINT('',(-4.525291248996,18.183255380338,0.));
#812 = CARTESIAN_POINT('',(-4.222961170303,18.255838410463,0.));
#813 = CARTESIAN_POINT('',(-3.940809857191,18.37604163832,0.));
#814 = PCURVE('',#57,#815);
#815 = DEFINITIONAL_REPRESENTATION('',(#816),#821);
#816 = B_SPLINE_CURVE_WITH_KNOTS('',3,(#817,#818,#819,#820),
  .UNSPECIFIED.,.F.,.F.,(4,4),(0.,1.),.PIECEWISE_BEZIER_KNOTS.);
#817 = CARTESIAN_POINT('',(-4.831261033273,18.162263224945));
#818 = CARTESIAN_POINT('',(-4.525291248996,18.183255380338));
#819 = CARTESIAN_POINT('',(-4.222961170303,18.255838410463));
#820 = CARTESIAN_POINT('',(-3.940809857191,18.37604163832));
#821 = ( GEOMETRIC_REPRESENTATION_CONTEXT(2) 
PARAMETRIC_REPRESENTATION_CONTEXT() REPRESENTATION_CONTEXT('2D SPACE',''
  ) );
#822 = PCURVE('',#823,#840);
#823 = B_SPLINE_SURFACE_WITH_KNOTS('',3,3,(
    (#824,#825,#826,#827)
    ,(#828,#829,#830,#831)
    ,(#832,#833,#834,#835)
    ,(#836,#837,#838,#839
    )),.UNSPECIFIED.,.F.,.F.,.F.,(4,4),(4,4),(0.,1.),(0.,1.),
  .PIECEWISE_BEZIER_KNOTS.);
#824 = CARTESIAN_POINT('',(-4.831261033273,18.162263224945,0.));
#825 = CARTESIAN_POINT('',(-4.525291248996,18.183255380338,0.));
#826 = CARTESIAN_POINT('',(-4.222961170303,18.255838410463,0.));
#827 = CARTESIAN_POINT('',(-3.940809857191,18.37604163832,0.));
#828 = CARTESIAN_POINT('',(-3.13566191805,18.61365932376,2.666669690328)
  );
#829 = CARTESIAN_POINT('',(-2.827726613455,18.60608553152,2.666669690328
    ));
#830 = CARTESIAN_POINT('',(-2.518614389604,18.65044337712,2.666669690328
    ));
#831 = CARTESIAN_POINT('',(-2.225235325834,18.744306250965,
    2.666669690328));
#832 = CARTESIAN_POINT('',(-1.376599627837,18.825664996221,
    5.333330309672));
#833 = CARTESIAN_POINT('',(-1.070731012642,18.789252026232,
    5.333330309672));
#834 = CARTESIAN_POINT('',(-0.758821463391,18.804431567941,
    5.333330309672));
#835 = CARTESIAN_POINT('',(-0.457934087968,18.870373219848,
    5.333330309672));
#836 = CARTESIAN_POINT('',(0.377694206198,18.790056830952,8.));
#837 = CARTESIAN_POINT('',(0.677544086343,18.725650085535,8.));
#838 = CARTESIAN_POINT('',(0.988157636792,18.711829990669,8.));
#839 = CARTESIAN_POINT('',(1.292542647676,18.749352578895,8.));
#840 = DEFINITIONAL_REPRESENTATION('',(#841),#845);
#841 = LINE('',#842,#843);
#842 = CARTESIAN_POINT('',(0.,0.));
#843 = VECTOR('',#844,1.);
#844 = DIRECTION('',(0.,1.));
#845 = ( GEOMETRIC_REPRESENTATION_CONTEXT(2) 
PARAMETRIC_REPRESENTATION_CONTEXT() REPRESENTATION_CONTEXT('2D SPACE',''
  ) );
#846 = ORIENTED_EDGE('',*,*,#847,.F.);
#847 = EDGE_CURVE('',#848,#806,#850,.T.);
#848 = VERTEX_POINT('',#849);
#849 = CARTESIAN_POINT('',(-5.767959246943,19.682244438214,0.));
#850 = SURFACE_CURVE('',#851,(#856,#864),.PCURVE_S1.);
#851 = B_SPLINE_CURVE_WITH_KNOTS('',3,(#852,#853,#854,#855),
  .UNSPECIFIED.,.F.,.F.,(4,4),(0.,1.),.PIECEWISE_BEZIER_KNOTS.);
#852 = CARTESIAN_POINT('',(-6.126594940758,20.086434089501,0.));
#853 = CARTESIAN_POINT('',(-5.602282474078,19.518964627514,0.));
#854 = CARTESIAN_POINT('',(-5.098099125506,18.896303339728,0.));
#855 = CARTESIAN_POINT('',(-4.831261033273,18.162263224945,0.));
#856 = PCURVE('',#57,#857);
#857 = DEFINITIONAL_REPRESENTATION('',(#858),#863);
#858 = B_SPLINE_CURVE_WITH_KNOTS('',3,(#859,#860,#861,#862),
  .UNSPECIFIED.,.F.,.F.,(4,4),(0.,1.),.PIECEWISE_BEZIER_KNOTS.);
#859 = CARTESIAN_POINT('',(-6.126594940758,20.086434089501));
#860 = CARTESIAN_POINT('',(-5.602282474078,19.518964627514));
#861 = CARTESIAN_POINT('',(-5.098099125506,18.896303339728));
#862 = CARTESIAN_POINT('',(-4.831261033273,18.162263224945));
#863 = ( GEOMETRIC_REPRESENTATION_CONTEXT(2) 
PARAMETRIC_REPRESENTATION_CONTEXT() REPRESENTATION_CONTEXT('2D SPACE',''
  ) );
#864 = PCURVE('',#865,#882);
#865 = B_SPLINE_SURFACE_WITH_KNOTS('',3,3,(
    (#866,#867,#868,#869)
    ,(#870,#871,#872,#873)
    ,(#874,#875,#876,#877)
    ,(#878,#879,#880,#881
    )),.UNSPECIFIED.,.F.,.F.,.F.,(4,4),(4,4),(0.,1.),(0.,1.),
  .PIECEWISE_BEZIER_KNOTS.);
#866 = CARTESIAN_POINT('',(-6.126594940758,20.086434089501,0.));
#867 = CARTESIAN_POINT('',(-5.602282474078,19.518964627514,0.));
#868 = CARTESIAN_POINT('',(-5.098099125506,18.896303339728,0.));
#869 = CARTESIAN_POINT('',(-4.831261033273,18.162263224945,0.));
#870 = CARTESIAN_POINT('',(-4.251372602325,20.658802176188,
    2.666669951599));
#871 = CARTESIAN_POINT('',(-3.780031296591,20.042370762617,
    2.666669951599));
#872 = CARTESIAN_POINT('',(-3.333972367705,19.372625828821,
    2.666669951599));
#873 = CARTESIAN_POINT('',(-3.135661748173,18.613659347438,
    2.666669951599));
#874 = CARTESIAN_POINT('',(-2.295639510627,20.966409220368,
    5.333330048401));
#875 = CARTESIAN_POINT('',(-1.884172276106,20.30849963004,5.333330048401
    ));
#876 = CARTESIAN_POINT('',(-1.502874807403,19.599881901823,
    5.333330048401));
#877 = CARTESIAN_POINT('',(-1.376599798476,18.825664978859,
    5.333330048401));
#878 = CARTESIAN_POINT('',(-0.335254768365,20.99732373995,8.));
#879 = CARTESIAN_POINT('',(1.175788405362E-02,20.307028605921,8.));
#880 = CARTESIAN_POINT('',(0.324168823818,19.569256735353,8.));
#881 = CARTESIAN_POINT('',(0.377694206198,18.790056830952,8.));
#882 = DEFINITIONAL_REPRESENTATION('',(#883),#887);
#883 = LINE('',#884,#885);
#884 = CARTESIAN_POINT('',(0.,0.));
#885 = VECTOR('',#886,1.);
#886 = DIRECTION('',(0.,1.));
#887 = ( GEOMETRIC_REPRESENTATION_CONTEXT(2) 
PARAMETRIC_REPRESENTATION_CONTEXT() REPRESENTATION_CONTEXT('2D SPACE',''
  ) );
#888 = ORIENTED_EDGE('',*,*,#889,.T.);
#889 = EDGE_CURVE('',#848,#890,#892,.T.);
#890 = VERTEX_POINT('',#891);
#891 = CARTESIAN_POINT('',(-6.902555959159,19.313591619134,0.));
#892 = SURFACE_CURVE('',#893,(#898,#905),.PCURVE_S1.);
#893 = CIRCLE('',#894,20.51);
#894 = AXIS2_PLACEMENT_3D('',#895,#896,#897);
#895 = CARTESIAN_POINT('',(0.,0.,0.));
#896 = DIRECTION('',(0.,0.,1.));
#897 = DIRECTION('',(1.,0.,-0.));
#898 = PCURVE('',#57,#899);
#899 = DEFINITIONAL_REPRESENTATION('',(#900),#904);
#900 = CIRCLE('',#901,20.51);
#901 = AXIS2_PLACEMENT_2D('',#902,#903);
#902 = CARTESIAN_POINT('',(6.017486224637E-16,-2.462096471272E-15));
#903 = DIRECTION('',(1.,0.));
#904 = ( GEOMETRIC_REPRESENTATION_CONTEXT(2) 
PARAMETRIC_REPRESENTATION_CONTEXT() REPRESENTATION_CONTEXT('2D SPACE',''
  ) );
#905 = PCURVE('',#906,#911);
#906 = CONICAL_SURFACE('',#907,20.5,0.785398163397);
#907 = AXIS2_PLACEMENT_3D('',#908,#909,#910);
#908 = CARTESIAN_POINT('',(0.,0.,-1.E-02));
#909 = DIRECTION('',(0.,0.,1.));
#910 = DIRECTION('',(1.,0.,-0.));
#911 = DEFINITIONAL_REPRESENTATION('',(#912),#916);
#912 = LINE('',#913,#914);
#913 = CARTESIAN_POINT('',(0.,1.E-02));
#914 = VECTOR('',#915,1.);
#915 = DIRECTION('',(1.,0.));
#916 = ( GEOMETRIC_REPRESENTATION_CONTEXT(2) 
PARAMETRIC_REPRESENTATION_CONTEXT() REPRESENTATION_CONTEXT('2D SPACE',''
  ) );
#917 = ORIENTED_EDGE('',*,*,#918,.F.);
#918 = EDGE_CURVE('',#919,#890,#921,.T.);
#919 = VERTEX_POINT('',#920);
#920 = CARTESIAN_POINT('',(-6.766938191697,17.533323590624,0.));
#921 = SURFACE_CURVE('',#922,(#927,#935),.PCURVE_S1.);
#922 = B_SPLINE_CURVE_WITH_KNOTS('',3,(#923,#924,#925,#926),
  .UNSPECIFIED.,.F.,.F.,(4,4),(0.,1.),.PIECEWISE_BEZIER_KNOTS.);
#923 = CARTESIAN_POINT('',(-6.766938191697,17.533323590624,0.));
#924 = CARTESIAN_POINT('',(-6.982519594395,18.284018013402,0.));
#925 = CARTESIAN_POINT('',(-6.940617819253,19.084113113702,0.));
#926 = CARTESIAN_POINT('',(-6.849990304229,19.851388687746,0.));
#927 = PCURVE('',#57,#928);
#928 = DEFINITIONAL_REPRESENTATION('',(#929),#934);
#929 = B_SPLINE_CURVE_WITH_KNOTS('',3,(#930,#931,#932,#933),
  .UNSPECIFIED.,.F.,.F.,(4,4),(0.,1.),.PIECEWISE_BEZIER_KNOTS.);
#930 = CARTESIAN_POINT('',(-6.766938191697,17.533323590624));
#931 = CARTESIAN_POINT('',(-6.982519594395,18.284018013402));
#932 = CARTESIAN_POINT('',(-6.940617819253,19.084113113702));
#933 = CARTESIAN_POINT('',(-6.849990304229,19.851388687746));
#934 = ( GEOMETRIC_REPRESENTATION_CONTEXT(2) 
PARAMETRIC_REPRESENTATION_CONTEXT() REPRESENTATION_CONTEXT('2D SPACE',''
  ) );
#935 = PCURVE('',#936,#953);
#936 = B_SPLINE_SURFACE_WITH_KNOTS('',3,3,(
    (#937,#938,#939,#940)
    ,(#941,#942,#943,#944)
    ,(#945,#946,#947,#948)
    ,(#949,#950,#951,#952
    )),.UNSPECIFIED.,.F.,.F.,.F.,(4,4),(4,4),(0.,1.),(0.,1.),
  .PIECEWISE_BEZIER_KNOTS.);
#937 = CARTESIAN_POINT('',(-6.766938191697,17.533323590624,0.));
#938 = CARTESIAN_POINT('',(-6.982519594395,18.284018013402,0.));
#939 = CARTESIAN_POINT('',(-6.940617819253,19.084113113702,0.));
#940 = CARTESIAN_POINT('',(-6.849990304229,19.851388687746,0.));
#941 = CARTESIAN_POINT('',(-5.130094341006,18.165429280746,
    2.666669951599));
#942 = CARTESIAN_POINT('',(-5.275592428361,18.936264884658,
    2.666669951599));
#943 = CARTESIAN_POINT('',(-5.158990396738,19.732462605457,
    2.666669951599));
#944 = CARTESIAN_POINT('',(-4.996725867528,20.491291002849,
    2.666669951599));
#945 = CARTESIAN_POINT('',(-3.404273066964,18.566410902136,
    5.333330048401));
#946 = CARTESIAN_POINT('',(-3.476855331338,19.347492867477,
    5.333330048401));
#947 = CARTESIAN_POINT('',(-3.286114119493,20.129250268777,
    5.333330048401));
#948 = CARTESIAN_POINT('',(-3.053415379745,20.869521577588,
    5.333330048401));
#949 = CARTESIAN_POINT('',(-1.656415637699,18.720715153513,8.));
#950 = CARTESIAN_POINT('',(-1.656077835147,19.501751224043,8.));
#951 = CARTESIAN_POINT('',(-1.394634234697,20.259085477902,8.));
#952 = CARTESIAN_POINT('',(-1.095436094811,20.971409579763,8.));
#953 = DEFINITIONAL_REPRESENTATION('',(#954),#958);
#954 = LINE('',#955,#956);
#955 = CARTESIAN_POINT('',(0.,0.));
#956 = VECTOR('',#957,1.);
#957 = DIRECTION('',(0.,1.));
#958 = ( GEOMETRIC_REPRESENTATION_CONTEXT(2) 
PARAMETRIC_REPRESENTATION_CONTEXT() REPRESENTATION_CONTEXT('2D SPACE',''
  ) );
#959 = ORIENTED_EDGE('',*,*,#960,.F.);
#960 = EDGE_CURVE('',#961,#919,#963,.T.);
#961 = VERTEX_POINT('',#962);
#962 = CARTESIAN_POINT('',(-7.612984124449,17.182879890888,0.));
#963 = SURFACE_CURVE('',#964,(#969,#977),.PCURVE_S1.);
#964 = B_SPLINE_CURVE_WITH_KNOTS('',3,(#965,#966,#967,#968),
  .UNSPECIFIED.,.F.,.F.,(4,4),(0.,1.),.PIECEWISE_BEZIER_KNOTS.);
#965 = CARTESIAN_POINT('',(-7.612984124449,17.182879890888,0.));
#966 = CARTESIAN_POINT('',(-7.314065232544,17.251477817536,0.));
#967 = CARTESIAN_POINT('',(-7.026811826296,17.370462074242,0.));
#968 = CARTESIAN_POINT('',(-6.766938191697,17.533323590624,0.));
#969 = PCURVE('',#57,#970);
#970 = DEFINITIONAL_REPRESENTATION('',(#971),#976);
#971 = B_SPLINE_CURVE_WITH_KNOTS('',3,(#972,#973,#974,#975),
  .UNSPECIFIED.,.F.,.F.,(4,4),(0.,1.),.PIECEWISE_BEZIER_KNOTS.);
#972 = CARTESIAN_POINT('',(-7.612984124449,17.182879890888));
#973 = CARTESIAN_POINT('',(-7.314065232544,17.251477817536));
#974 = CARTESIAN_POINT('',(-7.026811826296,17.370462074242));
#975 = CARTESIAN_POINT('',(-6.766938191697,17.533323590624));
#976 = ( GEOMETRIC_REPRESENTATION_CONTEXT(2) 
PARAMETRIC_REPRESENTATION_CONTEXT() REPRESENTATION_CONTEXT('2D SPACE',''
  ) );
#977 = PCURVE('',#978,#995);
#978 = B_SPLINE_SURFACE_WITH_KNOTS('',3,3,(
    (#979,#980,#981,#982)
    ,(#983,#984,#985,#986)
    ,(#987,#988,#989,#990)
    ,(#991,#992,#993,#994
    )),.UNSPECIFIED.,.F.,.F.,.F.,(4,4),(4,4),(0.,1.),(0.,1.),
  .PIECEWISE_BEZIER_KNOTS.);
#979 = CARTESIAN_POINT('',(-7.612984124449,17.182879890888,0.));
#980 = CARTESIAN_POINT('',(-7.314065232544,17.251477817536,0.));
#981 = CARTESIAN_POINT('',(-7.026811826296,17.370462074242,0.));
#982 = CARTESIAN_POINT('',(-6.766938191697,17.533323590624,0.));
#983 = CARTESIAN_POINT('',(-6.00887455526,17.89396869519,2.666669690328)
  );
#984 = CARTESIAN_POINT('',(-5.703545643116,17.934659843542,
    2.666669690328));
#985 = CARTESIAN_POINT('',(-5.40517819953,18.026827375831,2.666669690328
    ));
#986 = CARTESIAN_POINT('',(-5.130094507326,18.165429238837,
    2.666669690328));
#987 = CARTESIAN_POINT('',(-4.304634234793,18.378542194362,
    5.333330309672));
#988 = CARTESIAN_POINT('',(-3.996835126329,18.390425921648,
    5.333330309672));
#989 = CARTESIAN_POINT('',(-3.691140304701,18.454211981488,
    5.333330309672));
#990 = CARTESIAN_POINT('',(-3.404272899204,18.566410937848,
    5.333330309672));
#991 = CARTESIAN_POINT('',(-2.566368324654,18.617804442147,8.));
#992 = CARTESIAN_POINT('',(-2.260134659341,18.601097506236,8.));
#993 = CARTESIAN_POINT('',(-1.951183337985,18.636038224269,8.));
#994 = CARTESIAN_POINT('',(-1.656415637699,18.720715153513,8.));
#995 = DEFINITIONAL_REPRESENTATION('',(#996),#1000);
#996 = LINE('',#997,#998);
#997 = CARTESIAN_POINT('',(0.,0.));
#998 = VECTOR('',#999,1.);
#999 = DIRECTION('',(0.,1.));
#1000 = ( GEOMETRIC_REPRESENTATION_CONTEXT(2) 
PARAMETRIC_REPRESENTATION_CONTEXT() REPRESENTATION_CONTEXT('2D SPACE',''
  ) );
#1001 = ORIENTED_EDGE('',*,*,#1002,.F.);
#1002 = EDGE_CURVE('',#1003,#961,#1005,.T.);
#1003 = VERTEX_POINT('',#1004);
#1004 = CARTESIAN_POINT('',(-8.775927476717,18.537615729198,0.));
#1005 = SURFACE_CURVE('',#1006,(#1011,#1019),.PCURVE_S1.);
#1006 = B_SPLINE_CURVE_WITH_KNOTS('',3,(#1007,#1008,#1009,#1010),
  .UNSPECIFIED.,.F.,.F.,(4,4),(0.,1.),.PIECEWISE_BEZIER_KNOTS.);
#1007 = CARTESIAN_POINT('',(-9.193376961893,18.880726152257,0.));
#1008 = CARTESIAN_POINT('',(-8.586747870012,18.402263721248,0.));
#1009 = CARTESIAN_POINT('',(-7.991366169649,17.866140079578,0.));
#1010 = CARTESIAN_POINT('',(-7.612984124449,17.182879890888,0.));
#1011 = PCURVE('',#57,#1012);
#1012 = DEFINITIONAL_REPRESENTATION('',(#1013),#1018);
#1013 = B_SPLINE_CURVE_WITH_KNOTS('',3,(#1014,#1015,#1016,#1017),
  .UNSPECIFIED.,.F.,.F.,(4,4),(0.,1.),.PIECEWISE_BEZIER_KNOTS.);
#1014 = CARTESIAN_POINT('',(-9.193376961893,18.880726152257));
#1015 = CARTESIAN_POINT('',(-8.586747870012,18.402263721248));
#1016 = CARTESIAN_POINT('',(-7.991366169649,17.866140079578));
#1017 = CARTESIAN_POINT('',(-7.612984124449,17.182879890888));
#1018 = ( GEOMETRIC_REPRESENTATION_CONTEXT(2) 
PARAMETRIC_REPRESENTATION_CONTEXT() REPRESENTATION_CONTEXT('2D SPACE',''
  ) );
#1019 = PCURVE('',#1020,#1037);
#1020 = B_SPLINE_SURFACE_WITH_KNOTS('',3,3,(
    (#1021,#1022,#1023,#1024)
    ,(#1025,#1026,#1027,#1028)
    ,(#1029,#1030,#1031,#1032)
    ,(#1033,#1034,#1035,#1036
    )),.UNSPECIFIED.,.F.,.F.,.F.,(4,4),(4,4),(0.,1.),(0.,1.),
  .PIECEWISE_BEZIER_KNOTS.);
#1021 = CARTESIAN_POINT('',(-9.193376961893,18.880726152257,0.));
#1022 = CARTESIAN_POINT('',(-8.586747870012,18.402263721248,0.));
#1023 = CARTESIAN_POINT('',(-7.991366169649,17.866140079578,0.));
#1024 = CARTESIAN_POINT('',(-7.612984124449,17.182879890888,0.));
#1025 = CARTESIAN_POINT('',(-7.430779817646,19.739396841351,
    2.666669951599));
#1026 = CARTESIAN_POINT('',(-6.868810387116,19.204288746404,
    2.666669951599));
#1027 = CARTESIAN_POINT('',(-6.323471993405,18.612568474038,
    2.666669951599));
#1028 = CARTESIAN_POINT('',(-6.008874391178,17.893968745151,
    2.666669951599));
#1029 = CARTESIAN_POINT('',(-5.547245389058,20.349160792334,
    5.333330048401));
#1030 = CARTESIAN_POINT('',(-5.037924264178,19.763718817515,
    5.333330048401));
#1031 = CARTESIAN_POINT('',(-4.550468964809,19.123473414953,
    5.333330048401));
#1032 = CARTESIAN_POINT('',(-4.304634400615,18.37854215052,
    5.333330048401));
#1033 = CARTESIAN_POINT('',(-3.615832332378,20.686366441309,8.));
#1034 = CARTESIAN_POINT('',(-3.165106031534,20.058854724502,8.));
#1035 = CARTESIAN_POINT('',(-2.741128440961,19.379037888158,8.));
#1036 = CARTESIAN_POINT('',(-2.566368324654,18.617804442147,8.));
#1037 = DEFINITIONAL_REPRESENTATION('',(#1038),#1042);
#1038 = LINE('',#1039,#1040);
#1039 = CARTESIAN_POINT('',(0.,0.));
#1040 = VECTOR('',#1041,1.);
#1041 = DIRECTION('',(0.,1.));
#1042 = ( GEOMETRIC_REPRESENTATION_CONTEXT(2) 
PARAMETRIC_REPRESENTATION_CONTEXT() REPRESENTATION_CONTEXT('2D SPACE',''
  ) );
#1043 = ORIENTED_EDGE('',*,*,#1044,.T.);
#1044 = EDGE_CURVE('',#1003,#1045,#1047,.T.);
#1045 = VERTEX_POINT('',#1046);
#1046 = CARTESIAN_POINT('',(-9.838885414111,17.996011608353,0.));
#1047 = SURFACE_CURVE('',#1048,(#1053,#1060),.PCURVE_S1.);
#1048 = CIRCLE('',#1049,20.51);
#1049 = AXIS2_PLACEMENT_3D('',#1050,#1051,#1052);
#1050 = CARTESIAN_POINT('',(0.,0.,0.));
#1051 = DIRECTION('',(0.,0.,1.));
#1052 = DIRECTION('',(1.,0.,-0.));
#1053 = PCURVE('',#57,#1054);
#1054 = DEFINITIONAL_REPRESENTATION('',(#1055),#1059);
#1055 = CIRCLE('',#1056,20.51);
#1056 = AXIS2_PLACEMENT_2D('',#1057,#1058);
#1057 = CARTESIAN_POINT('',(6.017486224637E-16,-2.462096471272E-15));
#1058 = DIRECTION('',(1.,0.));
#1059 = ( GEOMETRIC_REPRESENTATION_CONTEXT(2) 
PARAMETRIC_REPRESENTATION_CONTEXT() REPRESENTATION_CONTEXT('2D SPACE',''
  ) );
#1060 = PCURVE('',#1061,#1066);
#1061 = CONICAL_SURFACE('',#1062,20.5,0.785398163397);
#1062 = AXIS2_PLACEMENT_3D('',#1063,#1064,#1065);
#1063 = CARTESIAN_POINT('',(0.,0.,-1.E-02));
#1064 = DIRECTION('',(0.,0.,1.));
#1065 = DIRECTION('',(1.,0.,-0.));
#1066 = DEFINITIONAL_REPRESENTATION('',(#1067),#1071);
#1067 = LINE('',#1068,#1069);
#1068 = CARTESIAN_POINT('',(0.,1.E-02));
#1069 = VECTOR('',#1070,1.);
#1070 = DIRECTION('',(1.,0.));
#1071 = ( GEOMETRIC_REPRESENTATION_CONTEXT(2) 
PARAMETRIC_REPRESENTATION_CONTEXT() REPRESENTATION_CONTEXT('2D SPACE',''
  ) );
#1072 = ORIENTED_EDGE('',*,*,#1073,.F.);
#1073 = EDGE_CURVE('',#1074,#1045,#1076,.T.);
#1074 = VERTEX_POINT('',#1075);
#1075 = CARTESIAN_POINT('',(-9.426442049744,16.258876926363,0.));
#1076 = SURFACE_CURVE('',#1077,(#1082,#1090),.PCURVE_S1.);
#1077 = B_SPLINE_CURVE_WITH_KNOTS('',3,(#1078,#1079,#1080,#1081),
  .UNSPECIFIED.,.F.,.F.,(4,4),(0.,1.),.PIECEWISE_BEZIER_KNOTS.);
#1078 = CARTESIAN_POINT('',(-9.426442049744,16.258876926363,0.));
#1079 = CARTESIAN_POINT('',(-9.756803768073,16.966604693687,0.));
#1080 = CARTESIAN_POINT('',(-9.840580322312,17.763404177399,0.));
#1081 = CARTESIAN_POINT('',(-9.87109692635,18.535410582736,0.));
#1082 = PCURVE('',#57,#1083);
#1083 = DEFINITIONAL_REPRESENTATION('',(#1084),#1089);
#1084 = B_SPLINE_CURVE_WITH_KNOTS('',3,(#1085,#1086,#1087,#1088),
  .UNSPECIFIED.,.F.,.F.,(4,4),(0.,1.),.PIECEWISE_BEZIER_KNOTS.);
#1085 = CARTESIAN_POINT('',(-9.426442049744,16.258876926363));
#1086 = CARTESIAN_POINT('',(-9.756803768073,16.966604693687));
#1087 = CARTESIAN_POINT('',(-9.840580322312,17.763404177399));
#1088 = CARTESIAN_POINT('',(-9.87109692635,18.535410582736));
#1089 = ( GEOMETRIC_REPRESENTATION_CONTEXT(2) 
PARAMETRIC_REPRESENTATION_CONTEXT() REPRESENTATION_CONTEXT('2D SPACE',''
  ) );
#1090 = PCURVE('',#1091,#1108);
#1091 = B_SPLINE_SURFACE_WITH_KNOTS('',3,3,(
    (#1092,#1093,#1094,#1095)
    ,(#1096,#1097,#1098,#1099)
    ,(#1100,#1101,#1102,#1103)
    ,(#1104,#1105,#1106,#1107
    )),.UNSPECIFIED.,.F.,.F.,.F.,(4,4),(4,4),(0.,1.),(0.,1.),
  .PIECEWISE_BEZIER_KNOTS.);
#1092 = CARTESIAN_POINT('',(-9.426442049744,16.258876926363,0.));
#1093 = CARTESIAN_POINT('',(-9.756803768073,16.966604693687,0.));
#1094 = CARTESIAN_POINT('',(-9.840580322312,17.763404177399,0.));
#1095 = CARTESIAN_POINT('',(-9.87109692635,18.535410582736,0.));
#1096 = CARTESIAN_POINT('',(-7.908633578524,17.139259138657,
    2.666669951599));
#1097 = CARTESIAN_POINT('',(-8.172925598316,17.877843561697,
    2.666669951599));
#1098 = CARTESIAN_POINT('',(-8.182311895711,18.682479343778,
    2.666669951599));
#1099 = CARTESIAN_POINT('',(-8.140752026522,19.457349069217,
    2.666669951599));
#1100 = CARTESIAN_POINT('',(-6.266787373635,17.805281938657,
    5.333330048401));
#1101 = CARTESIAN_POINT('',(-6.460664169292,18.565393121174,
    5.333330048401));
#1102 = CARTESIAN_POINT('',(-6.394565099145,19.367364291049,
    5.333330048401));
#1103 = CARTESIAN_POINT('',(-6.280535213203,20.134923734506,
    5.333330048401));
#1104 = CARTESIAN_POINT('',(-4.564587472745,18.23111159056,8.));
#1105 = CARTESIAN_POINT('',(-4.686434788973,19.002584654968,8.));
#1106 = CARTESIAN_POINT('',(-4.546683171945,19.791493657212,8.));
#1107 = CARTESIAN_POINT('',(-4.362600697462,20.5418527683,8.));
#1108 = DEFINITIONAL_REPRESENTATION('',(#1109),#1113);
#1109 = LINE('',#1110,#1111);
#1110 = CARTESIAN_POINT('',(0.,0.));
#1111 = VECTOR('',#1112,1.);
#1112 = DIRECTION('',(0.,1.));
#1113 = ( GEOMETRIC_REPRESENTATION_CONTEXT(2) 
PARAMETRIC_REPRESENTATION_CONTEXT() REPRESENTATION_CONTEXT('2D SPACE',''
  ) );
#1114 = ORIENTED_EDGE('',*,*,#1115,.F.);
#1115 = EDGE_CURVE('',#1116,#1074,#1118,.T.);
#1116 = VERTEX_POINT('',#1117);
#1117 = CARTESIAN_POINT('',(-10.20725028043,15.780397027209,0.));
#1118 = SURFACE_CURVE('',#1119,(#1124,#1132),.PCURVE_S1.);
#1119 = B_SPLINE_CURVE_WITH_KNOTS('',3,(#1120,#1121,#1122,#1123),
  .UNSPECIFIED.,.F.,.F.,(4,4),(0.,1.),.PIECEWISE_BEZIER_KNOTS.);
#1120 = CARTESIAN_POINT('',(-10.20725028043,15.780397027209,0.));
#1121 = CARTESIAN_POINT('',(-9.922742656076,15.894911616493,0.));
#1122 = CARTESIAN_POINT('',(-9.657639054474,16.057367312493,0.));
#1123 = CARTESIAN_POINT('',(-9.426442049744,16.258876926363,0.));
#1124 = PCURVE('',#57,#1125);
#1125 = DEFINITIONAL_REPRESENTATION('',(#1126),#1131);
#1126 = B_SPLINE_CURVE_WITH_KNOTS('',3,(#1127,#1128,#1129,#1130),
  .UNSPECIFIED.,.F.,.F.,(4,4),(0.,1.),.PIECEWISE_BEZIER_KNOTS.);
#1127 = CARTESIAN_POINT('',(-10.20725028043,15.780397027209));
#1128 = CARTESIAN_POINT('',(-9.922742656076,15.894911616493));
#1129 = CARTESIAN_POINT('',(-9.657639054474,16.057367312493));
#1130 = CARTESIAN_POINT('',(-9.426442049744,16.258876926363));
#1131 = ( GEOMETRIC_REPRESENTATION_CONTEXT(2) 
PARAMETRIC_REPRESENTATION_CONTEXT() REPRESENTATION_CONTEXT('2D SPACE',''
  ) );
#1132 = PCURVE('',#1133,#1150);
#1133 = B_SPLINE_SURFACE_WITH_KNOTS('',3,3,(
    (#1134,#1135,#1136,#1137)
    ,(#1138,#1139,#1140,#1141)
    ,(#1142,#1143,#1144,#1145)
    ,(#1146,#1147,#1148,#1149
    )),.UNSPECIFIED.,.F.,.F.,.F.,(4,4),(4,4),(0.,1.),(0.,1.),
  .PIECEWISE_BEZIER_KNOTS.);
#1134 = CARTESIAN_POINT('',(-10.20725028043,15.780397027209,0.));
#1135 = CARTESIAN_POINT('',(-9.922742656076,15.894911616493,0.));
#1136 = CARTESIAN_POINT('',(-9.657639054474,16.057367312493,0.));
#1137 = CARTESIAN_POINT('',(-9.426442049744,16.258876926363,0.));
#1138 = CARTESIAN_POINT('',(-8.734128758608,16.733669170668,
    2.666669690328));
#1139 = CARTESIAN_POINT('',(-8.438924450061,16.821623308493,
    2.666669690328));
#1140 = CARTESIAN_POINT('',(-8.158648583426,16.959331056939,
    2.666669690328));
#1141 = CARTESIAN_POINT('',(-7.908633736241,17.139259071246,
    2.666669690328));
#1142 = CARTESIAN_POINT('',(-7.126674460626,17.478878688793,
    5.333330309672));
#1143 = CARTESIAN_POINT('',(-6.824523894472,17.538766496549,
    5.333330309672));
#1144 = CARTESIAN_POINT('',(-6.532571021517,17.649588450032,
    5.333330309672));
#1145 = CARTESIAN_POINT('',(-6.266787213527,17.805282000173,
    5.333330309672));
#1146 = CARTESIAN_POINT('',(-5.447238350064,17.987119919025,8.));
#1147 = CARTESIAN_POINT('',(-5.142161388755,18.018524172829,8.));
#1148 = CARTESIAN_POINT('',(-4.842479703374,18.101365347323,8.));
#1149 = CARTESIAN_POINT('',(-4.564587472745,18.23111159056,8.));
#1150 = DEFINITIONAL_REPRESENTATION('',(#1151),#1155);
#1151 = LINE('',#1152,#1153);
#1152 = CARTESIAN_POINT('',(0.,0.));
#1153 = VECTOR('',#1154,1.);
#1154 = DIRECTION('',(0.,1.));
#1155 = ( GEOMETRIC_REPRESENTATION_CONTEXT(2) 
PARAMETRIC_REPRESENTATION_CONTEXT() REPRESENTATION_CONTEXT('2D SPACE',''
  ) );
#1156 = ORIENTED_EDGE('',*,*,#1157,.F.);
#1157 = EDGE_CURVE('',#1158,#1116,#1160,.T.);
#1158 = VERTEX_POINT('',#1159);
#1159 = CARTESIAN_POINT('',(-11.56780324638,16.93652939811,0.));
#1160 = SURFACE_CURVE('',#1161,(#1166,#1174),.PCURVE_S1.);
#1161 = B_SPLINE_CURVE_WITH_KNOTS('',3,(#1162,#1163,#1164,#1165),
  .UNSPECIFIED.,.F.,.F.,(4,4),(0.,1.),.PIECEWISE_BEZIER_KNOTS.);
#1162 = CARTESIAN_POINT('',(-12.03378753115,17.210112075607,0.));
#1163 = CARTESIAN_POINT('',(-11.3597790356,16.832438008553,0.));
#1164 = CARTESIAN_POINT('',(-10.68785925687,16.396053156349,0.));
#1165 = CARTESIAN_POINT('',(-10.20725028043,15.780397027209,0.));
#1166 = PCURVE('',#57,#1167);
#1167 = DEFINITIONAL_REPRESENTATION('',(#1168),#1173);
#1168 = B_SPLINE_CURVE_WITH_KNOTS('',3,(#1169,#1170,#1171,#1172),
  .UNSPECIFIED.,.F.,.F.,(4,4),(0.,1.),.PIECEWISE_BEZIER_KNOTS.);
#1169 = CARTESIAN_POINT('',(-12.03378753115,17.210112075607));
#1170 = CARTESIAN_POINT('',(-11.3597790356,16.832438008553));
#1171 = CARTESIAN_POINT('',(-10.68785925687,16.396053156349));
#1172 = CARTESIAN_POINT('',(-10.20725028043,15.780397027209));
#1173 = ( GEOMETRIC_REPRESENTATION_CONTEXT(2) 
PARAMETRIC_REPRESENTATION_CONTEXT() REPRESENTATION_CONTEXT('2D SPACE',''
  ) );
#1174 = PCURVE('',#1175,#1192);
#1175 = B_SPLINE_SURFACE_WITH_KNOTS('',3,3,(
    (#1176,#1177,#1178,#1179)
    ,(#1180,#1181,#1182,#1183)
    ,(#1184,#1185,#1186,#1187)
    ,(#1188,#1189,#1190,#1191
    )),.UNSPECIFIED.,.F.,.F.,.F.,(4,4),(4,4),(0.,1.),(0.,1.),
  .PIECEWISE_BEZIER_KNOTS.);
#1176 = CARTESIAN_POINT('',(-12.03378753115,17.210112075607,0.));
#1177 = CARTESIAN_POINT('',(-11.3597790356,16.832438008553,0.));
#1178 = CARTESIAN_POINT('',(-10.68785925687,16.396053156349,0.));
#1179 = CARTESIAN_POINT('',(-10.20725028043,15.780397027209,0.));
#1180 = CARTESIAN_POINT('',(-10.42721657251,18.333942044977,
    2.666669951599));
#1181 = CARTESIAN_POINT('',(-9.788456569635,17.893333405874,
    2.666669951599));
#1182 = CARTESIAN_POINT('',(-9.157266752227,17.394207911851,
    2.666669951599));
#1183 = CARTESIAN_POINT('',(-8.734128604362,16.733669245682,
    2.666669951599));
#1184 = CARTESIAN_POINT('',(-8.662259675759,19.230848490599,
    5.333330048401));
#1185 = CARTESIAN_POINT('',(-8.067625836953,18.732289655681,
    5.333330048401));
#1186 = CARTESIAN_POINT('',(-7.486015474161,18.176181545438,
    5.333330048401));
#1187 = CARTESIAN_POINT('',(-7.126674617548,17.478878619551,
    5.333330048401));
#1188 = CARTESIAN_POINT('',(-6.807376104109,19.866042146769,8.));
#1189 = CARTESIAN_POINT('',(-6.264034532241,19.316765268243,8.));
#1190 = CARTESIAN_POINT('',(-5.738930026239,18.711642812817,8.));
#1191 = CARTESIAN_POINT('',(-5.447238350064,17.987119919025,8.));
#1192 = DEFINITIONAL_REPRESENTATION('',(#1193),#1197);
#1193 = LINE('',#1194,#1195);
#1194 = CARTESIAN_POINT('',(0.,0.));
#1195 = VECTOR('',#1196,1.);
#1196 = DIRECTION('',(0.,1.));
#1197 = ( GEOMETRIC_REPRESENTATION_CONTEXT(2) 
PARAMETRIC_REPRESENTATION_CONTEXT() REPRESENTATION_CONTEXT('2D SPACE',''
  ) );
#1198 = ORIENTED_EDGE('',*,*,#1199,.T.);
#1199 = EDGE_CURVE('',#1158,#1200,#1202,.T.);
#1200 = VERTEX_POINT('',#1201);
#1201 = CARTESIAN_POINT('',(-12.53294885678,16.235310066437,0.));
#1202 = SURFACE_CURVE('',#1203,(#1208,#1215),.PCURVE_S1.);
#1203 = CIRCLE('',#1204,20.51);
#1204 = AXIS2_PLACEMENT_3D('',#1205,#1206,#1207);
#1205 = CARTESIAN_POINT('',(0.,0.,0.));
#1206 = DIRECTION('',(0.,0.,1.));
#1207 = DIRECTION('',(1.,0.,-0.));
#1208 = PCURVE('',#57,#1209);
#1209 = DEFINITIONAL_REPRESENTATION('',(#1210),#1214);
#1210 = CIRCLE('',#1211,20.51);
#1211 = AXIS2_PLACEMENT_2D('',#1212,#1213);
#1212 = CARTESIAN_POINT('',(6.017486224637E-16,-2.462096471272E-15));
#1213 = DIRECTION('',(1.,0.));
#1214 = ( GEOMETRIC_REPRESENTATION_CONTEXT(2) 
PARAMETRIC_REPRESENTATION_CONTEXT() REPRESENTATION_CONTEXT('2D SPACE',''
  ) );
#1215 = PCURVE('',#1216,#1221);
#1216 = CONICAL_SURFACE('',#1217,20.5,0.785398163397);
#1217 = AXIS2_PLACEMENT_3D('',#1218,#1219,#1220);
#1218 = CARTESIAN_POINT('',(0.,0.,-1.E-02));
#1219 = DIRECTION('',(0.,0.,1.));
#1220 = DIRECTION('',(1.,0.,-0.));
#1221 = DEFINITIONAL_REPRESENTATION('',(#1222),#1226);
#1222 = LINE('',#1223,#1224);
#1223 = CARTESIAN_POINT('',(0.,1.E-02));
#1224 = VECTOR('',#1225,1.);
#1225 = DIRECTION('',(1.,0.));
#1226 = ( GEOMETRIC_REPRESENTATION_CONTEXT(2) 
PARAMETRIC_REPRESENTATION_CONTEXT() REPRESENTATION_CONTEXT('2D SPACE',''
  ) );
#1227 = ORIENTED_EDGE('',*,*,#1228,.F.);
#1228 = EDGE_CURVE('',#1229,#1200,#1231,.T.);
#1229 = VERTEX_POINT('',#1230);
#1230 = CARTESIAN_POINT('',(-11.85383561995,14.584082752055,0.));
#1231 = SURFACE_CURVE('',#1232,(#1237,#1245),.PCURVE_S1.);
#1232 = B_SPLINE_CURVE_WITH_KNOTS('',3,(#1233,#1234,#1235,#1236),
  .UNSPECIFIED.,.F.,.F.,(4,4),(0.,1.),.PIECEWISE_BEZIER_KNOTS.);
#1233 = CARTESIAN_POINT('',(-11.85383561995,14.584082752055,0.));
#1234 = CARTESIAN_POINT('',(-12.290843052,15.23141725748,0.));
#1235 = CARTESIAN_POINT('',(-12.49823507882,16.00530127689,0.));
#1236 = CARTESIAN_POINT('',(-12.64914438185,16.763029153679,0.));
#1237 = PCURVE('',#57,#1238);
#1238 = DEFINITIONAL_REPRESENTATION('',(#1239),#1244);
#1239 = B_SPLINE_CURVE_WITH_KNOTS('',3,(#1240,#1241,#1242,#1243),
  .UNSPECIFIED.,.F.,.F.,(4,4),(0.,1.),.PIECEWISE_BEZIER_KNOTS.);
#1240 = CARTESIAN_POINT('',(-11.85383561995,14.584082752055));
#1241 = CARTESIAN_POINT('',(-12.290843052,15.23141725748));
#1242 = CARTESIAN_POINT('',(-12.49823507882,16.00530127689));
#1243 = CARTESIAN_POINT('',(-12.64914438185,16.763029153679));
#1244 = ( GEOMETRIC_REPRESENTATION_CONTEXT(2) 
PARAMETRIC_REPRESENTATION_CONTEXT() REPRESENTATION_CONTEXT('2D SPACE',''
  ) );
#1245 = PCURVE('',#1246,#1263);
#1246 = B_SPLINE_SURFACE_WITH_KNOTS('',3,3,(
    (#1247,#1248,#1249,#1250)
    ,(#1251,#1252,#1253,#1254)
    ,(#1255,#1256,#1257,#1258)
    ,(#1259,#1260,#1261,#1262
    )),.UNSPECIFIED.,.F.,.F.,.F.,(4,4),(4,4),(0.,1.),(0.,1.),
  .PIECEWISE_BEZIER_KNOTS.);
#1247 = CARTESIAN_POINT('',(-11.85383561995,14.584082752055,0.));
#1248 = CARTESIAN_POINT('',(-12.290843052,15.23141725748,0.));
#1249 = CARTESIAN_POINT('',(-12.49823507882,16.00530127689,0.));
#1250 = CARTESIAN_POINT('',(-12.64914438185,16.763029153679,0.));
#1251 = CARTESIAN_POINT('',(-10.49243601008,15.691063554635,
    2.666669951599));
#1252 = CARTESIAN_POINT('',(-10.86901421565,16.379210397086,
    2.666669951599));
#1253 = CARTESIAN_POINT('',(-11.00415772027,17.172471437061,
    2.666669951599));
#1254 = CARTESIAN_POINT('',(-11.08432585301,17.944302626261,
    2.666669951599));
#1255 = CARTESIAN_POINT('',(-8.974992576893,16.605727841505,
    5.333330048401));
#1256 = CARTESIAN_POINT('',(-9.285390013683,17.326151781221,
    5.333330048401));
#1257 = CARTESIAN_POINT('',(-9.345560663712,18.128589527878,
    5.333330048401));
#1258 = CARTESIAN_POINT('',(-9.353007425811,18.9045372451,5.333330048401
    ));
#1259 = CARTESIAN_POINT('',(-7.360364015215,17.292597554657,8.));
#1260 = CARTESIAN_POINT('',(-7.60139616491,18.035511385725,8.));
#1261 = CARTESIAN_POINT('',(-7.586777679923,18.83656957848,8.));
#1262 = CARTESIAN_POINT('',(-7.5223435923,19.60648736718,8.));
#1263 = DEFINITIONAL_REPRESENTATION('',(#1264),#1268);
#1264 = LINE('',#1265,#1266);
#1265 = CARTESIAN_POINT('',(0.,0.));
#1266 = VECTOR('',#1267,1.);
#1267 = DIRECTION('',(0.,1.));
#1268 = ( GEOMETRIC_REPRESENTATION_CONTEXT(2) 
PARAMETRIC_REPRESENTATION_CONTEXT() REPRESENTATION_CONTEXT('2D SPACE',''
  ) );
#1269 = ORIENTED_EDGE('',*,*,#1270,.F.);
#1270 = EDGE_CURVE('',#1271,#1229,#1273,.T.);
#1271 = VERTEX_POINT('',#1272);
#1272 = CARTESIAN_POINT('',(-12.55018005859,13.989348416585,0.));
#1273 = SURFACE_CURVE('',#1274,(#1279,#1287),.PCURVE_S1.);
#1274 = B_SPLINE_CURVE_WITH_KNOTS('',3,(#1275,#1276,#1277,#1278),
  .UNSPECIFIED.,.F.,.F.,(4,4),(0.,1.),.PIECEWISE_BEZIER_KNOTS.);
#1275 = CARTESIAN_POINT('',(-12.55018005859,13.989348416585,0.));
#1276 = CARTESIAN_POINT('',(-12.28708922372,14.146959939266,0.));
#1277 = CARTESIAN_POINT('',(-12.05066315726,14.348886876165,0.));
#1278 = CARTESIAN_POINT('',(-11.85383561995,14.584082752055,0.));
#1279 = PCURVE('',#57,#1280);
#1280 = DEFINITIONAL_REPRESENTATION('',(#1281),#1286);
#1281 = B_SPLINE_CURVE_WITH_KNOTS('',3,(#1282,#1283,#1284,#1285),
  .UNSPECIFIED.,.F.,.F.,(4,4),(0.,1.),.PIECEWISE_BEZIER_KNOTS.);
#1282 = CARTESIAN_POINT('',(-12.55018005859,13.989348416585));
#1283 = CARTESIAN_POINT('',(-12.28708922372,14.146959939266));
#1284 = CARTESIAN_POINT('',(-12.05066315726,14.348886876165));
#1285 = CARTESIAN_POINT('',(-11.85383561995,14.584082752055));
#1286 = ( GEOMETRIC_REPRESENTATION_CONTEXT(2) 
PARAMETRIC_REPRESENTATION_CONTEXT() REPRESENTATION_CONTEXT('2D SPACE',''
  ) );
#1287 = PCURVE('',#1288,#1305);
#1288 = B_SPLINE_SURFACE_WITH_KNOTS('',3,3,(
    (#1289,#1290,#1291,#1292)
    ,(#1293,#1294,#1295,#1296)
    ,(#1297,#1298,#1299,#1300)
    ,(#1301,#1302,#1303,#1304
    )),.UNSPECIFIED.,.F.,.F.,.F.,(4,4),(4,4),(0.,1.),(0.,1.),
  .PIECEWISE_BEZIER_KNOTS.);
#1289 = CARTESIAN_POINT('',(-12.55018005859,13.989348416585,0.));
#1290 = CARTESIAN_POINT('',(-12.28708922372,14.146959939266,0.));
#1291 = CARTESIAN_POINT('',(-12.05066315726,14.348886876165,0.));
#1292 = CARTESIAN_POINT('',(-11.85383561995,14.584082752055,0.));
#1293 = CARTESIAN_POINT('',(-11.244319725,15.161331175299,2.666669690328
    ));
#1294 = CARTESIAN_POINT('',(-10.96650892986,15.294382579822,
    2.666669690328));
#1295 = CARTESIAN_POINT('',(-10.71122596219,15.474239722632,
    2.666669690328));
#1296 = CARTESIAN_POINT('',(-10.49243615531,15.691063463381,
    2.666669690328));
#1297 = CARTESIAN_POINT('',(-9.773232309162,16.148827180834,
    5.333330309672));
#1298 = CARTESIAN_POINT('',(-9.484170235036,16.255244432476,
    5.333330309672));
#1299 = CARTESIAN_POINT('',(-9.213148159423,16.410373475311,
    5.333330309672));
#1300 = CARTESIAN_POINT('',(-8.974992428379,16.60572792731,
    5.333330309672));
#1301 = CARTESIAN_POINT('',(-8.193979288948,16.913532807669,8.));
#1302 = CARTESIAN_POINT('',(-7.897571038923,16.992274974235,8.));
#1303 = CARTESIAN_POINT('',(-7.614538147197,17.120976780538,8.));
#1304 = CARTESIAN_POINT('',(-7.360364015215,17.292597554657,8.));
#1305 = DEFINITIONAL_REPRESENTATION('',(#1306),#1310);
#1306 = LINE('',#1307,#1308);
#1307 = CARTESIAN_POINT('',(0.,0.));
#1308 = VECTOR('',#1309,1.);
#1309 = DIRECTION('',(0.,1.));
#1310 = ( GEOMETRIC_REPRESENTATION_CONTEXT(2) 
PARAMETRIC_REPRESENTATION_CONTEXT() REPRESENTATION_CONTEXT('2D SPACE',''
  ) );
#1311 = ORIENTED_EDGE('',*,*,#1312,.F.);
#1312 = EDGE_CURVE('',#1313,#1271,#1315,.T.);
#1313 = VERTEX_POINT('',#1314);
#1314 = CARTESIAN_POINT('',(-14.07484130878,14.918409504122,0.));
#1315 = SURFACE_CURVE('',#1316,(#1321,#1329),.PCURVE_S1.);
#1316 = B_SPLINE_CURVE_WITH_KNOTS('',3,(#1317,#1318,#1319,#1320),
  .UNSPECIFIED.,.F.,.F.,(4,4),(0.,1.),.PIECEWISE_BEZIER_KNOTS.);
#1317 = CARTESIAN_POINT('',(-14.57788631355,15.115727922569,0.));
#1318 = CARTESIAN_POINT('',(-13.85309474039,14.848141808428,0.));
#1319 = CARTESIAN_POINT('',(-13.12118177821,14.52224098903,0.));
#1320 = CARTESIAN_POINT('',(-12.55018005859,13.989348416585,0.));
#1321 = PCURVE('',#57,#1322);
#1322 = DEFINITIONAL_REPRESENTATION('',(#1323),#1328);
#1323 = B_SPLINE_CURVE_WITH_KNOTS('',3,(#1324,#1325,#1326,#1327),
  .UNSPECIFIED.,.F.,.F.,(4,4),(0.,1.),.PIECEWISE_BEZIER_KNOTS.);
#1324 = CARTESIAN_POINT('',(-14.57788631355,15.115727922569));
#1325 = CARTESIAN_POINT('',(-13.85309474039,14.848141808428));
#1326 = CARTESIAN_POINT('',(-13.12118177821,14.52224098903));
#1327 = CARTESIAN_POINT('',(-12.55018005859,13.989348416585));
#1328 = ( GEOMETRIC_REPRESENTATION_CONTEXT(2) 
PARAMETRIC_REPRESENTATION_CONTEXT() REPRESENTATION_CONTEXT('2D SPACE',''
  ) );
#1329 = PCURVE('',#1330,#1347);
#1330 = B_SPLINE_SURFACE_WITH_KNOTS('',3,3,(
    (#1331,#1332,#1333,#1334)
    ,(#1335,#1336,#1337,#1338)
    ,(#1339,#1340,#1341,#1342)
    ,(#1343,#1344,#1345,#1346
    )),.UNSPECIFIED.,.F.,.F.,.F.,(4,4),(4,4),(0.,1.),(0.,1.),
  .PIECEWISE_BEZIER_KNOTS.);
#1331 = CARTESIAN_POINT('',(-14.57788631355,15.115727922569,0.));
#1332 = CARTESIAN_POINT('',(-13.85309474039,14.848141808428,0.));
#1333 = CARTESIAN_POINT('',(-13.12118177821,14.52224098903,0.));
#1334 = CARTESIAN_POINT('',(-12.55018005859,13.989348416585,0.));
#1335 = CARTESIAN_POINT('',(-13.16690064941,16.477044748592,
    2.666669951599));
#1336 = CARTESIAN_POINT('',(-12.46707846538,16.141784812323,
    2.666669951599));
#1337 = CARTESIAN_POINT('',(-11.76557921238,15.747544222807,
    2.666669951599));
#1338 = CARTESIAN_POINT('',(-11.24431958439,15.16133127352,
    2.666669951599));
#1339 = CARTESIAN_POINT('',(-11.56398038085,17.6390088755,5.333330048401
    ));
#1340 = CARTESIAN_POINT('',(-10.8986756867,17.239609353618,
    5.333330048401));
#1341 = CARTESIAN_POINT('',(-10.23723143787,16.781331762987,
    5.333330048401));
#1342 = CARTESIAN_POINT('',(-9.77323245332,16.148827087897,
    5.333330048401));
#1343 = CARTESIAN_POINT('',(-9.831299683771,18.556549962961,8.));
#1344 = CARTESIAN_POINT('',(-9.208721713625,18.099032942412,8.));
#1345 = CARTESIAN_POINT('',(-8.595420107854,17.583504991042,8.));
#1346 = CARTESIAN_POINT('',(-8.193979288948,16.913532807669,8.));
#1347 = DEFINITIONAL_REPRESENTATION('',(#1348),#1352);
#1348 = LINE('',#1349,#1350);
#1349 = CARTESIAN_POINT('',(0.,0.));
#1350 = VECTOR('',#1351,1.);
#1351 = DIRECTION('',(0.,1.));
#1352 = ( GEOMETRIC_REPRESENTATION_CONTEXT(2) 
PARAMETRIC_REPRESENTATION_CONTEXT() REPRESENTATION_CONTEXT('2D SPACE',''
  ) );
#1353 = ORIENTED_EDGE('',*,*,#1354,.T.);
#1354 = EDGE_CURVE('',#1313,#1355,#1357,.T.);
#1355 = VERTEX_POINT('',#1356);
#1356 = CARTESIAN_POINT('',(-14.91840950412,14.07484130878,0.));
#1357 = SURFACE_CURVE('',#1358,(#1363,#1370),.PCURVE_S1.);
#1358 = CIRCLE('',#1359,20.51);
#1359 = AXIS2_PLACEMENT_3D('',#1360,#1361,#1362);
#1360 = CARTESIAN_POINT('',(0.,0.,0.));
#1361 = DIRECTION('',(0.,0.,1.));
#1362 = DIRECTION('',(1.,0.,-0.));
#1363 = PCURVE('',#57,#1364);
#1364 = DEFINITIONAL_REPRESENTATION('',(#1365),#1369);
#1365 = CIRCLE('',#1366,20.51);
#1366 = AXIS2_PLACEMENT_2D('',#1367,#1368);
#1367 = CARTESIAN_POINT('',(6.017486224637E-16,-2.462096471272E-15));
#1368 = DIRECTION('',(1.,0.));
#1369 = ( GEOMETRIC_REPRESENTATION_CONTEXT(2) 
PARAMETRIC_REPRESENTATION_CONTEXT() REPRESENTATION_CONTEXT('2D SPACE',''
  ) );
#1370 = PCURVE('',#1371,#1376);
#1371 = CONICAL_SURFACE('',#1372,20.5,0.785398163397);
#1372 = AXIS2_PLACEMENT_3D('',#1373,#1374,#1375);
#1373 = CARTESIAN_POINT('',(0.,0.,-1.E-02));
#1374 = DIRECTION('',(0.,0.,1.));
#1375 = DIRECTION('',(1.,0.,-0.));
#1376 = DEFINITIONAL_REPRESENTATION('',(#1377),#1381);
#1377 = LINE('',#1378,#1379);
#1378 = CARTESIAN_POINT('',(0.,1.E-02));
#1379 = VECTOR('',#1380,1.);
#1380 = DIRECTION('',(1.,0.));
#1381 = ( GEOMETRIC_REPRESENTATION_CONTEXT(2) 
PARAMETRIC_REPRESENTATION_CONTEXT() REPRESENTATION_CONTEXT('2D SPACE',''
  ) );
#1382 = ORIENTED_EDGE('',*,*,#1383,.F.);
#1383 = EDGE_CURVE('',#1384,#1355,#1386,.T.);
#1384 = VERTEX_POINT('',#1385);
#1385 = CARTESIAN_POINT('',(-13.98934841658,12.550180058597,0.));
#1386 = SURFACE_CURVE('',#1387,(#1392,#1400),.PCURVE_S1.);
#1387 = B_SPLINE_CURVE_WITH_KNOTS('',3,(#1388,#1389,#1390,#1391),
  .UNSPECIFIED.,.F.,.F.,(4,4),(0.,1.),.PIECEWISE_BEZIER_KNOTS.);
#1388 = CARTESIAN_POINT('',(-13.98934841658,12.550180058597,0.));
#1389 = CARTESIAN_POINT('',(-14.52224098903,13.121181778218,0.));
#1390 = CARTESIAN_POINT('',(-14.84814180842,13.853094740394,0.));
#1391 = CARTESIAN_POINT('',(-15.11572792256,14.577886313553,0.));
#1392 = PCURVE('',#57,#1393);
#1393 = DEFINITIONAL_REPRESENTATION('',(#1394),#1399);
#1394 = B_SPLINE_CURVE_WITH_KNOTS('',3,(#1395,#1396,#1397,#1398),
  .UNSPECIFIED.,.F.,.F.,(4,4),(0.,1.),.PIECEWISE_BEZIER_KNOTS.);
#1395 = CARTESIAN_POINT('',(-13.98934841658,12.550180058597));
#1396 = CARTESIAN_POINT('',(-14.52224098903,13.121181778218));
#1397 = CARTESIAN_POINT('',(-14.84814180842,13.853094740394));
#1398 = CARTESIAN_POINT('',(-15.11572792256,14.577886313553));
#1399 = ( GEOMETRIC_REPRESENTATION_CONTEXT(2) 
PARAMETRIC_REPRESENTATION_CONTEXT() REPRESENTATION_CONTEXT('2D SPACE',''
  ) );
#1400 = PCURVE('',#1401,#1418);
#1401 = B_SPLINE_SURFACE_WITH_KNOTS('',3,3,(
    (#1402,#1403,#1404,#1405)
    ,(#1406,#1407,#1408,#1409)
    ,(#1410,#1411,#1412,#1413)
    ,(#1414,#1415,#1416,#1417
    )),.UNSPECIFIED.,.F.,.F.,.F.,(4,4),(4,4),(0.,1.),(0.,1.),
  .PIECEWISE_BEZIER_KNOTS.);
#1402 = CARTESIAN_POINT('',(-13.98934841658,12.550180058597,0.));
#1403 = CARTESIAN_POINT('',(-14.52224098903,13.121181778218,0.));
#1404 = CARTESIAN_POINT('',(-14.84814180842,13.853094740394,0.));
#1405 = CARTESIAN_POINT('',(-15.11572792256,14.577886313553,0.));
#1406 = CARTESIAN_POINT('',(-12.81787984468,13.856501910243,
    2.666669951599));
#1407 = CARTESIAN_POINT('',(-13.29747163081,14.477266713016,
    2.666669951599));
#1408 = CARTESIAN_POINT('',(-13.55504466106,15.239620291399,
    2.666669951599));
#1409 = CARTESIAN_POINT('',(-13.75496679024,15.989407898921,
    2.666669951599));
#1410 = CARTESIAN_POINT('',(-11.46220367661,14.997285613644,
    5.333330048401));
#1411 = CARTESIAN_POINT('',(-11.88147873949,15.660283082213,
    5.333330048401));
#1412 = CARTESIAN_POINT('',(-12.0664375086,16.443428725191,
    5.333330048401));
#1413 = CARTESIAN_POINT('',(-12.19517755474,17.208658308158,
    5.333330048401));
#1414 = CARTESIAN_POINT('',(-9.974903967982,15.928282376117,8.));
#1415 = CARTESIAN_POINT('',(-10.32918593967,16.624343969734,8.));
#1416 = CARTESIAN_POINT('',(-10.44006054235,17.417826641736,8.));
#1417 = CARTESIAN_POINT('',(-10.49686142266,18.188345176879,8.));
#1418 = DEFINITIONAL_REPRESENTATION('',(#1419),#1423);
#1419 = LINE('',#1420,#1421);
#1420 = CARTESIAN_POINT('',(0.,0.));
#1421 = VECTOR('',#1422,1.);
#1422 = DIRECTION('',(0.,1.));
#1423 = ( GEOMETRIC_REPRESENTATION_CONTEXT(2) 
PARAMETRIC_REPRESENTATION_CONTEXT() REPRESENTATION_CONTEXT('2D SPACE',''
  ) );
#1424 = ORIENTED_EDGE('',*,*,#1425,.F.);
#1425 = EDGE_CURVE('',#1426,#1384,#1428,.T.);
#1426 = VERTEX_POINT('',#1427);
#1427 = CARTESIAN_POINT('',(-14.58408275205,11.853835619958,0.));
#1428 = SURFACE_CURVE('',#1429,(#1434,#1442),.PCURVE_S1.);
#1429 = B_SPLINE_CURVE_WITH_KNOTS('',3,(#1430,#1431,#1432,#1433),
  .UNSPECIFIED.,.F.,.F.,(4,4),(0.,1.),.PIECEWISE_BEZIER_KNOTS.);
#1430 = CARTESIAN_POINT('',(-14.58408275205,11.853835619958,0.));
#1431 = CARTESIAN_POINT('',(-14.34888687616,12.050663157265,0.));
#1432 = CARTESIAN_POINT('',(-14.14695993926,12.28708922372,0.));
#1433 = CARTESIAN_POINT('',(-13.98934841658,12.550180058597,0.));
#1434 = PCURVE('',#57,#1435);
#1435 = DEFINITIONAL_REPRESENTATION('',(#1436),#1441);
#1436 = B_SPLINE_CURVE_WITH_KNOTS('',3,(#1437,#1438,#1439,#1440),
  .UNSPECIFIED.,.F.,.F.,(4,4),(0.,1.),.PIECEWISE_BEZIER_KNOTS.);
#1437 = CARTESIAN_POINT('',(-14.58408275205,11.853835619958));
#1438 = CARTESIAN_POINT('',(-14.34888687616,12.050663157265));
#1439 = CARTESIAN_POINT('',(-14.14695993926,12.28708922372));
#1440 = CARTESIAN_POINT('',(-13.98934841658,12.550180058597));
#1441 = ( GEOMETRIC_REPRESENTATION_CONTEXT(2) 
PARAMETRIC_REPRESENTATION_CONTEXT() REPRESENTATION_CONTEXT('2D SPACE',''
  ) );
#1442 = PCURVE('',#1443,#1460);
#1443 = B_SPLINE_SURFACE_WITH_KNOTS('',3,3,(
    (#1444,#1445,#1446,#1447)
    ,(#1448,#1449,#1450,#1451)
    ,(#1452,#1453,#1454,#1455)
    ,(#1456,#1457,#1458,#1459
    )),.UNSPECIFIED.,.F.,.F.,.F.,(4,4),(4,4),(0.,1.),(0.,1.),
  .PIECEWISE_BEZIER_KNOTS.);
#1444 = CARTESIAN_POINT('',(-14.58408275205,11.853835619958,0.));
#1445 = CARTESIAN_POINT('',(-14.34888687616,12.050663157265,0.));
#1446 = CARTESIAN_POINT('',(-14.14695993926,12.28708922372,0.));
#1447 = CARTESIAN_POINT('',(-13.98934841658,12.550180058597,0.));
#1448 = CARTESIAN_POINT('',(-13.47763822201,13.215670888822,
    2.666669690328));
#1449 = CARTESIAN_POINT('',(-13.22406156405,13.39054339289,
    2.666669690328));
#1450 = CARTESIAN_POINT('',(-13.00005740925,13.608121250297,
    2.666669690328));
#1451 = CARTESIAN_POINT('',(-12.81787997385,13.856501797394,
    2.666669690328));
#1452 = CARTESIAN_POINT('',(-12.17914074274,14.421137952798,
    5.333330309672));
#1453 = CARTESIAN_POINT('',(-11.91028482825,14.571464302412,
    5.333330309672));
#1454 = CARTESIAN_POINT('',(-11.66686701295,14.767080642721,
    5.333330309672));
#1455 = CARTESIAN_POINT('',(-11.46220354335,14.997285721626,
    5.333330309672));
#1456 = CARTESIAN_POINT('',(-10.73895726348,15.423478385791,8.));
#1457 = CARTESIAN_POINT('',(-10.45851627957,15.547619571647,8.));
#1458 = CARTESIAN_POINT('',(-10.19910139063,15.719012944152,8.));
#1459 = CARTESIAN_POINT('',(-9.974903967982,15.928282376117,8.));
#1460 = DEFINITIONAL_REPRESENTATION('',(#1461),#1465);
#1461 = LINE('',#1462,#1463);
#1462 = CARTESIAN_POINT('',(0.,0.));
#1463 = VECTOR('',#1464,1.);
#1464 = DIRECTION('',(0.,1.));
#1465 = ( GEOMETRIC_REPRESENTATION_CONTEXT(2) 
PARAMETRIC_REPRESENTATION_CONTEXT() REPRESENTATION_CONTEXT('2D SPACE',''
  ) );
#1466 = ORIENTED_EDGE('',*,*,#1467,.F.);
#1467 = EDGE_CURVE('',#1468,#1426,#1470,.T.);
#1468 = VERTEX_POINT('',#1469);
#1469 = CARTESIAN_POINT('',(-16.23531006643,12.53294885678,0.));
#1470 = SURFACE_CURVE('',#1471,(#1476,#1484),.PCURVE_S1.);
#1471 = B_SPLINE_CURVE_WITH_KNOTS('',3,(#1472,#1473,#1474,#1475),
  .UNSPECIFIED.,.F.,.F.,(4,4),(0.,1.),.PIECEWISE_BEZIER_KNOTS.);
#1472 = CARTESIAN_POINT('',(-16.76302915367,12.649144381851,0.));
#1473 = CARTESIAN_POINT('',(-16.00530127689,12.498235078823,0.));
#1474 = CARTESIAN_POINT('',(-15.23141725748,12.290843052006,0.));
#1475 = CARTESIAN_POINT('',(-14.58408275205,11.853835619958,0.));
#1476 = PCURVE('',#57,#1477);
#1477 = DEFINITIONAL_REPRESENTATION('',(#1478),#1483);
#1478 = B_SPLINE_CURVE_WITH_KNOTS('',3,(#1479,#1480,#1481,#1482),
  .UNSPECIFIED.,.F.,.F.,(4,4),(0.,1.),.PIECEWISE_BEZIER_KNOTS.);
#1479 = CARTESIAN_POINT('',(-16.76302915367,12.649144381851));
#1480 = CARTESIAN_POINT('',(-16.00530127689,12.498235078823));
#1481 = CARTESIAN_POINT('',(-15.23141725748,12.290843052006));
#1482 = CARTESIAN_POINT('',(-14.58408275205,11.853835619958));
#1483 = ( GEOMETRIC_REPRESENTATION_CONTEXT(2) 
PARAMETRIC_REPRESENTATION_CONTEXT() REPRESENTATION_CONTEXT('2D SPACE',''
  ) );
#1484 = PCURVE('',#1485,#1502);
#1485 = B_SPLINE_SURFACE_WITH_KNOTS('',3,3,(
    (#1486,#1487,#1488,#1489)
    ,(#1490,#1491,#1492,#1493)
    ,(#1494,#1495,#1496,#1497)
    ,(#1498,#1499,#1500,#1501
    )),.UNSPECIFIED.,.F.,.F.,.F.,(4,4),(4,4),(0.,1.),(0.,1.),
  .PIECEWISE_BEZIER_KNOTS.);
#1486 = CARTESIAN_POINT('',(-16.76302915367,12.649144381851,0.));
#1487 = CARTESIAN_POINT('',(-16.00530127689,12.498235078823,0.));
#1488 = CARTESIAN_POINT('',(-15.23141725748,12.290843052006,0.));
#1489 = CARTESIAN_POINT('',(-14.58408275205,11.853835619958,0.));
#1490 = CARTESIAN_POINT('',(-15.58237193389,14.214427926319,
    2.666669951599));
#1491 = CARTESIAN_POINT('',(-14.83871951345,13.99277190518,
    2.666669951599));
#1492 = CARTESIAN_POINT('',(-14.08418406461,13.713123731895,
    2.666669951599));
#1493 = CARTESIAN_POINT('',(-13.4776380985,13.215671007829,
    2.666669951599));
#1494 = CARTESIAN_POINT('',(-14.18095751031,15.612838321371,
    5.333330048401));
#1495 = CARTESIAN_POINT('',(-13.46136397042,15.322432654286,
    5.333330048401));
#1496 = CARTESIAN_POINT('',(-12.73637278817,14.973269898483,
    5.333330048401));
#1497 = CARTESIAN_POINT('',(-12.17914087059,14.421137838453,
    5.333330048401));
#1498 = CARTESIAN_POINT('',(-12.613144037,16.790133933407,8.));
#1499 = CARTESIAN_POINT('',(-11.92665960442,16.435642358293,8.));
#1500 = CARTESIAN_POINT('',(-11.24026241985,16.022402920081,8.));
#1501 = CARTESIAN_POINT('',(-10.73895726348,15.423478385791,8.));
#1502 = DEFINITIONAL_REPRESENTATION('',(#1503),#1507);
#1503 = LINE('',#1504,#1505);
#1504 = CARTESIAN_POINT('',(0.,0.));
#1505 = VECTOR('',#1506,1.);
#1506 = DIRECTION('',(0.,1.));
#1507 = ( GEOMETRIC_REPRESENTATION_CONTEXT(2) 
PARAMETRIC_REPRESENTATION_CONTEXT() REPRESENTATION_CONTEXT('2D SPACE',''
  ) );
#1508 = ORIENTED_EDGE('',*,*,#1509,.T.);
#1509 = EDGE_CURVE('',#1468,#1510,#1512,.T.);
#1510 = VERTEX_POINT('',#1511);
#1511 = CARTESIAN_POINT('',(-16.93652939811,11.56780324638,0.));
#1512 = SURFACE_CURVE('',#1513,(#1518,#1525),.PCURVE_S1.);
#1513 = CIRCLE('',#1514,20.51);
#1514 = AXIS2_PLACEMENT_3D('',#1515,#1516,#1517);
#1515 = CARTESIAN_POINT('',(0.,0.,0.));
#1516 = DIRECTION('',(0.,0.,1.));
#1517 = DIRECTION('',(1.,0.,-0.));
#1518 = PCURVE('',#57,#1519);
#1519 = DEFINITIONAL_REPRESENTATION('',(#1520),#1524);
#1520 = CIRCLE('',#1521,20.51);
#1521 = AXIS2_PLACEMENT_2D('',#1522,#1523);
#1522 = CARTESIAN_POINT('',(6.017486224637E-16,-2.462096471272E-15));
#1523 = DIRECTION('',(1.,0.));
#1524 = ( GEOMETRIC_REPRESENTATION_CONTEXT(2) 
PARAMETRIC_REPRESENTATION_CONTEXT() REPRESENTATION_CONTEXT('2D SPACE',''
  ) );
#1525 = PCURVE('',#1526,#1531);
#1526 = CONICAL_SURFACE('',#1527,20.5,0.785398163397);
#1527 = AXIS2_PLACEMENT_3D('',#1528,#1529,#1530);
#1528 = CARTESIAN_POINT('',(0.,0.,-1.E-02));
#1529 = DIRECTION('',(0.,0.,1.));
#1530 = DIRECTION('',(1.,0.,-0.));
#1531 = DEFINITIONAL_REPRESENTATION('',(#1532),#1536);
#1532 = LINE('',#1533,#1534);
#1533 = CARTESIAN_POINT('',(0.,1.E-02));
#1534 = VECTOR('',#1535,1.);
#1535 = DIRECTION('',(1.,0.));
#1536 = ( GEOMETRIC_REPRESENTATION_CONTEXT(2) 
PARAMETRIC_REPRESENTATION_CONTEXT() REPRESENTATION_CONTEXT('2D SPACE',''
  ) );
#1537 = ORIENTED_EDGE('',*,*,#1538,.F.);
#1538 = EDGE_CURVE('',#1539,#1510,#1541,.T.);
#1539 = VERTEX_POINT('',#1540);
#1540 = CARTESIAN_POINT('',(-15.7803970272,10.207250280436,0.));
#1541 = SURFACE_CURVE('',#1542,(#1547,#1555),.PCURVE_S1.);
#1542 = B_SPLINE_CURVE_WITH_KNOTS('',3,(#1543,#1544,#1545,#1546),
  .UNSPECIFIED.,.F.,.F.,(4,4),(0.,1.),.PIECEWISE_BEZIER_KNOTS.);
#1543 = CARTESIAN_POINT('',(-15.7803970272,10.207250280436,0.));
#1544 = CARTESIAN_POINT('',(-16.39605315634,10.687859256872,0.));
#1545 = CARTESIAN_POINT('',(-16.83243800855,11.359779035604,0.));
#1546 = CARTESIAN_POINT('',(-17.2101120756,12.033787531157,0.));
#1547 = PCURVE('',#57,#1548);
#1548 = DEFINITIONAL_REPRESENTATION('',(#1549),#1554);
#1549 = B_SPLINE_CURVE_WITH_KNOTS('',3,(#1550,#1551,#1552,#1553),
  .UNSPECIFIED.,.F.,.F.,(4,4),(0.,1.),.PIECEWISE_BEZIER_KNOTS.);
#1550 = CARTESIAN_POINT('',(-15.7803970272,10.207250280436));
#1551 = CARTESIAN_POINT('',(-16.39605315634,10.687859256872));
#1552 = CARTESIAN_POINT('',(-16.83243800855,11.359779035604));
#1553 = CARTESIAN_POINT('',(-17.2101120756,12.033787531157));
#1554 = ( GEOMETRIC_REPRESENTATION_CONTEXT(2) 
PARAMETRIC_REPRESENTATION_CONTEXT() REPRESENTATION_CONTEXT('2D SPACE',''
  ) );
#1555 = PCURVE('',#1556,#1573);
#1556 = B_SPLINE_SURFACE_WITH_KNOTS('',3,3,(
    (#1557,#1558,#1559,#1560)
    ,(#1561,#1562,#1563,#1564)
    ,(#1565,#1566,#1567,#1568)
    ,(#1569,#1570,#1571,#1572
    )),.UNSPECIFIED.,.F.,.F.,.F.,(4,4),(4,4),(0.,1.),(0.,1.),
  .PIECEWISE_BEZIER_KNOTS.);
#1557 = CARTESIAN_POINT('',(-15.7803970272,10.207250280436,0.));
#1558 = CARTESIAN_POINT('',(-16.39605315634,10.687859256872,0.));
#1559 = CARTESIAN_POINT('',(-16.83243800855,11.359779035604,0.));
#1560 = CARTESIAN_POINT('',(-17.2101120756,12.033787531157,0.));
#1561 = CARTESIAN_POINT('',(-14.8277049374,11.680747201728,
    2.666669951599));
#1562 = CARTESIAN_POINT('',(-15.39850116264,12.218844675177,
    2.666669951599));
#1563 = CARTESIAN_POINT('',(-15.77216141567,12.931519116762,
    2.666669951599));
#1564 = CARTESIAN_POINT('',(-16.08691479497,13.640800883306,
    2.666669951599));
#1565 = CARTESIAN_POINT('',(-13.66717728094,13.019560440838,
    5.333330048401));
#1566 = CARTESIAN_POINT('',(-14.18500602637,13.608806240222,
    5.333330048401));
#1567 = CARTESIAN_POINT('',(-14.49019861581,14.353376134679,
    5.333330048401));
#1568 = CARTESIAN_POINT('',(-14.7370619388,15.089045091406,
    5.333330048401));
#1569 = CARTESIAN_POINT('',(-12.34382868025,14.171760022539,8.));
#1570 = CARTESIAN_POINT('',(-12.80263687601,14.803830032175,8.));
#1571 = CARTESIAN_POINT('',(-13.03627446565,15.57019900662,8.));
#1572 = CARTESIAN_POINT('',(-13.21291168772,16.322345564667,8.));
#1573 = DEFINITIONAL_REPRESENTATION('',(#1574),#1578);
#1574 = LINE('',#1575,#1576);
#1575 = CARTESIAN_POINT('',(0.,0.));
#1576 = VECTOR('',#1577,1.);
#1577 = DIRECTION('',(0.,1.));
#1578 = ( GEOMETRIC_REPRESENTATION_CONTEXT(2) 
PARAMETRIC_REPRESENTATION_CONTEXT() REPRESENTATION_CONTEXT('2D SPACE',''
  ) );
#1579 = ORIENTED_EDGE('',*,*,#1580,.F.);
#1580 = EDGE_CURVE('',#1581,#1539,#1583,.T.);
#1581 = VERTEX_POINT('',#1582);
#1582 = CARTESIAN_POINT('',(-16.25887692636,9.426442049744,0.));
#1583 = SURFACE_CURVE('',#1584,(#1589,#1597),.PCURVE_S1.);
#1584 = B_SPLINE_CURVE_WITH_KNOTS('',3,(#1585,#1586,#1587,#1588),
  .UNSPECIFIED.,.F.,.F.,(4,4),(0.,1.),.PIECEWISE_BEZIER_KNOTS.);
#1585 = CARTESIAN_POINT('',(-16.25887692636,9.426442049744,0.));
#1586 = CARTESIAN_POINT('',(-16.05736731249,9.657639054474,0.));
#1587 = CARTESIAN_POINT('',(-15.89491161649,9.922742656076,0.));
#1588 = CARTESIAN_POINT('',(-15.7803970272,10.207250280436,0.));
#1589 = PCURVE('',#57,#1590);
#1590 = DEFINITIONAL_REPRESENTATION('',(#1591),#1596);
#1591 = B_SPLINE_CURVE_WITH_KNOTS('',3,(#1592,#1593,#1594,#1595),
  .UNSPECIFIED.,.F.,.F.,(4,4),(0.,1.),.PIECEWISE_BEZIER_KNOTS.);
#1592 = CARTESIAN_POINT('',(-16.25887692636,9.426442049744));
#1593 = CARTESIAN_POINT('',(-16.05736731249,9.657639054474));
#1594 = CARTESIAN_POINT('',(-15.89491161649,9.922742656076));
#1595 = CARTESIAN_POINT('',(-15.7803970272,10.207250280436));
#1596 = ( GEOMETRIC_REPRESENTATION_CONTEXT(2) 
PARAMETRIC_REPRESENTATION_CONTEXT() REPRESENTATION_CONTEXT('2D SPACE',''
  ) );
#1597 = PCURVE('',#1598,#1615);
#1598 = B_SPLINE_SURFACE_WITH_KNOTS('',3,3,(
    (#1599,#1600,#1601,#1602)
    ,(#1603,#1604,#1605,#1606)
    ,(#1607,#1608,#1609,#1610)
    ,(#1611,#1612,#1613,#1614
    )),.UNSPECIFIED.,.F.,.F.,.F.,(4,4),(4,4),(0.,1.),(0.,1.),
  .PIECEWISE_BEZIER_KNOTS.);
#1599 = CARTESIAN_POINT('',(-16.25887692636,9.426442049744,0.));
#1600 = CARTESIAN_POINT('',(-16.05736731249,9.657639054474,0.));
#1601 = CARTESIAN_POINT('',(-15.89491161649,9.922742656076,0.));
#1602 = CARTESIAN_POINT('',(-15.7803970272,10.207250280436,0.));
#1603 = CARTESIAN_POINT('',(-15.37909253628,10.944596924765,
    2.666669690328));
#1604 = CARTESIAN_POINT('',(-15.15599391439,11.156984586959,
    2.666669690328));
#1605 = CARTESIAN_POINT('',(-14.96878429818,11.406925670014,
    2.666669690328));
#1606 = CARTESIAN_POINT('',(-14.82770504732,11.680747070062,
    2.666669690328));
#1607 = CARTESIAN_POINT('',(-14.28515831099,12.338352447351,
    5.333330309672));
#1608 = CARTESIAN_POINT('',(-14.04312868103,12.528886361306,
    5.333330309672));
#1609 = CARTESIAN_POINT('',(-13.83330888052,12.760173275576,
    5.333330309672));
#1610 = CARTESIAN_POINT('',(-13.66717716621,13.019560568337,
    5.333330309672));
#1611 = CARTESIAN_POINT('',(-13.01950646962,13.553646738464,8.));
#1612 = CARTESIAN_POINT('',(-12.7619381396,13.720130175614,8.));
#1613 = CARTESIAN_POINT('',(-12.53252890895,13.929994840669,8.));
#1614 = CARTESIAN_POINT('',(-12.34382868025,14.171760022539,8.));
#1615 = DEFINITIONAL_REPRESENTATION('',(#1616),#1620);
#1616 = LINE('',#1617,#1618);
#1617 = CARTESIAN_POINT('',(0.,0.));
#1618 = VECTOR('',#1619,1.);
#1619 = DIRECTION('',(0.,1.));
#1620 = ( GEOMETRIC_REPRESENTATION_CONTEXT(2) 
PARAMETRIC_REPRESENTATION_CONTEXT() REPRESENTATION_CONTEXT('2D SPACE',''
  ) );
#1621 = ORIENTED_EDGE('',*,*,#1622,.F.);
#1622 = EDGE_CURVE('',#1623,#1581,#1625,.T.);
#1623 = VERTEX_POINT('',#1624);
#1624 = CARTESIAN_POINT('',(-17.99601160835,9.838885414111,0.));
#1625 = SURFACE_CURVE('',#1626,(#1631,#1639),.PCURVE_S1.);
#1626 = B_SPLINE_CURVE_WITH_KNOTS('',3,(#1627,#1628,#1629,#1630),
  .UNSPECIFIED.,.F.,.F.,(4,4),(0.,1.),.PIECEWISE_BEZIER_KNOTS.);
#1627 = CARTESIAN_POINT('',(-18.53541058273,9.87109692635,0.));
#1628 = CARTESIAN_POINT('',(-17.76340417739,9.840580322312,0.));
#1629 = CARTESIAN_POINT('',(-16.96660469368,9.756803768073,0.));
#1630 = CARTESIAN_POINT('',(-16.25887692636,9.426442049744,0.));
#1631 = PCURVE('',#57,#1632);
#1632 = DEFINITIONAL_REPRESENTATION('',(#1633),#1638);
#1633 = B_SPLINE_CURVE_WITH_KNOTS('',3,(#1634,#1635,#1636,#1637),
  .UNSPECIFIED.,.F.,.F.,(4,4),(0.,1.),.PIECEWISE_BEZIER_KNOTS.);
#1634 = CARTESIAN_POINT('',(-18.53541058273,9.87109692635));
#1635 = CARTESIAN_POINT('',(-17.76340417739,9.840580322312));
#1636 = CARTESIAN_POINT('',(-16.96660469368,9.756803768073));
#1637 = CARTESIAN_POINT('',(-16.25887692636,9.426442049744));
#1638 = ( GEOMETRIC_REPRESENTATION_CONTEXT(2) 
PARAMETRIC_REPRESENTATION_CONTEXT() REPRESENTATION_CONTEXT('2D SPACE',''
  ) );
#1639 = PCURVE('',#1640,#1657);
#1640 = B_SPLINE_SURFACE_WITH_KNOTS('',3,3,(
    (#1641,#1642,#1643,#1644)
    ,(#1645,#1646,#1647,#1648)
    ,(#1649,#1650,#1651,#1652)
    ,(#1653,#1654,#1655,#1656
    )),.UNSPECIFIED.,.F.,.F.,.F.,(4,4),(4,4),(0.,1.),(0.,1.),
  .PIECEWISE_BEZIER_KNOTS.);
#1641 = CARTESIAN_POINT('',(-18.53541058273,9.87109692635,0.));
#1642 = CARTESIAN_POINT('',(-17.76340417739,9.840580322312,0.));
#1643 = CARTESIAN_POINT('',(-16.96660469368,9.756803768073,0.));
#1644 = CARTESIAN_POINT('',(-16.25887692636,9.426442049744,0.));
#1645 = CARTESIAN_POINT('',(-17.61415350642,11.601804713519,
    2.666669951599));
#1646 = CARTESIAN_POINT('',(-16.84498204021,11.499210514384,
    2.666669951599));
#1647 = CARTESIAN_POINT('',(-16.05598956244,11.341040623456,
    2.666669951599));
#1648 = CARTESIAN_POINT('',(-15.37909243291,10.944597061629,
    2.666669951599));
#1649 = CARTESIAN_POINT('',(-16.44875240197,13.20222787173,
    5.333330048401));
#1650 = CARTESIAN_POINT('',(-15.69258879748,13.027966810768,
    5.333330048401));
#1651 = CARTESIAN_POINT('',(-14.92190237082,12.796516435645,
    5.333330048401));
#1652 = CARTESIAN_POINT('',(-14.28515841938,12.338352314415,
    5.333330048401));
#1653 = CARTESIAN_POINT('',(-15.08441092342,14.610289083153,8.));
#1654 = CARTESIAN_POINT('',(-14.35092355344,14.367551712542,8.));
#1655 = CARTESIAN_POINT('',(-13.60833216677,14.06677611392,8.));
#1656 = CARTESIAN_POINT('',(-13.01950646962,13.553646738464,8.));
#1657 = DEFINITIONAL_REPRESENTATION('',(#1658),#1662);
#1658 = LINE('',#1659,#1660);
#1659 = CARTESIAN_POINT('',(0.,0.));
#1660 = VECTOR('',#1661,1.);
#1661 = DIRECTION('',(0.,1.));
#1662 = ( GEOMETRIC_REPRESENTATION_CONTEXT(2) 
PARAMETRIC_REPRESENTATION_CONTEXT() REPRESENTATION_CONTEXT('2D SPACE',''
  ) );
#1663 = ORIENTED_EDGE('',*,*,#1664,.T.);
#1664 = EDGE_CURVE('',#1623,#1665,#1667,.T.);
#1665 = VERTEX_POINT('',#1666);
#1666 = CARTESIAN_POINT('',(-18.53761572919,8.775927476717,0.));
#1667 = SURFACE_CURVE('',#1668,(#1673,#1680),.PCURVE_S1.);
#1668 = CIRCLE('',#1669,20.51);
#1669 = AXIS2_PLACEMENT_3D('',#1670,#1671,#1672);
#1670 = CARTESIAN_POINT('',(0.,0.,0.));
#1671 = DIRECTION('',(0.,0.,1.));
#1672 = DIRECTION('',(1.,0.,-0.));
#1673 = PCURVE('',#57,#1674);
#1674 = DEFINITIONAL_REPRESENTATION('',(#1675),#1679);
#1675 = CIRCLE('',#1676,20.51);
#1676 = AXIS2_PLACEMENT_2D('',#1677,#1678);
#1677 = CARTESIAN_POINT('',(6.017486224637E-16,-2.462096471272E-15));
#1678 = DIRECTION('',(1.,0.));
#1679 = ( GEOMETRIC_REPRESENTATION_CONTEXT(2) 
PARAMETRIC_REPRESENTATION_CONTEXT() REPRESENTATION_CONTEXT('2D SPACE',''
  ) );
#1680 = PCURVE('',#1681,#1686);
#1681 = CONICAL_SURFACE('',#1682,20.5,0.785398163397);
#1682 = AXIS2_PLACEMENT_3D('',#1683,#1684,#1685);
#1683 = CARTESIAN_POINT('',(0.,0.,-1.E-02));
#1684 = DIRECTION('',(0.,0.,1.));
#1685 = DIRECTION('',(1.,0.,-0.));
#1686 = DEFINITIONAL_REPRESENTATION('',(#1687),#1691);
#1687 = LINE('',#1688,#1689);
#1688 = CARTESIAN_POINT('',(0.,1.E-02));
#1689 = VECTOR('',#1690,1.);
#1690 = DIRECTION('',(1.,0.));
#1691 = ( GEOMETRIC_REPRESENTATION_CONTEXT(2) 
PARAMETRIC_REPRESENTATION_CONTEXT() REPRESENTATION_CONTEXT('2D SPACE',''
  ) );
#1692 = ORIENTED_EDGE('',*,*,#1693,.F.);
#1693 = EDGE_CURVE('',#1694,#1665,#1696,.T.);
#1694 = VERTEX_POINT('',#1695);
#1695 = CARTESIAN_POINT('',(-17.18287989088,7.612984124449,0.));
#1696 = SURFACE_CURVE('',#1697,(#1702,#1710),.PCURVE_S1.);
#1697 = B_SPLINE_CURVE_WITH_KNOTS('',3,(#1698,#1699,#1700,#1701),
  .UNSPECIFIED.,.F.,.F.,(4,4),(0.,1.),.PIECEWISE_BEZIER_KNOTS.);
#1698 = CARTESIAN_POINT('',(-17.18287989088,7.612984124449,0.));
#1699 = CARTESIAN_POINT('',(-17.86614007957,7.991366169649,0.));
#1700 = CARTESIAN_POINT('',(-18.40226372124,8.586747870012,0.));
#1701 = CARTESIAN_POINT('',(-18.88072615225,9.193376961893,0.));
#1702 = PCURVE('',#57,#1703);
#1703 = DEFINITIONAL_REPRESENTATION('',(#1704),#1709);
#1704 = B_SPLINE_CURVE_WITH_KNOTS('',3,(#1705,#1706,#1707,#1708),
  .UNSPECIFIED.,.F.,.F.,(4,4),(0.,1.),.PIECEWISE_BEZIER_KNOTS.);
#1705 = CARTESIAN_POINT('',(-17.18287989088,7.612984124449));
#1706 = CARTESIAN_POINT('',(-17.86614007957,7.991366169649));
#1707 = CARTESIAN_POINT('',(-18.40226372124,8.586747870012));
#1708 = CARTESIAN_POINT('',(-18.88072615225,9.193376961893));
#1709 = ( GEOMETRIC_REPRESENTATION_CONTEXT(2) 
PARAMETRIC_REPRESENTATION_CONTEXT() REPRESENTATION_CONTEXT('2D SPACE',''
  ) );
#1710 = PCURVE('',#1711,#1728);
#1711 = B_SPLINE_SURFACE_WITH_KNOTS('',3,3,(
    (#1712,#1713,#1714,#1715)
    ,(#1716,#1717,#1718,#1719)
    ,(#1720,#1721,#1722,#1723)
    ,(#1724,#1725,#1726,#1727
    )),.UNSPECIFIED.,.F.,.F.,.F.,(4,4),(4,4),(0.,1.),(0.,1.),
  .PIECEWISE_BEZIER_KNOTS.);
#1712 = CARTESIAN_POINT('',(-17.18287989088,7.612984124449,0.));
#1713 = CARTESIAN_POINT('',(-17.86614007957,7.991366169649,0.));
#1714 = CARTESIAN_POINT('',(-18.40226372124,8.586747870012,0.));
#1715 = CARTESIAN_POINT('',(-18.88072615225,9.193376961893,0.));
#1716 = CARTESIAN_POINT('',(-16.47242272423,9.217373730928,
    2.666669951599));
#1717 = CARTESIAN_POINT('',(-17.12036849115,9.659554129416,
    2.666669951599));
#1718 = CARTESIAN_POINT('',(-17.60091521143,10.305001024219,
    2.666669951599));
#1719 = CARTESIAN_POINT('',(-18.02274956804,10.956312078723,
    2.666669951599));
#1720 = CARTESIAN_POINT('',(-15.53561962185,10.721250480535,
    5.333330048401));
#1721 = CARTESIAN_POINT('',(-16.13925138754,11.222235423558,
    5.333330048401));
#1722 = CARTESIAN_POINT('',(-16.5571629429,11.909895787607,
    5.333330048401));
#1723 = CARTESIAN_POINT('',(-16.91607094842,12.597889506835,
    5.333330048401));
#1724 = CARTESIAN_POINT('',(-14.40880736359,12.066281903831,8.));
#1725 = CARTESIAN_POINT('',(-14.96084440293,12.618796668128,8.));
#1726 = CARTESIAN_POINT('',(-15.31149204669,13.339181397433,8.));
#1727 = CARTESIAN_POINT('',(-15.60361621588,14.054435633893,8.));
#1728 = DEFINITIONAL_REPRESENTATION('',(#1729),#1733);
#1729 = LINE('',#1730,#1731);
#1730 = CARTESIAN_POINT('',(0.,0.));
#1731 = VECTOR('',#1732,1.);
#1732 = DIRECTION('',(0.,1.));
#1733 = ( GEOMETRIC_REPRESENTATION_CONTEXT(2) 
PARAMETRIC_REPRESENTATION_CONTEXT() REPRESENTATION_CONTEXT('2D SPACE',''
  ) );
#1734 = ORIENTED_EDGE('',*,*,#1735,.F.);
#1735 = EDGE_CURVE('',#1736,#1694,#1738,.T.);
#1736 = VERTEX_POINT('',#1737);
#1737 = CARTESIAN_POINT('',(-17.53332359062,6.766938191697,0.));
#1738 = SURFACE_CURVE('',#1739,(#1744,#1752),.PCURVE_S1.);
#1739 = B_SPLINE_CURVE_WITH_KNOTS('',3,(#1740,#1741,#1742,#1743),
  .UNSPECIFIED.,.F.,.F.,(4,4),(0.,1.),.PIECEWISE_BEZIER_KNOTS.);
#1740 = CARTESIAN_POINT('',(-17.53332359062,6.766938191697,0.));
#1741 = CARTESIAN_POINT('',(-17.37046207424,7.026811826296,0.));
#1742 = CARTESIAN_POINT('',(-17.25147781753,7.314065232544,0.));
#1743 = CARTESIAN_POINT('',(-17.18287989088,7.612984124449,0.));
#1744 = PCURVE('',#57,#1745);
#1745 = DEFINITIONAL_REPRESENTATION('',(#1746),#1751);
#1746 = B_SPLINE_CURVE_WITH_KNOTS('',3,(#1747,#1748,#1749,#1750),
  .UNSPECIFIED.,.F.,.F.,(4,4),(0.,1.),.PIECEWISE_BEZIER_KNOTS.);
#1747 = CARTESIAN_POINT('',(-17.53332359062,6.766938191697));
#1748 = CARTESIAN_POINT('',(-17.37046207424,7.026811826296));
#1749 = CARTESIAN_POINT('',(-17.25147781753,7.314065232544));
#1750 = CARTESIAN_POINT('',(-17.18287989088,7.612984124449));
#1751 = ( GEOMETRIC_REPRESENTATION_CONTEXT(2) 
PARAMETRIC_REPRESENTATION_CONTEXT() REPRESENTATION_CONTEXT('2D SPACE',''
  ) );
#1752 = PCURVE('',#1753,#1770);
#1753 = B_SPLINE_SURFACE_WITH_KNOTS('',3,3,(
    (#1754,#1755,#1756,#1757)
    ,(#1758,#1759,#1760,#1761)
    ,(#1762,#1763,#1764,#1765)
    ,(#1766,#1767,#1768,#1769
    )),.UNSPECIFIED.,.F.,.F.,.F.,(4,4),(4,4),(0.,1.),(0.,1.),
  .PIECEWISE_BEZIER_KNOTS.);
#1754 = CARTESIAN_POINT('',(-17.53332359062,6.766938191697,0.));
#1755 = CARTESIAN_POINT('',(-17.37046207424,7.026811826296,0.));
#1756 = CARTESIAN_POINT('',(-17.25147781753,7.314065232544,0.));
#1757 = CARTESIAN_POINT('',(-17.18287989088,7.612984124449,0.));
#1758 = CARTESIAN_POINT('',(-16.90186255203,8.404030661385,
    2.666669690328));
#1759 = CARTESIAN_POINT('',(-16.71473539469,8.648703792589,
    2.666669690328));
#1760 = CARTESIAN_POINT('',(-16.56893003913,8.92485372232,2.666669690328
    ));
#1761 = CARTESIAN_POINT('',(-16.4724228122,9.217373583688,2.666669690328
    ));
#1762 = CARTESIAN_POINT('',(-16.0394278719,9.951755756007,5.333330309672
    ));
#1763 = CARTESIAN_POINT('',(-15.83018409921,10.177805656994,
    5.333330309672));
#1764 = CARTESIAN_POINT('',(-15.65912877332,10.439068093799,
    5.333330309672));
#1765 = CARTESIAN_POINT('',(-15.53561952848,10.721250624412,
    5.333330309672));
#1766 = CARTESIAN_POINT('',(-14.97947221723,11.350079326462,8.));
#1767 = CARTESIAN_POINT('',(-14.75111872818,11.554805640156,8.));
#1768 = CARTESIAN_POINT('',(-14.55736397245,11.797974033205,8.));
#1769 = CARTESIAN_POINT('',(-14.40880736359,12.066281903831,8.));
#1770 = DEFINITIONAL_REPRESENTATION('',(#1771),#1775);
#1771 = LINE('',#1772,#1773);
#1772 = CARTESIAN_POINT('',(0.,0.));
#1773 = VECTOR('',#1774,1.);
#1774 = DIRECTION('',(0.,1.));
#1775 = ( GEOMETRIC_REPRESENTATION_CONTEXT(2) 
PARAMETRIC_REPRESENTATION_CONTEXT() REPRESENTATION_CONTEXT('2D SPACE',''
  ) );
#1776 = ORIENTED_EDGE('',*,*,#1777,.F.);
#1777 = EDGE_CURVE('',#1778,#1736,#1780,.T.);
#1778 = VERTEX_POINT('',#1779);
#1779 = CARTESIAN_POINT('',(-19.31359161913,6.902555959159,0.));
#1780 = SURFACE_CURVE('',#1781,(#1786,#1794),.PCURVE_S1.);
#1781 = B_SPLINE_CURVE_WITH_KNOTS('',3,(#1782,#1783,#1784,#1785),
  .UNSPECIFIED.,.F.,.F.,(4,4),(0.,1.),.PIECEWISE_BEZIER_KNOTS.);
#1782 = CARTESIAN_POINT('',(-19.85138868774,6.849990304229,0.));
#1783 = CARTESIAN_POINT('',(-19.0841131137,6.940617819253,0.));
#1784 = CARTESIAN_POINT('',(-18.2840180134,6.982519594395,0.));
#1785 = CARTESIAN_POINT('',(-17.53332359062,6.766938191697,0.));
#1786 = PCURVE('',#57,#1787);
#1787 = DEFINITIONAL_REPRESENTATION('',(#1788),#1793);
#1788 = B_SPLINE_CURVE_WITH_KNOTS('',3,(#1789,#1790,#1791,#1792),
  .UNSPECIFIED.,.F.,.F.,(4,4),(0.,1.),.PIECEWISE_BEZIER_KNOTS.);
#1789 = CARTESIAN_POINT('',(-19.85138868774,6.849990304229));
#1790 = CARTESIAN_POINT('',(-19.0841131137,6.940617819253));
#1791 = CARTESIAN_POINT('',(-18.2840180134,6.982519594395));
#1792 = CARTESIAN_POINT('',(-17.53332359062,6.766938191697));
#1793 = ( GEOMETRIC_REPRESENTATION_CONTEXT(2) 
PARAMETRIC_REPRESENTATION_CONTEXT() REPRESENTATION_CONTEXT('2D SPACE',''
  ) );
#1794 = PCURVE('',#1795,#1812);
#1795 = B_SPLINE_SURFACE_WITH_KNOTS('',3,3,(
    (#1796,#1797,#1798,#1799)
    ,(#1800,#1801,#1802,#1803)
    ,(#1804,#1805,#1806,#1807)
    ,(#1808,#1809,#1810,#1811
    )),.UNSPECIFIED.,.F.,.F.,.F.,(4,4),(4,4),(0.,1.),(0.,1.),
  .PIECEWISE_BEZIER_KNOTS.);
#1796 = CARTESIAN_POINT('',(-19.85138868774,6.849990304229,0.));
#1797 = CARTESIAN_POINT('',(-19.0841131137,6.940617819253,0.));
#1798 = CARTESIAN_POINT('',(-18.2840180134,6.982519594395,0.));
#1799 = CARTESIAN_POINT('',(-17.53332359062,6.766938191697,0.));
#1800 = CARTESIAN_POINT('',(-19.21221616161,8.70350656449,2.666669951599
    ));
#1801 = CARTESIAN_POINT('',(-18.43646520386,8.722500397032,
    2.666669951599));
#1802 = CARTESIAN_POINT('',(-17.63244331047,8.689703456111,
    2.666669951599));
#1803 = CARTESIAN_POINT('',(-16.90186247133,8.404030812736,
    2.666669951599));
#1804 = CARTESIAN_POINT('',(-18.31152441922,10.466534756205,
    5.333330048401));
#1805 = CARTESIAN_POINT('',(-17.53741000763,10.412709187025,
    5.333330048401));
#1806 = CARTESIAN_POINT('',(-16.74000519415,10.304670268959,
    5.333330048401));
#1807 = CARTESIAN_POINT('',(-16.03942795815,9.951755607752,
    5.333330048401));
#1808 = CARTESIAN_POINT('',(-17.18424955061,12.070690426901,8.));
#1809 = CARTESIAN_POINT('',(-16.4218201366,11.945684260459,8.));
#1810 = CARTESIAN_POINT('',(-15.64131961229,11.764778594881,8.));
#1811 = CARTESIAN_POINT('',(-14.97947221723,11.350079326462,8.));
#1812 = DEFINITIONAL_REPRESENTATION('',(#1813),#1817);
#1813 = LINE('',#1814,#1815);
#1814 = CARTESIAN_POINT('',(0.,0.));
#1815 = VECTOR('',#1816,1.);
#1816 = DIRECTION('',(0.,1.));
#1817 = ( GEOMETRIC_REPRESENTATION_CONTEXT(2) 
PARAMETRIC_REPRESENTATION_CONTEXT() REPRESENTATION_CONTEXT('2D SPACE',''
  ) );
#1818 = ORIENTED_EDGE('',*,*,#1819,.T.);
#1819 = EDGE_CURVE('',#1778,#1820,#1822,.T.);
#1820 = VERTEX_POINT('',#1821);
#1821 = CARTESIAN_POINT('',(-19.68224443821,5.767959246943,0.));
#1822 = SURFACE_CURVE('',#1823,(#1828,#1835),.PCURVE_S1.);
#1823 = CIRCLE('',#1824,20.51);
#1824 = AXIS2_PLACEMENT_3D('',#1825,#1826,#1827);
#1825 = CARTESIAN_POINT('',(0.,0.,0.));
#1826 = DIRECTION('',(0.,0.,1.));
#1827 = DIRECTION('',(1.,0.,-0.));
#1828 = PCURVE('',#57,#1829);
#1829 = DEFINITIONAL_REPRESENTATION('',(#1830),#1834);
#1830 = CIRCLE('',#1831,20.51);
#1831 = AXIS2_PLACEMENT_2D('',#1832,#1833);
#1832 = CARTESIAN_POINT('',(6.017486224637E-16,-2.462096471272E-15));
#1833 = DIRECTION('',(1.,0.));
#1834 = ( GEOMETRIC_REPRESENTATION_CONTEXT(2) 
PARAMETRIC_REPRESENTATION_CONTEXT() REPRESENTATION_CONTEXT('2D SPACE',''
  ) );
#1835 = PCURVE('',#1836,#1841);
#1836 = CONICAL_SURFACE('',#1837,20.5,0.785398163397);
#1837 = AXIS2_PLACEMENT_3D('',#1838,#1839,#1840);
#1838 = CARTESIAN_POINT('',(0.,0.,-1.E-02));
#1839 = DIRECTION('',(0.,0.,1.));
#1840 = DIRECTION('',(1.,0.,-0.));
#1841 = DEFINITIONAL_REPRESENTATION('',(#1842),#1846);
#1842 = LINE('',#1843,#1844);
#1843 = CARTESIAN_POINT('',(0.,1.E-02));
#1844 = VECTOR('',#1845,1.);
#1845 = DIRECTION('',(1.,0.));
#1846 = ( GEOMETRIC_REPRESENTATION_CONTEXT(2) 
PARAMETRIC_REPRESENTATION_CONTEXT() REPRESENTATION_CONTEXT('2D SPACE',''
  ) );
#1847 = ORIENTED_EDGE('',*,*,#1848,.F.);
#1848 = EDGE_CURVE('',#1849,#1820,#1851,.T.);
#1849 = VERTEX_POINT('',#1850);
#1850 = CARTESIAN_POINT('',(-18.16226322494,4.831261033273,0.));
#1851 = SURFACE_CURVE('',#1852,(#1857,#1865),.PCURVE_S1.);
#1852 = B_SPLINE_CURVE_WITH_KNOTS('',3,(#1853,#1854,#1855,#1856),
  .UNSPECIFIED.,.F.,.F.,(4,4),(0.,1.),.PIECEWISE_BEZIER_KNOTS.);
#1853 = CARTESIAN_POINT('',(-18.16226322494,4.831261033273,0.));
#1854 = CARTESIAN_POINT('',(-18.89630333972,5.098099125506,0.));
#1855 = CARTESIAN_POINT('',(-19.51896462751,5.602282474078,0.));
#1856 = CARTESIAN_POINT('',(-20.0864340895,6.126594940758,0.));
#1857 = PCURVE('',#57,#1858);
#1858 = DEFINITIONAL_REPRESENTATION('',(#1859),#1864);
#1859 = B_SPLINE_CURVE_WITH_KNOTS('',3,(#1860,#1861,#1862,#1863),
  .UNSPECIFIED.,.F.,.F.,(4,4),(0.,1.),.PIECEWISE_BEZIER_KNOTS.);
#1860 = CARTESIAN_POINT('',(-18.16226322494,4.831261033273));
#1861 = CARTESIAN_POINT('',(-18.89630333972,5.098099125506));
#1862 = CARTESIAN_POINT('',(-19.51896462751,5.602282474078));
#1863 = CARTESIAN_POINT('',(-20.0864340895,6.126594940758));
#1864 = ( GEOMETRIC_REPRESENTATION_CONTEXT(2) 
PARAMETRIC_REPRESENTATION_CONTEXT() REPRESENTATION_CONTEXT('2D SPACE',''
  ) );
#1865 = PCURVE('',#1866,#1883);
#1866 = B_SPLINE_SURFACE_WITH_KNOTS('',3,3,(
    (#1867,#1868,#1869,#1870)
    ,(#1871,#1872,#1873,#1874)
    ,(#1875,#1876,#1877,#1878)
    ,(#1879,#1880,#1881,#1882
    )),.UNSPECIFIED.,.F.,.F.,.F.,(4,4),(4,4),(0.,1.),(0.,1.),
  .PIECEWISE_BEZIER_KNOTS.);
#1867 = CARTESIAN_POINT('',(-18.16226322494,4.831261033273,0.));
#1868 = CARTESIAN_POINT('',(-18.89630333972,5.098099125506,0.));
#1869 = CARTESIAN_POINT('',(-19.51896462751,5.602282474078,0.));
#1870 = CARTESIAN_POINT('',(-20.0864340895,6.126594940758,0.));
#1871 = CARTESIAN_POINT('',(-17.71153479475,6.527037928164,
    2.666669951599));
#1872 = CARTESIAN_POINT('',(-18.42067552817,6.862413302766,
    2.666669951599));
#1873 = CARTESIAN_POINT('',(-18.9962760606,7.424739606122,2.666669951599
    ));
#1874 = CARTESIAN_POINT('',(-19.51480443266,8.002042508845,
    2.666669951599));
#1875 = CARTESIAN_POINT('',(-17.02152344791,8.158947751611,
    5.333330048401));
#1876 = CARTESIAN_POINT('',(-17.69609481645,8.559335926301,
    5.333330048401));
#1877 = CARTESIAN_POINT('',(-18.21643496825,9.173154279567,
    5.333330048401));
#1878 = CARTESIAN_POINT('',(-18.67855015008,9.796532072606,
    5.333330048401));
#1879 = CARTESIAN_POINT('',(-16.11899338955,9.663691878957,8.));
#1880 = CARTESIAN_POINT('',(-16.75066628847,10.123046650727,8.));
#1881 = CARTESIAN_POINT('',(-17.20968987761,10.779708872036,8.));
#1882 = CARTESIAN_POINT('',(-17.61010792738,11.440458853816,8.));
#1883 = DEFINITIONAL_REPRESENTATION('',(#1884),#1888);
#1884 = LINE('',#1885,#1886);
#1885 = CARTESIAN_POINT('',(0.,0.));
#1886 = VECTOR('',#1887,1.);
#1887 = DIRECTION('',(0.,1.));
#1888 = ( GEOMETRIC_REPRESENTATION_CONTEXT(2) 
PARAMETRIC_REPRESENTATION_CONTEXT() REPRESENTATION_CONTEXT('2D SPACE',''
  ) );
#1889 = ORIENTED_EDGE('',*,*,#1890,.F.);
#1890 = EDGE_CURVE('',#1891,#1849,#1893,.T.);
#1891 = VERTEX_POINT('',#1892);
#1892 = CARTESIAN_POINT('',(-18.37604163832,3.940809857191,0.));
#1893 = SURFACE_CURVE('',#1894,(#1899,#1907),.PCURVE_S1.);
#1894 = B_SPLINE_CURVE_WITH_KNOTS('',3,(#1895,#1896,#1897,#1898),
  .UNSPECIFIED.,.F.,.F.,(4,4),(0.,1.),.PIECEWISE_BEZIER_KNOTS.);
#1895 = CARTESIAN_POINT('',(-18.37604163832,3.940809857191,0.));
#1896 = CARTESIAN_POINT('',(-18.25583841046,4.222961170303,0.));
#1897 = CARTESIAN_POINT('',(-18.18325538033,4.525291248996,0.));
#1898 = CARTESIAN_POINT('',(-18.16226322494,4.831261033273,0.));
#1899 = PCURVE('',#57,#1900);
#1900 = DEFINITIONAL_REPRESENTATION('',(#1901),#1906);
#1901 = B_SPLINE_CURVE_WITH_KNOTS('',3,(#1902,#1903,#1904,#1905),
  .UNSPECIFIED.,.F.,.F.,(4,4),(0.,1.),.PIECEWISE_BEZIER_KNOTS.);
#1902 = CARTESIAN_POINT('',(-18.37604163832,3.940809857191));
#1903 = CARTESIAN_POINT('',(-18.25583841046,4.222961170303));
#1904 = CARTESIAN_POINT('',(-18.18325538033,4.525291248996));
#1905 = CARTESIAN_POINT('',(-18.16226322494,4.831261033273));
#1906 = ( GEOMETRIC_REPRESENTATION_CONTEXT(2) 
PARAMETRIC_REPRESENTATION_CONTEXT() REPRESENTATION_CONTEXT('2D SPACE',''
  ) );
#1907 = PCURVE('',#1908,#1925);
#1908 = B_SPLINE_SURFACE_WITH_KNOTS('',3,3,(
    (#1909,#1910,#1911,#1912)
    ,(#1913,#1914,#1915,#1916)
    ,(#1917,#1918,#1919,#1920)
    ,(#1921,#1922,#1923,#1924
    )),.UNSPECIFIED.,.F.,.F.,.F.,(4,4),(4,4),(0.,1.),(0.,1.),
  .PIECEWISE_BEZIER_KNOTS.);
#1909 = CARTESIAN_POINT('',(-18.37604163832,3.940809857191,0.));
#1910 = CARTESIAN_POINT('',(-18.25583841046,4.222961170303,0.));
#1911 = CARTESIAN_POINT('',(-18.18325538033,4.525291248996,0.));
#1912 = CARTESIAN_POINT('',(-18.16226322494,4.831261033273,0.));
#1913 = CARTESIAN_POINT('',(-18.00845261767,5.656529271743,
    2.666669690328));
#1914 = CARTESIAN_POINT('',(-17.86190461656,5.927463207442,
    2.666669690328));
#1915 = CARTESIAN_POINT('',(-17.7610937334,6.223022256091,2.666669690328
    ));
#1916 = CARTESIAN_POINT('',(-17.7115348586,6.527037768974,2.666669690328
    ));
#1917 = CARTESIAN_POINT('',(-17.3987534868,7.320113809965,5.333330309672
    ));
#1918 = CARTESIAN_POINT('',(-17.2274478475,7.576113599207,5.333330309672
    ));
#1919 = CARTESIAN_POINT('',(-17.09936894606,7.860918410272,
    5.333330309672));
#1920 = CARTESIAN_POINT('',(-17.02152337819,8.158947908323,
    5.333330309672));
#1921 = CARTESIAN_POINT('',(-16.57059364482,8.867035292689,8.));
#1922 = CARTESIAN_POINT('',(-16.37707781752,9.104963441637,8.));
#1923 = CARTESIAN_POINT('',(-16.22374842184,9.375447949813,8.));
#1924 = CARTESIAN_POINT('',(-16.11899338955,9.663691878957,8.));
#1925 = DEFINITIONAL_REPRESENTATION('',(#1926),#1930);
#1926 = LINE('',#1927,#1928);
#1927 = CARTESIAN_POINT('',(0.,0.));
#1928 = VECTOR('',#1929,1.);
#1929 = DIRECTION('',(0.,1.));
#1930 = ( GEOMETRIC_REPRESENTATION_CONTEXT(2) 
PARAMETRIC_REPRESENTATION_CONTEXT() REPRESENTATION_CONTEXT('2D SPACE',''
  ) );
#1931 = ORIENTED_EDGE('',*,*,#1932,.F.);
#1932 = EDGE_CURVE('',#1933,#1891,#1935,.T.);
#1933 = VERTEX_POINT('',#1934);
#1934 = CARTESIAN_POINT('',(-20.15560690611,3.796262668222,0.));
#1935 = SURFACE_CURVE('',#1936,(#1941,#1949),.PCURVE_S1.);
#1936 = B_SPLINE_CURVE_WITH_KNOTS('',3,(#1937,#1938,#1939,#1940),
  .UNSPECIFIED.,.F.,.F.,(4,4),(0.,1.),.PIECEWISE_BEZIER_KNOTS.);
#1937 = CARTESIAN_POINT('',(-20.67855972028,3.660214187003,0.));
#1938 = CARTESIAN_POINT('',(-19.9349078486,3.869754270894,0.));
#1939 = CARTESIAN_POINT('',(-19.15121812845,4.036302614648,0.));
#1940 = CARTESIAN_POINT('',(-18.37604163832,3.940809857191,0.));
#1941 = PCURVE('',#57,#1942);
#1942 = DEFINITIONAL_REPRESENTATION('',(#1943),#1948);
#1943 = B_SPLINE_CURVE_WITH_KNOTS('',3,(#1944,#1945,#1946,#1947),
  .UNSPECIFIED.,.F.,.F.,(4,4),(0.,1.),.PIECEWISE_BEZIER_KNOTS.);
#1944 = CARTESIAN_POINT('',(-20.67855972028,3.660214187003));
#1945 = CARTESIAN_POINT('',(-19.9349078486,3.869754270894));
#1946 = CARTESIAN_POINT('',(-19.15121812845,4.036302614648));
#1947 = CARTESIAN_POINT('',(-18.37604163832,3.940809857191));
#1948 = ( GEOMETRIC_REPRESENTATION_CONTEXT(2) 
PARAMETRIC_REPRESENTATION_CONTEXT() REPRESENTATION_CONTEXT('2D SPACE',''
  ) );
#1949 = PCURVE('',#1950,#1967);
#1950 = B_SPLINE_SURFACE_WITH_KNOTS('',3,3,(
    (#1951,#1952,#1953,#1954)
    ,(#1955,#1956,#1957,#1958)
    ,(#1959,#1960,#1961,#1962)
    ,(#1963,#1964,#1965,#1966
    )),.UNSPECIFIED.,.F.,.F.,.F.,(4,4),(4,4),(0.,1.),(0.,1.),
  .PIECEWISE_BEZIER_KNOTS.);
#1951 = CARTESIAN_POINT('',(-20.67855972028,3.660214187003,0.));
#1952 = CARTESIAN_POINT('',(-19.9349078486,3.869754270894,0.));
#1953 = CARTESIAN_POINT('',(-19.15121812845,4.036302614648,0.));
#1954 = CARTESIAN_POINT('',(-18.37604163832,3.940809857191,0.));
#1955 = CARTESIAN_POINT('',(-20.3372102932,5.59089919856,2.666669951599)
  );
#1956 = CARTESIAN_POINT('',(-19.57398140706,5.731013371586,
    2.666669951599));
#1957 = CARTESIAN_POINT('',(-18.77472778547,5.824396950205,
    2.666669951599));
#1958 = CARTESIAN_POINT('',(-18.00845256165,5.656529433855,
    2.666669951599));
#1959 = CARTESIAN_POINT('',(-19.7234059328,7.473120818546,5.333330048401
    ));
#1960 = CARTESIAN_POINT('',(-18.95040198006,7.541056105297,
    5.333330048401));
#1961 = CARTESIAN_POINT('',(-18.1459135327,7.55908892101,5.333330048401)
  );
#1962 = CARTESIAN_POINT('',(-17.39875354879,7.320113650043,
    5.333330048401));
#1963 = CARTESIAN_POINT('',(-18.86095492262,9.233871312015,8.));
#1964 = CARTESIAN_POINT('',(-18.08835700709,9.22967441643,8.));
#1965 = CARTESIAN_POINT('',(-17.28916585839,9.173093181775,8.));
#1966 = CARTESIAN_POINT('',(-16.57059364482,8.867035292689,8.));
#1967 = DEFINITIONAL_REPRESENTATION('',(#1968),#1972);
#1968 = LINE('',#1969,#1970);
#1969 = CARTESIAN_POINT('',(0.,0.));
#1970 = VECTOR('',#1971,1.);
#1971 = DIRECTION('',(0.,1.));
#1972 = ( GEOMETRIC_REPRESENTATION_CONTEXT(2) 
PARAMETRIC_REPRESENTATION_CONTEXT() REPRESENTATION_CONTEXT('2D SPACE',''
  ) );
#1973 = ORIENTED_EDGE('',*,*,#1974,.T.);
#1974 = EDGE_CURVE('',#1933,#1975,#1977,.T.);
#1975 = VERTEX_POINT('',#1976);
#1976 = CARTESIAN_POINT('',(-20.34223096753,2.617964717751,0.));
#1977 = SURFACE_CURVE('',#1978,(#1983,#1990),.PCURVE_S1.);
#1978 = CIRCLE('',#1979,20.51);
#1979 = AXIS2_PLACEMENT_3D('',#1980,#1981,#1982);
#1980 = CARTESIAN_POINT('',(0.,0.,0.));
#1981 = DIRECTION('',(0.,0.,1.));
#1982 = DIRECTION('',(1.,0.,-0.));
#1983 = PCURVE('',#57,#1984);
#1984 = DEFINITIONAL_REPRESENTATION('',(#1985),#1989);
#1985 = CIRCLE('',#1986,20.51);
#1986 = AXIS2_PLACEMENT_2D('',#1987,#1988);
#1987 = CARTESIAN_POINT('',(6.017486224637E-16,-2.462096471272E-15));
#1988 = DIRECTION('',(1.,0.));
#1989 = ( GEOMETRIC_REPRESENTATION_CONTEXT(2) 
PARAMETRIC_REPRESENTATION_CONTEXT() REPRESENTATION_CONTEXT('2D SPACE',''
  ) );
#1990 = PCURVE('',#1991,#1996);
#1991 = CONICAL_SURFACE('',#1992,20.5,0.785398163397);
#1992 = AXIS2_PLACEMENT_3D('',#1993,#1994,#1995);
#1993 = CARTESIAN_POINT('',(0.,0.,-1.E-02));
#1994 = DIRECTION('',(0.,0.,1.));
#1995 = DIRECTION('',(1.,0.,-0.));
#1996 = DEFINITIONAL_REPRESENTATION('',(#1997),#2001);
#1997 = LINE('',#1998,#1999);
#1998 = CARTESIAN_POINT('',(0.,1.E-02));
#1999 = VECTOR('',#2000,1.);
#2000 = DIRECTION('',(1.,0.));
#2001 = ( GEOMETRIC_REPRESENTATION_CONTEXT(2) 
PARAMETRIC_REPRESENTATION_CONTEXT() REPRESENTATION_CONTEXT('2D SPACE',''
  ) );
#2002 = ORIENTED_EDGE('',*,*,#2003,.F.);
#2003 = EDGE_CURVE('',#2004,#1975,#2006,.T.);
#2004 = VERTEX_POINT('',#2005);
#2005 = CARTESIAN_POINT('',(-18.6944313613,1.930576261421,0.));
#2006 = SURFACE_CURVE('',#2007,(#2012,#2020),.PCURVE_S1.);
#2007 = B_SPLINE_CURVE_WITH_KNOTS('',3,(#2008,#2009,#2010,#2011),
  .UNSPECIFIED.,.F.,.F.,(4,4),(0.,1.),.PIECEWISE_BEZIER_KNOTS.);
#2008 = CARTESIAN_POINT('',(-18.6944313613,1.930576261421,0.));
#2009 = CARTESIAN_POINT('',(-19.46117689841,2.079299961273,0.));
#2010 = CARTESIAN_POINT('',(-20.15504384492,2.479870290723,0.));
#2011 = CARTESIAN_POINT('',(-20.7975473564,2.908955819179,0.));
#2012 = PCURVE('',#57,#2013);
#2013 = DEFINITIONAL_REPRESENTATION('',(#2014),#2019);
#2014 = B_SPLINE_CURVE_WITH_KNOTS('',3,(#2015,#2016,#2017,#2018),
  .UNSPECIFIED.,.F.,.F.,(4,4),(0.,1.),.PIECEWISE_BEZIER_KNOTS.);
#2015 = CARTESIAN_POINT('',(-18.6944313613,1.930576261421));
#2016 = CARTESIAN_POINT('',(-19.46117689841,2.079299961273));
#2017 = CARTESIAN_POINT('',(-20.15504384492,2.479870290723));
#2018 = CARTESIAN_POINT('',(-20.7975473564,2.908955819179));
#2019 = ( GEOMETRIC_REPRESENTATION_CONTEXT(2) 
PARAMETRIC_REPRESENTATION_CONTEXT() REPRESENTATION_CONTEXT('2D SPACE',''
  ) );
#2020 = PCURVE('',#2021,#2038);
#2021 = B_SPLINE_SURFACE_WITH_KNOTS('',3,3,(
    (#2022,#2023,#2024,#2025)
    ,(#2026,#2027,#2028,#2029)
    ,(#2030,#2031,#2032,#2033)
    ,(#2034,#2035,#2036,#2037
    )),.UNSPECIFIED.,.F.,.F.,.F.,(4,4),(4,4),(0.,1.),(0.,1.),
  .PIECEWISE_BEZIER_KNOTS.);
#2022 = CARTESIAN_POINT('',(-18.6944313613,1.930576261421,0.));
#2023 = CARTESIAN_POINT('',(-19.46117689841,2.079299961273,0.));
#2024 = CARTESIAN_POINT('',(-20.15504384492,2.479870290723,0.));
#2025 = CARTESIAN_POINT('',(-20.7975473564,2.908955819179,0.));
#2026 = CARTESIAN_POINT('',(-18.51453009741,3.675984789612,
    2.666669951599));
#2027 = CARTESIAN_POINT('',(-19.26740439896,3.896297085558,
    2.666669951599));
#2028 = CARTESIAN_POINT('',(-19.92388554813,4.361656457625,
    2.666669951599));
#2029 = CARTESIAN_POINT('',(-20.52634004624,4.850736095144,
    2.666669951599));
#2030 = CARTESIAN_POINT('',(-18.08830087548,5.395744651047,
    5.333330048401));
#2031 = CARTESIAN_POINT('',(-18.817201661,5.685677171732,5.333330048401)
  );
#2032 = CARTESIAN_POINT('',(-19.42715790781,6.210539269209,
    5.333330048401));
#2033 = CARTESIAN_POINT('',(-19.98110145648,6.753951505925,
    5.333330048401));
#2034 = CARTESIAN_POINT('',(-17.43227630238,7.023149688068,8.));
#2035 = CARTESIAN_POINT('',(-18.1280311777,7.37803362832,8.));
#2036 = CARTESIAN_POINT('',(-18.68412802806,7.954804138407,8.));
#2037 = CARTESIAN_POINT('',(-19.18298033711,8.544780008051,8.));
#2038 = DEFINITIONAL_REPRESENTATION('',(#2039),#2043);
#2039 = LINE('',#2040,#2041);
#2040 = CARTESIAN_POINT('',(0.,0.));
#2041 = VECTOR('',#2042,1.);
#2042 = DIRECTION('',(0.,1.));
#2043 = ( GEOMETRIC_REPRESENTATION_CONTEXT(2) 
PARAMETRIC_REPRESENTATION_CONTEXT() REPRESENTATION_CONTEXT('2D SPACE',''
  ) );
#2044 = ORIENTED_EDGE('',*,*,#2045,.F.);
#2045 = EDGE_CURVE('',#2046,#2004,#2048,.T.);
#2046 = VERTEX_POINT('',#2047);
#2047 = CARTESIAN_POINT('',(-18.76628055429,1.017645705202,0.));
#2048 = SURFACE_CURVE('',#2049,(#2054,#2062),.PCURVE_S1.);
#2049 = B_SPLINE_CURVE_WITH_KNOTS('',3,(#2050,#2051,#2052,#2053),
  .UNSPECIFIED.,.F.,.F.,(4,4),(0.,1.),.PIECEWISE_BEZIER_KNOTS.);
#2050 = CARTESIAN_POINT('',(-18.76628055429,1.017645705202,0.));
#2051 = CARTESIAN_POINT('',(-18.69169541736,1.315127195093,0.));
#2052 = CARTESIAN_POINT('',(-18.66730084891,1.625089576318,0.));
#2053 = CARTESIAN_POINT('',(-18.6944313613,1.930576261421,0.));
#2054 = PCURVE('',#57,#2055);
#2055 = DEFINITIONAL_REPRESENTATION('',(#2056),#2061);
#2056 = B_SPLINE_CURVE_WITH_KNOTS('',3,(#2057,#2058,#2059,#2060),
  .UNSPECIFIED.,.F.,.F.,(4,4),(0.,1.),.PIECEWISE_BEZIER_KNOTS.);
#2057 = CARTESIAN_POINT('',(-18.76628055429,1.017645705202));
#2058 = CARTESIAN_POINT('',(-18.69169541736,1.315127195093));
#2059 = CARTESIAN_POINT('',(-18.66730084891,1.625089576318));
#2060 = CARTESIAN_POINT('',(-18.6944313613,1.930576261421));
#2061 = ( GEOMETRIC_REPRESENTATION_CONTEXT(2) 
PARAMETRIC_REPRESENTATION_CONTEXT() REPRESENTATION_CONTEXT('2D SPACE',''
  ) );
#2062 = PCURVE('',#2063,#2080);
#2063 = B_SPLINE_SURFACE_WITH_KNOTS('',3,3,(
    (#2064,#2065,#2066,#2067)
    ,(#2068,#2069,#2070,#2071)
    ,(#2072,#2073,#2074,#2075)
    ,(#2076,#2077,#2078,#2079
    )),.UNSPECIFIED.,.F.,.F.,.F.,(4,4),(4,4),(0.,1.),(0.,1.),
  .PIECEWISE_BEZIER_KNOTS.);
#2064 = CARTESIAN_POINT('',(-18.76628055429,1.017645705202,0.));
#2065 = CARTESIAN_POINT('',(-18.69169541736,1.315127195093,0.));
#2066 = CARTESIAN_POINT('',(-18.66730084891,1.625089576318,0.));
#2067 = CARTESIAN_POINT('',(-18.6944313613,1.930576261421,0.));
#2068 = CARTESIAN_POINT('',(-18.67161481325,2.769745358487,
    2.666669690328));
#2069 = CARTESIAN_POINT('',(-18.5692544665,3.060268806006,2.666669690328
    ));
#2070 = CARTESIAN_POINT('',(-18.51592035426,3.36795932889,2.666669690328
    ));
#2071 = CARTESIAN_POINT('',(-18.51453013557,3.675984622392,
    2.666669690328));
#2072 = CARTESIAN_POINT('',(-18.32966404769,4.508226367858,
    5.333330309672));
#2073 = CARTESIAN_POINT('',(-18.20051465517,4.787872480927,
    5.333330309672));
#2074 = CARTESIAN_POINT('',(-18.1185659058,5.089206826592,5.333330309672
    ));
#2075 = CARTESIAN_POINT('',(-18.08830083114,5.395744816735,
    5.333330309672));
#2076 = CARTESIAN_POINT('',(-17.75369206224,6.165655422007,8.));
#2077 = CARTESIAN_POINT('',(-17.59977889859,6.430926825543,8.));
#2078 = CARTESIAN_POINT('',(-17.49065034154,6.722067222569,8.));
#2079 = CARTESIAN_POINT('',(-17.43227630238,7.023149688068,8.));
#2080 = DEFINITIONAL_REPRESENTATION('',(#2081),#2085);
#2081 = LINE('',#2082,#2083);
#2082 = CARTESIAN_POINT('',(0.,0.));
#2083 = VECTOR('',#2084,1.);
#2084 = DIRECTION('',(0.,1.));
#2085 = ( GEOMETRIC_REPRESENTATION_CONTEXT(2) 
PARAMETRIC_REPRESENTATION_CONTEXT() REPRESENTATION_CONTEXT('2D SPACE',''
  ) );
#2086 = ORIENTED_EDGE('',*,*,#2087,.F.);
#2087 = EDGE_CURVE('',#2088,#2046,#2090,.T.);
#2088 = VERTEX_POINT('',#2089);
#2089 = CARTESIAN_POINT('',(-20.50132425844,0.59649279132,0.));
#2090 = SURFACE_CURVE('',#2091,(#2096,#2104),.PCURVE_S1.);
#2091 = B_SPLINE_CURVE_WITH_KNOTS('',3,(#2092,#2093,#2094,#2095),
  .UNSPECIFIED.,.F.,.F.,(4,4),(0.,1.),.PIECEWISE_BEZIER_KNOTS.);
#2092 = CARTESIAN_POINT('',(-20.99655598429,0.380311448939,0.));
#2093 = CARTESIAN_POINT('',(-20.29483899211,0.703604529407,0.));
#2094 = CARTESIAN_POINT('',(-19.54685169392,0.990698468809,0.));
#2095 = CARTESIAN_POINT('',(-18.76628055429,1.017645705202,0.));
#2096 = PCURVE('',#57,#2097);
#2097 = DEFINITIONAL_REPRESENTATION('',(#2098),#2103);
#2098 = B_SPLINE_CURVE_WITH_KNOTS('',3,(#2099,#2100,#2101,#2102),
  .UNSPECIFIED.,.F.,.F.,(4,4),(0.,1.),.PIECEWISE_BEZIER_KNOTS.);
#2099 = CARTESIAN_POINT('',(-20.99655598429,0.380311448939));
#2100 = CARTESIAN_POINT('',(-20.29483899211,0.703604529407));
#2101 = CARTESIAN_POINT('',(-19.54685169392,0.990698468809));
#2102 = CARTESIAN_POINT('',(-18.76628055429,1.017645705202));
#2103 = ( GEOMETRIC_REPRESENTATION_CONTEXT(2) 
PARAMETRIC_REPRESENTATION_CONTEXT() REPRESENTATION_CONTEXT('2D SPACE',''
  ) );
#2104 = PCURVE('',#2105,#2122);
#2105 = B_SPLINE_SURFACE_WITH_KNOTS('',3,3,(
    (#2106,#2107,#2108,#2109)
    ,(#2110,#2111,#2112,#2113)
    ,(#2114,#2115,#2116,#2117)
    ,(#2118,#2119,#2120,#2121
    )),.UNSPECIFIED.,.F.,.F.,.F.,(4,4),(4,4),(0.,1.),(0.,1.),
  .PIECEWISE_BEZIER_KNOTS.);
#2106 = CARTESIAN_POINT('',(-20.99655598429,0.380311448939,0.));
#2107 = CARTESIAN_POINT('',(-20.29483899211,0.703604529407,0.));
#2108 = CARTESIAN_POINT('',(-19.54685169392,0.990698468809,0.));
#2109 = CARTESIAN_POINT('',(-18.76628055429,1.017645705202,0.));
#2110 = CARTESIAN_POINT('',(-20.96143481205,2.340625339232,
    2.666669951599));
#2111 = CARTESIAN_POINT('',(-20.2295212257,2.598409776789,2.666669951599
    ));
#2112 = CARTESIAN_POINT('',(-19.45471615264,2.815674461319,
    2.666669951599));
#2113 = CARTESIAN_POINT('',(-18.67161478327,2.769745527367,
    2.666669951599));
#2114 = CARTESIAN_POINT('',(-20.64963173408,4.295693844467,
    5.333330048401));
#2115 = CARTESIAN_POINT('',(-19.89677216297,4.483717194926,
    5.333330048401));
#2116 = CARTESIAN_POINT('',(-19.10500925724,4.627377716649,
    5.333330048401));
#2117 = CARTESIAN_POINT('',(-18.32966408391,4.508226200206,
    5.333330048401));
#2118 = CARTESIAN_POINT('',(-20.0732409885,6.169683639965,8.));
#2119 = CARTESIAN_POINT('',(-19.30949849626,6.286399356735,8.));
#2120 = CARTESIAN_POINT('',(-18.5112954616,6.355535770782,8.));
#2121 = CARTESIAN_POINT('',(-17.75369206224,6.165655422007,8.));
#2122 = DEFINITIONAL_REPRESENTATION('',(#2123),#2127);
#2123 = LINE('',#2124,#2125);
#2124 = CARTESIAN_POINT('',(0.,0.));
#2125 = VECTOR('',#2126,1.);
#2126 = DIRECTION('',(0.,1.));
#2127 = ( GEOMETRIC_REPRESENTATION_CONTEXT(2) 
PARAMETRIC_REPRESENTATION_CONTEXT() REPRESENTATION_CONTEXT('2D SPACE',''
  ) );
#2128 = ORIENTED_EDGE('',*,*,#2129,.T.);
#2129 = EDGE_CURVE('',#2088,#2130,#2132,.T.);
#2130 = VERTEX_POINT('',#2131);
#2131 = CARTESIAN_POINT('',(-20.50132425844,-0.59649279132,0.));
#2132 = SURFACE_CURVE('',#2133,(#2138,#2145),.PCURVE_S1.);
#2133 = CIRCLE('',#2134,20.51);
#2134 = AXIS2_PLACEMENT_3D('',#2135,#2136,#2137);
#2135 = CARTESIAN_POINT('',(0.,0.,0.));
#2136 = DIRECTION('',(0.,0.,1.));
#2137 = DIRECTION('',(1.,0.,-0.));
#2138 = PCURVE('',#57,#2139);
#2139 = DEFINITIONAL_REPRESENTATION('',(#2140),#2144);
#2140 = CIRCLE('',#2141,20.51);
#2141 = AXIS2_PLACEMENT_2D('',#2142,#2143);
#2142 = CARTESIAN_POINT('',(6.017486224637E-16,-2.462096471272E-15));
#2143 = DIRECTION('',(1.,0.));
#2144 = ( GEOMETRIC_REPRESENTATION_CONTEXT(2) 
PARAMETRIC_REPRESENTATION_CONTEXT() REPRESENTATION_CONTEXT('2D SPACE',''
  ) );
#2145 = PCURVE('',#2146,#2151);
#2146 = CONICAL_SURFACE('',#2147,20.5,0.785398163397);
#2147 = AXIS2_PLACEMENT_3D('',#2148,#2149,#2150);
#2148 = CARTESIAN_POINT('',(0.,0.,-1.E-02));
#2149 = DIRECTION('',(0.,0.,1.));
#2150 = DIRECTION('',(1.,0.,-0.));
#2151 = DEFINITIONAL_REPRESENTATION('',(#2152),#2156);
#2152 = LINE('',#2153,#2154);
#2153 = CARTESIAN_POINT('',(0.,1.E-02));
#2154 = VECTOR('',#2155,1.);
#2155 = DIRECTION('',(1.,0.));
#2156 = ( GEOMETRIC_REPRESENTATION_CONTEXT(2) 
PARAMETRIC_REPRESENTATION_CONTEXT() REPRESENTATION_CONTEXT('2D SPACE',''
  ) );
#2157 = ORIENTED_EDGE('',*,*,#2158,.F.);
#2158 = EDGE_CURVE('',#2159,#2130,#2161,.T.);
#2159 = VERTEX_POINT('',#2160);
#2160 = CARTESIAN_POINT('',(-18.76628055429,-1.017645705202,0.));
#2161 = SURFACE_CURVE('',#2162,(#2167,#2175),.PCURVE_S1.);
#2162 = B_SPLINE_CURVE_WITH_KNOTS('',3,(#2163,#2164,#2165,#2166),
  .UNSPECIFIED.,.F.,.F.,(4,4),(0.,1.),.PIECEWISE_BEZIER_KNOTS.);
#2163 = CARTESIAN_POINT('',(-18.76628055429,-1.017645705202,0.));
#2164 = CARTESIAN_POINT('',(-19.54685169392,-0.990698468809,0.));
#2165 = CARTESIAN_POINT('',(-20.29483899211,-0.703604529407,0.));
#2166 = CARTESIAN_POINT('',(-20.99655598429,-0.380311448939,0.));
#2167 = PCURVE('',#57,#2168);
#2168 = DEFINITIONAL_REPRESENTATION('',(#2169),#2174);
#2169 = B_SPLINE_CURVE_WITH_KNOTS('',3,(#2170,#2171,#2172,#2173),
  .UNSPECIFIED.,.F.,.F.,(4,4),(0.,1.),.PIECEWISE_BEZIER_KNOTS.);
#2170 = CARTESIAN_POINT('',(-18.76628055429,-1.017645705202));
#2171 = CARTESIAN_POINT('',(-19.54685169392,-0.990698468809));
#2172 = CARTESIAN_POINT('',(-20.29483899211,-0.703604529407));
#2173 = CARTESIAN_POINT('',(-20.99655598429,-0.380311448939));
#2174 = ( GEOMETRIC_REPRESENTATION_CONTEXT(2) 
PARAMETRIC_REPRESENTATION_CONTEXT() REPRESENTATION_CONTEXT('2D SPACE',''
  ) );
#2175 = PCURVE('',#2176,#2193);
#2176 = B_SPLINE_SURFACE_WITH_KNOTS('',3,3,(
    (#2177,#2178,#2179,#2180)
    ,(#2181,#2182,#2183,#2184)
    ,(#2185,#2186,#2187,#2188)
    ,(#2189,#2190,#2191,#2192
    )),.UNSPECIFIED.,.F.,.F.,.F.,(4,4),(4,4),(0.,1.),(0.,1.),
  .PIECEWISE_BEZIER_KNOTS.);
#2177 = CARTESIAN_POINT('',(-18.76628055429,-1.017645705202,0.));
#2178 = CARTESIAN_POINT('',(-19.54685169392,-0.990698468809,0.));
#2179 = CARTESIAN_POINT('',(-20.29483899211,-0.703604529407,0.));
#2180 = CARTESIAN_POINT('',(-20.99655598429,-0.380311448939,0.));
#2181 = CARTESIAN_POINT('',(-18.86163622287,0.734416705645,
    2.666669951599));
#2182 = CARTESIAN_POINT('',(-19.6397058286,0.834241103035,2.666669951599
    ));
#2183 = CARTESIAN_POINT('',(-20.36090284988,1.191174851633,
    2.666669951599));
#2184 = CARTESIAN_POINT('',(-21.03244904485,1.57998846011,2.666669951599
    ));
#2185 = CARTESIAN_POINT('',(-18.70968430387,2.499680409724,
    5.333330048401));
#2186 = CARTESIAN_POINT('',(-19.47496654995,2.672018175514,
    5.333330048401));
#2187 = CARTESIAN_POINT('',(-20.15951974463,3.095000170446,
    5.333330048401));
#2188 = CARTESIAN_POINT('',(-20.79165173155,3.545066238087,
    5.333330048401));
#2189 = CARTESIAN_POINT('',(-18.31631871825,4.209674243362,8.));
#2190 = CARTESIAN_POINT('',(-19.05902377586,4.451348931693,8.));
#2191 = CARTESIAN_POINT('',(-19.69850093739,4.93402572641,8.));
#2192 = CARTESIAN_POINT('',(-20.28350410627,5.438700319989,8.));
#2193 = DEFINITIONAL_REPRESENTATION('',(#2194),#2198);
#2194 = LINE('',#2195,#2196);
#2195 = CARTESIAN_POINT('',(0.,0.));
#2196 = VECTOR('',#2197,1.);
#2197 = DIRECTION('',(0.,1.));
#2198 = ( GEOMETRIC_REPRESENTATION_CONTEXT(2) 
PARAMETRIC_REPRESENTATION_CONTEXT() REPRESENTATION_CONTEXT('2D SPACE',''
  ) );
#2199 = ORIENTED_EDGE('',*,*,#2200,.F.);
#2200 = EDGE_CURVE('',#2201,#2159,#2203,.T.);
#2201 = VERTEX_POINT('',#2202);
#2202 = CARTESIAN_POINT('',(-18.69797713942,-1.407318454078,0.));
#2203 = SURFACE_CURVE('',#2204,(#2209,#2217),.PCURVE_S1.);
#2204 = B_SPLINE_CURVE_WITH_KNOTS('',3,(#2205,#2206,#2207,#2208),
  .UNSPECIFIED.,.F.,.F.,(4,4),(0.,1.),.PIECEWISE_BEZIER_KNOTS.);
#2205 = CARTESIAN_POINT('',(-18.6944313613,-1.930576261421,0.));
#2206 = CARTESIAN_POINT('',(-18.66730084891,-1.625089576318,0.));
#2207 = CARTESIAN_POINT('',(-18.69169541736,-1.315127195093,0.));
#2208 = CARTESIAN_POINT('',(-18.76628055429,-1.017645705202,0.));
#2209 = PCURVE('',#57,#2210);
#2210 = DEFINITIONAL_REPRESENTATION('',(#2211),#2216);
#2211 = B_SPLINE_CURVE_WITH_KNOTS('',3,(#2212,#2213,#2214,#2215),
  .UNSPECIFIED.,.F.,.F.,(4,4),(0.,1.),.PIECEWISE_BEZIER_KNOTS.);
#2212 = CARTESIAN_POINT('',(-18.6944313613,-1.930576261421));
#2213 = CARTESIAN_POINT('',(-18.66730084891,-1.625089576318));
#2214 = CARTESIAN_POINT('',(-18.69169541736,-1.315127195093));
#2215 = CARTESIAN_POINT('',(-18.76628055429,-1.017645705202));
#2216 = ( GEOMETRIC_REPRESENTATION_CONTEXT(2) 
PARAMETRIC_REPRESENTATION_CONTEXT() REPRESENTATION_CONTEXT('2D SPACE',''
  ) );
#2217 = PCURVE('',#2218,#2235);
#2218 = B_SPLINE_SURFACE_WITH_KNOTS('',3,3,(
    (#2219,#2220,#2221,#2222)
    ,(#2223,#2224,#2225,#2226)
    ,(#2227,#2228,#2229,#2230)
    ,(#2231,#2232,#2233,#2234
    )),.UNSPECIFIED.,.F.,.F.,.F.,(4,4),(4,4),(0.,1.),(0.,1.),
  .PIECEWISE_BEZIER_KNOTS.);
#2219 = CARTESIAN_POINT('',(-18.6944313613,-1.930576261421,0.));
#2220 = CARTESIAN_POINT('',(-18.66730084891,-1.625089576318,0.));
#2221 = CARTESIAN_POINT('',(-18.69169541736,-1.315127195093,0.));
#2222 = CARTESIAN_POINT('',(-18.76628055429,-1.017645705202,0.));
#2223 = CARTESIAN_POINT('',(-18.87501988458,-0.185238877753,
    2.666669690328));
#2224 = CARTESIAN_POINT('',(-18.81936764365,0.117720430116,
    2.666669690328));
#2225 = CARTESIAN_POINT('',(-18.81482356519,0.429966065396,
    2.666669690328));
#2226 = CARTESIAN_POINT('',(-18.8616362344,0.734416534513,2.666669690328
    ));
#2227 = CARTESIAN_POINT('',(-18.80923744707,1.585331430628,
    5.333330309672));
#2228 = CARTESIAN_POINT('',(-18.72542438797,1.88173805213,5.333330309672
    ));
#2229 = CARTESIAN_POINT('',(-18.69162364086,2.192182080732,
    5.333330309672));
#2230 = CARTESIAN_POINT('',(-18.70968428599,2.499680580309,
    5.333330309672));
#2231 = CARTESIAN_POINT('',(-18.49963565995,3.312456652197,8.));
#2232 = CARTESIAN_POINT('',(-18.38911501285,3.598539447981,8.));
#2233 = CARTESIAN_POINT('',(-18.32687440169,3.903166891043,8.));
#2234 = CARTESIAN_POINT('',(-18.31631871825,4.209674243362,8.));
#2235 = DEFINITIONAL_REPRESENTATION('',(#2236),#2240);
#2236 = LINE('',#2237,#2238);
#2237 = CARTESIAN_POINT('',(0.,0.));
#2238 = VECTOR('',#2239,1.);
#2239 = DIRECTION('',(0.,1.));
#2240 = ( GEOMETRIC_REPRESENTATION_CONTEXT(2) 
PARAMETRIC_REPRESENTATION_CONTEXT() REPRESENTATION_CONTEXT('2D SPACE',''
  ) );
#2241 = ORIENTED_EDGE('',*,*,#2242,.T.);
#2242 = EDGE_CURVE('',#2201,#2243,#2245,.T.);
#2243 = VERTEX_POINT('',#2244);
#2244 = CARTESIAN_POINT('',(-18.68714394972,-1.406503085246,
    6.869504964868E-16));
#2245 = SURFACE_CURVE('',#2246,(#2252,#2261),.PCURVE_S1.);
#2246 = B_SPLINE_CURVE_WITH_KNOTS('',4,(#2247,#2248,#2249,#2250,#2251),
  .UNSPECIFIED.,.F.,.F.,(5,5),(0.,1.),.PIECEWISE_BEZIER_KNOTS.);
#2247 = CARTESIAN_POINT('',(-20.51,-1.543701828166,0.));
#2248 = CARTESIAN_POINT('',(-20.05428598743,-1.509402142436,0.));
#2249 = CARTESIAN_POINT('',(-19.59857197486,-1.475102456706,0.));
#2250 = CARTESIAN_POINT('',(-19.14285796229,-1.440802770976,0.));
#2251 = CARTESIAN_POINT('',(-18.68714394972,-1.406503085246,0.));
#2252 = PCURVE('',#57,#2253);
#2253 = DEFINITIONAL_REPRESENTATION('',(#2254),#2260);
#2254 = B_SPLINE_CURVE_WITH_KNOTS('',4,(#2255,#2256,#2257,#2258,#2259),
  .UNSPECIFIED.,.F.,.F.,(5,5),(0.,1.),.PIECEWISE_BEZIER_KNOTS.);
#2255 = CARTESIAN_POINT('',(-20.51,-1.543701828166));
#2256 = CARTESIAN_POINT('',(-20.05428598743,-1.509402142436));
#2257 = CARTESIAN_POINT('',(-19.59857197486,-1.475102456706));
#2258 = CARTESIAN_POINT('',(-19.14285796229,-1.440802770976));
#2259 = CARTESIAN_POINT('',(-18.68714394972,-1.406503085246));
#2260 = ( GEOMETRIC_REPRESENTATION_CONTEXT(2) 
PARAMETRIC_REPRESENTATION_CONTEXT() REPRESENTATION_CONTEXT('2D SPACE',''
  ) );
#2261 = PCURVE('',#2262,#2273);
#2262 = B_SPLINE_SURFACE_WITH_KNOTS('',1,4,(
    (#2263,#2264,#2265,#2266,#2267)
    ,(#2268,#2269,#2270,#2271,#2272
    )),.UNSPECIFIED.,.F.,.F.,.F.,(2,2),(5,5),(0.,3.26),(0.,8.2),
  .PIECEWISE_BEZIER_KNOTS.);
#2263 = CARTESIAN_POINT('',(-18.68223083415,-1.47032345394,-1.E-01));
#2264 = CARTESIAN_POINT('',(-18.78518399076,-0.162179567875,1.95));
#2265 = CARTESIAN_POINT('',(-18.76600690116,1.155598531929,4.));
#2266 = CARTESIAN_POINT('',(-18.62335636296,2.465773216862,6.05));
#2267 = CARTESIAN_POINT('',(-18.36068037423,3.751401897332,8.1));
#2268 = CARTESIAN_POINT('',(-21.93218134212,-1.726100106013,-0.1));
#2269 = CARTESIAN_POINT('',(-22.05304417272,-0.190392235498,1.95));
#2270 = CARTESIAN_POINT('',(-22.03053104726,1.35662581123,4.));
#2271 = CARTESIAN_POINT('',(-21.8630651006,2.894717757256,6.05));
#2272 = CARTESIAN_POINT('',(-21.55469414264,4.403993689504,8.1));
#2273 = DEFINITIONAL_REPRESENTATION('',(#2274),#2280);
#2274 = B_SPLINE_CURVE_WITH_KNOTS('',4,(#2275,#2276,#2277,#2278,#2279),
  .UNSPECIFIED.,.F.,.F.,(5,5),(0.,1.),.PIECEWISE_BEZIER_KNOTS.);
#2275 = CARTESIAN_POINT('',(1.828011946289,1.E-01));
#2276 = CARTESIAN_POINT('',(1.371008959717,1.E-01));
#2277 = CARTESIAN_POINT('',(0.914005973144,1.E-01));
#2278 = CARTESIAN_POINT('',(0.457002986572,1.E-01));
#2279 = CARTESIAN_POINT('',(0.,1.E-01));
#2280 = ( GEOMETRIC_REPRESENTATION_CONTEXT(2) 
PARAMETRIC_REPRESENTATION_CONTEXT() REPRESENTATION_CONTEXT('2D SPACE',''
  ) );
#2281 = ORIENTED_EDGE('',*,*,#2282,.T.);
#2282 = EDGE_CURVE('',#2243,#2283,#2285,.T.);
#2283 = VERTEX_POINT('',#2284);
#2284 = CARTESIAN_POINT('',(1.406503085246,-18.68714394972,
    4.891920202255E-16));
#2285 = SURFACE_CURVE('',#2286,(#2309,#2335),.PCURVE_S1.);
#2286 = B_SPLINE_CURVE_WITH_KNOTS('',6,(#2287,#2288,#2289,#2290,#2291,
    #2292,#2293,#2294,#2295,#2296,#2297,#2298,#2299,#2300,#2301,#2302,
    #2303,#2304,#2305,#2306,#2307,#2308),.UNSPECIFIED.,.F.,.F.,(7,5,5,5,
    7),(0.,0.24999997274,0.5,0.750000027259,1.),.UNSPECIFIED.);
#2287 = CARTESIAN_POINT('',(-18.68714394972,-1.406503085246,0.));
#2288 = CARTESIAN_POINT('',(-18.59509002617,-2.6295540253,0.));
#2289 = CARTESIAN_POINT('',(-18.4069740213,-3.845446521012,0.));
#2290 = CARTESIAN_POINT('',(-18.12349719662,-5.044591157427,0.));
#2291 = CARTESIAN_POINT('',(-17.74665494788,-6.217747962145,0.));
#2292 = CARTESIAN_POINT('',(-17.27951277883,-7.355974824702,0.));
#2293 = CARTESIAN_POINT('',(-16.17333660153,-9.545423580182,0.));
#2294 = CARTESIAN_POINT('',(-15.53423804627,-10.59677313743,0.));
#2295 = CARTESIAN_POINT('',(-14.81344667656,-11.59615666146,0.));
#2296 = CARTESIAN_POINT('',(-14.01634198204,-12.53580113297,0.));
#2297 = CARTESIAN_POINT('',(-13.14917812014,-13.40861823278,0.));
#2298 = CARTESIAN_POINT('',(-11.2893385569,-15.00808992161,0.));
#2299 = CARTESIAN_POINT('',(-10.29655439478,-15.73483778748,0.));
#2300 = CARTESIAN_POINT('',(-9.248182456155,-16.38231281029,0.));
#2301 = CARTESIAN_POINT('',(-8.15216734803,-16.94539229803,0.));
#2302 = CARTESIAN_POINT('',(-7.016999740166,-17.41992086084,0.));
#2303 = CARTESIAN_POINT('',(-4.686640936225,-18.1859100468,0.));
#2304 = CARTESIAN_POINT('',(-3.491313852473,-18.4774153805,0.));
#2305 = CARTESIAN_POINT('',(-2.274966773579,-18.67440967636,0.));
#2306 = CARTESIAN_POINT('',(-1.046899923558,-18.77520045477,0.));
#2307 = CARTESIAN_POINT('',(0.183452145194,-18.77919787328,0.));
#2308 = CARTESIAN_POINT('',(1.406503085246,-18.68714394972,0.));
#2309 = PCURVE('',#57,#2310);
#2310 = DEFINITIONAL_REPRESENTATION('',(#2311),#2334);
#2311 = B_SPLINE_CURVE_WITH_KNOTS('',6,(#2312,#2313,#2314,#2315,#2316,
    #2317,#2318,#2319,#2320,#2321,#2322,#2323,#2324,#2325,#2326,#2327,
    #2328,#2329,#2330,#2331,#2332,#2333),.UNSPECIFIED.,.F.,.F.,(7,5,5,5,
    7),(0.,0.24999997274,0.5,0.750000027259,1.),.UNSPECIFIED.);
#2312 = CARTESIAN_POINT('',(-18.68714394972,-1.406503085246));
#2313 = CARTESIAN_POINT('',(-18.59509002617,-2.6295540253));
#2314 = CARTESIAN_POINT('',(-18.4069740213,-3.845446521012));
#2315 = CARTESIAN_POINT('',(-18.12349719662,-5.044591157427));
#2316 = CARTESIAN_POINT('',(-17.74665494788,-6.217747962145));
#2317 = CARTESIAN_POINT('',(-17.27951277883,-7.355974824702));
#2318 = CARTESIAN_POINT('',(-16.17333660153,-9.545423580182));
#2319 = CARTESIAN_POINT('',(-15.53423804627,-10.59677313743));
#2320 = CARTESIAN_POINT('',(-14.81344667656,-11.59615666146));
#2321 = CARTESIAN_POINT('',(-14.01634198204,-12.53580113297));
#2322 = CARTESIAN_POINT('',(-13.14917812014,-13.40861823278));
#2323 = CARTESIAN_POINT('',(-11.2893385569,-15.00808992161));
#2324 = CARTESIAN_POINT('',(-10.29655439478,-15.73483778748));
#2325 = CARTESIAN_POINT('',(-9.248182456155,-16.38231281029));
#2326 = CARTESIAN_POINT('',(-8.15216734803,-16.94539229803));
#2327 = CARTESIAN_POINT('',(-7.016999740166,-17.41992086084));
#2328 = CARTESIAN_POINT('',(-4.686640936225,-18.1859100468));
#2329 = CARTESIAN_POINT('',(-3.491313852473,-18.4774153805));
#2330 = CARTESIAN_POINT('',(-2.274966773579,-18.67440967636));
#2331 = CARTESIAN_POINT('',(-1.046899923558,-18.77520045477));
#2332 = CARTESIAN_POINT('',(0.183452145194,-18.77919787328));
#2333 = CARTESIAN_POINT('',(1.406503085246,-18.68714394972));
#2334 = ( GEOMETRIC_REPRESENTATION_CONTEXT(2) 
PARAMETRIC_REPRESENTATION_CONTEXT() REPRESENTATION_CONTEXT('2D SPACE',''
  ) );
#2335 = PCURVE('',#2336,#2372);
#2336 = ( BOUNDED_SURFACE() B_SPLINE_SURFACE(6,4,(
    (#2337,#2338,#2339,#2340,#2341)
    ,(#2342,#2343,#2344,#2345,#2346)
    ,(#2347,#2348,#2349,#2350,#2351)
    ,(#2352,#2353,#2354,#2355,#2356)
    ,(#2357,#2358,#2359,#2360,#2361)
    ,(#2362,#2363,#2364,#2365,#2366)
    ,(#2367,#2368,#2369,#2370,#2371
)),.UNSPECIFIED.,.F.,.F.,.F.) B_SPLINE_SURFACE_WITH_KNOTS((7,7),(5,5),(
    0.,1.570796326795),(0.,8.2),.PIECEWISE_BEZIER_KNOTS.) 
GEOMETRIC_REPRESENTATION_ITEM() RATIONAL_B_SPLINE_SURFACE((
    (1.031393471788,1.031393471788,1.031393471788,1.031393471788
      ,1.031393471788)
    ,(1.010025407661,1.010025407661,1.010025407661,1.010025407661
      ,1.010025407661)
    ,(0.997924642725,0.997924642725,0.997924642725,0.997924642725
      ,0.997924642725)
    ,(0.993958444137,0.993958444137,0.993958444137,0.993958444137
      ,0.993958444137)
    ,(0.997924642725,0.997924642725,0.997924642725,0.997924642725
      ,0.997924642725)
    ,(1.010025407661,1.010025407661,1.010025407661,1.010025407661
      ,1.010025407661)
    ,(1.031393471788,1.031393471788,1.031393471788,1.031393471788
,1.031393471788))) REPRESENTATION_ITEM('') SURFACE() );
#2337 = CARTESIAN_POINT('',(1.47032345394,-18.68223083415,-0.1));
#2338 = CARTESIAN_POINT('',(0.162179567875,-18.78518399076,1.95));
#2339 = CARTESIAN_POINT('',(-1.155598531929,-18.76600690116,4.));
#2340 = CARTESIAN_POINT('',(-2.465773216862,-18.62335636296,6.05));
#2341 = CARTESIAN_POINT('',(-3.751401897332,-18.36068037423,8.1));
#2342 = CARTESIAN_POINT('',(-3.524124039384,-19.07530237652,-0.1));
#2343 = CARTESIAN_POINT('',(-4.859791091152,-18.82854055473,1.95));
#2344 = CARTESIAN_POINT('',(-6.172442449513,-18.45707290702,4.));
#2345 = CARTESIAN_POINT('',(-7.444481398449,-17.96416448318,6.05));
#2346 = CARTESIAN_POINT('',(-8.659887125078,-17.35779265868,8.1));
#2347 = CARTESIAN_POINT('',(-8.513433802629,-17.87006222482,-1.E-01));
#2348 = CARTESIAN_POINT('',(-9.764709030439,-17.27394517236,1.95));
#2349 = CARTESIAN_POINT('',(-10.96035034401,-16.56099541878,4.));
#2350 = CARTESIAN_POINT('',(-12.08387656874,-15.73908038413,6.05));
#2351 = CARTESIAN_POINT('',(-13.121604847,-14.8202957214,8.1));
#2352 = CARTESIAN_POINT('',(-12.94196901861,-15.15309881009,-1.E-01));
#2353 = CARTESIAN_POINT('',(-14.00300042002,-14.24689238347,1.95));
#2354 = CARTESIAN_POINT('',(-14.97944385946,-13.24160968829,4.));
#2355 = CARTESIAN_POINT('',(-15.85732804752,-12.14920205374,6.05));
#2356 = CARTESIAN_POINT('',(-16.62650613752,-10.98500156058,8.1));
#2357 = CARTESIAN_POINT('',(-16.3182576426,-11.20411292966,-0.1));
#2358 = CARTESIAN_POINT('',(-17.10277807583,-10.06149622848,1.95));
#2359 = CARTESIAN_POINT('',(-17.78063392231,-8.845615085754,4.));
#2360 = CARTESIAN_POINT('',(-18.34149971329,-7.571533037239,6.05));
#2361 = CARTESIAN_POINT('',(-18.77958960225,-6.25657201684,8.1));
#2362 = CARTESIAN_POINT('',(-18.28915929178,-6.464770947264,-1.E-01));
#2363 = CARTESIAN_POINT('',(-18.74182742679,-5.184150226901,1.95));
#2364 = CARTESIAN_POINT('',(-19.07494089531,-3.861245385654,4.));
#2365 = CARTESIAN_POINT('',(-19.28254824274,-2.512934964724,6.05));
#2366 = CARTESIAN_POINT('',(-19.36356808977,-1.157083330414,8.1));
#2367 = CARTESIAN_POINT('',(-18.68223083415,-1.47032345394,-0.1));
#2368 = CARTESIAN_POINT('',(-18.78518399076,-0.162179567875,1.95));
#2369 = CARTESIAN_POINT('',(-18.76600690116,1.155598531929,4.));
#2370 = CARTESIAN_POINT('',(-18.62335636296,2.465773216862,6.05));
#2371 = CARTESIAN_POINT('',(-18.36068037423,3.751401897332,8.1));
#2372 = DEFINITIONAL_REPRESENTATION('',(#2373),#2396);
#2373 = B_SPLINE_CURVE_WITH_KNOTS('',6,(#2374,#2375,#2376,#2377,#2378,
    #2379,#2380,#2381,#2382,#2383,#2384,#2385,#2386,#2387,#2388,#2389,
    #2390,#2391,#2392,#2393,#2394,#2395),.UNSPECIFIED.,.F.,.F.,(7,5,5,5,
    7),(0.,0.24999997274,0.5,0.750000027259,1.),.UNSPECIFIED.);
#2374 = CARTESIAN_POINT('',(1.570796326795,0.1));
#2375 = CARTESIAN_POINT('',(1.505347238249,0.1));
#2376 = CARTESIAN_POINT('',(1.439894693899,0.1));
#2377 = CARTESIAN_POINT('',(1.374446614895,0.1));
#2378 = CARTESIAN_POINT('',(1.308998526693,0.1));
#2379 = CARTESIAN_POINT('',(1.243546004045,0.1));
#2380 = CARTESIAN_POINT('',(1.112648471875,0.1));
#2381 = CARTESIAN_POINT('',(1.047195899153,0.1));
#2382 = CARTESIAN_POINT('',(0.981747725283,0.1));
#2383 = CARTESIAN_POINT('',(0.916299553068,1.E-01));
#2384 = CARTESIAN_POINT('',(0.85084696743,0.1));
#2385 = CARTESIAN_POINT('',(0.719949359365,0.1));
#2386 = CARTESIAN_POINT('',(0.654496773727,0.1));
#2387 = CARTESIAN_POINT('',(0.589048601512,0.1));
#2388 = CARTESIAN_POINT('',(0.523600427642,1.E-01));
#2389 = CARTESIAN_POINT('',(0.45814785492,0.1));
#2390 = CARTESIAN_POINT('',(0.32725032275,0.1));
#2391 = CARTESIAN_POINT('',(0.261797800102,1.E-01));
#2392 = CARTESIAN_POINT('',(0.196349711899,0.1));
#2393 = CARTESIAN_POINT('',(0.130901632897,0.1));
#2394 = CARTESIAN_POINT('',(6.544908854619E-02,0.1));
#2395 = CARTESIAN_POINT('',(0.,0.1));
#2396 = ( GEOMETRIC_REPRESENTATION_CONTEXT(2) 
PARAMETRIC_REPRESENTATION_CONTEXT() REPRESENTATION_CONTEXT('2D SPACE',''
  ) );
#2397 = ORIENTED_EDGE('',*,*,#2398,.T.);
#2398 = EDGE_CURVE('',#2283,#2399,#2401,.T.);
#2399 = VERTEX_POINT('',#2400);
#2400 = CARTESIAN_POINT('',(1.407318454078,-18.69797713942,0.));
#2401 = SURFACE_CURVE('',#2402,(#2408,#2417),.PCURVE_S1.);
#2402 = B_SPLINE_CURVE_WITH_KNOTS('',4,(#2403,#2404,#2405,#2406,#2407),
  .UNSPECIFIED.,.F.,.F.,(5,5),(0.,1.),.PIECEWISE_BEZIER_KNOTS.);
#2403 = CARTESIAN_POINT('',(1.406503085246,-18.68714394972,0.));
#2404 = CARTESIAN_POINT('',(1.440802770976,-19.14285796229,0.));
#2405 = CARTESIAN_POINT('',(1.475102456706,-19.59857197486,0.));
#2406 = CARTESIAN_POINT('',(1.509402142436,-20.05428598743,0.));
#2407 = CARTESIAN_POINT('',(1.543701828166,-20.51,0.));
#2408 = PCURVE('',#57,#2409);
#2409 = DEFINITIONAL_REPRESENTATION('',(#2410),#2416);
#2410 = B_SPLINE_CURVE_WITH_KNOTS('',4,(#2411,#2412,#2413,#2414,#2415),
  .UNSPECIFIED.,.F.,.F.,(5,5),(0.,1.),.PIECEWISE_BEZIER_KNOTS.);
#2411 = CARTESIAN_POINT('',(1.406503085246,-18.68714394972));
#2412 = CARTESIAN_POINT('',(1.440802770976,-19.14285796229));
#2413 = CARTESIAN_POINT('',(1.475102456706,-19.59857197486));
#2414 = CARTESIAN_POINT('',(1.509402142436,-20.05428598743));
#2415 = CARTESIAN_POINT('',(1.543701828166,-20.51));
#2416 = ( GEOMETRIC_REPRESENTATION_CONTEXT(2) 
PARAMETRIC_REPRESENTATION_CONTEXT() REPRESENTATION_CONTEXT('2D SPACE',''
  ) );
#2417 = PCURVE('',#2418,#2429);
#2418 = B_SPLINE_SURFACE_WITH_KNOTS('',1,4,(
    (#2419,#2420,#2421,#2422,#2423)
    ,(#2424,#2425,#2426,#2427,#2428
    )),.UNSPECIFIED.,.F.,.F.,.F.,(2,2),(5,5),(0.,3.26),(0.,8.2),
  .PIECEWISE_BEZIER_KNOTS.);
#2419 = CARTESIAN_POINT('',(1.726100106013,-21.93218134212,-1.E-01));
#2420 = CARTESIAN_POINT('',(0.190392235498,-22.05304417272,1.95));
#2421 = CARTESIAN_POINT('',(-1.35662581123,-22.03053104726,4.));
#2422 = CARTESIAN_POINT('',(-2.894717757256,-21.8630651006,6.05));
#2423 = CARTESIAN_POINT('',(-4.403993689504,-21.55469414264,8.1));
#2424 = CARTESIAN_POINT('',(1.47032345394,-18.68223083415,-1.E-01));
#2425 = CARTESIAN_POINT('',(0.162179567875,-18.78518399076,1.95));
#2426 = CARTESIAN_POINT('',(-1.155598531929,-18.76600690116,4.));
#2427 = CARTESIAN_POINT('',(-2.465773216862,-18.62335636296,6.05));
#2428 = CARTESIAN_POINT('',(-3.751401897332,-18.36068037423,8.1));
#2429 = DEFINITIONAL_REPRESENTATION('',(#2430),#2436);
#2430 = B_SPLINE_CURVE_WITH_KNOTS('',4,(#2431,#2432,#2433,#2434,#2435),
  .UNSPECIFIED.,.F.,.F.,(5,5),(0.,1.),.PIECEWISE_BEZIER_KNOTS.);
#2431 = CARTESIAN_POINT('',(3.26,1.E-01));
#2432 = CARTESIAN_POINT('',(2.802997013428,1.E-01));
#2433 = CARTESIAN_POINT('',(2.345994026856,1.E-01));
#2434 = CARTESIAN_POINT('',(1.888991040283,1.E-01));
#2435 = CARTESIAN_POINT('',(1.431988053711,1.E-01));
#2436 = ( GEOMETRIC_REPRESENTATION_CONTEXT(2) 
PARAMETRIC_REPRESENTATION_CONTEXT() REPRESENTATION_CONTEXT('2D SPACE',''
  ) );
#2437 = ORIENTED_EDGE('',*,*,#2438,.F.);
#2438 = EDGE_CURVE('',#2439,#2399,#2441,.T.);
#2439 = VERTEX_POINT('',#2440);
#2440 = CARTESIAN_POINT('',(1.930576261421,-18.6944313613,0.));
#2441 = SURFACE_CURVE('',#2442,(#2447,#2455),.PCURVE_S1.);
#2442 = B_SPLINE_CURVE_WITH_KNOTS('',3,(#2443,#2444,#2445,#2446),
  .UNSPECIFIED.,.F.,.F.,(4,4),(0.,1.),.PIECEWISE_BEZIER_KNOTS.);
#2443 = CARTESIAN_POINT('',(1.930576261421,-18.6944313613,0.));
#2444 = CARTESIAN_POINT('',(1.625089576318,-18.66730084891,0.));
#2445 = CARTESIAN_POINT('',(1.315127195093,-18.69169541736,0.));
#2446 = CARTESIAN_POINT('',(1.017645705202,-18.76628055429,0.));
#2447 = PCURVE('',#57,#2448);
#2448 = DEFINITIONAL_REPRESENTATION('',(#2449),#2454);
#2449 = B_SPLINE_CURVE_WITH_KNOTS('',3,(#2450,#2451,#2452,#2453),
  .UNSPECIFIED.,.F.,.F.,(4,4),(0.,1.),.PIECEWISE_BEZIER_KNOTS.);
#2450 = CARTESIAN_POINT('',(1.930576261421,-18.6944313613));
#2451 = CARTESIAN_POINT('',(1.625089576318,-18.66730084891));
#2452 = CARTESIAN_POINT('',(1.315127195093,-18.69169541736));
#2453 = CARTESIAN_POINT('',(1.017645705202,-18.76628055429));
#2454 = ( GEOMETRIC_REPRESENTATION_CONTEXT(2) 
PARAMETRIC_REPRESENTATION_CONTEXT() REPRESENTATION_CONTEXT('2D SPACE',''
  ) );
#2455 = PCURVE('',#2456,#2473);
#2456 = B_SPLINE_SURFACE_WITH_KNOTS('',3,3,(
    (#2457,#2458,#2459,#2460)
    ,(#2461,#2462,#2463,#2464)
    ,(#2465,#2466,#2467,#2468)
    ,(#2469,#2470,#2471,#2472
    )),.UNSPECIFIED.,.F.,.F.,.F.,(4,4),(4,4),(0.,1.),(0.,1.),
  .PIECEWISE_BEZIER_KNOTS.);
#2457 = CARTESIAN_POINT('',(1.930576261421,-18.6944313613,0.));
#2458 = CARTESIAN_POINT('',(1.625089576318,-18.66730084891,0.));
#2459 = CARTESIAN_POINT('',(1.315127195093,-18.69169541736,0.));
#2460 = CARTESIAN_POINT('',(1.017645705202,-18.76628055429,0.));
#2461 = CARTESIAN_POINT('',(0.185238877753,-18.87501988458,
    2.666669690328));
#2462 = CARTESIAN_POINT('',(-0.117720430116,-18.81936764365,
    2.666669690328));
#2463 = CARTESIAN_POINT('',(-0.429966065396,-18.81482356519,
    2.666669690328));
#2464 = CARTESIAN_POINT('',(-0.734416534513,-18.8616362344,
    2.666669690328));
#2465 = CARTESIAN_POINT('',(-1.585331430628,-18.80923744707,
    5.333330309672));
#2466 = CARTESIAN_POINT('',(-1.88173805213,-18.72542438797,
    5.333330309672));
#2467 = CARTESIAN_POINT('',(-2.192182080732,-18.69162364086,
    5.333330309672));
#2468 = CARTESIAN_POINT('',(-2.499680580309,-18.70968428599,
    5.333330309672));
#2469 = CARTESIAN_POINT('',(-3.312456652197,-18.49963565995,8.));
#2470 = CARTESIAN_POINT('',(-3.598539447981,-18.38911501285,8.));
#2471 = CARTESIAN_POINT('',(-3.903166891043,-18.32687440169,8.));
#2472 = CARTESIAN_POINT('',(-4.209674243362,-18.31631871825,8.));
#2473 = DEFINITIONAL_REPRESENTATION('',(#2474),#2478);
#2474 = LINE('',#2475,#2476);
#2475 = CARTESIAN_POINT('',(0.,0.));
#2476 = VECTOR('',#2477,1.);
#2477 = DIRECTION('',(0.,1.));
#2478 = ( GEOMETRIC_REPRESENTATION_CONTEXT(2) 
PARAMETRIC_REPRESENTATION_CONTEXT() REPRESENTATION_CONTEXT('2D SPACE',''
  ) );
#2479 = ORIENTED_EDGE('',*,*,#2480,.F.);
#2480 = EDGE_CURVE('',#2481,#2439,#2483,.T.);
#2481 = VERTEX_POINT('',#2482);
#2482 = CARTESIAN_POINT('',(2.617964717751,-20.34223096753,0.));
#2483 = SURFACE_CURVE('',#2484,(#2489,#2497),.PCURVE_S1.);
#2484 = B_SPLINE_CURVE_WITH_KNOTS('',3,(#2485,#2486,#2487,#2488),
  .UNSPECIFIED.,.F.,.F.,(4,4),(0.,1.),.PIECEWISE_BEZIER_KNOTS.);
#2485 = CARTESIAN_POINT('',(2.908955819179,-20.7975473564,0.));
#2486 = CARTESIAN_POINT('',(2.479870290723,-20.15504384492,0.));
#2487 = CARTESIAN_POINT('',(2.079299961273,-19.46117689841,0.));
#2488 = CARTESIAN_POINT('',(1.930576261421,-18.6944313613,0.));
#2489 = PCURVE('',#57,#2490);
#2490 = DEFINITIONAL_REPRESENTATION('',(#2491),#2496);
#2491 = B_SPLINE_CURVE_WITH_KNOTS('',3,(#2492,#2493,#2494,#2495),
  .UNSPECIFIED.,.F.,.F.,(4,4),(0.,1.),.PIECEWISE_BEZIER_KNOTS.);
#2492 = CARTESIAN_POINT('',(2.908955819179,-20.7975473564));
#2493 = CARTESIAN_POINT('',(2.479870290723,-20.15504384492));
#2494 = CARTESIAN_POINT('',(2.079299961273,-19.46117689841));
#2495 = CARTESIAN_POINT('',(1.930576261421,-18.6944313613));
#2496 = ( GEOMETRIC_REPRESENTATION_CONTEXT(2) 
PARAMETRIC_REPRESENTATION_CONTEXT() REPRESENTATION_CONTEXT('2D SPACE',''
  ) );
#2497 = PCURVE('',#2498,#2515);
#2498 = B_SPLINE_SURFACE_WITH_KNOTS('',3,3,(
    (#2499,#2500,#2501,#2502)
    ,(#2503,#2504,#2505,#2506)
    ,(#2507,#2508,#2509,#2510)
    ,(#2511,#2512,#2513,#2514
    )),.UNSPECIFIED.,.F.,.F.,.F.,(4,4),(4,4),(0.,1.),(0.,1.),
  .PIECEWISE_BEZIER_KNOTS.);
#2499 = CARTESIAN_POINT('',(2.908955819179,-20.7975473564,0.));
#2500 = CARTESIAN_POINT('',(2.479870290723,-20.15504384492,0.));
#2501 = CARTESIAN_POINT('',(2.079299961273,-19.46117689841,0.));
#2502 = CARTESIAN_POINT('',(1.930576261421,-18.6944313613,0.));
#2503 = CARTESIAN_POINT('',(0.967282484038,-21.06951923881,
    2.666669951599));
#2504 = CARTESIAN_POINT('',(0.59817529034,-20.38694309383,2.666669951599
    ));
#2505 = CARTESIAN_POINT('',(0.262379277493,-19.65566484163,
    2.666669951599));
#2506 = CARTESIAN_POINT('',(0.185238706263,-18.87501988139,
    2.666669951599));
#2507 = CARTESIAN_POINT('',(-1.012492631347,-21.06739506987,
    5.333330048401));
#2508 = CARTESIAN_POINT('',(-1.315974286612,-20.35321778162,
    5.333330048401));
#2509 = CARTESIAN_POINT('',(-1.581725115517,-19.59367624799,
    5.333330048401));
#2510 = CARTESIAN_POINT('',(-1.585331259374,-18.80923745661,
    5.333330048401));
#2511 = CARTESIAN_POINT('',(-2.953577880693,-20.79125724199,8.));
#2512 = CARTESIAN_POINT('',(-3.188332281514,-20.05517604789,8.));
#2513 = CARTESIAN_POINT('',(-3.381483976299,-19.27761553508,8.));
#2514 = CARTESIAN_POINT('',(-3.312456652197,-18.49963565995,8.));
#2515 = DEFINITIONAL_REPRESENTATION('',(#2516),#2520);
#2516 = LINE('',#2517,#2518);
#2517 = CARTESIAN_POINT('',(0.,0.));
#2518 = VECTOR('',#2519,1.);
#2519 = DIRECTION('',(0.,1.));
#2520 = ( GEOMETRIC_REPRESENTATION_CONTEXT(2) 
PARAMETRIC_REPRESENTATION_CONTEXT() REPRESENTATION_CONTEXT('2D SPACE',''
  ) );
#2521 = ORIENTED_EDGE('',*,*,#2522,.T.);
#2522 = EDGE_CURVE('',#2481,#2523,#2525,.T.);
#2523 = VERTEX_POINT('',#2524);
#2524 = CARTESIAN_POINT('',(3.796262668222,-20.15560690611,0.));
#2525 = SURFACE_CURVE('',#2526,(#2531,#2538),.PCURVE_S1.);
#2526 = CIRCLE('',#2527,20.51);
#2527 = AXIS2_PLACEMENT_3D('',#2528,#2529,#2530);
#2528 = CARTESIAN_POINT('',(0.,0.,0.));
#2529 = DIRECTION('',(0.,0.,1.));
#2530 = DIRECTION('',(1.,0.,-0.));
#2531 = PCURVE('',#57,#2532);
#2532 = DEFINITIONAL_REPRESENTATION('',(#2533),#2537);
#2533 = CIRCLE('',#2534,20.51);
#2534 = AXIS2_PLACEMENT_2D('',#2535,#2536);
#2535 = CARTESIAN_POINT('',(6.017486224637E-16,-2.462096471272E-15));
#2536 = DIRECTION('',(1.,0.));
#2537 = ( GEOMETRIC_REPRESENTATION_CONTEXT(2) 
PARAMETRIC_REPRESENTATION_CONTEXT() REPRESENTATION_CONTEXT('2D SPACE',''
  ) );
#2538 = PCURVE('',#2539,#2544);
#2539 = CONICAL_SURFACE('',#2540,20.5,0.785398163397);
#2540 = AXIS2_PLACEMENT_3D('',#2541,#2542,#2543);
#2541 = CARTESIAN_POINT('',(0.,0.,-1.E-02));
#2542 = DIRECTION('',(0.,0.,1.));
#2543 = DIRECTION('',(1.,0.,-0.));
#2544 = DEFINITIONAL_REPRESENTATION('',(#2545),#2549);
#2545 = LINE('',#2546,#2547);
#2546 = CARTESIAN_POINT('',(0.,1.E-02));
#2547 = VECTOR('',#2548,1.);
#2548 = DIRECTION('',(1.,0.));
#2549 = ( GEOMETRIC_REPRESENTATION_CONTEXT(2) 
PARAMETRIC_REPRESENTATION_CONTEXT() REPRESENTATION_CONTEXT('2D SPACE',''
  ) );
#2550 = ORIENTED_EDGE('',*,*,#2551,.F.);
#2551 = EDGE_CURVE('',#2552,#2523,#2554,.T.);
#2552 = VERTEX_POINT('',#2553);
#2553 = CARTESIAN_POINT('',(3.940809857191,-18.37604163832,0.));
#2554 = SURFACE_CURVE('',#2555,(#2560,#2568),.PCURVE_S1.);
#2555 = B_SPLINE_CURVE_WITH_KNOTS('',3,(#2556,#2557,#2558,#2559),
  .UNSPECIFIED.,.F.,.F.,(4,4),(0.,1.),.PIECEWISE_BEZIER_KNOTS.);
#2556 = CARTESIAN_POINT('',(3.940809857191,-18.37604163832,0.));
#2557 = CARTESIAN_POINT('',(4.036302614648,-19.15121812845,0.));
#2558 = CARTESIAN_POINT('',(3.869754270894,-19.9349078486,0.));
#2559 = CARTESIAN_POINT('',(3.660214187003,-20.67855972028,0.));
#2560 = PCURVE('',#57,#2561);
#2561 = DEFINITIONAL_REPRESENTATION('',(#2562),#2567);
#2562 = B_SPLINE_CURVE_WITH_KNOTS('',3,(#2563,#2564,#2565,#2566),
  .UNSPECIFIED.,.F.,.F.,(4,4),(0.,1.),.PIECEWISE_BEZIER_KNOTS.);
#2563 = CARTESIAN_POINT('',(3.940809857191,-18.37604163832));
#2564 = CARTESIAN_POINT('',(4.036302614648,-19.15121812845));
#2565 = CARTESIAN_POINT('',(3.869754270894,-19.9349078486));
#2566 = CARTESIAN_POINT('',(3.660214187003,-20.67855972028));
#2567 = ( GEOMETRIC_REPRESENTATION_CONTEXT(2) 
PARAMETRIC_REPRESENTATION_CONTEXT() REPRESENTATION_CONTEXT('2D SPACE',''
  ) );
#2568 = PCURVE('',#2569,#2586);
#2569 = B_SPLINE_SURFACE_WITH_KNOTS('',3,3,(
    (#2570,#2571,#2572,#2573)
    ,(#2574,#2575,#2576,#2577)
    ,(#2578,#2579,#2580,#2581)
    ,(#2582,#2583,#2584,#2585
    )),.UNSPECIFIED.,.F.,.F.,.F.,(4,4),(4,4),(0.,1.),(0.,1.),
  .PIECEWISE_BEZIER_KNOTS.);
#2570 = CARTESIAN_POINT('',(3.940809857191,-18.37604163832,0.));
#2571 = CARTESIAN_POINT('',(4.036302614648,-19.15121812845,0.));
#2572 = CARTESIAN_POINT('',(3.869754270894,-19.9349078486,0.));
#2573 = CARTESIAN_POINT('',(3.660214187003,-20.67855972028,0.));
#2574 = CARTESIAN_POINT('',(2.225235155005,-18.74430626634,
    2.666669951599));
#2575 = CARTESIAN_POINT('',(2.248356664133,-19.52841252029,
    2.666669951599));
#2576 = CARTESIAN_POINT('',(2.008637432489,-20.2965671495,2.666669951599
    ));
#2577 = CARTESIAN_POINT('',(1.729663734493,-21.02066934529,
    2.666669951599));
#2578 = CARTESIAN_POINT('',(0.45793425925,-18.87037321081,5.333330048401
    ));
#2579 = CARTESIAN_POINT('',(0.407434776105,-19.65319312873,
    5.333330048401));
#2580 = CARTESIAN_POINT('',(9.674810423093E-02,-20.39548729973,
    5.333330048401));
#2581 = CARTESIAN_POINT('',(-0.248889674068,-21.09024253745,
    5.333330048401));
#2582 = CARTESIAN_POINT('',(-1.292542647676,-18.74935257889,8.));
#2583 = CARTESIAN_POINT('',(-1.415057251188,-19.52071995538,8.));
#2584 = CARTESIAN_POINT('',(-1.791755225935,-20.22783137807,8.));
#2585 = CARTESIAN_POINT('',(-2.198701780037,-20.88458068725,8.));
#2586 = DEFINITIONAL_REPRESENTATION('',(#2587),#2591);
#2587 = LINE('',#2588,#2589);
#2588 = CARTESIAN_POINT('',(0.,0.));
#2589 = VECTOR('',#2590,1.);
#2590 = DIRECTION('',(0.,1.));
#2591 = ( GEOMETRIC_REPRESENTATION_CONTEXT(2) 
PARAMETRIC_REPRESENTATION_CONTEXT() REPRESENTATION_CONTEXT('2D SPACE',''
  ) );
#2592 = ORIENTED_EDGE('',*,*,#2593,.F.);
#2593 = EDGE_CURVE('',#2594,#2552,#2596,.T.);
#2594 = VERTEX_POINT('',#2595);
#2595 = CARTESIAN_POINT('',(4.831261033273,-18.16226322494,0.));
#2596 = SURFACE_CURVE('',#2597,(#2602,#2610),.PCURVE_S1.);
#2597 = B_SPLINE_CURVE_WITH_KNOTS('',3,(#2598,#2599,#2600,#2601),
  .UNSPECIFIED.,.F.,.F.,(4,4),(0.,1.),.PIECEWISE_BEZIER_KNOTS.);
#2598 = CARTESIAN_POINT('',(4.831261033273,-18.16226322494,0.));
#2599 = CARTESIAN_POINT('',(4.525291248996,-18.18325538033,0.));
#2600 = CARTESIAN_POINT('',(4.222961170303,-18.25583841046,0.));
#2601 = CARTESIAN_POINT('',(3.940809857191,-18.37604163832,0.));
#2602 = PCURVE('',#57,#2603);
#2603 = DEFINITIONAL_REPRESENTATION('',(#2604),#2609);
#2604 = B_SPLINE_CURVE_WITH_KNOTS('',3,(#2605,#2606,#2607,#2608),
  .UNSPECIFIED.,.F.,.F.,(4,4),(0.,1.),.PIECEWISE_BEZIER_KNOTS.);
#2605 = CARTESIAN_POINT('',(4.831261033273,-18.16226322494));
#2606 = CARTESIAN_POINT('',(4.525291248996,-18.18325538033));
#2607 = CARTESIAN_POINT('',(4.222961170303,-18.25583841046));
#2608 = CARTESIAN_POINT('',(3.940809857191,-18.37604163832));
#2609 = ( GEOMETRIC_REPRESENTATION_CONTEXT(2) 
PARAMETRIC_REPRESENTATION_CONTEXT() REPRESENTATION_CONTEXT('2D SPACE',''
  ) );
#2610 = PCURVE('',#2611,#2628);
#2611 = B_SPLINE_SURFACE_WITH_KNOTS('',3,3,(
    (#2612,#2613,#2614,#2615)
    ,(#2616,#2617,#2618,#2619)
    ,(#2620,#2621,#2622,#2623)
    ,(#2624,#2625,#2626,#2627
    )),.UNSPECIFIED.,.F.,.F.,.F.,(4,4),(4,4),(0.,1.),(0.,1.),
  .PIECEWISE_BEZIER_KNOTS.);
#2612 = CARTESIAN_POINT('',(4.831261033273,-18.16226322494,0.));
#2613 = CARTESIAN_POINT('',(4.525291248996,-18.18325538033,0.));
#2614 = CARTESIAN_POINT('',(4.222961170303,-18.25583841046,0.));
#2615 = CARTESIAN_POINT('',(3.940809857191,-18.37604163832,0.));
#2616 = CARTESIAN_POINT('',(3.13566191805,-18.61365932376,2.666669690328
    ));
#2617 = CARTESIAN_POINT('',(2.827726613455,-18.60608553152,
    2.666669690328));
#2618 = CARTESIAN_POINT('',(2.518614389604,-18.65044337712,
    2.666669690328));
#2619 = CARTESIAN_POINT('',(2.225235325834,-18.74430625096,
    2.666669690328));
#2620 = CARTESIAN_POINT('',(1.376599627837,-18.82566499622,
    5.333330309672));
#2621 = CARTESIAN_POINT('',(1.070731012642,-18.78925202623,
    5.333330309672));
#2622 = CARTESIAN_POINT('',(0.758821463391,-18.80443156794,
    5.333330309672));
#2623 = CARTESIAN_POINT('',(0.457934087968,-18.87037321984,
    5.333330309672));
#2624 = CARTESIAN_POINT('',(-0.377694206198,-18.79005683095,8.));
#2625 = CARTESIAN_POINT('',(-0.677544086343,-18.72565008553,8.));
#2626 = CARTESIAN_POINT('',(-0.988157636792,-18.71182999066,8.));
#2627 = CARTESIAN_POINT('',(-1.292542647676,-18.74935257889,8.));
#2628 = DEFINITIONAL_REPRESENTATION('',(#2629),#2633);
#2629 = LINE('',#2630,#2631);
#2630 = CARTESIAN_POINT('',(0.,0.));
#2631 = VECTOR('',#2632,1.);
#2632 = DIRECTION('',(0.,1.));
#2633 = ( GEOMETRIC_REPRESENTATION_CONTEXT(2) 
PARAMETRIC_REPRESENTATION_CONTEXT() REPRESENTATION_CONTEXT('2D SPACE',''
  ) );
#2634 = ORIENTED_EDGE('',*,*,#2635,.F.);
#2635 = EDGE_CURVE('',#2636,#2594,#2638,.T.);
#2636 = VERTEX_POINT('',#2637);
#2637 = CARTESIAN_POINT('',(5.767959246943,-19.68224443821,0.));
#2638 = SURFACE_CURVE('',#2639,(#2644,#2652),.PCURVE_S1.);
#2639 = B_SPLINE_CURVE_WITH_KNOTS('',3,(#2640,#2641,#2642,#2643),
  .UNSPECIFIED.,.F.,.F.,(4,4),(0.,1.),.PIECEWISE_BEZIER_KNOTS.);
#2640 = CARTESIAN_POINT('',(6.126594940758,-20.0864340895,0.));
#2641 = CARTESIAN_POINT('',(5.602282474078,-19.51896462751,0.));
#2642 = CARTESIAN_POINT('',(5.098099125506,-18.89630333972,0.));
#2643 = CARTESIAN_POINT('',(4.831261033273,-18.16226322494,0.));
#2644 = PCURVE('',#57,#2645);
#2645 = DEFINITIONAL_REPRESENTATION('',(#2646),#2651);
#2646 = B_SPLINE_CURVE_WITH_KNOTS('',3,(#2647,#2648,#2649,#2650),
  .UNSPECIFIED.,.F.,.F.,(4,4),(0.,1.),.PIECEWISE_BEZIER_KNOTS.);
#2647 = CARTESIAN_POINT('',(6.126594940758,-20.0864340895));
#2648 = CARTESIAN_POINT('',(5.602282474078,-19.51896462751));
#2649 = CARTESIAN_POINT('',(5.098099125506,-18.89630333972));
#2650 = CARTESIAN_POINT('',(4.831261033273,-18.16226322494));
#2651 = ( GEOMETRIC_REPRESENTATION_CONTEXT(2) 
PARAMETRIC_REPRESENTATION_CONTEXT() REPRESENTATION_CONTEXT('2D SPACE',''
  ) );
#2652 = PCURVE('',#2653,#2670);
#2653 = B_SPLINE_SURFACE_WITH_KNOTS('',3,3,(
    (#2654,#2655,#2656,#2657)
    ,(#2658,#2659,#2660,#2661)
    ,(#2662,#2663,#2664,#2665)
    ,(#2666,#2667,#2668,#2669
    )),.UNSPECIFIED.,.F.,.F.,.F.,(4,4),(4,4),(0.,1.),(0.,1.),
  .PIECEWISE_BEZIER_KNOTS.);
#2654 = CARTESIAN_POINT('',(6.126594940758,-20.0864340895,0.));
#2655 = CARTESIAN_POINT('',(5.602282474078,-19.51896462751,0.));
#2656 = CARTESIAN_POINT('',(5.098099125506,-18.89630333972,0.));
#2657 = CARTESIAN_POINT('',(4.831261033273,-18.16226322494,0.));
#2658 = CARTESIAN_POINT('',(4.251372602325,-20.65880217618,
    2.666669951599));
#2659 = CARTESIAN_POINT('',(3.780031296591,-20.04237076261,
    2.666669951599));
#2660 = CARTESIAN_POINT('',(3.333972367705,-19.37262582882,
    2.666669951599));
#2661 = CARTESIAN_POINT('',(3.135661748173,-18.61365934743,
    2.666669951599));
#2662 = CARTESIAN_POINT('',(2.295639510627,-20.96640922036,
    5.333330048401));
#2663 = CARTESIAN_POINT('',(1.884172276106,-20.30849963004,
    5.333330048401));
#2664 = CARTESIAN_POINT('',(1.502874807403,-19.59988190182,
    5.333330048401));
#2665 = CARTESIAN_POINT('',(1.376599798476,-18.82566497885,
    5.333330048401));
#2666 = CARTESIAN_POINT('',(0.335254768365,-20.99732373995,8.));
#2667 = CARTESIAN_POINT('',(-1.175788405362E-02,-20.30702860592,8.));
#2668 = CARTESIAN_POINT('',(-0.324168823818,-19.56925673535,8.));
#2669 = CARTESIAN_POINT('',(-0.377694206198,-18.79005683095,8.));
#2670 = DEFINITIONAL_REPRESENTATION('',(#2671),#2675);
#2671 = LINE('',#2672,#2673);
#2672 = CARTESIAN_POINT('',(0.,0.));
#2673 = VECTOR('',#2674,1.);
#2674 = DIRECTION('',(0.,1.));
#2675 = ( GEOMETRIC_REPRESENTATION_CONTEXT(2) 
PARAMETRIC_REPRESENTATION_CONTEXT() REPRESENTATION_CONTEXT('2D SPACE',''
  ) );
#2676 = ORIENTED_EDGE('',*,*,#2677,.T.);
#2677 = EDGE_CURVE('',#2636,#2678,#2680,.T.);
#2678 = VERTEX_POINT('',#2679);
#2679 = CARTESIAN_POINT('',(6.902555959159,-19.31359161913,0.));
#2680 = SURFACE_CURVE('',#2681,(#2686,#2693),.PCURVE_S1.);
#2681 = CIRCLE('',#2682,20.51);
#2682 = AXIS2_PLACEMENT_3D('',#2683,#2684,#2685);
#2683 = CARTESIAN_POINT('',(0.,0.,0.));
#2684 = DIRECTION('',(0.,0.,1.));
#2685 = DIRECTION('',(1.,0.,-0.));
#2686 = PCURVE('',#57,#2687);
#2687 = DEFINITIONAL_REPRESENTATION('',(#2688),#2692);
#2688 = CIRCLE('',#2689,20.51);
#2689 = AXIS2_PLACEMENT_2D('',#2690,#2691);
#2690 = CARTESIAN_POINT('',(6.017486224637E-16,-2.462096471272E-15));
#2691 = DIRECTION('',(1.,0.));
#2692 = ( GEOMETRIC_REPRESENTATION_CONTEXT(2) 
PARAMETRIC_REPRESENTATION_CONTEXT() REPRESENTATION_CONTEXT('2D SPACE',''
  ) );
#2693 = PCURVE('',#2694,#2699);
#2694 = CONICAL_SURFACE('',#2695,20.5,0.785398163397);
#2695 = AXIS2_PLACEMENT_3D('',#2696,#2697,#2698);
#2696 = CARTESIAN_POINT('',(0.,0.,-1.E-02));
#2697 = DIRECTION('',(0.,0.,1.));
#2698 = DIRECTION('',(1.,0.,-0.));
#2699 = DEFINITIONAL_REPRESENTATION('',(#2700),#2704);
#2700 = LINE('',#2701,#2702);
#2701 = CARTESIAN_POINT('',(0.,1.E-02));
#2702 = VECTOR('',#2703,1.);
#2703 = DIRECTION('',(1.,0.));
#2704 = ( GEOMETRIC_REPRESENTATION_CONTEXT(2) 
PARAMETRIC_REPRESENTATION_CONTEXT() REPRESENTATION_CONTEXT('2D SPACE',''
  ) );
#2705 = ORIENTED_EDGE('',*,*,#2706,.F.);
#2706 = EDGE_CURVE('',#2707,#2678,#2709,.T.);
#2707 = VERTEX_POINT('',#2708);
#2708 = CARTESIAN_POINT('',(6.766938191697,-17.53332359062,0.));
#2709 = SURFACE_CURVE('',#2710,(#2715,#2723),.PCURVE_S1.);
#2710 = B_SPLINE_CURVE_WITH_KNOTS('',3,(#2711,#2712,#2713,#2714),
  .UNSPECIFIED.,.F.,.F.,(4,4),(0.,1.),.PIECEWISE_BEZIER_KNOTS.);
#2711 = CARTESIAN_POINT('',(6.766938191697,-17.53332359062,0.));
#2712 = CARTESIAN_POINT('',(6.982519594395,-18.2840180134,0.));
#2713 = CARTESIAN_POINT('',(6.940617819253,-19.0841131137,0.));
#2714 = CARTESIAN_POINT('',(6.849990304229,-19.85138868774,0.));
#2715 = PCURVE('',#57,#2716);
#2716 = DEFINITIONAL_REPRESENTATION('',(#2717),#2722);
#2717 = B_SPLINE_CURVE_WITH_KNOTS('',3,(#2718,#2719,#2720,#2721),
  .UNSPECIFIED.,.F.,.F.,(4,4),(0.,1.),.PIECEWISE_BEZIER_KNOTS.);
#2718 = CARTESIAN_POINT('',(6.766938191697,-17.53332359062));
#2719 = CARTESIAN_POINT('',(6.982519594395,-18.2840180134));
#2720 = CARTESIAN_POINT('',(6.940617819253,-19.0841131137));
#2721 = CARTESIAN_POINT('',(6.849990304229,-19.85138868774));
#2722 = ( GEOMETRIC_REPRESENTATION_CONTEXT(2) 
PARAMETRIC_REPRESENTATION_CONTEXT() REPRESENTATION_CONTEXT('2D SPACE',''
  ) );
#2723 = PCURVE('',#2724,#2741);
#2724 = B_SPLINE_SURFACE_WITH_KNOTS('',3,3,(
    (#2725,#2726,#2727,#2728)
    ,(#2729,#2730,#2731,#2732)
    ,(#2733,#2734,#2735,#2736)
    ,(#2737,#2738,#2739,#2740
    )),.UNSPECIFIED.,.F.,.F.,.F.,(4,4),(4,4),(0.,1.),(0.,1.),
  .PIECEWISE_BEZIER_KNOTS.);
#2725 = CARTESIAN_POINT('',(6.766938191697,-17.53332359062,0.));
#2726 = CARTESIAN_POINT('',(6.982519594395,-18.2840180134,0.));
#2727 = CARTESIAN_POINT('',(6.940617819253,-19.0841131137,0.));
#2728 = CARTESIAN_POINT('',(6.849990304229,-19.85138868774,0.));
#2729 = CARTESIAN_POINT('',(5.130094341006,-18.16542928074,
    2.666669951599));
#2730 = CARTESIAN_POINT('',(5.275592428361,-18.93626488465,
    2.666669951599));
#2731 = CARTESIAN_POINT('',(5.158990396738,-19.73246260545,
    2.666669951599));
#2732 = CARTESIAN_POINT('',(4.996725867528,-20.49129100284,
    2.666669951599));
#2733 = CARTESIAN_POINT('',(3.404273066964,-18.56641090213,
    5.333330048401));
#2734 = CARTESIAN_POINT('',(3.476855331338,-19.34749286747,
    5.333330048401));
#2735 = CARTESIAN_POINT('',(3.286114119493,-20.12925026877,
    5.333330048401));
#2736 = CARTESIAN_POINT('',(3.053415379745,-20.86952157758,
    5.333330048401));
#2737 = CARTESIAN_POINT('',(1.656415637699,-18.72071515351,8.));
#2738 = CARTESIAN_POINT('',(1.656077835147,-19.50175122404,8.));
#2739 = CARTESIAN_POINT('',(1.394634234697,-20.2590854779,8.));
#2740 = CARTESIAN_POINT('',(1.095436094811,-20.97140957976,8.));
#2741 = DEFINITIONAL_REPRESENTATION('',(#2742),#2746);
#2742 = LINE('',#2743,#2744);
#2743 = CARTESIAN_POINT('',(0.,0.));
#2744 = VECTOR('',#2745,1.);
#2745 = DIRECTION('',(0.,1.));
#2746 = ( GEOMETRIC_REPRESENTATION_CONTEXT(2) 
PARAMETRIC_REPRESENTATION_CONTEXT() REPRESENTATION_CONTEXT('2D SPACE',''
  ) );
#2747 = ORIENTED_EDGE('',*,*,#2748,.F.);
#2748 = EDGE_CURVE('',#2749,#2707,#2751,.T.);
#2749 = VERTEX_POINT('',#2750);
#2750 = CARTESIAN_POINT('',(7.612984124449,-17.18287989088,0.));
#2751 = SURFACE_CURVE('',#2752,(#2757,#2765),.PCURVE_S1.);
#2752 = B_SPLINE_CURVE_WITH_KNOTS('',3,(#2753,#2754,#2755,#2756),
  .UNSPECIFIED.,.F.,.F.,(4,4),(0.,1.),.PIECEWISE_BEZIER_KNOTS.);
#2753 = CARTESIAN_POINT('',(7.612984124449,-17.18287989088,0.));
#2754 = CARTESIAN_POINT('',(7.314065232544,-17.25147781753,0.));
#2755 = CARTESIAN_POINT('',(7.026811826296,-17.37046207424,0.));
#2756 = CARTESIAN_POINT('',(6.766938191697,-17.53332359062,0.));
#2757 = PCURVE('',#57,#2758);
#2758 = DEFINITIONAL_REPRESENTATION('',(#2759),#2764);
#2759 = B_SPLINE_CURVE_WITH_KNOTS('',3,(#2760,#2761,#2762,#2763),
  .UNSPECIFIED.,.F.,.F.,(4,4),(0.,1.),.PIECEWISE_BEZIER_KNOTS.);
#2760 = CARTESIAN_POINT('',(7.612984124449,-17.18287989088));
#2761 = CARTESIAN_POINT('',(7.314065232544,-17.25147781753));
#2762 = CARTESIAN_POINT('',(7.026811826296,-17.37046207424));
#2763 = CARTESIAN_POINT('',(6.766938191697,-17.53332359062));
#2764 = ( GEOMETRIC_REPRESENTATION_CONTEXT(2) 
PARAMETRIC_REPRESENTATION_CONTEXT() REPRESENTATION_CONTEXT('2D SPACE',''
  ) );
#2765 = PCURVE('',#2766,#2783);
#2766 = B_SPLINE_SURFACE_WITH_KNOTS('',3,3,(
    (#2767,#2768,#2769,#2770)
    ,(#2771,#2772,#2773,#2774)
    ,(#2775,#2776,#2777,#2778)
    ,(#2779,#2780,#2781,#2782
    )),.UNSPECIFIED.,.F.,.F.,.F.,(4,4),(4,4),(0.,1.),(0.,1.),
  .PIECEWISE_BEZIER_KNOTS.);
#2767 = CARTESIAN_POINT('',(7.612984124449,-17.18287989088,0.));
#2768 = CARTESIAN_POINT('',(7.314065232544,-17.25147781753,0.));
#2769 = CARTESIAN_POINT('',(7.026811826296,-17.37046207424,0.));
#2770 = CARTESIAN_POINT('',(6.766938191697,-17.53332359062,0.));
#2771 = CARTESIAN_POINT('',(6.00887455526,-17.89396869519,2.666669690328
    ));
#2772 = CARTESIAN_POINT('',(5.703545643116,-17.93465984354,
    2.666669690328));
#2773 = CARTESIAN_POINT('',(5.40517819953,-18.02682737583,2.666669690328
    ));
#2774 = CARTESIAN_POINT('',(5.130094507326,-18.16542923883,
    2.666669690328));
#2775 = CARTESIAN_POINT('',(4.304634234793,-18.37854219436,
    5.333330309672));
#2776 = CARTESIAN_POINT('',(3.996835126329,-18.39042592164,
    5.333330309672));
#2777 = CARTESIAN_POINT('',(3.691140304701,-18.45421198148,
    5.333330309672));
#2778 = CARTESIAN_POINT('',(3.404272899204,-18.56641093784,
    5.333330309672));
#2779 = CARTESIAN_POINT('',(2.566368324654,-18.61780444214,8.));
#2780 = CARTESIAN_POINT('',(2.260134659341,-18.60109750623,8.));
#2781 = CARTESIAN_POINT('',(1.951183337985,-18.63603822426,8.));
#2782 = CARTESIAN_POINT('',(1.656415637699,-18.72071515351,8.));
#2783 = DEFINITIONAL_REPRESENTATION('',(#2784),#2788);
#2784 = LINE('',#2785,#2786);
#2785 = CARTESIAN_POINT('',(0.,0.));
#2786 = VECTOR('',#2787,1.);
#2787 = DIRECTION('',(0.,1.));
#2788 = ( GEOMETRIC_REPRESENTATION_CONTEXT(2) 
PARAMETRIC_REPRESENTATION_CONTEXT() REPRESENTATION_CONTEXT('2D SPACE',''
  ) );
#2789 = ORIENTED_EDGE('',*,*,#2790,.F.);
#2790 = EDGE_CURVE('',#2791,#2749,#2793,.T.);
#2791 = VERTEX_POINT('',#2792);
#2792 = CARTESIAN_POINT('',(8.775927476717,-18.53761572919,0.));
#2793 = SURFACE_CURVE('',#2794,(#2799,#2807),.PCURVE_S1.);
#2794 = B_SPLINE_CURVE_WITH_KNOTS('',3,(#2795,#2796,#2797,#2798),
  .UNSPECIFIED.,.F.,.F.,(4,4),(0.,1.),.PIECEWISE_BEZIER_KNOTS.);
#2795 = CARTESIAN_POINT('',(9.193376961893,-18.88072615225,0.));
#2796 = CARTESIAN_POINT('',(8.586747870012,-18.40226372124,0.));
#2797 = CARTESIAN_POINT('',(7.991366169649,-17.86614007957,0.));
#2798 = CARTESIAN_POINT('',(7.612984124449,-17.18287989088,0.));
#2799 = PCURVE('',#57,#2800);
#2800 = DEFINITIONAL_REPRESENTATION('',(#2801),#2806);
#2801 = B_SPLINE_CURVE_WITH_KNOTS('',3,(#2802,#2803,#2804,#2805),
  .UNSPECIFIED.,.F.,.F.,(4,4),(0.,1.),.PIECEWISE_BEZIER_KNOTS.);
#2802 = CARTESIAN_POINT('',(9.193376961893,-18.88072615225));
#2803 = CARTESIAN_POINT('',(8.586747870012,-18.40226372124));
#2804 = CARTESIAN_POINT('',(7.991366169649,-17.86614007957));
#2805 = CARTESIAN_POINT('',(7.612984124449,-17.18287989088));
#2806 = ( GEOMETRIC_REPRESENTATION_CONTEXT(2) 
PARAMETRIC_REPRESENTATION_CONTEXT() REPRESENTATION_CONTEXT('2D SPACE',''
  ) );
#2807 = PCURVE('',#2808,#2825);
#2808 = B_SPLINE_SURFACE_WITH_KNOTS('',3,3,(
    (#2809,#2810,#2811,#2812)
    ,(#2813,#2814,#2815,#2816)
    ,(#2817,#2818,#2819,#2820)
    ,(#2821,#2822,#2823,#2824
    )),.UNSPECIFIED.,.F.,.F.,.F.,(4,4),(4,4),(0.,1.),(0.,1.),
  .PIECEWISE_BEZIER_KNOTS.);
#2809 = CARTESIAN_POINT('',(9.193376961893,-18.88072615225,0.));
#2810 = CARTESIAN_POINT('',(8.586747870012,-18.40226372124,0.));
#2811 = CARTESIAN_POINT('',(7.991366169649,-17.86614007957,0.));
#2812 = CARTESIAN_POINT('',(7.612984124449,-17.18287989088,0.));
#2813 = CARTESIAN_POINT('',(7.430779817646,-19.73939684135,
    2.666669951599));
#2814 = CARTESIAN_POINT('',(6.868810387116,-19.2042887464,2.666669951599
    ));
#2815 = CARTESIAN_POINT('',(6.323471993405,-18.61256847403,
    2.666669951599));
#2816 = CARTESIAN_POINT('',(6.008874391178,-17.89396874515,
    2.666669951599));
#2817 = CARTESIAN_POINT('',(5.547245389058,-20.34916079233,
    5.333330048401));
#2818 = CARTESIAN_POINT('',(5.037924264178,-19.76371881751,
    5.333330048401));
#2819 = CARTESIAN_POINT('',(4.550468964809,-19.12347341495,
    5.333330048401));
#2820 = CARTESIAN_POINT('',(4.304634400615,-18.37854215052,
    5.333330048401));
#2821 = CARTESIAN_POINT('',(3.615832332378,-20.6863664413,8.));
#2822 = CARTESIAN_POINT('',(3.165106031534,-20.0588547245,8.));
#2823 = CARTESIAN_POINT('',(2.741128440961,-19.37903788815,8.));
#2824 = CARTESIAN_POINT('',(2.566368324654,-18.61780444214,8.));
#2825 = DEFINITIONAL_REPRESENTATION('',(#2826),#2830);
#2826 = LINE('',#2827,#2828);
#2827 = CARTESIAN_POINT('',(0.,0.));
#2828 = VECTOR('',#2829,1.);
#2829 = DIRECTION('',(0.,1.));
#2830 = ( GEOMETRIC_REPRESENTATION_CONTEXT(2) 
PARAMETRIC_REPRESENTATION_CONTEXT() REPRESENTATION_CONTEXT('2D SPACE',''
  ) );
#2831 = ORIENTED_EDGE('',*,*,#2832,.T.);
#2832 = EDGE_CURVE('',#2791,#2833,#2835,.T.);
#2833 = VERTEX_POINT('',#2834);
#2834 = CARTESIAN_POINT('',(9.838885414111,-17.99601160835,0.));
#2835 = SURFACE_CURVE('',#2836,(#2841,#2848),.PCURVE_S1.);
#2836 = CIRCLE('',#2837,20.51);
#2837 = AXIS2_PLACEMENT_3D('',#2838,#2839,#2840);
#2838 = CARTESIAN_POINT('',(0.,0.,0.));
#2839 = DIRECTION('',(0.,0.,1.));
#2840 = DIRECTION('',(1.,0.,-0.));
#2841 = PCURVE('',#57,#2842);
#2842 = DEFINITIONAL_REPRESENTATION('',(#2843),#2847);
#2843 = CIRCLE('',#2844,20.51);
#2844 = AXIS2_PLACEMENT_2D('',#2845,#2846);
#2845 = CARTESIAN_POINT('',(6.017486224637E-16,-2.462096471272E-15));
#2846 = DIRECTION('',(1.,0.));
#2847 = ( GEOMETRIC_REPRESENTATION_CONTEXT(2) 
PARAMETRIC_REPRESENTATION_CONTEXT() REPRESENTATION_CONTEXT('2D SPACE',''
  ) );
#2848 = PCURVE('',#2849,#2854);
#2849 = CONICAL_SURFACE('',#2850,20.5,0.785398163397);
#2850 = AXIS2_PLACEMENT_3D('',#2851,#2852,#2853);
#2851 = CARTESIAN_POINT('',(0.,0.,-1.E-02));
#2852 = DIRECTION('',(0.,0.,1.));
#2853 = DIRECTION('',(1.,0.,-0.));
#2854 = DEFINITIONAL_REPRESENTATION('',(#2855),#2859);
#2855 = LINE('',#2856,#2857);
#2856 = CARTESIAN_POINT('',(0.,1.E-02));
#2857 = VECTOR('',#2858,1.);
#2858 = DIRECTION('',(1.,0.));
#2859 = ( GEOMETRIC_REPRESENTATION_CONTEXT(2) 
PARAMETRIC_REPRESENTATION_CONTEXT() REPRESENTATION_CONTEXT('2D SPACE',''
  ) );
#2860 = ORIENTED_EDGE('',*,*,#2861,.F.);
#2861 = EDGE_CURVE('',#2862,#2833,#2864,.T.);
#2862 = VERTEX_POINT('',#2863);
#2863 = CARTESIAN_POINT('',(9.426442049744,-16.25887692636,0.));
#2864 = SURFACE_CURVE('',#2865,(#2870,#2878),.PCURVE_S1.);
#2865 = B_SPLINE_CURVE_WITH_KNOTS('',3,(#2866,#2867,#2868,#2869),
  .UNSPECIFIED.,.F.,.F.,(4,4),(0.,1.),.PIECEWISE_BEZIER_KNOTS.);
#2866 = CARTESIAN_POINT('',(9.426442049744,-16.25887692636,0.));
#2867 = CARTESIAN_POINT('',(9.756803768073,-16.96660469368,0.));
#2868 = CARTESIAN_POINT('',(9.840580322312,-17.76340417739,0.));
#2869 = CARTESIAN_POINT('',(9.87109692635,-18.53541058273,0.));
#2870 = PCURVE('',#57,#2871);
#2871 = DEFINITIONAL_REPRESENTATION('',(#2872),#2877);
#2872 = B_SPLINE_CURVE_WITH_KNOTS('',3,(#2873,#2874,#2875,#2876),
  .UNSPECIFIED.,.F.,.F.,(4,4),(0.,1.),.PIECEWISE_BEZIER_KNOTS.);
#2873 = CARTESIAN_POINT('',(9.426442049744,-16.25887692636));
#2874 = CARTESIAN_POINT('',(9.756803768073,-16.96660469368));
#2875 = CARTESIAN_POINT('',(9.840580322312,-17.76340417739));
#2876 = CARTESIAN_POINT('',(9.87109692635,-18.53541058273));
#2877 = ( GEOMETRIC_REPRESENTATION_CONTEXT(2) 
PARAMETRIC_REPRESENTATION_CONTEXT() REPRESENTATION_CONTEXT('2D SPACE',''
  ) );
#2878 = PCURVE('',#2879,#2896);
#2879 = B_SPLINE_SURFACE_WITH_KNOTS('',3,3,(
    (#2880,#2881,#2882,#2883)
    ,(#2884,#2885,#2886,#2887)
    ,(#2888,#2889,#2890,#2891)
    ,(#2892,#2893,#2894,#2895
    )),.UNSPECIFIED.,.F.,.F.,.F.,(4,4),(4,4),(0.,1.),(0.,1.),
  .PIECEWISE_BEZIER_KNOTS.);
#2880 = CARTESIAN_POINT('',(9.426442049744,-16.25887692636,0.));
#2881 = CARTESIAN_POINT('',(9.756803768073,-16.96660469368,0.));
#2882 = CARTESIAN_POINT('',(9.840580322312,-17.76340417739,0.));
#2883 = CARTESIAN_POINT('',(9.87109692635,-18.53541058273,0.));
#2884 = CARTESIAN_POINT('',(7.908633578524,-17.13925913865,
    2.666669951599));
#2885 = CARTESIAN_POINT('',(8.172925598316,-17.87784356169,
    2.666669951599));
#2886 = CARTESIAN_POINT('',(8.182311895711,-18.68247934377,
    2.666669951599));
#2887 = CARTESIAN_POINT('',(8.140752026522,-19.45734906921,
    2.666669951599));
#2888 = CARTESIAN_POINT('',(6.266787373635,-17.80528193865,
    5.333330048401));
#2889 = CARTESIAN_POINT('',(6.460664169292,-18.56539312117,
    5.333330048401));
#2890 = CARTESIAN_POINT('',(6.394565099145,-19.36736429104,
    5.333330048401));
#2891 = CARTESIAN_POINT('',(6.280535213203,-20.1349237345,5.333330048401
    ));
#2892 = CARTESIAN_POINT('',(4.564587472745,-18.23111159056,8.));
#2893 = CARTESIAN_POINT('',(4.686434788973,-19.00258465496,8.));
#2894 = CARTESIAN_POINT('',(4.546683171945,-19.79149365721,8.));
#2895 = CARTESIAN_POINT('',(4.362600697462,-20.5418527683,8.));
#2896 = DEFINITIONAL_REPRESENTATION('',(#2897),#2901);
#2897 = LINE('',#2898,#2899);
#2898 = CARTESIAN_POINT('',(0.,0.));
#2899 = VECTOR('',#2900,1.);
#2900 = DIRECTION('',(0.,1.));
#2901 = ( GEOMETRIC_REPRESENTATION_CONTEXT(2) 
PARAMETRIC_REPRESENTATION_CONTEXT() REPRESENTATION_CONTEXT('2D SPACE',''
  ) );
#2902 = ORIENTED_EDGE('',*,*,#2903,.F.);
#2903 = EDGE_CURVE('',#2904,#2862,#2906,.T.);
#2904 = VERTEX_POINT('',#2905);
#2905 = CARTESIAN_POINT('',(10.207250280436,-15.7803970272,0.));
#2906 = SURFACE_CURVE('',#2907,(#2912,#2920),.PCURVE_S1.);
#2907 = B_SPLINE_CURVE_WITH_KNOTS('',3,(#2908,#2909,#2910,#2911),
  .UNSPECIFIED.,.F.,.F.,(4,4),(0.,1.),.PIECEWISE_BEZIER_KNOTS.);
#2908 = CARTESIAN_POINT('',(10.207250280436,-15.7803970272,0.));
#2909 = CARTESIAN_POINT('',(9.922742656076,-15.89491161649,0.));
#2910 = CARTESIAN_POINT('',(9.657639054474,-16.05736731249,0.));
#2911 = CARTESIAN_POINT('',(9.426442049744,-16.25887692636,0.));
#2912 = PCURVE('',#57,#2913);
#2913 = DEFINITIONAL_REPRESENTATION('',(#2914),#2919);
#2914 = B_SPLINE_CURVE_WITH_KNOTS('',3,(#2915,#2916,#2917,#2918),
  .UNSPECIFIED.,.F.,.F.,(4,4),(0.,1.),.PIECEWISE_BEZIER_KNOTS.);
#2915 = CARTESIAN_POINT('',(10.207250280436,-15.7803970272));
#2916 = CARTESIAN_POINT('',(9.922742656076,-15.89491161649));
#2917 = CARTESIAN_POINT('',(9.657639054474,-16.05736731249));
#2918 = CARTESIAN_POINT('',(9.426442049744,-16.25887692636));
#2919 = ( GEOMETRIC_REPRESENTATION_CONTEXT(2) 
PARAMETRIC_REPRESENTATION_CONTEXT() REPRESENTATION_CONTEXT('2D SPACE',''
  ) );
#2920 = PCURVE('',#2921,#2938);
#2921 = B_SPLINE_SURFACE_WITH_KNOTS('',3,3,(
    (#2922,#2923,#2924,#2925)
    ,(#2926,#2927,#2928,#2929)
    ,(#2930,#2931,#2932,#2933)
    ,(#2934,#2935,#2936,#2937
    )),.UNSPECIFIED.,.F.,.F.,.F.,(4,4),(4,4),(0.,1.),(0.,1.),
  .PIECEWISE_BEZIER_KNOTS.);
#2922 = CARTESIAN_POINT('',(10.207250280436,-15.7803970272,0.));
#2923 = CARTESIAN_POINT('',(9.922742656076,-15.89491161649,0.));
#2924 = CARTESIAN_POINT('',(9.657639054474,-16.05736731249,0.));
#2925 = CARTESIAN_POINT('',(9.426442049744,-16.25887692636,0.));
#2926 = CARTESIAN_POINT('',(8.734128758608,-16.73366917066,
    2.666669690328));
#2927 = CARTESIAN_POINT('',(8.438924450061,-16.82162330849,
    2.666669690328));
#2928 = CARTESIAN_POINT('',(8.158648583426,-16.95933105693,
    2.666669690328));
#2929 = CARTESIAN_POINT('',(7.908633736241,-17.13925907124,
    2.666669690328));
#2930 = CARTESIAN_POINT('',(7.126674460626,-17.47887868879,
    5.333330309672));
#2931 = CARTESIAN_POINT('',(6.824523894472,-17.53876649654,
    5.333330309672));
#2932 = CARTESIAN_POINT('',(6.532571021517,-17.64958845003,
    5.333330309672));
#2933 = CARTESIAN_POINT('',(6.266787213527,-17.80528200017,
    5.333330309672));
#2934 = CARTESIAN_POINT('',(5.447238350064,-17.98711991902,8.));
#2935 = CARTESIAN_POINT('',(5.142161388755,-18.01852417282,8.));
#2936 = CARTESIAN_POINT('',(4.842479703374,-18.10136534732,8.));
#2937 = CARTESIAN_POINT('',(4.564587472745,-18.23111159056,8.));
#2938 = DEFINITIONAL_REPRESENTATION('',(#2939),#2943);
#2939 = LINE('',#2940,#2941);
#2940 = CARTESIAN_POINT('',(0.,0.));
#2941 = VECTOR('',#2942,1.);
#2942 = DIRECTION('',(0.,1.));
#2943 = ( GEOMETRIC_REPRESENTATION_CONTEXT(2) 
PARAMETRIC_REPRESENTATION_CONTEXT() REPRESENTATION_CONTEXT('2D SPACE',''
  ) );
#2944 = ORIENTED_EDGE('',*,*,#2945,.F.);
#2945 = EDGE_CURVE('',#2946,#2904,#2948,.T.);
#2946 = VERTEX_POINT('',#2947);
#2947 = CARTESIAN_POINT('',(11.56780324638,-16.93652939811,0.));
#2948 = SURFACE_CURVE('',#2949,(#2954,#2962),.PCURVE_S1.);
#2949 = B_SPLINE_CURVE_WITH_KNOTS('',3,(#2950,#2951,#2952,#2953),
  .UNSPECIFIED.,.F.,.F.,(4,4),(0.,1.),.PIECEWISE_BEZIER_KNOTS.);
#2950 = CARTESIAN_POINT('',(12.033787531157,-17.2101120756,0.));
#2951 = CARTESIAN_POINT('',(11.359779035604,-16.83243800855,0.));
#2952 = CARTESIAN_POINT('',(10.687859256872,-16.39605315634,0.));
#2953 = CARTESIAN_POINT('',(10.207250280436,-15.7803970272,0.));
#2954 = PCURVE('',#57,#2955);
#2955 = DEFINITIONAL_REPRESENTATION('',(#2956),#2961);
#2956 = B_SPLINE_CURVE_WITH_KNOTS('',3,(#2957,#2958,#2959,#2960),
  .UNSPECIFIED.,.F.,.F.,(4,4),(0.,1.),.PIECEWISE_BEZIER_KNOTS.);
#2957 = CARTESIAN_POINT('',(12.033787531157,-17.2101120756));
#2958 = CARTESIAN_POINT('',(11.359779035604,-16.83243800855));
#2959 = CARTESIAN_POINT('',(10.687859256872,-16.39605315634));
#2960 = CARTESIAN_POINT('',(10.207250280436,-15.7803970272));
#2961 = ( GEOMETRIC_REPRESENTATION_CONTEXT(2) 
PARAMETRIC_REPRESENTATION_CONTEXT() REPRESENTATION_CONTEXT('2D SPACE',''
  ) );
#2962 = PCURVE('',#2963,#2980);
#2963 = B_SPLINE_SURFACE_WITH_KNOTS('',3,3,(
    (#2964,#2965,#2966,#2967)
    ,(#2968,#2969,#2970,#2971)
    ,(#2972,#2973,#2974,#2975)
    ,(#2976,#2977,#2978,#2979
    )),.UNSPECIFIED.,.F.,.F.,.F.,(4,4),(4,4),(0.,1.),(0.,1.),
  .PIECEWISE_BEZIER_KNOTS.);
#2964 = CARTESIAN_POINT('',(12.033787531157,-17.2101120756,0.));
#2965 = CARTESIAN_POINT('',(11.359779035604,-16.83243800855,0.));
#2966 = CARTESIAN_POINT('',(10.687859256872,-16.39605315634,0.));
#2967 = CARTESIAN_POINT('',(10.207250280436,-15.7803970272,0.));
#2968 = CARTESIAN_POINT('',(10.427216572512,-18.33394204497,
    2.666669951599));
#2969 = CARTESIAN_POINT('',(9.788456569635,-17.89333340587,
    2.666669951599));
#2970 = CARTESIAN_POINT('',(9.157266752227,-17.39420791185,
    2.666669951599));
#2971 = CARTESIAN_POINT('',(8.734128604362,-16.73366924568,
    2.666669951599));
#2972 = CARTESIAN_POINT('',(8.662259675759,-19.23084849059,
    5.333330048401));
#2973 = CARTESIAN_POINT('',(8.067625836953,-18.73228965568,
    5.333330048401));
#2974 = CARTESIAN_POINT('',(7.486015474161,-18.17618154543,
    5.333330048401));
#2975 = CARTESIAN_POINT('',(7.126674617548,-17.47887861955,
    5.333330048401));
#2976 = CARTESIAN_POINT('',(6.807376104109,-19.86604214676,8.));
#2977 = CARTESIAN_POINT('',(6.264034532241,-19.31676526824,8.));
#2978 = CARTESIAN_POINT('',(5.738930026239,-18.71164281281,8.));
#2979 = CARTESIAN_POINT('',(5.447238350064,-17.98711991902,8.));
#2980 = DEFINITIONAL_REPRESENTATION('',(#2981),#2985);
#2981 = LINE('',#2982,#2983);
#2982 = CARTESIAN_POINT('',(0.,0.));
#2983 = VECTOR('',#2984,1.);
#2984 = DIRECTION('',(0.,1.));
#2985 = ( GEOMETRIC_REPRESENTATION_CONTEXT(2) 
PARAMETRIC_REPRESENTATION_CONTEXT() REPRESENTATION_CONTEXT('2D SPACE',''
  ) );
#2986 = ORIENTED_EDGE('',*,*,#2987,.T.);
#2987 = EDGE_CURVE('',#2946,#2988,#2990,.T.);
#2988 = VERTEX_POINT('',#2989);
#2989 = CARTESIAN_POINT('',(12.53294885678,-16.23531006643,0.));
#2990 = SURFACE_CURVE('',#2991,(#2996,#3003),.PCURVE_S1.);
#2991 = CIRCLE('',#2992,20.51);
#2992 = AXIS2_PLACEMENT_3D('',#2993,#2994,#2995);
#2993 = CARTESIAN_POINT('',(0.,0.,0.));
#2994 = DIRECTION('',(0.,0.,1.));
#2995 = DIRECTION('',(1.,0.,-0.));
#2996 = PCURVE('',#57,#2997);
#2997 = DEFINITIONAL_REPRESENTATION('',(#2998),#3002);
#2998 = CIRCLE('',#2999,20.51);
#2999 = AXIS2_PLACEMENT_2D('',#3000,#3001);
#3000 = CARTESIAN_POINT('',(6.017486224637E-16,-2.462096471272E-15));
#3001 = DIRECTION('',(1.,0.));
#3002 = ( GEOMETRIC_REPRESENTATION_CONTEXT(2) 
PARAMETRIC_REPRESENTATION_CONTEXT() REPRESENTATION_CONTEXT('2D SPACE',''
  ) );
#3003 = PCURVE('',#3004,#3009);
#3004 = CONICAL_SURFACE('',#3005,20.5,0.785398163397);
#3005 = AXIS2_PLACEMENT_3D('',#3006,#3007,#3008);
#3006 = CARTESIAN_POINT('',(0.,0.,-1.E-02));
#3007 = DIRECTION('',(0.,0.,1.));
#3008 = DIRECTION('',(1.,0.,-0.));
#3009 = DEFINITIONAL_REPRESENTATION('',(#3010),#3014);
#3010 = LINE('',#3011,#3012);
#3011 = CARTESIAN_POINT('',(0.,1.E-02));
#3012 = VECTOR('',#3013,1.);
#3013 = DIRECTION('',(1.,0.));
#3014 = ( GEOMETRIC_REPRESENTATION_CONTEXT(2) 
PARAMETRIC_REPRESENTATION_CONTEXT() REPRESENTATION_CONTEXT('2D SPACE',''
  ) );
#3015 = ORIENTED_EDGE('',*,*,#3016,.F.);
#3016 = EDGE_CURVE('',#3017,#2988,#3019,.T.);
#3017 = VERTEX_POINT('',#3018);
#3018 = CARTESIAN_POINT('',(11.853835619958,-14.58408275205,0.));
#3019 = SURFACE_CURVE('',#3020,(#3025,#3033),.PCURVE_S1.);
#3020 = B_SPLINE_CURVE_WITH_KNOTS('',3,(#3021,#3022,#3023,#3024),
  .UNSPECIFIED.,.F.,.F.,(4,4),(0.,1.),.PIECEWISE_BEZIER_KNOTS.);
#3021 = CARTESIAN_POINT('',(11.853835619958,-14.58408275205,0.));
#3022 = CARTESIAN_POINT('',(12.290843052006,-15.23141725748,0.));
#3023 = CARTESIAN_POINT('',(12.498235078823,-16.00530127689,0.));
#3024 = CARTESIAN_POINT('',(12.649144381851,-16.76302915367,0.));
#3025 = PCURVE('',#57,#3026);
#3026 = DEFINITIONAL_REPRESENTATION('',(#3027),#3032);
#3027 = B_SPLINE_CURVE_WITH_KNOTS('',3,(#3028,#3029,#3030,#3031),
  .UNSPECIFIED.,.F.,.F.,(4,4),(0.,1.),.PIECEWISE_BEZIER_KNOTS.);
#3028 = CARTESIAN_POINT('',(11.853835619958,-14.58408275205));
#3029 = CARTESIAN_POINT('',(12.290843052006,-15.23141725748));
#3030 = CARTESIAN_POINT('',(12.498235078823,-16.00530127689));
#3031 = CARTESIAN_POINT('',(12.649144381851,-16.76302915367));
#3032 = ( GEOMETRIC_REPRESENTATION_CONTEXT(2) 
PARAMETRIC_REPRESENTATION_CONTEXT() REPRESENTATION_CONTEXT('2D SPACE',''
  ) );
#3033 = PCURVE('',#3034,#3051);
#3034 = B_SPLINE_SURFACE_WITH_KNOTS('',3,3,(
    (#3035,#3036,#3037,#3038)
    ,(#3039,#3040,#3041,#3042)
    ,(#3043,#3044,#3045,#3046)
    ,(#3047,#3048,#3049,#3050
    )),.UNSPECIFIED.,.F.,.F.,.F.,(4,4),(4,4),(0.,1.),(0.,1.),
  .PIECEWISE_BEZIER_KNOTS.);
#3035 = CARTESIAN_POINT('',(11.853835619958,-14.58408275205,0.));
#3036 = CARTESIAN_POINT('',(12.290843052006,-15.23141725748,0.));
#3037 = CARTESIAN_POINT('',(12.498235078823,-16.00530127689,0.));
#3038 = CARTESIAN_POINT('',(12.649144381851,-16.76302915367,0.));
#3039 = CARTESIAN_POINT('',(10.492436010089,-15.69106355463,
    2.666669951599));
#3040 = CARTESIAN_POINT('',(10.869014215655,-16.37921039708,
    2.666669951599));
#3041 = CARTESIAN_POINT('',(11.004157720276,-17.17247143706,
    2.666669951599));
#3042 = CARTESIAN_POINT('',(11.084325853016,-17.94430262626,
    2.666669951599));
#3043 = CARTESIAN_POINT('',(8.974992576893,-16.6057278415,5.333330048401
    ));
#3044 = CARTESIAN_POINT('',(9.285390013683,-17.32615178122,
    5.333330048401));
#3045 = CARTESIAN_POINT('',(9.345560663712,-18.12858952787,
    5.333330048401));
#3046 = CARTESIAN_POINT('',(9.353007425811,-18.9045372451,5.333330048401
    ));
#3047 = CARTESIAN_POINT('',(7.360364015215,-17.29259755465,8.));
#3048 = CARTESIAN_POINT('',(7.60139616491,-18.03551138572,8.));
#3049 = CARTESIAN_POINT('',(7.586777679923,-18.83656957848,8.));
#3050 = CARTESIAN_POINT('',(7.5223435923,-19.60648736718,8.));
#3051 = DEFINITIONAL_REPRESENTATION('',(#3052),#3056);
#3052 = LINE('',#3053,#3054);
#3053 = CARTESIAN_POINT('',(0.,0.));
#3054 = VECTOR('',#3055,1.);
#3055 = DIRECTION('',(0.,1.));
#3056 = ( GEOMETRIC_REPRESENTATION_CONTEXT(2) 
PARAMETRIC_REPRESENTATION_CONTEXT() REPRESENTATION_CONTEXT('2D SPACE',''
  ) );
#3057 = ORIENTED_EDGE('',*,*,#3058,.F.);
#3058 = EDGE_CURVE('',#3059,#3017,#3061,.T.);
#3059 = VERTEX_POINT('',#3060);
#3060 = CARTESIAN_POINT('',(12.550180058597,-13.98934841658,0.));
#3061 = SURFACE_CURVE('',#3062,(#3067,#3075),.PCURVE_S1.);
#3062 = B_SPLINE_CURVE_WITH_KNOTS('',3,(#3063,#3064,#3065,#3066),
  .UNSPECIFIED.,.F.,.F.,(4,4),(0.,1.),.PIECEWISE_BEZIER_KNOTS.);
#3063 = CARTESIAN_POINT('',(12.550180058597,-13.98934841658,0.));
#3064 = CARTESIAN_POINT('',(12.28708922372,-14.14695993926,0.));
#3065 = CARTESIAN_POINT('',(12.050663157265,-14.34888687616,0.));
#3066 = CARTESIAN_POINT('',(11.853835619958,-14.58408275205,0.));
#3067 = PCURVE('',#57,#3068);
#3068 = DEFINITIONAL_REPRESENTATION('',(#3069),#3074);
#3069 = B_SPLINE_CURVE_WITH_KNOTS('',3,(#3070,#3071,#3072,#3073),
  .UNSPECIFIED.,.F.,.F.,(4,4),(0.,1.),.PIECEWISE_BEZIER_KNOTS.);
#3070 = CARTESIAN_POINT('',(12.550180058597,-13.98934841658));
#3071 = CARTESIAN_POINT('',(12.28708922372,-14.14695993926));
#3072 = CARTESIAN_POINT('',(12.050663157265,-14.34888687616));
#3073 = CARTESIAN_POINT('',(11.853835619958,-14.58408275205));
#3074 = ( GEOMETRIC_REPRESENTATION_CONTEXT(2) 
PARAMETRIC_REPRESENTATION_CONTEXT() REPRESENTATION_CONTEXT('2D SPACE',''
  ) );
#3075 = PCURVE('',#3076,#3093);
#3076 = B_SPLINE_SURFACE_WITH_KNOTS('',3,3,(
    (#3077,#3078,#3079,#3080)
    ,(#3081,#3082,#3083,#3084)
    ,(#3085,#3086,#3087,#3088)
    ,(#3089,#3090,#3091,#3092
    )),.UNSPECIFIED.,.F.,.F.,.F.,(4,4),(4,4),(0.,1.),(0.,1.),
  .PIECEWISE_BEZIER_KNOTS.);
#3077 = CARTESIAN_POINT('',(12.550180058597,-13.98934841658,0.));
#3078 = CARTESIAN_POINT('',(12.28708922372,-14.14695993926,0.));
#3079 = CARTESIAN_POINT('',(12.050663157265,-14.34888687616,0.));
#3080 = CARTESIAN_POINT('',(11.853835619958,-14.58408275205,0.));
#3081 = CARTESIAN_POINT('',(11.244319725007,-15.16133117529,
    2.666669690328));
#3082 = CARTESIAN_POINT('',(10.966508929861,-15.29438257982,
    2.666669690328));
#3083 = CARTESIAN_POINT('',(10.711225962195,-15.47423972263,
    2.666669690328));
#3084 = CARTESIAN_POINT('',(10.492436155319,-15.69106346338,
    2.666669690328));
#3085 = CARTESIAN_POINT('',(9.773232309162,-16.14882718083,
    5.333330309672));
#3086 = CARTESIAN_POINT('',(9.484170235036,-16.25524443247,
    5.333330309672));
#3087 = CARTESIAN_POINT('',(9.213148159423,-16.41037347531,
    5.333330309672));
#3088 = CARTESIAN_POINT('',(8.974992428379,-16.60572792731,
    5.333330309672));
#3089 = CARTESIAN_POINT('',(8.193979288948,-16.91353280766,8.));
#3090 = CARTESIAN_POINT('',(7.897571038923,-16.99227497423,8.));
#3091 = CARTESIAN_POINT('',(7.614538147197,-17.12097678053,8.));
#3092 = CARTESIAN_POINT('',(7.360364015215,-17.29259755465,8.));
#3093 = DEFINITIONAL_REPRESENTATION('',(#3094),#3098);
#3094 = LINE('',#3095,#3096);
#3095 = CARTESIAN_POINT('',(0.,0.));
#3096 = VECTOR('',#3097,1.);
#3097 = DIRECTION('',(0.,1.));
#3098 = ( GEOMETRIC_REPRESENTATION_CONTEXT(2) 
PARAMETRIC_REPRESENTATION_CONTEXT() REPRESENTATION_CONTEXT('2D SPACE',''
  ) );
#3099 = ORIENTED_EDGE('',*,*,#3100,.F.);
#3100 = EDGE_CURVE('',#3101,#3059,#3103,.T.);
#3101 = VERTEX_POINT('',#3102);
#3102 = CARTESIAN_POINT('',(14.07484130878,-14.91840950412,0.));
#3103 = SURFACE_CURVE('',#3104,(#3109,#3117),.PCURVE_S1.);
#3104 = B_SPLINE_CURVE_WITH_KNOTS('',3,(#3105,#3106,#3107,#3108),
  .UNSPECIFIED.,.F.,.F.,(4,4),(0.,1.),.PIECEWISE_BEZIER_KNOTS.);
#3105 = CARTESIAN_POINT('',(14.577886313553,-15.11572792256,0.));
#3106 = CARTESIAN_POINT('',(13.853094740394,-14.84814180842,0.));
#3107 = CARTESIAN_POINT('',(13.121181778218,-14.52224098903,0.));
#3108 = CARTESIAN_POINT('',(12.550180058597,-13.98934841658,0.));
#3109 = PCURVE('',#57,#3110);
#3110 = DEFINITIONAL_REPRESENTATION('',(#3111),#3116);
#3111 = B_SPLINE_CURVE_WITH_KNOTS('',3,(#3112,#3113,#3114,#3115),
  .UNSPECIFIED.,.F.,.F.,(4,4),(0.,1.),.PIECEWISE_BEZIER_KNOTS.);
#3112 = CARTESIAN_POINT('',(14.577886313553,-15.11572792256));
#3113 = CARTESIAN_POINT('',(13.853094740394,-14.84814180842));
#3114 = CARTESIAN_POINT('',(13.121181778218,-14.52224098903));
#3115 = CARTESIAN_POINT('',(12.550180058597,-13.98934841658));
#3116 = ( GEOMETRIC_REPRESENTATION_CONTEXT(2) 
PARAMETRIC_REPRESENTATION_CONTEXT() REPRESENTATION_CONTEXT('2D SPACE',''
  ) );
#3117 = PCURVE('',#3118,#3135);
#3118 = B_SPLINE_SURFACE_WITH_KNOTS('',3,3,(
    (#3119,#3120,#3121,#3122)
    ,(#3123,#3124,#3125,#3126)
    ,(#3127,#3128,#3129,#3130)
    ,(#3131,#3132,#3133,#3134
    )),.UNSPECIFIED.,.F.,.F.,.F.,(4,4),(4,4),(0.,1.),(0.,1.),
  .PIECEWISE_BEZIER_KNOTS.);
#3119 = CARTESIAN_POINT('',(14.577886313553,-15.11572792256,0.));
#3120 = CARTESIAN_POINT('',(13.853094740394,-14.84814180842,0.));
#3121 = CARTESIAN_POINT('',(13.121181778218,-14.52224098903,0.));
#3122 = CARTESIAN_POINT('',(12.550180058597,-13.98934841658,0.));
#3123 = CARTESIAN_POINT('',(13.166900649416,-16.47704474859,
    2.666669951599));
#3124 = CARTESIAN_POINT('',(12.467078465385,-16.14178481232,
    2.666669951599));
#3125 = CARTESIAN_POINT('',(11.765579212383,-15.7475442228,
    2.666669951599));
#3126 = CARTESIAN_POINT('',(11.244319584395,-15.16133127352,
    2.666669951599));
#3127 = CARTESIAN_POINT('',(11.563980380852,-17.6390088755,
    5.333330048401));
#3128 = CARTESIAN_POINT('',(10.898675686708,-17.23960935361,
    5.333330048401));
#3129 = CARTESIAN_POINT('',(10.237231437879,-16.78133176298,
    5.333330048401));
#3130 = CARTESIAN_POINT('',(9.77323245332,-16.14882708789,5.333330048401
    ));
#3131 = CARTESIAN_POINT('',(9.831299683771,-18.55654996296,8.));
#3132 = CARTESIAN_POINT('',(9.208721713625,-18.09903294241,8.));
#3133 = CARTESIAN_POINT('',(8.595420107854,-17.58350499104,8.));
#3134 = CARTESIAN_POINT('',(8.193979288948,-16.91353280766,8.));
#3135 = DEFINITIONAL_REPRESENTATION('',(#3136),#3140);
#3136 = LINE('',#3137,#3138);
#3137 = CARTESIAN_POINT('',(0.,0.));
#3138 = VECTOR('',#3139,1.);
#3139 = DIRECTION('',(0.,1.));
#3140 = ( GEOMETRIC_REPRESENTATION_CONTEXT(2) 
PARAMETRIC_REPRESENTATION_CONTEXT() REPRESENTATION_CONTEXT('2D SPACE',''
  ) );
#3141 = ORIENTED_EDGE('',*,*,#3142,.T.);
#3142 = EDGE_CURVE('',#3101,#3143,#3145,.T.);
#3143 = VERTEX_POINT('',#3144);
#3144 = CARTESIAN_POINT('',(14.918409504122,-14.07484130878,0.));
#3145 = SURFACE_CURVE('',#3146,(#3151,#3158),.PCURVE_S1.);
#3146 = CIRCLE('',#3147,20.51);
#3147 = AXIS2_PLACEMENT_3D('',#3148,#3149,#3150);
#3148 = CARTESIAN_POINT('',(0.,0.,0.));
#3149 = DIRECTION('',(0.,0.,1.));
#3150 = DIRECTION('',(1.,0.,-0.));
#3151 = PCURVE('',#57,#3152);
#3152 = DEFINITIONAL_REPRESENTATION('',(#3153),#3157);
#3153 = CIRCLE('',#3154,20.51);
#3154 = AXIS2_PLACEMENT_2D('',#3155,#3156);
#3155 = CARTESIAN_POINT('',(6.017486224637E-16,-2.462096471272E-15));
#3156 = DIRECTION('',(1.,0.));
#3157 = ( GEOMETRIC_REPRESENTATION_CONTEXT(2) 
PARAMETRIC_REPRESENTATION_CONTEXT() REPRESENTATION_CONTEXT('2D SPACE',''
  ) );
#3158 = PCURVE('',#3159,#3164);
#3159 = CONICAL_SURFACE('',#3160,20.5,0.785398163397);
#3160 = AXIS2_PLACEMENT_3D('',#3161,#3162,#3163);
#3161 = CARTESIAN_POINT('',(0.,0.,-1.E-02));
#3162 = DIRECTION('',(0.,0.,1.));
#3163 = DIRECTION('',(1.,0.,-0.));
#3164 = DEFINITIONAL_REPRESENTATION('',(#3165),#3169);
#3165 = LINE('',#3166,#3167);
#3166 = CARTESIAN_POINT('',(0.,1.E-02));
#3167 = VECTOR('',#3168,1.);
#3168 = DIRECTION('',(1.,0.));
#3169 = ( GEOMETRIC_REPRESENTATION_CONTEXT(2) 
PARAMETRIC_REPRESENTATION_CONTEXT() REPRESENTATION_CONTEXT('2D SPACE',''
  ) );
#3170 = ORIENTED_EDGE('',*,*,#3171,.F.);
#3171 = EDGE_CURVE('',#3172,#3143,#3174,.T.);
#3172 = VERTEX_POINT('',#3173);
#3173 = CARTESIAN_POINT('',(13.989348416585,-12.55018005859,0.));
#3174 = SURFACE_CURVE('',#3175,(#3180,#3188),.PCURVE_S1.);
#3175 = B_SPLINE_CURVE_WITH_KNOTS('',3,(#3176,#3177,#3178,#3179),
  .UNSPECIFIED.,.F.,.F.,(4,4),(0.,1.),.PIECEWISE_BEZIER_KNOTS.);
#3176 = CARTESIAN_POINT('',(13.989348416585,-12.55018005859,0.));
#3177 = CARTESIAN_POINT('',(14.52224098903,-13.12118177821,0.));
#3178 = CARTESIAN_POINT('',(14.848141808428,-13.85309474039,0.));
#3179 = CARTESIAN_POINT('',(15.115727922569,-14.57788631355,0.));
#3180 = PCURVE('',#57,#3181);
#3181 = DEFINITIONAL_REPRESENTATION('',(#3182),#3187);
#3182 = B_SPLINE_CURVE_WITH_KNOTS('',3,(#3183,#3184,#3185,#3186),
  .UNSPECIFIED.,.F.,.F.,(4,4),(0.,1.),.PIECEWISE_BEZIER_KNOTS.);
#3183 = CARTESIAN_POINT('',(13.989348416585,-12.55018005859));
#3184 = CARTESIAN_POINT('',(14.52224098903,-13.12118177821));
#3185 = CARTESIAN_POINT('',(14.848141808428,-13.85309474039));
#3186 = CARTESIAN_POINT('',(15.115727922569,-14.57788631355));
#3187 = ( GEOMETRIC_REPRESENTATION_CONTEXT(2) 
PARAMETRIC_REPRESENTATION_CONTEXT() REPRESENTATION_CONTEXT('2D SPACE',''
  ) );
#3188 = PCURVE('',#3189,#3206);
#3189 = B_SPLINE_SURFACE_WITH_KNOTS('',3,3,(
    (#3190,#3191,#3192,#3193)
    ,(#3194,#3195,#3196,#3197)
    ,(#3198,#3199,#3200,#3201)
    ,(#3202,#3203,#3204,#3205
    )),.UNSPECIFIED.,.F.,.F.,.F.,(4,4),(4,4),(0.,1.),(0.,1.),
  .PIECEWISE_BEZIER_KNOTS.);
#3190 = CARTESIAN_POINT('',(13.989348416585,-12.55018005859,0.));
#3191 = CARTESIAN_POINT('',(14.52224098903,-13.12118177821,0.));
#3192 = CARTESIAN_POINT('',(14.848141808428,-13.85309474039,0.));
#3193 = CARTESIAN_POINT('',(15.115727922569,-14.57788631355,0.));
#3194 = CARTESIAN_POINT('',(12.817879844687,-13.85650191024,
    2.666669951599));
#3195 = CARTESIAN_POINT('',(13.297471630815,-14.47726671301,
    2.666669951599));
#3196 = CARTESIAN_POINT('',(13.555044661062,-15.23962029139,
    2.666669951599));
#3197 = CARTESIAN_POINT('',(13.75496679024,-15.98940789892,
    2.666669951599));
#3198 = CARTESIAN_POINT('',(11.462203676614,-14.99728561364,
    5.333330048401));
#3199 = CARTESIAN_POINT('',(11.881478739494,-15.66028308221,
    5.333330048401));
#3200 = CARTESIAN_POINT('',(12.0664375086,-16.44342872519,5.333330048401
    ));
#3201 = CARTESIAN_POINT('',(12.195177554744,-17.20865830815,
    5.333330048401));
#3202 = CARTESIAN_POINT('',(9.974903967982,-15.92828237611,8.));
#3203 = CARTESIAN_POINT('',(10.329185939679,-16.62434396973,8.));
#3204 = CARTESIAN_POINT('',(10.44006054235,-17.41782664173,8.));
#3205 = CARTESIAN_POINT('',(10.496861422668,-18.18834517687,8.));
#3206 = DEFINITIONAL_REPRESENTATION('',(#3207),#3211);
#3207 = LINE('',#3208,#3209);
#3208 = CARTESIAN_POINT('',(0.,0.));
#3209 = VECTOR('',#3210,1.);
#3210 = DIRECTION('',(0.,1.));
#3211 = ( GEOMETRIC_REPRESENTATION_CONTEXT(2) 
PARAMETRIC_REPRESENTATION_CONTEXT() REPRESENTATION_CONTEXT('2D SPACE',''
  ) );
#3212 = ORIENTED_EDGE('',*,*,#3213,.F.);
#3213 = EDGE_CURVE('',#3214,#3172,#3216,.T.);
#3214 = VERTEX_POINT('',#3215);
#3215 = CARTESIAN_POINT('',(14.584082752055,-11.85383561995,0.));
#3216 = SURFACE_CURVE('',#3217,(#3222,#3230),.PCURVE_S1.);
#3217 = B_SPLINE_CURVE_WITH_KNOTS('',3,(#3218,#3219,#3220,#3221),
  .UNSPECIFIED.,.F.,.F.,(4,4),(0.,1.),.PIECEWISE_BEZIER_KNOTS.);
#3218 = CARTESIAN_POINT('',(14.584082752055,-11.85383561995,0.));
#3219 = CARTESIAN_POINT('',(14.348886876165,-12.05066315726,0.));
#3220 = CARTESIAN_POINT('',(14.146959939266,-12.28708922372,0.));
#3221 = CARTESIAN_POINT('',(13.989348416585,-12.55018005859,0.));
#3222 = PCURVE('',#57,#3223);
#3223 = DEFINITIONAL_REPRESENTATION('',(#3224),#3229);
#3224 = B_SPLINE_CURVE_WITH_KNOTS('',3,(#3225,#3226,#3227,#3228),
  .UNSPECIFIED.,.F.,.F.,(4,4),(0.,1.),.PIECEWISE_BEZIER_KNOTS.);
#3225 = CARTESIAN_POINT('',(14.584082752055,-11.85383561995));
#3226 = CARTESIAN_POINT('',(14.348886876165,-12.05066315726));
#3227 = CARTESIAN_POINT('',(14.146959939266,-12.28708922372));
#3228 = CARTESIAN_POINT('',(13.989348416585,-12.55018005859));
#3229 = ( GEOMETRIC_REPRESENTATION_CONTEXT(2) 
PARAMETRIC_REPRESENTATION_CONTEXT() REPRESENTATION_CONTEXT('2D SPACE',''
  ) );
#3230 = PCURVE('',#3231,#3248);
#3231 = B_SPLINE_SURFACE_WITH_KNOTS('',3,3,(
    (#3232,#3233,#3234,#3235)
    ,(#3236,#3237,#3238,#3239)
    ,(#3240,#3241,#3242,#3243)
    ,(#3244,#3245,#3246,#3247
    )),.UNSPECIFIED.,.F.,.F.,.F.,(4,4),(4,4),(0.,1.),(0.,1.),
  .PIECEWISE_BEZIER_KNOTS.);
#3232 = CARTESIAN_POINT('',(14.584082752055,-11.85383561995,0.));
#3233 = CARTESIAN_POINT('',(14.348886876165,-12.05066315726,0.));
#3234 = CARTESIAN_POINT('',(14.146959939266,-12.28708922372,0.));
#3235 = CARTESIAN_POINT('',(13.989348416585,-12.55018005859,0.));
#3236 = CARTESIAN_POINT('',(13.477638222019,-13.21567088882,
    2.666669690328));
#3237 = CARTESIAN_POINT('',(13.224061564051,-13.39054339289,
    2.666669690328));
#3238 = CARTESIAN_POINT('',(13.000057409254,-13.60812125029,
    2.666669690328));
#3239 = CARTESIAN_POINT('',(12.817879973854,-13.85650179739,
    2.666669690328));
#3240 = CARTESIAN_POINT('',(12.179140742748,-14.42113795279,
    5.333330309672));
#3241 = CARTESIAN_POINT('',(11.910284828257,-14.57146430241,
    5.333330309672));
#3242 = CARTESIAN_POINT('',(11.666867012959,-14.76708064272,
    5.333330309672));
#3243 = CARTESIAN_POINT('',(11.462203543351,-14.99728572162,
    5.333330309672));
#3244 = CARTESIAN_POINT('',(10.73895726348,-15.42347838579,8.));
#3245 = CARTESIAN_POINT('',(10.458516279577,-15.54761957164,8.));
#3246 = CARTESIAN_POINT('',(10.199101390633,-15.71901294415,8.));
#3247 = CARTESIAN_POINT('',(9.974903967982,-15.92828237611,8.));
#3248 = DEFINITIONAL_REPRESENTATION('',(#3249),#3253);
#3249 = LINE('',#3250,#3251);
#3250 = CARTESIAN_POINT('',(0.,0.));
#3251 = VECTOR('',#3252,1.);
#3252 = DIRECTION('',(0.,1.));
#3253 = ( GEOMETRIC_REPRESENTATION_CONTEXT(2) 
PARAMETRIC_REPRESENTATION_CONTEXT() REPRESENTATION_CONTEXT('2D SPACE',''
  ) );
#3254 = ORIENTED_EDGE('',*,*,#3255,.F.);
#3255 = EDGE_CURVE('',#3256,#3214,#3258,.T.);
#3256 = VERTEX_POINT('',#3257);
#3257 = CARTESIAN_POINT('',(16.235310066437,-12.53294885678,0.));
#3258 = SURFACE_CURVE('',#3259,(#3264,#3272),.PCURVE_S1.);
#3259 = B_SPLINE_CURVE_WITH_KNOTS('',3,(#3260,#3261,#3262,#3263),
  .UNSPECIFIED.,.F.,.F.,(4,4),(0.,1.),.PIECEWISE_BEZIER_KNOTS.);
#3260 = CARTESIAN_POINT('',(16.763029153679,-12.64914438185,0.));
#3261 = CARTESIAN_POINT('',(16.00530127689,-12.49823507882,0.));
#3262 = CARTESIAN_POINT('',(15.23141725748,-12.290843052,0.));
#3263 = CARTESIAN_POINT('',(14.584082752055,-11.85383561995,0.));
#3264 = PCURVE('',#57,#3265);
#3265 = DEFINITIONAL_REPRESENTATION('',(#3266),#3271);
#3266 = B_SPLINE_CURVE_WITH_KNOTS('',3,(#3267,#3268,#3269,#3270),
  .UNSPECIFIED.,.F.,.F.,(4,4),(0.,1.),.PIECEWISE_BEZIER_KNOTS.);
#3267 = CARTESIAN_POINT('',(16.763029153679,-12.64914438185));
#3268 = CARTESIAN_POINT('',(16.00530127689,-12.49823507882));
#3269 = CARTESIAN_POINT('',(15.23141725748,-12.290843052));
#3270 = CARTESIAN_POINT('',(14.584082752055,-11.85383561995));
#3271 = ( GEOMETRIC_REPRESENTATION_CONTEXT(2) 
PARAMETRIC_REPRESENTATION_CONTEXT() REPRESENTATION_CONTEXT('2D SPACE',''
  ) );
#3272 = PCURVE('',#3273,#3290);
#3273 = B_SPLINE_SURFACE_WITH_KNOTS('',3,3,(
    (#3274,#3275,#3276,#3277)
    ,(#3278,#3279,#3280,#3281)
    ,(#3282,#3283,#3284,#3285)
    ,(#3286,#3287,#3288,#3289
    )),.UNSPECIFIED.,.F.,.F.,.F.,(4,4),(4,4),(0.,1.),(0.,1.),
  .PIECEWISE_BEZIER_KNOTS.);
#3274 = CARTESIAN_POINT('',(16.763029153679,-12.64914438185,0.));
#3275 = CARTESIAN_POINT('',(16.00530127689,-12.49823507882,0.));
#3276 = CARTESIAN_POINT('',(15.23141725748,-12.290843052,0.));
#3277 = CARTESIAN_POINT('',(14.584082752055,-11.85383561995,0.));
#3278 = CARTESIAN_POINT('',(15.582371933892,-14.21442792631,
    2.666669951599));
#3279 = CARTESIAN_POINT('',(14.838719513456,-13.99277190518,
    2.666669951599));
#3280 = CARTESIAN_POINT('',(14.084184064611,-13.71312373189,
    2.666669951599));
#3281 = CARTESIAN_POINT('',(13.477638098503,-13.21567100782,
    2.666669951599));
#3282 = CARTESIAN_POINT('',(14.180957510317,-15.61283832137,
    5.333330048401));
#3283 = CARTESIAN_POINT('',(13.461363970425,-15.32243265428,
    5.333330048401));
#3284 = CARTESIAN_POINT('',(12.736372788172,-14.97326989848,
    5.333330048401));
#3285 = CARTESIAN_POINT('',(12.179140870592,-14.42113783845,
    5.333330048401));
#3286 = CARTESIAN_POINT('',(12.613144037006,-16.7901339334,8.));
#3287 = CARTESIAN_POINT('',(11.926659604424,-16.43564235829,8.));
#3288 = CARTESIAN_POINT('',(11.240262419851,-16.02240292008,8.));
#3289 = CARTESIAN_POINT('',(10.73895726348,-15.42347838579,8.));
#3290 = DEFINITIONAL_REPRESENTATION('',(#3291),#3295);
#3291 = LINE('',#3292,#3293);
#3292 = CARTESIAN_POINT('',(0.,0.));
#3293 = VECTOR('',#3294,1.);
#3294 = DIRECTION('',(0.,1.));
#3295 = ( GEOMETRIC_REPRESENTATION_CONTEXT(2) 
PARAMETRIC_REPRESENTATION_CONTEXT() REPRESENTATION_CONTEXT('2D SPACE',''
  ) );
#3296 = ORIENTED_EDGE('',*,*,#3297,.T.);
#3297 = EDGE_CURVE('',#3256,#3298,#3300,.T.);
#3298 = VERTEX_POINT('',#3299);
#3299 = CARTESIAN_POINT('',(16.93652939811,-11.56780324638,0.));
#3300 = SURFACE_CURVE('',#3301,(#3306,#3313),.PCURVE_S1.);
#3301 = CIRCLE('',#3302,20.51);
#3302 = AXIS2_PLACEMENT_3D('',#3303,#3304,#3305);
#3303 = CARTESIAN_POINT('',(0.,0.,0.));
#3304 = DIRECTION('',(0.,0.,1.));
#3305 = DIRECTION('',(1.,0.,-0.));
#3306 = PCURVE('',#57,#3307);
#3307 = DEFINITIONAL_REPRESENTATION('',(#3308),#3312);
#3308 = CIRCLE('',#3309,20.51);
#3309 = AXIS2_PLACEMENT_2D('',#3310,#3311);
#3310 = CARTESIAN_POINT('',(6.017486224637E-16,-2.462096471272E-15));
#3311 = DIRECTION('',(1.,0.));
#3312 = ( GEOMETRIC_REPRESENTATION_CONTEXT(2) 
PARAMETRIC_REPRESENTATION_CONTEXT() REPRESENTATION_CONTEXT('2D SPACE',''
  ) );
#3313 = PCURVE('',#3314,#3319);
#3314 = CONICAL_SURFACE('',#3315,20.5,0.785398163397);
#3315 = AXIS2_PLACEMENT_3D('',#3316,#3317,#3318);
#3316 = CARTESIAN_POINT('',(0.,0.,-1.E-02));
#3317 = DIRECTION('',(0.,0.,1.));
#3318 = DIRECTION('',(1.,0.,-0.));
#3319 = DEFINITIONAL_REPRESENTATION('',(#3320),#3324);
#3320 = LINE('',#3321,#3322);
#3321 = CARTESIAN_POINT('',(0.,1.E-02));
#3322 = VECTOR('',#3323,1.);
#3323 = DIRECTION('',(1.,0.));
#3324 = ( GEOMETRIC_REPRESENTATION_CONTEXT(2) 
PARAMETRIC_REPRESENTATION_CONTEXT() REPRESENTATION_CONTEXT('2D SPACE',''
  ) );
#3325 = ORIENTED_EDGE('',*,*,#3326,.F.);
#3326 = EDGE_CURVE('',#3327,#3298,#3329,.T.);
#3327 = VERTEX_POINT('',#3328);
#3328 = CARTESIAN_POINT('',(15.780397027209,-10.20725028043,0.));
#3329 = SURFACE_CURVE('',#3330,(#3335,#3343),.PCURVE_S1.);
#3330 = B_SPLINE_CURVE_WITH_KNOTS('',3,(#3331,#3332,#3333,#3334),
  .UNSPECIFIED.,.F.,.F.,(4,4),(0.,1.),.PIECEWISE_BEZIER_KNOTS.);
#3331 = CARTESIAN_POINT('',(15.780397027209,-10.20725028043,0.));
#3332 = CARTESIAN_POINT('',(16.396053156349,-10.68785925687,0.));
#3333 = CARTESIAN_POINT('',(16.832438008553,-11.3597790356,0.));
#3334 = CARTESIAN_POINT('',(17.210112075607,-12.03378753115,0.));
#3335 = PCURVE('',#57,#3336);
#3336 = DEFINITIONAL_REPRESENTATION('',(#3337),#3342);
#3337 = B_SPLINE_CURVE_WITH_KNOTS('',3,(#3338,#3339,#3340,#3341),
  .UNSPECIFIED.,.F.,.F.,(4,4),(0.,1.),.PIECEWISE_BEZIER_KNOTS.);
#3338 = CARTESIAN_POINT('',(15.780397027209,-10.20725028043));
#3339 = CARTESIAN_POINT('',(16.396053156349,-10.68785925687));
#3340 = CARTESIAN_POINT('',(16.832438008553,-11.3597790356));
#3341 = CARTESIAN_POINT('',(17.210112075607,-12.03378753115));
#3342 = ( GEOMETRIC_REPRESENTATION_CONTEXT(2) 
PARAMETRIC_REPRESENTATION_CONTEXT() REPRESENTATION_CONTEXT('2D SPACE',''
  ) );
#3343 = PCURVE('',#3344,#3361);
#3344 = B_SPLINE_SURFACE_WITH_KNOTS('',3,3,(
    (#3345,#3346,#3347,#3348)
    ,(#3349,#3350,#3351,#3352)
    ,(#3353,#3354,#3355,#3356)
    ,(#3357,#3358,#3359,#3360
    )),.UNSPECIFIED.,.F.,.F.,.F.,(4,4),(4,4),(0.,1.),(0.,1.),
  .PIECEWISE_BEZIER_KNOTS.);
#3345 = CARTESIAN_POINT('',(15.780397027209,-10.20725028043,0.));
#3346 = CARTESIAN_POINT('',(16.396053156349,-10.68785925687,0.));
#3347 = CARTESIAN_POINT('',(16.832438008553,-11.3597790356,0.));
#3348 = CARTESIAN_POINT('',(17.210112075607,-12.03378753115,0.));
#3349 = CARTESIAN_POINT('',(14.827704937405,-11.68074720172,
    2.666669951599));
#3350 = CARTESIAN_POINT('',(15.398501162646,-12.21884467517,
    2.666669951599));
#3351 = CARTESIAN_POINT('',(15.772161415679,-12.93151911676,
    2.666669951599));
#3352 = CARTESIAN_POINT('',(16.086914794971,-13.6408008833,
    2.666669951599));
#3353 = CARTESIAN_POINT('',(13.667177280945,-13.01956044083,
    5.333330048401));
#3354 = CARTESIAN_POINT('',(14.185006026372,-13.60880624022,
    5.333330048401));
#3355 = CARTESIAN_POINT('',(14.490198615817,-14.35337613467,
    5.333330048401));
#3356 = CARTESIAN_POINT('',(14.737061938805,-15.0890450914,
    5.333330048401));
#3357 = CARTESIAN_POINT('',(12.34382868025,-14.17176002253,8.));
#3358 = CARTESIAN_POINT('',(12.802636876011,-14.80383003217,8.));
#3359 = CARTESIAN_POINT('',(13.03627446565,-15.57019900662,8.));
#3360 = CARTESIAN_POINT('',(13.212911687724,-16.32234556466,8.));
#3361 = DEFINITIONAL_REPRESENTATION('',(#3362),#3366);
#3362 = LINE('',#3363,#3364);
#3363 = CARTESIAN_POINT('',(0.,0.));
#3364 = VECTOR('',#3365,1.);
#3365 = DIRECTION('',(0.,1.));
#3366 = ( GEOMETRIC_REPRESENTATION_CONTEXT(2) 
PARAMETRIC_REPRESENTATION_CONTEXT() REPRESENTATION_CONTEXT('2D SPACE',''
  ) );
#3367 = ORIENTED_EDGE('',*,*,#3368,.F.);
#3368 = EDGE_CURVE('',#3369,#3327,#3371,.T.);
#3369 = VERTEX_POINT('',#3370);
#3370 = CARTESIAN_POINT('',(16.258876926363,-9.426442049744,0.));
#3371 = SURFACE_CURVE('',#3372,(#3377,#3385),.PCURVE_S1.);
#3372 = B_SPLINE_CURVE_WITH_KNOTS('',3,(#3373,#3374,#3375,#3376),
  .UNSPECIFIED.,.F.,.F.,(4,4),(0.,1.),.PIECEWISE_BEZIER_KNOTS.);
#3373 = CARTESIAN_POINT('',(16.258876926363,-9.426442049744,0.));
#3374 = CARTESIAN_POINT('',(16.057367312493,-9.657639054474,0.));
#3375 = CARTESIAN_POINT('',(15.894911616493,-9.922742656076,0.));
#3376 = CARTESIAN_POINT('',(15.780397027209,-10.20725028043,0.));
#3377 = PCURVE('',#57,#3378);
#3378 = DEFINITIONAL_REPRESENTATION('',(#3379),#3384);
#3379 = B_SPLINE_CURVE_WITH_KNOTS('',3,(#3380,#3381,#3382,#3383),
  .UNSPECIFIED.,.F.,.F.,(4,4),(0.,1.),.PIECEWISE_BEZIER_KNOTS.);
#3380 = CARTESIAN_POINT('',(16.258876926363,-9.426442049744));
#3381 = CARTESIAN_POINT('',(16.057367312493,-9.657639054474));
#3382 = CARTESIAN_POINT('',(15.894911616493,-9.922742656076));
#3383 = CARTESIAN_POINT('',(15.780397027209,-10.20725028043));
#3384 = ( GEOMETRIC_REPRESENTATION_CONTEXT(2) 
PARAMETRIC_REPRESENTATION_CONTEXT() REPRESENTATION_CONTEXT('2D SPACE',''
  ) );
#3385 = PCURVE('',#3386,#3403);
#3386 = B_SPLINE_SURFACE_WITH_KNOTS('',3,3,(
    (#3387,#3388,#3389,#3390)
    ,(#3391,#3392,#3393,#3394)
    ,(#3395,#3396,#3397,#3398)
    ,(#3399,#3400,#3401,#3402
    )),.UNSPECIFIED.,.F.,.F.,.F.,(4,4),(4,4),(0.,1.),(0.,1.),
  .PIECEWISE_BEZIER_KNOTS.);
#3387 = CARTESIAN_POINT('',(16.258876926363,-9.426442049744,0.));
#3388 = CARTESIAN_POINT('',(16.057367312493,-9.657639054474,0.));
#3389 = CARTESIAN_POINT('',(15.894911616493,-9.922742656076,0.));
#3390 = CARTESIAN_POINT('',(15.780397027209,-10.20725028043,0.));
#3391 = CARTESIAN_POINT('',(15.379092536288,-10.94459692476,
    2.666669690328));
#3392 = CARTESIAN_POINT('',(15.15599391439,-11.15698458695,
    2.666669690328));
#3393 = CARTESIAN_POINT('',(14.96878429818,-11.40692567001,
    2.666669690328));
#3394 = CARTESIAN_POINT('',(14.827705047327,-11.68074707006,
    2.666669690328));
#3395 = CARTESIAN_POINT('',(14.285158310997,-12.33835244735,
    5.333330309672));
#3396 = CARTESIAN_POINT('',(14.043128681037,-12.5288863613,
    5.333330309672));
#3397 = CARTESIAN_POINT('',(13.833308880523,-12.76017327557,
    5.333330309672));
#3398 = CARTESIAN_POINT('',(13.667177166214,-13.01956056833,
    5.333330309672));
#3399 = CARTESIAN_POINT('',(13.019506469629,-13.55364673846,8.));
#3400 = CARTESIAN_POINT('',(12.761938139602,-13.72013017561,8.));
#3401 = CARTESIAN_POINT('',(12.532528908955,-13.92999484066,8.));
#3402 = CARTESIAN_POINT('',(12.34382868025,-14.17176002253,8.));
#3403 = DEFINITIONAL_REPRESENTATION('',(#3404),#3408);
#3404 = LINE('',#3405,#3406);
#3405 = CARTESIAN_POINT('',(0.,0.));
#3406 = VECTOR('',#3407,1.);
#3407 = DIRECTION('',(0.,1.));
#3408 = ( GEOMETRIC_REPRESENTATION_CONTEXT(2) 
PARAMETRIC_REPRESENTATION_CONTEXT() REPRESENTATION_CONTEXT('2D SPACE',''
  ) );
#3409 = ORIENTED_EDGE('',*,*,#3410,.F.);
#3410 = EDGE_CURVE('',#3411,#3369,#3413,.T.);
#3411 = VERTEX_POINT('',#3412);
#3412 = CARTESIAN_POINT('',(17.996011608353,-9.838885414111,0.));
#3413 = SURFACE_CURVE('',#3414,(#3419,#3427),.PCURVE_S1.);
#3414 = B_SPLINE_CURVE_WITH_KNOTS('',3,(#3415,#3416,#3417,#3418),
  .UNSPECIFIED.,.F.,.F.,(4,4),(0.,1.),.PIECEWISE_BEZIER_KNOTS.);
#3415 = CARTESIAN_POINT('',(18.535410582736,-9.87109692635,0.));
#3416 = CARTESIAN_POINT('',(17.763404177399,-9.840580322312,0.));
#3417 = CARTESIAN_POINT('',(16.966604693687,-9.756803768073,0.));
#3418 = CARTESIAN_POINT('',(16.258876926363,-9.426442049744,0.));
#3419 = PCURVE('',#57,#3420);
#3420 = DEFINITIONAL_REPRESENTATION('',(#3421),#3426);
#3421 = B_SPLINE_CURVE_WITH_KNOTS('',3,(#3422,#3423,#3424,#3425),
  .UNSPECIFIED.,.F.,.F.,(4,4),(0.,1.),.PIECEWISE_BEZIER_KNOTS.);
#3422 = CARTESIAN_POINT('',(18.535410582736,-9.87109692635));
#3423 = CARTESIAN_POINT('',(17.763404177399,-9.840580322312));
#3424 = CARTESIAN_POINT('',(16.966604693687,-9.756803768073));
#3425 = CARTESIAN_POINT('',(16.258876926363,-9.426442049744));
#3426 = ( GEOMETRIC_REPRESENTATION_CONTEXT(2) 
PARAMETRIC_REPRESENTATION_CONTEXT() REPRESENTATION_CONTEXT('2D SPACE',''
  ) );
#3427 = PCURVE('',#3428,#3445);
#3428 = B_SPLINE_SURFACE_WITH_KNOTS('',3,3,(
    (#3429,#3430,#3431,#3432)
    ,(#3433,#3434,#3435,#3436)
    ,(#3437,#3438,#3439,#3440)
    ,(#3441,#3442,#3443,#3444
    )),.UNSPECIFIED.,.F.,.F.,.F.,(4,4),(4,4),(0.,1.),(0.,1.),
  .PIECEWISE_BEZIER_KNOTS.);
#3429 = CARTESIAN_POINT('',(18.535410582736,-9.87109692635,0.));
#3430 = CARTESIAN_POINT('',(17.763404177399,-9.840580322312,0.));
#3431 = CARTESIAN_POINT('',(16.966604693687,-9.756803768073,0.));
#3432 = CARTESIAN_POINT('',(16.258876926363,-9.426442049744,0.));
#3433 = CARTESIAN_POINT('',(17.614153506429,-11.60180471351,
    2.666669951599));
#3434 = CARTESIAN_POINT('',(16.844982040218,-11.49921051438,
    2.666669951599));
#3435 = CARTESIAN_POINT('',(16.055989562442,-11.34104062345,
    2.666669951599));
#3436 = CARTESIAN_POINT('',(15.37909243291,-10.94459706162,
    2.666669951599));
#3437 = CARTESIAN_POINT('',(16.448752401978,-13.20222787173,
    5.333330048401));
#3438 = CARTESIAN_POINT('',(15.692588797484,-13.02796681076,
    5.333330048401));
#3439 = CARTESIAN_POINT('',(14.921902370823,-12.79651643564,
    5.333330048401));
#3440 = CARTESIAN_POINT('',(14.28515841938,-12.33835231441,
    5.333330048401));
#3441 = CARTESIAN_POINT('',(15.084410923424,-14.61028908315,8.));
#3442 = CARTESIAN_POINT('',(14.350923553449,-14.36755171254,8.));
#3443 = CARTESIAN_POINT('',(13.608332166778,-14.06677611392,8.));
#3444 = CARTESIAN_POINT('',(13.019506469629,-13.55364673846,8.));
#3445 = DEFINITIONAL_REPRESENTATION('',(#3446),#3450);
#3446 = LINE('',#3447,#3448);
#3447 = CARTESIAN_POINT('',(0.,0.));
#3448 = VECTOR('',#3449,1.);
#3449 = DIRECTION('',(0.,1.));
#3450 = ( GEOMETRIC_REPRESENTATION_CONTEXT(2) 
PARAMETRIC_REPRESENTATION_CONTEXT() REPRESENTATION_CONTEXT('2D SPACE',''
  ) );
#3451 = ORIENTED_EDGE('',*,*,#3452,.T.);
#3452 = EDGE_CURVE('',#3411,#3453,#3455,.T.);
#3453 = VERTEX_POINT('',#3454);
#3454 = CARTESIAN_POINT('',(18.537615729198,-8.775927476717,0.));
#3455 = SURFACE_CURVE('',#3456,(#3461,#3468),.PCURVE_S1.);
#3456 = CIRCLE('',#3457,20.51);
#3457 = AXIS2_PLACEMENT_3D('',#3458,#3459,#3460);
#3458 = CARTESIAN_POINT('',(0.,0.,0.));
#3459 = DIRECTION('',(0.,0.,1.));
#3460 = DIRECTION('',(1.,0.,-0.));
#3461 = PCURVE('',#57,#3462);
#3462 = DEFINITIONAL_REPRESENTATION('',(#3463),#3467);
#3463 = CIRCLE('',#3464,20.51);
#3464 = AXIS2_PLACEMENT_2D('',#3465,#3466);
#3465 = CARTESIAN_POINT('',(6.017486224637E-16,-2.462096471272E-15));
#3466 = DIRECTION('',(1.,0.));
#3467 = ( GEOMETRIC_REPRESENTATION_CONTEXT(2) 
PARAMETRIC_REPRESENTATION_CONTEXT() REPRESENTATION_CONTEXT('2D SPACE',''
  ) );
#3468 = PCURVE('',#3469,#3474);
#3469 = CONICAL_SURFACE('',#3470,20.5,0.785398163397);
#3470 = AXIS2_PLACEMENT_3D('',#3471,#3472,#3473);
#3471 = CARTESIAN_POINT('',(0.,0.,-1.E-02));
#3472 = DIRECTION('',(0.,0.,1.));
#3473 = DIRECTION('',(1.,0.,-0.));
#3474 = DEFINITIONAL_REPRESENTATION('',(#3475),#3479);
#3475 = LINE('',#3476,#3477);
#3476 = CARTESIAN_POINT('',(0.,1.E-02));
#3477 = VECTOR('',#3478,1.);
#3478 = DIRECTION('',(1.,0.));
#3479 = ( GEOMETRIC_REPRESENTATION_CONTEXT(2) 
PARAMETRIC_REPRESENTATION_CONTEXT() REPRESENTATION_CONTEXT('2D SPACE',''
  ) );
#3480 = ORIENTED_EDGE('',*,*,#3481,.F.);
#3481 = EDGE_CURVE('',#3482,#3453,#3484,.T.);
#3482 = VERTEX_POINT('',#3483);
#3483 = CARTESIAN_POINT('',(17.182879890888,-7.612984124449,0.));
#3484 = SURFACE_CURVE('',#3485,(#3490,#3498),.PCURVE_S1.);
#3485 = B_SPLINE_CURVE_WITH_KNOTS('',3,(#3486,#3487,#3488,#3489),
  .UNSPECIFIED.,.F.,.F.,(4,4),(0.,1.),.PIECEWISE_BEZIER_KNOTS.);
#3486 = CARTESIAN_POINT('',(17.182879890888,-7.612984124449,0.));
#3487 = CARTESIAN_POINT('',(17.866140079578,-7.991366169649,0.));
#3488 = CARTESIAN_POINT('',(18.402263721248,-8.586747870012,0.));
#3489 = CARTESIAN_POINT('',(18.880726152257,-9.193376961893,0.));
#3490 = PCURVE('',#57,#3491);
#3491 = DEFINITIONAL_REPRESENTATION('',(#3492),#3497);
#3492 = B_SPLINE_CURVE_WITH_KNOTS('',3,(#3493,#3494,#3495,#3496),
  .UNSPECIFIED.,.F.,.F.,(4,4),(0.,1.),.PIECEWISE_BEZIER_KNOTS.);
#3493 = CARTESIAN_POINT('',(17.182879890888,-7.612984124449));
#3494 = CARTESIAN_POINT('',(17.866140079578,-7.991366169649));
#3495 = CARTESIAN_POINT('',(18.402263721248,-8.586747870012));
#3496 = CARTESIAN_POINT('',(18.880726152257,-9.193376961893));
#3497 = ( GEOMETRIC_REPRESENTATION_CONTEXT(2) 
PARAMETRIC_REPRESENTATION_CONTEXT() REPRESENTATION_CONTEXT('2D SPACE',''
  ) );
#3498 = PCURVE('',#3499,#3516);
#3499 = B_SPLINE_SURFACE_WITH_KNOTS('',3,3,(
    (#3500,#3501,#3502,#3503)
    ,(#3504,#3505,#3506,#3507)
    ,(#3508,#3509,#3510,#3511)
    ,(#3512,#3513,#3514,#3515
    )),.UNSPECIFIED.,.F.,.F.,.F.,(4,4),(4,4),(0.,1.),(0.,1.),
  .PIECEWISE_BEZIER_KNOTS.);
#3500 = CARTESIAN_POINT('',(17.182879890888,-7.612984124449,0.));
#3501 = CARTESIAN_POINT('',(17.866140079578,-7.991366169649,0.));
#3502 = CARTESIAN_POINT('',(18.402263721248,-8.586747870012,0.));
#3503 = CARTESIAN_POINT('',(18.880726152257,-9.193376961893,0.));
#3504 = CARTESIAN_POINT('',(16.472422724232,-9.217373730928,
    2.666669951599));
#3505 = CARTESIAN_POINT('',(17.120368491157,-9.659554129416,
    2.666669951599));
#3506 = CARTESIAN_POINT('',(17.600915211438,-10.30500102421,
    2.666669951599));
#3507 = CARTESIAN_POINT('',(18.022749568041,-10.95631207872,
    2.666669951599));
#3508 = CARTESIAN_POINT('',(15.535619621857,-10.72125048053,
    5.333330048401));
#3509 = CARTESIAN_POINT('',(16.139251387545,-11.22223542355,
    5.333330048401));
#3510 = CARTESIAN_POINT('',(16.5571629429,-11.9098957876,5.333330048401)
  );
#3511 = CARTESIAN_POINT('',(16.916070948428,-12.59788950683,
    5.333330048401));
#3512 = CARTESIAN_POINT('',(14.408807363591,-12.06628190383,8.));
#3513 = CARTESIAN_POINT('',(14.960844402939,-12.61879666812,8.));
#3514 = CARTESIAN_POINT('',(15.311492046691,-13.33918139743,8.));
#3515 = CARTESIAN_POINT('',(15.603616215889,-14.05443563389,8.));
#3516 = DEFINITIONAL_REPRESENTATION('',(#3517),#3521);
#3517 = LINE('',#3518,#3519);
#3518 = CARTESIAN_POINT('',(0.,0.));
#3519 = VECTOR('',#3520,1.);
#3520 = DIRECTION('',(0.,1.));
#3521 = ( GEOMETRIC_REPRESENTATION_CONTEXT(2) 
PARAMETRIC_REPRESENTATION_CONTEXT() REPRESENTATION_CONTEXT('2D SPACE',''
  ) );
#3522 = ORIENTED_EDGE('',*,*,#3523,.F.);
#3523 = EDGE_CURVE('',#3524,#3482,#3526,.T.);
#3524 = VERTEX_POINT('',#3525);
#3525 = CARTESIAN_POINT('',(17.533323590624,-6.766938191697,0.));
#3526 = SURFACE_CURVE('',#3527,(#3532,#3540),.PCURVE_S1.);
#3527 = B_SPLINE_CURVE_WITH_KNOTS('',3,(#3528,#3529,#3530,#3531),
  .UNSPECIFIED.,.F.,.F.,(4,4),(0.,1.),.PIECEWISE_BEZIER_KNOTS.);
#3528 = CARTESIAN_POINT('',(17.533323590624,-6.766938191697,0.));
#3529 = CARTESIAN_POINT('',(17.370462074242,-7.026811826296,0.));
#3530 = CARTESIAN_POINT('',(17.251477817536,-7.314065232544,0.));
#3531 = CARTESIAN_POINT('',(17.182879890888,-7.612984124449,0.));
#3532 = PCURVE('',#57,#3533);
#3533 = DEFINITIONAL_REPRESENTATION('',(#3534),#3539);
#3534 = B_SPLINE_CURVE_WITH_KNOTS('',3,(#3535,#3536,#3537,#3538),
  .UNSPECIFIED.,.F.,.F.,(4,4),(0.,1.),.PIECEWISE_BEZIER_KNOTS.);
#3535 = CARTESIAN_POINT('',(17.533323590624,-6.766938191697));
#3536 = CARTESIAN_POINT('',(17.370462074242,-7.026811826296));
#3537 = CARTESIAN_POINT('',(17.251477817536,-7.314065232544));
#3538 = CARTESIAN_POINT('',(17.182879890888,-7.612984124449));
#3539 = ( GEOMETRIC_REPRESENTATION_CONTEXT(2) 
PARAMETRIC_REPRESENTATION_CONTEXT() REPRESENTATION_CONTEXT('2D SPACE',''
  ) );
#3540 = PCURVE('',#3541,#3558);
#3541 = B_SPLINE_SURFACE_WITH_KNOTS('',3,3,(
    (#3542,#3543,#3544,#3545)
    ,(#3546,#3547,#3548,#3549)
    ,(#3550,#3551,#3552,#3553)
    ,(#3554,#3555,#3556,#3557
    )),.UNSPECIFIED.,.F.,.F.,.F.,(4,4),(4,4),(0.,1.),(0.,1.),
  .PIECEWISE_BEZIER_KNOTS.);
#3542 = CARTESIAN_POINT('',(17.533323590624,-6.766938191697,0.));
#3543 = CARTESIAN_POINT('',(17.370462074242,-7.026811826296,0.));
#3544 = CARTESIAN_POINT('',(17.251477817536,-7.314065232544,0.));
#3545 = CARTESIAN_POINT('',(17.182879890888,-7.612984124449,0.));
#3546 = CARTESIAN_POINT('',(16.901862552032,-8.404030661385,
    2.666669690328));
#3547 = CARTESIAN_POINT('',(16.714735394697,-8.648703792589,
    2.666669690328));
#3548 = CARTESIAN_POINT('',(16.568930039139,-8.92485372232,
    2.666669690328));
#3549 = CARTESIAN_POINT('',(16.472422812204,-9.217373583688,
    2.666669690328));
#3550 = CARTESIAN_POINT('',(16.039427871906,-9.951755756007,
    5.333330309672));
#3551 = CARTESIAN_POINT('',(15.830184099218,-10.17780565699,
    5.333330309672));
#3552 = CARTESIAN_POINT('',(15.659128773329,-10.43906809379,
    5.333330309672));
#3553 = CARTESIAN_POINT('',(15.535619528485,-10.72125062441,
    5.333330309672));
#3554 = CARTESIAN_POINT('',(14.979472217232,-11.35007932646,8.));
#3555 = CARTESIAN_POINT('',(14.751118728186,-11.55480564015,8.));
#3556 = CARTESIAN_POINT('',(14.557363972459,-11.7979740332,8.));
#3557 = CARTESIAN_POINT('',(14.408807363591,-12.06628190383,8.));
#3558 = DEFINITIONAL_REPRESENTATION('',(#3559),#3563);
#3559 = LINE('',#3560,#3561);
#3560 = CARTESIAN_POINT('',(0.,0.));
#3561 = VECTOR('',#3562,1.);
#3562 = DIRECTION('',(0.,1.));
#3563 = ( GEOMETRIC_REPRESENTATION_CONTEXT(2) 
PARAMETRIC_REPRESENTATION_CONTEXT() REPRESENTATION_CONTEXT('2D SPACE',''
  ) );
#3564 = ORIENTED_EDGE('',*,*,#3565,.F.);
#3565 = EDGE_CURVE('',#3566,#3524,#3568,.T.);
#3566 = VERTEX_POINT('',#3567);
#3567 = CARTESIAN_POINT('',(19.313591619134,-6.902555959159,0.));
#3568 = SURFACE_CURVE('',#3569,(#3574,#3582),.PCURVE_S1.);
#3569 = B_SPLINE_CURVE_WITH_KNOTS('',3,(#3570,#3571,#3572,#3573),
  .UNSPECIFIED.,.F.,.F.,(4,4),(0.,1.),.PIECEWISE_BEZIER_KNOTS.);
#3570 = CARTESIAN_POINT('',(19.851388687746,-6.849990304229,0.));
#3571 = CARTESIAN_POINT('',(19.084113113702,-6.940617819253,0.));
#3572 = CARTESIAN_POINT('',(18.284018013402,-6.982519594395,0.));
#3573 = CARTESIAN_POINT('',(17.533323590624,-6.766938191697,0.));
#3574 = PCURVE('',#57,#3575);
#3575 = DEFINITIONAL_REPRESENTATION('',(#3576),#3581);
#3576 = B_SPLINE_CURVE_WITH_KNOTS('',3,(#3577,#3578,#3579,#3580),
  .UNSPECIFIED.,.F.,.F.,(4,4),(0.,1.),.PIECEWISE_BEZIER_KNOTS.);
#3577 = CARTESIAN_POINT('',(19.851388687746,-6.849990304229));
#3578 = CARTESIAN_POINT('',(19.084113113702,-6.940617819253));
#3579 = CARTESIAN_POINT('',(18.284018013402,-6.982519594395));
#3580 = CARTESIAN_POINT('',(17.533323590624,-6.766938191697));
#3581 = ( GEOMETRIC_REPRESENTATION_CONTEXT(2) 
PARAMETRIC_REPRESENTATION_CONTEXT() REPRESENTATION_CONTEXT('2D SPACE',''
  ) );
#3582 = PCURVE('',#3583,#3600);
#3583 = B_SPLINE_SURFACE_WITH_KNOTS('',3,3,(
    (#3584,#3585,#3586,#3587)
    ,(#3588,#3589,#3590,#3591)
    ,(#3592,#3593,#3594,#3595)
    ,(#3596,#3597,#3598,#3599
    )),.UNSPECIFIED.,.F.,.F.,.F.,(4,4),(4,4),(0.,1.),(0.,1.),
  .PIECEWISE_BEZIER_KNOTS.);
#3584 = CARTESIAN_POINT('',(19.851388687746,-6.849990304229,0.));
#3585 = CARTESIAN_POINT('',(19.084113113702,-6.940617819253,0.));
#3586 = CARTESIAN_POINT('',(18.284018013402,-6.982519594395,0.));
#3587 = CARTESIAN_POINT('',(17.533323590624,-6.766938191697,0.));
#3588 = CARTESIAN_POINT('',(19.212216161613,-8.70350656449,
    2.666669951599));
#3589 = CARTESIAN_POINT('',(18.436465203861,-8.722500397032,
    2.666669951599));
#3590 = CARTESIAN_POINT('',(17.632443310471,-8.689703456111,
    2.666669951599));
#3591 = CARTESIAN_POINT('',(16.901862471337,-8.404030812736,
    2.666669951599));
#3592 = CARTESIAN_POINT('',(18.311524419223,-10.4665347562,
    5.333330048401));
#3593 = CARTESIAN_POINT('',(17.537410007634,-10.41270918702,
    5.333330048401));
#3594 = CARTESIAN_POINT('',(16.74000519415,-10.30467026895,
    5.333330048401));
#3595 = CARTESIAN_POINT('',(16.039427958159,-9.951755607752,
    5.333330048401));
#3596 = CARTESIAN_POINT('',(17.184249550618,-12.0706904269,8.));
#3597 = CARTESIAN_POINT('',(16.421820136603,-11.94568426045,8.));
#3598 = CARTESIAN_POINT('',(15.641319612294,-11.76477859488,8.));
#3599 = CARTESIAN_POINT('',(14.979472217232,-11.35007932646,8.));
#3600 = DEFINITIONAL_REPRESENTATION('',(#3601),#3605);
#3601 = LINE('',#3602,#3603);
#3602 = CARTESIAN_POINT('',(0.,0.));
#3603 = VECTOR('',#3604,1.);
#3604 = DIRECTION('',(0.,1.));
#3605 = ( GEOMETRIC_REPRESENTATION_CONTEXT(2) 
PARAMETRIC_REPRESENTATION_CONTEXT() REPRESENTATION_CONTEXT('2D SPACE',''
  ) );
#3606 = ORIENTED_EDGE('',*,*,#3607,.T.);
#3607 = EDGE_CURVE('',#3566,#24,#3608,.T.);
#3608 = SURFACE_CURVE('',#3609,(#3614,#3621),.PCURVE_S1.);
#3609 = CIRCLE('',#3610,20.51);
#3610 = AXIS2_PLACEMENT_3D('',#3611,#3612,#3613);
#3611 = CARTESIAN_POINT('',(0.,0.,0.));
#3612 = DIRECTION('',(0.,0.,1.));
#3613 = DIRECTION('',(1.,0.,-0.));
#3614 = PCURVE('',#57,#3615);
#3615 = DEFINITIONAL_REPRESENTATION('',(#3616),#3620);
#3616 = CIRCLE('',#3617,20.51);
#3617 = AXIS2_PLACEMENT_2D('',#3618,#3619);
#3618 = CARTESIAN_POINT('',(6.017486224637E-16,-2.462096471272E-15));
#3619 = DIRECTION('',(1.,0.));
#3620 = ( GEOMETRIC_REPRESENTATION_CONTEXT(2) 
PARAMETRIC_REPRESENTATION_CONTEXT() REPRESENTATION_CONTEXT('2D SPACE',''
  ) );
#3621 = PCURVE('',#234,#3622);
#3622 = DEFINITIONAL_REPRESENTATION('',(#3623),#3627);
#3623 = LINE('',#3624,#3625);
#3624 = CARTESIAN_POINT('',(0.,1.E-02));
#3625 = VECTOR('',#3626,1.);
#3626 = DIRECTION('',(1.,0.));
#3627 = ( GEOMETRIC_REPRESENTATION_CONTEXT(2) 
PARAMETRIC_REPRESENTATION_CONTEXT() REPRESENTATION_CONTEXT('2D SPACE',''
  ) );
#3628 = ORIENTED_EDGE('',*,*,#21,.F.);
#3629 = ORIENTED_EDGE('',*,*,#3630,.F.);
#3630 = EDGE_CURVE('',#3631,#22,#3633,.T.);
#3631 = VERTEX_POINT('',#3632);
#3632 = CARTESIAN_POINT('',(18.37604163832,-3.940809857191,0.));
#3633 = SURFACE_CURVE('',#3634,(#3639,#3647),.PCURVE_S1.);
#3634 = B_SPLINE_CURVE_WITH_KNOTS('',3,(#3635,#3636,#3637,#3638),
  .UNSPECIFIED.,.F.,.F.,(4,4),(0.,1.),.PIECEWISE_BEZIER_KNOTS.);
#3635 = CARTESIAN_POINT('',(18.37604163832,-3.940809857191,0.));
#3636 = CARTESIAN_POINT('',(18.255838410463,-4.222961170303,0.));
#3637 = CARTESIAN_POINT('',(18.183255380338,-4.525291248996,0.));
#3638 = CARTESIAN_POINT('',(18.162263224945,-4.831261033273,0.));
#3639 = PCURVE('',#57,#3640);
#3640 = DEFINITIONAL_REPRESENTATION('',(#3641),#3646);
#3641 = B_SPLINE_CURVE_WITH_KNOTS('',3,(#3642,#3643,#3644,#3645),
  .UNSPECIFIED.,.F.,.F.,(4,4),(0.,1.),.PIECEWISE_BEZIER_KNOTS.);
#3642 = CARTESIAN_POINT('',(18.37604163832,-3.940809857191));
#3643 = CARTESIAN_POINT('',(18.255838410463,-4.222961170303));
#3644 = CARTESIAN_POINT('',(18.183255380338,-4.525291248996));
#3645 = CARTESIAN_POINT('',(18.162263224945,-4.831261033273));
#3646 = ( GEOMETRIC_REPRESENTATION_CONTEXT(2) 
PARAMETRIC_REPRESENTATION_CONTEXT() REPRESENTATION_CONTEXT('2D SPACE',''
  ) );
#3647 = PCURVE('',#87,#3648);
#3648 = DEFINITIONAL_REPRESENTATION('',(#3649),#3653);
#3649 = LINE('',#3650,#3651);
#3650 = CARTESIAN_POINT('',(0.,0.));
#3651 = VECTOR('',#3652,1.);
#3652 = DIRECTION('',(0.,1.));
#3653 = ( GEOMETRIC_REPRESENTATION_CONTEXT(2) 
PARAMETRIC_REPRESENTATION_CONTEXT() REPRESENTATION_CONTEXT('2D SPACE',''
  ) );
#3654 = ORIENTED_EDGE('',*,*,#3655,.F.);
#3655 = EDGE_CURVE('',#3656,#3631,#3658,.T.);
#3656 = VERTEX_POINT('',#3657);
#3657 = CARTESIAN_POINT('',(20.155606906116,-3.796262668222,0.));
#3658 = SURFACE_CURVE('',#3659,(#3664,#3672),.PCURVE_S1.);
#3659 = B_SPLINE_CURVE_WITH_KNOTS('',3,(#3660,#3661,#3662,#3663),
  .UNSPECIFIED.,.F.,.F.,(4,4),(0.,1.),.PIECEWISE_BEZIER_KNOTS.);
#3660 = CARTESIAN_POINT('',(20.678559720282,-3.660214187003,0.));
#3661 = CARTESIAN_POINT('',(19.934907848606,-3.869754270894,0.));
#3662 = CARTESIAN_POINT('',(19.151218128451,-4.036302614648,0.));
#3663 = CARTESIAN_POINT('',(18.37604163832,-3.940809857191,0.));
#3664 = PCURVE('',#57,#3665);
#3665 = DEFINITIONAL_REPRESENTATION('',(#3666),#3671);
#3666 = B_SPLINE_CURVE_WITH_KNOTS('',3,(#3667,#3668,#3669,#3670),
  .UNSPECIFIED.,.F.,.F.,(4,4),(0.,1.),.PIECEWISE_BEZIER_KNOTS.);
#3667 = CARTESIAN_POINT('',(20.678559720282,-3.660214187003));
#3668 = CARTESIAN_POINT('',(19.934907848606,-3.869754270894));
#3669 = CARTESIAN_POINT('',(19.151218128451,-4.036302614648));
#3670 = CARTESIAN_POINT('',(18.37604163832,-3.940809857191));
#3671 = ( GEOMETRIC_REPRESENTATION_CONTEXT(2) 
PARAMETRIC_REPRESENTATION_CONTEXT() REPRESENTATION_CONTEXT('2D SPACE',''
  ) );
#3672 = PCURVE('',#3673,#3690);
#3673 = B_SPLINE_SURFACE_WITH_KNOTS('',3,3,(
    (#3674,#3675,#3676,#3677)
    ,(#3678,#3679,#3680,#3681)
    ,(#3682,#3683,#3684,#3685)
    ,(#3686,#3687,#3688,#3689
    )),.UNSPECIFIED.,.F.,.F.,.F.,(4,4),(4,4),(0.,1.),(0.,1.),
  .PIECEWISE_BEZIER_KNOTS.);
#3674 = CARTESIAN_POINT('',(20.678559720282,-3.660214187003,0.));
#3675 = CARTESIAN_POINT('',(19.934907848606,-3.869754270894,0.));
#3676 = CARTESIAN_POINT('',(19.151218128451,-4.036302614648,0.));
#3677 = CARTESIAN_POINT('',(18.37604163832,-3.940809857191,0.));
#3678 = CARTESIAN_POINT('',(20.337210293209,-5.59089919856,
    2.666669951599));
#3679 = CARTESIAN_POINT('',(19.573981407064,-5.731013371586,
    2.666669951599));
#3680 = CARTESIAN_POINT('',(18.774727785472,-5.824396950205,
    2.666669951599));
#3681 = CARTESIAN_POINT('',(18.008452561654,-5.656529433855,
    2.666669951599));
#3682 = CARTESIAN_POINT('',(19.723405932802,-7.473120818546,
    5.333330048401));
#3683 = CARTESIAN_POINT('',(18.950401980068,-7.541056105297,
    5.333330048401));
#3684 = CARTESIAN_POINT('',(18.145913532704,-7.55908892101,
    5.333330048401));
#3685 = CARTESIAN_POINT('',(17.398753548799,-7.320113650043,
    5.333330048401));
#3686 = CARTESIAN_POINT('',(18.860954922621,-9.233871312015,8.));
#3687 = CARTESIAN_POINT('',(18.088357007098,-9.22967441643,8.));
#3688 = CARTESIAN_POINT('',(17.289165858392,-9.173093181775,8.));
#3689 = CARTESIAN_POINT('',(16.570593644828,-8.867035292689,8.));
#3690 = DEFINITIONAL_REPRESENTATION('',(#3691),#3695);
#3691 = LINE('',#3692,#3693);
#3692 = CARTESIAN_POINT('',(0.,0.));
#3693 = VECTOR('',#3694,1.);
#3694 = DIRECTION('',(0.,1.));
#3695 = ( GEOMETRIC_REPRESENTATION_CONTEXT(2) 
PARAMETRIC_REPRESENTATION_CONTEXT() REPRESENTATION_CONTEXT('2D SPACE',''
  ) );
#3696 = ORIENTED_EDGE('',*,*,#3697,.T.);
#3697 = EDGE_CURVE('',#3656,#3698,#3700,.T.);
#3698 = VERTEX_POINT('',#3699);
#3699 = CARTESIAN_POINT('',(20.342230967537,-2.617964717751,0.));
#3700 = SURFACE_CURVE('',#3701,(#3706,#3713),.PCURVE_S1.);
#3701 = CIRCLE('',#3702,20.51);
#3702 = AXIS2_PLACEMENT_3D('',#3703,#3704,#3705);
#3703 = CARTESIAN_POINT('',(0.,0.,0.));
#3704 = DIRECTION('',(0.,0.,1.));
#3705 = DIRECTION('',(1.,0.,-0.));
#3706 = PCURVE('',#57,#3707);
#3707 = DEFINITIONAL_REPRESENTATION('',(#3708),#3712);
#3708 = CIRCLE('',#3709,20.51);
#3709 = AXIS2_PLACEMENT_2D('',#3710,#3711);
#3710 = CARTESIAN_POINT('',(6.017486224637E-16,-2.462096471272E-15));
#3711 = DIRECTION('',(1.,0.));
#3712 = ( GEOMETRIC_REPRESENTATION_CONTEXT(2) 
PARAMETRIC_REPRESENTATION_CONTEXT() REPRESENTATION_CONTEXT('2D SPACE',''
  ) );
#3713 = PCURVE('',#3714,#3719);
#3714 = CONICAL_SURFACE('',#3715,20.5,0.785398163397);
#3715 = AXIS2_PLACEMENT_3D('',#3716,#3717,#3718);
#3716 = CARTESIAN_POINT('',(0.,0.,-1.E-02));
#3717 = DIRECTION('',(0.,0.,1.));
#3718 = DIRECTION('',(1.,0.,-0.));
#3719 = DEFINITIONAL_REPRESENTATION('',(#3720),#3724);
#3720 = LINE('',#3721,#3722);
#3721 = CARTESIAN_POINT('',(0.,1.E-02));
#3722 = VECTOR('',#3723,1.);
#3723 = DIRECTION('',(1.,0.));
#3724 = ( GEOMETRIC_REPRESENTATION_CONTEXT(2) 
PARAMETRIC_REPRESENTATION_CONTEXT() REPRESENTATION_CONTEXT('2D SPACE',''
  ) );
#3725 = ORIENTED_EDGE('',*,*,#3726,.F.);
#3726 = EDGE_CURVE('',#254,#3698,#3727,.T.);
#3727 = SURFACE_CURVE('',#3728,(#3733,#3741),.PCURVE_S1.);
#3728 = B_SPLINE_CURVE_WITH_KNOTS('',3,(#3729,#3730,#3731,#3732),
  .UNSPECIFIED.,.F.,.F.,(4,4),(0.,1.),.PIECEWISE_BEZIER_KNOTS.);
#3729 = CARTESIAN_POINT('',(18.694431361307,-1.930576261421,0.));
#3730 = CARTESIAN_POINT('',(19.461176898419,-2.079299961273,0.));
#3731 = CARTESIAN_POINT('',(20.155043844921,-2.479870290723,0.));
#3732 = CARTESIAN_POINT('',(20.797547356409,-2.908955819179,0.));
#3733 = PCURVE('',#57,#3734);
#3734 = DEFINITIONAL_REPRESENTATION('',(#3735),#3740);
#3735 = B_SPLINE_CURVE_WITH_KNOTS('',3,(#3736,#3737,#3738,#3739),
  .UNSPECIFIED.,.F.,.F.,(4,4),(0.,1.),.PIECEWISE_BEZIER_KNOTS.);
#3736 = CARTESIAN_POINT('',(18.694431361307,-1.930576261421));
#3737 = CARTESIAN_POINT('',(19.461176898419,-2.079299961273));
#3738 = CARTESIAN_POINT('',(20.155043844921,-2.479870290723));
#3739 = CARTESIAN_POINT('',(20.797547356409,-2.908955819179));
#3740 = ( GEOMETRIC_REPRESENTATION_CONTEXT(2) 
PARAMETRIC_REPRESENTATION_CONTEXT() REPRESENTATION_CONTEXT('2D SPACE',''
  ) );
#3741 = PCURVE('',#3742,#3759);
#3742 = B_SPLINE_SURFACE_WITH_KNOTS('',3,3,(
    (#3743,#3744,#3745,#3746)
    ,(#3747,#3748,#3749,#3750)
    ,(#3751,#3752,#3753,#3754)
    ,(#3755,#3756,#3757,#3758
    )),.UNSPECIFIED.,.F.,.F.,.F.,(4,4),(4,4),(0.,1.),(0.,1.),
  .PIECEWISE_BEZIER_KNOTS.);
#3743 = CARTESIAN_POINT('',(18.694431361307,-1.930576261421,0.));
#3744 = CARTESIAN_POINT('',(19.461176898419,-2.079299961273,0.));
#3745 = CARTESIAN_POINT('',(20.155043844921,-2.479870290723,0.));
#3746 = CARTESIAN_POINT('',(20.797547356409,-2.908955819179,0.));
#3747 = CARTESIAN_POINT('',(18.514530097411,-3.675984789612,
    2.666669951599));
#3748 = CARTESIAN_POINT('',(19.267404398963,-3.896297085558,
    2.666669951599));
#3749 = CARTESIAN_POINT('',(19.923885548132,-4.361656457625,
    2.666669951599));
#3750 = CARTESIAN_POINT('',(20.526340046242,-4.850736095144,
    2.666669951599));
#3751 = CARTESIAN_POINT('',(18.088300875486,-5.395744651047,
    5.333330048401));
#3752 = CARTESIAN_POINT('',(18.817201661006,-5.685677171732,
    5.333330048401));
#3753 = CARTESIAN_POINT('',(19.427157907811,-6.210539269209,
    5.333330048401));
#3754 = CARTESIAN_POINT('',(19.981101456484,-6.753951505925,
    5.333330048401));
#3755 = CARTESIAN_POINT('',(17.432276302388,-7.023149688068,8.));
#3756 = CARTESIAN_POINT('',(18.128031177706,-7.37803362832,8.));
#3757 = CARTESIAN_POINT('',(18.684128028064,-7.954804138407,8.));
#3758 = CARTESIAN_POINT('',(19.182980337112,-8.544780008051,8.));
#3759 = DEFINITIONAL_REPRESENTATION('',(#3760),#3764);
#3760 = LINE('',#3761,#3762);
#3761 = CARTESIAN_POINT('',(0.,0.));
#3762 = VECTOR('',#3763,1.);
#3763 = DIRECTION('',(0.,1.));
#3764 = ( GEOMETRIC_REPRESENTATION_CONTEXT(2) 
PARAMETRIC_REPRESENTATION_CONTEXT() REPRESENTATION_CONTEXT('2D SPACE',''
  ) );
#3765 = FACE_BOUND('',#3766,.F.);
#3766 = EDGE_LOOP('',(#3767,#3798,#3824,#3853,#3886,#3915,#3941,#3970));
#3767 = ORIENTED_EDGE('',*,*,#3768,.F.);
#3768 = EDGE_CURVE('',#3769,#3771,#3773,.T.);
#3769 = VERTEX_POINT('',#3770);
#3770 = CARTESIAN_POINT('',(-2.013034011374,-11.48670666509,0.));
#3771 = VERTEX_POINT('',#3772);
#3772 = CARTESIAN_POINT('',(0.72003680812,-15.98369003093,0.));
#3773 = SURFACE_CURVE('',#3774,(#3779,#3786),.PCURVE_S1.);
#3774 = CIRCLE('',#3775,3.);
#3775 = AXIS2_PLACEMENT_3D('',#3776,#3777,#3778);
#3776 = CARTESIAN_POINT('',(0.585029062799,-12.98672941912,0.));
#3777 = DIRECTION('',(0.,0.,1.));
#3778 = DIRECTION('',(-0.866021024724,0.500007584678,0.));
#3779 = PCURVE('',#57,#3780);
#3780 = DEFINITIONAL_REPRESENTATION('',(#3781),#3785);
#3781 = CIRCLE('',#3782,3.);
#3782 = AXIS2_PLACEMENT_2D('',#3783,#3784);
#3783 = CARTESIAN_POINT('',(0.585029062799,-12.98672941912));
#3784 = DIRECTION('',(-0.866021024724,0.500007584678));
#3785 = ( GEOMETRIC_REPRESENTATION_CONTEXT(2) 
PARAMETRIC_REPRESENTATION_CONTEXT() REPRESENTATION_CONTEXT('2D SPACE',''
  ) );
#3786 = PCURVE('',#3787,#3792);
#3787 = CYLINDRICAL_SURFACE('',#3788,3.);
#3788 = AXIS2_PLACEMENT_3D('',#3789,#3790,#3791);
#3789 = CARTESIAN_POINT('',(0.585029062799,-12.98672941912,-0.1));
#3790 = DIRECTION('',(0.,0.,1.));
#3791 = DIRECTION('',(-0.866021024724,0.500007584678,0.));
#3792 = DEFINITIONAL_REPRESENTATION('',(#3793),#3797);
#3793 = LINE('',#3794,#3795);
#3794 = CARTESIAN_POINT('',(0.,0.1));
#3795 = VECTOR('',#3796,1.);
#3796 = DIRECTION('',(1.,0.));
#3797 = ( GEOMETRIC_REPRESENTATION_CONTEXT(2) 
PARAMETRIC_REPRESENTATION_CONTEXT() REPRESENTATION_CONTEXT('2D SPACE',''
  ) );
#3798 = ORIENTED_EDGE('',*,*,#3799,.T.);
#3799 = EDGE_CURVE('',#3769,#3800,#3802,.T.);
#3800 = VERTEX_POINT('',#3801);
#3801 = CARTESIAN_POINT('',(-0.778544262598,-9.348550945045,0.));
#3802 = SURFACE_CURVE('',#3803,(#3807,#3813),.PCURVE_S1.);
#3803 = LINE('',#3804,#3805);
#3804 = CARTESIAN_POINT('',(1.732089974264,-5.00009283932,0.));
#3805 = VECTOR('',#3806,1.);
#3806 = DIRECTION('',(0.500007584678,0.866021024724,-0.));
#3807 = PCURVE('',#57,#3808);
#3808 = DEFINITIONAL_REPRESENTATION('',(#3809),#3812);
#3809 = B_SPLINE_CURVE_WITH_KNOTS('',1,(#3810,#3811),.UNSPECIFIED.,.F.,
  .F.,(2,2),(-7.490134350769,-5.021192305474),.PIECEWISE_BEZIER_KNOTS.);
#3810 = CARTESIAN_POINT('',(-2.013034011374,-11.48670666509));
#3811 = CARTESIAN_POINT('',(-0.778544262598,-9.348550945045));
#3812 = ( GEOMETRIC_REPRESENTATION_CONTEXT(2) 
PARAMETRIC_REPRESENTATION_CONTEXT() REPRESENTATION_CONTEXT('2D SPACE',''
  ) );
#3813 = PCURVE('',#3814,#3819);
#3814 = PLANE('',#3815);
#3815 = AXIS2_PLACEMENT_3D('',#3816,#3817,#3818);
#3816 = CARTESIAN_POINT('',(-3.552713678801E-15,-8.0001,-0.1));
#3817 = DIRECTION('',(0.866021024724,-0.500007584678,0.));
#3818 = DIRECTION('',(-0.500007584678,-0.866021024724,0.));
#3819 = DEFINITIONAL_REPRESENTATION('',(#3820),#3823);
#3820 = B_SPLINE_CURVE_WITH_KNOTS('',1,(#3821,#3822),.UNSPECIFIED.,.F.,
  .F.,(2,2),(-7.490134350769,-5.021192305474),.PIECEWISE_BEZIER_KNOTS.);
#3821 = CARTESIAN_POINT('',(4.026006950819,-0.1));
#3822 = CARTESIAN_POINT('',(1.557064905525,-0.1));
#3823 = ( GEOMETRIC_REPRESENTATION_CONTEXT(2) 
PARAMETRIC_REPRESENTATION_CONTEXT() REPRESENTATION_CONTEXT('2D SPACE',''
  ) );
#3824 = ORIENTED_EDGE('',*,*,#3825,.F.);
#3825 = EDGE_CURVE('',#3826,#3800,#3828,.T.);
#3826 = VERTEX_POINT('',#3827);
#3827 = CARTESIAN_POINT('',(1.323290919581,-7.889898678193,0.));
#3828 = SURFACE_CURVE('',#3829,(#3834,#3841),.PCURVE_S1.);
#3829 = CIRCLE('',#3830,3.);
#3830 = AXIS2_PLACEMENT_3D('',#3831,#3832,#3833);
#3831 = CARTESIAN_POINT('',(1.819518811576,-10.84857369907,0.));
#3832 = DIRECTION('',(0.,0.,1.));
#3833 = DIRECTION('',(-0.866021024724,0.500007584678,0.));
#3834 = PCURVE('',#57,#3835);
#3835 = DEFINITIONAL_REPRESENTATION('',(#3836),#3840);
#3836 = CIRCLE('',#3837,3.);
#3837 = AXIS2_PLACEMENT_2D('',#3838,#3839);
#3838 = CARTESIAN_POINT('',(1.819518811576,-10.84857369907));
#3839 = DIRECTION('',(-0.866021024724,0.500007584678));
#3840 = ( GEOMETRIC_REPRESENTATION_CONTEXT(2) 
PARAMETRIC_REPRESENTATION_CONTEXT() REPRESENTATION_CONTEXT('2D SPACE',''
  ) );
#3841 = PCURVE('',#3842,#3847);
#3842 = CYLINDRICAL_SURFACE('',#3843,3.);
#3843 = AXIS2_PLACEMENT_3D('',#3844,#3845,#3846);
#3844 = CARTESIAN_POINT('',(1.819518811576,-10.84857369907,-0.1));
#3845 = DIRECTION('',(0.,0.,1.));
#3846 = DIRECTION('',(-0.866021024724,0.500007584678,-0.));
#3847 = DEFINITIONAL_REPRESENTATION('',(#3848),#3852);
#3848 = LINE('',#3849,#3850);
#3849 = CARTESIAN_POINT('',(-6.28318530718,0.1));
#3850 = VECTOR('',#3851,1.);
#3851 = DIRECTION('',(1.,-0.));
#3852 = ( GEOMETRIC_REPRESENTATION_CONTEXT(2) 
PARAMETRIC_REPRESENTATION_CONTEXT() REPRESENTATION_CONTEXT('2D SPACE',''
  ) );
#3853 = ORIENTED_EDGE('',*,*,#3854,.F.);
#3854 = EDGE_CURVE('',#3855,#3826,#3857,.T.);
#3855 = VERTEX_POINT('',#3856);
#3856 = CARTESIAN_POINT('',(6.17120722881,-5.090952892051,0.));
#3857 = SURFACE_CURVE('',#3858,(#3863,#3874),.PCURVE_S1.);
#3858 = CIRCLE('',#3859,8.0001);
#3859 = AXIS2_PLACEMENT_3D('',#3860,#3861,#3862);
#3860 = CARTESIAN_POINT('',(7.691850745534E-16,-4.440892098501E-16,0.));
#3861 = DIRECTION('',(0.,-0.,-1.));
#3862 = DIRECTION('',(0.866025403784,-0.5,0.));
#3863 = PCURVE('',#57,#3864);
#3864 = DEFINITIONAL_REPRESENTATION('',(#3865),#3873);
#3865 = ( BOUNDED_CURVE() B_SPLINE_CURVE(2,(#3866,#3867,#3868,#3869,
#3870,#3871,#3872),.UNSPECIFIED.,.T.,.F.) B_SPLINE_CURVE_WITH_KNOTS((1,2
    ,2,2,2,1),(-2.094395102393,0.,2.094395102393,4.188790204786,
6.28318530718,8.377580409573),.UNSPECIFIED.) CURVE() 
GEOMETRIC_REPRESENTATION_ITEM() RATIONAL_B_SPLINE_CURVE((1.,0.5,1.,0.5,
1.,0.5,1.)) REPRESENTATION_ITEM('') );
#3866 = CARTESIAN_POINT('',(6.928289832816,-4.00005));
#3867 = CARTESIAN_POINT('',(-7.510850499984E-15,-16.0002));
#3868 = CARTESIAN_POINT('',(-6.928289832816,-4.00005));
#3869 = CARTESIAN_POINT('',(-13.85657966563,8.0001));
#3870 = CARTESIAN_POINT('',(3.147290536417E-15,8.0001));
#3871 = CARTESIAN_POINT('',(13.856579665632,8.0001));
#3872 = CARTESIAN_POINT('',(6.928289832816,-4.00005));
#3873 = ( GEOMETRIC_REPRESENTATION_CONTEXT(2) 
PARAMETRIC_REPRESENTATION_CONTEXT() REPRESENTATION_CONTEXT('2D SPACE',''
  ) );
#3874 = PCURVE('',#3875,#3880);
#3875 = CYLINDRICAL_SURFACE('',#3876,8.0001);
#3876 = AXIS2_PLACEMENT_3D('',#3877,#3878,#3879);
#3877 = CARTESIAN_POINT('',(7.691850745534E-16,-4.440892098501E-16,-0.1)
  );
#3878 = DIRECTION('',(0.,-0.,-1.));
#3879 = DIRECTION('',(0.866025403784,-0.5,0.));
#3880 = DEFINITIONAL_REPRESENTATION('',(#3881),#3885);
#3881 = LINE('',#3882,#3883);
#3882 = CARTESIAN_POINT('',(0.,-0.1));
#3883 = VECTOR('',#3884,1.);
#3884 = DIRECTION('',(1.,0.));
#3885 = ( GEOMETRIC_REPRESENTATION_CONTEXT(2) 
PARAMETRIC_REPRESENTATION_CONTEXT() REPRESENTATION_CONTEXT('2D SPACE',''
  ) );
#3886 = ORIENTED_EDGE('',*,*,#3887,.F.);
#3887 = EDGE_CURVE('',#3888,#3855,#3890,.T.);
#3888 = VERTEX_POINT('',#3889);
#3889 = CARTESIAN_POINT('',(8.485354738281,-4.000036363142,0.));
#3890 = SURFACE_CURVE('',#3891,(#3896,#3903),.PCURVE_S1.);
#3891 = CIRCLE('',#3892,3.);
#3892 = AXIS2_PLACEMENT_3D('',#3893,#3894,#3895);
#3893 = CARTESIAN_POINT('',(8.485381012441,-7.000036363027,0.));
#3894 = DIRECTION('',(0.,0.,1.));
#3895 = DIRECTION('',(-8.75805345385E-06,0.999999999962,0.));
#3896 = PCURVE('',#57,#3897);
#3897 = DEFINITIONAL_REPRESENTATION('',(#3898),#3902);
#3898 = CIRCLE('',#3899,3.);
#3899 = AXIS2_PLACEMENT_2D('',#3900,#3901);
#3900 = CARTESIAN_POINT('',(8.485381012441,-7.000036363027));
#3901 = DIRECTION('',(-8.75805345385E-06,0.999999999962));
#3902 = ( GEOMETRIC_REPRESENTATION_CONTEXT(2) 
PARAMETRIC_REPRESENTATION_CONTEXT() REPRESENTATION_CONTEXT('2D SPACE',''
  ) );
#3903 = PCURVE('',#3904,#3909);
#3904 = CYLINDRICAL_SURFACE('',#3905,3.);
#3905 = AXIS2_PLACEMENT_3D('',#3906,#3907,#3908);
#3906 = CARTESIAN_POINT('',(8.485381012441,-7.000036363027,-0.1));
#3907 = DIRECTION('',(0.,0.,1.));
#3908 = DIRECTION('',(-8.75805345385E-06,0.999999999962,-0.));
#3909 = DEFINITIONAL_REPRESENTATION('',(#3910),#3914);
#3910 = LINE('',#3911,#3912);
#3911 = CARTESIAN_POINT('',(0.,0.1));
#3912 = VECTOR('',#3913,1.);
#3913 = DIRECTION('',(1.,0.));
#3914 = ( GEOMETRIC_REPRESENTATION_CONTEXT(2) 
PARAMETRIC_REPRESENTATION_CONTEXT() REPRESENTATION_CONTEXT('2D SPACE',''
  ) );
#3915 = ORIENTED_EDGE('',*,*,#3916,.T.);
#3916 = EDGE_CURVE('',#3888,#3917,#3919,.T.);
#3917 = VERTEX_POINT('',#3918);
#3918 = CARTESIAN_POINT('',(10.954296783481,-4.000014740016,0.));
#3919 = SURFACE_CURVE('',#3920,(#3924,#3930),.PCURVE_S1.);
#3920 = LINE('',#3921,#3922);
#3921 = CARTESIAN_POINT('',(7.745935796715,-4.000042839013,
    1.387778780781E-17));
#3922 = VECTOR('',#3923,1.);
#3923 = DIRECTION('',(0.999999999962,8.75805345385E-06,-0.));
#3924 = PCURVE('',#57,#3925);
#3925 = DEFINITIONAL_REPRESENTATION('',(#3926),#3929);
#3926 = B_SPLINE_CURVE_WITH_KNOTS('',1,(#3927,#3928),.UNSPECIFIED.,.F.,
  .F.,(2,2),(0.739418941595,3.208360986889),.PIECEWISE_BEZIER_KNOTS.);
#3927 = CARTESIAN_POINT('',(8.485354738281,-4.000036363142));
#3928 = CARTESIAN_POINT('',(10.954296783481,-4.000014740016));
#3929 = ( GEOMETRIC_REPRESENTATION_CONTEXT(2) 
PARAMETRIC_REPRESENTATION_CONTEXT() REPRESENTATION_CONTEXT('2D SPACE',''
  ) );
#3930 = PCURVE('',#3931,#3936);
#3931 = PLANE('',#3932);
#3932 = AXIS2_PLACEMENT_3D('',#3933,#3934,#3935);
#3933 = CARTESIAN_POINT('',(15.491836560246,-3.999975,-0.1));
#3934 = DIRECTION('',(8.75805345385E-06,-0.999999999962,0.));
#3935 = DIRECTION('',(-0.999999999962,-8.75805345385E-06,0.));
#3936 = DEFINITIONAL_REPRESENTATION('',(#3937),#3940);
#3937 = B_SPLINE_CURVE_WITH_KNOTS('',1,(#3938,#3939),.UNSPECIFIED.,.F.,
  .F.,(2,2),(0.739418941595,3.208360986889),.PIECEWISE_BEZIER_KNOTS.);
#3938 = CARTESIAN_POINT('',(7.006481822234,-0.1));
#3939 = CARTESIAN_POINT('',(4.537539776939,-0.1));
#3940 = ( GEOMETRIC_REPRESENTATION_CONTEXT(2) 
PARAMETRIC_REPRESENTATION_CONTEXT() REPRESENTATION_CONTEXT('2D SPACE',''
  ) );
#3941 = ORIENTED_EDGE('',*,*,#3942,.F.);
#3942 = EDGE_CURVE('',#3943,#3917,#3945,.T.);
#3943 = VERTEX_POINT('',#3944);
#3944 = CARTESIAN_POINT('',(13.482263208944,-8.615415182958,0.));
#3945 = SURFACE_CURVE('',#3946,(#3951,#3958),.PCURVE_S1.);
#3946 = CIRCLE('',#3947,3.);
#3947 = AXIS2_PLACEMENT_3D('',#3948,#3949,#3950);
#3948 = CARTESIAN_POINT('',(10.954323057641,-7.000014739901,0.));
#3949 = DIRECTION('',(0.,0.,1.));
#3950 = DIRECTION('',(0.842646717101,-0.538466814352,0.));
#3951 = PCURVE('',#57,#3952);
#3952 = DEFINITIONAL_REPRESENTATION('',(#3953),#3957);
#3953 = CIRCLE('',#3954,3.);
#3954 = AXIS2_PLACEMENT_2D('',#3955,#3956);
#3955 = CARTESIAN_POINT('',(10.954323057641,-7.000014739901));
#3956 = DIRECTION('',(0.842646717101,-0.538466814352));
#3957 = ( GEOMETRIC_REPRESENTATION_CONTEXT(2) 
PARAMETRIC_REPRESENTATION_CONTEXT() REPRESENTATION_CONTEXT('2D SPACE',''
  ) );
#3958 = PCURVE('',#3959,#3964);
#3959 = CYLINDRICAL_SURFACE('',#3960,3.);
#3960 = AXIS2_PLACEMENT_3D('',#3961,#3962,#3963);
#3961 = CARTESIAN_POINT('',(10.954323057641,-7.000014739901,-0.1));
#3962 = DIRECTION('',(0.,0.,1.));
#3963 = DIRECTION('',(0.842646717101,-0.538466814352,0.));
#3964 = DEFINITIONAL_REPRESENTATION('',(#3965),#3969);
#3965 = LINE('',#3966,#3967);
#3966 = CARTESIAN_POINT('',(0.,0.1));
#3967 = VECTOR('',#3968,1.);
#3968 = DIRECTION('',(1.,0.));
#3969 = ( GEOMETRIC_REPRESENTATION_CONTEXT(2) 
PARAMETRIC_REPRESENTATION_CONTEXT() REPRESENTATION_CONTEXT('2D SPACE',''
  ) );
#3970 = ORIENTED_EDGE('',*,*,#3971,.T.);
#3971 = EDGE_CURVE('',#3943,#3771,#3972,.T.);
#3972 = SURFACE_CURVE('',#3973,(#3978,#3989),.PCURVE_S1.);
#3973 = CIRCLE('',#3974,15.9999);
#3974 = AXIS2_PLACEMENT_3D('',#3975,#3976,#3977);
#3975 = CARTESIAN_POINT('',(3.885780586188E-16,6.730369402342E-16,0.));
#3976 = DIRECTION('',(0.,0.,-1.));
#3977 = DIRECTION('',(-0.26761656733,-0.963525491562,-0.));
#3978 = PCURVE('',#57,#3979);
#3979 = DEFINITIONAL_REPRESENTATION('',(#3980),#3988);
#3980 = ( BOUNDED_CURVE() B_SPLINE_CURVE(2,(#3981,#3982,#3983,#3984,
#3985,#3986,#3987),.UNSPECIFIED.,.T.,.F.) B_SPLINE_CURVE_WITH_KNOTS((1,2
    ,2,2,2,1),(-2.094395102393,0.,2.094395102393,4.188790204786,
6.28318530718,8.377580409573),.UNSPECIFIED.) CURVE() 
GEOMETRIC_REPRESENTATION_ITEM() RATIONAL_B_SPLINE_CURVE((1.,0.5,1.,0.5,
1.,0.5,1.)) REPRESENTATION_ITEM('') );
#3981 = CARTESIAN_POINT('',(-4.28183831562,-15.41631151245));
#3982 = CARTESIAN_POINT('',(-30.98367312049,-7.99995));
#3983 = CARTESIAN_POINT('',(-11.20999824462,11.41633651245));
#3984 = CARTESIAN_POINT('',(8.563676631241,30.832623024899));
#3985 = CARTESIAN_POINT('',(15.491836560246,3.999975));
#3986 = CARTESIAN_POINT('',(22.419996489251,-22.83267302489));
#3987 = CARTESIAN_POINT('',(-4.28183831562,-15.41631151245));
#3988 = ( GEOMETRIC_REPRESENTATION_CONTEXT(2) 
PARAMETRIC_REPRESENTATION_CONTEXT() REPRESENTATION_CONTEXT('2D SPACE',''
  ) );
#3989 = PCURVE('',#3990,#3995);
#3990 = CYLINDRICAL_SURFACE('',#3991,15.9999);
#3991 = AXIS2_PLACEMENT_3D('',#3992,#3993,#3994);
#3992 = CARTESIAN_POINT('',(3.885780586188E-16,6.730369402342E-16,-0.1)
  );
#3993 = DIRECTION('',(0.,0.,-1.));
#3994 = DIRECTION('',(-0.26761656733,-0.963525491562,0.));
#3995 = DEFINITIONAL_REPRESENTATION('',(#3996),#4000);
#3996 = LINE('',#3997,#3998);
#3997 = CARTESIAN_POINT('',(-6.28318530718,-0.1));
#3998 = VECTOR('',#3999,1.);
#3999 = DIRECTION('',(1.,-0.));
#4000 = ( GEOMETRIC_REPRESENTATION_CONTEXT(2) 
PARAMETRIC_REPRESENTATION_CONTEXT() REPRESENTATION_CONTEXT('2D SPACE',''
  ) );
#4001 = FACE_BOUND('',#4002,.F.);
#4002 = EDGE_LOOP('',(#4003));
#4003 = ORIENTED_EDGE('',*,*,#4004,.F.);
#4004 = EDGE_CURVE('',#4005,#4005,#4007,.T.);
#4005 = VERTEX_POINT('',#4006);
#4006 = CARTESIAN_POINT('',(2.5,0.,0.));
#4007 = SURFACE_CURVE('',#4008,(#4013,#4020),.PCURVE_S1.);
#4008 = CIRCLE('',#4009,2.5);
#4009 = AXIS2_PLACEMENT_3D('',#4010,#4011,#4012);
#4010 = CARTESIAN_POINT('',(0.,0.,0.));
#4011 = DIRECTION('',(0.,-0.,1.));
#4012 = DIRECTION('',(1.,0.,0.));
#4013 = PCURVE('',#57,#4014);
#4014 = DEFINITIONAL_REPRESENTATION('',(#4015),#4019);
#4015 = CIRCLE('',#4016,2.5);
#4016 = AXIS2_PLACEMENT_2D('',#4017,#4018);
#4017 = CARTESIAN_POINT('',(6.017486224637E-16,-2.462096471272E-15));
#4018 = DIRECTION('',(1.,0.));
#4019 = ( GEOMETRIC_REPRESENTATION_CONTEXT(2) 
PARAMETRIC_REPRESENTATION_CONTEXT() REPRESENTATION_CONTEXT('2D SPACE',''
  ) );
#4020 = PCURVE('',#4021,#4026);
#4021 = CYLINDRICAL_SURFACE('',#4022,2.5);
#4022 = AXIS2_PLACEMENT_3D('',#4023,#4024,#4025);
#4023 = CARTESIAN_POINT('',(0.,0.,42.180485274917));
#4024 = DIRECTION('',(0.,-0.,1.));
#4025 = DIRECTION('',(1.,0.,0.));
#4026 = DEFINITIONAL_REPRESENTATION('',(#4027),#4031);
#4027 = LINE('',#4028,#4029);
#4028 = CARTESIAN_POINT('',(-6.28318530718,-42.18048527491));
#4029 = VECTOR('',#4030,1.);
#4030 = DIRECTION('',(1.,-0.));
#4031 = ( GEOMETRIC_REPRESENTATION_CONTEXT(2) 
PARAMETRIC_REPRESENTATION_CONTEXT() REPRESENTATION_CONTEXT('2D SPACE',''
  ) );
#4032 = FACE_BOUND('',#4033,.F.);
#4033 = EDGE_LOOP('',(#4034,#4065,#4091,#4120,#4153,#4182,#4208,#4237));
#4034 = ORIENTED_EDGE('',*,*,#4035,.F.);
#4035 = EDGE_CURVE('',#4036,#4038,#4040,.T.);
#4036 = VERTEX_POINT('',#4037);
#4037 = CARTESIAN_POINT('',(-8.941262772106,7.486691925081,0.));
#4038 = VERTEX_POINT('',#4039);
#4039 = CARTESIAN_POINT('',(-14.20230001706,7.368274847975,0.));
#4040 = SURFACE_CURVE('',#4041,(#4046,#4053),.PCURVE_S1.);
#4041 = CIRCLE('',#4042,3.);
#4042 = AXIS2_PLACEMENT_3D('',#4043,#4044,#4045);
#4043 = CARTESIAN_POINT('',(-11.53935212044,5.986714679229,0.));
#4044 = DIRECTION('',(0.,0.,1.));
#4045 = DIRECTION('',(0.866029782778,0.499992415284,-0.));
#4046 = PCURVE('',#57,#4047);
#4047 = DEFINITIONAL_REPRESENTATION('',(#4048),#4052);
#4048 = CIRCLE('',#4049,3.);
#4049 = AXIS2_PLACEMENT_2D('',#4050,#4051);
#4050 = CARTESIAN_POINT('',(-11.53935212044,5.986714679229));
#4051 = DIRECTION('',(0.866029782778,0.499992415284));
#4052 = ( GEOMETRIC_REPRESENTATION_CONTEXT(2) 
PARAMETRIC_REPRESENTATION_CONTEXT() REPRESENTATION_CONTEXT('2D SPACE',''
  ) );
#4053 = PCURVE('',#4054,#4059);
#4054 = CYLINDRICAL_SURFACE('',#4055,3.);
#4055 = AXIS2_PLACEMENT_3D('',#4056,#4057,#4058);
#4056 = CARTESIAN_POINT('',(-11.53935212044,5.986714679229,-0.1));
#4057 = DIRECTION('',(0.,0.,1.));
#4058 = DIRECTION('',(0.866029782778,0.499992415284,0.));
#4059 = DEFINITIONAL_REPRESENTATION('',(#4060),#4064);
#4060 = LINE('',#4061,#4062);
#4061 = CARTESIAN_POINT('',(0.,0.1));
#4062 = VECTOR('',#4063,1.);
#4063 = DIRECTION('',(1.,0.));
#4064 = ( GEOMETRIC_REPRESENTATION_CONTEXT(2) 
PARAMETRIC_REPRESENTATION_CONTEXT() REPRESENTATION_CONTEXT('2D SPACE',''
  ) );
#4065 = ORIENTED_EDGE('',*,*,#4066,.T.);
#4066 = EDGE_CURVE('',#4036,#4067,#4069,.T.);
#4067 = VERTEX_POINT('',#4068);
#4068 = CARTESIAN_POINT('',(-7.706810475683,5.348514581903,0.));
#4069 = SURFACE_CURVE('',#4070,(#4074,#4080),.PCURVE_S1.);
#4070 = LINE('',#4071,#4072);
#4071 = CARTESIAN_POINT('',(-5.196252407264,1.000012500307,0.));
#4072 = VECTOR('',#4073,1.);
#4073 = DIRECTION('',(0.499992415284,-0.866029782778,0.));
#4074 = PCURVE('',#57,#4075);
#4075 = DEFINITIONAL_REPRESENTATION('',(#4076),#4079);
#4076 = B_SPLINE_CURVE_WITH_KNOTS('',1,(#4077,#4078),.UNSPECIFIED.,.F.,
  .F.,(2,2),(-7.490134350769,-5.021192305474),.PIECEWISE_BEZIER_KNOTS.);
#4077 = CARTESIAN_POINT('',(-8.941262772106,7.486691925081));
#4078 = CARTESIAN_POINT('',(-7.706810475683,5.348514581903));
#4079 = ( GEOMETRIC_REPRESENTATION_CONTEXT(2) 
PARAMETRIC_REPRESENTATION_CONTEXT() REPRESENTATION_CONTEXT('2D SPACE',''
  ) );
#4080 = PCURVE('',#4081,#4086);
#4081 = PLANE('',#4082);
#4082 = AXIS2_PLACEMENT_3D('',#4083,#4084,#4085);
#4083 = CARTESIAN_POINT('',(-6.928289832816,4.00005,-0.1));
#4084 = DIRECTION('',(-0.866029782778,-0.499992415284,0.));
#4085 = DIRECTION('',(-0.499992415284,0.866029782778,0.));
#4086 = DEFINITIONAL_REPRESENTATION('',(#4087),#4090);
#4087 = B_SPLINE_CURVE_WITH_KNOTS('',1,(#4088,#4089),.UNSPECIFIED.,.F.,
  .F.,(2,2),(-7.490134350769,-5.021192305474),.PIECEWISE_BEZIER_KNOTS.);
#4088 = CARTESIAN_POINT('',(4.026006950819,-0.1));
#4089 = CARTESIAN_POINT('',(1.557064905525,-0.1));
#4090 = ( GEOMETRIC_REPRESENTATION_CONTEXT(2) 
PARAMETRIC_REPRESENTATION_CONTEXT() REPRESENTATION_CONTEXT('2D SPACE',''
  ) );
#4091 = ORIENTED_EDGE('',*,*,#4092,.F.);
#4092 = EDGE_CURVE('',#4093,#4067,#4095,.T.);
#4093 = VERTEX_POINT('',#4094);
#4094 = CARTESIAN_POINT('',(-7.494498148391,2.798945786142,0.));
#4095 = SURFACE_CURVE('',#4096,(#4101,#4108),.PCURVE_S1.);
#4096 = CIRCLE('',#4097,3.);
#4097 = AXIS2_PLACEMENT_3D('',#4098,#4099,#4100);
#4098 = CARTESIAN_POINT('',(-10.30489982401,3.84853733605,0.));
#4099 = DIRECTION('',(0.,0.,1.));
#4100 = DIRECTION('',(0.866029782778,0.499992415284,-0.));
#4101 = PCURVE('',#57,#4102);
#4102 = DEFINITIONAL_REPRESENTATION('',(#4103),#4107);
#4103 = CIRCLE('',#4104,3.);
#4104 = AXIS2_PLACEMENT_2D('',#4105,#4106);
#4105 = CARTESIAN_POINT('',(-10.30489982401,3.84853733605));
#4106 = DIRECTION('',(0.866029782778,0.499992415284));
#4107 = ( GEOMETRIC_REPRESENTATION_CONTEXT(2) 
PARAMETRIC_REPRESENTATION_CONTEXT() REPRESENTATION_CONTEXT('2D SPACE',''
  ) );
#4108 = PCURVE('',#4109,#4114);
#4109 = CYLINDRICAL_SURFACE('',#4110,3.);
#4110 = AXIS2_PLACEMENT_3D('',#4111,#4112,#4113);
#4111 = CARTESIAN_POINT('',(-10.30489982401,3.84853733605,-0.1));
#4112 = DIRECTION('',(0.,0.,1.));
#4113 = DIRECTION('',(0.866029782778,0.499992415284,-0.));
#4114 = DEFINITIONAL_REPRESENTATION('',(#4115),#4119);
#4115 = LINE('',#4116,#4117);
#4116 = CARTESIAN_POINT('',(-6.28318530718,0.1));
#4117 = VECTOR('',#4118,1.);
#4118 = DIRECTION('',(1.,-0.));
#4119 = ( GEOMETRIC_REPRESENTATION_CONTEXT(2) 
PARAMETRIC_REPRESENTATION_CONTEXT() REPRESENTATION_CONTEXT('2D SPACE',''
  ) );
#4120 = ORIENTED_EDGE('',*,*,#4121,.F.);
#4121 = EDGE_CURVE('',#4122,#4093,#4124,.T.);
#4122 = VERTEX_POINT('',#4123);
#4123 = CARTESIAN_POINT('',(-7.494498148391,-2.798945786142,0.));
#4124 = SURFACE_CURVE('',#4125,(#4130,#4141),.PCURVE_S1.);
#4125 = CIRCLE('',#4126,8.0001);
#4126 = AXIS2_PLACEMENT_3D('',#4127,#4128,#4129);
#4127 = CARTESIAN_POINT('',(-7.691850745534E-16,-4.440892098501E-16,0.)
  );
#4128 = DIRECTION('',(-0.,0.,-1.));
#4129 = DIRECTION('',(-0.866025403784,-0.5,0.));
#4130 = PCURVE('',#57,#4131);
#4131 = DEFINITIONAL_REPRESENTATION('',(#4132),#4140);
#4132 = ( BOUNDED_CURVE() B_SPLINE_CURVE(2,(#4133,#4134,#4135,#4136,
#4137,#4138,#4139),.UNSPECIFIED.,.T.,.F.) B_SPLINE_CURVE_WITH_KNOTS((1,2
    ,2,2,2,1),(-2.094395102393,0.,2.094395102393,4.188790204786,
6.28318530718,8.377580409573),.UNSPECIFIED.) CURVE() 
GEOMETRIC_REPRESENTATION_ITEM() RATIONAL_B_SPLINE_CURVE((1.,0.5,1.,0.5,
1.,0.5,1.)) REPRESENTATION_ITEM('') );
#4133 = CARTESIAN_POINT('',(-6.928289832816,-4.00005));
#4134 = CARTESIAN_POINT('',(-13.85657966563,8.0001));
#4135 = CARTESIAN_POINT('',(2.053009597161E-15,8.0001));
#4136 = CARTESIAN_POINT('',(13.856579665632,8.0001));
#4137 = CARTESIAN_POINT('',(6.928289832816,-4.00005));
#4138 = CARTESIAN_POINT('',(4.273455646411E-15,-16.0002));
#4139 = CARTESIAN_POINT('',(-6.928289832816,-4.00005));
#4140 = ( GEOMETRIC_REPRESENTATION_CONTEXT(2) 
PARAMETRIC_REPRESENTATION_CONTEXT() REPRESENTATION_CONTEXT('2D SPACE',''
  ) );
#4141 = PCURVE('',#4142,#4147);
#4142 = CYLINDRICAL_SURFACE('',#4143,8.0001);
#4143 = AXIS2_PLACEMENT_3D('',#4144,#4145,#4146);
#4144 = CARTESIAN_POINT('',(-7.691850745534E-16,-4.440892098501E-16,-0.1
    ));
#4145 = DIRECTION('',(-0.,0.,-1.));
#4146 = DIRECTION('',(-0.866025403784,-0.5,0.));
#4147 = DEFINITIONAL_REPRESENTATION('',(#4148),#4152);
#4148 = LINE('',#4149,#4150);
#4149 = CARTESIAN_POINT('',(0.,-0.1));
#4150 = VECTOR('',#4151,1.);
#4151 = DIRECTION('',(1.,0.));
#4152 = ( GEOMETRIC_REPRESENTATION_CONTEXT(2) 
PARAMETRIC_REPRESENTATION_CONTEXT() REPRESENTATION_CONTEXT('2D SPACE',''
  ) );
#4153 = ORIENTED_EDGE('',*,*,#4154,.F.);
#4154 = EDGE_CURVE('',#4155,#4122,#4157,.T.);
#4155 = VERTEX_POINT('',#4156);
#4156 = CARTESIAN_POINT('',(-7.706810475683,-5.348514581903,0.));
#4157 = SURFACE_CURVE('',#4158,(#4163,#4170),.PCURVE_S1.);
#4158 = CIRCLE('',#4159,3.);
#4159 = AXIS2_PLACEMENT_3D('',#4160,#4161,#4162);
#4160 = CARTESIAN_POINT('',(-10.30489982401,-3.84853733605,0.));
#4161 = DIRECTION('',(0.,0.,1.));
#4162 = DIRECTION('',(0.866029782778,-0.499992415284,0.));
#4163 = PCURVE('',#57,#4164);
#4164 = DEFINITIONAL_REPRESENTATION('',(#4165),#4169);
#4165 = CIRCLE('',#4166,3.);
#4166 = AXIS2_PLACEMENT_2D('',#4167,#4168);
#4167 = CARTESIAN_POINT('',(-10.30489982401,-3.84853733605));
#4168 = DIRECTION('',(0.866029782778,-0.499992415284));
#4169 = ( GEOMETRIC_REPRESENTATION_CONTEXT(2) 
PARAMETRIC_REPRESENTATION_CONTEXT() REPRESENTATION_CONTEXT('2D SPACE',''
  ) );
#4170 = PCURVE('',#4171,#4176);
#4171 = CYLINDRICAL_SURFACE('',#4172,3.);
#4172 = AXIS2_PLACEMENT_3D('',#4173,#4174,#4175);
#4173 = CARTESIAN_POINT('',(-10.30489982401,-3.84853733605,-0.1));
#4174 = DIRECTION('',(0.,0.,1.));
#4175 = DIRECTION('',(0.866029782778,-0.499992415284,-0.));
#4176 = DEFINITIONAL_REPRESENTATION('',(#4177),#4181);
#4177 = LINE('',#4178,#4179);
#4178 = CARTESIAN_POINT('',(0.,0.1));
#4179 = VECTOR('',#4180,1.);
#4180 = DIRECTION('',(1.,0.));
#4181 = ( GEOMETRIC_REPRESENTATION_CONTEXT(2) 
PARAMETRIC_REPRESENTATION_CONTEXT() REPRESENTATION_CONTEXT('2D SPACE',''
  ) );
#4182 = ORIENTED_EDGE('',*,*,#4183,.T.);
#4183 = EDGE_CURVE('',#4155,#4184,#4186,.T.);
#4184 = VERTEX_POINT('',#4185);
#4185 = CARTESIAN_POINT('',(-8.941262772106,-7.486691925081,0.));
#4186 = SURFACE_CURVE('',#4187,(#4191,#4197),.PCURVE_S1.);
#4187 = LINE('',#4188,#4189);
#4188 = CARTESIAN_POINT('',(-7.337106613169,-4.708155756532,0.));
#4189 = VECTOR('',#4190,1.);
#4190 = DIRECTION('',(-0.499992415284,-0.866029782778,0.));
#4191 = PCURVE('',#57,#4192);
#4192 = DEFINITIONAL_REPRESENTATION('',(#4193),#4196);
#4193 = B_SPLINE_CURVE_WITH_KNOTS('',1,(#4194,#4195),.UNSPECIFIED.,.F.,
  .F.,(2,2),(0.739418941595,3.208360986889),.PIECEWISE_BEZIER_KNOTS.);
#4194 = CARTESIAN_POINT('',(-7.706810475683,-5.348514581903));
#4195 = CARTESIAN_POINT('',(-8.941262772106,-7.486691925081));
#4196 = ( GEOMETRIC_REPRESENTATION_CONTEXT(2) 
PARAMETRIC_REPRESENTATION_CONTEXT() REPRESENTATION_CONTEXT('2D SPACE',''
  ) );
#4197 = PCURVE('',#4198,#4203);
#4198 = PLANE('',#4199);
#4199 = AXIS2_PLACEMENT_3D('',#4200,#4201,#4202);
#4200 = CARTESIAN_POINT('',(-11.20999824462,-11.41633651245,-0.1));
#4201 = DIRECTION('',(-0.866029782778,0.499992415284,0.));
#4202 = DIRECTION('',(0.499992415284,0.866029782778,0.));
#4203 = DEFINITIONAL_REPRESENTATION('',(#4204),#4207);
#4204 = B_SPLINE_CURVE_WITH_KNOTS('',1,(#4205,#4206),.UNSPECIFIED.,.F.,
  .F.,(2,2),(0.739418941595,3.208360986889),.PIECEWISE_BEZIER_KNOTS.);
#4205 = CARTESIAN_POINT('',(7.006481822234,-0.1));
#4206 = CARTESIAN_POINT('',(4.537539776939,-0.1));
#4207 = ( GEOMETRIC_REPRESENTATION_CONTEXT(2) 
PARAMETRIC_REPRESENTATION_CONTEXT() REPRESENTATION_CONTEXT('2D SPACE',''
  ) );
#4208 = ORIENTED_EDGE('',*,*,#4209,.F.);
#4209 = EDGE_CURVE('',#4210,#4184,#4212,.T.);
#4210 = VERTEX_POINT('',#4211);
#4211 = CARTESIAN_POINT('',(-14.20230001706,-7.368274847975,0.));
#4212 = SURFACE_CURVE('',#4213,(#4218,#4225),.PCURVE_S1.);
#4213 = CIRCLE('',#4214,3.);
#4214 = AXIS2_PLACEMENT_3D('',#4215,#4216,#4217);
#4215 = CARTESIAN_POINT('',(-11.53935212044,-5.986714679229,0.));
#4216 = DIRECTION('',(0.,0.,1.));
#4217 = DIRECTION('',(-0.887649298875,-0.460520056249,0.));
#4218 = PCURVE('',#57,#4219);
#4219 = DEFINITIONAL_REPRESENTATION('',(#4220),#4224);
#4220 = CIRCLE('',#4221,3.);
#4221 = AXIS2_PLACEMENT_2D('',#4222,#4223);
#4222 = CARTESIAN_POINT('',(-11.53935212044,-5.986714679229));
#4223 = DIRECTION('',(-0.887649298875,-0.460520056249));
#4224 = ( GEOMETRIC_REPRESENTATION_CONTEXT(2) 
PARAMETRIC_REPRESENTATION_CONTEXT() REPRESENTATION_CONTEXT('2D SPACE',''
  ) );
#4225 = PCURVE('',#4226,#4231);
#4226 = CYLINDRICAL_SURFACE('',#4227,3.);
#4227 = AXIS2_PLACEMENT_3D('',#4228,#4229,#4230);
#4228 = CARTESIAN_POINT('',(-11.53935212044,-5.986714679229,-0.1));
#4229 = DIRECTION('',(0.,0.,1.));
#4230 = DIRECTION('',(-0.887649298875,-0.460520056249,0.));
#4231 = DEFINITIONAL_REPRESENTATION('',(#4232),#4236);
#4232 = LINE('',#4233,#4234);
#4233 = CARTESIAN_POINT('',(0.,0.1));
#4234 = VECTOR('',#4235,1.);
#4235 = DIRECTION('',(1.,0.));
#4236 = ( GEOMETRIC_REPRESENTATION_CONTEXT(2) 
PARAMETRIC_REPRESENTATION_CONTEXT() REPRESENTATION_CONTEXT('2D SPACE',''
  ) );
#4237 = ORIENTED_EDGE('',*,*,#4238,.T.);
#4238 = EDGE_CURVE('',#4210,#4038,#4239,.T.);
#4239 = SURFACE_CURVE('',#4240,(#4245,#4256),.PCURVE_S1.);
#4240 = CIRCLE('',#4241,15.9999);
#4241 = AXIS2_PLACEMENT_3D('',#4242,#4243,#4244);
#4242 = CARTESIAN_POINT('',(3.885780586188E-16,-6.730369402342E-16,0.));
#4243 = DIRECTION('',(0.,0.,-1.));
#4244 = DIRECTION('',(-0.700629269222,0.713525491562,0.));
#4245 = PCURVE('',#57,#4246);
#4246 = DEFINITIONAL_REPRESENTATION('',(#4247),#4255);
#4247 = ( BOUNDED_CURVE() B_SPLINE_CURVE(2,(#4248,#4249,#4250,#4251,
#4252,#4253,#4254),.UNSPECIFIED.,.T.,.F.) B_SPLINE_CURVE_WITH_KNOTS((1,2
    ,2,2,2,1),(-2.094395102393,0.,2.094395102393,4.188790204786,
6.28318530718,8.377580409573),.UNSPECIFIED.) CURVE() 
GEOMETRIC_REPRESENTATION_ITEM() RATIONAL_B_SPLINE_CURVE((1.,0.5,1.,0.5,
1.,0.5,1.)) REPRESENTATION_ITEM('') );
#4248 = CARTESIAN_POINT('',(-11.20999824462,11.41633651245));
#4249 = CARTESIAN_POINT('',(8.563676631241,30.832623024899));
#4250 = CARTESIAN_POINT('',(15.491836560246,3.999975));
#4251 = CARTESIAN_POINT('',(22.419996489251,-22.83267302489));
#4252 = CARTESIAN_POINT('',(-4.28183831562,-15.41631151245));
#4253 = CARTESIAN_POINT('',(-30.98367312049,-7.99995));
#4254 = CARTESIAN_POINT('',(-11.20999824462,11.41633651245));
#4255 = ( GEOMETRIC_REPRESENTATION_CONTEXT(2) 
PARAMETRIC_REPRESENTATION_CONTEXT() REPRESENTATION_CONTEXT('2D SPACE',''
  ) );
#4256 = PCURVE('',#4257,#4262);
#4257 = CYLINDRICAL_SURFACE('',#4258,15.9999);
#4258 = AXIS2_PLACEMENT_3D('',#4259,#4260,#4261);
#4259 = CARTESIAN_POINT('',(3.885780586188E-16,-6.730369402342E-16,-0.1)
  );
#4260 = DIRECTION('',(0.,0.,-1.));
#4261 = DIRECTION('',(-0.700629269222,0.713525491562,0.));
#4262 = DEFINITIONAL_REPRESENTATION('',(#4263),#4267);
#4263 = LINE('',#4264,#4265);
#4264 = CARTESIAN_POINT('',(-6.28318530718,-0.1));
#4265 = VECTOR('',#4266,1.);
#4266 = DIRECTION('',(1.,-0.));
#4267 = ( GEOMETRIC_REPRESENTATION_CONTEXT(2) 
PARAMETRIC_REPRESENTATION_CONTEXT() REPRESENTATION_CONTEXT('2D SPACE',''
  ) );
#4268 = FACE_BOUND('',#4269,.F.);
#4269 = EDGE_LOOP('',(#4270,#4301,#4327,#4356,#4389,#4418,#4444,#4473));
#4270 = ORIENTED_EDGE('',*,*,#4271,.F.);
#4271 = EDGE_CURVE('',#4272,#4274,#4276,.T.);
#4272 = VERTEX_POINT('',#4273);
#4273 = CARTESIAN_POINT('',(10.954296783481,4.000014740016,0.));
#4274 = VERTEX_POINT('',#4275);
#4275 = CARTESIAN_POINT('',(13.482263208944,8.615415182958,0.));
#4276 = SURFACE_CURVE('',#4277,(#4282,#4289),.PCURVE_S1.);
#4277 = CIRCLE('',#4278,3.);
#4278 = AXIS2_PLACEMENT_3D('',#4279,#4280,#4281);
#4279 = CARTESIAN_POINT('',(10.954323057641,7.000014739901,0.));
#4280 = DIRECTION('',(0.,0.,1.));
#4281 = DIRECTION('',(-8.758053454267E-06,-0.999999999962,0.));
#4282 = PCURVE('',#57,#4283);
#4283 = DEFINITIONAL_REPRESENTATION('',(#4284),#4288);
#4284 = CIRCLE('',#4285,3.);
#4285 = AXIS2_PLACEMENT_2D('',#4286,#4287);
#4286 = CARTESIAN_POINT('',(10.954323057641,7.000014739901));
#4287 = DIRECTION('',(-8.758053454267E-06,-0.999999999962));
#4288 = ( GEOMETRIC_REPRESENTATION_CONTEXT(2) 
PARAMETRIC_REPRESENTATION_CONTEXT() REPRESENTATION_CONTEXT('2D SPACE',''
  ) );
#4289 = PCURVE('',#4290,#4295);
#4290 = CYLINDRICAL_SURFACE('',#4291,3.);
#4291 = AXIS2_PLACEMENT_3D('',#4292,#4293,#4294);
#4292 = CARTESIAN_POINT('',(10.954323057641,7.000014739901,-0.1));
#4293 = DIRECTION('',(0.,0.,1.));
#4294 = DIRECTION('',(-8.758053454267E-06,-0.999999999962,0.));
#4295 = DEFINITIONAL_REPRESENTATION('',(#4296),#4300);
#4296 = LINE('',#4297,#4298);
#4297 = CARTESIAN_POINT('',(0.,0.1));
#4298 = VECTOR('',#4299,1.);
#4299 = DIRECTION('',(1.,0.));
#4300 = ( GEOMETRIC_REPRESENTATION_CONTEXT(2) 
PARAMETRIC_REPRESENTATION_CONTEXT() REPRESENTATION_CONTEXT('2D SPACE',''
  ) );
#4301 = ORIENTED_EDGE('',*,*,#4302,.T.);
#4302 = EDGE_CURVE('',#4272,#4303,#4305,.T.);
#4303 = VERTEX_POINT('',#4304);
#4304 = CARTESIAN_POINT('',(8.485354738281,4.000036363142,0.));
#4305 = SURFACE_CURVE('',#4306,(#4310,#4316),.PCURVE_S1.);
#4306 = LINE('',#4307,#4308);
#4307 = CARTESIAN_POINT('',(3.464162433,4.000080339013,0.));
#4308 = VECTOR('',#4309,1.);
#4309 = DIRECTION('',(-0.999999999962,8.758053454267E-06,0.));
#4310 = PCURVE('',#57,#4311);
#4311 = DEFINITIONAL_REPRESENTATION('',(#4312),#4315);
#4312 = B_SPLINE_CURVE_WITH_KNOTS('',1,(#4313,#4314),.UNSPECIFIED.,.F.,
  .F.,(2,2),(-7.490134350769,-5.021192305474),.PIECEWISE_BEZIER_KNOTS.);
#4313 = CARTESIAN_POINT('',(10.954296783481,4.000014740016));
#4314 = CARTESIAN_POINT('',(8.485354738281,4.000036363142));
#4315 = ( GEOMETRIC_REPRESENTATION_CONTEXT(2) 
PARAMETRIC_REPRESENTATION_CONTEXT() REPRESENTATION_CONTEXT('2D SPACE',''
  ) );
#4316 = PCURVE('',#4317,#4322);
#4317 = PLANE('',#4318);
#4318 = AXIS2_PLACEMENT_3D('',#4319,#4320,#4321);
#4319 = CARTESIAN_POINT('',(6.928289832816,4.00005,-0.1));
#4320 = DIRECTION('',(8.758053454267E-06,0.999999999962,0.));
#4321 = DIRECTION('',(0.999999999962,-8.758053454267E-06,0.));
#4322 = DEFINITIONAL_REPRESENTATION('',(#4323),#4326);
#4323 = B_SPLINE_CURVE_WITH_KNOTS('',1,(#4324,#4325),.UNSPECIFIED.,.F.,
  .F.,(2,2),(-7.490134350769,-5.021192305474),.PIECEWISE_BEZIER_KNOTS.);
#4324 = CARTESIAN_POINT('',(4.026006950819,-0.1));
#4325 = CARTESIAN_POINT('',(1.557064905525,-0.1));
#4326 = ( GEOMETRIC_REPRESENTATION_CONTEXT(2) 
PARAMETRIC_REPRESENTATION_CONTEXT() REPRESENTATION_CONTEXT('2D SPACE',''
  ) );
#4327 = ORIENTED_EDGE('',*,*,#4328,.F.);
#4328 = EDGE_CURVE('',#4329,#4303,#4331,.T.);
#4329 = VERTEX_POINT('',#4330);
#4330 = CARTESIAN_POINT('',(6.17120722881,5.090952892051,0.));
#4331 = SURFACE_CURVE('',#4332,(#4337,#4344),.PCURVE_S1.);
#4332 = CIRCLE('',#4333,3.);
#4333 = AXIS2_PLACEMENT_3D('',#4334,#4335,#4336);
#4334 = CARTESIAN_POINT('',(8.485381012441,7.000036363027,0.));
#4335 = DIRECTION('',(0.,0.,1.));
#4336 = DIRECTION('',(-8.758053454267E-06,-0.999999999962,0.));
#4337 = PCURVE('',#57,#4338);
#4338 = DEFINITIONAL_REPRESENTATION('',(#4339),#4343);
#4339 = CIRCLE('',#4340,3.);
#4340 = AXIS2_PLACEMENT_2D('',#4341,#4342);
#4341 = CARTESIAN_POINT('',(8.485381012441,7.000036363027));
#4342 = DIRECTION('',(-8.758053454267E-06,-0.999999999962));
#4343 = ( GEOMETRIC_REPRESENTATION_CONTEXT(2) 
PARAMETRIC_REPRESENTATION_CONTEXT() REPRESENTATION_CONTEXT('2D SPACE',''
  ) );
#4344 = PCURVE('',#4345,#4350);
#4345 = CYLINDRICAL_SURFACE('',#4346,3.);
#4346 = AXIS2_PLACEMENT_3D('',#4347,#4348,#4349);
#4347 = CARTESIAN_POINT('',(8.485381012441,7.000036363027,-0.1));
#4348 = DIRECTION('',(0.,0.,1.));
#4349 = DIRECTION('',(-8.758053454267E-06,-0.999999999962,-0.));
#4350 = DEFINITIONAL_REPRESENTATION('',(#4351),#4355);
#4351 = LINE('',#4352,#4353);
#4352 = CARTESIAN_POINT('',(-6.28318530718,0.1));
#4353 = VECTOR('',#4354,1.);
#4354 = DIRECTION('',(1.,-0.));
#4355 = ( GEOMETRIC_REPRESENTATION_CONTEXT(2) 
PARAMETRIC_REPRESENTATION_CONTEXT() REPRESENTATION_CONTEXT('2D SPACE',''
  ) );
#4356 = ORIENTED_EDGE('',*,*,#4357,.F.);
#4357 = EDGE_CURVE('',#4358,#4329,#4360,.T.);
#4358 = VERTEX_POINT('',#4359);
#4359 = CARTESIAN_POINT('',(1.323290919581,7.889898678193,0.));
#4360 = SURFACE_CURVE('',#4361,(#4366,#4377),.PCURVE_S1.);
#4361 = CIRCLE('',#4362,8.0001);
#4362 = AXIS2_PLACEMENT_3D('',#4363,#4364,#4365);
#4363 = CARTESIAN_POINT('',(0.,8.881784197001E-16,0.));
#4364 = DIRECTION('',(0.,0.,-1.));
#4365 = DIRECTION('',(2.832769448824E-16,1.,0.));
#4366 = PCURVE('',#57,#4367);
#4367 = DEFINITIONAL_REPRESENTATION('',(#4368),#4376);
#4368 = ( BOUNDED_CURVE() B_SPLINE_CURVE(2,(#4369,#4370,#4371,#4372,
#4373,#4374,#4375),.UNSPECIFIED.,.T.,.F.) B_SPLINE_CURVE_WITH_KNOTS((1,2
    ,2,2,2,1),(-2.094395102393,0.,2.094395102393,4.188790204786,
6.28318530718,8.377580409573),.UNSPECIFIED.) CURVE() 
GEOMETRIC_REPRESENTATION_ITEM() RATIONAL_B_SPLINE_CURVE((1.,0.5,1.,0.5,
1.,0.5,1.)) REPRESENTATION_ITEM('') );
#4369 = CARTESIAN_POINT('',(2.867992509217E-15,8.0001));
#4370 = CARTESIAN_POINT('',(13.856579665632,8.0001));
#4371 = CARTESIAN_POINT('',(6.928289832816,-4.00005));
#4372 = CARTESIAN_POINT('',(-1.971279779472E-15,-16.0002));
#4373 = CARTESIAN_POINT('',(-6.928289832816,-4.00005));
#4374 = CARTESIAN_POINT('',(-13.85657966563,8.0001));
#4375 = CARTESIAN_POINT('',(2.867992509217E-15,8.0001));
#4376 = ( GEOMETRIC_REPRESENTATION_CONTEXT(2) 
PARAMETRIC_REPRESENTATION_CONTEXT() REPRESENTATION_CONTEXT('2D SPACE',''
  ) );
#4377 = PCURVE('',#4378,#4383);
#4378 = CYLINDRICAL_SURFACE('',#4379,8.0001);
#4379 = AXIS2_PLACEMENT_3D('',#4380,#4381,#4382);
#4380 = CARTESIAN_POINT('',(0.,8.881784197001E-16,-0.1));
#4381 = DIRECTION('',(0.,0.,-1.));
#4382 = DIRECTION('',(2.832769448824E-16,1.,0.));
#4383 = DEFINITIONAL_REPRESENTATION('',(#4384),#4388);
#4384 = LINE('',#4385,#4386);
#4385 = CARTESIAN_POINT('',(0.,-0.1));
#4386 = VECTOR('',#4387,1.);
#4387 = DIRECTION('',(1.,0.));
#4388 = ( GEOMETRIC_REPRESENTATION_CONTEXT(2) 
PARAMETRIC_REPRESENTATION_CONTEXT() REPRESENTATION_CONTEXT('2D SPACE',''
  ) );
#4389 = ORIENTED_EDGE('',*,*,#4390,.F.);
#4390 = EDGE_CURVE('',#4391,#4358,#4393,.T.);
#4391 = VERTEX_POINT('',#4392);
#4392 = CARTESIAN_POINT('',(-0.778544262598,9.348550945045,0.));
#4393 = SURFACE_CURVE('',#4394,(#4399,#4406),.PCURVE_S1.);
#4394 = CIRCLE('',#4395,3.);
#4395 = AXIS2_PLACEMENT_3D('',#4396,#4397,#4398);
#4396 = CARTESIAN_POINT('',(1.819518811576,10.848573699078,0.));
#4397 = DIRECTION('',(0.,0.,1.));
#4398 = DIRECTION('',(-0.866021024724,-0.500007584678,0.));
#4399 = PCURVE('',#57,#4400);
#4400 = DEFINITIONAL_REPRESENTATION('',(#4401),#4405);
#4401 = CIRCLE('',#4402,3.);
#4402 = AXIS2_PLACEMENT_2D('',#4403,#4404);
#4403 = CARTESIAN_POINT('',(1.819518811576,10.848573699078));
#4404 = DIRECTION('',(-0.866021024724,-0.500007584678));
#4405 = ( GEOMETRIC_REPRESENTATION_CONTEXT(2) 
PARAMETRIC_REPRESENTATION_CONTEXT() REPRESENTATION_CONTEXT('2D SPACE',''
  ) );
#4406 = PCURVE('',#4407,#4412);
#4407 = CYLINDRICAL_SURFACE('',#4408,3.);
#4408 = AXIS2_PLACEMENT_3D('',#4409,#4410,#4411);
#4409 = CARTESIAN_POINT('',(1.819518811576,10.848573699078,-0.1));
#4410 = DIRECTION('',(0.,0.,1.));
#4411 = DIRECTION('',(-0.866021024724,-0.500007584678,-0.));
#4412 = DEFINITIONAL_REPRESENTATION('',(#4413),#4417);
#4413 = LINE('',#4414,#4415);
#4414 = CARTESIAN_POINT('',(0.,0.1));
#4415 = VECTOR('',#4416,1.);
#4416 = DIRECTION('',(1.,0.));
#4417 = ( GEOMETRIC_REPRESENTATION_CONTEXT(2) 
PARAMETRIC_REPRESENTATION_CONTEXT() REPRESENTATION_CONTEXT('2D SPACE',''
  ) );
#4418 = ORIENTED_EDGE('',*,*,#4419,.T.);
#4419 = EDGE_CURVE('',#4391,#4420,#4422,.T.);
#4420 = VERTEX_POINT('',#4421);
#4421 = CARTESIAN_POINT('',(-2.013034011374,11.486706665097,0.));
#4422 = SURFACE_CURVE('',#4423,(#4427,#4433),.PCURVE_S1.);
#4423 = LINE('',#4424,#4425);
#4424 = CARTESIAN_POINT('',(-0.408829183546,8.708198595545,0.));
#4425 = VECTOR('',#4426,1.);
#4426 = DIRECTION('',(-0.500007584678,0.866021024724,0.));
#4427 = PCURVE('',#57,#4428);
#4428 = DEFINITIONAL_REPRESENTATION('',(#4429),#4432);
#4429 = B_SPLINE_CURVE_WITH_KNOTS('',1,(#4430,#4431),.UNSPECIFIED.,.F.,
  .F.,(2,2),(0.739418941595,3.208360986889),.PIECEWISE_BEZIER_KNOTS.);
#4430 = CARTESIAN_POINT('',(-0.778544262598,9.348550945045));
#4431 = CARTESIAN_POINT('',(-2.013034011374,11.486706665097));
#4432 = ( GEOMETRIC_REPRESENTATION_CONTEXT(2) 
PARAMETRIC_REPRESENTATION_CONTEXT() REPRESENTATION_CONTEXT('2D SPACE',''
  ) );
#4433 = PCURVE('',#4434,#4439);
#4434 = PLANE('',#4435);
#4435 = AXIS2_PLACEMENT_3D('',#4436,#4437,#4438);
#4436 = CARTESIAN_POINT('',(-4.28183831562,15.41631151245,-0.1));
#4437 = DIRECTION('',(0.866021024724,0.500007584678,0.));
#4438 = DIRECTION('',(0.500007584678,-0.866021024724,0.));
#4439 = DEFINITIONAL_REPRESENTATION('',(#4440),#4443);
#4440 = B_SPLINE_CURVE_WITH_KNOTS('',1,(#4441,#4442),.UNSPECIFIED.,.F.,
  .F.,(2,2),(0.739418941595,3.208360986889),.PIECEWISE_BEZIER_KNOTS.);
#4441 = CARTESIAN_POINT('',(7.006481822234,-0.1));
#4442 = CARTESIAN_POINT('',(4.537539776939,-0.1));
#4443 = ( GEOMETRIC_REPRESENTATION_CONTEXT(2) 
PARAMETRIC_REPRESENTATION_CONTEXT() REPRESENTATION_CONTEXT('2D SPACE',''
  ) );
#4444 = ORIENTED_EDGE('',*,*,#4445,.F.);
#4445 = EDGE_CURVE('',#4446,#4420,#4448,.T.);
#4446 = VERTEX_POINT('',#4447);
#4447 = CARTESIAN_POINT('',(0.72003680812,15.983690030933,0.));
#4448 = SURFACE_CURVE('',#4449,(#4454,#4461),.PCURVE_S1.);
#4449 = CIRCLE('',#4450,3.);
#4450 = AXIS2_PLACEMENT_3D('',#4451,#4452,#4453);
#4451 = CARTESIAN_POINT('',(0.585029062799,12.986729419129,0.));
#4452 = DIRECTION('',(0.,0.,1.));
#4453 = DIRECTION('',(4.500258177363E-02,0.998986870601,-0.));
#4454 = PCURVE('',#57,#4455);
#4455 = DEFINITIONAL_REPRESENTATION('',(#4456),#4460);
#4456 = CIRCLE('',#4457,3.);
#4457 = AXIS2_PLACEMENT_2D('',#4458,#4459);
#4458 = CARTESIAN_POINT('',(0.585029062799,12.986729419129));
#4459 = DIRECTION('',(4.500258177363E-02,0.998986870601));
#4460 = ( GEOMETRIC_REPRESENTATION_CONTEXT(2) 
PARAMETRIC_REPRESENTATION_CONTEXT() REPRESENTATION_CONTEXT('2D SPACE',''
  ) );
#4461 = PCURVE('',#4462,#4467);
#4462 = CYLINDRICAL_SURFACE('',#4463,3.);
#4463 = AXIS2_PLACEMENT_3D('',#4464,#4465,#4466);
#4464 = CARTESIAN_POINT('',(0.585029062799,12.986729419129,-0.1));
#4465 = DIRECTION('',(0.,0.,1.));
#4466 = DIRECTION('',(4.500258177363E-02,0.998986870601,0.));
#4467 = DEFINITIONAL_REPRESENTATION('',(#4468),#4472);
#4468 = LINE('',#4469,#4470);
#4469 = CARTESIAN_POINT('',(0.,0.1));
#4470 = VECTOR('',#4471,1.);
#4471 = DIRECTION('',(1.,0.));
#4472 = ( GEOMETRIC_REPRESENTATION_CONTEXT(2) 
PARAMETRIC_REPRESENTATION_CONTEXT() REPRESENTATION_CONTEXT('2D SPACE',''
  ) );
#4473 = ORIENTED_EDGE('',*,*,#4474,.T.);
#4474 = EDGE_CURVE('',#4446,#4274,#4475,.T.);
#4475 = SURFACE_CURVE('',#4476,(#4481,#4492),.PCURVE_S1.);
#4476 = CIRCLE('',#4477,15.9999);
#4477 = AXIS2_PLACEMENT_3D('',#4478,#4479,#4480);
#4478 = CARTESIAN_POINT('',(-7.771561172376E-16,0.,0.));
#4479 = DIRECTION('',(0.,-0.,-1.));
#4480 = DIRECTION('',(0.968245836552,0.25,-0.));
#4481 = PCURVE('',#57,#4482);
#4482 = DEFINITIONAL_REPRESENTATION('',(#4483),#4491);
#4483 = ( BOUNDED_CURVE() B_SPLINE_CURVE(2,(#4484,#4485,#4486,#4487,
#4488,#4489,#4490),.UNSPECIFIED.,.T.,.F.) B_SPLINE_CURVE_WITH_KNOTS((1,2
    ,2,2,2,1),(-2.094395102393,0.,2.094395102393,4.188790204786,
6.28318530718,8.377580409573),.UNSPECIFIED.) CURVE() 
GEOMETRIC_REPRESENTATION_ITEM() RATIONAL_B_SPLINE_CURVE((1.,0.5,1.,0.5,
1.,0.5,1.)) REPRESENTATION_ITEM('') );
#4484 = CARTESIAN_POINT('',(15.491836560246,3.999975));
#4485 = CARTESIAN_POINT('',(22.419996489251,-22.83267302489));
#4486 = CARTESIAN_POINT('',(-4.28183831562,-15.41631151245));
#4487 = CARTESIAN_POINT('',(-30.98367312049,-7.99995));
#4488 = CARTESIAN_POINT('',(-11.20999824462,11.41633651245));
#4489 = CARTESIAN_POINT('',(8.563676631241,30.832623024899));
#4490 = CARTESIAN_POINT('',(15.491836560246,3.999975));
#4491 = ( GEOMETRIC_REPRESENTATION_CONTEXT(2) 
PARAMETRIC_REPRESENTATION_CONTEXT() REPRESENTATION_CONTEXT('2D SPACE',''
  ) );
#4492 = PCURVE('',#4493,#4498);
#4493 = CYLINDRICAL_SURFACE('',#4494,15.9999);
#4494 = AXIS2_PLACEMENT_3D('',#4495,#4496,#4497);
#4495 = CARTESIAN_POINT('',(-7.771561172376E-16,0.,-0.1));
#4496 = DIRECTION('',(-0.,-0.,-1.));
#4497 = DIRECTION('',(0.968245836552,0.25,0.));
#4498 = DEFINITIONAL_REPRESENTATION('',(#4499),#4503);
#4499 = LINE('',#4500,#4501);
#4500 = CARTESIAN_POINT('',(-6.28318530718,-0.1));
#4501 = VECTOR('',#4502,1.);
#4502 = DIRECTION('',(1.,-0.));
#4503 = ( GEOMETRIC_REPRESENTATION_CONTEXT(2) 
PARAMETRIC_REPRESENTATION_CONTEXT() REPRESENTATION_CONTEXT('2D SPACE',''
  ) );
#4504 = ADVANCED_FACE('',(#4505),#234,.T.);
#4505 = FACE_BOUND('',#4506,.T.);
#4506 = EDGE_LOOP('',(#4507,#4508,#4537,#4564));
#4507 = ORIENTED_EDGE('',*,*,#216,.F.);
#4508 = ORIENTED_EDGE('',*,*,#4509,.T.);
#4509 = EDGE_CURVE('',#176,#4510,#4512,.T.);
#4510 = VERTEX_POINT('',#4511);
#4511 = CARTESIAN_POINT('',(19.730993238226,-7.189573302024,
    0.490049010231));
#4512 = SURFACE_CURVE('',#4513,(#4519,#4528),.PCURVE_S1.);
#4513 = B_SPLINE_CURVE_WITH_KNOTS('',4,(#4514,#4515,#4516,#4517,#4518),
  .UNSPECIFIED.,.F.,.F.,(5,5),(0.,1.),.PIECEWISE_BEZIER_KNOTS.);
#4514 = CARTESIAN_POINT('',(19.978415337298,-6.470315211144,
    0.490049007589));
#4515 = CARTESIAN_POINT('',(19.919823271571,-6.651230403175,
    0.490049088273));
#4516 = CARTESIAN_POINT('',(19.859046585565,-6.831437919153,
    0.490048864155));
#4517 = CARTESIAN_POINT('',(19.796098693266,-7.010898768679,
    0.490049088273));
#4518 = CARTESIAN_POINT('',(19.730993236475,-7.189573299114,
    0.490049007589));
#4519 = PCURVE('',#234,#4520);
#4520 = DEFINITIONAL_REPRESENTATION('',(#4521),#4527);
#4521 = B_SPLINE_CURVE_WITH_KNOTS('',4,(#4522,#4523,#4524,#4525,#4526),
  .UNSPECIFIED.,.F.,.F.,(5,5),(0.,1.),.PIECEWISE_BEZIER_KNOTS.);
#4522 = CARTESIAN_POINT('',(5.969980059542,0.500049007589));
#4523 = CARTESIAN_POINT('',(5.960924528154,0.500049088273));
#4524 = CARTESIAN_POINT('',(5.951869003635,0.500048864155));
#4525 = CARTESIAN_POINT('',(5.942813469189,0.500049088273));
#4526 = CARTESIAN_POINT('',(5.933757941375,0.500049007589));
#4527 = ( GEOMETRIC_REPRESENTATION_CONTEXT(2) 
PARAMETRIC_REPRESENTATION_CONTEXT() REPRESENTATION_CONTEXT('2D SPACE',''
  ) );
#4528 = PCURVE('',#192,#4529);
#4529 = DEFINITIONAL_REPRESENTATION('',(#4530),#4536);
#4530 = B_SPLINE_CURVE_WITH_KNOTS('',4,(#4531,#4532,#4533,#4534,#4535),
  .UNSPECIFIED.,.F.,.F.,(5,5),(0.,1.),.PIECEWISE_BEZIER_KNOTS.);
#4531 = CARTESIAN_POINT('',(6.125605936233E-02,0.));
#4532 = CARTESIAN_POINT('',(6.125606944785E-02,0.249999970936));
#4533 = CARTESIAN_POINT('',(6.125604143309E-02,0.500000050941));
#4534 = CARTESIAN_POINT('',(6.125606944785E-02,0.749999971755));
#4535 = CARTESIAN_POINT('',(6.125605936233E-02,1.));
#4536 = ( GEOMETRIC_REPRESENTATION_CONTEXT(2) 
PARAMETRIC_REPRESENTATION_CONTEXT() REPRESENTATION_CONTEXT('2D SPACE',''
  ) );
#4537 = ORIENTED_EDGE('',*,*,#4538,.T.);
#4538 = EDGE_CURVE('',#4510,#3566,#4539,.T.);
#4539 = SURFACE_CURVE('',#4540,(#4546,#4555),.PCURVE_S1.);
#4540 = B_SPLINE_CURVE_WITH_KNOTS('',4,(#4541,#4542,#4543,#4544,#4545),
  .UNSPECIFIED.,.F.,.F.,(5,5),(0.,1.),.PIECEWISE_BEZIER_KNOTS.);
#4541 = CARTESIAN_POINT('',(19.730993238226,-7.189573302024,
    0.490049010231));
#4542 = CARTESIAN_POINT('',(19.62648190025,-7.118584880309,
    0.367549821625));
#4543 = CARTESIAN_POINT('',(19.521913086651,-7.047467822111,
    0.245013308838));
#4544 = CARTESIAN_POINT('',(19.417543910293,-6.975630241685,
    0.122481298081));
#4545 = CARTESIAN_POINT('',(19.313591619134,-6.902555959159,
    -4.440892098501E-16));
#4546 = PCURVE('',#234,#4547);
#4547 = DEFINITIONAL_REPRESENTATION('',(#4548),#4554);
#4548 = B_SPLINE_CURVE_WITH_KNOTS('',4,(#4549,#4550,#4551,#4552,#4553),
  .UNSPECIFIED.,.F.,.F.,(5,5),(0.,1.),.PIECEWISE_BEZIER_KNOTS.);
#4549 = CARTESIAN_POINT('',(5.933757941273,0.500049010231));
#4550 = CARTESIAN_POINT('',(5.935230224976,0.377549821625));
#4551 = CARTESIAN_POINT('',(5.936730226564,0.255013308838));
#4552 = CARTESIAN_POINT('',(5.938289628285,0.132481298081));
#4553 = CARTESIAN_POINT('',(5.939938917923,1.E-02));
#4554 = ( GEOMETRIC_REPRESENTATION_CONTEXT(2) 
PARAMETRIC_REPRESENTATION_CONTEXT() REPRESENTATION_CONTEXT('2D SPACE',''
  ) );
#4555 = PCURVE('',#3583,#4556);
#4556 = DEFINITIONAL_REPRESENTATION('',(#4557),#4563);
#4557 = B_SPLINE_CURVE_WITH_KNOTS('',4,(#4558,#4559,#4560,#4561,#4562),
  .UNSPECIFIED.,.F.,.F.,(5,5),(0.,1.),.PIECEWISE_BEZIER_KNOTS.);
#4558 = CARTESIAN_POINT('',(6.125606412117E-02,0.));
#4559 = CARTESIAN_POINT('',(4.594367789993E-02,5.86858710587E-02));
#4560 = CARTESIAN_POINT('',(3.062662818737E-02,0.116875481688));
#4561 = CARTESIAN_POINT('',(1.531014340031E-02,0.174578149499));
#4562 = CARTESIAN_POINT('',(0.,0.231786024198));
#4563 = ( GEOMETRIC_REPRESENTATION_CONTEXT(2) 
PARAMETRIC_REPRESENTATION_CONTEXT() REPRESENTATION_CONTEXT('2D SPACE',''
  ) );
#4564 = ORIENTED_EDGE('',*,*,#3607,.T.);
#4565 = ADVANCED_FACE('',(#4566),#192,.T.);
#4566 = FACE_BOUND('',#4567,.T.);
#4567 = EDGE_LOOP('',(#4568,#4569,#4570,#4599));
#4568 = ORIENTED_EDGE('',*,*,#4509,.F.);
#4569 = ORIENTED_EDGE('',*,*,#175,.T.);
#4570 = ORIENTED_EDGE('',*,*,#4571,.T.);
#4571 = EDGE_CURVE('',#142,#4572,#4574,.T.);
#4572 = VERTEX_POINT('',#4573);
#4573 = CARTESIAN_POINT('',(17.388848158149,-11.77412494264,
    7.509950989769));
#4574 = SURFACE_CURVE('',#4575,(#4581,#4590),.PCURVE_S1.);
#4575 = B_SPLINE_CURVE_WITH_KNOTS('',4,(#4576,#4577,#4578,#4579,#4580),
  .UNSPECIFIED.,.F.,.F.,(5,5),(0.,1.),.PIECEWISE_BEZIER_KNOTS.);
#4576 = CARTESIAN_POINT('',(17.803832444124,-11.1366785274,
    7.509950992411));
#4577 = CARTESIAN_POINT('',(17.702984010362,-11.29790167009,
    7.509950911727));
#4578 = CARTESIAN_POINT('',(17.600188629789,-11.45790711808,
    7.509951135845));
#4579 = CARTESIAN_POINT('',(17.495469179559,-11.6166597279,
    7.509950911727));
#4580 = CARTESIAN_POINT('',(17.388848154764,-11.77412494292,
    7.509950992411));
#4581 = PCURVE('',#192,#4582);
#4582 = DEFINITIONAL_REPRESENTATION('',(#4583),#4589);
#4583 = B_SPLINE_CURVE_WITH_KNOTS('',4,(#4584,#4585,#4586,#4587,#4588),
  .UNSPECIFIED.,.F.,.F.,(5,5),(0.,1.),.PIECEWISE_BEZIER_KNOTS.);
#4584 = CARTESIAN_POINT('',(0.938743940638,0.));
#4585 = CARTESIAN_POINT('',(0.938743930552,0.250000028251));
#4586 = CARTESIAN_POINT('',(0.938743958567,0.499999949056));
#4587 = CARTESIAN_POINT('',(0.938743930552,0.750000029069));
#4588 = CARTESIAN_POINT('',(0.938743940638,1.));
#4589 = ( GEOMETRIC_REPRESENTATION_CONTEXT(2) 
PARAMETRIC_REPRESENTATION_CONTEXT() REPRESENTATION_CONTEXT('2D SPACE',''
  ) );
#4590 = PCURVE('',#161,#4591);
#4591 = DEFINITIONAL_REPRESENTATION('',(#4592),#4598);
#4592 = B_SPLINE_CURVE_WITH_KNOTS('',4,(#4593,#4594,#4595,#4596,#4597),
  .UNSPECIFIED.,.F.,.F.,(5,5),(0.,1.),.PIECEWISE_BEZIER_KNOTS.);
#4593 = CARTESIAN_POINT('',(-5.724211126983,-9.950992411103E-03));
#4594 = CARTESIAN_POINT('',(-5.715155599168,-9.95091172687E-03));
#4595 = CARTESIAN_POINT('',(-5.706100064723,-9.951135845155E-03));
#4596 = CARTESIAN_POINT('',(-5.697044540203,-9.950911726914E-03));
#4597 = CARTESIAN_POINT('',(-5.687989008815,-9.950992411107E-03));
#4598 = ( GEOMETRIC_REPRESENTATION_CONTEXT(2) 
PARAMETRIC_REPRESENTATION_CONTEXT() REPRESENTATION_CONTEXT('2D SPACE',''
  ) );
#4599 = ORIENTED_EDGE('',*,*,#4600,.F.);
#4600 = EDGE_CURVE('',#4510,#4572,#4601,.T.);
#4601 = SURFACE_CURVE('',#4602,(#4607,#4614),.PCURVE_S1.);
#4602 = B_SPLINE_CURVE_WITH_KNOTS('',3,(#4603,#4604,#4605,#4606),
  .UNSPECIFIED.,.F.,.F.,(4,4),(0.,1.),.PIECEWISE_BEZIER_KNOTS.);
#4603 = CARTESIAN_POINT('',(19.851388687746,-6.849990304229,0.));
#4604 = CARTESIAN_POINT('',(19.212216161613,-8.70350656449,
    2.666669951599));
#4605 = CARTESIAN_POINT('',(18.311524419223,-10.4665347562,
    5.333330048401));
#4606 = CARTESIAN_POINT('',(17.184249550618,-12.0706904269,8.));
#4607 = PCURVE('',#192,#4608);
#4608 = DEFINITIONAL_REPRESENTATION('',(#4609),#4613);
#4609 = LINE('',#4610,#4611);
#4610 = CARTESIAN_POINT('',(0.,1.));
#4611 = VECTOR('',#4612,1.);
#4612 = DIRECTION('',(1.,0.));
#4613 = ( GEOMETRIC_REPRESENTATION_CONTEXT(2) 
PARAMETRIC_REPRESENTATION_CONTEXT() REPRESENTATION_CONTEXT('2D SPACE',''
  ) );
#4614 = PCURVE('',#3583,#4615);
#4615 = DEFINITIONAL_REPRESENTATION('',(#4616),#4620);
#4616 = LINE('',#4617,#4618);
#4617 = CARTESIAN_POINT('',(0.,0.));
#4618 = VECTOR('',#4619,1.);
#4619 = DIRECTION('',(1.,0.));
#4620 = ( GEOMETRIC_REPRESENTATION_CONTEXT(2) 
PARAMETRIC_REPRESENTATION_CONTEXT() REPRESENTATION_CONTEXT('2D SPACE',''
  ) );
#4621 = ADVANCED_FACE('',(#4622),#161,.T.);
#4622 = FACE_BOUND('',#4623,.T.);
#4623 = EDGE_LOOP('',(#4624,#4625,#4653,#4680));
#4624 = ORIENTED_EDGE('',*,*,#141,.F.);
#4625 = ORIENTED_EDGE('',*,*,#4626,.F.);
#4626 = EDGE_CURVE('',#4627,#112,#4629,.T.);
#4627 = VERTEX_POINT('',#4628);
#4628 = CARTESIAN_POINT('',(16.652878083485,-11.97254156545,8.));
#4629 = SURFACE_CURVE('',#4630,(#4635,#4642),.PCURVE_S1.);
#4630 = CIRCLE('',#4631,20.51);
#4631 = AXIS2_PLACEMENT_3D('',#4632,#4633,#4634);
#4632 = CARTESIAN_POINT('',(0.,0.,8.));
#4633 = DIRECTION('',(0.,0.,1.));
#4634 = DIRECTION('',(1.,0.,-0.));
#4635 = PCURVE('',#161,#4636);
#4636 = DEFINITIONAL_REPRESENTATION('',(#4637),#4641);
#4637 = LINE('',#4638,#4639);
#4638 = CARTESIAN_POINT('',(-0.,-0.5));
#4639 = VECTOR('',#4640,1.);
#4640 = DIRECTION('',(-1.,-0.));
#4641 = ( GEOMETRIC_REPRESENTATION_CONTEXT(2) 
PARAMETRIC_REPRESENTATION_CONTEXT() REPRESENTATION_CONTEXT('2D SPACE',''
  ) );
#4642 = PCURVE('',#128,#4643);
#4643 = DEFINITIONAL_REPRESENTATION('',(#4644),#4652);
#4644 = ( BOUNDED_CURVE() B_SPLINE_CURVE(2,(#4645,#4646,#4647,#4648,
#4649,#4650,#4651),.UNSPECIFIED.,.T.,.F.) B_SPLINE_CURVE_WITH_KNOTS((1,2
    ,2,2,2,1),(-2.094395102393,0.,2.094395102393,4.188790204786,
6.28318530718,8.377580409573),.UNSPECIFIED.) CURVE() 
GEOMETRIC_REPRESENTATION_ITEM() RATIONAL_B_SPLINE_CURVE((1.,0.5,1.,0.5,
1.,0.5,1.)) REPRESENTATION_ITEM('') );
#4645 = CARTESIAN_POINT('',(-20.51,7.906697016093E-16));
#4646 = CARTESIAN_POINT('',(-20.51,35.524362063238));
#4647 = CARTESIAN_POINT('',(10.255,17.762181031619));
#4648 = CARTESIAN_POINT('',(41.02,5.814170871712E-15));
#4649 = CARTESIAN_POINT('',(10.255,-17.76218103161));
#4650 = CARTESIAN_POINT('',(-20.51,-35.52436206323));
#4651 = CARTESIAN_POINT('',(-20.51,7.906697016093E-16));
#4652 = ( GEOMETRIC_REPRESENTATION_CONTEXT(2) 
PARAMETRIC_REPRESENTATION_CONTEXT() REPRESENTATION_CONTEXT('2D SPACE',''
  ) );
#4653 = ORIENTED_EDGE('',*,*,#4654,.F.);
#4654 = EDGE_CURVE('',#4572,#4627,#4655,.T.);
#4655 = SURFACE_CURVE('',#4656,(#4662,#4671),.PCURVE_S1.);
#4656 = B_SPLINE_CURVE_WITH_KNOTS('',4,(#4657,#4658,#4659,#4660,#4661),
  .UNSPECIFIED.,.F.,.F.,(5,5),(0.,1.),.PIECEWISE_BEZIER_KNOTS.);
#4657 = CARTESIAN_POINT('',(17.388848158149,-11.77412494264,
    7.509950989769));
#4658 = CARTESIAN_POINT('',(17.204860900597,-11.82866785662,
    7.631718867519));
#4659 = CARTESIAN_POINT('',(17.020706101649,-11.88024216146,
    7.753893161363));
#4660 = CARTESIAN_POINT('',(16.836612459824,-11.92835717881,
    7.876611079311));
#4661 = CARTESIAN_POINT('',(16.652878083485,-11.97254156545,8.));
#4662 = PCURVE('',#161,#4663);
#4663 = DEFINITIONAL_REPRESENTATION('',(#4664),#4670);
#4664 = B_SPLINE_CURVE_WITH_KNOTS('',4,(#4665,#4666,#4667,#4668,#4669),
  .UNSPECIFIED.,.F.,.F.,(5,5),(0.,1.),.PIECEWISE_BEZIER_KNOTS.);
#4665 = CARTESIAN_POINT('',(-5.687989008917,-9.950989768974E-03));
#4666 = CARTESIAN_POINT('',(-5.680926167944,-0.131718867519));
#4667 = CARTESIAN_POINT('',(-5.673866709184,-0.253893161363));
#4668 = CARTESIAN_POINT('',(-5.666834374478,-0.376611079311));
#4669 = CARTESIAN_POINT('',(-5.659855902639,-0.5));
#4670 = ( GEOMETRIC_REPRESENTATION_CONTEXT(2) 
PARAMETRIC_REPRESENTATION_CONTEXT() REPRESENTATION_CONTEXT('2D SPACE',''
  ) );
#4671 = PCURVE('',#3583,#4672);
#4672 = DEFINITIONAL_REPRESENTATION('',(#4673),#4679);
#4673 = B_SPLINE_CURVE_WITH_KNOTS('',4,(#4674,#4675,#4676,#4677,#4678),
  .UNSPECIFIED.,.F.,.F.,(5,5),(0.,1.),.PIECEWISE_BEZIER_KNOTS.);
#4674 = CARTESIAN_POINT('',(0.938743935879,0.));
#4675 = CARTESIAN_POINT('',(0.953964908317,5.833552086386E-02));
#4676 = CARTESIAN_POINT('',(0.969236680722,0.116357722305));
#4677 = CARTESIAN_POINT('',(0.984576403913,0.174154222244));
#4678 = CARTESIAN_POINT('',(1.,0.231786024198));
#4679 = ( GEOMETRIC_REPRESENTATION_CONTEXT(2) 
PARAMETRIC_REPRESENTATION_CONTEXT() REPRESENTATION_CONTEXT('2D SPACE',''
  ) );
#4680 = ORIENTED_EDGE('',*,*,#4571,.F.);
#4681 = ADVANCED_FACE('',(#4682,#7112),#128,.F.);
#4682 = FACE_BOUND('',#4683,.F.);
#4683 = EDGE_LOOP('',(#4684,#4719,#4744,#4769,#4794,#4827,#4852,#4877,
    #4906,#4986,#5015,#5040,#5065,#5098,#5123,#5148,#5173,#5206,#5231,
    #5254,#5255,#5256,#5281,#5306,#5331,#5364,#5389,#5414,#5439,#5472,
    #5497,#5522,#5547,#5580,#5605,#5630,#5655,#5688,#5713,#5738,#5763,
    #5796,#5821,#5846,#5871,#5904,#5929,#5954,#5979,#6012,#6037,#6062,
    #6091,#6171,#6200,#6225,#6250,#6283,#6308,#6333,#6358,#6391,#6416,
    #6441,#6466,#6499,#6524,#6549,#6574,#6607,#6632,#6657,#6682,#6715,
    #6740,#6765,#6790,#6823,#6848,#6873,#6898,#6931,#6956,#6981,#7006,
    #7039,#7064,#7089));
#4684 = ORIENTED_EDGE('',*,*,#4685,.F.);
#4685 = EDGE_CURVE('',#4686,#4688,#4690,.T.);
#4686 = VERTEX_POINT('',#4687);
#4687 = CARTESIAN_POINT('',(-0.102326553382,20.509744739427,8.));
#4688 = VERTEX_POINT('',#4689);
#4689 = CARTESIAN_POINT('',(-1.29461956109,20.469100131467,8.));
#4690 = SURFACE_CURVE('',#4691,(#4696,#4707),.PCURVE_S1.);
#4691 = CIRCLE('',#4692,20.51);
#4692 = AXIS2_PLACEMENT_3D('',#4693,#4694,#4695);
#4693 = CARTESIAN_POINT('',(0.,0.,8.));
#4694 = DIRECTION('',(0.,0.,1.));
#4695 = DIRECTION('',(1.,0.,-0.));
#4696 = PCURVE('',#128,#4697);
#4697 = DEFINITIONAL_REPRESENTATION('',(#4698),#4706);
#4698 = ( BOUNDED_CURVE() B_SPLINE_CURVE(2,(#4699,#4700,#4701,#4702,
#4703,#4704,#4705),.UNSPECIFIED.,.T.,.F.) B_SPLINE_CURVE_WITH_KNOTS((1,2
    ,2,2,2,1),(-2.094395102393,0.,2.094395102393,4.188790204786,
6.28318530718,8.377580409573),.UNSPECIFIED.) CURVE() 
GEOMETRIC_REPRESENTATION_ITEM() RATIONAL_B_SPLINE_CURVE((1.,0.5,1.,0.5,
1.,0.5,1.)) REPRESENTATION_ITEM('') );
#4699 = CARTESIAN_POINT('',(-20.51,7.906697016093E-16));
#4700 = CARTESIAN_POINT('',(-20.51,35.524362063238));
#4701 = CARTESIAN_POINT('',(10.255,17.762181031619));
#4702 = CARTESIAN_POINT('',(41.02,5.814170871712E-15));
#4703 = CARTESIAN_POINT('',(10.255,-17.76218103161));
#4704 = CARTESIAN_POINT('',(-20.51,-35.52436206323));
#4705 = CARTESIAN_POINT('',(-20.51,7.906697016093E-16));
#4706 = ( GEOMETRIC_REPRESENTATION_CONTEXT(2) 
PARAMETRIC_REPRESENTATION_CONTEXT() REPRESENTATION_CONTEXT('2D SPACE',''
  ) );
#4707 = PCURVE('',#4708,#4713);
#4708 = CONICAL_SURFACE('',#4709,21.01,0.785398163397);
#4709 = AXIS2_PLACEMENT_3D('',#4710,#4711,#4712);
#4710 = CARTESIAN_POINT('',(0.,0.,7.5));
#4711 = DIRECTION('',(-0.,-0.,-1.));
#4712 = DIRECTION('',(1.,0.,-0.));
#4713 = DEFINITIONAL_REPRESENTATION('',(#4714),#4718);
#4714 = LINE('',#4715,#4716);
#4715 = CARTESIAN_POINT('',(-0.,-0.5));
#4716 = VECTOR('',#4717,1.);
#4717 = DIRECTION('',(-1.,-0.));
#4718 = ( GEOMETRIC_REPRESENTATION_CONTEXT(2) 
PARAMETRIC_REPRESENTATION_CONTEXT() REPRESENTATION_CONTEXT('2D SPACE',''
  ) );
#4719 = ORIENTED_EDGE('',*,*,#4720,.T.);
#4720 = EDGE_CURVE('',#4686,#4721,#4723,.T.);
#4721 = VERTEX_POINT('',#4722);
#4722 = CARTESIAN_POINT('',(0.377694206198,18.790056830952,8.));
#4723 = SURFACE_CURVE('',#4724,(#4729,#4737),.PCURVE_S1.);
#4724 = B_SPLINE_CURVE_WITH_KNOTS('',3,(#4725,#4726,#4727,#4728),
  .UNSPECIFIED.,.F.,.F.,(4,4),(0.,1.),.PIECEWISE_BEZIER_KNOTS.);
#4725 = CARTESIAN_POINT('',(-0.335254768365,20.99732373995,8.));
#4726 = CARTESIAN_POINT('',(1.175788405362E-02,20.307028605921,8.));
#4727 = CARTESIAN_POINT('',(0.324168823818,19.569256735353,8.));
#4728 = CARTESIAN_POINT('',(0.377694206198,18.790056830952,8.));
#4729 = PCURVE('',#128,#4730);
#4730 = DEFINITIONAL_REPRESENTATION('',(#4731),#4736);
#4731 = B_SPLINE_CURVE_WITH_KNOTS('',3,(#4732,#4733,#4734,#4735),
  .UNSPECIFIED.,.F.,.F.,(4,4),(0.,1.),.PIECEWISE_BEZIER_KNOTS.);
#4732 = CARTESIAN_POINT('',(0.335254768365,20.99732373995));
#4733 = CARTESIAN_POINT('',(-1.175788405362E-02,20.307028605921));
#4734 = CARTESIAN_POINT('',(-0.324168823818,19.569256735353));
#4735 = CARTESIAN_POINT('',(-0.377694206198,18.790056830952));
#4736 = ( GEOMETRIC_REPRESENTATION_CONTEXT(2) 
PARAMETRIC_REPRESENTATION_CONTEXT() REPRESENTATION_CONTEXT('2D SPACE',''
  ) );
#4737 = PCURVE('',#865,#4738);
#4738 = DEFINITIONAL_REPRESENTATION('',(#4739),#4743);
#4739 = LINE('',#4740,#4741);
#4740 = CARTESIAN_POINT('',(1.,0.));
#4741 = VECTOR('',#4742,1.);
#4742 = DIRECTION('',(0.,1.));
#4743 = ( GEOMETRIC_REPRESENTATION_CONTEXT(2) 
PARAMETRIC_REPRESENTATION_CONTEXT() REPRESENTATION_CONTEXT('2D SPACE',''
  ) );
#4744 = ORIENTED_EDGE('',*,*,#4745,.T.);
#4745 = EDGE_CURVE('',#4721,#4746,#4748,.T.);
#4746 = VERTEX_POINT('',#4747);
#4747 = CARTESIAN_POINT('',(1.292542647676,18.749352578895,8.));
#4748 = SURFACE_CURVE('',#4749,(#4754,#4762),.PCURVE_S1.);
#4749 = B_SPLINE_CURVE_WITH_KNOTS('',3,(#4750,#4751,#4752,#4753),
  .UNSPECIFIED.,.F.,.F.,(4,4),(0.,1.),.PIECEWISE_BEZIER_KNOTS.);
#4750 = CARTESIAN_POINT('',(0.377694206198,18.790056830952,8.));
#4751 = CARTESIAN_POINT('',(0.677544086343,18.725650085535,8.));
#4752 = CARTESIAN_POINT('',(0.988157636792,18.711829990669,8.));
#4753 = CARTESIAN_POINT('',(1.292542647676,18.749352578895,8.));
#4754 = PCURVE('',#128,#4755);
#4755 = DEFINITIONAL_REPRESENTATION('',(#4756),#4761);
#4756 = B_SPLINE_CURVE_WITH_KNOTS('',3,(#4757,#4758,#4759,#4760),
  .UNSPECIFIED.,.F.,.F.,(4,4),(0.,1.),.PIECEWISE_BEZIER_KNOTS.);
#4757 = CARTESIAN_POINT('',(-0.377694206198,18.790056830952));
#4758 = CARTESIAN_POINT('',(-0.677544086343,18.725650085535));
#4759 = CARTESIAN_POINT('',(-0.988157636792,18.711829990669));
#4760 = CARTESIAN_POINT('',(-1.292542647676,18.749352578895));
#4761 = ( GEOMETRIC_REPRESENTATION_CONTEXT(2) 
PARAMETRIC_REPRESENTATION_CONTEXT() REPRESENTATION_CONTEXT('2D SPACE',''
  ) );
#4762 = PCURVE('',#823,#4763);
#4763 = DEFINITIONAL_REPRESENTATION('',(#4764),#4768);
#4764 = LINE('',#4765,#4766);
#4765 = CARTESIAN_POINT('',(1.,0.));
#4766 = VECTOR('',#4767,1.);
#4767 = DIRECTION('',(0.,1.));
#4768 = ( GEOMETRIC_REPRESENTATION_CONTEXT(2) 
PARAMETRIC_REPRESENTATION_CONTEXT() REPRESENTATION_CONTEXT('2D SPACE',''
  ) );
#4769 = ORIENTED_EDGE('',*,*,#4770,.T.);
#4770 = EDGE_CURVE('',#4746,#4771,#4773,.T.);
#4771 = VERTEX_POINT('',#4772);
#4772 = CARTESIAN_POINT('',(1.923392082926,20.419614660795,8.));
#4773 = SURFACE_CURVE('',#4774,(#4779,#4787),.PCURVE_S1.);
#4774 = B_SPLINE_CURVE_WITH_KNOTS('',3,(#4775,#4776,#4777,#4778),
  .UNSPECIFIED.,.F.,.F.,(4,4),(0.,1.),.PIECEWISE_BEZIER_KNOTS.);
#4775 = CARTESIAN_POINT('',(1.292542647676,18.749352578895,8.));
#4776 = CARTESIAN_POINT('',(1.415057251188,19.52071995538,8.));
#4777 = CARTESIAN_POINT('',(1.791755225935,20.227831378075,8.));
#4778 = CARTESIAN_POINT('',(2.198701780037,20.884580687255,8.));
#4779 = PCURVE('',#128,#4780);
#4780 = DEFINITIONAL_REPRESENTATION('',(#4781),#4786);
#4781 = B_SPLINE_CURVE_WITH_KNOTS('',3,(#4782,#4783,#4784,#4785),
  .UNSPECIFIED.,.F.,.F.,(4,4),(0.,1.),.PIECEWISE_BEZIER_KNOTS.);
#4782 = CARTESIAN_POINT('',(-1.292542647676,18.749352578895));
#4783 = CARTESIAN_POINT('',(-1.415057251188,19.52071995538));
#4784 = CARTESIAN_POINT('',(-1.791755225935,20.227831378075));
#4785 = CARTESIAN_POINT('',(-2.198701780037,20.884580687255));
#4786 = ( GEOMETRIC_REPRESENTATION_CONTEXT(2) 
PARAMETRIC_REPRESENTATION_CONTEXT() REPRESENTATION_CONTEXT('2D SPACE',''
  ) );
#4787 = PCURVE('',#781,#4788);
#4788 = DEFINITIONAL_REPRESENTATION('',(#4789),#4793);
#4789 = LINE('',#4790,#4791);
#4790 = CARTESIAN_POINT('',(1.,0.));
#4791 = VECTOR('',#4792,1.);
#4792 = DIRECTION('',(0.,1.));
#4793 = ( GEOMETRIC_REPRESENTATION_CONTEXT(2) 
PARAMETRIC_REPRESENTATION_CONTEXT() REPRESENTATION_CONTEXT('2D SPACE',''
  ) );
#4794 = ORIENTED_EDGE('',*,*,#4795,.F.);
#4795 = EDGE_CURVE('',#4796,#4771,#4798,.T.);
#4796 = VERTEX_POINT('',#4797);
#4797 = CARTESIAN_POINT('',(3.107364202715,20.273243147353,8.));
#4798 = SURFACE_CURVE('',#4799,(#4804,#4815),.PCURVE_S1.);
#4799 = CIRCLE('',#4800,20.51);
#4800 = AXIS2_PLACEMENT_3D('',#4801,#4802,#4803);
#4801 = CARTESIAN_POINT('',(0.,0.,8.));
#4802 = DIRECTION('',(0.,0.,1.));
#4803 = DIRECTION('',(1.,0.,-0.));
#4804 = PCURVE('',#128,#4805);
#4805 = DEFINITIONAL_REPRESENTATION('',(#4806),#4814);
#4806 = ( BOUNDED_CURVE() B_SPLINE_CURVE(2,(#4807,#4808,#4809,#4810,
#4811,#4812,#4813),.UNSPECIFIED.,.T.,.F.) B_SPLINE_CURVE_WITH_KNOTS((1,2
    ,2,2,2,1),(-2.094395102393,0.,2.094395102393,4.188790204786,
6.28318530718,8.377580409573),.UNSPECIFIED.) CURVE() 
GEOMETRIC_REPRESENTATION_ITEM() RATIONAL_B_SPLINE_CURVE((1.,0.5,1.,0.5,
1.,0.5,1.)) REPRESENTATION_ITEM('') );
#4807 = CARTESIAN_POINT('',(-20.51,7.906697016093E-16));
#4808 = CARTESIAN_POINT('',(-20.51,35.524362063238));
#4809 = CARTESIAN_POINT('',(10.255,17.762181031619));
#4810 = CARTESIAN_POINT('',(41.02,5.814170871712E-15));
#4811 = CARTESIAN_POINT('',(10.255,-17.76218103161));
#4812 = CARTESIAN_POINT('',(-20.51,-35.52436206323));
#4813 = CARTESIAN_POINT('',(-20.51,7.906697016093E-16));
#4814 = ( GEOMETRIC_REPRESENTATION_CONTEXT(2) 
PARAMETRIC_REPRESENTATION_CONTEXT() REPRESENTATION_CONTEXT('2D SPACE',''
  ) );
#4815 = PCURVE('',#4816,#4821);
#4816 = CONICAL_SURFACE('',#4817,21.01,0.785398163397);
#4817 = AXIS2_PLACEMENT_3D('',#4818,#4819,#4820);
#4818 = CARTESIAN_POINT('',(0.,0.,7.5));
#4819 = DIRECTION('',(-0.,-0.,-1.));
#4820 = DIRECTION('',(1.,0.,-0.));
#4821 = DEFINITIONAL_REPRESENTATION('',(#4822),#4826);
#4822 = LINE('',#4823,#4824);
#4823 = CARTESIAN_POINT('',(-0.,-0.5));
#4824 = VECTOR('',#4825,1.);
#4825 = DIRECTION('',(-1.,-0.));
#4826 = ( GEOMETRIC_REPRESENTATION_CONTEXT(2) 
PARAMETRIC_REPRESENTATION_CONTEXT() REPRESENTATION_CONTEXT('2D SPACE',''
  ) );
#4827 = ORIENTED_EDGE('',*,*,#4828,.T.);
#4828 = EDGE_CURVE('',#4796,#4829,#4831,.T.);
#4829 = VERTEX_POINT('',#4830);
#4830 = CARTESIAN_POINT('',(3.312456652197,18.499635659956,8.));
#4831 = SURFACE_CURVE('',#4832,(#4837,#4845),.PCURVE_S1.);
#4832 = B_SPLINE_CURVE_WITH_KNOTS('',3,(#4833,#4834,#4835,#4836),
  .UNSPECIFIED.,.F.,.F.,(4,4),(0.,1.),.PIECEWISE_BEZIER_KNOTS.);
#4833 = CARTESIAN_POINT('',(2.953577880693,20.791257241992,8.));
#4834 = CARTESIAN_POINT('',(3.188332281514,20.055176047898,8.));
#4835 = CARTESIAN_POINT('',(3.381483976299,19.277615535085,8.));
#4836 = CARTESIAN_POINT('',(3.312456652197,18.499635659956,8.));
#4837 = PCURVE('',#128,#4838);
#4838 = DEFINITIONAL_REPRESENTATION('',(#4839),#4844);
#4839 = B_SPLINE_CURVE_WITH_KNOTS('',3,(#4840,#4841,#4842,#4843),
  .UNSPECIFIED.,.F.,.F.,(4,4),(0.,1.),.PIECEWISE_BEZIER_KNOTS.);
#4840 = CARTESIAN_POINT('',(-2.953577880693,20.791257241992));
#4841 = CARTESIAN_POINT('',(-3.188332281514,20.055176047898));
#4842 = CARTESIAN_POINT('',(-3.381483976299,19.277615535085));
#4843 = CARTESIAN_POINT('',(-3.312456652197,18.499635659956));
#4844 = ( GEOMETRIC_REPRESENTATION_CONTEXT(2) 
PARAMETRIC_REPRESENTATION_CONTEXT() REPRESENTATION_CONTEXT('2D SPACE',''
  ) );
#4845 = PCURVE('',#710,#4846);
#4846 = DEFINITIONAL_REPRESENTATION('',(#4847),#4851);
#4847 = LINE('',#4848,#4849);
#4848 = CARTESIAN_POINT('',(1.,0.));
#4849 = VECTOR('',#4850,1.);
#4850 = DIRECTION('',(0.,1.));
#4851 = ( GEOMETRIC_REPRESENTATION_CONTEXT(2) 
PARAMETRIC_REPRESENTATION_CONTEXT() REPRESENTATION_CONTEXT('2D SPACE',''
  ) );
#4852 = ORIENTED_EDGE('',*,*,#4853,.T.);
#4853 = EDGE_CURVE('',#4829,#4854,#4856,.T.);
#4854 = VERTEX_POINT('',#4855);
#4855 = CARTESIAN_POINT('',(3.690804892839,18.384038010748,8.));
#4856 = SURFACE_CURVE('',#4857,(#4862,#4870),.PCURVE_S1.);
#4857 = B_SPLINE_CURVE_WITH_KNOTS('',3,(#4858,#4859,#4860,#4861),
  .UNSPECIFIED.,.F.,.F.,(4,4),(0.,1.),.PIECEWISE_BEZIER_KNOTS.);
#4858 = CARTESIAN_POINT('',(3.312456652197,18.499635659956,8.));
#4859 = CARTESIAN_POINT('',(3.598539447981,18.389115012859,8.));
#4860 = CARTESIAN_POINT('',(3.903166891043,18.326874401695,8.));
#4861 = CARTESIAN_POINT('',(4.209674243362,18.316318718252,8.));
#4862 = PCURVE('',#128,#4863);
#4863 = DEFINITIONAL_REPRESENTATION('',(#4864),#4869);
#4864 = B_SPLINE_CURVE_WITH_KNOTS('',3,(#4865,#4866,#4867,#4868),
  .UNSPECIFIED.,.F.,.F.,(4,4),(0.,1.),.PIECEWISE_BEZIER_KNOTS.);
#4865 = CARTESIAN_POINT('',(-3.312456652197,18.499635659956));
#4866 = CARTESIAN_POINT('',(-3.598539447981,18.389115012859));
#4867 = CARTESIAN_POINT('',(-3.903166891043,18.326874401695));
#4868 = CARTESIAN_POINT('',(-4.209674243362,18.316318718252));
#4869 = ( GEOMETRIC_REPRESENTATION_CONTEXT(2) 
PARAMETRIC_REPRESENTATION_CONTEXT() REPRESENTATION_CONTEXT('2D SPACE',''
  ) );
#4870 = PCURVE('',#668,#4871);
#4871 = DEFINITIONAL_REPRESENTATION('',(#4872),#4876);
#4872 = LINE('',#4873,#4874);
#4873 = CARTESIAN_POINT('',(1.,0.));
#4874 = VECTOR('',#4875,1.);
#4875 = DIRECTION('',(0.,1.));
#4876 = ( GEOMETRIC_REPRESENTATION_CONTEXT(2) 
PARAMETRIC_REPRESENTATION_CONTEXT() REPRESENTATION_CONTEXT('2D SPACE',''
  ) );
#4877 = ORIENTED_EDGE('',*,*,#4878,.F.);
#4878 = EDGE_CURVE('',#4879,#4854,#4881,.T.);
#4879 = VERTEX_POINT('',#4880);
#4880 = CARTESIAN_POINT('',(3.688666523044,18.373386710359,8.));
#4881 = SURFACE_CURVE('',#4882,(#4888,#4897),.PCURVE_S1.);
#4882 = B_SPLINE_CURVE_WITH_KNOTS('',4,(#4883,#4884,#4885,#4886,#4887),
  .UNSPECIFIED.,.F.,.F.,(5,5),(0.,1.),.PIECEWISE_BEZIER_KNOTS.);
#4883 = CARTESIAN_POINT('',(3.688666523044,18.373386710359,8.));
#4884 = CARTESIAN_POINT('',(3.795891071073,18.907476217626,8.));
#4885 = CARTESIAN_POINT('',(3.903115619101,19.441565724893,8.));
#4886 = CARTESIAN_POINT('',(4.010340167129,19.97565523216,8.));
#4887 = CARTESIAN_POINT('',(4.117564715157,20.509744739427,8.));
#4888 = PCURVE('',#128,#4889);
#4889 = DEFINITIONAL_REPRESENTATION('',(#4890),#4896);
#4890 = B_SPLINE_CURVE_WITH_KNOTS('',4,(#4891,#4892,#4893,#4894,#4895),
  .UNSPECIFIED.,.F.,.F.,(5,5),(0.,1.),.PIECEWISE_BEZIER_KNOTS.);
#4891 = CARTESIAN_POINT('',(-3.688666523044,18.373386710359));
#4892 = CARTESIAN_POINT('',(-3.795891071073,18.907476217626));
#4893 = CARTESIAN_POINT('',(-3.903115619101,19.441565724893));
#4894 = CARTESIAN_POINT('',(-4.010340167129,19.97565523216));
#4895 = CARTESIAN_POINT('',(-4.117564715157,20.509744739427));
#4896 = ( GEOMETRIC_REPRESENTATION_CONTEXT(2) 
PARAMETRIC_REPRESENTATION_CONTEXT() REPRESENTATION_CONTEXT('2D SPACE',''
  ) );
#4897 = PCURVE('',#630,#4898);
#4898 = DEFINITIONAL_REPRESENTATION('',(#4899),#4905);
#4899 = B_SPLINE_CURVE_WITH_KNOTS('',4,(#4900,#4901,#4902,#4903,#4904),
  .UNSPECIFIED.,.F.,.F.,(5,5),(0.,1.),.PIECEWISE_BEZIER_KNOTS.);
#4900 = CARTESIAN_POINT('',(3.26,8.1));
#4901 = CARTESIAN_POINT('',(2.715253540136,8.1));
#4902 = CARTESIAN_POINT('',(2.170507080271,8.1));
#4903 = CARTESIAN_POINT('',(1.625760620407,8.1));
#4904 = CARTESIAN_POINT('',(1.081014160543,8.1));
#4905 = ( GEOMETRIC_REPRESENTATION_CONTEXT(2) 
PARAMETRIC_REPRESENTATION_CONTEXT() REPRESENTATION_CONTEXT('2D SPACE',''
  ) );
#4906 = ORIENTED_EDGE('',*,*,#4907,.F.);
#4907 = EDGE_CURVE('',#4908,#4879,#4910,.T.);
#4908 = VERTEX_POINT('',#4909);
#4909 = CARTESIAN_POINT('',(18.373386710359,-3.688666523044,8.));
#4910 = SURFACE_CURVE('',#4911,(#4934,#4960),.PCURVE_S1.);
#4911 = B_SPLINE_CURVE_WITH_KNOTS('',6,(#4912,#4913,#4914,#4915,#4916,
    #4917,#4918,#4919,#4920,#4921,#4922,#4923,#4924,#4925,#4926,#4927,
    #4928,#4929,#4930,#4931,#4932,#4933),.UNSPECIFIED.,.F.,.F.,(7,5,5,5,
    7),(0.,0.249999972741,0.500000000001,0.75000002726,1.),
  .UNSPECIFIED.);
#4912 = CARTESIAN_POINT('',(18.373386710359,-3.688666523044,8.));
#4913 = CARTESIAN_POINT('',(18.614805467055,-2.486150614325,8.));
#4914 = CARTESIAN_POINT('',(18.761794387006,-1.264603869485,8.));
#4915 = CARTESIAN_POINT('',(18.812440876582,-3.344916667045E-02,8.));
#4916 = CARTESIAN_POINT('',(18.766172763994,1.197877853522,8.));
#4917 = CARTESIAN_POINT('',(18.623528664991,2.419939577726,8.));
#4918 = CARTESIAN_POINT('',(18.14924657519,4.826673482293,8.));
#4919 = CARTESIAN_POINT('',(17.817580884174,6.011486009351,8.));
#4920 = CARTESIAN_POINT('',(17.393229549214,7.168306467013,8.));
#4921 = CARTESIAN_POINT('',(16.879274815074,8.288198496687,8.));
#4922 = CARTESIAN_POINT('',(16.279825918637,9.36264899516,8.));
#4923 = CARTESIAN_POINT('',(14.920628977841,11.40468145339,8.));
#4924 = CARTESIAN_POINT('',(14.160801668799,12.372382498946,8.));
#4925 = CARTESIAN_POINT('',(13.3260560937,13.278752981519,8.));
#4926 = CARTESIAN_POINT('',(12.422659672602,14.116716305976,8.));
#4927 = CARTESIAN_POINT('',(11.457666668567,14.879979928203,8.));
#4928 = CARTESIAN_POINT('',(9.420480604996,16.246429535947,8.));
#4929 = CARTESIAN_POINT('',(8.34816876519,16.849695244363,8.));
#4930 = CARTESIAN_POINT('',(7.230111683807,17.367628957958,8.));
#4931 = CARTESIAN_POINT('',(6.074807793043,17.79609119567,8.));
#4932 = CARTESIAN_POINT('',(4.891182431763,18.131967953662,8.));
#4933 = CARTESIAN_POINT('',(3.688666523044,18.373386710359,8.));
#4934 = PCURVE('',#128,#4935);
#4935 = DEFINITIONAL_REPRESENTATION('',(#4936),#4959);
#4936 = B_SPLINE_CURVE_WITH_KNOTS('',6,(#4937,#4938,#4939,#4940,#4941,
    #4942,#4943,#4944,#4945,#4946,#4947,#4948,#4949,#4950,#4951,#4952,
    #4953,#4954,#4955,#4956,#4957,#4958),.UNSPECIFIED.,.F.,.F.,(7,5,5,5,
    7),(0.,0.249999972741,0.500000000001,0.75000002726,1.),
  .UNSPECIFIED.);
#4937 = CARTESIAN_POINT('',(-18.37338671035,-3.688666523044));
#4938 = CARTESIAN_POINT('',(-18.61480546705,-2.486150614325));
#4939 = CARTESIAN_POINT('',(-18.761794387,-1.264603869485));
#4940 = CARTESIAN_POINT('',(-18.81244087658,-3.344916667045E-02));
#4941 = CARTESIAN_POINT('',(-18.76617276399,1.197877853522));
#4942 = CARTESIAN_POINT('',(-18.62352866499,2.419939577726));
#4943 = CARTESIAN_POINT('',(-18.14924657519,4.826673482293));
#4944 = CARTESIAN_POINT('',(-17.81758088417,6.011486009351));
#4945 = CARTESIAN_POINT('',(-17.39322954921,7.168306467013));
#4946 = CARTESIAN_POINT('',(-16.87927481507,8.288198496687));
#4947 = CARTESIAN_POINT('',(-16.27982591863,9.36264899516));
#4948 = CARTESIAN_POINT('',(-14.92062897784,11.40468145339));
#4949 = CARTESIAN_POINT('',(-14.16080166879,12.372382498946));
#4950 = CARTESIAN_POINT('',(-13.3260560937,13.278752981519));
#4951 = CARTESIAN_POINT('',(-12.4226596726,14.116716305976));
#4952 = CARTESIAN_POINT('',(-11.45766666856,14.879979928203));
#4953 = CARTESIAN_POINT('',(-9.420480604996,16.246429535947));
#4954 = CARTESIAN_POINT('',(-8.34816876519,16.849695244363));
#4955 = CARTESIAN_POINT('',(-7.230111683807,17.367628957958));
#4956 = CARTESIAN_POINT('',(-6.074807793043,17.79609119567));
#4957 = CARTESIAN_POINT('',(-4.891182431763,18.131967953662));
#4958 = CARTESIAN_POINT('',(-3.688666523044,18.373386710359));
#4959 = ( GEOMETRIC_REPRESENTATION_CONTEXT(2) 
PARAMETRIC_REPRESENTATION_CONTEXT() REPRESENTATION_CONTEXT('2D SPACE',''
  ) );
#4960 = PCURVE('',#548,#4961);
#4961 = DEFINITIONAL_REPRESENTATION('',(#4962),#4985);
#4962 = B_SPLINE_CURVE_WITH_KNOTS('',6,(#4963,#4964,#4965,#4966,#4967,
    #4968,#4969,#4970,#4971,#4972,#4973,#4974,#4975,#4976,#4977,#4978,
    #4979,#4980,#4981,#4982,#4983,#4984),.UNSPECIFIED.,.F.,.F.,(7,5,5,5,
    7),(0.,0.249999972741,0.500000000001,0.75000002726,1.),
  .UNSPECIFIED.);
#4963 = CARTESIAN_POINT('',(1.570796326795,8.1));
#4964 = CARTESIAN_POINT('',(1.505347238249,8.1));
#4965 = CARTESIAN_POINT('',(1.439894693899,8.1));
#4966 = CARTESIAN_POINT('',(1.374446614895,8.1));
#4967 = CARTESIAN_POINT('',(1.308998526693,8.1));
#4968 = CARTESIAN_POINT('',(1.243546004045,8.1));
#4969 = CARTESIAN_POINT('',(1.112648471875,8.1));
#4970 = CARTESIAN_POINT('',(1.047195899153,8.1));
#4971 = CARTESIAN_POINT('',(0.981747725283,8.1));
#4972 = CARTESIAN_POINT('',(0.916299553068,8.1));
#4973 = CARTESIAN_POINT('',(0.85084696743,8.1));
#4974 = CARTESIAN_POINT('',(0.719949359366,8.1));
#4975 = CARTESIAN_POINT('',(0.654496773726,8.1));
#4976 = CARTESIAN_POINT('',(0.589048601513,8.1));
#4977 = CARTESIAN_POINT('',(0.523600427642,8.1));
#4978 = CARTESIAN_POINT('',(0.45814785492,8.1));
#4979 = CARTESIAN_POINT('',(0.32725032275,8.1));
#4980 = CARTESIAN_POINT('',(0.261797800102,8.1));
#4981 = CARTESIAN_POINT('',(0.1963497119,8.1));
#4982 = CARTESIAN_POINT('',(0.130901632896,8.1));
#4983 = CARTESIAN_POINT('',(6.544908854625E-02,8.1));
#4984 = CARTESIAN_POINT('',(0.,8.1));
#4985 = ( GEOMETRIC_REPRESENTATION_CONTEXT(2) 
PARAMETRIC_REPRESENTATION_CONTEXT() REPRESENTATION_CONTEXT('2D SPACE',''
  ) );
#4986 = ORIENTED_EDGE('',*,*,#4987,.F.);
#4987 = EDGE_CURVE('',#4988,#4908,#4990,.T.);
#4988 = VERTEX_POINT('',#4989);
#4989 = CARTESIAN_POINT('',(18.384038010748,-3.690804892839,8.));
#4990 = SURFACE_CURVE('',#4991,(#4997,#5006),.PCURVE_S1.);
#4991 = B_SPLINE_CURVE_WITH_KNOTS('',4,(#4992,#4993,#4994,#4995,#4996),
  .UNSPECIFIED.,.F.,.F.,(5,5),(0.,1.),.PIECEWISE_BEZIER_KNOTS.);
#4992 = CARTESIAN_POINT('',(20.509744739427,-4.117564715157,8.));
#4993 = CARTESIAN_POINT('',(19.97565523216,-4.010340167129,8.));
#4994 = CARTESIAN_POINT('',(19.441565724893,-3.903115619101,8.));
#4995 = CARTESIAN_POINT('',(18.907476217626,-3.795891071073,8.));
#4996 = CARTESIAN_POINT('',(18.373386710359,-3.688666523044,8.));
#4997 = PCURVE('',#128,#4998);
#4998 = DEFINITIONAL_REPRESENTATION('',(#4999),#5005);
#4999 = B_SPLINE_CURVE_WITH_KNOTS('',4,(#5000,#5001,#5002,#5003,#5004),
  .UNSPECIFIED.,.F.,.F.,(5,5),(0.,1.),.PIECEWISE_BEZIER_KNOTS.);
#5000 = CARTESIAN_POINT('',(-20.50974473942,-4.117564715157));
#5001 = CARTESIAN_POINT('',(-19.97565523216,-4.010340167129));
#5002 = CARTESIAN_POINT('',(-19.44156572489,-3.903115619101));
#5003 = CARTESIAN_POINT('',(-18.90747621762,-3.795891071073));
#5004 = CARTESIAN_POINT('',(-18.37338671035,-3.688666523044));
#5005 = ( GEOMETRIC_REPRESENTATION_CONTEXT(2) 
PARAMETRIC_REPRESENTATION_CONTEXT() REPRESENTATION_CONTEXT('2D SPACE',''
  ) );
#5006 = PCURVE('',#474,#5007);
#5007 = DEFINITIONAL_REPRESENTATION('',(#5008),#5014);
#5008 = B_SPLINE_CURVE_WITH_KNOTS('',4,(#5009,#5010,#5011,#5012,#5013),
  .UNSPECIFIED.,.F.,.F.,(5,5),(0.,1.),.PIECEWISE_BEZIER_KNOTS.);
#5009 = CARTESIAN_POINT('',(2.178985839457,8.1));
#5010 = CARTESIAN_POINT('',(1.634239379593,8.1));
#5011 = CARTESIAN_POINT('',(1.089492919729,8.1));
#5012 = CARTESIAN_POINT('',(0.544746459864,8.1));
#5013 = CARTESIAN_POINT('',(0.,8.1));
#5014 = ( GEOMETRIC_REPRESENTATION_CONTEXT(2) 
PARAMETRIC_REPRESENTATION_CONTEXT() REPRESENTATION_CONTEXT('2D SPACE',''
  ) );
#5015 = ORIENTED_EDGE('',*,*,#5016,.T.);
#5016 = EDGE_CURVE('',#4988,#5017,#5019,.T.);
#5017 = VERTEX_POINT('',#5018);
#5018 = CARTESIAN_POINT('',(18.316318718252,-4.209674243362,8.));
#5019 = SURFACE_CURVE('',#5020,(#5025,#5033),.PCURVE_S1.);
#5020 = B_SPLINE_CURVE_WITH_KNOTS('',3,(#5021,#5022,#5023,#5024),
  .UNSPECIFIED.,.F.,.F.,(4,4),(0.,1.),.PIECEWISE_BEZIER_KNOTS.);
#5021 = CARTESIAN_POINT('',(18.499635659956,-3.312456652197,8.));
#5022 = CARTESIAN_POINT('',(18.389115012859,-3.598539447981,8.));
#5023 = CARTESIAN_POINT('',(18.326874401695,-3.903166891043,8.));
#5024 = CARTESIAN_POINT('',(18.316318718252,-4.209674243362,8.));
#5025 = PCURVE('',#128,#5026);
#5026 = DEFINITIONAL_REPRESENTATION('',(#5027),#5032);
#5027 = B_SPLINE_CURVE_WITH_KNOTS('',3,(#5028,#5029,#5030,#5031),
  .UNSPECIFIED.,.F.,.F.,(4,4),(0.,1.),.PIECEWISE_BEZIER_KNOTS.);
#5028 = CARTESIAN_POINT('',(-18.49963565995,-3.312456652197));
#5029 = CARTESIAN_POINT('',(-18.38911501285,-3.598539447981));
#5030 = CARTESIAN_POINT('',(-18.32687440169,-3.903166891043));
#5031 = CARTESIAN_POINT('',(-18.31631871825,-4.209674243362));
#5032 = ( GEOMETRIC_REPRESENTATION_CONTEXT(2) 
PARAMETRIC_REPRESENTATION_CONTEXT() REPRESENTATION_CONTEXT('2D SPACE',''
  ) );
#5033 = PCURVE('',#430,#5034);
#5034 = DEFINITIONAL_REPRESENTATION('',(#5035),#5039);
#5035 = LINE('',#5036,#5037);
#5036 = CARTESIAN_POINT('',(1.,0.));
#5037 = VECTOR('',#5038,1.);
#5038 = DIRECTION('',(0.,1.));
#5039 = ( GEOMETRIC_REPRESENTATION_CONTEXT(2) 
PARAMETRIC_REPRESENTATION_CONTEXT() REPRESENTATION_CONTEXT('2D SPACE',''
  ) );
#5040 = ORIENTED_EDGE('',*,*,#5041,.T.);
#5041 = EDGE_CURVE('',#5017,#5042,#5044,.T.);
#5042 = VERTEX_POINT('',#5043);
#5043 = CARTESIAN_POINT('',(19.867330508357,-5.094043430488,8.));
#5044 = SURFACE_CURVE('',#5045,(#5050,#5058),.PCURVE_S1.);
#5045 = B_SPLINE_CURVE_WITH_KNOTS('',3,(#5046,#5047,#5048,#5049),
  .UNSPECIFIED.,.F.,.F.,(4,4),(0.,1.),.PIECEWISE_BEZIER_KNOTS.);
#5046 = CARTESIAN_POINT('',(18.316318718252,-4.209674243362,8.));
#5047 = CARTESIAN_POINT('',(19.059023775861,-4.451348931693,8.));
#5048 = CARTESIAN_POINT('',(19.698500937397,-4.93402572641,8.));
#5049 = CARTESIAN_POINT('',(20.283504106277,-5.438700319989,8.));
#5050 = PCURVE('',#128,#5051);
#5051 = DEFINITIONAL_REPRESENTATION('',(#5052),#5057);
#5052 = B_SPLINE_CURVE_WITH_KNOTS('',3,(#5053,#5054,#5055,#5056),
  .UNSPECIFIED.,.F.,.F.,(4,4),(0.,1.),.PIECEWISE_BEZIER_KNOTS.);
#5053 = CARTESIAN_POINT('',(-18.31631871825,-4.209674243362));
#5054 = CARTESIAN_POINT('',(-19.05902377586,-4.451348931693));
#5055 = CARTESIAN_POINT('',(-19.69850093739,-4.93402572641));
#5056 = CARTESIAN_POINT('',(-20.28350410627,-5.438700319989));
#5057 = ( GEOMETRIC_REPRESENTATION_CONTEXT(2) 
PARAMETRIC_REPRESENTATION_CONTEXT() REPRESENTATION_CONTEXT('2D SPACE',''
  ) );
#5058 = PCURVE('',#388,#5059);
#5059 = DEFINITIONAL_REPRESENTATION('',(#5060),#5064);
#5060 = LINE('',#5061,#5062);
#5061 = CARTESIAN_POINT('',(1.,0.));
#5062 = VECTOR('',#5063,1.);
#5063 = DIRECTION('',(0.,1.));
#5064 = ( GEOMETRIC_REPRESENTATION_CONTEXT(2) 
PARAMETRIC_REPRESENTATION_CONTEXT() REPRESENTATION_CONTEXT('2D SPACE',''
  ) );
#5065 = ORIENTED_EDGE('',*,*,#5066,.F.);
#5066 = EDGE_CURVE('',#5067,#5042,#5069,.T.);
#5067 = VERTEX_POINT('',#5068);
#5068 = CARTESIAN_POINT('',(19.537547025954,-6.240541339391,8.));
#5069 = SURFACE_CURVE('',#5070,(#5075,#5086),.PCURVE_S1.);
#5070 = CIRCLE('',#5071,20.51);
#5071 = AXIS2_PLACEMENT_3D('',#5072,#5073,#5074);
#5072 = CARTESIAN_POINT('',(0.,0.,8.));
#5073 = DIRECTION('',(0.,0.,1.));
#5074 = DIRECTION('',(1.,0.,-0.));
#5075 = PCURVE('',#128,#5076);
#5076 = DEFINITIONAL_REPRESENTATION('',(#5077),#5085);
#5077 = ( BOUNDED_CURVE() B_SPLINE_CURVE(2,(#5078,#5079,#5080,#5081,
#5082,#5083,#5084),.UNSPECIFIED.,.T.,.F.) B_SPLINE_CURVE_WITH_KNOTS((1,2
    ,2,2,2,1),(-2.094395102393,0.,2.094395102393,4.188790204786,
6.28318530718,8.377580409573),.UNSPECIFIED.) CURVE() 
GEOMETRIC_REPRESENTATION_ITEM() RATIONAL_B_SPLINE_CURVE((1.,0.5,1.,0.5,
1.,0.5,1.)) REPRESENTATION_ITEM('') );
#5078 = CARTESIAN_POINT('',(-20.51,7.906697016093E-16));
#5079 = CARTESIAN_POINT('',(-20.51,35.524362063238));
#5080 = CARTESIAN_POINT('',(10.255,17.762181031619));
#5081 = CARTESIAN_POINT('',(41.02,5.814170871712E-15));
#5082 = CARTESIAN_POINT('',(10.255,-17.76218103161));
#5083 = CARTESIAN_POINT('',(-20.51,-35.52436206323));
#5084 = CARTESIAN_POINT('',(-20.51,7.906697016093E-16));
#5085 = ( GEOMETRIC_REPRESENTATION_CONTEXT(2) 
PARAMETRIC_REPRESENTATION_CONTEXT() REPRESENTATION_CONTEXT('2D SPACE',''
  ) );
#5086 = PCURVE('',#5087,#5092);
#5087 = CONICAL_SURFACE('',#5088,21.01,0.785398163397);
#5088 = AXIS2_PLACEMENT_3D('',#5089,#5090,#5091);
#5089 = CARTESIAN_POINT('',(0.,0.,7.5));
#5090 = DIRECTION('',(-0.,-0.,-1.));
#5091 = DIRECTION('',(1.,0.,-0.));
#5092 = DEFINITIONAL_REPRESENTATION('',(#5093),#5097);
#5093 = LINE('',#5094,#5095);
#5094 = CARTESIAN_POINT('',(-0.,-0.5));
#5095 = VECTOR('',#5096,1.);
#5096 = DIRECTION('',(-1.,-0.));
#5097 = ( GEOMETRIC_REPRESENTATION_CONTEXT(2) 
PARAMETRIC_REPRESENTATION_CONTEXT() REPRESENTATION_CONTEXT('2D SPACE',''
  ) );
#5098 = ORIENTED_EDGE('',*,*,#5099,.T.);
#5099 = EDGE_CURVE('',#5067,#5100,#5102,.T.);
#5100 = VERTEX_POINT('',#5101);
#5101 = CARTESIAN_POINT('',(17.753692062241,-6.165655422007,8.));
#5102 = SURFACE_CURVE('',#5103,(#5108,#5116),.PCURVE_S1.);
#5103 = B_SPLINE_CURVE_WITH_KNOTS('',3,(#5104,#5105,#5106,#5107),
  .UNSPECIFIED.,.F.,.F.,(4,4),(0.,1.),.PIECEWISE_BEZIER_KNOTS.);
#5104 = CARTESIAN_POINT('',(20.073240988509,-6.169683639965,8.));
#5105 = CARTESIAN_POINT('',(19.309498496262,-6.286399356735,8.));
#5106 = CARTESIAN_POINT('',(18.511295461604,-6.355535770782,8.));
#5107 = CARTESIAN_POINT('',(17.753692062241,-6.165655422007,8.));
#5108 = PCURVE('',#128,#5109);
#5109 = DEFINITIONAL_REPRESENTATION('',(#5110),#5115);
#5110 = B_SPLINE_CURVE_WITH_KNOTS('',3,(#5111,#5112,#5113,#5114),
  .UNSPECIFIED.,.F.,.F.,(4,4),(0.,1.),.PIECEWISE_BEZIER_KNOTS.);
#5111 = CARTESIAN_POINT('',(-20.0732409885,-6.169683639965));
#5112 = CARTESIAN_POINT('',(-19.30949849626,-6.286399356735));
#5113 = CARTESIAN_POINT('',(-18.5112954616,-6.355535770782));
#5114 = CARTESIAN_POINT('',(-17.75369206224,-6.165655422007));
#5115 = ( GEOMETRIC_REPRESENTATION_CONTEXT(2) 
PARAMETRIC_REPRESENTATION_CONTEXT() REPRESENTATION_CONTEXT('2D SPACE',''
  ) );
#5116 = PCURVE('',#313,#5117);
#5117 = DEFINITIONAL_REPRESENTATION('',(#5118),#5122);
#5118 = LINE('',#5119,#5120);
#5119 = CARTESIAN_POINT('',(1.,0.));
#5120 = VECTOR('',#5121,1.);
#5121 = DIRECTION('',(0.,1.));
#5122 = ( GEOMETRIC_REPRESENTATION_CONTEXT(2) 
PARAMETRIC_REPRESENTATION_CONTEXT() REPRESENTATION_CONTEXT('2D SPACE',''
  ) );
#5123 = ORIENTED_EDGE('',*,*,#5124,.T.);
#5124 = EDGE_CURVE('',#5100,#5125,#5127,.T.);
#5125 = VERTEX_POINT('',#5126);
#5126 = CARTESIAN_POINT('',(17.432276302388,-7.023149688068,8.));
#5127 = SURFACE_CURVE('',#5128,(#5133,#5141),.PCURVE_S1.);
#5128 = B_SPLINE_CURVE_WITH_KNOTS('',3,(#5129,#5130,#5131,#5132),
  .UNSPECIFIED.,.F.,.F.,(4,4),(0.,1.),.PIECEWISE_BEZIER_KNOTS.);
#5129 = CARTESIAN_POINT('',(17.753692062241,-6.165655422007,8.));
#5130 = CARTESIAN_POINT('',(17.599778898593,-6.430926825543,8.));
#5131 = CARTESIAN_POINT('',(17.490650341542,-6.722067222569,8.));
#5132 = CARTESIAN_POINT('',(17.432276302388,-7.023149688068,8.));
#5133 = PCURVE('',#128,#5134);
#5134 = DEFINITIONAL_REPRESENTATION('',(#5135),#5140);
#5135 = B_SPLINE_CURVE_WITH_KNOTS('',3,(#5136,#5137,#5138,#5139),
  .UNSPECIFIED.,.F.,.F.,(4,4),(0.,1.),.PIECEWISE_BEZIER_KNOTS.);
#5136 = CARTESIAN_POINT('',(-17.75369206224,-6.165655422007));
#5137 = CARTESIAN_POINT('',(-17.59977889859,-6.430926825543));
#5138 = CARTESIAN_POINT('',(-17.49065034154,-6.722067222569));
#5139 = CARTESIAN_POINT('',(-17.43227630238,-7.023149688068));
#5140 = ( GEOMETRIC_REPRESENTATION_CONTEXT(2) 
PARAMETRIC_REPRESENTATION_CONTEXT() REPRESENTATION_CONTEXT('2D SPACE',''
  ) );
#5141 = PCURVE('',#271,#5142);
#5142 = DEFINITIONAL_REPRESENTATION('',(#5143),#5147);
#5143 = LINE('',#5144,#5145);
#5144 = CARTESIAN_POINT('',(1.,0.));
#5145 = VECTOR('',#5146,1.);
#5146 = DIRECTION('',(0.,1.));
#5147 = ( GEOMETRIC_REPRESENTATION_CONTEXT(2) 
PARAMETRIC_REPRESENTATION_CONTEXT() REPRESENTATION_CONTEXT('2D SPACE',''
  ) );
#5148 = ORIENTED_EDGE('',*,*,#5149,.T.);
#5149 = EDGE_CURVE('',#5125,#5150,#5152,.T.);
#5150 = VERTEX_POINT('',#5151);
#5151 = CARTESIAN_POINT('',(18.825846742914,-8.13926252263,8.));
#5152 = SURFACE_CURVE('',#5153,(#5158,#5166),.PCURVE_S1.);
#5153 = B_SPLINE_CURVE_WITH_KNOTS('',3,(#5154,#5155,#5156,#5157),
  .UNSPECIFIED.,.F.,.F.,(4,4),(0.,1.),.PIECEWISE_BEZIER_KNOTS.);
#5154 = CARTESIAN_POINT('',(17.432276302388,-7.023149688068,8.));
#5155 = CARTESIAN_POINT('',(18.128031177706,-7.37803362832,8.));
#5156 = CARTESIAN_POINT('',(18.684128028064,-7.954804138407,8.));
#5157 = CARTESIAN_POINT('',(19.182980337112,-8.544780008051,8.));
#5158 = PCURVE('',#128,#5159);
#5159 = DEFINITIONAL_REPRESENTATION('',(#5160),#5165);
#5160 = B_SPLINE_CURVE_WITH_KNOTS('',3,(#5161,#5162,#5163,#5164),
  .UNSPECIFIED.,.F.,.F.,(4,4),(0.,1.),.PIECEWISE_BEZIER_KNOTS.);
#5161 = CARTESIAN_POINT('',(-17.43227630238,-7.023149688068));
#5162 = CARTESIAN_POINT('',(-18.1280311777,-7.37803362832));
#5163 = CARTESIAN_POINT('',(-18.68412802806,-7.954804138407));
#5164 = CARTESIAN_POINT('',(-19.18298033711,-8.544780008051));
#5165 = ( GEOMETRIC_REPRESENTATION_CONTEXT(2) 
PARAMETRIC_REPRESENTATION_CONTEXT() REPRESENTATION_CONTEXT('2D SPACE',''
  ) );
#5166 = PCURVE('',#3742,#5167);
#5167 = DEFINITIONAL_REPRESENTATION('',(#5168),#5172);
#5168 = LINE('',#5169,#5170);
#5169 = CARTESIAN_POINT('',(1.,0.));
#5170 = VECTOR('',#5171,1.);
#5171 = DIRECTION('',(0.,1.));
#5172 = ( GEOMETRIC_REPRESENTATION_CONTEXT(2) 
PARAMETRIC_REPRESENTATION_CONTEXT() REPRESENTATION_CONTEXT('2D SPACE',''
  ) );
#5173 = ORIENTED_EDGE('',*,*,#5174,.F.);
#5174 = EDGE_CURVE('',#5175,#5150,#5177,.T.);
#5175 = VERTEX_POINT('',#5176);
#5176 = CARTESIAN_POINT('',(18.320771655375,-9.220055637122,8.));
#5177 = SURFACE_CURVE('',#5178,(#5183,#5194),.PCURVE_S1.);
#5178 = CIRCLE('',#5179,20.51);
#5179 = AXIS2_PLACEMENT_3D('',#5180,#5181,#5182);
#5180 = CARTESIAN_POINT('',(0.,0.,8.));
#5181 = DIRECTION('',(0.,0.,1.));
#5182 = DIRECTION('',(1.,0.,-0.));
#5183 = PCURVE('',#128,#5184);
#5184 = DEFINITIONAL_REPRESENTATION('',(#5185),#5193);
#5185 = ( BOUNDED_CURVE() B_SPLINE_CURVE(2,(#5186,#5187,#5188,#5189,
#5190,#5191,#5192),.UNSPECIFIED.,.T.,.F.) B_SPLINE_CURVE_WITH_KNOTS((1,2
    ,2,2,2,1),(-2.094395102393,0.,2.094395102393,4.188790204786,
6.28318530718,8.377580409573),.UNSPECIFIED.) CURVE() 
GEOMETRIC_REPRESENTATION_ITEM() RATIONAL_B_SPLINE_CURVE((1.,0.5,1.,0.5,
1.,0.5,1.)) REPRESENTATION_ITEM('') );
#5186 = CARTESIAN_POINT('',(-20.51,7.906697016093E-16));
#5187 = CARTESIAN_POINT('',(-20.51,35.524362063238));
#5188 = CARTESIAN_POINT('',(10.255,17.762181031619));
#5189 = CARTESIAN_POINT('',(41.02,5.814170871712E-15));
#5190 = CARTESIAN_POINT('',(10.255,-17.76218103161));
#5191 = CARTESIAN_POINT('',(-20.51,-35.52436206323));
#5192 = CARTESIAN_POINT('',(-20.51,7.906697016093E-16));
#5193 = ( GEOMETRIC_REPRESENTATION_CONTEXT(2) 
PARAMETRIC_REPRESENTATION_CONTEXT() REPRESENTATION_CONTEXT('2D SPACE',''
  ) );
#5194 = PCURVE('',#5195,#5200);
#5195 = CONICAL_SURFACE('',#5196,21.01,0.785398163397);
#5196 = AXIS2_PLACEMENT_3D('',#5197,#5198,#5199);
#5197 = CARTESIAN_POINT('',(0.,0.,7.5));
#5198 = DIRECTION('',(-0.,-0.,-1.));
#5199 = DIRECTION('',(1.,0.,-0.));
#5200 = DEFINITIONAL_REPRESENTATION('',(#5201),#5205);
#5201 = LINE('',#5202,#5203);
#5202 = CARTESIAN_POINT('',(-0.,-0.5));
#5203 = VECTOR('',#5204,1.);
#5204 = DIRECTION('',(-1.,-0.));
#5205 = ( GEOMETRIC_REPRESENTATION_CONTEXT(2) 
PARAMETRIC_REPRESENTATION_CONTEXT() REPRESENTATION_CONTEXT('2D SPACE',''
  ) );
#5206 = ORIENTED_EDGE('',*,*,#5207,.T.);
#5207 = EDGE_CURVE('',#5175,#5208,#5210,.T.);
#5208 = VERTEX_POINT('',#5209);
#5209 = CARTESIAN_POINT('',(16.570593644828,-8.867035292689,8.));
#5210 = SURFACE_CURVE('',#5211,(#5216,#5224),.PCURVE_S1.);
#5211 = B_SPLINE_CURVE_WITH_KNOTS('',3,(#5212,#5213,#5214,#5215),
  .UNSPECIFIED.,.F.,.F.,(4,4),(0.,1.),.PIECEWISE_BEZIER_KNOTS.);
#5212 = CARTESIAN_POINT('',(18.860954922621,-9.233871312015,8.));
#5213 = CARTESIAN_POINT('',(18.088357007098,-9.22967441643,8.));
#5214 = CARTESIAN_POINT('',(17.289165858392,-9.173093181775,8.));
#5215 = CARTESIAN_POINT('',(16.570593644828,-8.867035292689,8.));
#5216 = PCURVE('',#128,#5217);
#5217 = DEFINITIONAL_REPRESENTATION('',(#5218),#5223);
#5218 = B_SPLINE_CURVE_WITH_KNOTS('',3,(#5219,#5220,#5221,#5222),
  .UNSPECIFIED.,.F.,.F.,(4,4),(0.,1.),.PIECEWISE_BEZIER_KNOTS.);
#5219 = CARTESIAN_POINT('',(-18.86095492262,-9.233871312015));
#5220 = CARTESIAN_POINT('',(-18.08835700709,-9.22967441643));
#5221 = CARTESIAN_POINT('',(-17.28916585839,-9.173093181775));
#5222 = CARTESIAN_POINT('',(-16.57059364482,-8.867035292689));
#5223 = ( GEOMETRIC_REPRESENTATION_CONTEXT(2) 
PARAMETRIC_REPRESENTATION_CONTEXT() REPRESENTATION_CONTEXT('2D SPACE',''
  ) );
#5224 = PCURVE('',#3673,#5225);
#5225 = DEFINITIONAL_REPRESENTATION('',(#5226),#5230);
#5226 = LINE('',#5227,#5228);
#5227 = CARTESIAN_POINT('',(1.,0.));
#5228 = VECTOR('',#5229,1.);
#5229 = DIRECTION('',(0.,1.));
#5230 = ( GEOMETRIC_REPRESENTATION_CONTEXT(2) 
PARAMETRIC_REPRESENTATION_CONTEXT() REPRESENTATION_CONTEXT('2D SPACE',''
  ) );
#5231 = ORIENTED_EDGE('',*,*,#5232,.T.);
#5232 = EDGE_CURVE('',#5208,#71,#5233,.T.);
#5233 = SURFACE_CURVE('',#5234,(#5239,#5247),.PCURVE_S1.);
#5234 = B_SPLINE_CURVE_WITH_KNOTS('',3,(#5235,#5236,#5237,#5238),
  .UNSPECIFIED.,.F.,.F.,(4,4),(0.,1.),.PIECEWISE_BEZIER_KNOTS.);
#5235 = CARTESIAN_POINT('',(16.570593644828,-8.867035292689,8.));
#5236 = CARTESIAN_POINT('',(16.377077817526,-9.104963441637,8.));
#5237 = CARTESIAN_POINT('',(16.223748421841,-9.375447949813,8.));
#5238 = CARTESIAN_POINT('',(16.118993389551,-9.663691878957,8.));
#5239 = PCURVE('',#128,#5240);
#5240 = DEFINITIONAL_REPRESENTATION('',(#5241),#5246);
#5241 = B_SPLINE_CURVE_WITH_KNOTS('',3,(#5242,#5243,#5244,#5245),
  .UNSPECIFIED.,.F.,.F.,(4,4),(0.,1.),.PIECEWISE_BEZIER_KNOTS.);
#5242 = CARTESIAN_POINT('',(-16.57059364482,-8.867035292689));
#5243 = CARTESIAN_POINT('',(-16.37707781752,-9.104963441637));
#5244 = CARTESIAN_POINT('',(-16.22374842184,-9.375447949813));
#5245 = CARTESIAN_POINT('',(-16.11899338955,-9.663691878957));
#5246 = ( GEOMETRIC_REPRESENTATION_CONTEXT(2) 
PARAMETRIC_REPRESENTATION_CONTEXT() REPRESENTATION_CONTEXT('2D SPACE',''
  ) );
#5247 = PCURVE('',#87,#5248);
#5248 = DEFINITIONAL_REPRESENTATION('',(#5249),#5253);
#5249 = LINE('',#5250,#5251);
#5250 = CARTESIAN_POINT('',(1.,0.));
#5251 = VECTOR('',#5252,1.);
#5252 = DIRECTION('',(0.,1.));
#5253 = ( GEOMETRIC_REPRESENTATION_CONTEXT(2) 
PARAMETRIC_REPRESENTATION_CONTEXT() REPRESENTATION_CONTEXT('2D SPACE',''
  ) );
#5254 = ORIENTED_EDGE('',*,*,#111,.T.);
#5255 = ORIENTED_EDGE('',*,*,#4626,.F.);
#5256 = ORIENTED_EDGE('',*,*,#5257,.T.);
#5257 = EDGE_CURVE('',#4627,#5258,#5260,.T.);
#5258 = VERTEX_POINT('',#5259);
#5259 = CARTESIAN_POINT('',(14.979472217232,-11.35007932646,8.));
#5260 = SURFACE_CURVE('',#5261,(#5266,#5274),.PCURVE_S1.);
#5261 = B_SPLINE_CURVE_WITH_KNOTS('',3,(#5262,#5263,#5264,#5265),
  .UNSPECIFIED.,.F.,.F.,(4,4),(0.,1.),.PIECEWISE_BEZIER_KNOTS.);
#5262 = CARTESIAN_POINT('',(17.184249550618,-12.0706904269,8.));
#5263 = CARTESIAN_POINT('',(16.421820136603,-11.94568426045,8.));
#5264 = CARTESIAN_POINT('',(15.641319612294,-11.76477859488,8.));
#5265 = CARTESIAN_POINT('',(14.979472217232,-11.35007932646,8.));
#5266 = PCURVE('',#128,#5267);
#5267 = DEFINITIONAL_REPRESENTATION('',(#5268),#5273);
#5268 = B_SPLINE_CURVE_WITH_KNOTS('',3,(#5269,#5270,#5271,#5272),
  .UNSPECIFIED.,.F.,.F.,(4,4),(0.,1.),.PIECEWISE_BEZIER_KNOTS.);
#5269 = CARTESIAN_POINT('',(-17.18424955061,-12.0706904269));
#5270 = CARTESIAN_POINT('',(-16.4218201366,-11.94568426045));
#5271 = CARTESIAN_POINT('',(-15.64131961229,-11.76477859488));
#5272 = CARTESIAN_POINT('',(-14.97947221723,-11.35007932646));
#5273 = ( GEOMETRIC_REPRESENTATION_CONTEXT(2) 
PARAMETRIC_REPRESENTATION_CONTEXT() REPRESENTATION_CONTEXT('2D SPACE',''
  ) );
#5274 = PCURVE('',#3583,#5275);
#5275 = DEFINITIONAL_REPRESENTATION('',(#5276),#5280);
#5276 = LINE('',#5277,#5278);
#5277 = CARTESIAN_POINT('',(1.,0.));
#5278 = VECTOR('',#5279,1.);
#5279 = DIRECTION('',(0.,1.));
#5280 = ( GEOMETRIC_REPRESENTATION_CONTEXT(2) 
PARAMETRIC_REPRESENTATION_CONTEXT() REPRESENTATION_CONTEXT('2D SPACE',''
  ) );
#5281 = ORIENTED_EDGE('',*,*,#5282,.T.);
#5282 = EDGE_CURVE('',#5258,#5283,#5285,.T.);
#5283 = VERTEX_POINT('',#5284);
#5284 = CARTESIAN_POINT('',(14.408807363591,-12.06628190383,8.));
#5285 = SURFACE_CURVE('',#5286,(#5291,#5299),.PCURVE_S1.);
#5286 = B_SPLINE_CURVE_WITH_KNOTS('',3,(#5287,#5288,#5289,#5290),
  .UNSPECIFIED.,.F.,.F.,(4,4),(0.,1.),.PIECEWISE_BEZIER_KNOTS.);
#5287 = CARTESIAN_POINT('',(14.979472217232,-11.35007932646,8.));
#5288 = CARTESIAN_POINT('',(14.751118728186,-11.55480564015,8.));
#5289 = CARTESIAN_POINT('',(14.557363972459,-11.7979740332,8.));
#5290 = CARTESIAN_POINT('',(14.408807363591,-12.06628190383,8.));
#5291 = PCURVE('',#128,#5292);
#5292 = DEFINITIONAL_REPRESENTATION('',(#5293),#5298);
#5293 = B_SPLINE_CURVE_WITH_KNOTS('',3,(#5294,#5295,#5296,#5297),
  .UNSPECIFIED.,.F.,.F.,(4,4),(0.,1.),.PIECEWISE_BEZIER_KNOTS.);
#5294 = CARTESIAN_POINT('',(-14.97947221723,-11.35007932646));
#5295 = CARTESIAN_POINT('',(-14.75111872818,-11.55480564015));
#5296 = CARTESIAN_POINT('',(-14.55736397245,-11.7979740332));
#5297 = CARTESIAN_POINT('',(-14.40880736359,-12.06628190383));
#5298 = ( GEOMETRIC_REPRESENTATION_CONTEXT(2) 
PARAMETRIC_REPRESENTATION_CONTEXT() REPRESENTATION_CONTEXT('2D SPACE',''
  ) );
#5299 = PCURVE('',#3541,#5300);
#5300 = DEFINITIONAL_REPRESENTATION('',(#5301),#5305);
#5301 = LINE('',#5302,#5303);
#5302 = CARTESIAN_POINT('',(1.,0.));
#5303 = VECTOR('',#5304,1.);
#5304 = DIRECTION('',(0.,1.));
#5305 = ( GEOMETRIC_REPRESENTATION_CONTEXT(2) 
PARAMETRIC_REPRESENTATION_CONTEXT() REPRESENTATION_CONTEXT('2D SPACE',''
  ) );
#5306 = ORIENTED_EDGE('',*,*,#5307,.T.);
#5307 = EDGE_CURVE('',#5283,#5308,#5310,.T.);
#5308 = VERTEX_POINT('',#5309);
#5309 = CARTESIAN_POINT('',(15.389273778451,-13.55840523704,8.));
#5310 = SURFACE_CURVE('',#5311,(#5316,#5324),.PCURVE_S1.);
#5311 = B_SPLINE_CURVE_WITH_KNOTS('',3,(#5312,#5313,#5314,#5315),
  .UNSPECIFIED.,.F.,.F.,(4,4),(0.,1.),.PIECEWISE_BEZIER_KNOTS.);
#5312 = CARTESIAN_POINT('',(14.408807363591,-12.06628190383,8.));
#5313 = CARTESIAN_POINT('',(14.960844402939,-12.61879666812,8.));
#5314 = CARTESIAN_POINT('',(15.311492046691,-13.33918139743,8.));
#5315 = CARTESIAN_POINT('',(15.603616215889,-14.05443563389,8.));
#5316 = PCURVE('',#128,#5317);
#5317 = DEFINITIONAL_REPRESENTATION('',(#5318),#5323);
#5318 = B_SPLINE_CURVE_WITH_KNOTS('',3,(#5319,#5320,#5321,#5322),
  .UNSPECIFIED.,.F.,.F.,(4,4),(0.,1.),.PIECEWISE_BEZIER_KNOTS.);
#5319 = CARTESIAN_POINT('',(-14.40880736359,-12.06628190383));
#5320 = CARTESIAN_POINT('',(-14.96084440293,-12.61879666812));
#5321 = CARTESIAN_POINT('',(-15.31149204669,-13.33918139743));
#5322 = CARTESIAN_POINT('',(-15.60361621588,-14.05443563389));
#5323 = ( GEOMETRIC_REPRESENTATION_CONTEXT(2) 
PARAMETRIC_REPRESENTATION_CONTEXT() REPRESENTATION_CONTEXT('2D SPACE',''
  ) );
#5324 = PCURVE('',#3499,#5325);
#5325 = DEFINITIONAL_REPRESENTATION('',(#5326),#5330);
#5326 = LINE('',#5327,#5328);
#5327 = CARTESIAN_POINT('',(1.,0.));
#5328 = VECTOR('',#5329,1.);
#5329 = DIRECTION('',(0.,1.));
#5330 = ( GEOMETRIC_REPRESENTATION_CONTEXT(2) 
PARAMETRIC_REPRESENTATION_CONTEXT() REPRESENTATION_CONTEXT('2D SPACE',''
  ) );
#5331 = ORIENTED_EDGE('',*,*,#5332,.F.);
#5332 = EDGE_CURVE('',#5333,#5308,#5335,.T.);
#5333 = VERTEX_POINT('',#5334);
#5334 = CARTESIAN_POINT('',(14.574935385446,-14.43022378586,8.));
#5335 = SURFACE_CURVE('',#5336,(#5341,#5352),.PCURVE_S1.);
#5336 = CIRCLE('',#5337,20.51);
#5337 = AXIS2_PLACEMENT_3D('',#5338,#5339,#5340);
#5338 = CARTESIAN_POINT('',(0.,0.,8.));
#5339 = DIRECTION('',(0.,0.,1.));
#5340 = DIRECTION('',(1.,0.,-0.));
#5341 = PCURVE('',#128,#5342);
#5342 = DEFINITIONAL_REPRESENTATION('',(#5343),#5351);
#5343 = ( BOUNDED_CURVE() B_SPLINE_CURVE(2,(#5344,#5345,#5346,#5347,
#5348,#5349,#5350),.UNSPECIFIED.,.T.,.F.) B_SPLINE_CURVE_WITH_KNOTS((1,2
    ,2,2,2,1),(-2.094395102393,0.,2.094395102393,4.188790204786,
6.28318530718,8.377580409573),.UNSPECIFIED.) CURVE() 
GEOMETRIC_REPRESENTATION_ITEM() RATIONAL_B_SPLINE_CURVE((1.,0.5,1.,0.5,
1.,0.5,1.)) REPRESENTATION_ITEM('') );
#5344 = CARTESIAN_POINT('',(-20.51,7.906697016093E-16));
#5345 = CARTESIAN_POINT('',(-20.51,35.524362063238));
#5346 = CARTESIAN_POINT('',(10.255,17.762181031619));
#5347 = CARTESIAN_POINT('',(41.02,5.814170871712E-15));
#5348 = CARTESIAN_POINT('',(10.255,-17.76218103161));
#5349 = CARTESIAN_POINT('',(-20.51,-35.52436206323));
#5350 = CARTESIAN_POINT('',(-20.51,7.906697016093E-16));
#5351 = ( GEOMETRIC_REPRESENTATION_CONTEXT(2) 
PARAMETRIC_REPRESENTATION_CONTEXT() REPRESENTATION_CONTEXT('2D SPACE',''
  ) );
#5352 = PCURVE('',#5353,#5358);
#5353 = CONICAL_SURFACE('',#5354,21.01,0.785398163397);
#5354 = AXIS2_PLACEMENT_3D('',#5355,#5356,#5357);
#5355 = CARTESIAN_POINT('',(0.,0.,7.5));
#5356 = DIRECTION('',(-0.,-0.,-1.));
#5357 = DIRECTION('',(1.,0.,-0.));
#5358 = DEFINITIONAL_REPRESENTATION('',(#5359),#5363);
#5359 = LINE('',#5360,#5361);
#5360 = CARTESIAN_POINT('',(-0.,-0.5));
#5361 = VECTOR('',#5362,1.);
#5362 = DIRECTION('',(-1.,-0.));
#5363 = ( GEOMETRIC_REPRESENTATION_CONTEXT(2) 
PARAMETRIC_REPRESENTATION_CONTEXT() REPRESENTATION_CONTEXT('2D SPACE',''
  ) );
#5364 = ORIENTED_EDGE('',*,*,#5365,.T.);
#5365 = EDGE_CURVE('',#5333,#5366,#5368,.T.);
#5366 = VERTEX_POINT('',#5367);
#5367 = CARTESIAN_POINT('',(13.019506469629,-13.55364673846,8.));
#5368 = SURFACE_CURVE('',#5369,(#5374,#5382),.PCURVE_S1.);
#5369 = B_SPLINE_CURVE_WITH_KNOTS('',3,(#5370,#5371,#5372,#5373),
  .UNSPECIFIED.,.F.,.F.,(4,4),(0.,1.),.PIECEWISE_BEZIER_KNOTS.);
#5370 = CARTESIAN_POINT('',(15.084410923424,-14.61028908315,8.));
#5371 = CARTESIAN_POINT('',(14.350923553449,-14.36755171254,8.));
#5372 = CARTESIAN_POINT('',(13.608332166778,-14.06677611392,8.));
#5373 = CARTESIAN_POINT('',(13.019506469629,-13.55364673846,8.));
#5374 = PCURVE('',#128,#5375);
#5375 = DEFINITIONAL_REPRESENTATION('',(#5376),#5381);
#5376 = B_SPLINE_CURVE_WITH_KNOTS('',3,(#5377,#5378,#5379,#5380),
  .UNSPECIFIED.,.F.,.F.,(4,4),(0.,1.),.PIECEWISE_BEZIER_KNOTS.);
#5377 = CARTESIAN_POINT('',(-15.08441092342,-14.61028908315));
#5378 = CARTESIAN_POINT('',(-14.35092355344,-14.36755171254));
#5379 = CARTESIAN_POINT('',(-13.60833216677,-14.06677611392));
#5380 = CARTESIAN_POINT('',(-13.01950646962,-13.55364673846));
#5381 = ( GEOMETRIC_REPRESENTATION_CONTEXT(2) 
PARAMETRIC_REPRESENTATION_CONTEXT() REPRESENTATION_CONTEXT('2D SPACE',''
  ) );
#5382 = PCURVE('',#3428,#5383);
#5383 = DEFINITIONAL_REPRESENTATION('',(#5384),#5388);
#5384 = LINE('',#5385,#5386);
#5385 = CARTESIAN_POINT('',(1.,0.));
#5386 = VECTOR('',#5387,1.);
#5387 = DIRECTION('',(0.,1.));
#5388 = ( GEOMETRIC_REPRESENTATION_CONTEXT(2) 
PARAMETRIC_REPRESENTATION_CONTEXT() REPRESENTATION_CONTEXT('2D SPACE',''
  ) );
#5389 = ORIENTED_EDGE('',*,*,#5390,.T.);
#5390 = EDGE_CURVE('',#5366,#5391,#5393,.T.);
#5391 = VERTEX_POINT('',#5392);
#5392 = CARTESIAN_POINT('',(12.34382868025,-14.17176002253,8.));
#5393 = SURFACE_CURVE('',#5394,(#5399,#5407),.PCURVE_S1.);
#5394 = B_SPLINE_CURVE_WITH_KNOTS('',3,(#5395,#5396,#5397,#5398),
  .UNSPECIFIED.,.F.,.F.,(4,4),(0.,1.),.PIECEWISE_BEZIER_KNOTS.);
#5395 = CARTESIAN_POINT('',(13.019506469629,-13.55364673846,8.));
#5396 = CARTESIAN_POINT('',(12.761938139602,-13.72013017561,8.));
#5397 = CARTESIAN_POINT('',(12.532528908955,-13.92999484066,8.));
#5398 = CARTESIAN_POINT('',(12.34382868025,-14.17176002253,8.));
#5399 = PCURVE('',#128,#5400);
#5400 = DEFINITIONAL_REPRESENTATION('',(#5401),#5406);
#5401 = B_SPLINE_CURVE_WITH_KNOTS('',3,(#5402,#5403,#5404,#5405),
  .UNSPECIFIED.,.F.,.F.,(4,4),(0.,1.),.PIECEWISE_BEZIER_KNOTS.);
#5402 = CARTESIAN_POINT('',(-13.01950646962,-13.55364673846));
#5403 = CARTESIAN_POINT('',(-12.7619381396,-13.72013017561));
#5404 = CARTESIAN_POINT('',(-12.53252890895,-13.92999484066));
#5405 = CARTESIAN_POINT('',(-12.34382868025,-14.17176002253));
#5406 = ( GEOMETRIC_REPRESENTATION_CONTEXT(2) 
PARAMETRIC_REPRESENTATION_CONTEXT() REPRESENTATION_CONTEXT('2D SPACE',''
  ) );
#5407 = PCURVE('',#3386,#5408);
#5408 = DEFINITIONAL_REPRESENTATION('',(#5409),#5413);
#5409 = LINE('',#5410,#5411);
#5410 = CARTESIAN_POINT('',(1.,0.));
#5411 = VECTOR('',#5412,1.);
#5412 = DIRECTION('',(0.,1.));
#5413 = ( GEOMETRIC_REPRESENTATION_CONTEXT(2) 
PARAMETRIC_REPRESENTATION_CONTEXT() REPRESENTATION_CONTEXT('2D SPACE',''
  ) );
#5414 = ORIENTED_EDGE('',*,*,#5415,.T.);
#5415 = EDGE_CURVE('',#5391,#5416,#5418,.T.);
#5416 = VERTEX_POINT('',#5417);
#5417 = CARTESIAN_POINT('',(13.078804411147,-15.79889158058,8.));
#5418 = SURFACE_CURVE('',#5419,(#5424,#5432),.PCURVE_S1.);
#5419 = B_SPLINE_CURVE_WITH_KNOTS('',3,(#5420,#5421,#5422,#5423),
  .UNSPECIFIED.,.F.,.F.,(4,4),(0.,1.),.PIECEWISE_BEZIER_KNOTS.);
#5420 = CARTESIAN_POINT('',(12.34382868025,-14.17176002253,8.));
#5421 = CARTESIAN_POINT('',(12.802636876011,-14.80383003217,8.));
#5422 = CARTESIAN_POINT('',(13.03627446565,-15.57019900662,8.));
#5423 = CARTESIAN_POINT('',(13.212911687724,-16.32234556466,8.));
#5424 = PCURVE('',#128,#5425);
#5425 = DEFINITIONAL_REPRESENTATION('',(#5426),#5431);
#5426 = B_SPLINE_CURVE_WITH_KNOTS('',3,(#5427,#5428,#5429,#5430),
  .UNSPECIFIED.,.F.,.F.,(4,4),(0.,1.),.PIECEWISE_BEZIER_KNOTS.);
#5427 = CARTESIAN_POINT('',(-12.34382868025,-14.17176002253));
#5428 = CARTESIAN_POINT('',(-12.80263687601,-14.80383003217));
#5429 = CARTESIAN_POINT('',(-13.03627446565,-15.57019900662));
#5430 = CARTESIAN_POINT('',(-13.21291168772,-16.32234556466));
#5431 = ( GEOMETRIC_REPRESENTATION_CONTEXT(2) 
PARAMETRIC_REPRESENTATION_CONTEXT() REPRESENTATION_CONTEXT('2D SPACE',''
  ) );
#5432 = PCURVE('',#3344,#5433);
#5433 = DEFINITIONAL_REPRESENTATION('',(#5434),#5438);
#5434 = LINE('',#5435,#5436);
#5435 = CARTESIAN_POINT('',(1.,0.));
#5436 = VECTOR('',#5437,1.);
#5437 = DIRECTION('',(0.,1.));
#5438 = ( GEOMETRIC_REPRESENTATION_CONTEXT(2) 
PARAMETRIC_REPRESENTATION_CONTEXT() REPRESENTATION_CONTEXT('2D SPACE',''
  ) );
#5439 = ORIENTED_EDGE('',*,*,#5440,.F.);
#5440 = EDGE_CURVE('',#5441,#5416,#5443,.T.);
#5441 = VERTEX_POINT('',#5442);
#5442 = CARTESIAN_POINT('',(12.138109406781,-16.53258600549,8.));
#5443 = SURFACE_CURVE('',#5444,(#5449,#5460),.PCURVE_S1.);
#5444 = CIRCLE('',#5445,20.51);
#5445 = AXIS2_PLACEMENT_3D('',#5446,#5447,#5448);
#5446 = CARTESIAN_POINT('',(0.,0.,8.));
#5447 = DIRECTION('',(0.,0.,1.));
#5448 = DIRECTION('',(1.,0.,-0.));
#5449 = PCURVE('',#128,#5450);
#5450 = DEFINITIONAL_REPRESENTATION('',(#5451),#5459);
#5451 = ( BOUNDED_CURVE() B_SPLINE_CURVE(2,(#5452,#5453,#5454,#5455,
#5456,#5457,#5458),.UNSPECIFIED.,.T.,.F.) B_SPLINE_CURVE_WITH_KNOTS((1,2
    ,2,2,2,1),(-2.094395102393,0.,2.094395102393,4.188790204786,
6.28318530718,8.377580409573),.UNSPECIFIED.) CURVE() 
GEOMETRIC_REPRESENTATION_ITEM() RATIONAL_B_SPLINE_CURVE((1.,0.5,1.,0.5,
1.,0.5,1.)) REPRESENTATION_ITEM('') );
#5452 = CARTESIAN_POINT('',(-20.51,7.906697016093E-16));
#5453 = CARTESIAN_POINT('',(-20.51,35.524362063238));
#5454 = CARTESIAN_POINT('',(10.255,17.762181031619));
#5455 = CARTESIAN_POINT('',(41.02,5.814170871712E-15));
#5456 = CARTESIAN_POINT('',(10.255,-17.76218103161));
#5457 = CARTESIAN_POINT('',(-20.51,-35.52436206323));
#5458 = CARTESIAN_POINT('',(-20.51,7.906697016093E-16));
#5459 = ( GEOMETRIC_REPRESENTATION_CONTEXT(2) 
PARAMETRIC_REPRESENTATION_CONTEXT() REPRESENTATION_CONTEXT('2D SPACE',''
  ) );
#5460 = PCURVE('',#5461,#5466);
#5461 = CONICAL_SURFACE('',#5462,21.01,0.785398163397);
#5462 = AXIS2_PLACEMENT_3D('',#5463,#5464,#5465);
#5463 = CARTESIAN_POINT('',(0.,0.,7.5));
#5464 = DIRECTION('',(-0.,-0.,-1.));
#5465 = DIRECTION('',(1.,0.,-0.));
#5466 = DEFINITIONAL_REPRESENTATION('',(#5467),#5471);
#5467 = LINE('',#5468,#5469);
#5468 = CARTESIAN_POINT('',(-0.,-0.5));
#5469 = VECTOR('',#5470,1.);
#5470 = DIRECTION('',(-1.,-0.));
#5471 = ( GEOMETRIC_REPRESENTATION_CONTEXT(2) 
PARAMETRIC_REPRESENTATION_CONTEXT() REPRESENTATION_CONTEXT('2D SPACE',''
  ) );
#5472 = ORIENTED_EDGE('',*,*,#5473,.T.);
#5473 = EDGE_CURVE('',#5441,#5474,#5476,.T.);
#5474 = VERTEX_POINT('',#5475);
#5475 = CARTESIAN_POINT('',(10.73895726348,-15.42347838579,8.));
#5476 = SURFACE_CURVE('',#5477,(#5482,#5490),.PCURVE_S1.);
#5477 = B_SPLINE_CURVE_WITH_KNOTS('',3,(#5478,#5479,#5480,#5481),
  .UNSPECIFIED.,.F.,.F.,(4,4),(0.,1.),.PIECEWISE_BEZIER_KNOTS.);
#5478 = CARTESIAN_POINT('',(12.613144037006,-16.7901339334,8.));
#5479 = CARTESIAN_POINT('',(11.926659604424,-16.43564235829,8.));
#5480 = CARTESIAN_POINT('',(11.240262419851,-16.02240292008,8.));
#5481 = CARTESIAN_POINT('',(10.73895726348,-15.42347838579,8.));
#5482 = PCURVE('',#128,#5483);
#5483 = DEFINITIONAL_REPRESENTATION('',(#5484),#5489);
#5484 = B_SPLINE_CURVE_WITH_KNOTS('',3,(#5485,#5486,#5487,#5488),
  .UNSPECIFIED.,.F.,.F.,(4,4),(0.,1.),.PIECEWISE_BEZIER_KNOTS.);
#5485 = CARTESIAN_POINT('',(-12.613144037,-16.7901339334));
#5486 = CARTESIAN_POINT('',(-11.92665960442,-16.43564235829));
#5487 = CARTESIAN_POINT('',(-11.24026241985,-16.02240292008));
#5488 = CARTESIAN_POINT('',(-10.73895726348,-15.42347838579));
#5489 = ( GEOMETRIC_REPRESENTATION_CONTEXT(2) 
PARAMETRIC_REPRESENTATION_CONTEXT() REPRESENTATION_CONTEXT('2D SPACE',''
  ) );
#5490 = PCURVE('',#3273,#5491);
#5491 = DEFINITIONAL_REPRESENTATION('',(#5492),#5496);
#5492 = LINE('',#5493,#5494);
#5493 = CARTESIAN_POINT('',(1.,0.));
#5494 = VECTOR('',#5495,1.);
#5495 = DIRECTION('',(0.,1.));
#5496 = ( GEOMETRIC_REPRESENTATION_CONTEXT(2) 
PARAMETRIC_REPRESENTATION_CONTEXT() REPRESENTATION_CONTEXT('2D SPACE',''
  ) );
#5497 = ORIENTED_EDGE('',*,*,#5498,.T.);
#5498 = EDGE_CURVE('',#5474,#5499,#5501,.T.);
#5499 = VERTEX_POINT('',#5500);
#5500 = CARTESIAN_POINT('',(9.974903967982,-15.92828237611,8.));
#5501 = SURFACE_CURVE('',#5502,(#5507,#5515),.PCURVE_S1.);
#5502 = B_SPLINE_CURVE_WITH_KNOTS('',3,(#5503,#5504,#5505,#5506),
  .UNSPECIFIED.,.F.,.F.,(4,4),(0.,1.),.PIECEWISE_BEZIER_KNOTS.);
#5503 = CARTESIAN_POINT('',(10.73895726348,-15.42347838579,8.));
#5504 = CARTESIAN_POINT('',(10.458516279577,-15.54761957164,8.));
#5505 = CARTESIAN_POINT('',(10.199101390633,-15.71901294415,8.));
#5506 = CARTESIAN_POINT('',(9.974903967982,-15.92828237611,8.));
#5507 = PCURVE('',#128,#5508);
#5508 = DEFINITIONAL_REPRESENTATION('',(#5509),#5514);
#5509 = B_SPLINE_CURVE_WITH_KNOTS('',3,(#5510,#5511,#5512,#5513),
  .UNSPECIFIED.,.F.,.F.,(4,4),(0.,1.),.PIECEWISE_BEZIER_KNOTS.);
#5510 = CARTESIAN_POINT('',(-10.73895726348,-15.42347838579));
#5511 = CARTESIAN_POINT('',(-10.45851627957,-15.54761957164));
#5512 = CARTESIAN_POINT('',(-10.19910139063,-15.71901294415));
#5513 = CARTESIAN_POINT('',(-9.974903967982,-15.92828237611));
#5514 = ( GEOMETRIC_REPRESENTATION_CONTEXT(2) 
PARAMETRIC_REPRESENTATION_CONTEXT() REPRESENTATION_CONTEXT('2D SPACE',''
  ) );
#5515 = PCURVE('',#3231,#5516);
#5516 = DEFINITIONAL_REPRESENTATION('',(#5517),#5521);
#5517 = LINE('',#5518,#5519);
#5518 = CARTESIAN_POINT('',(1.,0.));
#5519 = VECTOR('',#5520,1.);
#5520 = DIRECTION('',(0.,1.));
#5521 = ( GEOMETRIC_REPRESENTATION_CONTEXT(2) 
PARAMETRIC_REPRESENTATION_CONTEXT() REPRESENTATION_CONTEXT('2D SPACE',''
  ) );
#5522 = ORIENTED_EDGE('',*,*,#5523,.T.);
#5523 = EDGE_CURVE('',#5499,#5524,#5526,.T.);
#5524 = VERTEX_POINT('',#5525);
#5525 = CARTESIAN_POINT('',(10.446291473177,-17.65035677989,8.));
#5526 = SURFACE_CURVE('',#5527,(#5532,#5540),.PCURVE_S1.);
#5527 = B_SPLINE_CURVE_WITH_KNOTS('',3,(#5528,#5529,#5530,#5531),
  .UNSPECIFIED.,.F.,.F.,(4,4),(0.,1.),.PIECEWISE_BEZIER_KNOTS.);
#5528 = CARTESIAN_POINT('',(9.974903967982,-15.92828237611,8.));
#5529 = CARTESIAN_POINT('',(10.329185939679,-16.62434396973,8.));
#5530 = CARTESIAN_POINT('',(10.44006054235,-17.41782664173,8.));
#5531 = CARTESIAN_POINT('',(10.496861422668,-18.18834517687,8.));
#5532 = PCURVE('',#128,#5533);
#5533 = DEFINITIONAL_REPRESENTATION('',(#5534),#5539);
#5534 = B_SPLINE_CURVE_WITH_KNOTS('',3,(#5535,#5536,#5537,#5538),
  .UNSPECIFIED.,.F.,.F.,(4,4),(0.,1.),.PIECEWISE_BEZIER_KNOTS.);
#5535 = CARTESIAN_POINT('',(-9.974903967982,-15.92828237611));
#5536 = CARTESIAN_POINT('',(-10.32918593967,-16.62434396973));
#5537 = CARTESIAN_POINT('',(-10.44006054235,-17.41782664173));
#5538 = CARTESIAN_POINT('',(-10.49686142266,-18.18834517687));
#5539 = ( GEOMETRIC_REPRESENTATION_CONTEXT(2) 
PARAMETRIC_REPRESENTATION_CONTEXT() REPRESENTATION_CONTEXT('2D SPACE',''
  ) );
#5540 = PCURVE('',#3189,#5541);
#5541 = DEFINITIONAL_REPRESENTATION('',(#5542),#5546);
#5542 = LINE('',#5543,#5544);
#5543 = CARTESIAN_POINT('',(1.,0.));
#5544 = VECTOR('',#5545,1.);
#5545 = DIRECTION('',(0.,1.));
#5546 = ( GEOMETRIC_REPRESENTATION_CONTEXT(2) 
PARAMETRIC_REPRESENTATION_CONTEXT() REPRESENTATION_CONTEXT('2D SPACE',''
  ) );
#5547 = ORIENTED_EDGE('',*,*,#5548,.F.);
#5548 = EDGE_CURVE('',#5549,#5524,#5551,.T.);
#5549 = VERTEX_POINT('',#5550);
#5550 = CARTESIAN_POINT('',(9.402402890444,-18.22786108916,8.));
#5551 = SURFACE_CURVE('',#5552,(#5557,#5568),.PCURVE_S1.);
#5552 = CIRCLE('',#5553,20.51);
#5553 = AXIS2_PLACEMENT_3D('',#5554,#5555,#5556);
#5554 = CARTESIAN_POINT('',(0.,0.,8.));
#5555 = DIRECTION('',(0.,0.,1.));
#5556 = DIRECTION('',(1.,0.,-0.));
#5557 = PCURVE('',#128,#5558);
#5558 = DEFINITIONAL_REPRESENTATION('',(#5559),#5567);
#5559 = ( BOUNDED_CURVE() B_SPLINE_CURVE(2,(#5560,#5561,#5562,#5563,
#5564,#5565,#5566),.UNSPECIFIED.,.T.,.F.) B_SPLINE_CURVE_WITH_KNOTS((1,2
    ,2,2,2,1),(-2.094395102393,0.,2.094395102393,4.188790204786,
6.28318530718,8.377580409573),.UNSPECIFIED.) CURVE() 
GEOMETRIC_REPRESENTATION_ITEM() RATIONAL_B_SPLINE_CURVE((1.,0.5,1.,0.5,
1.,0.5,1.)) REPRESENTATION_ITEM('') );
#5560 = CARTESIAN_POINT('',(-20.51,7.906697016093E-16));
#5561 = CARTESIAN_POINT('',(-20.51,35.524362063238));
#5562 = CARTESIAN_POINT('',(10.255,17.762181031619));
#5563 = CARTESIAN_POINT('',(41.02,5.814170871712E-15));
#5564 = CARTESIAN_POINT('',(10.255,-17.76218103161));
#5565 = CARTESIAN_POINT('',(-20.51,-35.52436206323));
#5566 = CARTESIAN_POINT('',(-20.51,7.906697016093E-16));
#5567 = ( GEOMETRIC_REPRESENTATION_CONTEXT(2) 
PARAMETRIC_REPRESENTATION_CONTEXT() REPRESENTATION_CONTEXT('2D SPACE',''
  ) );
#5568 = PCURVE('',#5569,#5574);
#5569 = CONICAL_SURFACE('',#5570,21.01,0.785398163397);
#5570 = AXIS2_PLACEMENT_3D('',#5571,#5572,#5573);
#5571 = CARTESIAN_POINT('',(0.,0.,7.5));
#5572 = DIRECTION('',(-0.,-0.,-1.));
#5573 = DIRECTION('',(1.,0.,-0.));
#5574 = DEFINITIONAL_REPRESENTATION('',(#5575),#5579);
#5575 = LINE('',#5576,#5577);
#5576 = CARTESIAN_POINT('',(-0.,-0.5));
#5577 = VECTOR('',#5578,1.);
#5578 = DIRECTION('',(-1.,-0.));
#5579 = ( GEOMETRIC_REPRESENTATION_CONTEXT(2) 
PARAMETRIC_REPRESENTATION_CONTEXT() REPRESENTATION_CONTEXT('2D SPACE',''
  ) );
#5580 = ORIENTED_EDGE('',*,*,#5581,.T.);
#5581 = EDGE_CURVE('',#5549,#5582,#5584,.T.);
#5582 = VERTEX_POINT('',#5583);
#5583 = CARTESIAN_POINT('',(8.193979288948,-16.91353280766,8.));
#5584 = SURFACE_CURVE('',#5585,(#5590,#5598),.PCURVE_S1.);
#5585 = B_SPLINE_CURVE_WITH_KNOTS('',3,(#5586,#5587,#5588,#5589),
  .UNSPECIFIED.,.F.,.F.,(4,4),(0.,1.),.PIECEWISE_BEZIER_KNOTS.);
#5586 = CARTESIAN_POINT('',(9.831299683771,-18.55654996296,8.));
#5587 = CARTESIAN_POINT('',(9.208721713625,-18.09903294241,8.));
#5588 = CARTESIAN_POINT('',(8.595420107854,-17.58350499104,8.));
#5589 = CARTESIAN_POINT('',(8.193979288948,-16.91353280766,8.));
#5590 = PCURVE('',#128,#5591);
#5591 = DEFINITIONAL_REPRESENTATION('',(#5592),#5597);
#5592 = B_SPLINE_CURVE_WITH_KNOTS('',3,(#5593,#5594,#5595,#5596),
  .UNSPECIFIED.,.F.,.F.,(4,4),(0.,1.),.PIECEWISE_BEZIER_KNOTS.);
#5593 = CARTESIAN_POINT('',(-9.831299683771,-18.55654996296));
#5594 = CARTESIAN_POINT('',(-9.208721713625,-18.09903294241));
#5595 = CARTESIAN_POINT('',(-8.595420107854,-17.58350499104));
#5596 = CARTESIAN_POINT('',(-8.193979288948,-16.91353280766));
#5597 = ( GEOMETRIC_REPRESENTATION_CONTEXT(2) 
PARAMETRIC_REPRESENTATION_CONTEXT() REPRESENTATION_CONTEXT('2D SPACE',''
  ) );
#5598 = PCURVE('',#3118,#5599);
#5599 = DEFINITIONAL_REPRESENTATION('',(#5600),#5604);
#5600 = LINE('',#5601,#5602);
#5601 = CARTESIAN_POINT('',(1.,0.));
#5602 = VECTOR('',#5603,1.);
#5603 = DIRECTION('',(0.,1.));
#5604 = ( GEOMETRIC_REPRESENTATION_CONTEXT(2) 
PARAMETRIC_REPRESENTATION_CONTEXT() REPRESENTATION_CONTEXT('2D SPACE',''
  ) );
#5605 = ORIENTED_EDGE('',*,*,#5606,.T.);
#5606 = EDGE_CURVE('',#5582,#5607,#5609,.T.);
#5607 = VERTEX_POINT('',#5608);
#5608 = CARTESIAN_POINT('',(7.360364015215,-17.29259755465,8.));
#5609 = SURFACE_CURVE('',#5610,(#5615,#5623),.PCURVE_S1.);
#5610 = B_SPLINE_CURVE_WITH_KNOTS('',3,(#5611,#5612,#5613,#5614),
  .UNSPECIFIED.,.F.,.F.,(4,4),(0.,1.),.PIECEWISE_BEZIER_KNOTS.);
#5611 = CARTESIAN_POINT('',(8.193979288948,-16.91353280766,8.));
#5612 = CARTESIAN_POINT('',(7.897571038923,-16.99227497423,8.));
#5613 = CARTESIAN_POINT('',(7.614538147197,-17.12097678053,8.));
#5614 = CARTESIAN_POINT('',(7.360364015215,-17.29259755465,8.));
#5615 = PCURVE('',#128,#5616);
#5616 = DEFINITIONAL_REPRESENTATION('',(#5617),#5622);
#5617 = B_SPLINE_CURVE_WITH_KNOTS('',3,(#5618,#5619,#5620,#5621),
  .UNSPECIFIED.,.F.,.F.,(4,4),(0.,1.),.PIECEWISE_BEZIER_KNOTS.);
#5618 = CARTESIAN_POINT('',(-8.193979288948,-16.91353280766));
#5619 = CARTESIAN_POINT('',(-7.897571038923,-16.99227497423));
#5620 = CARTESIAN_POINT('',(-7.614538147197,-17.12097678053));
#5621 = CARTESIAN_POINT('',(-7.360364015215,-17.29259755465));
#5622 = ( GEOMETRIC_REPRESENTATION_CONTEXT(2) 
PARAMETRIC_REPRESENTATION_CONTEXT() REPRESENTATION_CONTEXT('2D SPACE',''
  ) );
#5623 = PCURVE('',#3076,#5624);
#5624 = DEFINITIONAL_REPRESENTATION('',(#5625),#5629);
#5625 = LINE('',#5626,#5627);
#5626 = CARTESIAN_POINT('',(1.,0.));
#5627 = VECTOR('',#5628,1.);
#5628 = DIRECTION('',(0.,1.));
#5629 = ( GEOMETRIC_REPRESENTATION_CONTEXT(2) 
PARAMETRIC_REPRESENTATION_CONTEXT() REPRESENTATION_CONTEXT('2D SPACE',''
  ) );
#5630 = ORIENTED_EDGE('',*,*,#5631,.T.);
#5631 = EDGE_CURVE('',#5607,#5632,#5634,.T.);
#5632 = VERTEX_POINT('',#5633);
#5633 = CARTESIAN_POINT('',(7.556556169884,-19.0672116171,8.));
#5634 = SURFACE_CURVE('',#5635,(#5640,#5648),.PCURVE_S1.);
#5635 = B_SPLINE_CURVE_WITH_KNOTS('',3,(#5636,#5637,#5638,#5639),
  .UNSPECIFIED.,.F.,.F.,(4,4),(0.,1.),.PIECEWISE_BEZIER_KNOTS.);
#5636 = CARTESIAN_POINT('',(7.360364015215,-17.29259755465,8.));
#5637 = CARTESIAN_POINT('',(7.60139616491,-18.03551138572,8.));
#5638 = CARTESIAN_POINT('',(7.586777679923,-18.83656957848,8.));
#5639 = CARTESIAN_POINT('',(7.5223435923,-19.60648736718,8.));
#5640 = PCURVE('',#128,#5641);
#5641 = DEFINITIONAL_REPRESENTATION('',(#5642),#5647);
#5642 = B_SPLINE_CURVE_WITH_KNOTS('',3,(#5643,#5644,#5645,#5646),
  .UNSPECIFIED.,.F.,.F.,(4,4),(0.,1.),.PIECEWISE_BEZIER_KNOTS.);
#5643 = CARTESIAN_POINT('',(-7.360364015215,-17.29259755465));
#5644 = CARTESIAN_POINT('',(-7.60139616491,-18.03551138572));
#5645 = CARTESIAN_POINT('',(-7.586777679923,-18.83656957848));
#5646 = CARTESIAN_POINT('',(-7.5223435923,-19.60648736718));
#5647 = ( GEOMETRIC_REPRESENTATION_CONTEXT(2) 
PARAMETRIC_REPRESENTATION_CONTEXT() REPRESENTATION_CONTEXT('2D SPACE',''
  ) );
#5648 = PCURVE('',#3034,#5649);
#5649 = DEFINITIONAL_REPRESENTATION('',(#5650),#5654);
#5650 = LINE('',#5651,#5652);
#5651 = CARTESIAN_POINT('',(1.,0.));
#5652 = VECTOR('',#5653,1.);
#5653 = DIRECTION('',(0.,1.));
#5654 = ( GEOMETRIC_REPRESENTATION_CONTEXT(2) 
PARAMETRIC_REPRESENTATION_CONTEXT() REPRESENTATION_CONTEXT('2D SPACE',''
  ) );
#5655 = ORIENTED_EDGE('',*,*,#5656,.F.);
#5656 = EDGE_CURVE('',#5657,#5632,#5659,.T.);
#5657 = VERTEX_POINT('',#5658);
#5658 = CARTESIAN_POINT('',(6.435178010159,-19.47430573801,8.));
#5659 = SURFACE_CURVE('',#5660,(#5665,#5676),.PCURVE_S1.);
#5660 = CIRCLE('',#5661,20.51);
#5661 = AXIS2_PLACEMENT_3D('',#5662,#5663,#5664);
#5662 = CARTESIAN_POINT('',(0.,0.,8.));
#5663 = DIRECTION('',(0.,0.,1.));
#5664 = DIRECTION('',(1.,0.,-0.));
#5665 = PCURVE('',#128,#5666);
#5666 = DEFINITIONAL_REPRESENTATION('',(#5667),#5675);
#5667 = ( BOUNDED_CURVE() B_SPLINE_CURVE(2,(#5668,#5669,#5670,#5671,
#5672,#5673,#5674),.UNSPECIFIED.,.T.,.F.) B_SPLINE_CURVE_WITH_KNOTS((1,2
    ,2,2,2,1),(-2.094395102393,0.,2.094395102393,4.188790204786,
6.28318530718,8.377580409573),.UNSPECIFIED.) CURVE() 
GEOMETRIC_REPRESENTATION_ITEM() RATIONAL_B_SPLINE_CURVE((1.,0.5,1.,0.5,
1.,0.5,1.)) REPRESENTATION_ITEM('') );
#5668 = CARTESIAN_POINT('',(-20.51,7.906697016093E-16));
#5669 = CARTESIAN_POINT('',(-20.51,35.524362063238));
#5670 = CARTESIAN_POINT('',(10.255,17.762181031619));
#5671 = CARTESIAN_POINT('',(41.02,5.814170871712E-15));
#5672 = CARTESIAN_POINT('',(10.255,-17.76218103161));
#5673 = CARTESIAN_POINT('',(-20.51,-35.52436206323));
#5674 = CARTESIAN_POINT('',(-20.51,7.906697016093E-16));
#5675 = ( GEOMETRIC_REPRESENTATION_CONTEXT(2) 
PARAMETRIC_REPRESENTATION_CONTEXT() REPRESENTATION_CONTEXT('2D SPACE',''
  ) );
#5676 = PCURVE('',#5677,#5682);
#5677 = CONICAL_SURFACE('',#5678,21.01,0.785398163397);
#5678 = AXIS2_PLACEMENT_3D('',#5679,#5680,#5681);
#5679 = CARTESIAN_POINT('',(0.,0.,7.5));
#5680 = DIRECTION('',(-0.,-0.,-1.));
#5681 = DIRECTION('',(1.,0.,-0.));
#5682 = DEFINITIONAL_REPRESENTATION('',(#5683),#5687);
#5683 = LINE('',#5684,#5685);
#5684 = CARTESIAN_POINT('',(-0.,-0.5));
#5685 = VECTOR('',#5686,1.);
#5686 = DIRECTION('',(-1.,-0.));
#5687 = ( GEOMETRIC_REPRESENTATION_CONTEXT(2) 
PARAMETRIC_REPRESENTATION_CONTEXT() REPRESENTATION_CONTEXT('2D SPACE',''
  ) );
#5688 = ORIENTED_EDGE('',*,*,#5689,.T.);
#5689 = EDGE_CURVE('',#5657,#5690,#5692,.T.);
#5690 = VERTEX_POINT('',#5691);
#5691 = CARTESIAN_POINT('',(5.447238350064,-17.98711991902,8.));
#5692 = SURFACE_CURVE('',#5693,(#5698,#5706),.PCURVE_S1.);
#5693 = B_SPLINE_CURVE_WITH_KNOTS('',3,(#5694,#5695,#5696,#5697),
  .UNSPECIFIED.,.F.,.F.,(4,4),(0.,1.),.PIECEWISE_BEZIER_KNOTS.);
#5694 = CARTESIAN_POINT('',(6.807376104109,-19.86604214676,8.));
#5695 = CARTESIAN_POINT('',(6.264034532241,-19.31676526824,8.));
#5696 = CARTESIAN_POINT('',(5.738930026239,-18.71164281281,8.));
#5697 = CARTESIAN_POINT('',(5.447238350064,-17.98711991902,8.));
#5698 = PCURVE('',#128,#5699);
#5699 = DEFINITIONAL_REPRESENTATION('',(#5700),#5705);
#5700 = B_SPLINE_CURVE_WITH_KNOTS('',3,(#5701,#5702,#5703,#5704),
  .UNSPECIFIED.,.F.,.F.,(4,4),(0.,1.),.PIECEWISE_BEZIER_KNOTS.);
#5701 = CARTESIAN_POINT('',(-6.807376104109,-19.86604214676));
#5702 = CARTESIAN_POINT('',(-6.264034532241,-19.31676526824));
#5703 = CARTESIAN_POINT('',(-5.738930026239,-18.71164281281));
#5704 = CARTESIAN_POINT('',(-5.447238350064,-17.98711991902));
#5705 = ( GEOMETRIC_REPRESENTATION_CONTEXT(2) 
PARAMETRIC_REPRESENTATION_CONTEXT() REPRESENTATION_CONTEXT('2D SPACE',''
  ) );
#5706 = PCURVE('',#2963,#5707);
#5707 = DEFINITIONAL_REPRESENTATION('',(#5708),#5712);
#5708 = LINE('',#5709,#5710);
#5709 = CARTESIAN_POINT('',(1.,0.));
#5710 = VECTOR('',#5711,1.);
#5711 = DIRECTION('',(0.,1.));
#5712 = ( GEOMETRIC_REPRESENTATION_CONTEXT(2) 
PARAMETRIC_REPRESENTATION_CONTEXT() REPRESENTATION_CONTEXT('2D SPACE',''
  ) );
#5713 = ORIENTED_EDGE('',*,*,#5714,.T.);
#5714 = EDGE_CURVE('',#5690,#5715,#5717,.T.);
#5715 = VERTEX_POINT('',#5716);
#5716 = CARTESIAN_POINT('',(4.564587472745,-18.23111159056,8.));
#5717 = SURFACE_CURVE('',#5718,(#5723,#5731),.PCURVE_S1.);
#5718 = B_SPLINE_CURVE_WITH_KNOTS('',3,(#5719,#5720,#5721,#5722),
  .UNSPECIFIED.,.F.,.F.,(4,4),(0.,1.),.PIECEWISE_BEZIER_KNOTS.);
#5719 = CARTESIAN_POINT('',(5.447238350064,-17.98711991902,8.));
#5720 = CARTESIAN_POINT('',(5.142161388755,-18.01852417282,8.));
#5721 = CARTESIAN_POINT('',(4.842479703374,-18.10136534732,8.));
#5722 = CARTESIAN_POINT('',(4.564587472745,-18.23111159056,8.));
#5723 = PCURVE('',#128,#5724);
#5724 = DEFINITIONAL_REPRESENTATION('',(#5725),#5730);
#5725 = B_SPLINE_CURVE_WITH_KNOTS('',3,(#5726,#5727,#5728,#5729),
  .UNSPECIFIED.,.F.,.F.,(4,4),(0.,1.),.PIECEWISE_BEZIER_KNOTS.);
#5726 = CARTESIAN_POINT('',(-5.447238350064,-17.98711991902));
#5727 = CARTESIAN_POINT('',(-5.142161388755,-18.01852417282));
#5728 = CARTESIAN_POINT('',(-4.842479703374,-18.10136534732));
#5729 = CARTESIAN_POINT('',(-4.564587472745,-18.23111159056));
#5730 = ( GEOMETRIC_REPRESENTATION_CONTEXT(2) 
PARAMETRIC_REPRESENTATION_CONTEXT() REPRESENTATION_CONTEXT('2D SPACE',''
  ) );
#5731 = PCURVE('',#2921,#5732);
#5732 = DEFINITIONAL_REPRESENTATION('',(#5733),#5737);
#5733 = LINE('',#5734,#5735);
#5734 = CARTESIAN_POINT('',(1.,0.));
#5735 = VECTOR('',#5736,1.);
#5736 = DIRECTION('',(0.,1.));
#5737 = ( GEOMETRIC_REPRESENTATION_CONTEXT(2) 
PARAMETRIC_REPRESENTATION_CONTEXT() REPRESENTATION_CONTEXT('2D SPACE',''
  ) );
#5738 = ORIENTED_EDGE('',*,*,#5739,.T.);
#5739 = EDGE_CURVE('',#5715,#5740,#5742,.T.);
#5740 = VERTEX_POINT('',#5741);
#5741 = CARTESIAN_POINT('',(4.480753374916,-20.01456842385,8.));
#5742 = SURFACE_CURVE('',#5743,(#5748,#5756),.PCURVE_S1.);
#5743 = B_SPLINE_CURVE_WITH_KNOTS('',3,(#5744,#5745,#5746,#5747),
  .UNSPECIFIED.,.F.,.F.,(4,4),(0.,1.),.PIECEWISE_BEZIER_KNOTS.);
#5744 = CARTESIAN_POINT('',(4.564587472745,-18.23111159056,8.));
#5745 = CARTESIAN_POINT('',(4.686434788973,-19.00258465496,8.));
#5746 = CARTESIAN_POINT('',(4.546683171945,-19.79149365721,8.));
#5747 = CARTESIAN_POINT('',(4.362600697462,-20.5418527683,8.));
#5748 = PCURVE('',#128,#5749);
#5749 = DEFINITIONAL_REPRESENTATION('',(#5750),#5755);
#5750 = B_SPLINE_CURVE_WITH_KNOTS('',3,(#5751,#5752,#5753,#5754),
  .UNSPECIFIED.,.F.,.F.,(4,4),(0.,1.),.PIECEWISE_BEZIER_KNOTS.);
#5751 = CARTESIAN_POINT('',(-4.564587472745,-18.23111159056));
#5752 = CARTESIAN_POINT('',(-4.686434788973,-19.00258465496));
#5753 = CARTESIAN_POINT('',(-4.546683171945,-19.79149365721));
#5754 = CARTESIAN_POINT('',(-4.362600697462,-20.5418527683));
#5755 = ( GEOMETRIC_REPRESENTATION_CONTEXT(2) 
PARAMETRIC_REPRESENTATION_CONTEXT() REPRESENTATION_CONTEXT('2D SPACE',''
  ) );
#5756 = PCURVE('',#2879,#5757);
#5757 = DEFINITIONAL_REPRESENTATION('',(#5758),#5762);
#5758 = LINE('',#5759,#5760);
#5759 = CARTESIAN_POINT('',(1.,0.));
#5760 = VECTOR('',#5761,1.);
#5761 = DIRECTION('',(0.,1.));
#5762 = ( GEOMETRIC_REPRESENTATION_CONTEXT(2) 
PARAMETRIC_REPRESENTATION_CONTEXT() REPRESENTATION_CONTEXT('2D SPACE',''
  ) );
#5763 = ORIENTED_EDGE('',*,*,#5764,.F.);
#5764 = EDGE_CURVE('',#5765,#5740,#5767,.T.);
#5765 = VERTEX_POINT('',#5766);
#5766 = CARTESIAN_POINT('',(3.309497690133,-20.24122834807,8.));
#5767 = SURFACE_CURVE('',#5768,(#5773,#5784),.PCURVE_S1.);
#5768 = CIRCLE('',#5769,20.51);
#5769 = AXIS2_PLACEMENT_3D('',#5770,#5771,#5772);
#5770 = CARTESIAN_POINT('',(0.,0.,8.));
#5771 = DIRECTION('',(0.,0.,1.));
#5772 = DIRECTION('',(1.,0.,-0.));
#5773 = PCURVE('',#128,#5774);
#5774 = DEFINITIONAL_REPRESENTATION('',(#5775),#5783);
#5775 = ( BOUNDED_CURVE() B_SPLINE_CURVE(2,(#5776,#5777,#5778,#5779,
#5780,#5781,#5782),.UNSPECIFIED.,.T.,.F.) B_SPLINE_CURVE_WITH_KNOTS((1,2
    ,2,2,2,1),(-2.094395102393,0.,2.094395102393,4.188790204786,
6.28318530718,8.377580409573),.UNSPECIFIED.) CURVE() 
GEOMETRIC_REPRESENTATION_ITEM() RATIONAL_B_SPLINE_CURVE((1.,0.5,1.,0.5,
1.,0.5,1.)) REPRESENTATION_ITEM('') );
#5776 = CARTESIAN_POINT('',(-20.51,7.906697016093E-16));
#5777 = CARTESIAN_POINT('',(-20.51,35.524362063238));
#5778 = CARTESIAN_POINT('',(10.255,17.762181031619));
#5779 = CARTESIAN_POINT('',(41.02,5.814170871712E-15));
#5780 = CARTESIAN_POINT('',(10.255,-17.76218103161));
#5781 = CARTESIAN_POINT('',(-20.51,-35.52436206323));
#5782 = CARTESIAN_POINT('',(-20.51,7.906697016093E-16));
#5783 = ( GEOMETRIC_REPRESENTATION_CONTEXT(2) 
PARAMETRIC_REPRESENTATION_CONTEXT() REPRESENTATION_CONTEXT('2D SPACE',''
  ) );
#5784 = PCURVE('',#5785,#5790);
#5785 = CONICAL_SURFACE('',#5786,21.01,0.785398163397);
#5786 = AXIS2_PLACEMENT_3D('',#5787,#5788,#5789);
#5787 = CARTESIAN_POINT('',(0.,0.,7.5));
#5788 = DIRECTION('',(-0.,-0.,-1.));
#5789 = DIRECTION('',(1.,0.,-0.));
#5790 = DEFINITIONAL_REPRESENTATION('',(#5791),#5795);
#5791 = LINE('',#5792,#5793);
#5792 = CARTESIAN_POINT('',(-0.,-0.5));
#5793 = VECTOR('',#5794,1.);
#5794 = DIRECTION('',(-1.,-0.));
#5795 = ( GEOMETRIC_REPRESENTATION_CONTEXT(2) 
PARAMETRIC_REPRESENTATION_CONTEXT() REPRESENTATION_CONTEXT('2D SPACE',''
  ) );
#5796 = ORIENTED_EDGE('',*,*,#5797,.T.);
#5797 = EDGE_CURVE('',#5765,#5798,#5800,.T.);
#5798 = VERTEX_POINT('',#5799);
#5799 = CARTESIAN_POINT('',(2.566368324654,-18.61780444214,8.));
#5800 = SURFACE_CURVE('',#5801,(#5806,#5814),.PCURVE_S1.);
#5801 = B_SPLINE_CURVE_WITH_KNOTS('',3,(#5802,#5803,#5804,#5805),
  .UNSPECIFIED.,.F.,.F.,(4,4),(0.,1.),.PIECEWISE_BEZIER_KNOTS.);
#5802 = CARTESIAN_POINT('',(3.615832332378,-20.6863664413,8.));
#5803 = CARTESIAN_POINT('',(3.165106031534,-20.0588547245,8.));
#5804 = CARTESIAN_POINT('',(2.741128440961,-19.37903788815,8.));
#5805 = CARTESIAN_POINT('',(2.566368324654,-18.61780444214,8.));
#5806 = PCURVE('',#128,#5807);
#5807 = DEFINITIONAL_REPRESENTATION('',(#5808),#5813);
#5808 = B_SPLINE_CURVE_WITH_KNOTS('',3,(#5809,#5810,#5811,#5812),
  .UNSPECIFIED.,.F.,.F.,(4,4),(0.,1.),.PIECEWISE_BEZIER_KNOTS.);
#5809 = CARTESIAN_POINT('',(-3.615832332378,-20.6863664413));
#5810 = CARTESIAN_POINT('',(-3.165106031534,-20.0588547245));
#5811 = CARTESIAN_POINT('',(-2.741128440961,-19.37903788815));
#5812 = CARTESIAN_POINT('',(-2.566368324654,-18.61780444214));
#5813 = ( GEOMETRIC_REPRESENTATION_CONTEXT(2) 
PARAMETRIC_REPRESENTATION_CONTEXT() REPRESENTATION_CONTEXT('2D SPACE',''
  ) );
#5814 = PCURVE('',#2808,#5815);
#5815 = DEFINITIONAL_REPRESENTATION('',(#5816),#5820);
#5816 = LINE('',#5817,#5818);
#5817 = CARTESIAN_POINT('',(1.,0.));
#5818 = VECTOR('',#5819,1.);
#5819 = DIRECTION('',(0.,1.));
#5820 = ( GEOMETRIC_REPRESENTATION_CONTEXT(2) 
PARAMETRIC_REPRESENTATION_CONTEXT() REPRESENTATION_CONTEXT('2D SPACE',''
  ) );
#5821 = ORIENTED_EDGE('',*,*,#5822,.T.);
#5822 = EDGE_CURVE('',#5798,#5823,#5825,.T.);
#5823 = VERTEX_POINT('',#5824);
#5824 = CARTESIAN_POINT('',(1.656415637699,-18.72071515351,8.));
#5825 = SURFACE_CURVE('',#5826,(#5831,#5839),.PCURVE_S1.);
#5826 = B_SPLINE_CURVE_WITH_KNOTS('',3,(#5827,#5828,#5829,#5830),
  .UNSPECIFIED.,.F.,.F.,(4,4),(0.,1.),.PIECEWISE_BEZIER_KNOTS.);
#5827 = CARTESIAN_POINT('',(2.566368324654,-18.61780444214,8.));
#5828 = CARTESIAN_POINT('',(2.260134659341,-18.60109750623,8.));
#5829 = CARTESIAN_POINT('',(1.951183337985,-18.63603822426,8.));
#5830 = CARTESIAN_POINT('',(1.656415637699,-18.72071515351,8.));
#5831 = PCURVE('',#128,#5832);
#5832 = DEFINITIONAL_REPRESENTATION('',(#5833),#5838);
#5833 = B_SPLINE_CURVE_WITH_KNOTS('',3,(#5834,#5835,#5836,#5837),
  .UNSPECIFIED.,.F.,.F.,(4,4),(0.,1.),.PIECEWISE_BEZIER_KNOTS.);
#5834 = CARTESIAN_POINT('',(-2.566368324654,-18.61780444214));
#5835 = CARTESIAN_POINT('',(-2.260134659341,-18.60109750623));
#5836 = CARTESIAN_POINT('',(-1.951183337985,-18.63603822426));
#5837 = CARTESIAN_POINT('',(-1.656415637699,-18.72071515351));
#5838 = ( GEOMETRIC_REPRESENTATION_CONTEXT(2) 
PARAMETRIC_REPRESENTATION_CONTEXT() REPRESENTATION_CONTEXT('2D SPACE',''
  ) );
#5839 = PCURVE('',#2766,#5840);
#5840 = DEFINITIONAL_REPRESENTATION('',(#5841),#5845);
#5841 = LINE('',#5842,#5843);
#5842 = CARTESIAN_POINT('',(1.,0.));
#5843 = VECTOR('',#5844,1.);
#5844 = DIRECTION('',(0.,1.));
#5845 = ( GEOMETRIC_REPRESENTATION_CONTEXT(2) 
PARAMETRIC_REPRESENTATION_CONTEXT() REPRESENTATION_CONTEXT('2D SPACE',''
  ) );
#5846 = ORIENTED_EDGE('',*,*,#5847,.T.);
#5847 = EDGE_CURVE('',#5823,#5848,#5850,.T.);
#5848 = VERTEX_POINT('',#5849);
#5849 = CARTESIAN_POINT('',(1.29461956109,-20.46910013146,8.));
#5850 = SURFACE_CURVE('',#5851,(#5856,#5864),.PCURVE_S1.);
#5851 = B_SPLINE_CURVE_WITH_KNOTS('',3,(#5852,#5853,#5854,#5855),
  .UNSPECIFIED.,.F.,.F.,(4,4),(0.,1.),.PIECEWISE_BEZIER_KNOTS.);
#5852 = CARTESIAN_POINT('',(1.656415637699,-18.72071515351,8.));
#5853 = CARTESIAN_POINT('',(1.656077835147,-19.50175122404,8.));
#5854 = CARTESIAN_POINT('',(1.394634234697,-20.2590854779,8.));
#5855 = CARTESIAN_POINT('',(1.095436094811,-20.97140957976,8.));
#5856 = PCURVE('',#128,#5857);
#5857 = DEFINITIONAL_REPRESENTATION('',(#5858),#5863);
#5858 = B_SPLINE_CURVE_WITH_KNOTS('',3,(#5859,#5860,#5861,#5862),
  .UNSPECIFIED.,.F.,.F.,(4,4),(0.,1.),.PIECEWISE_BEZIER_KNOTS.);
#5859 = CARTESIAN_POINT('',(-1.656415637699,-18.72071515351));
#5860 = CARTESIAN_POINT('',(-1.656077835147,-19.50175122404));
#5861 = CARTESIAN_POINT('',(-1.394634234697,-20.2590854779));
#5862 = CARTESIAN_POINT('',(-1.095436094811,-20.97140957976));
#5863 = ( GEOMETRIC_REPRESENTATION_CONTEXT(2) 
PARAMETRIC_REPRESENTATION_CONTEXT() REPRESENTATION_CONTEXT('2D SPACE',''
  ) );
#5864 = PCURVE('',#2724,#5865);
#5865 = DEFINITIONAL_REPRESENTATION('',(#5866),#5870);
#5866 = LINE('',#5867,#5868);
#5867 = CARTESIAN_POINT('',(1.,0.));
#5868 = VECTOR('',#5869,1.);
#5869 = DIRECTION('',(0.,1.));
#5870 = ( GEOMETRIC_REPRESENTATION_CONTEXT(2) 
PARAMETRIC_REPRESENTATION_CONTEXT() REPRESENTATION_CONTEXT('2D SPACE',''
  ) );
#5871 = ORIENTED_EDGE('',*,*,#5872,.F.);
#5872 = EDGE_CURVE('',#5873,#5848,#5875,.T.);
#5873 = VERTEX_POINT('',#5874);
#5874 = CARTESIAN_POINT('',(0.102326553382,-20.50974473942,8.));
#5875 = SURFACE_CURVE('',#5876,(#5881,#5892),.PCURVE_S1.);
#5876 = CIRCLE('',#5877,20.51);
#5877 = AXIS2_PLACEMENT_3D('',#5878,#5879,#5880);
#5878 = CARTESIAN_POINT('',(0.,0.,8.));
#5879 = DIRECTION('',(0.,0.,1.));
#5880 = DIRECTION('',(1.,0.,-0.));
#5881 = PCURVE('',#128,#5882);
#5882 = DEFINITIONAL_REPRESENTATION('',(#5883),#5891);
#5883 = ( BOUNDED_CURVE() B_SPLINE_CURVE(2,(#5884,#5885,#5886,#5887,
#5888,#5889,#5890),.UNSPECIFIED.,.T.,.F.) B_SPLINE_CURVE_WITH_KNOTS((1,2
    ,2,2,2,1),(-2.094395102393,0.,2.094395102393,4.188790204786,
6.28318530718,8.377580409573),.UNSPECIFIED.) CURVE() 
GEOMETRIC_REPRESENTATION_ITEM() RATIONAL_B_SPLINE_CURVE((1.,0.5,1.,0.5,
1.,0.5,1.)) REPRESENTATION_ITEM('') );
#5884 = CARTESIAN_POINT('',(-20.51,7.906697016093E-16));
#5885 = CARTESIAN_POINT('',(-20.51,35.524362063238));
#5886 = CARTESIAN_POINT('',(10.255,17.762181031619));
#5887 = CARTESIAN_POINT('',(41.02,5.814170871712E-15));
#5888 = CARTESIAN_POINT('',(10.255,-17.76218103161));
#5889 = CARTESIAN_POINT('',(-20.51,-35.52436206323));
#5890 = CARTESIAN_POINT('',(-20.51,7.906697016093E-16));
#5891 = ( GEOMETRIC_REPRESENTATION_CONTEXT(2) 
PARAMETRIC_REPRESENTATION_CONTEXT() REPRESENTATION_CONTEXT('2D SPACE',''
  ) );
#5892 = PCURVE('',#5893,#5898);
#5893 = CONICAL_SURFACE('',#5894,21.01,0.785398163397);
#5894 = AXIS2_PLACEMENT_3D('',#5895,#5896,#5897);
#5895 = CARTESIAN_POINT('',(0.,0.,7.5));
#5896 = DIRECTION('',(-0.,-0.,-1.));
#5897 = DIRECTION('',(1.,0.,-0.));
#5898 = DEFINITIONAL_REPRESENTATION('',(#5899),#5903);
#5899 = LINE('',#5900,#5901);
#5900 = CARTESIAN_POINT('',(-0.,-0.5));
#5901 = VECTOR('',#5902,1.);
#5902 = DIRECTION('',(-1.,-0.));
#5903 = ( GEOMETRIC_REPRESENTATION_CONTEXT(2) 
PARAMETRIC_REPRESENTATION_CONTEXT() REPRESENTATION_CONTEXT('2D SPACE',''
  ) );
#5904 = ORIENTED_EDGE('',*,*,#5905,.T.);
#5905 = EDGE_CURVE('',#5873,#5906,#5908,.T.);
#5906 = VERTEX_POINT('',#5907);
#5907 = CARTESIAN_POINT('',(-0.377694206198,-18.79005683095,8.));
#5908 = SURFACE_CURVE('',#5909,(#5914,#5922),.PCURVE_S1.);
#5909 = B_SPLINE_CURVE_WITH_KNOTS('',3,(#5910,#5911,#5912,#5913),
  .UNSPECIFIED.,.F.,.F.,(4,4),(0.,1.),.PIECEWISE_BEZIER_KNOTS.);
#5910 = CARTESIAN_POINT('',(0.335254768365,-20.99732373995,8.));
#5911 = CARTESIAN_POINT('',(-1.175788405362E-02,-20.30702860592,8.));
#5912 = CARTESIAN_POINT('',(-0.324168823818,-19.56925673535,8.));
#5913 = CARTESIAN_POINT('',(-0.377694206198,-18.79005683095,8.));
#5914 = PCURVE('',#128,#5915);
#5915 = DEFINITIONAL_REPRESENTATION('',(#5916),#5921);
#5916 = B_SPLINE_CURVE_WITH_KNOTS('',3,(#5917,#5918,#5919,#5920),
  .UNSPECIFIED.,.F.,.F.,(4,4),(0.,1.),.PIECEWISE_BEZIER_KNOTS.);
#5917 = CARTESIAN_POINT('',(-0.335254768365,-20.99732373995));
#5918 = CARTESIAN_POINT('',(1.175788405362E-02,-20.30702860592));
#5919 = CARTESIAN_POINT('',(0.324168823818,-19.56925673535));
#5920 = CARTESIAN_POINT('',(0.377694206198,-18.79005683095));
#5921 = ( GEOMETRIC_REPRESENTATION_CONTEXT(2) 
PARAMETRIC_REPRESENTATION_CONTEXT() REPRESENTATION_CONTEXT('2D SPACE',''
  ) );
#5922 = PCURVE('',#2653,#5923);
#5923 = DEFINITIONAL_REPRESENTATION('',(#5924),#5928);
#5924 = LINE('',#5925,#5926);
#5925 = CARTESIAN_POINT('',(1.,0.));
#5926 = VECTOR('',#5927,1.);
#5927 = DIRECTION('',(0.,1.));
#5928 = ( GEOMETRIC_REPRESENTATION_CONTEXT(2) 
PARAMETRIC_REPRESENTATION_CONTEXT() REPRESENTATION_CONTEXT('2D SPACE',''
  ) );
#5929 = ORIENTED_EDGE('',*,*,#5930,.T.);
#5930 = EDGE_CURVE('',#5906,#5931,#5933,.T.);
#5931 = VERTEX_POINT('',#5932);
#5932 = CARTESIAN_POINT('',(-1.292542647676,-18.74935257889,8.));
#5933 = SURFACE_CURVE('',#5934,(#5939,#5947),.PCURVE_S1.);
#5934 = B_SPLINE_CURVE_WITH_KNOTS('',3,(#5935,#5936,#5937,#5938),
  .UNSPECIFIED.,.F.,.F.,(4,4),(0.,1.),.PIECEWISE_BEZIER_KNOTS.);
#5935 = CARTESIAN_POINT('',(-0.377694206198,-18.79005683095,8.));
#5936 = CARTESIAN_POINT('',(-0.677544086343,-18.72565008553,8.));
#5937 = CARTESIAN_POINT('',(-0.988157636792,-18.71182999066,8.));
#5938 = CARTESIAN_POINT('',(-1.292542647676,-18.74935257889,8.));
#5939 = PCURVE('',#128,#5940);
#5940 = DEFINITIONAL_REPRESENTATION('',(#5941),#5946);
#5941 = B_SPLINE_CURVE_WITH_KNOTS('',3,(#5942,#5943,#5944,#5945),
  .UNSPECIFIED.,.F.,.F.,(4,4),(0.,1.),.PIECEWISE_BEZIER_KNOTS.);
#5942 = CARTESIAN_POINT('',(0.377694206198,-18.79005683095));
#5943 = CARTESIAN_POINT('',(0.677544086343,-18.72565008553));
#5944 = CARTESIAN_POINT('',(0.988157636792,-18.71182999066));
#5945 = CARTESIAN_POINT('',(1.292542647676,-18.74935257889));
#5946 = ( GEOMETRIC_REPRESENTATION_CONTEXT(2) 
PARAMETRIC_REPRESENTATION_CONTEXT() REPRESENTATION_CONTEXT('2D SPACE',''
  ) );
#5947 = PCURVE('',#2611,#5948);
#5948 = DEFINITIONAL_REPRESENTATION('',(#5949),#5953);
#5949 = LINE('',#5950,#5951);
#5950 = CARTESIAN_POINT('',(1.,0.));
#5951 = VECTOR('',#5952,1.);
#5952 = DIRECTION('',(0.,1.));
#5953 = ( GEOMETRIC_REPRESENTATION_CONTEXT(2) 
PARAMETRIC_REPRESENTATION_CONTEXT() REPRESENTATION_CONTEXT('2D SPACE',''
  ) );
#5954 = ORIENTED_EDGE('',*,*,#5955,.T.);
#5955 = EDGE_CURVE('',#5931,#5956,#5958,.T.);
#5956 = VERTEX_POINT('',#5957);
#5957 = CARTESIAN_POINT('',(-1.923392082926,-20.41961466079,8.));
#5958 = SURFACE_CURVE('',#5959,(#5964,#5972),.PCURVE_S1.);
#5959 = B_SPLINE_CURVE_WITH_KNOTS('',3,(#5960,#5961,#5962,#5963),
  .UNSPECIFIED.,.F.,.F.,(4,4),(0.,1.),.PIECEWISE_BEZIER_KNOTS.);
#5960 = CARTESIAN_POINT('',(-1.292542647676,-18.74935257889,8.));
#5961 = CARTESIAN_POINT('',(-1.415057251188,-19.52071995538,8.));
#5962 = CARTESIAN_POINT('',(-1.791755225935,-20.22783137807,8.));
#5963 = CARTESIAN_POINT('',(-2.198701780037,-20.88458068725,8.));
#5964 = PCURVE('',#128,#5965);
#5965 = DEFINITIONAL_REPRESENTATION('',(#5966),#5971);
#5966 = B_SPLINE_CURVE_WITH_KNOTS('',3,(#5967,#5968,#5969,#5970),
  .UNSPECIFIED.,.F.,.F.,(4,4),(0.,1.),.PIECEWISE_BEZIER_KNOTS.);
#5967 = CARTESIAN_POINT('',(1.292542647676,-18.74935257889));
#5968 = CARTESIAN_POINT('',(1.415057251188,-19.52071995538));
#5969 = CARTESIAN_POINT('',(1.791755225935,-20.22783137807));
#5970 = CARTESIAN_POINT('',(2.198701780037,-20.88458068725));
#5971 = ( GEOMETRIC_REPRESENTATION_CONTEXT(2) 
PARAMETRIC_REPRESENTATION_CONTEXT() REPRESENTATION_CONTEXT('2D SPACE',''
  ) );
#5972 = PCURVE('',#2569,#5973);
#5973 = DEFINITIONAL_REPRESENTATION('',(#5974),#5978);
#5974 = LINE('',#5975,#5976);
#5975 = CARTESIAN_POINT('',(1.,0.));
#5976 = VECTOR('',#5977,1.);
#5977 = DIRECTION('',(0.,1.));
#5978 = ( GEOMETRIC_REPRESENTATION_CONTEXT(2) 
PARAMETRIC_REPRESENTATION_CONTEXT() REPRESENTATION_CONTEXT('2D SPACE',''
  ) );
#5979 = ORIENTED_EDGE('',*,*,#5980,.F.);
#5980 = EDGE_CURVE('',#5981,#5956,#5983,.T.);
#5981 = VERTEX_POINT('',#5982);
#5982 = CARTESIAN_POINT('',(-3.107364202715,-20.27324314735,8.));
#5983 = SURFACE_CURVE('',#5984,(#5989,#6000),.PCURVE_S1.);
#5984 = CIRCLE('',#5985,20.51);
#5985 = AXIS2_PLACEMENT_3D('',#5986,#5987,#5988);
#5986 = CARTESIAN_POINT('',(0.,0.,8.));
#5987 = DIRECTION('',(0.,0.,1.));
#5988 = DIRECTION('',(1.,0.,-0.));
#5989 = PCURVE('',#128,#5990);
#5990 = DEFINITIONAL_REPRESENTATION('',(#5991),#5999);
#5991 = ( BOUNDED_CURVE() B_SPLINE_CURVE(2,(#5992,#5993,#5994,#5995,
#5996,#5997,#5998),.UNSPECIFIED.,.T.,.F.) B_SPLINE_CURVE_WITH_KNOTS((1,2
    ,2,2,2,1),(-2.094395102393,0.,2.094395102393,4.188790204786,
6.28318530718,8.377580409573),.UNSPECIFIED.) CURVE() 
GEOMETRIC_REPRESENTATION_ITEM() RATIONAL_B_SPLINE_CURVE((1.,0.5,1.,0.5,
1.,0.5,1.)) REPRESENTATION_ITEM('') );
#5992 = CARTESIAN_POINT('',(-20.51,7.906697016093E-16));
#5993 = CARTESIAN_POINT('',(-20.51,35.524362063238));
#5994 = CARTESIAN_POINT('',(10.255,17.762181031619));
#5995 = CARTESIAN_POINT('',(41.02,5.814170871712E-15));
#5996 = CARTESIAN_POINT('',(10.255,-17.76218103161));
#5997 = CARTESIAN_POINT('',(-20.51,-35.52436206323));
#5998 = CARTESIAN_POINT('',(-20.51,7.906697016093E-16));
#5999 = ( GEOMETRIC_REPRESENTATION_CONTEXT(2) 
PARAMETRIC_REPRESENTATION_CONTEXT() REPRESENTATION_CONTEXT('2D SPACE',''
  ) );
#6000 = PCURVE('',#6001,#6006);
#6001 = CONICAL_SURFACE('',#6002,21.01,0.785398163397);
#6002 = AXIS2_PLACEMENT_3D('',#6003,#6004,#6005);
#6003 = CARTESIAN_POINT('',(0.,0.,7.5));
#6004 = DIRECTION('',(-0.,-0.,-1.));
#6005 = DIRECTION('',(1.,0.,-0.));
#6006 = DEFINITIONAL_REPRESENTATION('',(#6007),#6011);
#6007 = LINE('',#6008,#6009);
#6008 = CARTESIAN_POINT('',(-0.,-0.5));
#6009 = VECTOR('',#6010,1.);
#6010 = DIRECTION('',(-1.,-0.));
#6011 = ( GEOMETRIC_REPRESENTATION_CONTEXT(2) 
PARAMETRIC_REPRESENTATION_CONTEXT() REPRESENTATION_CONTEXT('2D SPACE',''
  ) );
#6012 = ORIENTED_EDGE('',*,*,#6013,.T.);
#6013 = EDGE_CURVE('',#5981,#6014,#6016,.T.);
#6014 = VERTEX_POINT('',#6015);
#6015 = CARTESIAN_POINT('',(-3.312456652197,-18.49963565995,8.));
#6016 = SURFACE_CURVE('',#6017,(#6022,#6030),.PCURVE_S1.);
#6017 = B_SPLINE_CURVE_WITH_KNOTS('',3,(#6018,#6019,#6020,#6021),
  .UNSPECIFIED.,.F.,.F.,(4,4),(0.,1.),.PIECEWISE_BEZIER_KNOTS.);
#6018 = CARTESIAN_POINT('',(-2.953577880693,-20.79125724199,8.));
#6019 = CARTESIAN_POINT('',(-3.188332281514,-20.05517604789,8.));
#6020 = CARTESIAN_POINT('',(-3.381483976299,-19.27761553508,8.));
#6021 = CARTESIAN_POINT('',(-3.312456652197,-18.49963565995,8.));
#6022 = PCURVE('',#128,#6023);
#6023 = DEFINITIONAL_REPRESENTATION('',(#6024),#6029);
#6024 = B_SPLINE_CURVE_WITH_KNOTS('',3,(#6025,#6026,#6027,#6028),
  .UNSPECIFIED.,.F.,.F.,(4,4),(0.,1.),.PIECEWISE_BEZIER_KNOTS.);
#6025 = CARTESIAN_POINT('',(2.953577880693,-20.79125724199));
#6026 = CARTESIAN_POINT('',(3.188332281514,-20.05517604789));
#6027 = CARTESIAN_POINT('',(3.381483976299,-19.27761553508));
#6028 = CARTESIAN_POINT('',(3.312456652197,-18.49963565995));
#6029 = ( GEOMETRIC_REPRESENTATION_CONTEXT(2) 
PARAMETRIC_REPRESENTATION_CONTEXT() REPRESENTATION_CONTEXT('2D SPACE',''
  ) );
#6030 = PCURVE('',#2498,#6031);
#6031 = DEFINITIONAL_REPRESENTATION('',(#6032),#6036);
#6032 = LINE('',#6033,#6034);
#6033 = CARTESIAN_POINT('',(1.,0.));
#6034 = VECTOR('',#6035,1.);
#6035 = DIRECTION('',(0.,1.));
#6036 = ( GEOMETRIC_REPRESENTATION_CONTEXT(2) 
PARAMETRIC_REPRESENTATION_CONTEXT() REPRESENTATION_CONTEXT('2D SPACE',''
  ) );
#6037 = ORIENTED_EDGE('',*,*,#6038,.T.);
#6038 = EDGE_CURVE('',#6014,#6039,#6041,.T.);
#6039 = VERTEX_POINT('',#6040);
#6040 = CARTESIAN_POINT('',(-3.690804892839,-18.38403801074,8.));
#6041 = SURFACE_CURVE('',#6042,(#6047,#6055),.PCURVE_S1.);
#6042 = B_SPLINE_CURVE_WITH_KNOTS('',3,(#6043,#6044,#6045,#6046),
  .UNSPECIFIED.,.F.,.F.,(4,4),(0.,1.),.PIECEWISE_BEZIER_KNOTS.);
#6043 = CARTESIAN_POINT('',(-3.312456652197,-18.49963565995,8.));
#6044 = CARTESIAN_POINT('',(-3.598539447981,-18.38911501285,8.));
#6045 = CARTESIAN_POINT('',(-3.903166891043,-18.32687440169,8.));
#6046 = CARTESIAN_POINT('',(-4.209674243362,-18.31631871825,8.));
#6047 = PCURVE('',#128,#6048);
#6048 = DEFINITIONAL_REPRESENTATION('',(#6049),#6054);
#6049 = B_SPLINE_CURVE_WITH_KNOTS('',3,(#6050,#6051,#6052,#6053),
  .UNSPECIFIED.,.F.,.F.,(4,4),(0.,1.),.PIECEWISE_BEZIER_KNOTS.);
#6050 = CARTESIAN_POINT('',(3.312456652197,-18.49963565995));
#6051 = CARTESIAN_POINT('',(3.598539447981,-18.38911501285));
#6052 = CARTESIAN_POINT('',(3.903166891043,-18.32687440169));
#6053 = CARTESIAN_POINT('',(4.209674243362,-18.31631871825));
#6054 = ( GEOMETRIC_REPRESENTATION_CONTEXT(2) 
PARAMETRIC_REPRESENTATION_CONTEXT() REPRESENTATION_CONTEXT('2D SPACE',''
  ) );
#6055 = PCURVE('',#2456,#6056);
#6056 = DEFINITIONAL_REPRESENTATION('',(#6057),#6061);
#6057 = LINE('',#6058,#6059);
#6058 = CARTESIAN_POINT('',(1.,0.));
#6059 = VECTOR('',#6060,1.);
#6060 = DIRECTION('',(0.,1.));
#6061 = ( GEOMETRIC_REPRESENTATION_CONTEXT(2) 
PARAMETRIC_REPRESENTATION_CONTEXT() REPRESENTATION_CONTEXT('2D SPACE',''
  ) );
#6062 = ORIENTED_EDGE('',*,*,#6063,.F.);
#6063 = EDGE_CURVE('',#6064,#6039,#6066,.T.);
#6064 = VERTEX_POINT('',#6065);
#6065 = CARTESIAN_POINT('',(-3.688666523044,-18.37338671035,8.));
#6066 = SURFACE_CURVE('',#6067,(#6073,#6082),.PCURVE_S1.);
#6067 = B_SPLINE_CURVE_WITH_KNOTS('',4,(#6068,#6069,#6070,#6071,#6072),
  .UNSPECIFIED.,.F.,.F.,(5,5),(0.,1.),.PIECEWISE_BEZIER_KNOTS.);
#6068 = CARTESIAN_POINT('',(-3.688666523044,-18.37338671035,8.));
#6069 = CARTESIAN_POINT('',(-3.795891071073,-18.90747621762,8.));
#6070 = CARTESIAN_POINT('',(-3.903115619101,-19.44156572489,8.));
#6071 = CARTESIAN_POINT('',(-4.010340167129,-19.97565523216,8.));
#6072 = CARTESIAN_POINT('',(-4.117564715157,-20.50974473942,8.));
#6073 = PCURVE('',#128,#6074);
#6074 = DEFINITIONAL_REPRESENTATION('',(#6075),#6081);
#6075 = B_SPLINE_CURVE_WITH_KNOTS('',4,(#6076,#6077,#6078,#6079,#6080),
  .UNSPECIFIED.,.F.,.F.,(5,5),(0.,1.),.PIECEWISE_BEZIER_KNOTS.);
#6076 = CARTESIAN_POINT('',(3.688666523044,-18.37338671035));
#6077 = CARTESIAN_POINT('',(3.795891071073,-18.90747621762));
#6078 = CARTESIAN_POINT('',(3.903115619101,-19.44156572489));
#6079 = CARTESIAN_POINT('',(4.010340167129,-19.97565523216));
#6080 = CARTESIAN_POINT('',(4.117564715157,-20.50974473942));
#6081 = ( GEOMETRIC_REPRESENTATION_CONTEXT(2) 
PARAMETRIC_REPRESENTATION_CONTEXT() REPRESENTATION_CONTEXT('2D SPACE',''
  ) );
#6082 = PCURVE('',#2418,#6083);
#6083 = DEFINITIONAL_REPRESENTATION('',(#6084),#6090);
#6084 = B_SPLINE_CURVE_WITH_KNOTS('',4,(#6085,#6086,#6087,#6088,#6089),
  .UNSPECIFIED.,.F.,.F.,(5,5),(0.,1.),.PIECEWISE_BEZIER_KNOTS.);
#6085 = CARTESIAN_POINT('',(3.26,8.1));
#6086 = CARTESIAN_POINT('',(2.715253540136,8.1));
#6087 = CARTESIAN_POINT('',(2.170507080271,8.1));
#6088 = CARTESIAN_POINT('',(1.625760620407,8.1));
#6089 = CARTESIAN_POINT('',(1.081014160543,8.1));
#6090 = ( GEOMETRIC_REPRESENTATION_CONTEXT(2) 
PARAMETRIC_REPRESENTATION_CONTEXT() REPRESENTATION_CONTEXT('2D SPACE',''
  ) );
#6091 = ORIENTED_EDGE('',*,*,#6092,.F.);
#6092 = EDGE_CURVE('',#6093,#6064,#6095,.T.);
#6093 = VERTEX_POINT('',#6094);
#6094 = CARTESIAN_POINT('',(-18.37338671035,3.688666523044,8.));
#6095 = SURFACE_CURVE('',#6096,(#6119,#6145),.PCURVE_S1.);
#6096 = B_SPLINE_CURVE_WITH_KNOTS('',6,(#6097,#6098,#6099,#6100,#6101,
    #6102,#6103,#6104,#6105,#6106,#6107,#6108,#6109,#6110,#6111,#6112,
    #6113,#6114,#6115,#6116,#6117,#6118),.UNSPECIFIED.,.F.,.F.,(7,5,5,5,
    7),(0.,0.24999997274,0.5,0.750000027259,1.),.UNSPECIFIED.);
#6097 = CARTESIAN_POINT('',(-18.37338671035,3.688666523044,8.));
#6098 = CARTESIAN_POINT('',(-18.61480546705,2.486150614325,8.));
#6099 = CARTESIAN_POINT('',(-18.761794387,1.264603869485,8.));
#6100 = CARTESIAN_POINT('',(-18.81244087658,3.344916667078E-02,8.));
#6101 = CARTESIAN_POINT('',(-18.76617276399,-1.197877853523,8.));
#6102 = CARTESIAN_POINT('',(-18.62352866499,-2.419939577726,8.));
#6103 = CARTESIAN_POINT('',(-18.14924657519,-4.826673482294,8.));
#6104 = CARTESIAN_POINT('',(-17.81758088417,-6.011486009348,8.));
#6105 = CARTESIAN_POINT('',(-17.39322954921,-7.168306467018,8.));
#6106 = CARTESIAN_POINT('',(-16.87927481507,-8.288198496683,8.));
#6107 = CARTESIAN_POINT('',(-16.27982591863,-9.362648995162,8.));
#6108 = CARTESIAN_POINT('',(-14.92062897784,-11.40468145339,8.));
#6109 = CARTESIAN_POINT('',(-14.1608016688,-12.37238249894,8.));
#6110 = CARTESIAN_POINT('',(-13.32605609369,-13.27875298152,8.));
#6111 = CARTESIAN_POINT('',(-12.4226596726,-14.11671630597,8.));
#6112 = CARTESIAN_POINT('',(-11.45766666856,-14.8799799282,8.));
#6113 = CARTESIAN_POINT('',(-9.420480604997,-16.24642953594,8.));
#6114 = CARTESIAN_POINT('',(-8.348168765189,-16.84969524436,8.));
#6115 = CARTESIAN_POINT('',(-7.230111683809,-17.36762895795,8.));
#6116 = CARTESIAN_POINT('',(-6.074807793041,-17.79609119567,8.));
#6117 = CARTESIAN_POINT('',(-4.891182431764,-18.13196795366,8.));
#6118 = CARTESIAN_POINT('',(-3.688666523044,-18.37338671035,8.));
#6119 = PCURVE('',#128,#6120);
#6120 = DEFINITIONAL_REPRESENTATION('',(#6121),#6144);
#6121 = B_SPLINE_CURVE_WITH_KNOTS('',6,(#6122,#6123,#6124,#6125,#6126,
    #6127,#6128,#6129,#6130,#6131,#6132,#6133,#6134,#6135,#6136,#6137,
    #6138,#6139,#6140,#6141,#6142,#6143),.UNSPECIFIED.,.F.,.F.,(7,5,5,5,
    7),(0.,0.24999997274,0.5,0.750000027259,1.),.UNSPECIFIED.);
#6122 = CARTESIAN_POINT('',(18.373386710359,3.688666523044));
#6123 = CARTESIAN_POINT('',(18.614805467056,2.486150614325));
#6124 = CARTESIAN_POINT('',(18.761794387006,1.264603869485));
#6125 = CARTESIAN_POINT('',(18.812440876583,3.344916667078E-02));
#6126 = CARTESIAN_POINT('',(18.766172763993,-1.197877853523));
#6127 = CARTESIAN_POINT('',(18.623528664991,-2.419939577726));
#6128 = CARTESIAN_POINT('',(18.14924657519,-4.826673482294));
#6129 = CARTESIAN_POINT('',(17.817580884175,-6.011486009348));
#6130 = CARTESIAN_POINT('',(17.393229549212,-7.168306467018));
#6131 = CARTESIAN_POINT('',(16.879274815076,-8.288198496683));
#6132 = CARTESIAN_POINT('',(16.279825918636,-9.362648995162));
#6133 = CARTESIAN_POINT('',(14.92062897784,-11.40468145339));
#6134 = CARTESIAN_POINT('',(14.160801668804,-12.37238249894));
#6135 = CARTESIAN_POINT('',(13.326056093693,-13.27875298152));
#6136 = CARTESIAN_POINT('',(12.422659672607,-14.11671630597));
#6137 = CARTESIAN_POINT('',(11.457666668565,-14.8799799282));
#6138 = CARTESIAN_POINT('',(9.420480604997,-16.24642953594));
#6139 = CARTESIAN_POINT('',(8.348168765189,-16.84969524436));
#6140 = CARTESIAN_POINT('',(7.230111683809,-17.36762895795));
#6141 = CARTESIAN_POINT('',(6.074807793041,-17.79609119567));
#6142 = CARTESIAN_POINT('',(4.891182431764,-18.13196795366));
#6143 = CARTESIAN_POINT('',(3.688666523044,-18.37338671035));
#6144 = ( GEOMETRIC_REPRESENTATION_CONTEXT(2) 
PARAMETRIC_REPRESENTATION_CONTEXT() REPRESENTATION_CONTEXT('2D SPACE',''
  ) );
#6145 = PCURVE('',#2336,#6146);
#6146 = DEFINITIONAL_REPRESENTATION('',(#6147),#6170);
#6147 = B_SPLINE_CURVE_WITH_KNOTS('',6,(#6148,#6149,#6150,#6151,#6152,
    #6153,#6154,#6155,#6156,#6157,#6158,#6159,#6160,#6161,#6162,#6163,
    #6164,#6165,#6166,#6167,#6168,#6169),.UNSPECIFIED.,.F.,.F.,(7,5,5,5,
    7),(0.,0.24999997274,0.5,0.750000027259,1.),.UNSPECIFIED.);
#6148 = CARTESIAN_POINT('',(1.570796326795,8.1));
#6149 = CARTESIAN_POINT('',(1.505347238249,8.1));
#6150 = CARTESIAN_POINT('',(1.439894693899,8.1));
#6151 = CARTESIAN_POINT('',(1.374446614895,8.1));
#6152 = CARTESIAN_POINT('',(1.308998526693,8.1));
#6153 = CARTESIAN_POINT('',(1.243546004045,8.1));
#6154 = CARTESIAN_POINT('',(1.112648471875,8.1));
#6155 = CARTESIAN_POINT('',(1.047195899153,8.1));
#6156 = CARTESIAN_POINT('',(0.981747725282,8.1));
#6157 = CARTESIAN_POINT('',(0.916299553069,8.1));
#6158 = CARTESIAN_POINT('',(0.85084696743,8.1));
#6159 = CARTESIAN_POINT('',(0.719949359365,8.1));
#6160 = CARTESIAN_POINT('',(0.654496773727,8.1));
#6161 = CARTESIAN_POINT('',(0.589048601512,8.1));
#6162 = CARTESIAN_POINT('',(0.523600427642,8.1));
#6163 = CARTESIAN_POINT('',(0.45814785492,8.1));
#6164 = CARTESIAN_POINT('',(0.32725032275,8.1));
#6165 = CARTESIAN_POINT('',(0.261797800102,8.1));
#6166 = CARTESIAN_POINT('',(0.1963497119,8.1));
#6167 = CARTESIAN_POINT('',(0.130901632896,8.1));
#6168 = CARTESIAN_POINT('',(6.544908854628E-02,8.1));
#6169 = CARTESIAN_POINT('',(0.,8.1));
#6170 = ( GEOMETRIC_REPRESENTATION_CONTEXT(2) 
PARAMETRIC_REPRESENTATION_CONTEXT() REPRESENTATION_CONTEXT('2D SPACE',''
  ) );
#6171 = ORIENTED_EDGE('',*,*,#6172,.F.);
#6172 = EDGE_CURVE('',#6173,#6093,#6175,.T.);
#6173 = VERTEX_POINT('',#6174);
#6174 = CARTESIAN_POINT('',(-18.38403801074,3.690804892839,8.));
#6175 = SURFACE_CURVE('',#6176,(#6182,#6191),.PCURVE_S1.);
#6176 = B_SPLINE_CURVE_WITH_KNOTS('',4,(#6177,#6178,#6179,#6180,#6181),
  .UNSPECIFIED.,.F.,.F.,(5,5),(0.,1.),.PIECEWISE_BEZIER_KNOTS.);
#6177 = CARTESIAN_POINT('',(-20.50974473942,4.117564715157,8.));
#6178 = CARTESIAN_POINT('',(-19.97565523216,4.010340167129,8.));
#6179 = CARTESIAN_POINT('',(-19.44156572489,3.903115619101,8.));
#6180 = CARTESIAN_POINT('',(-18.90747621762,3.795891071073,8.));
#6181 = CARTESIAN_POINT('',(-18.37338671035,3.688666523044,8.));
#6182 = PCURVE('',#128,#6183);
#6183 = DEFINITIONAL_REPRESENTATION('',(#6184),#6190);
#6184 = B_SPLINE_CURVE_WITH_KNOTS('',4,(#6185,#6186,#6187,#6188,#6189),
  .UNSPECIFIED.,.F.,.F.,(5,5),(0.,1.),.PIECEWISE_BEZIER_KNOTS.);
#6185 = CARTESIAN_POINT('',(20.509744739427,4.117564715157));
#6186 = CARTESIAN_POINT('',(19.97565523216,4.010340167129));
#6187 = CARTESIAN_POINT('',(19.441565724893,3.903115619101));
#6188 = CARTESIAN_POINT('',(18.907476217626,3.795891071073));
#6189 = CARTESIAN_POINT('',(18.373386710359,3.688666523044));
#6190 = ( GEOMETRIC_REPRESENTATION_CONTEXT(2) 
PARAMETRIC_REPRESENTATION_CONTEXT() REPRESENTATION_CONTEXT('2D SPACE',''
  ) );
#6191 = PCURVE('',#2262,#6192);
#6192 = DEFINITIONAL_REPRESENTATION('',(#6193),#6199);
#6193 = B_SPLINE_CURVE_WITH_KNOTS('',4,(#6194,#6195,#6196,#6197,#6198),
  .UNSPECIFIED.,.F.,.F.,(5,5),(0.,1.),.PIECEWISE_BEZIER_KNOTS.);
#6194 = CARTESIAN_POINT('',(2.178985839457,8.1));
#6195 = CARTESIAN_POINT('',(1.634239379593,8.1));
#6196 = CARTESIAN_POINT('',(1.089492919729,8.1));
#6197 = CARTESIAN_POINT('',(0.544746459864,8.1));
#6198 = CARTESIAN_POINT('',(0.,8.1));
#6199 = ( GEOMETRIC_REPRESENTATION_CONTEXT(2) 
PARAMETRIC_REPRESENTATION_CONTEXT() REPRESENTATION_CONTEXT('2D SPACE',''
  ) );
#6200 = ORIENTED_EDGE('',*,*,#6201,.T.);
#6201 = EDGE_CURVE('',#6173,#6202,#6204,.T.);
#6202 = VERTEX_POINT('',#6203);
#6203 = CARTESIAN_POINT('',(-18.31631871825,4.209674243362,8.));
#6204 = SURFACE_CURVE('',#6205,(#6210,#6218),.PCURVE_S1.);
#6205 = B_SPLINE_CURVE_WITH_KNOTS('',3,(#6206,#6207,#6208,#6209),
  .UNSPECIFIED.,.F.,.F.,(4,4),(0.,1.),.PIECEWISE_BEZIER_KNOTS.);
#6206 = CARTESIAN_POINT('',(-18.49963565995,3.312456652197,8.));
#6207 = CARTESIAN_POINT('',(-18.38911501285,3.598539447981,8.));
#6208 = CARTESIAN_POINT('',(-18.32687440169,3.903166891043,8.));
#6209 = CARTESIAN_POINT('',(-18.31631871825,4.209674243362,8.));
#6210 = PCURVE('',#128,#6211);
#6211 = DEFINITIONAL_REPRESENTATION('',(#6212),#6217);
#6212 = B_SPLINE_CURVE_WITH_KNOTS('',3,(#6213,#6214,#6215,#6216),
  .UNSPECIFIED.,.F.,.F.,(4,4),(0.,1.),.PIECEWISE_BEZIER_KNOTS.);
#6213 = CARTESIAN_POINT('',(18.499635659956,3.312456652197));
#6214 = CARTESIAN_POINT('',(18.389115012859,3.598539447981));
#6215 = CARTESIAN_POINT('',(18.326874401695,3.903166891043));
#6216 = CARTESIAN_POINT('',(18.316318718252,4.209674243362));
#6217 = ( GEOMETRIC_REPRESENTATION_CONTEXT(2) 
PARAMETRIC_REPRESENTATION_CONTEXT() REPRESENTATION_CONTEXT('2D SPACE',''
  ) );
#6218 = PCURVE('',#2218,#6219);
#6219 = DEFINITIONAL_REPRESENTATION('',(#6220),#6224);
#6220 = LINE('',#6221,#6222);
#6221 = CARTESIAN_POINT('',(1.,0.));
#6222 = VECTOR('',#6223,1.);
#6223 = DIRECTION('',(0.,1.));
#6224 = ( GEOMETRIC_REPRESENTATION_CONTEXT(2) 
PARAMETRIC_REPRESENTATION_CONTEXT() REPRESENTATION_CONTEXT('2D SPACE',''
  ) );
#6225 = ORIENTED_EDGE('',*,*,#6226,.T.);
#6226 = EDGE_CURVE('',#6202,#6227,#6229,.T.);
#6227 = VERTEX_POINT('',#6228);
#6228 = CARTESIAN_POINT('',(-19.86733050835,5.094043430488,8.));
#6229 = SURFACE_CURVE('',#6230,(#6235,#6243),.PCURVE_S1.);
#6230 = B_SPLINE_CURVE_WITH_KNOTS('',3,(#6231,#6232,#6233,#6234),
  .UNSPECIFIED.,.F.,.F.,(4,4),(0.,1.),.PIECEWISE_BEZIER_KNOTS.);
#6231 = CARTESIAN_POINT('',(-18.31631871825,4.209674243362,8.));
#6232 = CARTESIAN_POINT('',(-19.05902377586,4.451348931693,8.));
#6233 = CARTESIAN_POINT('',(-19.69850093739,4.93402572641,8.));
#6234 = CARTESIAN_POINT('',(-20.28350410627,5.438700319989,8.));
#6235 = PCURVE('',#128,#6236);
#6236 = DEFINITIONAL_REPRESENTATION('',(#6237),#6242);
#6237 = B_SPLINE_CURVE_WITH_KNOTS('',3,(#6238,#6239,#6240,#6241),
  .UNSPECIFIED.,.F.,.F.,(4,4),(0.,1.),.PIECEWISE_BEZIER_KNOTS.);
#6238 = CARTESIAN_POINT('',(18.316318718252,4.209674243362));
#6239 = CARTESIAN_POINT('',(19.059023775861,4.451348931693));
#6240 = CARTESIAN_POINT('',(19.698500937397,4.93402572641));
#6241 = CARTESIAN_POINT('',(20.283504106277,5.438700319989));
#6242 = ( GEOMETRIC_REPRESENTATION_CONTEXT(2) 
PARAMETRIC_REPRESENTATION_CONTEXT() REPRESENTATION_CONTEXT('2D SPACE',''
  ) );
#6243 = PCURVE('',#2176,#6244);
#6244 = DEFINITIONAL_REPRESENTATION('',(#6245),#6249);
#6245 = LINE('',#6246,#6247);
#6246 = CARTESIAN_POINT('',(1.,0.));
#6247 = VECTOR('',#6248,1.);
#6248 = DIRECTION('',(0.,1.));
#6249 = ( GEOMETRIC_REPRESENTATION_CONTEXT(2) 
PARAMETRIC_REPRESENTATION_CONTEXT() REPRESENTATION_CONTEXT('2D SPACE',''
  ) );
#6250 = ORIENTED_EDGE('',*,*,#6251,.F.);
#6251 = EDGE_CURVE('',#6252,#6227,#6254,.T.);
#6252 = VERTEX_POINT('',#6253);
#6253 = CARTESIAN_POINT('',(-19.53754702595,6.240541339391,8.));
#6254 = SURFACE_CURVE('',#6255,(#6260,#6271),.PCURVE_S1.);
#6255 = CIRCLE('',#6256,20.51);
#6256 = AXIS2_PLACEMENT_3D('',#6257,#6258,#6259);
#6257 = CARTESIAN_POINT('',(0.,0.,8.));
#6258 = DIRECTION('',(0.,0.,1.));
#6259 = DIRECTION('',(1.,0.,-0.));
#6260 = PCURVE('',#128,#6261);
#6261 = DEFINITIONAL_REPRESENTATION('',(#6262),#6270);
#6262 = ( BOUNDED_CURVE() B_SPLINE_CURVE(2,(#6263,#6264,#6265,#6266,
#6267,#6268,#6269),.UNSPECIFIED.,.T.,.F.) B_SPLINE_CURVE_WITH_KNOTS((1,2
    ,2,2,2,1),(-2.094395102393,0.,2.094395102393,4.188790204786,
6.28318530718,8.377580409573),.UNSPECIFIED.) CURVE() 
GEOMETRIC_REPRESENTATION_ITEM() RATIONAL_B_SPLINE_CURVE((1.,0.5,1.,0.5,
1.,0.5,1.)) REPRESENTATION_ITEM('') );
#6263 = CARTESIAN_POINT('',(-20.51,7.906697016093E-16));
#6264 = CARTESIAN_POINT('',(-20.51,35.524362063238));
#6265 = CARTESIAN_POINT('',(10.255,17.762181031619));
#6266 = CARTESIAN_POINT('',(41.02,5.814170871712E-15));
#6267 = CARTESIAN_POINT('',(10.255,-17.76218103161));
#6268 = CARTESIAN_POINT('',(-20.51,-35.52436206323));
#6269 = CARTESIAN_POINT('',(-20.51,7.906697016093E-16));
#6270 = ( GEOMETRIC_REPRESENTATION_CONTEXT(2) 
PARAMETRIC_REPRESENTATION_CONTEXT() REPRESENTATION_CONTEXT('2D SPACE',''
  ) );
#6271 = PCURVE('',#6272,#6277);
#6272 = CONICAL_SURFACE('',#6273,21.01,0.785398163397);
#6273 = AXIS2_PLACEMENT_3D('',#6274,#6275,#6276);
#6274 = CARTESIAN_POINT('',(0.,0.,7.5));
#6275 = DIRECTION('',(-0.,-0.,-1.));
#6276 = DIRECTION('',(1.,0.,-0.));
#6277 = DEFINITIONAL_REPRESENTATION('',(#6278),#6282);
#6278 = LINE('',#6279,#6280);
#6279 = CARTESIAN_POINT('',(-0.,-0.5));
#6280 = VECTOR('',#6281,1.);
#6281 = DIRECTION('',(-1.,-0.));
#6282 = ( GEOMETRIC_REPRESENTATION_CONTEXT(2) 
PARAMETRIC_REPRESENTATION_CONTEXT() REPRESENTATION_CONTEXT('2D SPACE',''
  ) );
#6283 = ORIENTED_EDGE('',*,*,#6284,.T.);
#6284 = EDGE_CURVE('',#6252,#6285,#6287,.T.);
#6285 = VERTEX_POINT('',#6286);
#6286 = CARTESIAN_POINT('',(-17.75369206224,6.165655422007,8.));
#6287 = SURFACE_CURVE('',#6288,(#6293,#6301),.PCURVE_S1.);
#6288 = B_SPLINE_CURVE_WITH_KNOTS('',3,(#6289,#6290,#6291,#6292),
  .UNSPECIFIED.,.F.,.F.,(4,4),(0.,1.),.PIECEWISE_BEZIER_KNOTS.);
#6289 = CARTESIAN_POINT('',(-20.0732409885,6.169683639965,8.));
#6290 = CARTESIAN_POINT('',(-19.30949849626,6.286399356735,8.));
#6291 = CARTESIAN_POINT('',(-18.5112954616,6.355535770782,8.));
#6292 = CARTESIAN_POINT('',(-17.75369206224,6.165655422007,8.));
#6293 = PCURVE('',#128,#6294);
#6294 = DEFINITIONAL_REPRESENTATION('',(#6295),#6300);
#6295 = B_SPLINE_CURVE_WITH_KNOTS('',3,(#6296,#6297,#6298,#6299),
  .UNSPECIFIED.,.F.,.F.,(4,4),(0.,1.),.PIECEWISE_BEZIER_KNOTS.);
#6296 = CARTESIAN_POINT('',(20.073240988509,6.169683639965));
#6297 = CARTESIAN_POINT('',(19.309498496262,6.286399356735));
#6298 = CARTESIAN_POINT('',(18.511295461604,6.355535770782));
#6299 = CARTESIAN_POINT('',(17.753692062241,6.165655422007));
#6300 = ( GEOMETRIC_REPRESENTATION_CONTEXT(2) 
PARAMETRIC_REPRESENTATION_CONTEXT() REPRESENTATION_CONTEXT('2D SPACE',''
  ) );
#6301 = PCURVE('',#2105,#6302);
#6302 = DEFINITIONAL_REPRESENTATION('',(#6303),#6307);
#6303 = LINE('',#6304,#6305);
#6304 = CARTESIAN_POINT('',(1.,0.));
#6305 = VECTOR('',#6306,1.);
#6306 = DIRECTION('',(0.,1.));
#6307 = ( GEOMETRIC_REPRESENTATION_CONTEXT(2) 
PARAMETRIC_REPRESENTATION_CONTEXT() REPRESENTATION_CONTEXT('2D SPACE',''
  ) );
#6308 = ORIENTED_EDGE('',*,*,#6309,.T.);
#6309 = EDGE_CURVE('',#6285,#6310,#6312,.T.);
#6310 = VERTEX_POINT('',#6311);
#6311 = CARTESIAN_POINT('',(-17.43227630238,7.023149688068,8.));
#6312 = SURFACE_CURVE('',#6313,(#6318,#6326),.PCURVE_S1.);
#6313 = B_SPLINE_CURVE_WITH_KNOTS('',3,(#6314,#6315,#6316,#6317),
  .UNSPECIFIED.,.F.,.F.,(4,4),(0.,1.),.PIECEWISE_BEZIER_KNOTS.);
#6314 = CARTESIAN_POINT('',(-17.75369206224,6.165655422007,8.));
#6315 = CARTESIAN_POINT('',(-17.59977889859,6.430926825543,8.));
#6316 = CARTESIAN_POINT('',(-17.49065034154,6.722067222569,8.));
#6317 = CARTESIAN_POINT('',(-17.43227630238,7.023149688068,8.));
#6318 = PCURVE('',#128,#6319);
#6319 = DEFINITIONAL_REPRESENTATION('',(#6320),#6325);
#6320 = B_SPLINE_CURVE_WITH_KNOTS('',3,(#6321,#6322,#6323,#6324),
  .UNSPECIFIED.,.F.,.F.,(4,4),(0.,1.),.PIECEWISE_BEZIER_KNOTS.);
#6321 = CARTESIAN_POINT('',(17.753692062241,6.165655422007));
#6322 = CARTESIAN_POINT('',(17.599778898593,6.430926825543));
#6323 = CARTESIAN_POINT('',(17.490650341542,6.722067222569));
#6324 = CARTESIAN_POINT('',(17.432276302388,7.023149688068));
#6325 = ( GEOMETRIC_REPRESENTATION_CONTEXT(2) 
PARAMETRIC_REPRESENTATION_CONTEXT() REPRESENTATION_CONTEXT('2D SPACE',''
  ) );
#6326 = PCURVE('',#2063,#6327);
#6327 = DEFINITIONAL_REPRESENTATION('',(#6328),#6332);
#6328 = LINE('',#6329,#6330);
#6329 = CARTESIAN_POINT('',(1.,0.));
#6330 = VECTOR('',#6331,1.);
#6331 = DIRECTION('',(0.,1.));
#6332 = ( GEOMETRIC_REPRESENTATION_CONTEXT(2) 
PARAMETRIC_REPRESENTATION_CONTEXT() REPRESENTATION_CONTEXT('2D SPACE',''
  ) );
#6333 = ORIENTED_EDGE('',*,*,#6334,.T.);
#6334 = EDGE_CURVE('',#6310,#6335,#6337,.T.);
#6335 = VERTEX_POINT('',#6336);
#6336 = CARTESIAN_POINT('',(-18.82584674291,8.13926252263,8.));
#6337 = SURFACE_CURVE('',#6338,(#6343,#6351),.PCURVE_S1.);
#6338 = B_SPLINE_CURVE_WITH_KNOTS('',3,(#6339,#6340,#6341,#6342),
  .UNSPECIFIED.,.F.,.F.,(4,4),(0.,1.),.PIECEWISE_BEZIER_KNOTS.);
#6339 = CARTESIAN_POINT('',(-17.43227630238,7.023149688068,8.));
#6340 = CARTESIAN_POINT('',(-18.1280311777,7.37803362832,8.));
#6341 = CARTESIAN_POINT('',(-18.68412802806,7.954804138407,8.));
#6342 = CARTESIAN_POINT('',(-19.18298033711,8.544780008051,8.));
#6343 = PCURVE('',#128,#6344);
#6344 = DEFINITIONAL_REPRESENTATION('',(#6345),#6350);
#6345 = B_SPLINE_CURVE_WITH_KNOTS('',3,(#6346,#6347,#6348,#6349),
  .UNSPECIFIED.,.F.,.F.,(4,4),(0.,1.),.PIECEWISE_BEZIER_KNOTS.);
#6346 = CARTESIAN_POINT('',(17.432276302388,7.023149688068));
#6347 = CARTESIAN_POINT('',(18.128031177706,7.37803362832));
#6348 = CARTESIAN_POINT('',(18.684128028064,7.954804138407));
#6349 = CARTESIAN_POINT('',(19.182980337112,8.544780008051));
#6350 = ( GEOMETRIC_REPRESENTATION_CONTEXT(2) 
PARAMETRIC_REPRESENTATION_CONTEXT() REPRESENTATION_CONTEXT('2D SPACE',''
  ) );
#6351 = PCURVE('',#2021,#6352);
#6352 = DEFINITIONAL_REPRESENTATION('',(#6353),#6357);
#6353 = LINE('',#6354,#6355);
#6354 = CARTESIAN_POINT('',(1.,0.));
#6355 = VECTOR('',#6356,1.);
#6356 = DIRECTION('',(0.,1.));
#6357 = ( GEOMETRIC_REPRESENTATION_CONTEXT(2) 
PARAMETRIC_REPRESENTATION_CONTEXT() REPRESENTATION_CONTEXT('2D SPACE',''
  ) );
#6358 = ORIENTED_EDGE('',*,*,#6359,.F.);
#6359 = EDGE_CURVE('',#6360,#6335,#6362,.T.);
#6360 = VERTEX_POINT('',#6361);
#6361 = CARTESIAN_POINT('',(-18.32077165537,9.220055637122,8.));
#6362 = SURFACE_CURVE('',#6363,(#6368,#6379),.PCURVE_S1.);
#6363 = CIRCLE('',#6364,20.51);
#6364 = AXIS2_PLACEMENT_3D('',#6365,#6366,#6367);
#6365 = CARTESIAN_POINT('',(0.,0.,8.));
#6366 = DIRECTION('',(0.,0.,1.));
#6367 = DIRECTION('',(1.,0.,-0.));
#6368 = PCURVE('',#128,#6369);
#6369 = DEFINITIONAL_REPRESENTATION('',(#6370),#6378);
#6370 = ( BOUNDED_CURVE() B_SPLINE_CURVE(2,(#6371,#6372,#6373,#6374,
#6375,#6376,#6377),.UNSPECIFIED.,.T.,.F.) B_SPLINE_CURVE_WITH_KNOTS((1,2
    ,2,2,2,1),(-2.094395102393,0.,2.094395102393,4.188790204786,
6.28318530718,8.377580409573),.UNSPECIFIED.) CURVE() 
GEOMETRIC_REPRESENTATION_ITEM() RATIONAL_B_SPLINE_CURVE((1.,0.5,1.,0.5,
1.,0.5,1.)) REPRESENTATION_ITEM('') );
#6371 = CARTESIAN_POINT('',(-20.51,7.906697016093E-16));
#6372 = CARTESIAN_POINT('',(-20.51,35.524362063238));
#6373 = CARTESIAN_POINT('',(10.255,17.762181031619));
#6374 = CARTESIAN_POINT('',(41.02,5.814170871712E-15));
#6375 = CARTESIAN_POINT('',(10.255,-17.76218103161));
#6376 = CARTESIAN_POINT('',(-20.51,-35.52436206323));
#6377 = CARTESIAN_POINT('',(-20.51,7.906697016093E-16));
#6378 = ( GEOMETRIC_REPRESENTATION_CONTEXT(2) 
PARAMETRIC_REPRESENTATION_CONTEXT() REPRESENTATION_CONTEXT('2D SPACE',''
  ) );
#6379 = PCURVE('',#6380,#6385);
#6380 = CONICAL_SURFACE('',#6381,21.01,0.785398163397);
#6381 = AXIS2_PLACEMENT_3D('',#6382,#6383,#6384);
#6382 = CARTESIAN_POINT('',(0.,0.,7.5));
#6383 = DIRECTION('',(-0.,-0.,-1.));
#6384 = DIRECTION('',(1.,0.,-0.));
#6385 = DEFINITIONAL_REPRESENTATION('',(#6386),#6390);
#6386 = LINE('',#6387,#6388);
#6387 = CARTESIAN_POINT('',(-0.,-0.5));
#6388 = VECTOR('',#6389,1.);
#6389 = DIRECTION('',(-1.,-0.));
#6390 = ( GEOMETRIC_REPRESENTATION_CONTEXT(2) 
PARAMETRIC_REPRESENTATION_CONTEXT() REPRESENTATION_CONTEXT('2D SPACE',''
  ) );
#6391 = ORIENTED_EDGE('',*,*,#6392,.T.);
#6392 = EDGE_CURVE('',#6360,#6393,#6395,.T.);
#6393 = VERTEX_POINT('',#6394);
#6394 = CARTESIAN_POINT('',(-16.57059364482,8.867035292689,8.));
#6395 = SURFACE_CURVE('',#6396,(#6401,#6409),.PCURVE_S1.);
#6396 = B_SPLINE_CURVE_WITH_KNOTS('',3,(#6397,#6398,#6399,#6400),
  .UNSPECIFIED.,.F.,.F.,(4,4),(0.,1.),.PIECEWISE_BEZIER_KNOTS.);
#6397 = CARTESIAN_POINT('',(-18.86095492262,9.233871312015,8.));
#6398 = CARTESIAN_POINT('',(-18.08835700709,9.22967441643,8.));
#6399 = CARTESIAN_POINT('',(-17.28916585839,9.173093181775,8.));
#6400 = CARTESIAN_POINT('',(-16.57059364482,8.867035292689,8.));
#6401 = PCURVE('',#128,#6402);
#6402 = DEFINITIONAL_REPRESENTATION('',(#6403),#6408);
#6403 = B_SPLINE_CURVE_WITH_KNOTS('',3,(#6404,#6405,#6406,#6407),
  .UNSPECIFIED.,.F.,.F.,(4,4),(0.,1.),.PIECEWISE_BEZIER_KNOTS.);
#6404 = CARTESIAN_POINT('',(18.860954922621,9.233871312015));
#6405 = CARTESIAN_POINT('',(18.088357007098,9.22967441643));
#6406 = CARTESIAN_POINT('',(17.289165858392,9.173093181775));
#6407 = CARTESIAN_POINT('',(16.570593644828,8.867035292689));
#6408 = ( GEOMETRIC_REPRESENTATION_CONTEXT(2) 
PARAMETRIC_REPRESENTATION_CONTEXT() REPRESENTATION_CONTEXT('2D SPACE',''
  ) );
#6409 = PCURVE('',#1950,#6410);
#6410 = DEFINITIONAL_REPRESENTATION('',(#6411),#6415);
#6411 = LINE('',#6412,#6413);
#6412 = CARTESIAN_POINT('',(1.,0.));
#6413 = VECTOR('',#6414,1.);
#6414 = DIRECTION('',(0.,1.));
#6415 = ( GEOMETRIC_REPRESENTATION_CONTEXT(2) 
PARAMETRIC_REPRESENTATION_CONTEXT() REPRESENTATION_CONTEXT('2D SPACE',''
  ) );
#6416 = ORIENTED_EDGE('',*,*,#6417,.T.);
#6417 = EDGE_CURVE('',#6393,#6418,#6420,.T.);
#6418 = VERTEX_POINT('',#6419);
#6419 = CARTESIAN_POINT('',(-16.11899338955,9.663691878957,8.));
#6420 = SURFACE_CURVE('',#6421,(#6426,#6434),.PCURVE_S1.);
#6421 = B_SPLINE_CURVE_WITH_KNOTS('',3,(#6422,#6423,#6424,#6425),
  .UNSPECIFIED.,.F.,.F.,(4,4),(0.,1.),.PIECEWISE_BEZIER_KNOTS.);
#6422 = CARTESIAN_POINT('',(-16.57059364482,8.867035292689,8.));
#6423 = CARTESIAN_POINT('',(-16.37707781752,9.104963441637,8.));
#6424 = CARTESIAN_POINT('',(-16.22374842184,9.375447949813,8.));
#6425 = CARTESIAN_POINT('',(-16.11899338955,9.663691878957,8.));
#6426 = PCURVE('',#128,#6427);
#6427 = DEFINITIONAL_REPRESENTATION('',(#6428),#6433);
#6428 = B_SPLINE_CURVE_WITH_KNOTS('',3,(#6429,#6430,#6431,#6432),
  .UNSPECIFIED.,.F.,.F.,(4,4),(0.,1.),.PIECEWISE_BEZIER_KNOTS.);
#6429 = CARTESIAN_POINT('',(16.570593644828,8.867035292689));
#6430 = CARTESIAN_POINT('',(16.377077817526,9.104963441637));
#6431 = CARTESIAN_POINT('',(16.223748421841,9.375447949813));
#6432 = CARTESIAN_POINT('',(16.118993389551,9.663691878957));
#6433 = ( GEOMETRIC_REPRESENTATION_CONTEXT(2) 
PARAMETRIC_REPRESENTATION_CONTEXT() REPRESENTATION_CONTEXT('2D SPACE',''
  ) );
#6434 = PCURVE('',#1908,#6435);
#6435 = DEFINITIONAL_REPRESENTATION('',(#6436),#6440);
#6436 = LINE('',#6437,#6438);
#6437 = CARTESIAN_POINT('',(1.,0.));
#6438 = VECTOR('',#6439,1.);
#6439 = DIRECTION('',(0.,1.));
#6440 = ( GEOMETRIC_REPRESENTATION_CONTEXT(2) 
PARAMETRIC_REPRESENTATION_CONTEXT() REPRESENTATION_CONTEXT('2D SPACE',''
  ) );
#6441 = ORIENTED_EDGE('',*,*,#6442,.T.);
#6442 = EDGE_CURVE('',#6418,#6443,#6445,.T.);
#6443 = VERTEX_POINT('',#6444);
#6444 = CARTESIAN_POINT('',(-17.32080815125,10.984065958802,8.));
#6445 = SURFACE_CURVE('',#6446,(#6451,#6459),.PCURVE_S1.);
#6446 = B_SPLINE_CURVE_WITH_KNOTS('',3,(#6447,#6448,#6449,#6450),
  .UNSPECIFIED.,.F.,.F.,(4,4),(0.,1.),.PIECEWISE_BEZIER_KNOTS.);
#6447 = CARTESIAN_POINT('',(-16.11899338955,9.663691878957,8.));
#6448 = CARTESIAN_POINT('',(-16.75066628847,10.123046650727,8.));
#6449 = CARTESIAN_POINT('',(-17.20968987761,10.779708872036,8.));
#6450 = CARTESIAN_POINT('',(-17.61010792738,11.440458853816,8.));
#6451 = PCURVE('',#128,#6452);
#6452 = DEFINITIONAL_REPRESENTATION('',(#6453),#6458);
#6453 = B_SPLINE_CURVE_WITH_KNOTS('',3,(#6454,#6455,#6456,#6457),
  .UNSPECIFIED.,.F.,.F.,(4,4),(0.,1.),.PIECEWISE_BEZIER_KNOTS.);
#6454 = CARTESIAN_POINT('',(16.118993389551,9.663691878957));
#6455 = CARTESIAN_POINT('',(16.750666288471,10.123046650727));
#6456 = CARTESIAN_POINT('',(17.209689877614,10.779708872036));
#6457 = CARTESIAN_POINT('',(17.610107927385,11.440458853816));
#6458 = ( GEOMETRIC_REPRESENTATION_CONTEXT(2) 
PARAMETRIC_REPRESENTATION_CONTEXT() REPRESENTATION_CONTEXT('2D SPACE',''
  ) );
#6459 = PCURVE('',#1866,#6460);
#6460 = DEFINITIONAL_REPRESENTATION('',(#6461),#6465);
#6461 = LINE('',#6462,#6463);
#6462 = CARTESIAN_POINT('',(1.,0.));
#6463 = VECTOR('',#6464,1.);
#6464 = DIRECTION('',(0.,1.));
#6465 = ( GEOMETRIC_REPRESENTATION_CONTEXT(2) 
PARAMETRIC_REPRESENTATION_CONTEXT() REPRESENTATION_CONTEXT('2D SPACE',''
  ) );
#6466 = ORIENTED_EDGE('',*,*,#6467,.F.);
#6467 = EDGE_CURVE('',#6468,#6443,#6470,.T.);
#6468 = VERTEX_POINT('',#6469);
#6469 = CARTESIAN_POINT('',(-16.65287808348,11.972541565457,8.));
#6470 = SURFACE_CURVE('',#6471,(#6476,#6487),.PCURVE_S1.);
#6471 = CIRCLE('',#6472,20.51);
#6472 = AXIS2_PLACEMENT_3D('',#6473,#6474,#6475);
#6473 = CARTESIAN_POINT('',(0.,0.,8.));
#6474 = DIRECTION('',(0.,0.,1.));
#6475 = DIRECTION('',(1.,0.,-0.));
#6476 = PCURVE('',#128,#6477);
#6477 = DEFINITIONAL_REPRESENTATION('',(#6478),#6486);
#6478 = ( BOUNDED_CURVE() B_SPLINE_CURVE(2,(#6479,#6480,#6481,#6482,
#6483,#6484,#6485),.UNSPECIFIED.,.T.,.F.) B_SPLINE_CURVE_WITH_KNOTS((1,2
    ,2,2,2,1),(-2.094395102393,0.,2.094395102393,4.188790204786,
6.28318530718,8.377580409573),.UNSPECIFIED.) CURVE() 
GEOMETRIC_REPRESENTATION_ITEM() RATIONAL_B_SPLINE_CURVE((1.,0.5,1.,0.5,
1.,0.5,1.)) REPRESENTATION_ITEM('') );
#6479 = CARTESIAN_POINT('',(-20.51,7.906697016093E-16));
#6480 = CARTESIAN_POINT('',(-20.51,35.524362063238));
#6481 = CARTESIAN_POINT('',(10.255,17.762181031619));
#6482 = CARTESIAN_POINT('',(41.02,5.814170871712E-15));
#6483 = CARTESIAN_POINT('',(10.255,-17.76218103161));
#6484 = CARTESIAN_POINT('',(-20.51,-35.52436206323));
#6485 = CARTESIAN_POINT('',(-20.51,7.906697016093E-16));
#6486 = ( GEOMETRIC_REPRESENTATION_CONTEXT(2) 
PARAMETRIC_REPRESENTATION_CONTEXT() REPRESENTATION_CONTEXT('2D SPACE',''
  ) );
#6487 = PCURVE('',#6488,#6493);
#6488 = CONICAL_SURFACE('',#6489,21.01,0.785398163397);
#6489 = AXIS2_PLACEMENT_3D('',#6490,#6491,#6492);
#6490 = CARTESIAN_POINT('',(0.,0.,7.5));
#6491 = DIRECTION('',(-0.,-0.,-1.));
#6492 = DIRECTION('',(1.,0.,-0.));
#6493 = DEFINITIONAL_REPRESENTATION('',(#6494),#6498);
#6494 = LINE('',#6495,#6496);
#6495 = CARTESIAN_POINT('',(-0.,-0.5));
#6496 = VECTOR('',#6497,1.);
#6497 = DIRECTION('',(-1.,-0.));
#6498 = ( GEOMETRIC_REPRESENTATION_CONTEXT(2) 
PARAMETRIC_REPRESENTATION_CONTEXT() REPRESENTATION_CONTEXT('2D SPACE',''
  ) );
#6499 = ORIENTED_EDGE('',*,*,#6500,.T.);
#6500 = EDGE_CURVE('',#6468,#6501,#6503,.T.);
#6501 = VERTEX_POINT('',#6502);
#6502 = CARTESIAN_POINT('',(-14.97947221723,11.350079326462,8.));
#6503 = SURFACE_CURVE('',#6504,(#6509,#6517),.PCURVE_S1.);
#6504 = B_SPLINE_CURVE_WITH_KNOTS('',3,(#6505,#6506,#6507,#6508),
  .UNSPECIFIED.,.F.,.F.,(4,4),(0.,1.),.PIECEWISE_BEZIER_KNOTS.);
#6505 = CARTESIAN_POINT('',(-17.18424955061,12.070690426901,8.));
#6506 = CARTESIAN_POINT('',(-16.4218201366,11.945684260459,8.));
#6507 = CARTESIAN_POINT('',(-15.64131961229,11.764778594881,8.));
#6508 = CARTESIAN_POINT('',(-14.97947221723,11.350079326462,8.));
#6509 = PCURVE('',#128,#6510);
#6510 = DEFINITIONAL_REPRESENTATION('',(#6511),#6516);
#6511 = B_SPLINE_CURVE_WITH_KNOTS('',3,(#6512,#6513,#6514,#6515),
  .UNSPECIFIED.,.F.,.F.,(4,4),(0.,1.),.PIECEWISE_BEZIER_KNOTS.);
#6512 = CARTESIAN_POINT('',(17.184249550618,12.070690426901));
#6513 = CARTESIAN_POINT('',(16.421820136603,11.945684260459));
#6514 = CARTESIAN_POINT('',(15.641319612294,11.764778594881));
#6515 = CARTESIAN_POINT('',(14.979472217232,11.350079326462));
#6516 = ( GEOMETRIC_REPRESENTATION_CONTEXT(2) 
PARAMETRIC_REPRESENTATION_CONTEXT() REPRESENTATION_CONTEXT('2D SPACE',''
  ) );
#6517 = PCURVE('',#1795,#6518);
#6518 = DEFINITIONAL_REPRESENTATION('',(#6519),#6523);
#6519 = LINE('',#6520,#6521);
#6520 = CARTESIAN_POINT('',(1.,0.));
#6521 = VECTOR('',#6522,1.);
#6522 = DIRECTION('',(0.,1.));
#6523 = ( GEOMETRIC_REPRESENTATION_CONTEXT(2) 
PARAMETRIC_REPRESENTATION_CONTEXT() REPRESENTATION_CONTEXT('2D SPACE',''
  ) );
#6524 = ORIENTED_EDGE('',*,*,#6525,.T.);
#6525 = EDGE_CURVE('',#6501,#6526,#6528,.T.);
#6526 = VERTEX_POINT('',#6527);
#6527 = CARTESIAN_POINT('',(-14.40880736359,12.066281903831,8.));
#6528 = SURFACE_CURVE('',#6529,(#6534,#6542),.PCURVE_S1.);
#6529 = B_SPLINE_CURVE_WITH_KNOTS('',3,(#6530,#6531,#6532,#6533),
  .UNSPECIFIED.,.F.,.F.,(4,4),(0.,1.),.PIECEWISE_BEZIER_KNOTS.);
#6530 = CARTESIAN_POINT('',(-14.97947221723,11.350079326462,8.));
#6531 = CARTESIAN_POINT('',(-14.75111872818,11.554805640156,8.));
#6532 = CARTESIAN_POINT('',(-14.55736397245,11.797974033205,8.));
#6533 = CARTESIAN_POINT('',(-14.40880736359,12.066281903831,8.));
#6534 = PCURVE('',#128,#6535);
#6535 = DEFINITIONAL_REPRESENTATION('',(#6536),#6541);
#6536 = B_SPLINE_CURVE_WITH_KNOTS('',3,(#6537,#6538,#6539,#6540),
  .UNSPECIFIED.,.F.,.F.,(4,4),(0.,1.),.PIECEWISE_BEZIER_KNOTS.);
#6537 = CARTESIAN_POINT('',(14.979472217232,11.350079326462));
#6538 = CARTESIAN_POINT('',(14.751118728186,11.554805640156));
#6539 = CARTESIAN_POINT('',(14.557363972459,11.797974033205));
#6540 = CARTESIAN_POINT('',(14.408807363591,12.066281903831));
#6541 = ( GEOMETRIC_REPRESENTATION_CONTEXT(2) 
PARAMETRIC_REPRESENTATION_CONTEXT() REPRESENTATION_CONTEXT('2D SPACE',''
  ) );
#6542 = PCURVE('',#1753,#6543);
#6543 = DEFINITIONAL_REPRESENTATION('',(#6544),#6548);
#6544 = LINE('',#6545,#6546);
#6545 = CARTESIAN_POINT('',(1.,0.));
#6546 = VECTOR('',#6547,1.);
#6547 = DIRECTION('',(0.,1.));
#6548 = ( GEOMETRIC_REPRESENTATION_CONTEXT(2) 
PARAMETRIC_REPRESENTATION_CONTEXT() REPRESENTATION_CONTEXT('2D SPACE',''
  ) );
#6549 = ORIENTED_EDGE('',*,*,#6550,.T.);
#6550 = EDGE_CURVE('',#6526,#6551,#6553,.T.);
#6551 = VERTEX_POINT('',#6552);
#6552 = CARTESIAN_POINT('',(-15.38927377845,13.558405237043,8.));
#6553 = SURFACE_CURVE('',#6554,(#6559,#6567),.PCURVE_S1.);
#6554 = B_SPLINE_CURVE_WITH_KNOTS('',3,(#6555,#6556,#6557,#6558),
  .UNSPECIFIED.,.F.,.F.,(4,4),(0.,1.),.PIECEWISE_BEZIER_KNOTS.);
#6555 = CARTESIAN_POINT('',(-14.40880736359,12.066281903831,8.));
#6556 = CARTESIAN_POINT('',(-14.96084440293,12.618796668128,8.));
#6557 = CARTESIAN_POINT('',(-15.31149204669,13.339181397433,8.));
#6558 = CARTESIAN_POINT('',(-15.60361621588,14.054435633893,8.));
#6559 = PCURVE('',#128,#6560);
#6560 = DEFINITIONAL_REPRESENTATION('',(#6561),#6566);
#6561 = B_SPLINE_CURVE_WITH_KNOTS('',3,(#6562,#6563,#6564,#6565),
  .UNSPECIFIED.,.F.,.F.,(4,4),(0.,1.),.PIECEWISE_BEZIER_KNOTS.);
#6562 = CARTESIAN_POINT('',(14.408807363591,12.066281903831));
#6563 = CARTESIAN_POINT('',(14.960844402939,12.618796668128));
#6564 = CARTESIAN_POINT('',(15.311492046691,13.339181397433));
#6565 = CARTESIAN_POINT('',(15.603616215889,14.054435633893));
#6566 = ( GEOMETRIC_REPRESENTATION_CONTEXT(2) 
PARAMETRIC_REPRESENTATION_CONTEXT() REPRESENTATION_CONTEXT('2D SPACE',''
  ) );
#6567 = PCURVE('',#1711,#6568);
#6568 = DEFINITIONAL_REPRESENTATION('',(#6569),#6573);
#6569 = LINE('',#6570,#6571);
#6570 = CARTESIAN_POINT('',(1.,0.));
#6571 = VECTOR('',#6572,1.);
#6572 = DIRECTION('',(0.,1.));
#6573 = ( GEOMETRIC_REPRESENTATION_CONTEXT(2) 
PARAMETRIC_REPRESENTATION_CONTEXT() REPRESENTATION_CONTEXT('2D SPACE',''
  ) );
#6574 = ORIENTED_EDGE('',*,*,#6575,.F.);
#6575 = EDGE_CURVE('',#6576,#6551,#6578,.T.);
#6576 = VERTEX_POINT('',#6577);
#6577 = CARTESIAN_POINT('',(-14.57493538544,14.430223785862,8.));
#6578 = SURFACE_CURVE('',#6579,(#6584,#6595),.PCURVE_S1.);
#6579 = CIRCLE('',#6580,20.51);
#6580 = AXIS2_PLACEMENT_3D('',#6581,#6582,#6583);
#6581 = CARTESIAN_POINT('',(0.,0.,8.));
#6582 = DIRECTION('',(0.,0.,1.));
#6583 = DIRECTION('',(1.,0.,-0.));
#6584 = PCURVE('',#128,#6585);
#6585 = DEFINITIONAL_REPRESENTATION('',(#6586),#6594);
#6586 = ( BOUNDED_CURVE() B_SPLINE_CURVE(2,(#6587,#6588,#6589,#6590,
#6591,#6592,#6593),.UNSPECIFIED.,.T.,.F.) B_SPLINE_CURVE_WITH_KNOTS((1,2
    ,2,2,2,1),(-2.094395102393,0.,2.094395102393,4.188790204786,
6.28318530718,8.377580409573),.UNSPECIFIED.) CURVE() 
GEOMETRIC_REPRESENTATION_ITEM() RATIONAL_B_SPLINE_CURVE((1.,0.5,1.,0.5,
1.,0.5,1.)) REPRESENTATION_ITEM('') );
#6587 = CARTESIAN_POINT('',(-20.51,7.906697016093E-16));
#6588 = CARTESIAN_POINT('',(-20.51,35.524362063238));
#6589 = CARTESIAN_POINT('',(10.255,17.762181031619));
#6590 = CARTESIAN_POINT('',(41.02,5.814170871712E-15));
#6591 = CARTESIAN_POINT('',(10.255,-17.76218103161));
#6592 = CARTESIAN_POINT('',(-20.51,-35.52436206323));
#6593 = CARTESIAN_POINT('',(-20.51,7.906697016093E-16));
#6594 = ( GEOMETRIC_REPRESENTATION_CONTEXT(2) 
PARAMETRIC_REPRESENTATION_CONTEXT() REPRESENTATION_CONTEXT('2D SPACE',''
  ) );
#6595 = PCURVE('',#6596,#6601);
#6596 = CONICAL_SURFACE('',#6597,21.01,0.785398163397);
#6597 = AXIS2_PLACEMENT_3D('',#6598,#6599,#6600);
#6598 = CARTESIAN_POINT('',(0.,0.,7.5));
#6599 = DIRECTION('',(-0.,-0.,-1.));
#6600 = DIRECTION('',(1.,0.,-0.));
#6601 = DEFINITIONAL_REPRESENTATION('',(#6602),#6606);
#6602 = LINE('',#6603,#6604);
#6603 = CARTESIAN_POINT('',(-0.,-0.5));
#6604 = VECTOR('',#6605,1.);
#6605 = DIRECTION('',(-1.,-0.));
#6606 = ( GEOMETRIC_REPRESENTATION_CONTEXT(2) 
PARAMETRIC_REPRESENTATION_CONTEXT() REPRESENTATION_CONTEXT('2D SPACE',''
  ) );
#6607 = ORIENTED_EDGE('',*,*,#6608,.T.);
#6608 = EDGE_CURVE('',#6576,#6609,#6611,.T.);
#6609 = VERTEX_POINT('',#6610);
#6610 = CARTESIAN_POINT('',(-13.01950646962,13.553646738464,8.));
#6611 = SURFACE_CURVE('',#6612,(#6617,#6625),.PCURVE_S1.);
#6612 = B_SPLINE_CURVE_WITH_KNOTS('',3,(#6613,#6614,#6615,#6616),
  .UNSPECIFIED.,.F.,.F.,(4,4),(0.,1.),.PIECEWISE_BEZIER_KNOTS.);
#6613 = CARTESIAN_POINT('',(-15.08441092342,14.610289083153,8.));
#6614 = CARTESIAN_POINT('',(-14.35092355344,14.367551712542,8.));
#6615 = CARTESIAN_POINT('',(-13.60833216677,14.06677611392,8.));
#6616 = CARTESIAN_POINT('',(-13.01950646962,13.553646738464,8.));
#6617 = PCURVE('',#128,#6618);
#6618 = DEFINITIONAL_REPRESENTATION('',(#6619),#6624);
#6619 = B_SPLINE_CURVE_WITH_KNOTS('',3,(#6620,#6621,#6622,#6623),
  .UNSPECIFIED.,.F.,.F.,(4,4),(0.,1.),.PIECEWISE_BEZIER_KNOTS.);
#6620 = CARTESIAN_POINT('',(15.084410923424,14.610289083153));
#6621 = CARTESIAN_POINT('',(14.350923553449,14.367551712542));
#6622 = CARTESIAN_POINT('',(13.608332166778,14.06677611392));
#6623 = CARTESIAN_POINT('',(13.019506469629,13.553646738464));
#6624 = ( GEOMETRIC_REPRESENTATION_CONTEXT(2) 
PARAMETRIC_REPRESENTATION_CONTEXT() REPRESENTATION_CONTEXT('2D SPACE',''
  ) );
#6625 = PCURVE('',#1640,#6626);
#6626 = DEFINITIONAL_REPRESENTATION('',(#6627),#6631);
#6627 = LINE('',#6628,#6629);
#6628 = CARTESIAN_POINT('',(1.,0.));
#6629 = VECTOR('',#6630,1.);
#6630 = DIRECTION('',(0.,1.));
#6631 = ( GEOMETRIC_REPRESENTATION_CONTEXT(2) 
PARAMETRIC_REPRESENTATION_CONTEXT() REPRESENTATION_CONTEXT('2D SPACE',''
  ) );
#6632 = ORIENTED_EDGE('',*,*,#6633,.T.);
#6633 = EDGE_CURVE('',#6609,#6634,#6636,.T.);
#6634 = VERTEX_POINT('',#6635);
#6635 = CARTESIAN_POINT('',(-12.34382868025,14.171760022539,8.));
#6636 = SURFACE_CURVE('',#6637,(#6642,#6650),.PCURVE_S1.);
#6637 = B_SPLINE_CURVE_WITH_KNOTS('',3,(#6638,#6639,#6640,#6641),
  .UNSPECIFIED.,.F.,.F.,(4,4),(0.,1.),.PIECEWISE_BEZIER_KNOTS.);
#6638 = CARTESIAN_POINT('',(-13.01950646962,13.553646738464,8.));
#6639 = CARTESIAN_POINT('',(-12.7619381396,13.720130175614,8.));
#6640 = CARTESIAN_POINT('',(-12.53252890895,13.929994840669,8.));
#6641 = CARTESIAN_POINT('',(-12.34382868025,14.171760022539,8.));
#6642 = PCURVE('',#128,#6643);
#6643 = DEFINITIONAL_REPRESENTATION('',(#6644),#6649);
#6644 = B_SPLINE_CURVE_WITH_KNOTS('',3,(#6645,#6646,#6647,#6648),
  .UNSPECIFIED.,.F.,.F.,(4,4),(0.,1.),.PIECEWISE_BEZIER_KNOTS.);
#6645 = CARTESIAN_POINT('',(13.019506469629,13.553646738464));
#6646 = CARTESIAN_POINT('',(12.761938139602,13.720130175614));
#6647 = CARTESIAN_POINT('',(12.532528908955,13.929994840669));
#6648 = CARTESIAN_POINT('',(12.34382868025,14.171760022539));
#6649 = ( GEOMETRIC_REPRESENTATION_CONTEXT(2) 
PARAMETRIC_REPRESENTATION_CONTEXT() REPRESENTATION_CONTEXT('2D SPACE',''
  ) );
#6650 = PCURVE('',#1598,#6651);
#6651 = DEFINITIONAL_REPRESENTATION('',(#6652),#6656);
#6652 = LINE('',#6653,#6654);
#6653 = CARTESIAN_POINT('',(1.,0.));
#6654 = VECTOR('',#6655,1.);
#6655 = DIRECTION('',(0.,1.));
#6656 = ( GEOMETRIC_REPRESENTATION_CONTEXT(2) 
PARAMETRIC_REPRESENTATION_CONTEXT() REPRESENTATION_CONTEXT('2D SPACE',''
  ) );
#6657 = ORIENTED_EDGE('',*,*,#6658,.T.);
#6658 = EDGE_CURVE('',#6634,#6659,#6661,.T.);
#6659 = VERTEX_POINT('',#6660);
#6660 = CARTESIAN_POINT('',(-13.07880441114,15.798891580581,8.));
#6661 = SURFACE_CURVE('',#6662,(#6667,#6675),.PCURVE_S1.);
#6662 = B_SPLINE_CURVE_WITH_KNOTS('',3,(#6663,#6664,#6665,#6666),
  .UNSPECIFIED.,.F.,.F.,(4,4),(0.,1.),.PIECEWISE_BEZIER_KNOTS.);
#6663 = CARTESIAN_POINT('',(-12.34382868025,14.171760022539,8.));
#6664 = CARTESIAN_POINT('',(-12.80263687601,14.803830032175,8.));
#6665 = CARTESIAN_POINT('',(-13.03627446565,15.57019900662,8.));
#6666 = CARTESIAN_POINT('',(-13.21291168772,16.322345564667,8.));
#6667 = PCURVE('',#128,#6668);
#6668 = DEFINITIONAL_REPRESENTATION('',(#6669),#6674);
#6669 = B_SPLINE_CURVE_WITH_KNOTS('',3,(#6670,#6671,#6672,#6673),
  .UNSPECIFIED.,.F.,.F.,(4,4),(0.,1.),.PIECEWISE_BEZIER_KNOTS.);
#6670 = CARTESIAN_POINT('',(12.34382868025,14.171760022539));
#6671 = CARTESIAN_POINT('',(12.802636876011,14.803830032175));
#6672 = CARTESIAN_POINT('',(13.03627446565,15.57019900662));
#6673 = CARTESIAN_POINT('',(13.212911687724,16.322345564667));
#6674 = ( GEOMETRIC_REPRESENTATION_CONTEXT(2) 
PARAMETRIC_REPRESENTATION_CONTEXT() REPRESENTATION_CONTEXT('2D SPACE',''
  ) );
#6675 = PCURVE('',#1556,#6676);
#6676 = DEFINITIONAL_REPRESENTATION('',(#6677),#6681);
#6677 = LINE('',#6678,#6679);
#6678 = CARTESIAN_POINT('',(1.,0.));
#6679 = VECTOR('',#6680,1.);
#6680 = DIRECTION('',(0.,1.));
#6681 = ( GEOMETRIC_REPRESENTATION_CONTEXT(2) 
PARAMETRIC_REPRESENTATION_CONTEXT() REPRESENTATION_CONTEXT('2D SPACE',''
  ) );
#6682 = ORIENTED_EDGE('',*,*,#6683,.F.);
#6683 = EDGE_CURVE('',#6684,#6659,#6686,.T.);
#6684 = VERTEX_POINT('',#6685);
#6685 = CARTESIAN_POINT('',(-12.13810940678,16.532586005493,8.));
#6686 = SURFACE_CURVE('',#6687,(#6692,#6703),.PCURVE_S1.);
#6687 = CIRCLE('',#6688,20.51);
#6688 = AXIS2_PLACEMENT_3D('',#6689,#6690,#6691);
#6689 = CARTESIAN_POINT('',(0.,0.,8.));
#6690 = DIRECTION('',(0.,0.,1.));
#6691 = DIRECTION('',(1.,0.,-0.));
#6692 = PCURVE('',#128,#6693);
#6693 = DEFINITIONAL_REPRESENTATION('',(#6694),#6702);
#6694 = ( BOUNDED_CURVE() B_SPLINE_CURVE(2,(#6695,#6696,#6697,#6698,
#6699,#6700,#6701),.UNSPECIFIED.,.T.,.F.) B_SPLINE_CURVE_WITH_KNOTS((1,2
    ,2,2,2,1),(-2.094395102393,0.,2.094395102393,4.188790204786,
6.28318530718,8.377580409573),.UNSPECIFIED.) CURVE() 
GEOMETRIC_REPRESENTATION_ITEM() RATIONAL_B_SPLINE_CURVE((1.,0.5,1.,0.5,
1.,0.5,1.)) REPRESENTATION_ITEM('') );
#6695 = CARTESIAN_POINT('',(-20.51,7.906697016093E-16));
#6696 = CARTESIAN_POINT('',(-20.51,35.524362063238));
#6697 = CARTESIAN_POINT('',(10.255,17.762181031619));
#6698 = CARTESIAN_POINT('',(41.02,5.814170871712E-15));
#6699 = CARTESIAN_POINT('',(10.255,-17.76218103161));
#6700 = CARTESIAN_POINT('',(-20.51,-35.52436206323));
#6701 = CARTESIAN_POINT('',(-20.51,7.906697016093E-16));
#6702 = ( GEOMETRIC_REPRESENTATION_CONTEXT(2) 
PARAMETRIC_REPRESENTATION_CONTEXT() REPRESENTATION_CONTEXT('2D SPACE',''
  ) );
#6703 = PCURVE('',#6704,#6709);
#6704 = CONICAL_SURFACE('',#6705,21.01,0.785398163397);
#6705 = AXIS2_PLACEMENT_3D('',#6706,#6707,#6708);
#6706 = CARTESIAN_POINT('',(0.,0.,7.5));
#6707 = DIRECTION('',(-0.,-0.,-1.));
#6708 = DIRECTION('',(1.,0.,-0.));
#6709 = DEFINITIONAL_REPRESENTATION('',(#6710),#6714);
#6710 = LINE('',#6711,#6712);
#6711 = CARTESIAN_POINT('',(-0.,-0.5));
#6712 = VECTOR('',#6713,1.);
#6713 = DIRECTION('',(-1.,-0.));
#6714 = ( GEOMETRIC_REPRESENTATION_CONTEXT(2) 
PARAMETRIC_REPRESENTATION_CONTEXT() REPRESENTATION_CONTEXT('2D SPACE',''
  ) );
#6715 = ORIENTED_EDGE('',*,*,#6716,.T.);
#6716 = EDGE_CURVE('',#6684,#6717,#6719,.T.);
#6717 = VERTEX_POINT('',#6718);
#6718 = CARTESIAN_POINT('',(-10.73895726348,15.423478385791,8.));
#6719 = SURFACE_CURVE('',#6720,(#6725,#6733),.PCURVE_S1.);
#6720 = B_SPLINE_CURVE_WITH_KNOTS('',3,(#6721,#6722,#6723,#6724),
  .UNSPECIFIED.,.F.,.F.,(4,4),(0.,1.),.PIECEWISE_BEZIER_KNOTS.);
#6721 = CARTESIAN_POINT('',(-12.613144037,16.790133933407,8.));
#6722 = CARTESIAN_POINT('',(-11.92665960442,16.435642358293,8.));
#6723 = CARTESIAN_POINT('',(-11.24026241985,16.022402920081,8.));
#6724 = CARTESIAN_POINT('',(-10.73895726348,15.423478385791,8.));
#6725 = PCURVE('',#128,#6726);
#6726 = DEFINITIONAL_REPRESENTATION('',(#6727),#6732);
#6727 = B_SPLINE_CURVE_WITH_KNOTS('',3,(#6728,#6729,#6730,#6731),
  .UNSPECIFIED.,.F.,.F.,(4,4),(0.,1.),.PIECEWISE_BEZIER_KNOTS.);
#6728 = CARTESIAN_POINT('',(12.613144037006,16.790133933407));
#6729 = CARTESIAN_POINT('',(11.926659604424,16.435642358293));
#6730 = CARTESIAN_POINT('',(11.240262419851,16.022402920081));
#6731 = CARTESIAN_POINT('',(10.73895726348,15.423478385791));
#6732 = ( GEOMETRIC_REPRESENTATION_CONTEXT(2) 
PARAMETRIC_REPRESENTATION_CONTEXT() REPRESENTATION_CONTEXT('2D SPACE',''
  ) );
#6733 = PCURVE('',#1485,#6734);
#6734 = DEFINITIONAL_REPRESENTATION('',(#6735),#6739);
#6735 = LINE('',#6736,#6737);
#6736 = CARTESIAN_POINT('',(1.,0.));
#6737 = VECTOR('',#6738,1.);
#6738 = DIRECTION('',(0.,1.));
#6739 = ( GEOMETRIC_REPRESENTATION_CONTEXT(2) 
PARAMETRIC_REPRESENTATION_CONTEXT() REPRESENTATION_CONTEXT('2D SPACE',''
  ) );
#6740 = ORIENTED_EDGE('',*,*,#6741,.T.);
#6741 = EDGE_CURVE('',#6717,#6742,#6744,.T.);
#6742 = VERTEX_POINT('',#6743);
#6743 = CARTESIAN_POINT('',(-9.974903967982,15.928282376117,8.));
#6744 = SURFACE_CURVE('',#6745,(#6750,#6758),.PCURVE_S1.);
#6745 = B_SPLINE_CURVE_WITH_KNOTS('',3,(#6746,#6747,#6748,#6749),
  .UNSPECIFIED.,.F.,.F.,(4,4),(0.,1.),.PIECEWISE_BEZIER_KNOTS.);
#6746 = CARTESIAN_POINT('',(-10.73895726348,15.423478385791,8.));
#6747 = CARTESIAN_POINT('',(-10.45851627957,15.547619571647,8.));
#6748 = CARTESIAN_POINT('',(-10.19910139063,15.719012944152,8.));
#6749 = CARTESIAN_POINT('',(-9.974903967982,15.928282376117,8.));
#6750 = PCURVE('',#128,#6751);
#6751 = DEFINITIONAL_REPRESENTATION('',(#6752),#6757);
#6752 = B_SPLINE_CURVE_WITH_KNOTS('',3,(#6753,#6754,#6755,#6756),
  .UNSPECIFIED.,.F.,.F.,(4,4),(0.,1.),.PIECEWISE_BEZIER_KNOTS.);
#6753 = CARTESIAN_POINT('',(10.73895726348,15.423478385791));
#6754 = CARTESIAN_POINT('',(10.458516279577,15.547619571647));
#6755 = CARTESIAN_POINT('',(10.199101390633,15.719012944152));
#6756 = CARTESIAN_POINT('',(9.974903967982,15.928282376117));
#6757 = ( GEOMETRIC_REPRESENTATION_CONTEXT(2) 
PARAMETRIC_REPRESENTATION_CONTEXT() REPRESENTATION_CONTEXT('2D SPACE',''
  ) );
#6758 = PCURVE('',#1443,#6759);
#6759 = DEFINITIONAL_REPRESENTATION('',(#6760),#6764);
#6760 = LINE('',#6761,#6762);
#6761 = CARTESIAN_POINT('',(1.,0.));
#6762 = VECTOR('',#6763,1.);
#6763 = DIRECTION('',(0.,1.));
#6764 = ( GEOMETRIC_REPRESENTATION_CONTEXT(2) 
PARAMETRIC_REPRESENTATION_CONTEXT() REPRESENTATION_CONTEXT('2D SPACE',''
  ) );
#6765 = ORIENTED_EDGE('',*,*,#6766,.T.);
#6766 = EDGE_CURVE('',#6742,#6767,#6769,.T.);
#6767 = VERTEX_POINT('',#6768);
#6768 = CARTESIAN_POINT('',(-10.44629147317,17.650356779891,8.));
#6769 = SURFACE_CURVE('',#6770,(#6775,#6783),.PCURVE_S1.);
#6770 = B_SPLINE_CURVE_WITH_KNOTS('',3,(#6771,#6772,#6773,#6774),
  .UNSPECIFIED.,.F.,.F.,(4,4),(0.,1.),.PIECEWISE_BEZIER_KNOTS.);
#6771 = CARTESIAN_POINT('',(-9.974903967982,15.928282376117,8.));
#6772 = CARTESIAN_POINT('',(-10.32918593967,16.624343969734,8.));
#6773 = CARTESIAN_POINT('',(-10.44006054235,17.417826641736,8.));
#6774 = CARTESIAN_POINT('',(-10.49686142266,18.188345176879,8.));
#6775 = PCURVE('',#128,#6776);
#6776 = DEFINITIONAL_REPRESENTATION('',(#6777),#6782);
#6777 = B_SPLINE_CURVE_WITH_KNOTS('',3,(#6778,#6779,#6780,#6781),
  .UNSPECIFIED.,.F.,.F.,(4,4),(0.,1.),.PIECEWISE_BEZIER_KNOTS.);
#6778 = CARTESIAN_POINT('',(9.974903967982,15.928282376117));
#6779 = CARTESIAN_POINT('',(10.329185939679,16.624343969734));
#6780 = CARTESIAN_POINT('',(10.44006054235,17.417826641736));
#6781 = CARTESIAN_POINT('',(10.496861422668,18.188345176879));
#6782 = ( GEOMETRIC_REPRESENTATION_CONTEXT(2) 
PARAMETRIC_REPRESENTATION_CONTEXT() REPRESENTATION_CONTEXT('2D SPACE',''
  ) );
#6783 = PCURVE('',#1401,#6784);
#6784 = DEFINITIONAL_REPRESENTATION('',(#6785),#6789);
#6785 = LINE('',#6786,#6787);
#6786 = CARTESIAN_POINT('',(1.,0.));
#6787 = VECTOR('',#6788,1.);
#6788 = DIRECTION('',(0.,1.));
#6789 = ( GEOMETRIC_REPRESENTATION_CONTEXT(2) 
PARAMETRIC_REPRESENTATION_CONTEXT() REPRESENTATION_CONTEXT('2D SPACE',''
  ) );
#6790 = ORIENTED_EDGE('',*,*,#6791,.F.);
#6791 = EDGE_CURVE('',#6792,#6767,#6794,.T.);
#6792 = VERTEX_POINT('',#6793);
#6793 = CARTESIAN_POINT('',(-9.402402890444,18.227861089161,8.));
#6794 = SURFACE_CURVE('',#6795,(#6800,#6811),.PCURVE_S1.);
#6795 = CIRCLE('',#6796,20.51);
#6796 = AXIS2_PLACEMENT_3D('',#6797,#6798,#6799);
#6797 = CARTESIAN_POINT('',(0.,0.,8.));
#6798 = DIRECTION('',(0.,0.,1.));
#6799 = DIRECTION('',(1.,0.,-0.));
#6800 = PCURVE('',#128,#6801);
#6801 = DEFINITIONAL_REPRESENTATION('',(#6802),#6810);
#6802 = ( BOUNDED_CURVE() B_SPLINE_CURVE(2,(#6803,#6804,#6805,#6806,
#6807,#6808,#6809),.UNSPECIFIED.,.T.,.F.) B_SPLINE_CURVE_WITH_KNOTS((1,2
    ,2,2,2,1),(-2.094395102393,0.,2.094395102393,4.188790204786,
6.28318530718,8.377580409573),.UNSPECIFIED.) CURVE() 
GEOMETRIC_REPRESENTATION_ITEM() RATIONAL_B_SPLINE_CURVE((1.,0.5,1.,0.5,
1.,0.5,1.)) REPRESENTATION_ITEM('') );
#6803 = CARTESIAN_POINT('',(-20.51,7.906697016093E-16));
#6804 = CARTESIAN_POINT('',(-20.51,35.524362063238));
#6805 = CARTESIAN_POINT('',(10.255,17.762181031619));
#6806 = CARTESIAN_POINT('',(41.02,5.814170871712E-15));
#6807 = CARTESIAN_POINT('',(10.255,-17.76218103161));
#6808 = CARTESIAN_POINT('',(-20.51,-35.52436206323));
#6809 = CARTESIAN_POINT('',(-20.51,7.906697016093E-16));
#6810 = ( GEOMETRIC_REPRESENTATION_CONTEXT(2) 
PARAMETRIC_REPRESENTATION_CONTEXT() REPRESENTATION_CONTEXT('2D SPACE',''
  ) );
#6811 = PCURVE('',#6812,#6817);
#6812 = CONICAL_SURFACE('',#6813,21.01,0.785398163397);
#6813 = AXIS2_PLACEMENT_3D('',#6814,#6815,#6816);
#6814 = CARTESIAN_POINT('',(0.,0.,7.5));
#6815 = DIRECTION('',(-0.,-0.,-1.));
#6816 = DIRECTION('',(1.,0.,-0.));
#6817 = DEFINITIONAL_REPRESENTATION('',(#6818),#6822);
#6818 = LINE('',#6819,#6820);
#6819 = CARTESIAN_POINT('',(-0.,-0.5));
#6820 = VECTOR('',#6821,1.);
#6821 = DIRECTION('',(-1.,-0.));
#6822 = ( GEOMETRIC_REPRESENTATION_CONTEXT(2) 
PARAMETRIC_REPRESENTATION_CONTEXT() REPRESENTATION_CONTEXT('2D SPACE',''
  ) );
#6823 = ORIENTED_EDGE('',*,*,#6824,.T.);
#6824 = EDGE_CURVE('',#6792,#6825,#6827,.T.);
#6825 = VERTEX_POINT('',#6826);
#6826 = CARTESIAN_POINT('',(-8.193979288948,16.913532807669,8.));
#6827 = SURFACE_CURVE('',#6828,(#6833,#6841),.PCURVE_S1.);
#6828 = B_SPLINE_CURVE_WITH_KNOTS('',3,(#6829,#6830,#6831,#6832),
  .UNSPECIFIED.,.F.,.F.,(4,4),(0.,1.),.PIECEWISE_BEZIER_KNOTS.);
#6829 = CARTESIAN_POINT('',(-9.831299683771,18.556549962961,8.));
#6830 = CARTESIAN_POINT('',(-9.208721713625,18.099032942412,8.));
#6831 = CARTESIAN_POINT('',(-8.595420107854,17.583504991042,8.));
#6832 = CARTESIAN_POINT('',(-8.193979288948,16.913532807669,8.));
#6833 = PCURVE('',#128,#6834);
#6834 = DEFINITIONAL_REPRESENTATION('',(#6835),#6840);
#6835 = B_SPLINE_CURVE_WITH_KNOTS('',3,(#6836,#6837,#6838,#6839),
  .UNSPECIFIED.,.F.,.F.,(4,4),(0.,1.),.PIECEWISE_BEZIER_KNOTS.);
#6836 = CARTESIAN_POINT('',(9.831299683771,18.556549962961));
#6837 = CARTESIAN_POINT('',(9.208721713625,18.099032942412));
#6838 = CARTESIAN_POINT('',(8.595420107854,17.583504991042));
#6839 = CARTESIAN_POINT('',(8.193979288948,16.913532807669));
#6840 = ( GEOMETRIC_REPRESENTATION_CONTEXT(2) 
PARAMETRIC_REPRESENTATION_CONTEXT() REPRESENTATION_CONTEXT('2D SPACE',''
  ) );
#6841 = PCURVE('',#1330,#6842);
#6842 = DEFINITIONAL_REPRESENTATION('',(#6843),#6847);
#6843 = LINE('',#6844,#6845);
#6844 = CARTESIAN_POINT('',(1.,0.));
#6845 = VECTOR('',#6846,1.);
#6846 = DIRECTION('',(0.,1.));
#6847 = ( GEOMETRIC_REPRESENTATION_CONTEXT(2) 
PARAMETRIC_REPRESENTATION_CONTEXT() REPRESENTATION_CONTEXT('2D SPACE',''
  ) );
#6848 = ORIENTED_EDGE('',*,*,#6849,.T.);
#6849 = EDGE_CURVE('',#6825,#6850,#6852,.T.);
#6850 = VERTEX_POINT('',#6851);
#6851 = CARTESIAN_POINT('',(-7.360364015215,17.292597554657,8.));
#6852 = SURFACE_CURVE('',#6853,(#6858,#6866),.PCURVE_S1.);
#6853 = B_SPLINE_CURVE_WITH_KNOTS('',3,(#6854,#6855,#6856,#6857),
  .UNSPECIFIED.,.F.,.F.,(4,4),(0.,1.),.PIECEWISE_BEZIER_KNOTS.);
#6854 = CARTESIAN_POINT('',(-8.193979288948,16.913532807669,8.));
#6855 = CARTESIAN_POINT('',(-7.897571038923,16.992274974235,8.));
#6856 = CARTESIAN_POINT('',(-7.614538147197,17.120976780538,8.));
#6857 = CARTESIAN_POINT('',(-7.360364015215,17.292597554657,8.));
#6858 = PCURVE('',#128,#6859);
#6859 = DEFINITIONAL_REPRESENTATION('',(#6860),#6865);
#6860 = B_SPLINE_CURVE_WITH_KNOTS('',3,(#6861,#6862,#6863,#6864),
  .UNSPECIFIED.,.F.,.F.,(4,4),(0.,1.),.PIECEWISE_BEZIER_KNOTS.);
#6861 = CARTESIAN_POINT('',(8.193979288948,16.913532807669));
#6862 = CARTESIAN_POINT('',(7.897571038923,16.992274974235));
#6863 = CARTESIAN_POINT('',(7.614538147197,17.120976780538));
#6864 = CARTESIAN_POINT('',(7.360364015215,17.292597554657));
#6865 = ( GEOMETRIC_REPRESENTATION_CONTEXT(2) 
PARAMETRIC_REPRESENTATION_CONTEXT() REPRESENTATION_CONTEXT('2D SPACE',''
  ) );
#6866 = PCURVE('',#1288,#6867);
#6867 = DEFINITIONAL_REPRESENTATION('',(#6868),#6872);
#6868 = LINE('',#6869,#6870);
#6869 = CARTESIAN_POINT('',(1.,0.));
#6870 = VECTOR('',#6871,1.);
#6871 = DIRECTION('',(0.,1.));
#6872 = ( GEOMETRIC_REPRESENTATION_CONTEXT(2) 
PARAMETRIC_REPRESENTATION_CONTEXT() REPRESENTATION_CONTEXT('2D SPACE',''
  ) );
#6873 = ORIENTED_EDGE('',*,*,#6874,.T.);
#6874 = EDGE_CURVE('',#6850,#6875,#6877,.T.);
#6875 = VERTEX_POINT('',#6876);
#6876 = CARTESIAN_POINT('',(-7.556556169884,19.067211617103,8.));
#6877 = SURFACE_CURVE('',#6878,(#6883,#6891),.PCURVE_S1.);
#6878 = B_SPLINE_CURVE_WITH_KNOTS('',3,(#6879,#6880,#6881,#6882),
  .UNSPECIFIED.,.F.,.F.,(4,4),(0.,1.),.PIECEWISE_BEZIER_KNOTS.);
#6879 = CARTESIAN_POINT('',(-7.360364015215,17.292597554657,8.));
#6880 = CARTESIAN_POINT('',(-7.60139616491,18.035511385725,8.));
#6881 = CARTESIAN_POINT('',(-7.586777679923,18.83656957848,8.));
#6882 = CARTESIAN_POINT('',(-7.5223435923,19.60648736718,8.));
#6883 = PCURVE('',#128,#6884);
#6884 = DEFINITIONAL_REPRESENTATION('',(#6885),#6890);
#6885 = B_SPLINE_CURVE_WITH_KNOTS('',3,(#6886,#6887,#6888,#6889),
  .UNSPECIFIED.,.F.,.F.,(4,4),(0.,1.),.PIECEWISE_BEZIER_KNOTS.);
#6886 = CARTESIAN_POINT('',(7.360364015215,17.292597554657));
#6887 = CARTESIAN_POINT('',(7.60139616491,18.035511385725));
#6888 = CARTESIAN_POINT('',(7.586777679923,18.83656957848));
#6889 = CARTESIAN_POINT('',(7.5223435923,19.60648736718));
#6890 = ( GEOMETRIC_REPRESENTATION_CONTEXT(2) 
PARAMETRIC_REPRESENTATION_CONTEXT() REPRESENTATION_CONTEXT('2D SPACE',''
  ) );
#6891 = PCURVE('',#1246,#6892);
#6892 = DEFINITIONAL_REPRESENTATION('',(#6893),#6897);
#6893 = LINE('',#6894,#6895);
#6894 = CARTESIAN_POINT('',(1.,0.));
#6895 = VECTOR('',#6896,1.);
#6896 = DIRECTION('',(0.,1.));
#6897 = ( GEOMETRIC_REPRESENTATION_CONTEXT(2) 
PARAMETRIC_REPRESENTATION_CONTEXT() REPRESENTATION_CONTEXT('2D SPACE',''
  ) );
#6898 = ORIENTED_EDGE('',*,*,#6899,.F.);
#6899 = EDGE_CURVE('',#6900,#6875,#6902,.T.);
#6900 = VERTEX_POINT('',#6901);
#6901 = CARTESIAN_POINT('',(-6.435178010159,19.474305738012,8.));
#6902 = SURFACE_CURVE('',#6903,(#6908,#6919),.PCURVE_S1.);
#6903 = CIRCLE('',#6904,20.51);
#6904 = AXIS2_PLACEMENT_3D('',#6905,#6906,#6907);
#6905 = CARTESIAN_POINT('',(0.,0.,8.));
#6906 = DIRECTION('',(0.,0.,1.));
#6907 = DIRECTION('',(1.,0.,-0.));
#6908 = PCURVE('',#128,#6909);
#6909 = DEFINITIONAL_REPRESENTATION('',(#6910),#6918);
#6910 = ( BOUNDED_CURVE() B_SPLINE_CURVE(2,(#6911,#6912,#6913,#6914,
#6915,#6916,#6917),.UNSPECIFIED.,.T.,.F.) B_SPLINE_CURVE_WITH_KNOTS((1,2
    ,2,2,2,1),(-2.094395102393,0.,2.094395102393,4.188790204786,
6.28318530718,8.377580409573),.UNSPECIFIED.) CURVE() 
GEOMETRIC_REPRESENTATION_ITEM() RATIONAL_B_SPLINE_CURVE((1.,0.5,1.,0.5,
1.,0.5,1.)) REPRESENTATION_ITEM('') );
#6911 = CARTESIAN_POINT('',(-20.51,7.906697016093E-16));
#6912 = CARTESIAN_POINT('',(-20.51,35.524362063238));
#6913 = CARTESIAN_POINT('',(10.255,17.762181031619));
#6914 = CARTESIAN_POINT('',(41.02,5.814170871712E-15));
#6915 = CARTESIAN_POINT('',(10.255,-17.76218103161));
#6916 = CARTESIAN_POINT('',(-20.51,-35.52436206323));
#6917 = CARTESIAN_POINT('',(-20.51,7.906697016093E-16));
#6918 = ( GEOMETRIC_REPRESENTATION_CONTEXT(2) 
PARAMETRIC_REPRESENTATION_CONTEXT() REPRESENTATION_CONTEXT('2D SPACE',''
  ) );
#6919 = PCURVE('',#6920,#6925);
#6920 = CONICAL_SURFACE('',#6921,21.01,0.785398163397);
#6921 = AXIS2_PLACEMENT_3D('',#6922,#6923,#6924);
#6922 = CARTESIAN_POINT('',(0.,0.,7.5));
#6923 = DIRECTION('',(-0.,-0.,-1.));
#6924 = DIRECTION('',(1.,0.,-0.));
#6925 = DEFINITIONAL_REPRESENTATION('',(#6926),#6930);
#6926 = LINE('',#6927,#6928);
#6927 = CARTESIAN_POINT('',(-0.,-0.5));
#6928 = VECTOR('',#6929,1.);
#6929 = DIRECTION('',(-1.,-0.));
#6930 = ( GEOMETRIC_REPRESENTATION_CONTEXT(2) 
PARAMETRIC_REPRESENTATION_CONTEXT() REPRESENTATION_CONTEXT('2D SPACE',''
  ) );
#6931 = ORIENTED_EDGE('',*,*,#6932,.T.);
#6932 = EDGE_CURVE('',#6900,#6933,#6935,.T.);
#6933 = VERTEX_POINT('',#6934);
#6934 = CARTESIAN_POINT('',(-5.447238350064,17.987119919025,8.));
#6935 = SURFACE_CURVE('',#6936,(#6941,#6949),.PCURVE_S1.);
#6936 = B_SPLINE_CURVE_WITH_KNOTS('',3,(#6937,#6938,#6939,#6940),
  .UNSPECIFIED.,.F.,.F.,(4,4),(0.,1.),.PIECEWISE_BEZIER_KNOTS.);
#6937 = CARTESIAN_POINT('',(-6.807376104109,19.866042146769,8.));
#6938 = CARTESIAN_POINT('',(-6.264034532241,19.316765268243,8.));
#6939 = CARTESIAN_POINT('',(-5.738930026239,18.711642812817,8.));
#6940 = CARTESIAN_POINT('',(-5.447238350064,17.987119919025,8.));
#6941 = PCURVE('',#128,#6942);
#6942 = DEFINITIONAL_REPRESENTATION('',(#6943),#6948);
#6943 = B_SPLINE_CURVE_WITH_KNOTS('',3,(#6944,#6945,#6946,#6947),
  .UNSPECIFIED.,.F.,.F.,(4,4),(0.,1.),.PIECEWISE_BEZIER_KNOTS.);
#6944 = CARTESIAN_POINT('',(6.807376104109,19.866042146769));
#6945 = CARTESIAN_POINT('',(6.264034532241,19.316765268243));
#6946 = CARTESIAN_POINT('',(5.738930026239,18.711642812817));
#6947 = CARTESIAN_POINT('',(5.447238350064,17.987119919025));
#6948 = ( GEOMETRIC_REPRESENTATION_CONTEXT(2) 
PARAMETRIC_REPRESENTATION_CONTEXT() REPRESENTATION_CONTEXT('2D SPACE',''
  ) );
#6949 = PCURVE('',#1175,#6950);
#6950 = DEFINITIONAL_REPRESENTATION('',(#6951),#6955);
#6951 = LINE('',#6952,#6953);
#6952 = CARTESIAN_POINT('',(1.,0.));
#6953 = VECTOR('',#6954,1.);
#6954 = DIRECTION('',(0.,1.));
#6955 = ( GEOMETRIC_REPRESENTATION_CONTEXT(2) 
PARAMETRIC_REPRESENTATION_CONTEXT() REPRESENTATION_CONTEXT('2D SPACE',''
  ) );
#6956 = ORIENTED_EDGE('',*,*,#6957,.T.);
#6957 = EDGE_CURVE('',#6933,#6958,#6960,.T.);
#6958 = VERTEX_POINT('',#6959);
#6959 = CARTESIAN_POINT('',(-4.564587472745,18.23111159056,8.));
#6960 = SURFACE_CURVE('',#6961,(#6966,#6974),.PCURVE_S1.);
#6961 = B_SPLINE_CURVE_WITH_KNOTS('',3,(#6962,#6963,#6964,#6965),
  .UNSPECIFIED.,.F.,.F.,(4,4),(0.,1.),.PIECEWISE_BEZIER_KNOTS.);
#6962 = CARTESIAN_POINT('',(-5.447238350064,17.987119919025,8.));
#6963 = CARTESIAN_POINT('',(-5.142161388755,18.018524172829,8.));
#6964 = CARTESIAN_POINT('',(-4.842479703374,18.101365347323,8.));
#6965 = CARTESIAN_POINT('',(-4.564587472745,18.23111159056,8.));
#6966 = PCURVE('',#128,#6967);
#6967 = DEFINITIONAL_REPRESENTATION('',(#6968),#6973);
#6968 = B_SPLINE_CURVE_WITH_KNOTS('',3,(#6969,#6970,#6971,#6972),
  .UNSPECIFIED.,.F.,.F.,(4,4),(0.,1.),.PIECEWISE_BEZIER_KNOTS.);
#6969 = CARTESIAN_POINT('',(5.447238350064,17.987119919025));
#6970 = CARTESIAN_POINT('',(5.142161388755,18.018524172829));
#6971 = CARTESIAN_POINT('',(4.842479703374,18.101365347323));
#6972 = CARTESIAN_POINT('',(4.564587472745,18.23111159056));
#6973 = ( GEOMETRIC_REPRESENTATION_CONTEXT(2) 
PARAMETRIC_REPRESENTATION_CONTEXT() REPRESENTATION_CONTEXT('2D SPACE',''
  ) );
#6974 = PCURVE('',#1133,#6975);
#6975 = DEFINITIONAL_REPRESENTATION('',(#6976),#6980);
#6976 = LINE('',#6977,#6978);
#6977 = CARTESIAN_POINT('',(1.,0.));
#6978 = VECTOR('',#6979,1.);
#6979 = DIRECTION('',(0.,1.));
#6980 = ( GEOMETRIC_REPRESENTATION_CONTEXT(2) 
PARAMETRIC_REPRESENTATION_CONTEXT() REPRESENTATION_CONTEXT('2D SPACE',''
  ) );
#6981 = ORIENTED_EDGE('',*,*,#6982,.T.);
#6982 = EDGE_CURVE('',#6958,#6983,#6985,.T.);
#6983 = VERTEX_POINT('',#6984);
#6984 = CARTESIAN_POINT('',(-4.480753374916,20.014568423855,8.));
#6985 = SURFACE_CURVE('',#6986,(#6991,#6999),.PCURVE_S1.);
#6986 = B_SPLINE_CURVE_WITH_KNOTS('',3,(#6987,#6988,#6989,#6990),
  .UNSPECIFIED.,.F.,.F.,(4,4),(0.,1.),.PIECEWISE_BEZIER_KNOTS.);
#6987 = CARTESIAN_POINT('',(-4.564587472745,18.23111159056,8.));
#6988 = CARTESIAN_POINT('',(-4.686434788973,19.002584654968,8.));
#6989 = CARTESIAN_POINT('',(-4.546683171945,19.791493657212,8.));
#6990 = CARTESIAN_POINT('',(-4.362600697462,20.5418527683,8.));
#6991 = PCURVE('',#128,#6992);
#6992 = DEFINITIONAL_REPRESENTATION('',(#6993),#6998);
#6993 = B_SPLINE_CURVE_WITH_KNOTS('',3,(#6994,#6995,#6996,#6997),
  .UNSPECIFIED.,.F.,.F.,(4,4),(0.,1.),.PIECEWISE_BEZIER_KNOTS.);
#6994 = CARTESIAN_POINT('',(4.564587472745,18.23111159056));
#6995 = CARTESIAN_POINT('',(4.686434788973,19.002584654968));
#6996 = CARTESIAN_POINT('',(4.546683171945,19.791493657212));
#6997 = CARTESIAN_POINT('',(4.362600697462,20.5418527683));
#6998 = ( GEOMETRIC_REPRESENTATION_CONTEXT(2) 
PARAMETRIC_REPRESENTATION_CONTEXT() REPRESENTATION_CONTEXT('2D SPACE',''
  ) );
#6999 = PCURVE('',#1091,#7000);
#7000 = DEFINITIONAL_REPRESENTATION('',(#7001),#7005);
#7001 = LINE('',#7002,#7003);
#7002 = CARTESIAN_POINT('',(1.,0.));
#7003 = VECTOR('',#7004,1.);
#7004 = DIRECTION('',(0.,1.));
#7005 = ( GEOMETRIC_REPRESENTATION_CONTEXT(2) 
PARAMETRIC_REPRESENTATION_CONTEXT() REPRESENTATION_CONTEXT('2D SPACE',''
  ) );
#7006 = ORIENTED_EDGE('',*,*,#7007,.F.);
#7007 = EDGE_CURVE('',#7008,#6983,#7010,.T.);
#7008 = VERTEX_POINT('',#7009);
#7009 = CARTESIAN_POINT('',(-3.309497690133,20.241228348077,8.));
#7010 = SURFACE_CURVE('',#7011,(#7016,#7027),.PCURVE_S1.);
#7011 = CIRCLE('',#7012,20.51);
#7012 = AXIS2_PLACEMENT_3D('',#7013,#7014,#7015);
#7013 = CARTESIAN_POINT('',(0.,0.,8.));
#7014 = DIRECTION('',(0.,0.,1.));
#7015 = DIRECTION('',(1.,0.,-0.));
#7016 = PCURVE('',#128,#7017);
#7017 = DEFINITIONAL_REPRESENTATION('',(#7018),#7026);
#7018 = ( BOUNDED_CURVE() B_SPLINE_CURVE(2,(#7019,#7020,#7021,#7022,
#7023,#7024,#7025),.UNSPECIFIED.,.T.,.F.) B_SPLINE_CURVE_WITH_KNOTS((1,2
    ,2,2,2,1),(-2.094395102393,0.,2.094395102393,4.188790204786,
6.28318530718,8.377580409573),.UNSPECIFIED.) CURVE() 
GEOMETRIC_REPRESENTATION_ITEM() RATIONAL_B_SPLINE_CURVE((1.,0.5,1.,0.5,
1.,0.5,1.)) REPRESENTATION_ITEM('') );
#7019 = CARTESIAN_POINT('',(-20.51,7.906697016093E-16));
#7020 = CARTESIAN_POINT('',(-20.51,35.524362063238));
#7021 = CARTESIAN_POINT('',(10.255,17.762181031619));
#7022 = CARTESIAN_POINT('',(41.02,5.814170871712E-15));
#7023 = CARTESIAN_POINT('',(10.255,-17.76218103161));
#7024 = CARTESIAN_POINT('',(-20.51,-35.52436206323));
#7025 = CARTESIAN_POINT('',(-20.51,7.906697016093E-16));
#7026 = ( GEOMETRIC_REPRESENTATION_CONTEXT(2) 
PARAMETRIC_REPRESENTATION_CONTEXT() REPRESENTATION_CONTEXT('2D SPACE',''
  ) );
#7027 = PCURVE('',#7028,#7033);
#7028 = CONICAL_SURFACE('',#7029,21.01,0.785398163397);
#7029 = AXIS2_PLACEMENT_3D('',#7030,#7031,#7032);
#7030 = CARTESIAN_POINT('',(0.,0.,7.5));
#7031 = DIRECTION('',(-0.,-0.,-1.));
#7032 = DIRECTION('',(1.,0.,-0.));
#7033 = DEFINITIONAL_REPRESENTATION('',(#7034),#7038);
#7034 = LINE('',#7035,#7036);
#7035 = CARTESIAN_POINT('',(-0.,-0.5));
#7036 = VECTOR('',#7037,1.);
#7037 = DIRECTION('',(-1.,-0.));
#7038 = ( GEOMETRIC_REPRESENTATION_CONTEXT(2) 
PARAMETRIC_REPRESENTATION_CONTEXT() REPRESENTATION_CONTEXT('2D SPACE',''
  ) );
#7039 = ORIENTED_EDGE('',*,*,#7040,.T.);
#7040 = EDGE_CURVE('',#7008,#7041,#7043,.T.);
#7041 = VERTEX_POINT('',#7042);
#7042 = CARTESIAN_POINT('',(-2.566368324654,18.617804442147,8.));
#7043 = SURFACE_CURVE('',#7044,(#7049,#7057),.PCURVE_S1.);
#7044 = B_SPLINE_CURVE_WITH_KNOTS('',3,(#7045,#7046,#7047,#7048),
  .UNSPECIFIED.,.F.,.F.,(4,4),(0.,1.),.PIECEWISE_BEZIER_KNOTS.);
#7045 = CARTESIAN_POINT('',(-3.615832332378,20.686366441309,8.));
#7046 = CARTESIAN_POINT('',(-3.165106031534,20.058854724502,8.));
#7047 = CARTESIAN_POINT('',(-2.741128440961,19.379037888158,8.));
#7048 = CARTESIAN_POINT('',(-2.566368324654,18.617804442147,8.));
#7049 = PCURVE('',#128,#7050);
#7050 = DEFINITIONAL_REPRESENTATION('',(#7051),#7056);
#7051 = B_SPLINE_CURVE_WITH_KNOTS('',3,(#7052,#7053,#7054,#7055),
  .UNSPECIFIED.,.F.,.F.,(4,4),(0.,1.),.PIECEWISE_BEZIER_KNOTS.);
#7052 = CARTESIAN_POINT('',(3.615832332378,20.686366441309));
#7053 = CARTESIAN_POINT('',(3.165106031534,20.058854724502));
#7054 = CARTESIAN_POINT('',(2.741128440961,19.379037888158));
#7055 = CARTESIAN_POINT('',(2.566368324654,18.617804442147));
#7056 = ( GEOMETRIC_REPRESENTATION_CONTEXT(2) 
PARAMETRIC_REPRESENTATION_CONTEXT() REPRESENTATION_CONTEXT('2D SPACE',''
  ) );
#7057 = PCURVE('',#1020,#7058);
#7058 = DEFINITIONAL_REPRESENTATION('',(#7059),#7063);
#7059 = LINE('',#7060,#7061);
#7060 = CARTESIAN_POINT('',(1.,0.));
#7061 = VECTOR('',#7062,1.);
#7062 = DIRECTION('',(0.,1.));
#7063 = ( GEOMETRIC_REPRESENTATION_CONTEXT(2) 
PARAMETRIC_REPRESENTATION_CONTEXT() REPRESENTATION_CONTEXT('2D SPACE',''
  ) );
#7064 = ORIENTED_EDGE('',*,*,#7065,.T.);
#7065 = EDGE_CURVE('',#7041,#7066,#7068,.T.);
#7066 = VERTEX_POINT('',#7067);
#7067 = CARTESIAN_POINT('',(-1.656415637699,18.720715153513,8.));
#7068 = SURFACE_CURVE('',#7069,(#7074,#7082),.PCURVE_S1.);
#7069 = B_SPLINE_CURVE_WITH_KNOTS('',3,(#7070,#7071,#7072,#7073),
  .UNSPECIFIED.,.F.,.F.,(4,4),(0.,1.),.PIECEWISE_BEZIER_KNOTS.);
#7070 = CARTESIAN_POINT('',(-2.566368324654,18.617804442147,8.));
#7071 = CARTESIAN_POINT('',(-2.260134659341,18.601097506236,8.));
#7072 = CARTESIAN_POINT('',(-1.951183337985,18.636038224269,8.));
#7073 = CARTESIAN_POINT('',(-1.656415637699,18.720715153513,8.));
#7074 = PCURVE('',#128,#7075);
#7075 = DEFINITIONAL_REPRESENTATION('',(#7076),#7081);
#7076 = B_SPLINE_CURVE_WITH_KNOTS('',3,(#7077,#7078,#7079,#7080),
  .UNSPECIFIED.,.F.,.F.,(4,4),(0.,1.),.PIECEWISE_BEZIER_KNOTS.);
#7077 = CARTESIAN_POINT('',(2.566368324654,18.617804442147));
#7078 = CARTESIAN_POINT('',(2.260134659341,18.601097506236));
#7079 = CARTESIAN_POINT('',(1.951183337985,18.636038224269));
#7080 = CARTESIAN_POINT('',(1.656415637699,18.720715153513));
#7081 = ( GEOMETRIC_REPRESENTATION_CONTEXT(2) 
PARAMETRIC_REPRESENTATION_CONTEXT() REPRESENTATION_CONTEXT('2D SPACE',''
  ) );
#7082 = PCURVE('',#978,#7083);
#7083 = DEFINITIONAL_REPRESENTATION('',(#7084),#7088);
#7084 = LINE('',#7085,#7086);
#7085 = CARTESIAN_POINT('',(1.,0.));
#7086 = VECTOR('',#7087,1.);
#7087 = DIRECTION('',(0.,1.));
#7088 = ( GEOMETRIC_REPRESENTATION_CONTEXT(2) 
PARAMETRIC_REPRESENTATION_CONTEXT() REPRESENTATION_CONTEXT('2D SPACE',''
  ) );
#7089 = ORIENTED_EDGE('',*,*,#7090,.T.);
#7090 = EDGE_CURVE('',#7066,#4688,#7091,.T.);
#7091 = SURFACE_CURVE('',#7092,(#7097,#7105),.PCURVE_S1.);
#7092 = B_SPLINE_CURVE_WITH_KNOTS('',3,(#7093,#7094,#7095,#7096),
  .UNSPECIFIED.,.F.,.F.,(4,4),(0.,1.),.PIECEWISE_BEZIER_KNOTS.);
#7093 = CARTESIAN_POINT('',(-1.656415637699,18.720715153513,8.));
#7094 = CARTESIAN_POINT('',(-1.656077835147,19.501751224043,8.));
#7095 = CARTESIAN_POINT('',(-1.394634234697,20.259085477902,8.));
#7096 = CARTESIAN_POINT('',(-1.095436094811,20.971409579763,8.));
#7097 = PCURVE('',#128,#7098);
#7098 = DEFINITIONAL_REPRESENTATION('',(#7099),#7104);
#7099 = B_SPLINE_CURVE_WITH_KNOTS('',3,(#7100,#7101,#7102,#7103),
  .UNSPECIFIED.,.F.,.F.,(4,4),(0.,1.),.PIECEWISE_BEZIER_KNOTS.);
#7100 = CARTESIAN_POINT('',(1.656415637699,18.720715153513));
#7101 = CARTESIAN_POINT('',(1.656077835147,19.501751224043));
#7102 = CARTESIAN_POINT('',(1.394634234697,20.259085477902));
#7103 = CARTESIAN_POINT('',(1.095436094811,20.971409579763));
#7104 = ( GEOMETRIC_REPRESENTATION_CONTEXT(2) 
PARAMETRIC_REPRESENTATION_CONTEXT() REPRESENTATION_CONTEXT('2D SPACE',''
  ) );
#7105 = PCURVE('',#936,#7106);
#7106 = DEFINITIONAL_REPRESENTATION('',(#7107),#7111);
#7107 = LINE('',#7108,#7109);
#7108 = CARTESIAN_POINT('',(1.,0.));
#7109 = VECTOR('',#7110,1.);
#7110 = DIRECTION('',(0.,1.));
#7111 = ( GEOMETRIC_REPRESENTATION_CONTEXT(2) 
PARAMETRIC_REPRESENTATION_CONTEXT() REPRESENTATION_CONTEXT('2D SPACE',''
  ) );
#7112 = FACE_BOUND('',#7113,.F.);
#7113 = EDGE_LOOP('',(#7114));
#7114 = ORIENTED_EDGE('',*,*,#7115,.T.);
#7115 = EDGE_CURVE('',#7116,#7116,#7118,.T.);
#7116 = VERTEX_POINT('',#7117);
#7117 = CARTESIAN_POINT('',(17.,5.181040781584E-16,8.));
#7118 = SURFACE_CURVE('',#7119,(#7124,#7135),.PCURVE_S1.);
#7119 = CIRCLE('',#7120,17.);
#7120 = AXIS2_PLACEMENT_3D('',#7121,#7122,#7123);
#7121 = CARTESIAN_POINT('',(2.84217094304E-14,5.181040781584E-16,8.));
#7122 = DIRECTION('',(0.,0.,1.));
#7123 = DIRECTION('',(1.,0.,0.));
#7124 = PCURVE('',#128,#7125);
#7125 = DEFINITIONAL_REPRESENTATION('',(#7126),#7134);
#7126 = ( BOUNDED_CURVE() B_SPLINE_CURVE(2,(#7127,#7128,#7129,#7130,
#7131,#7132,#7133),.UNSPECIFIED.,.T.,.F.) B_SPLINE_CURVE_WITH_KNOTS((1,2
    ,2,2,2,1),(-2.094395102393,0.,2.094395102393,4.188790204786,
6.28318530718,8.377580409573),.UNSPECIFIED.) CURVE() 
GEOMETRIC_REPRESENTATION_ITEM() RATIONAL_B_SPLINE_CURVE((1.,0.5,1.,0.5,
1.,0.5,1.)) REPRESENTATION_ITEM('') );
#7127 = CARTESIAN_POINT('',(-17.,1.308773779768E-15));
#7128 = CARTESIAN_POINT('',(-17.,29.444863728671));
#7129 = CARTESIAN_POINT('',(8.5,14.722431864335));
#7130 = CARTESIAN_POINT('',(34.,5.472572896869E-15));
#7131 = CARTESIAN_POINT('',(8.5,-14.72243186433));
#7132 = CARTESIAN_POINT('',(-17.,-29.44486372867));
#7133 = CARTESIAN_POINT('',(-17.,1.308773779768E-15));
#7134 = ( GEOMETRIC_REPRESENTATION_CONTEXT(2) 
PARAMETRIC_REPRESENTATION_CONTEXT() REPRESENTATION_CONTEXT('2D SPACE',''
  ) );
#7135 = PCURVE('',#7136,#7141);
#7136 = CYLINDRICAL_SURFACE('',#7137,17.);
#7137 = AXIS2_PLACEMENT_3D('',#7138,#7139,#7140);
#7138 = CARTESIAN_POINT('',(2.84217094304E-14,5.181040781584E-16,8.));
#7139 = DIRECTION('',(0.,0.,1.));
#7140 = DIRECTION('',(1.,0.,0.));
#7141 = DEFINITIONAL_REPRESENTATION('',(#7142),#7146);
#7142 = LINE('',#7143,#7144);
#7143 = CARTESIAN_POINT('',(0.,0.));
#7144 = VECTOR('',#7145,1.);
#7145 = DIRECTION('',(1.,0.));
#7146 = ( GEOMETRIC_REPRESENTATION_CONTEXT(2) 
PARAMETRIC_REPRESENTATION_CONTEXT() REPRESENTATION_CONTEXT('2D SPACE',''
  ) );
#7147 = ADVANCED_FACE('',(#7148),#87,.T.);
#7148 = FACE_BOUND('',#7149,.T.);
#7149 = EDGE_LOOP('',(#7150,#7151,#7173,#7174));
#7150 = ORIENTED_EDGE('',*,*,#3630,.F.);
#7151 = ORIENTED_EDGE('',*,*,#7152,.T.);
#7152 = EDGE_CURVE('',#3631,#5208,#7153,.T.);
#7153 = SURFACE_CURVE('',#7154,(#7159,#7166),.PCURVE_S1.);
#7154 = B_SPLINE_CURVE_WITH_KNOTS('',3,(#7155,#7156,#7157,#7158),
  .UNSPECIFIED.,.F.,.F.,(4,4),(0.,1.),.PIECEWISE_BEZIER_KNOTS.);
#7155 = CARTESIAN_POINT('',(18.37604163832,-3.940809857191,0.));
#7156 = CARTESIAN_POINT('',(18.008452617679,-5.656529271743,
    2.666669690328));
#7157 = CARTESIAN_POINT('',(17.3987534868,-7.320113809965,5.333330309672
    ));
#7158 = CARTESIAN_POINT('',(16.570593644828,-8.867035292689,8.));
#7159 = PCURVE('',#87,#7160);
#7160 = DEFINITIONAL_REPRESENTATION('',(#7161),#7165);
#7161 = LINE('',#7162,#7163);
#7162 = CARTESIAN_POINT('',(0.,0.));
#7163 = VECTOR('',#7164,1.);
#7164 = DIRECTION('',(1.,0.));
#7165 = ( GEOMETRIC_REPRESENTATION_CONTEXT(2) 
PARAMETRIC_REPRESENTATION_CONTEXT() REPRESENTATION_CONTEXT('2D SPACE',''
  ) );
#7166 = PCURVE('',#3673,#7167);
#7167 = DEFINITIONAL_REPRESENTATION('',(#7168),#7172);
#7168 = LINE('',#7169,#7170);
#7169 = CARTESIAN_POINT('',(0.,1.));
#7170 = VECTOR('',#7171,1.);
#7171 = DIRECTION('',(1.,0.));
#7172 = ( GEOMETRIC_REPRESENTATION_CONTEXT(2) 
PARAMETRIC_REPRESENTATION_CONTEXT() REPRESENTATION_CONTEXT('2D SPACE',''
  ) );
#7173 = ORIENTED_EDGE('',*,*,#5232,.T.);
#7174 = ORIENTED_EDGE('',*,*,#70,.F.);
#7175 = ADVANCED_FACE('',(#7176),#271,.T.);
#7176 = FACE_BOUND('',#7177,.T.);
#7177 = EDGE_LOOP('',(#7178,#7179,#7201,#7202));
#7178 = ORIENTED_EDGE('',*,*,#251,.F.);
#7179 = ORIENTED_EDGE('',*,*,#7180,.T.);
#7180 = EDGE_CURVE('',#252,#5100,#7181,.T.);
#7181 = SURFACE_CURVE('',#7182,(#7187,#7194),.PCURVE_S1.);
#7182 = B_SPLINE_CURVE_WITH_KNOTS('',3,(#7183,#7184,#7185,#7186),
  .UNSPECIFIED.,.F.,.F.,(4,4),(0.,1.),.PIECEWISE_BEZIER_KNOTS.);
#7183 = CARTESIAN_POINT('',(18.766280554294,-1.017645705202,0.));
#7184 = CARTESIAN_POINT('',(18.671614813251,-2.769745358487,
    2.666669690328));
#7185 = CARTESIAN_POINT('',(18.329664047697,-4.508226367858,
    5.333330309672));
#7186 = CARTESIAN_POINT('',(17.753692062241,-6.165655422007,8.));
#7187 = PCURVE('',#271,#7188);
#7188 = DEFINITIONAL_REPRESENTATION('',(#7189),#7193);
#7189 = LINE('',#7190,#7191);
#7190 = CARTESIAN_POINT('',(0.,0.));
#7191 = VECTOR('',#7192,1.);
#7192 = DIRECTION('',(1.,0.));
#7193 = ( GEOMETRIC_REPRESENTATION_CONTEXT(2) 
PARAMETRIC_REPRESENTATION_CONTEXT() REPRESENTATION_CONTEXT('2D SPACE',''
  ) );
#7194 = PCURVE('',#313,#7195);
#7195 = DEFINITIONAL_REPRESENTATION('',(#7196),#7200);
#7196 = LINE('',#7197,#7198);
#7197 = CARTESIAN_POINT('',(0.,1.));
#7198 = VECTOR('',#7199,1.);
#7199 = DIRECTION('',(1.,0.));
#7200 = ( GEOMETRIC_REPRESENTATION_CONTEXT(2) 
PARAMETRIC_REPRESENTATION_CONTEXT() REPRESENTATION_CONTEXT('2D SPACE',''
  ) );
#7201 = ORIENTED_EDGE('',*,*,#5124,.T.);
#7202 = ORIENTED_EDGE('',*,*,#7203,.F.);
#7203 = EDGE_CURVE('',#254,#5125,#7204,.T.);
#7204 = SURFACE_CURVE('',#7205,(#7210,#7217),.PCURVE_S1.);
#7205 = B_SPLINE_CURVE_WITH_KNOTS('',3,(#7206,#7207,#7208,#7209),
  .UNSPECIFIED.,.F.,.F.,(4,4),(0.,1.),.PIECEWISE_BEZIER_KNOTS.);
#7206 = CARTESIAN_POINT('',(18.694431361307,-1.930576261421,0.));
#7207 = CARTESIAN_POINT('',(18.514530135578,-3.675984622392,
    2.666669690328));
#7208 = CARTESIAN_POINT('',(18.088300831144,-5.395744816735,
    5.333330309672));
#7209 = CARTESIAN_POINT('',(17.432276302388,-7.023149688068,8.));
#7210 = PCURVE('',#271,#7211);
#7211 = DEFINITIONAL_REPRESENTATION('',(#7212),#7216);
#7212 = LINE('',#7213,#7214);
#7213 = CARTESIAN_POINT('',(0.,1.));
#7214 = VECTOR('',#7215,1.);
#7215 = DIRECTION('',(1.,0.));
#7216 = ( GEOMETRIC_REPRESENTATION_CONTEXT(2) 
PARAMETRIC_REPRESENTATION_CONTEXT() REPRESENTATION_CONTEXT('2D SPACE',''
  ) );
#7217 = PCURVE('',#3742,#7218);
#7218 = DEFINITIONAL_REPRESENTATION('',(#7219),#7223);
#7219 = LINE('',#7220,#7221);
#7220 = CARTESIAN_POINT('',(0.,0.));
#7221 = VECTOR('',#7222,1.);
#7222 = DIRECTION('',(1.,0.));
#7223 = ( GEOMETRIC_REPRESENTATION_CONTEXT(2) 
PARAMETRIC_REPRESENTATION_CONTEXT() REPRESENTATION_CONTEXT('2D SPACE',''
  ) );
#7224 = ADVANCED_FACE('',(#7225),#313,.T.);
#7225 = FACE_BOUND('',#7226,.T.);
#7226 = EDGE_LOOP('',(#7227,#7228,#7257,#7298,#7325,#7326));
#7227 = ORIENTED_EDGE('',*,*,#295,.F.);
#7228 = ORIENTED_EDGE('',*,*,#7229,.F.);
#7229 = EDGE_CURVE('',#7230,#296,#7232,.T.);
#7230 = VERTEX_POINT('',#7231);
#7231 = CARTESIAN_POINT('',(20.98699002482,-0.740478311763,
    0.490049010231));
#7232 = SURFACE_CURVE('',#7233,(#7239,#7248),.PCURVE_S1.);
#7233 = B_SPLINE_CURVE_WITH_KNOTS('',4,(#7234,#7235,#7236,#7237,#7238),
  .UNSPECIFIED.,.F.,.F.,(5,5),(0.,1.),.PIECEWISE_BEZIER_KNOTS.);
#7234 = CARTESIAN_POINT('',(20.98699002482,-0.740478311763,
    0.490049010231));
#7235 = CARTESIAN_POINT('',(20.865657207098,-0.705260090249,
    0.367549821625));
#7236 = CARTESIAN_POINT('',(20.74422997595,-0.669937289114,
    0.245013308838));
#7237 = CARTESIAN_POINT('',(20.622769957488,-0.633867539318,
    0.122481298081));
#7238 = CARTESIAN_POINT('',(20.501324258445,-0.59649279132,
    -4.440892098501E-16));
#7239 = PCURVE('',#313,#7240);
#7240 = DEFINITIONAL_REPRESENTATION('',(#7241),#7247);
#7241 = B_SPLINE_CURVE_WITH_KNOTS('',4,(#7242,#7243,#7244,#7245,#7246),
  .UNSPECIFIED.,.F.,.F.,(5,5),(0.,1.),.PIECEWISE_BEZIER_KNOTS.);
#7242 = CARTESIAN_POINT('',(6.125606412117E-02,0.));
#7243 = CARTESIAN_POINT('',(4.594367789993E-02,5.86858710587E-02));
#7244 = CARTESIAN_POINT('',(3.062662818737E-02,0.116875481688));
#7245 = CARTESIAN_POINT('',(1.531014340031E-02,0.174578149499));
#7246 = CARTESIAN_POINT('',(0.,0.231786024198));
#7247 = ( GEOMETRIC_REPRESENTATION_CONTEXT(2) 
PARAMETRIC_REPRESENTATION_CONTEXT() REPRESENTATION_CONTEXT('2D SPACE',''
  ) );
#7248 = PCURVE('',#358,#7249);
#7249 = DEFINITIONAL_REPRESENTATION('',(#7250),#7256);
#7250 = B_SPLINE_CURVE_WITH_KNOTS('',4,(#7251,#7252,#7253,#7254,#7255),
  .UNSPECIFIED.,.F.,.F.,(5,5),(0.,1.),.PIECEWISE_BEZIER_KNOTS.);
#7251 = CARTESIAN_POINT('',(6.247917206632,0.500049010231));
#7252 = CARTESIAN_POINT('',(6.249389490335,0.377549821625));
#7253 = CARTESIAN_POINT('',(6.250889491923,0.255013308838));
#7254 = CARTESIAN_POINT('',(6.252448893644,0.132481298081));
#7255 = CARTESIAN_POINT('',(6.254098183282,1.E-02));
#7256 = ( GEOMETRIC_REPRESENTATION_CONTEXT(2) 
PARAMETRIC_REPRESENTATION_CONTEXT() REPRESENTATION_CONTEXT('2D SPACE',''
  ) );
#7257 = ORIENTED_EDGE('',*,*,#7258,.T.);
#7258 = EDGE_CURVE('',#7230,#7259,#7261,.T.);
#7259 = VERTEX_POINT('',#7260);
#7260 = CARTESIAN_POINT('',(20.176182052845,-5.8244086569,7.509950989769
    ));
#7261 = SURFACE_CURVE('',#7262,(#7267,#7274),.PCURVE_S1.);
#7262 = B_SPLINE_CURVE_WITH_KNOTS('',3,(#7263,#7264,#7265,#7266),
  .UNSPECIFIED.,.F.,.F.,(4,4),(0.,1.),.PIECEWISE_BEZIER_KNOTS.);
#7263 = CARTESIAN_POINT('',(20.996555984299,-0.380311448939,0.));
#7264 = CARTESIAN_POINT('',(20.961434812055,-2.340625339232,
    2.666669951599));
#7265 = CARTESIAN_POINT('',(20.649631734084,-4.295693844467,
    5.333330048401));
#7266 = CARTESIAN_POINT('',(20.073240988509,-6.169683639965,8.));
#7267 = PCURVE('',#313,#7268);
#7268 = DEFINITIONAL_REPRESENTATION('',(#7269),#7273);
#7269 = LINE('',#7270,#7271);
#7270 = CARTESIAN_POINT('',(0.,0.));
#7271 = VECTOR('',#7272,1.);
#7272 = DIRECTION('',(1.,0.));
#7273 = ( GEOMETRIC_REPRESENTATION_CONTEXT(2) 
PARAMETRIC_REPRESENTATION_CONTEXT() REPRESENTATION_CONTEXT('2D SPACE',''
  ) );
#7274 = PCURVE('',#7275,#7292);
#7275 = B_SPLINE_SURFACE_WITH_KNOTS('',3,3,(
    (#7276,#7277,#7278,#7279)
    ,(#7280,#7281,#7282,#7283)
    ,(#7284,#7285,#7286,#7287)
    ,(#7288,#7289,#7290,#7291
    )),.UNSPECIFIED.,.F.,.F.,.F.,(4,4),(4,4),(0.,1.),(0.,1.),
  .PIECEWISE_BEZIER_KNOTS.);
#7276 = CARTESIAN_POINT('',(20.996555984299,0.380311448939,0.));
#7277 = CARTESIAN_POINT('',(21.001147987306,0.12679820482,0.));
#7278 = CARTESIAN_POINT('',(21.001147987306,-0.12679820482,0.));
#7279 = CARTESIAN_POINT('',(20.996555984299,-0.380311448939,0.));
#7280 = CARTESIAN_POINT('',(21.032449027142,-1.579988630874,
    2.666670185642));
#7281 = CARTESIAN_POINT('',(21.01337228976,-1.833935259052,
    2.666670185642));
#7282 = CARTESIAN_POINT('',(20.989695700365,-2.087536329874,
    2.666670185642));
#7283 = CARTESIAN_POINT('',(20.961434788165,-2.340625509242,
    2.666670185642));
#7284 = CARTESIAN_POINT('',(20.791651755592,-3.545066068098,
    5.333329814358));
#7285 = CARTESIAN_POINT('',(20.748848594403,-3.796105310576,
    5.333329814358));
#7286 = CARTESIAN_POINT('',(20.701498245106,-4.046369228129,
    5.333329814358));
#7287 = CARTESIAN_POINT('',(20.649631764262,-4.29569367546,
    5.333329814358));
#7288 = CARTESIAN_POINT('',(20.283504106277,-5.438700319989,8.));
#7289 = CARTESIAN_POINT('',(20.217837127752,-5.683604177384,8.));
#7290 = CARTESIAN_POINT('',(20.147734095231,-5.927318567221,8.));
#7291 = CARTESIAN_POINT('',(20.073240988509,-6.169683639965,8.));
#7292 = DEFINITIONAL_REPRESENTATION('',(#7293),#7297);
#7293 = LINE('',#7294,#7295);
#7294 = CARTESIAN_POINT('',(0.,1.));
#7295 = VECTOR('',#7296,1.);
#7296 = DIRECTION('',(1.,0.));
#7297 = ( GEOMETRIC_REPRESENTATION_CONTEXT(2) 
PARAMETRIC_REPRESENTATION_CONTEXT() REPRESENTATION_CONTEXT('2D SPACE',''
  ) );
#7298 = ORIENTED_EDGE('',*,*,#7299,.T.);
#7299 = EDGE_CURVE('',#7259,#5067,#7300,.T.);
#7300 = SURFACE_CURVE('',#7301,(#7307,#7316),.PCURVE_S1.);
#7301 = B_SPLINE_CURVE_WITH_KNOTS('',4,(#7302,#7303,#7304,#7305,#7306),
  .UNSPECIFIED.,.F.,.F.,(5,5),(0.,1.),.PIECEWISE_BEZIER_KNOTS.);
#7302 = CARTESIAN_POINT('',(20.176182052845,-5.8244086569,7.509950989769
    ));
#7303 = CARTESIAN_POINT('',(20.018054459979,-5.933137239992,
    7.631718867519));
#7304 = CARTESIAN_POINT('',(19.858850175101,-6.039094281157,
    7.753893161363));
#7305 = CARTESIAN_POINT('',(19.698635075481,-6.14174244582,
    7.876611079311));
#7306 = CARTESIAN_POINT('',(19.537547025954,-6.240541339391,8.));
#7307 = PCURVE('',#313,#7308);
#7308 = DEFINITIONAL_REPRESENTATION('',(#7309),#7315);
#7309 = B_SPLINE_CURVE_WITH_KNOTS('',4,(#7310,#7311,#7312,#7313,#7314),
  .UNSPECIFIED.,.F.,.F.,(5,5),(0.,1.),.PIECEWISE_BEZIER_KNOTS.);
#7310 = CARTESIAN_POINT('',(0.938743935879,0.));
#7311 = CARTESIAN_POINT('',(0.953964908317,5.833552086386E-02));
#7312 = CARTESIAN_POINT('',(0.969236680722,0.116357722305));
#7313 = CARTESIAN_POINT('',(0.984576403913,0.174154222244));
#7314 = CARTESIAN_POINT('',(1.,0.231786024198));
#7315 = ( GEOMETRIC_REPRESENTATION_CONTEXT(2) 
PARAMETRIC_REPRESENTATION_CONTEXT() REPRESENTATION_CONTEXT('2D SPACE',''
  ) );
#7316 = PCURVE('',#5087,#7317);
#7317 = DEFINITIONAL_REPRESENTATION('',(#7318),#7324);
#7318 = B_SPLINE_CURVE_WITH_KNOTS('',4,(#7319,#7320,#7321,#7322,#7323),
  .UNSPECIFIED.,.F.,.F.,(5,5),(0.,1.),.PIECEWISE_BEZIER_KNOTS.);
#7319 = CARTESIAN_POINT('',(-6.002148274276,-9.950989768973E-03));
#7320 = CARTESIAN_POINT('',(-5.995085433303,-0.131718867519));
#7321 = CARTESIAN_POINT('',(-5.988025974543,-0.253893161363));
#7322 = CARTESIAN_POINT('',(-5.980993639837,-0.376611079311));
#7323 = CARTESIAN_POINT('',(-5.974015167998,-0.5));
#7324 = ( GEOMETRIC_REPRESENTATION_CONTEXT(2) 
PARAMETRIC_REPRESENTATION_CONTEXT() REPRESENTATION_CONTEXT('2D SPACE',''
  ) );
#7325 = ORIENTED_EDGE('',*,*,#5099,.T.);
#7326 = ORIENTED_EDGE('',*,*,#7180,.F.);
#7327 = ADVANCED_FACE('',(#7328),#3742,.T.);
#7328 = FACE_BOUND('',#7329,.T.);
#7329 = EDGE_LOOP('',(#7330,#7331,#7332,#7333,#7362,#7403));
#7330 = ORIENTED_EDGE('',*,*,#3726,.F.);
#7331 = ORIENTED_EDGE('',*,*,#7203,.T.);
#7332 = ORIENTED_EDGE('',*,*,#5149,.T.);
#7333 = ORIENTED_EDGE('',*,*,#7334,.T.);
#7334 = EDGE_CURVE('',#5150,#7335,#7337,.T.);
#7335 = VERTEX_POINT('',#7336);
#7336 = CARTESIAN_POINT('',(19.326798073997,-8.214434529477,
    7.509950989769));
#7337 = SURFACE_CURVE('',#7338,(#7344,#7353),.PCURVE_S1.);
#7338 = B_SPLINE_CURVE_WITH_KNOTS('',4,(#7339,#7340,#7341,#7342,#7343),
  .UNSPECIFIED.,.F.,.F.,(5,5),(0.,1.),.PIECEWISE_BEZIER_KNOTS.);
#7339 = CARTESIAN_POINT('',(18.825846742914,-8.13926252263,8.));
#7340 = CARTESIAN_POINT('',(18.951694642181,-8.156819169659,
    7.877518701917));
#7341 = CARTESIAN_POINT('',(19.077003016268,-8.175564150789,
    7.754986691164));
#7342 = CARTESIAN_POINT('',(19.201965450337,-8.194971953773,
    7.632450178374));
#7343 = CARTESIAN_POINT('',(19.326798073997,-8.214434529477,
    7.509950989769));
#7344 = PCURVE('',#3742,#7345);
#7345 = DEFINITIONAL_REPRESENTATION('',(#7346),#7352);
#7346 = B_SPLINE_CURVE_WITH_KNOTS('',4,(#7347,#7348,#7349,#7350,#7351),
  .UNSPECIFIED.,.F.,.F.,(5,5),(0.,1.),.PIECEWISE_BEZIER_KNOTS.);
#7347 = CARTESIAN_POINT('',(1.,0.768213975802));
#7348 = CARTESIAN_POINT('',(0.984689856599,0.825421850502));
#7349 = CARTESIAN_POINT('',(0.969373371813,0.883124518311));
#7350 = CARTESIAN_POINT('',(0.9540563221,0.941314128942));
#7351 = CARTESIAN_POINT('',(0.938743935879,1.));
#7352 = ( GEOMETRIC_REPRESENTATION_CONTEXT(2) 
PARAMETRIC_REPRESENTATION_CONTEXT() REPRESENTATION_CONTEXT('2D SPACE',''
  ) );
#7353 = PCURVE('',#5195,#7354);
#7354 = DEFINITIONAL_REPRESENTATION('',(#7355),#7361);
#7355 = B_SPLINE_CURVE_WITH_KNOTS('',4,(#7356,#7357,#7358,#7359,#7360),
  .UNSPECIFIED.,.F.,.F.,(5,5),(0.,1.),.PIECEWISE_BEZIER_KNOTS.);
#7356 = CARTESIAN_POINT('',(-5.875109783114,-0.5));
#7357 = CARTESIAN_POINT('',(-5.876759072752,-0.377518701917));
#7358 = CARTESIAN_POINT('',(-5.878318474473,-0.254986691164));
#7359 = CARTESIAN_POINT('',(-5.879818476061,-0.132450178374));
#7360 = CARTESIAN_POINT('',(-5.881290759764,-9.950989768977E-03));
#7361 = ( GEOMETRIC_REPRESENTATION_CONTEXT(2) 
PARAMETRIC_REPRESENTATION_CONTEXT() REPRESENTATION_CONTEXT('2D SPACE',''
  ) );
#7362 = ORIENTED_EDGE('',*,*,#7363,.F.);
#7363 = EDGE_CURVE('',#7364,#7335,#7366,.T.);
#7364 = VERTEX_POINT('',#7365);
#7365 = CARTESIAN_POINT('',(20.744628193191,-3.265342180901,
    0.490049010231));
#7366 = SURFACE_CURVE('',#7367,(#7372,#7379),.PCURVE_S1.);
#7367 = B_SPLINE_CURVE_WITH_KNOTS('',3,(#7368,#7369,#7370,#7371),
  .UNSPECIFIED.,.F.,.F.,(4,4),(0.,1.),.PIECEWISE_BEZIER_KNOTS.);
#7368 = CARTESIAN_POINT('',(20.797547356409,-2.908955819179,0.));
#7369 = CARTESIAN_POINT('',(20.526340046242,-4.850736095144,
    2.666669951599));
#7370 = CARTESIAN_POINT('',(19.981101456484,-6.753951505925,
    5.333330048401));
#7371 = CARTESIAN_POINT('',(19.182980337112,-8.544780008051,8.));
#7372 = PCURVE('',#3742,#7373);
#7373 = DEFINITIONAL_REPRESENTATION('',(#7374),#7378);
#7374 = LINE('',#7375,#7376);
#7375 = CARTESIAN_POINT('',(0.,1.));
#7376 = VECTOR('',#7377,1.);
#7377 = DIRECTION('',(1.,0.));
#7378 = ( GEOMETRIC_REPRESENTATION_CONTEXT(2) 
PARAMETRIC_REPRESENTATION_CONTEXT() REPRESENTATION_CONTEXT('2D SPACE',''
  ) );
#7379 = PCURVE('',#7380,#7397);
#7380 = B_SPLINE_SURFACE_WITH_KNOTS('',3,3,(
    (#7381,#7382,#7383,#7384)
    ,(#7385,#7386,#7387,#7388)
    ,(#7389,#7390,#7391,#7392)
    ,(#7393,#7394,#7395,#7396
    )),.UNSPECIFIED.,.F.,.F.,.F.,(4,4),(4,4),(0.,1.),(0.,1.),
  .PIECEWISE_BEZIER_KNOTS.);
#7381 = CARTESIAN_POINT('',(20.797547356409,-2.908955819179,0.));
#7382 = CARTESIAN_POINT('',(20.762424615514,-3.160066242116,0.));
#7383 = CARTESIAN_POINT('',(20.722753396836,-3.410540459134,0.));
#7384 = CARTESIAN_POINT('',(20.678559720282,-3.660214187003,0.));
#7385 = CARTESIAN_POINT('',(20.526340002029,-4.850736261034,
    2.666670185642));
#7386 = CARTESIAN_POINT('',(20.467772126013,-5.098572125612,
    2.666670185642));
#7387 = CARTESIAN_POINT('',(20.404715086875,-5.345347111829,
    2.666670185642));
#7388 = CARTESIAN_POINT('',(20.337210243018,-5.59089936274,
    2.666670185642));
#7389 = CARTESIAN_POINT('',(19.981101506818,-6.753951341789,
    5.333329814358));
#7390 = CARTESIAN_POINT('',(19.89955413397,-6.995203984994,
    5.333329814358));
#7391 = CARTESIAN_POINT('',(19.813636843984,-7.23497951187,
    5.333329814358));
#7392 = CARTESIAN_POINT('',(19.723405989047,-7.47312065634,
    5.333329814358));
#7393 = CARTESIAN_POINT('',(19.182980337112,-8.544780008051,8.));
#7394 = CARTESIAN_POINT('',(19.079810424142,-8.77639611391,8.));
#7395 = CARTESIAN_POINT('',(18.972445146085,-9.006143444797,8.));
#7396 = CARTESIAN_POINT('',(18.860954922621,-9.233871312015,8.));
#7397 = DEFINITIONAL_REPRESENTATION('',(#7398),#7402);
#7398 = LINE('',#7399,#7400);
#7399 = CARTESIAN_POINT('',(0.,0.));
#7400 = VECTOR('',#7401,1.);
#7401 = DIRECTION('',(1.,0.));
#7402 = ( GEOMETRIC_REPRESENTATION_CONTEXT(2) 
PARAMETRIC_REPRESENTATION_CONTEXT() REPRESENTATION_CONTEXT('2D SPACE',''
  ) );
#7403 = ORIENTED_EDGE('',*,*,#7404,.T.);
#7404 = EDGE_CURVE('',#7364,#3698,#7405,.T.);
#7405 = SURFACE_CURVE('',#7406,(#7412,#7421),.PCURVE_S1.);
#7406 = B_SPLINE_CURVE_WITH_KNOTS('',4,(#7407,#7408,#7409,#7410,#7411),
  .UNSPECIFIED.,.F.,.F.,(5,5),(0.,1.),.PIECEWISE_BEZIER_KNOTS.);
#7407 = CARTESIAN_POINT('',(20.744628193191,-3.265342180901,
    0.490049010231));
#7408 = CARTESIAN_POINT('',(20.647403954571,-3.09989222523,
    0.368281132481));
#7409 = CARTESIAN_POINT('',(20.548030890238,-2.936497326348,
    0.246106838637));
#7410 = CARTESIAN_POINT('',(20.446341190446,-2.775672176538,
    0.123388920689));
#7411 = CARTESIAN_POINT('',(20.342230967537,-2.617964717751,
    -8.881784197001E-16));
#7412 = PCURVE('',#3742,#7413);
#7413 = DEFINITIONAL_REPRESENTATION('',(#7414),#7420);
#7414 = B_SPLINE_CURVE_WITH_KNOTS('',4,(#7415,#7416,#7417,#7418,#7419),
  .UNSPECIFIED.,.F.,.F.,(5,5),(0.,1.),.PIECEWISE_BEZIER_KNOTS.);
#7415 = CARTESIAN_POINT('',(6.125606412117E-02,1.));
#7416 = CARTESIAN_POINT('',(4.603509168317E-02,0.941664479136));
#7417 = CARTESIAN_POINT('',(3.076331927809E-02,0.883642277695));
#7418 = CARTESIAN_POINT('',(1.542359608659E-02,0.825845777756));
#7419 = CARTESIAN_POINT('',(0.,0.768213975802));
#7420 = ( GEOMETRIC_REPRESENTATION_CONTEXT(2) 
PARAMETRIC_REPRESENTATION_CONTEXT() REPRESENTATION_CONTEXT('2D SPACE',''
  ) );
#7421 = PCURVE('',#3714,#7422);
#7422 = DEFINITIONAL_REPRESENTATION('',(#7423),#7429);
#7423 = B_SPLINE_CURVE_WITH_KNOTS('',4,(#7424,#7425,#7426,#7427,#7428),
  .UNSPECIFIED.,.F.,.F.,(5,5),(0.,1.),.PIECEWISE_BEZIER_KNOTS.);
#7424 = CARTESIAN_POINT('',(6.12705969212,0.500049010231));
#7425 = CARTESIAN_POINT('',(6.134122533093,0.378281132481));
#7426 = CARTESIAN_POINT('',(6.141181991853,0.256106838637));
#7427 = CARTESIAN_POINT('',(6.148214326559,0.133388920689));
#7428 = CARTESIAN_POINT('',(6.155192798398,1.E-02));
#7429 = ( GEOMETRIC_REPRESENTATION_CONTEXT(2) 
PARAMETRIC_REPRESENTATION_CONTEXT() REPRESENTATION_CONTEXT('2D SPACE',''
  ) );
#7430 = ADVANCED_FACE('',(#7431),#358,.T.);
#7431 = FACE_BOUND('',#7432,.T.);
#7432 = EDGE_LOOP('',(#7433,#7456,#7457,#7458));
#7433 = ORIENTED_EDGE('',*,*,#7434,.T.);
#7434 = EDGE_CURVE('',#7435,#7230,#7437,.T.);
#7435 = VERTEX_POINT('',#7436);
#7436 = CARTESIAN_POINT('',(21.000039453638,2.003441373076E-02,
    0.490049010231));
#7437 = SURFACE_CURVE('',#7438,(#7444,#7450),.PCURVE_S1.);
#7438 = B_SPLINE_CURVE_WITH_KNOTS('',4,(#7439,#7440,#7441,#7442,#7443),
  .UNSPECIFIED.,.F.,.F.,(5,5),(0.,37.967978667286),
  .PIECEWISE_BEZIER_KNOTS.);
#7439 = CARTESIAN_POINT('',(21.000039450994,2.003441586344E-02,
    0.490049007589));
#7440 = CARTESIAN_POINT('',(21.00022095396,-0.170132100431,
    0.490049088273));
#7441 = CARTESIAN_POINT('',(20.998106073712,-0.360300663042,
    0.490048864172));
#7442 = CARTESIAN_POINT('',(20.993695538624,-0.550430022587,
    0.490049088375));
#7443 = CARTESIAN_POINT('',(20.986990022255,-0.740478309536,
    0.490049007589));
#7444 = PCURVE('',#358,#7445);
#7445 = DEFINITIONAL_REPRESENTATION('',(#7446),#7449);
#7446 = B_SPLINE_CURVE_WITH_KNOTS('',1,(#7447,#7448),.UNSPECIFIED.,.F.,
  .F.,(2,2),(0.,37.967978667286),.PIECEWISE_BEZIER_KNOTS.);
#7447 = CARTESIAN_POINT('',(6.284139324901,0.500049007589));
#7448 = CARTESIAN_POINT('',(6.247917206734,0.500049007589));
#7449 = ( GEOMETRIC_REPRESENTATION_CONTEXT(2) 
PARAMETRIC_REPRESENTATION_CONTEXT() REPRESENTATION_CONTEXT('2D SPACE',''
  ) );
#7450 = PCURVE('',#7275,#7451);
#7451 = DEFINITIONAL_REPRESENTATION('',(#7452),#7455);
#7452 = B_SPLINE_CURVE_WITH_KNOTS('',1,(#7453,#7454),.UNSPECIFIED.,.F.,
  .F.,(2,2),(0.,37.967978667286),.PIECEWISE_BEZIER_KNOTS.);
#7453 = CARTESIAN_POINT('',(6.125605936233E-02,-4.349494997057E-16));
#7454 = CARTESIAN_POINT('',(6.125605936233E-02,1.));
#7455 = ( GEOMETRIC_REPRESENTATION_CONTEXT(2) 
PARAMETRIC_REPRESENTATION_CONTEXT() REPRESENTATION_CONTEXT('2D SPACE',''
  ) );
#7456 = ORIENTED_EDGE('',*,*,#7229,.T.);
#7457 = ORIENTED_EDGE('',*,*,#337,.F.);
#7458 = ORIENTED_EDGE('',*,*,#7459,.F.);
#7459 = EDGE_CURVE('',#7435,#338,#7460,.T.);
#7460 = SURFACE_CURVE('',#7461,(#7467,#7476),.PCURVE_S1.);
#7461 = B_SPLINE_CURVE_WITH_KNOTS('',4,(#7462,#7463,#7464,#7465,#7466),
  .UNSPECIFIED.,.F.,.F.,(5,5),(0.,1.),.PIECEWISE_BEZIER_KNOTS.);
#7462 = CARTESIAN_POINT('',(21.000039453638,2.003441373076E-02,
    0.490049010231));
#7463 = CARTESIAN_POINT('',(20.878130131423,0.168238184142,
    0.368281132481));
#7464 = CARTESIAN_POINT('',(20.754419920816,0.314076048522,
    0.246106838637));
#7465 = CARTESIAN_POINT('',(20.628823593697,0.457013400077,
    0.123388920689));
#7466 = CARTESIAN_POINT('',(20.501324258445,0.59649279132,
    -8.881784197001E-16));
#7467 = PCURVE('',#358,#7468);
#7468 = DEFINITIONAL_REPRESENTATION('',(#7469),#7475);
#7469 = B_SPLINE_CURVE_WITH_KNOTS('',4,(#7470,#7471,#7472,#7473,#7474),
  .UNSPECIFIED.,.F.,.F.,(5,5),(0.,1.),.PIECEWISE_BEZIER_KNOTS.);
#7470 = CARTESIAN_POINT('',(6.284139324799,0.500049010231));
#7471 = CARTESIAN_POINT('',(6.291202165773,0.378281132481));
#7472 = CARTESIAN_POINT('',(6.298261624532,0.256106838637));
#7473 = CARTESIAN_POINT('',(6.305293959239,0.133388920689));
#7474 = CARTESIAN_POINT('',(6.312272431078,9.999999999999E-03));
#7475 = ( GEOMETRIC_REPRESENTATION_CONTEXT(2) 
PARAMETRIC_REPRESENTATION_CONTEXT() REPRESENTATION_CONTEXT('2D SPACE',''
  ) );
#7476 = PCURVE('',#388,#7477);
#7477 = DEFINITIONAL_REPRESENTATION('',(#7478),#7484);
#7478 = B_SPLINE_CURVE_WITH_KNOTS('',4,(#7479,#7480,#7481,#7482,#7483),
  .UNSPECIFIED.,.F.,.F.,(5,5),(0.,1.),.PIECEWISE_BEZIER_KNOTS.);
#7479 = CARTESIAN_POINT('',(6.125606412117E-02,1.));
#7480 = CARTESIAN_POINT('',(4.603509168317E-02,0.941664479136));
#7481 = CARTESIAN_POINT('',(3.076331927809E-02,0.883642277695));
#7482 = CARTESIAN_POINT('',(1.542359608659E-02,0.825845777756));
#7483 = CARTESIAN_POINT('',(0.,0.768213975802));
#7484 = ( GEOMETRIC_REPRESENTATION_CONTEXT(2) 
PARAMETRIC_REPRESENTATION_CONTEXT() REPRESENTATION_CONTEXT('2D SPACE',''
  ) );
#7485 = ADVANCED_FACE('',(#7486),#3714,.T.);
#7486 = FACE_BOUND('',#7487,.T.);
#7487 = EDGE_LOOP('',(#7488,#7517,#7518,#7519));
#7488 = ORIENTED_EDGE('',*,*,#7489,.T.);
#7489 = EDGE_CURVE('',#7490,#3656,#7492,.T.);
#7490 = VERTEX_POINT('',#7491);
#7491 = CARTESIAN_POINT('',(20.612769023127,-4.014450352329,
    0.490049010231));
#7492 = SURFACE_CURVE('',#7493,(#7499,#7508),.PCURVE_S1.);
#7493 = B_SPLINE_CURVE_WITH_KNOTS('',4,(#7494,#7495,#7496,#7497,#7498),
  .UNSPECIFIED.,.F.,.F.,(5,5),(0.,1.),.PIECEWISE_BEZIER_KNOTS.);
#7494 = CARTESIAN_POINT('',(20.612769023127,-4.014450352329,
    0.490049010231));
#7495 = CARTESIAN_POINT('',(20.498439357373,-3.960685091131,
    0.367549821625));
#7496 = CARTESIAN_POINT('',(20.384032800437,-3.906801768347,
    0.245013308838));
#7497 = CARTESIAN_POINT('',(20.269710708367,-3.852175564013,
    0.122481298081));
#7498 = CARTESIAN_POINT('',(20.155606906116,-3.796262668222,
    -4.440892098501E-16));
#7499 = PCURVE('',#3714,#7500);
#7500 = DEFINITIONAL_REPRESENTATION('',(#7501),#7507);
#7501 = B_SPLINE_CURVE_WITH_KNOTS('',4,(#7502,#7503,#7504,#7505,#7506),
  .UNSPECIFIED.,.F.,.F.,(5,5),(0.,1.),.PIECEWISE_BEZIER_KNOTS.);
#7502 = CARTESIAN_POINT('',(6.090837573952,0.500049010231));
#7503 = CARTESIAN_POINT('',(6.092309857655,0.377549821625));
#7504 = CARTESIAN_POINT('',(6.093809859243,0.255013308838));
#7505 = CARTESIAN_POINT('',(6.095369260965,0.132481298081));
#7506 = CARTESIAN_POINT('',(6.097018550602,9.999999999999E-03));
#7507 = ( GEOMETRIC_REPRESENTATION_CONTEXT(2) 
PARAMETRIC_REPRESENTATION_CONTEXT() REPRESENTATION_CONTEXT('2D SPACE',''
  ) );
#7508 = PCURVE('',#3673,#7509);
#7509 = DEFINITIONAL_REPRESENTATION('',(#7510),#7516);
#7510 = B_SPLINE_CURVE_WITH_KNOTS('',4,(#7511,#7512,#7513,#7514,#7515),
  .UNSPECIFIED.,.F.,.F.,(5,5),(0.,1.),.PIECEWISE_BEZIER_KNOTS.);
#7511 = CARTESIAN_POINT('',(6.125606412117E-02,0.));
#7512 = CARTESIAN_POINT('',(4.594367789993E-02,5.86858710587E-02));
#7513 = CARTESIAN_POINT('',(3.062662818737E-02,0.116875481688));
#7514 = CARTESIAN_POINT('',(1.531014340031E-02,0.174578149499));
#7515 = CARTESIAN_POINT('',(0.,0.231786024198));
#7516 = ( GEOMETRIC_REPRESENTATION_CONTEXT(2) 
PARAMETRIC_REPRESENTATION_CONTEXT() REPRESENTATION_CONTEXT('2D SPACE',''
  ) );
#7517 = ORIENTED_EDGE('',*,*,#3697,.T.);
#7518 = ORIENTED_EDGE('',*,*,#7404,.F.);
#7519 = ORIENTED_EDGE('',*,*,#7520,.T.);
#7520 = EDGE_CURVE('',#7364,#7490,#7521,.T.);
#7521 = SURFACE_CURVE('',#7522,(#7528,#7537),.PCURVE_S1.);
#7522 = B_SPLINE_CURVE_WITH_KNOTS('',4,(#7523,#7524,#7525,#7526,#7527),
  .UNSPECIFIED.,.F.,.F.,(5,5),(0.,1.),.PIECEWISE_BEZIER_KNOTS.);
#7523 = CARTESIAN_POINT('',(20.744628190913,-3.265342178381,
    0.490049007589));
#7524 = CARTESIAN_POINT('',(20.715058862027,-3.453195822644,
    0.490049088273));
#7525 = CARTESIAN_POINT('',(20.683221104236,-3.640692253425,
    0.490048864155));
#7526 = CARTESIAN_POINT('',(20.649122066939,-3.827790861953,
    0.490049088273));
#7527 = CARTESIAN_POINT('',(20.612769020942,-4.014450349728,
    0.490049007589));
#7528 = PCURVE('',#3714,#7529);
#7529 = DEFINITIONAL_REPRESENTATION('',(#7530),#7536);
#7530 = B_SPLINE_CURVE_WITH_KNOTS('',4,(#7531,#7532,#7533,#7534,#7535),
  .UNSPECIFIED.,.F.,.F.,(5,5),(0.,1.),.PIECEWISE_BEZIER_KNOTS.);
#7531 = CARTESIAN_POINT('',(6.127059692221,0.500049007589));
#7532 = CARTESIAN_POINT('',(6.118004160833,0.500049088273));
#7533 = CARTESIAN_POINT('',(6.108948636314,0.500048864155));
#7534 = CARTESIAN_POINT('',(6.099893101868,0.500049088273));
#7535 = CARTESIAN_POINT('',(6.090837574054,0.500049007589));
#7536 = ( GEOMETRIC_REPRESENTATION_CONTEXT(2) 
PARAMETRIC_REPRESENTATION_CONTEXT() REPRESENTATION_CONTEXT('2D SPACE',''
  ) );
#7537 = PCURVE('',#7380,#7538);
#7538 = DEFINITIONAL_REPRESENTATION('',(#7539),#7545);
#7539 = B_SPLINE_CURVE_WITH_KNOTS('',4,(#7540,#7541,#7542,#7543,#7544),
  .UNSPECIFIED.,.F.,.F.,(5,5),(0.,1.),.PIECEWISE_BEZIER_KNOTS.);
#7540 = CARTESIAN_POINT('',(6.125605936233E-02,0.));
#7541 = CARTESIAN_POINT('',(6.125606944785E-02,0.249999970936));
#7542 = CARTESIAN_POINT('',(6.125604143309E-02,0.500000050941));
#7543 = CARTESIAN_POINT('',(6.125606944785E-02,0.749999971755));
#7544 = CARTESIAN_POINT('',(6.125605936233E-02,1.));
#7545 = ( GEOMETRIC_REPRESENTATION_CONTEXT(2) 
PARAMETRIC_REPRESENTATION_CONTEXT() REPRESENTATION_CONTEXT('2D SPACE',''
  ) );
#7546 = ADVANCED_FACE('',(#7547),#388,.T.);
#7547 = FACE_BOUND('',#7548,.T.);
#7548 = EDGE_LOOP('',(#7549,#7550,#7572,#7573,#7602,#7624));
#7549 = ORIENTED_EDGE('',*,*,#370,.F.);
#7550 = ORIENTED_EDGE('',*,*,#7551,.T.);
#7551 = EDGE_CURVE('',#371,#5017,#7552,.T.);
#7552 = SURFACE_CURVE('',#7553,(#7558,#7565),.PCURVE_S1.);
#7553 = B_SPLINE_CURVE_WITH_KNOTS('',3,(#7554,#7555,#7556,#7557),
  .UNSPECIFIED.,.F.,.F.,(4,4),(0.,1.),.PIECEWISE_BEZIER_KNOTS.);
#7554 = CARTESIAN_POINT('',(18.766280554294,1.017645705202,0.));
#7555 = CARTESIAN_POINT('',(18.861636234408,-0.734416534513,
    2.666669690328));
#7556 = CARTESIAN_POINT('',(18.709684285998,-2.499680580309,
    5.333330309672));
#7557 = CARTESIAN_POINT('',(18.316318718252,-4.209674243362,8.));
#7558 = PCURVE('',#388,#7559);
#7559 = DEFINITIONAL_REPRESENTATION('',(#7560),#7564);
#7560 = LINE('',#7561,#7562);
#7561 = CARTESIAN_POINT('',(0.,0.));
#7562 = VECTOR('',#7563,1.);
#7563 = DIRECTION('',(1.,0.));
#7564 = ( GEOMETRIC_REPRESENTATION_CONTEXT(2) 
PARAMETRIC_REPRESENTATION_CONTEXT() REPRESENTATION_CONTEXT('2D SPACE',''
  ) );
#7565 = PCURVE('',#430,#7566);
#7566 = DEFINITIONAL_REPRESENTATION('',(#7567),#7571);
#7567 = LINE('',#7568,#7569);
#7568 = CARTESIAN_POINT('',(0.,1.));
#7569 = VECTOR('',#7570,1.);
#7570 = DIRECTION('',(1.,0.));
#7571 = ( GEOMETRIC_REPRESENTATION_CONTEXT(2) 
PARAMETRIC_REPRESENTATION_CONTEXT() REPRESENTATION_CONTEXT('2D SPACE',''
  ) );
#7572 = ORIENTED_EDGE('',*,*,#5041,.T.);
#7573 = ORIENTED_EDGE('',*,*,#7574,.T.);
#7574 = EDGE_CURVE('',#5042,#7575,#7577,.T.);
#7575 = VERTEX_POINT('',#7576);
#7576 = CARTESIAN_POINT('',(20.37387378995,-5.0899238917,7.509950989769)
  );
#7577 = SURFACE_CURVE('',#7578,(#7584,#7593),.PCURVE_S1.);
#7578 = B_SPLINE_CURVE_WITH_KNOTS('',4,(#7579,#7580,#7581,#7582,#7583),
  .UNSPECIFIED.,.F.,.F.,(5,5),(0.,1.),.PIECEWISE_BEZIER_KNOTS.);
#7579 = CARTESIAN_POINT('',(19.867330508357,-5.094043430488,8.));
#7580 = CARTESIAN_POINT('',(19.994375475837,-5.091696977259,
    7.877518701917));
#7581 = CARTESIAN_POINT('',(20.121073456997,-5.090608628101,
    7.754986691164));
#7582 = CARTESIAN_POINT('',(20.247533445417,-5.090229057301,
    7.632450178374));
#7583 = CARTESIAN_POINT('',(20.37387378995,-5.0899238917,7.509950989769)
  );
#7584 = PCURVE('',#388,#7585);
#7585 = DEFINITIONAL_REPRESENTATION('',(#7586),#7592);
#7586 = B_SPLINE_CURVE_WITH_KNOTS('',4,(#7587,#7588,#7589,#7590,#7591),
  .UNSPECIFIED.,.F.,.F.,(5,5),(0.,1.),.PIECEWISE_BEZIER_KNOTS.);
#7587 = CARTESIAN_POINT('',(1.,0.768213975802));
#7588 = CARTESIAN_POINT('',(0.984689856599,0.825421850502));
#7589 = CARTESIAN_POINT('',(0.969373371813,0.883124518311));
#7590 = CARTESIAN_POINT('',(0.9540563221,0.941314128942));
#7591 = CARTESIAN_POINT('',(0.938743935879,1.));
#7592 = ( GEOMETRIC_REPRESENTATION_CONTEXT(2) 
PARAMETRIC_REPRESENTATION_CONTEXT() REPRESENTATION_CONTEXT('2D SPACE',''
  ) );
#7593 = PCURVE('',#5087,#7594);
#7594 = DEFINITIONAL_REPRESENTATION('',(#7595),#7601);
#7595 = B_SPLINE_CURVE_WITH_KNOTS('',4,(#7596,#7597,#7598,#7599,#7600),
  .UNSPECIFIED.,.F.,.F.,(5,5),(0.,1.),.PIECEWISE_BEZIER_KNOTS.);
#7596 = CARTESIAN_POINT('',(-6.032189415794,-0.5));
#7597 = CARTESIAN_POINT('',(-6.033838705431,-0.377518701917));
#7598 = CARTESIAN_POINT('',(-6.035398107153,-0.254986691164));
#7599 = CARTESIAN_POINT('',(-6.03689810874,-0.132450178374));
#7600 = CARTESIAN_POINT('',(-6.038370392443,-9.950989768966E-03));
#7601 = ( GEOMETRIC_REPRESENTATION_CONTEXT(2) 
PARAMETRIC_REPRESENTATION_CONTEXT() REPRESENTATION_CONTEXT('2D SPACE',''
  ) );
#7602 = ORIENTED_EDGE('',*,*,#7603,.F.);
#7603 = EDGE_CURVE('',#7435,#7575,#7604,.T.);
#7604 = SURFACE_CURVE('',#7605,(#7610,#7617),.PCURVE_S1.);
#7605 = B_SPLINE_CURVE_WITH_KNOTS('',3,(#7606,#7607,#7608,#7609),
  .UNSPECIFIED.,.F.,.F.,(4,4),(0.,1.),.PIECEWISE_BEZIER_KNOTS.);
#7606 = CARTESIAN_POINT('',(20.996555984299,0.380311448939,0.));
#7607 = CARTESIAN_POINT('',(21.032449044859,-1.57998846011,
    2.666669951599));
#7608 = CARTESIAN_POINT('',(20.791651731554,-3.545066238087,
    5.333330048401));
#7609 = CARTESIAN_POINT('',(20.283504106277,-5.438700319989,8.));
#7610 = PCURVE('',#388,#7611);
#7611 = DEFINITIONAL_REPRESENTATION('',(#7612),#7616);
#7612 = LINE('',#7613,#7614);
#7613 = CARTESIAN_POINT('',(0.,1.));
#7614 = VECTOR('',#7615,1.);
#7615 = DIRECTION('',(1.,0.));
#7616 = ( GEOMETRIC_REPRESENTATION_CONTEXT(2) 
PARAMETRIC_REPRESENTATION_CONTEXT() REPRESENTATION_CONTEXT('2D SPACE',''
  ) );
#7617 = PCURVE('',#7275,#7618);
#7618 = DEFINITIONAL_REPRESENTATION('',(#7619),#7623);
#7619 = LINE('',#7620,#7621);
#7620 = CARTESIAN_POINT('',(0.,0.));
#7621 = VECTOR('',#7622,1.);
#7622 = DIRECTION('',(1.,0.));
#7623 = ( GEOMETRIC_REPRESENTATION_CONTEXT(2) 
PARAMETRIC_REPRESENTATION_CONTEXT() REPRESENTATION_CONTEXT('2D SPACE',''
  ) );
#7624 = ORIENTED_EDGE('',*,*,#7459,.T.);
#7625 = ADVANCED_FACE('',(#7626),#3673,.T.);
#7626 = FACE_BOUND('',#7627,.T.);
#7627 = EDGE_LOOP('',(#7628,#7629,#7630,#7654,#7681,#7682));
#7628 = ORIENTED_EDGE('',*,*,#3655,.F.);
#7629 = ORIENTED_EDGE('',*,*,#7489,.F.);
#7630 = ORIENTED_EDGE('',*,*,#7631,.T.);
#7631 = EDGE_CURVE('',#7490,#7632,#7634,.T.);
#7632 = VERTEX_POINT('',#7633);
#7633 = CARTESIAN_POINT('',(19.016641518902,-8.908950767273,
    7.509950989769));
#7634 = SURFACE_CURVE('',#7635,(#7640,#7647),.PCURVE_S1.);
#7635 = B_SPLINE_CURVE_WITH_KNOTS('',3,(#7636,#7637,#7638,#7639),
  .UNSPECIFIED.,.F.,.F.,(4,4),(0.,1.),.PIECEWISE_BEZIER_KNOTS.);
#7636 = CARTESIAN_POINT('',(20.678559720282,-3.660214187003,0.));
#7637 = CARTESIAN_POINT('',(20.337210293209,-5.59089919856,
    2.666669951599));
#7638 = CARTESIAN_POINT('',(19.723405932802,-7.473120818546,
    5.333330048401));
#7639 = CARTESIAN_POINT('',(18.860954922621,-9.233871312015,8.));
#7640 = PCURVE('',#3673,#7641);
#7641 = DEFINITIONAL_REPRESENTATION('',(#7642),#7646);
#7642 = LINE('',#7643,#7644);
#7643 = CARTESIAN_POINT('',(0.,0.));
#7644 = VECTOR('',#7645,1.);
#7645 = DIRECTION('',(1.,0.));
#7646 = ( GEOMETRIC_REPRESENTATION_CONTEXT(2) 
PARAMETRIC_REPRESENTATION_CONTEXT() REPRESENTATION_CONTEXT('2D SPACE',''
  ) );
#7647 = PCURVE('',#7380,#7648);
#7648 = DEFINITIONAL_REPRESENTATION('',(#7649),#7653);
#7649 = LINE('',#7650,#7651);
#7650 = CARTESIAN_POINT('',(0.,1.));
#7651 = VECTOR('',#7652,1.);
#7652 = DIRECTION('',(1.,0.));
#7653 = ( GEOMETRIC_REPRESENTATION_CONTEXT(2) 
PARAMETRIC_REPRESENTATION_CONTEXT() REPRESENTATION_CONTEXT('2D SPACE',''
  ) );
#7654 = ORIENTED_EDGE('',*,*,#7655,.T.);
#7655 = EDGE_CURVE('',#7632,#5175,#7656,.T.);
#7656 = SURFACE_CURVE('',#7657,(#7663,#7672),.PCURVE_S1.);
#7657 = B_SPLINE_CURVE_WITH_KNOTS('',4,(#7658,#7659,#7660,#7661,#7662),
  .UNSPECIFIED.,.F.,.F.,(5,5),(0.,1.),.PIECEWISE_BEZIER_KNOTS.);
#7658 = CARTESIAN_POINT('',(19.016641518902,-8.908950767273,
    7.509950989769));
#7659 = CARTESIAN_POINT('',(18.843451841371,-8.991604115684,
    7.631718867519));
#7660 = CARTESIAN_POINT('',(18.669632292373,-9.071351612709,
    7.753893161363));
#7661 = CARTESIAN_POINT('',(18.495331995764,-9.14767284473,
    7.876611079311));
#7662 = CARTESIAN_POINT('',(18.320771655375,-9.220055637122,8.));
#7663 = PCURVE('',#3673,#7664);
#7664 = DEFINITIONAL_REPRESENTATION('',(#7665),#7671);
#7665 = B_SPLINE_CURVE_WITH_KNOTS('',4,(#7666,#7667,#7668,#7669,#7670),
  .UNSPECIFIED.,.F.,.F.,(5,5),(0.,1.),.PIECEWISE_BEZIER_KNOTS.);
#7666 = CARTESIAN_POINT('',(0.938743935879,0.));
#7667 = CARTESIAN_POINT('',(0.953964908317,5.833552086386E-02));
#7668 = CARTESIAN_POINT('',(0.969236680722,0.116357722305));
#7669 = CARTESIAN_POINT('',(0.984576403913,0.174154222244));
#7670 = CARTESIAN_POINT('',(1.,0.231786024198));
#7671 = ( GEOMETRIC_REPRESENTATION_CONTEXT(2) 
PARAMETRIC_REPRESENTATION_CONTEXT() REPRESENTATION_CONTEXT('2D SPACE',''
  ) );
#7672 = PCURVE('',#5195,#7673);
#7673 = DEFINITIONAL_REPRESENTATION('',(#7674),#7680);
#7674 = B_SPLINE_CURVE_WITH_KNOTS('',4,(#7675,#7676,#7677,#7678,#7679),
  .UNSPECIFIED.,.F.,.F.,(5,5),(0.,1.),.PIECEWISE_BEZIER_KNOTS.);
#7675 = CARTESIAN_POINT('',(-5.845068641597,-9.950989768972E-03));
#7676 = CARTESIAN_POINT('',(-5.838005800623,-0.131718867519));
#7677 = CARTESIAN_POINT('',(-5.830946341864,-0.253893161363));
#7678 = CARTESIAN_POINT('',(-5.823914007157,-0.376611079311));
#7679 = CARTESIAN_POINT('',(-5.816935535318,-0.5));
#7680 = ( GEOMETRIC_REPRESENTATION_CONTEXT(2) 
PARAMETRIC_REPRESENTATION_CONTEXT() REPRESENTATION_CONTEXT('2D SPACE',''
  ) );
#7681 = ORIENTED_EDGE('',*,*,#5207,.T.);
#7682 = ORIENTED_EDGE('',*,*,#7152,.F.);
#7683 = ADVANCED_FACE('',(#7684),#430,.T.);
#7684 = FACE_BOUND('',#7685,.T.);
#7685 = EDGE_LOOP('',(#7686,#7687,#7729,#7730));
#7686 = ORIENTED_EDGE('',*,*,#412,.F.);
#7687 = ORIENTED_EDGE('',*,*,#7688,.T.);
#7688 = EDGE_CURVE('',#413,#4988,#7689,.T.);
#7689 = SURFACE_CURVE('',#7690,(#7701,#7715),.PCURVE_S1.);
#7690 = B_SPLINE_CURVE_WITH_KNOTS('',5,(#7691,#7692,#7693,#7694,#7695,
    #7696,#7697,#7698,#7699,#7700),.UNSPECIFIED.,.F.,.F.,(6,4,6),(0.,
    0.499817696858,1.),.UNSPECIFIED.);
#7691 = CARTESIAN_POINT('',(18.697977139425,1.407318454078,
    -4.748226523158E-16));
#7692 = CARTESIAN_POINT('',(18.736181483859,0.896563805576,
    0.799704229323));
#7693 = CARTESIAN_POINT('',(18.756888017039,0.384504900726,
    1.599409578153));
#7694 = CARTESIAN_POINT('',(18.760152512761,-0.128043762008,
    2.399119460076));
#7695 = CARTESIAN_POINT('',(18.746034556342,-0.640303004447,
    3.198830276688));
#7696 = CARTESIAN_POINT('',(18.683104524518,-1.663061833451,
    4.798836236648));
#7697 = CARTESIAN_POINT('',(18.634267194018,-2.173559105236,
    5.599130427339));
#7698 = CARTESIAN_POINT('',(18.568117947501,-2.682209344099,
    6.399423687558));
#7699 = CARTESIAN_POINT('',(18.484693327696,-3.188230263655,
    7.199712403266));
#7700 = CARTESIAN_POINT('',(18.384038010748,-3.690804892839,8.));
#7701 = PCURVE('',#430,#7702);
#7702 = DEFINITIONAL_REPRESENTATION('',(#7703),#7714);
#7703 = B_SPLINE_CURVE_WITH_KNOTS('',5,(#7704,#7705,#7706,#7707,#7708,
    #7709,#7710,#7711,#7712,#7713),.UNSPECIFIED.,.F.,.F.,(6,4,6),(0.,
    0.499817696858,1.),.UNSPECIFIED.);
#7704 = CARTESIAN_POINT('',(0.,0.569621255729));
#7705 = CARTESIAN_POINT('',(9.996291532019E-02,0.555685689964));
#7706 = CARTESIAN_POINT('',(0.199926055556,0.541780231253));
#7707 = CARTESIAN_POINT('',(0.299889819091,0.527865196857));
#7708 = CARTESIAN_POINT('',(0.399853727809,0.513945290811));
#7709 = CARTESIAN_POINT('',(0.599854586192,0.486095326253));
#7710 = CARTESIAN_POINT('',(0.699891416774,0.472165255336));
#7711 = CARTESIAN_POINT('',(0.7999281027,0.458240056145));
#7712 = CARTESIAN_POINT('',(0.899964163836,0.444324475746));
#7713 = CARTESIAN_POINT('',(1.,0.430378744271));
#7714 = ( GEOMETRIC_REPRESENTATION_CONTEXT(2) 
PARAMETRIC_REPRESENTATION_CONTEXT() REPRESENTATION_CONTEXT('2D SPACE',''
  ) );
#7715 = PCURVE('',#474,#7716);
#7716 = DEFINITIONAL_REPRESENTATION('',(#7717),#7728);
#7717 = B_SPLINE_CURVE_WITH_KNOTS('',5,(#7718,#7719,#7720,#7721,#7722,
    #7723,#7724,#7725,#7726,#7727),.UNSPECIFIED.,.F.,.F.,(6,4,6),(0.,
    0.499817696858,1.),.UNSPECIFIED.);
#7718 = CARTESIAN_POINT('',(1.08638310639E-02,0.1));
#7719 = CARTESIAN_POINT('',(1.062650157014E-02,0.899704229323));
#7720 = CARTESIAN_POINT('',(1.033101182443E-02,1.699409578153));
#7721 = CARTESIAN_POINT('',(1.009220891037E-02,2.499119460075));
#7722 = CARTESIAN_POINT('',(9.973019553417E-03,3.298830276688));
#7723 = CARTESIAN_POINT('',(9.972671877673E-03,4.898836236476));
#7724 = CARTESIAN_POINT('',(1.009168678065E-02,5.69913042791));
#7725 = CARTESIAN_POINT('',(1.033058041384E-02,6.499423686701));
#7726 = CARTESIAN_POINT('',(1.062632852879E-02,7.299712403952));
#7727 = CARTESIAN_POINT('',(1.086383106381E-02,8.099999999714));
#7728 = ( GEOMETRIC_REPRESENTATION_CONTEXT(2) 
PARAMETRIC_REPRESENTATION_CONTEXT() REPRESENTATION_CONTEXT('2D SPACE',''
  ) );
#7729 = ORIENTED_EDGE('',*,*,#5016,.T.);
#7730 = ORIENTED_EDGE('',*,*,#7551,.F.);
#7731 = ADVANCED_FACE('',(#7732),#474,.F.);
#7732 = FACE_BOUND('',#7733,.F.);
#7733 = EDGE_LOOP('',(#7734,#7756,#7757,#7758));
#7734 = ORIENTED_EDGE('',*,*,#7735,.F.);
#7735 = EDGE_CURVE('',#455,#4908,#7736,.T.);
#7736 = SURFACE_CURVE('',#7737,(#7743,#7750),.PCURVE_S1.);
#7737 = B_SPLINE_CURVE_WITH_KNOTS('',4,(#7738,#7739,#7740,#7741,#7742),
  .UNSPECIFIED.,.F.,.F.,(5,5),(0.,8.2),.PIECEWISE_BEZIER_KNOTS.);
#7738 = CARTESIAN_POINT('',(18.682230834159,1.47032345394,-1.E-01));
#7739 = CARTESIAN_POINT('',(18.785183990764,0.162179567875,1.95));
#7740 = CARTESIAN_POINT('',(18.766006901168,-1.155598531929,4.));
#7741 = CARTESIAN_POINT('',(18.623356362968,-2.465773216862,6.05));
#7742 = CARTESIAN_POINT('',(18.360680374232,-3.751401897332,8.1));
#7743 = PCURVE('',#474,#7744);
#7744 = DEFINITIONAL_REPRESENTATION('',(#7745),#7749);
#7745 = LINE('',#7746,#7747);
#7746 = CARTESIAN_POINT('',(0.,0.));
#7747 = VECTOR('',#7748,1.);
#7748 = DIRECTION('',(0.,1.));
#7749 = ( GEOMETRIC_REPRESENTATION_CONTEXT(2) 
PARAMETRIC_REPRESENTATION_CONTEXT() REPRESENTATION_CONTEXT('2D SPACE',''
  ) );
#7750 = PCURVE('',#548,#7751);
#7751 = DEFINITIONAL_REPRESENTATION('',(#7752),#7755);
#7752 = B_SPLINE_CURVE_WITH_KNOTS('',1,(#7753,#7754),.UNSPECIFIED.,.F.,
  .F.,(2,2),(0.,8.2),.PIECEWISE_BEZIER_KNOTS.);
#7753 = CARTESIAN_POINT('',(1.570796326795,0.));
#7754 = CARTESIAN_POINT('',(1.570796326795,8.2));
#7755 = ( GEOMETRIC_REPRESENTATION_CONTEXT(2) 
PARAMETRIC_REPRESENTATION_CONTEXT() REPRESENTATION_CONTEXT('2D SPACE',''
  ) );
#7756 = ORIENTED_EDGE('',*,*,#454,.F.);
#7757 = ORIENTED_EDGE('',*,*,#7688,.T.);
#7758 = ORIENTED_EDGE('',*,*,#4987,.T.);
#7759 = ADVANCED_FACE('',(#7760),#548,.F.);
#7760 = FACE_BOUND('',#7761,.F.);
#7761 = EDGE_LOOP('',(#7762,#7784,#7785,#7786));
#7762 = ORIENTED_EDGE('',*,*,#7763,.F.);
#7763 = EDGE_CURVE('',#495,#4879,#7764,.T.);
#7764 = SURFACE_CURVE('',#7765,(#7771,#7777),.PCURVE_S1.);
#7765 = B_SPLINE_CURVE_WITH_KNOTS('',4,(#7766,#7767,#7768,#7769,#7770),
  .UNSPECIFIED.,.F.,.F.,(5,5),(0.,8.2),.PIECEWISE_BEZIER_KNOTS.);
#7766 = CARTESIAN_POINT('',(-1.47032345394,18.682230834159,-1.E-01));
#7767 = CARTESIAN_POINT('',(-0.162179567875,18.785183990764,1.95));
#7768 = CARTESIAN_POINT('',(1.155598531929,18.766006901168,4.));
#7769 = CARTESIAN_POINT('',(2.465773216862,18.623356362968,6.05));
#7770 = CARTESIAN_POINT('',(3.751401897332,18.360680374232,8.1));
#7771 = PCURVE('',#548,#7772);
#7772 = DEFINITIONAL_REPRESENTATION('',(#7773),#7776);
#7773 = B_SPLINE_CURVE_WITH_KNOTS('',1,(#7774,#7775),.UNSPECIFIED.,.F.,
  .F.,(2,2),(0.,8.2),.PIECEWISE_BEZIER_KNOTS.);
#7774 = CARTESIAN_POINT('',(0.,0.));
#7775 = CARTESIAN_POINT('',(0.,8.2));
#7776 = ( GEOMETRIC_REPRESENTATION_CONTEXT(2) 
PARAMETRIC_REPRESENTATION_CONTEXT() REPRESENTATION_CONTEXT('2D SPACE',''
  ) );
#7777 = PCURVE('',#630,#7778);
#7778 = DEFINITIONAL_REPRESENTATION('',(#7779),#7783);
#7779 = LINE('',#7780,#7781);
#7780 = CARTESIAN_POINT('',(3.26,0.));
#7781 = VECTOR('',#7782,1.);
#7782 = DIRECTION('',(0.,1.));
#7783 = ( GEOMETRIC_REPRESENTATION_CONTEXT(2) 
PARAMETRIC_REPRESENTATION_CONTEXT() REPRESENTATION_CONTEXT('2D SPACE',''
  ) );
#7784 = ORIENTED_EDGE('',*,*,#494,.F.);
#7785 = ORIENTED_EDGE('',*,*,#7735,.T.);
#7786 = ORIENTED_EDGE('',*,*,#4907,.T.);
#7787 = ADVANCED_FACE('',(#7788),#630,.F.);
#7788 = FACE_BOUND('',#7789,.F.);
#7789 = EDGE_LOOP('',(#7790,#7791,#7792,#7793));
#7790 = ORIENTED_EDGE('',*,*,#610,.F.);
#7791 = ORIENTED_EDGE('',*,*,#7763,.T.);
#7792 = ORIENTED_EDGE('',*,*,#4878,.T.);
#7793 = ORIENTED_EDGE('',*,*,#7794,.T.);
#7794 = EDGE_CURVE('',#4854,#611,#7795,.T.);
#7795 = SURFACE_CURVE('',#7796,(#7807,#7821),.PCURVE_S1.);
#7796 = B_SPLINE_CURVE_WITH_KNOTS('',5,(#7797,#7798,#7799,#7800,#7801,
    #7802,#7803,#7804,#7805,#7806),.UNSPECIFIED.,.F.,.F.,(6,4,6),(0.,
    0.500967496275,1.),.UNSPECIFIED.);
#7797 = CARTESIAN_POINT('',(3.690804892839,18.384038010748,8.));
#7798 = CARTESIAN_POINT('',(3.187441315118,18.484851338073,
    7.198456100659));
#7799 = CARTESIAN_POINT('',(2.680620619384,18.568379826166,6.39691108121
    ));
#7800 = CARTESIAN_POINT('',(2.171163629217,18.634578593389,
    5.595361495286));
#7801 = CARTESIAN_POINT('',(1.659856263727,18.683410929663,
    4.793810986092));
#7802 = CARTESIAN_POINT('',(0.637084047546,18.746123014751,
    3.193805026155));
#7803 = CARTESIAN_POINT('',(0.125628188869,18.760136997184,
    2.395350528434));
#7804 = CARTESIAN_POINT('',(-0.386113743592,18.756822916572,
    1.596896971484));
#7805 = CARTESIAN_POINT('',(-0.897366179865,18.736121466149,
    0.79844792715));
#7806 = CARTESIAN_POINT('',(-1.407318454078,18.697977139425,
    -4.992154650524E-16));
#7807 = PCURVE('',#630,#7808);
#7808 = DEFINITIONAL_REPRESENTATION('',(#7809),#7820);
#7809 = B_SPLINE_CURVE_WITH_KNOTS('',5,(#7810,#7811,#7812,#7813,#7814,
    #7815,#7816,#7817,#7818,#7819),.UNSPECIFIED.,.F.,.F.,(6,4,6),(0.,
    0.500967496275,1.),.UNSPECIFIED.);
#7810 = CARTESIAN_POINT('',(3.249136168936,8.099999999726));
#7811 = CARTESIAN_POINT('',(3.249374044121,7.298456101317));
#7812 = CARTESIAN_POINT('',(3.249670348859,6.496911080389));
#7813 = CARTESIAN_POINT('',(3.24990943702,5.695361495834));
#7814 = CARTESIAN_POINT('',(3.250028074268,4.893810985928));
#7815 = CARTESIAN_POINT('',(3.250026229131,3.293805026351));
#7816 = CARTESIAN_POINT('',(3.249906666039,2.495350527778));
#7817 = CARTESIAN_POINT('',(3.249668059334,1.696896972468));
#7818 = CARTESIAN_POINT('',(3.249373125777,0.898447926363));
#7819 = CARTESIAN_POINT('',(3.249136168936,0.100000000328));
#7820 = ( GEOMETRIC_REPRESENTATION_CONTEXT(2) 
PARAMETRIC_REPRESENTATION_CONTEXT() REPRESENTATION_CONTEXT('2D SPACE',''
  ) );
#7821 = PCURVE('',#668,#7822);
#7822 = DEFINITIONAL_REPRESENTATION('',(#7823),#7834);
#7823 = B_SPLINE_CURVE_WITH_KNOTS('',5,(#7824,#7825,#7826,#7827,#7828,
    #7829,#7830,#7831,#7832,#7833),.UNSPECIFIED.,.F.,.F.,(6,4,6),(0.,
    0.500967496275,1.),.UNSPECIFIED.);
#7824 = CARTESIAN_POINT('',(1.,0.430378744271));
#7825 = CARTESIAN_POINT('',(0.899807126188,0.444346367968));
#7826 = CARTESIAN_POINT('',(0.799614026995,0.458283745713));
#7827 = CARTESIAN_POINT('',(0.699420300133,0.472230835363));
#7828 = CARTESIAN_POINT('',(0.599226429516,0.48618279672));
#7829 = CARTESIAN_POINT('',(0.399225571137,0.514032761069));
#7830 = CARTESIAN_POINT('',(0.299418702502,0.527930776668));
#7831 = CARTESIAN_POINT('',(0.199611979811,0.541823921045));
#7832 = CARTESIAN_POINT('',(9.980587772661E-02,0.555707582178));
#7833 = CARTESIAN_POINT('',(0.,0.569621255729));
#7834 = ( GEOMETRIC_REPRESENTATION_CONTEXT(2) 
PARAMETRIC_REPRESENTATION_CONTEXT() REPRESENTATION_CONTEXT('2D SPACE',''
  ) );
#7835 = ADVANCED_FACE('',(#7836),#3583,.T.);
#7836 = FACE_BOUND('',#7837,.T.);
#7837 = EDGE_LOOP('',(#7838,#7839,#7840,#7841,#7842,#7843));
#7838 = ORIENTED_EDGE('',*,*,#3565,.F.);
#7839 = ORIENTED_EDGE('',*,*,#4538,.F.);
#7840 = ORIENTED_EDGE('',*,*,#4600,.T.);
#7841 = ORIENTED_EDGE('',*,*,#4654,.T.);
#7842 = ORIENTED_EDGE('',*,*,#5257,.T.);
#7843 = ORIENTED_EDGE('',*,*,#7844,.F.);
#7844 = EDGE_CURVE('',#3524,#5258,#7845,.T.);
#7845 = SURFACE_CURVE('',#7846,(#7851,#7858),.PCURVE_S1.);
#7846 = B_SPLINE_CURVE_WITH_KNOTS('',3,(#7847,#7848,#7849,#7850),
  .UNSPECIFIED.,.F.,.F.,(4,4),(0.,1.),.PIECEWISE_BEZIER_KNOTS.);
#7847 = CARTESIAN_POINT('',(17.533323590624,-6.766938191697,0.));
#7848 = CARTESIAN_POINT('',(16.901862552032,-8.404030661385,
    2.666669690328));
#7849 = CARTESIAN_POINT('',(16.039427871906,-9.951755756007,
    5.333330309672));
#7850 = CARTESIAN_POINT('',(14.979472217232,-11.35007932646,8.));
#7851 = PCURVE('',#3583,#7852);
#7852 = DEFINITIONAL_REPRESENTATION('',(#7853),#7857);
#7853 = LINE('',#7854,#7855);
#7854 = CARTESIAN_POINT('',(0.,1.));
#7855 = VECTOR('',#7856,1.);
#7856 = DIRECTION('',(1.,0.));
#7857 = ( GEOMETRIC_REPRESENTATION_CONTEXT(2) 
PARAMETRIC_REPRESENTATION_CONTEXT() REPRESENTATION_CONTEXT('2D SPACE',''
  ) );
#7858 = PCURVE('',#3541,#7859);
#7859 = DEFINITIONAL_REPRESENTATION('',(#7860),#7864);
#7860 = LINE('',#7861,#7862);
#7861 = CARTESIAN_POINT('',(0.,0.));
#7862 = VECTOR('',#7863,1.);
#7863 = DIRECTION('',(1.,0.));
#7864 = ( GEOMETRIC_REPRESENTATION_CONTEXT(2) 
PARAMETRIC_REPRESENTATION_CONTEXT() REPRESENTATION_CONTEXT('2D SPACE',''
  ) );
#7865 = ADVANCED_FACE('',(#7866),#668,.T.);
#7866 = FACE_BOUND('',#7867,.T.);
#7867 = EDGE_LOOP('',(#7868,#7869,#7891,#7892));
#7868 = ORIENTED_EDGE('',*,*,#650,.F.);
#7869 = ORIENTED_EDGE('',*,*,#7870,.T.);
#7870 = EDGE_CURVE('',#651,#4829,#7871,.T.);
#7871 = SURFACE_CURVE('',#7872,(#7877,#7884),.PCURVE_S1.);
#7872 = B_SPLINE_CURVE_WITH_KNOTS('',3,(#7873,#7874,#7875,#7876),
  .UNSPECIFIED.,.F.,.F.,(4,4),(0.,1.),.PIECEWISE_BEZIER_KNOTS.);
#7873 = CARTESIAN_POINT('',(-1.930576261421,18.694431361307,0.));
#7874 = CARTESIAN_POINT('',(-0.185238877753,18.875019884585,
    2.666669690328));
#7875 = CARTESIAN_POINT('',(1.585331430628,18.809237447073,
    5.333330309672));
#7876 = CARTESIAN_POINT('',(3.312456652197,18.499635659956,8.));
#7877 = PCURVE('',#668,#7878);
#7878 = DEFINITIONAL_REPRESENTATION('',(#7879),#7883);
#7879 = LINE('',#7880,#7881);
#7880 = CARTESIAN_POINT('',(0.,0.));
#7881 = VECTOR('',#7882,1.);
#7882 = DIRECTION('',(1.,0.));
#7883 = ( GEOMETRIC_REPRESENTATION_CONTEXT(2) 
PARAMETRIC_REPRESENTATION_CONTEXT() REPRESENTATION_CONTEXT('2D SPACE',''
  ) );
#7884 = PCURVE('',#710,#7885);
#7885 = DEFINITIONAL_REPRESENTATION('',(#7886),#7890);
#7886 = LINE('',#7887,#7888);
#7887 = CARTESIAN_POINT('',(0.,1.));
#7888 = VECTOR('',#7889,1.);
#7889 = DIRECTION('',(1.,0.));
#7890 = ( GEOMETRIC_REPRESENTATION_CONTEXT(2) 
PARAMETRIC_REPRESENTATION_CONTEXT() REPRESENTATION_CONTEXT('2D SPACE',''
  ) );
#7891 = ORIENTED_EDGE('',*,*,#4853,.T.);
#7892 = ORIENTED_EDGE('',*,*,#7794,.T.);
#7893 = ADVANCED_FACE('',(#7894),#3541,.T.);
#7894 = FACE_BOUND('',#7895,.T.);
#7895 = EDGE_LOOP('',(#7896,#7897,#7898,#7899));
#7896 = ORIENTED_EDGE('',*,*,#3523,.F.);
#7897 = ORIENTED_EDGE('',*,*,#7844,.T.);
#7898 = ORIENTED_EDGE('',*,*,#5282,.T.);
#7899 = ORIENTED_EDGE('',*,*,#7900,.F.);
#7900 = EDGE_CURVE('',#3482,#5283,#7901,.T.);
#7901 = SURFACE_CURVE('',#7902,(#7907,#7914),.PCURVE_S1.);
#7902 = B_SPLINE_CURVE_WITH_KNOTS('',3,(#7903,#7904,#7905,#7906),
  .UNSPECIFIED.,.F.,.F.,(4,4),(0.,1.),.PIECEWISE_BEZIER_KNOTS.);
#7903 = CARTESIAN_POINT('',(17.182879890888,-7.612984124449,0.));
#7904 = CARTESIAN_POINT('',(16.472422812204,-9.217373583688,
    2.666669690328));
#7905 = CARTESIAN_POINT('',(15.535619528485,-10.72125062441,
    5.333330309672));
#7906 = CARTESIAN_POINT('',(14.408807363591,-12.06628190383,8.));
#7907 = PCURVE('',#3541,#7908);
#7908 = DEFINITIONAL_REPRESENTATION('',(#7909),#7913);
#7909 = LINE('',#7910,#7911);
#7910 = CARTESIAN_POINT('',(0.,1.));
#7911 = VECTOR('',#7912,1.);
#7912 = DIRECTION('',(1.,0.));
#7913 = ( GEOMETRIC_REPRESENTATION_CONTEXT(2) 
PARAMETRIC_REPRESENTATION_CONTEXT() REPRESENTATION_CONTEXT('2D SPACE',''
  ) );
#7914 = PCURVE('',#3499,#7915);
#7915 = DEFINITIONAL_REPRESENTATION('',(#7916),#7920);
#7916 = LINE('',#7917,#7918);
#7917 = CARTESIAN_POINT('',(0.,0.));
#7918 = VECTOR('',#7919,1.);
#7919 = DIRECTION('',(1.,0.));
#7920 = ( GEOMETRIC_REPRESENTATION_CONTEXT(2) 
PARAMETRIC_REPRESENTATION_CONTEXT() REPRESENTATION_CONTEXT('2D SPACE',''
  ) );
#7921 = ADVANCED_FACE('',(#7922),#710,.T.);
#7922 = FACE_BOUND('',#7923,.T.);
#7923 = EDGE_LOOP('',(#7924,#7925,#7954,#7995,#8022,#8023));
#7924 = ORIENTED_EDGE('',*,*,#692,.F.);
#7925 = ORIENTED_EDGE('',*,*,#7926,.F.);
#7926 = EDGE_CURVE('',#7927,#693,#7929,.T.);
#7927 = VERTEX_POINT('',#7928);
#7928 = CARTESIAN_POINT('',(-2.551726762346,20.844441680276,
    0.490049010231));
#7929 = SURFACE_CURVE('',#7930,(#7936,#7945),.PCURVE_S1.);
#7930 = B_SPLINE_CURVE_WITH_KNOTS('',4,(#7931,#7932,#7933,#7934,#7935),
  .UNSPECIFIED.,.F.,.F.,(5,5),(0.,1.),.PIECEWISE_BEZIER_KNOTS.);
#7931 = CARTESIAN_POINT('',(-2.551726762346,20.844441680276,
    0.490049010231));
#7932 = CARTESIAN_POINT('',(-2.567530754679,20.719093327237,
    0.367549821625));
#7933 = CARTESIAN_POINT('',(-2.583423269572,20.593635363303,
    0.245013308838));
#7934 = CARTESIAN_POINT('',(-2.600048407882,20.468028167206,
    0.122481298081));
#7935 = CARTESIAN_POINT('',(-2.617964717751,20.342230967537,
    -4.440892098501E-16));
#7936 = PCURVE('',#710,#7937);
#7937 = DEFINITIONAL_REPRESENTATION('',(#7938),#7944);
#7938 = B_SPLINE_CURVE_WITH_KNOTS('',4,(#7939,#7940,#7941,#7942,#7943),
  .UNSPECIFIED.,.F.,.F.,(5,5),(0.,1.),.PIECEWISE_BEZIER_KNOTS.);
#7939 = CARTESIAN_POINT('',(6.125606412117E-02,0.));
#7940 = CARTESIAN_POINT('',(4.594367789993E-02,5.86858710587E-02));
#7941 = CARTESIAN_POINT('',(3.062662818737E-02,0.116875481688));
#7942 = CARTESIAN_POINT('',(1.531014340031E-02,0.174578149499));
#7943 = CARTESIAN_POINT('',(0.,0.231786024198));
#7944 = ( GEOMETRIC_REPRESENTATION_CONTEXT(2) 
PARAMETRIC_REPRESENTATION_CONTEXT() REPRESENTATION_CONTEXT('2D SPACE',''
  ) );
#7945 = PCURVE('',#751,#7946);
#7946 = DEFINITIONAL_REPRESENTATION('',(#7947),#7953);
#7947 = B_SPLINE_CURVE_WITH_KNOTS('',4,(#7948,#7949,#7950,#7951,#7952),
  .UNSPECIFIED.,.F.,.F.,(5,5),(0.,1.),.PIECEWISE_BEZIER_KNOTS.);
#7948 = CARTESIAN_POINT('',(1.692607858927,0.500049010231));
#7949 = CARTESIAN_POINT('',(1.69408014263,0.377549821625));
#7950 = CARTESIAN_POINT('',(1.695580144217,0.255013308838));
#7951 = CARTESIAN_POINT('',(1.697139545939,0.132481298081));
#7952 = CARTESIAN_POINT('',(1.698788835576,1.E-02));
#7953 = ( GEOMETRIC_REPRESENTATION_CONTEXT(2) 
PARAMETRIC_REPRESENTATION_CONTEXT() REPRESENTATION_CONTEXT('2D SPACE',''
  ) );
#7954 = ORIENTED_EDGE('',*,*,#7955,.T.);
#7955 = EDGE_CURVE('',#7927,#7956,#7958,.T.);
#7956 = VERTEX_POINT('',#7957);
#7957 = CARTESIAN_POINT('',(2.59645027529,20.838918023737,7.509950989769
    ));
#7958 = SURFACE_CURVE('',#7959,(#7964,#7971),.PCURVE_S1.);
#7959 = B_SPLINE_CURVE_WITH_KNOTS('',3,(#7960,#7961,#7962,#7963),
  .UNSPECIFIED.,.F.,.F.,(4,4),(0.,1.),.PIECEWISE_BEZIER_KNOTS.);
#7960 = CARTESIAN_POINT('',(-2.908955819179,20.797547356409,0.));
#7961 = CARTESIAN_POINT('',(-0.967282484038,21.069519238814,
    2.666669951599));
#7962 = CARTESIAN_POINT('',(1.012492631347,21.067395069874,
    5.333330048401));
#7963 = CARTESIAN_POINT('',(2.953577880693,20.791257241992,8.));
#7964 = PCURVE('',#710,#7965);
#7965 = DEFINITIONAL_REPRESENTATION('',(#7966),#7970);
#7966 = LINE('',#7967,#7968);
#7967 = CARTESIAN_POINT('',(0.,0.));
#7968 = VECTOR('',#7969,1.);
#7969 = DIRECTION('',(1.,0.));
#7970 = ( GEOMETRIC_REPRESENTATION_CONTEXT(2) 
PARAMETRIC_REPRESENTATION_CONTEXT() REPRESENTATION_CONTEXT('2D SPACE',''
  ) );
#7971 = PCURVE('',#7972,#7989);
#7972 = B_SPLINE_SURFACE_WITH_KNOTS('',3,3,(
    (#7973,#7974,#7975,#7976)
    ,(#7977,#7978,#7979,#7980)
    ,(#7981,#7982,#7983,#7984)
    ,(#7985,#7986,#7987,#7988
    )),.UNSPECIFIED.,.F.,.F.,.F.,(4,4),(4,4),(0.,1.),(0.,1.),
  .PIECEWISE_BEZIER_KNOTS.);
#7973 = CARTESIAN_POINT('',(-3.660214187003,20.678559720282,0.));
#7974 = CARTESIAN_POINT('',(-3.410540459134,20.722753396836,0.));
#7975 = CARTESIAN_POINT('',(-3.160066242116,20.762424615514,0.));
#7976 = CARTESIAN_POINT('',(-2.908955819179,20.797547356409,0.));
#7977 = CARTESIAN_POINT('',(-1.72966356306,21.02066935451,2.666670185642
    ));
#7978 = CARTESIAN_POINT('',(-1.475859180068,21.04155348835,
    2.666670185642));
#7979 = CARTESIAN_POINT('',(-1.221676524659,21.057840344906,
    2.666670185642));
#7980 = CARTESIAN_POINT('',(-0.967282312384,21.069519241814,
    2.666670185642));
#7981 = CARTESIAN_POINT('',(0.248889502411,21.090242534608,
    5.333329814358));
#7982 = CARTESIAN_POINT('',(0.503533924861,21.087237540962,
    5.333329814358));
#7983 = CARTESIAN_POINT('',(0.758123904861,21.079620055099,
    5.333329814358));
#7984 = CARTESIAN_POINT('',(1.0124924597,21.067395073242,5.333329814358)
  );
#7985 = CARTESIAN_POINT('',(2.198701780037,20.884580687255,8.));
#7986 = CARTESIAN_POINT('',(2.45086304321,20.858033582121,8.));
#7987 = CARTESIAN_POINT('',(2.702543434877,20.826918964457,8.));
#7988 = CARTESIAN_POINT('',(2.953577880693,20.791257241992,8.));
#7989 = DEFINITIONAL_REPRESENTATION('',(#7990),#7994);
#7990 = LINE('',#7991,#7992);
#7991 = CARTESIAN_POINT('',(0.,1.));
#7992 = VECTOR('',#7993,1.);
#7993 = DIRECTION('',(1.,0.));
#7994 = ( GEOMETRIC_REPRESENTATION_CONTEXT(2) 
PARAMETRIC_REPRESENTATION_CONTEXT() REPRESENTATION_CONTEXT('2D SPACE',''
  ) );
#7995 = ORIENTED_EDGE('',*,*,#7996,.T.);
#7996 = EDGE_CURVE('',#7956,#4796,#7997,.T.);
#7997 = SURFACE_CURVE('',#7998,(#8004,#8013),.PCURVE_S1.);
#7998 = B_SPLINE_CURVE_WITH_KNOTS('',4,(#7999,#8000,#8001,#8002,#8003),
  .UNSPECIFIED.,.F.,.F.,(5,5),(0.,1.),.PIECEWISE_BEZIER_KNOTS.);
#7999 = CARTESIAN_POINT('',(2.59645027529,20.838918023737,7.509950989769
    ));
#8000 = CARTESIAN_POINT('',(2.728576834498,20.699746141668,
    7.631718867519));
#8001 = CARTESIAN_POINT('',(2.858134405797,20.559077258773,
    7.753893161363));
#8002 = CARTESIAN_POINT('',(2.984581964619,20.416892383617,
    7.876611079311));
#8003 = CARTESIAN_POINT('',(3.107364202715,20.273243147353,8.));
#8004 = PCURVE('',#710,#8005);
#8005 = DEFINITIONAL_REPRESENTATION('',(#8006),#8012);
#8006 = B_SPLINE_CURVE_WITH_KNOTS('',4,(#8007,#8008,#8009,#8010,#8011),
  .UNSPECIFIED.,.F.,.F.,(5,5),(0.,1.),.PIECEWISE_BEZIER_KNOTS.);
#8007 = CARTESIAN_POINT('',(0.938743935879,0.));
#8008 = CARTESIAN_POINT('',(0.953964908317,5.833552086386E-02));
#8009 = CARTESIAN_POINT('',(0.969236680722,0.116357722305));
#8010 = CARTESIAN_POINT('',(0.984576403913,0.174154222244));
#8011 = CARTESIAN_POINT('',(1.,0.231786024198));
#8012 = ( GEOMETRIC_REPRESENTATION_CONTEXT(2) 
PARAMETRIC_REPRESENTATION_CONTEXT() REPRESENTATION_CONTEXT('2D SPACE',''
  ) );
#8013 = PCURVE('',#4816,#8014);
#8014 = DEFINITIONAL_REPRESENTATION('',(#8015),#8021);
#8015 = B_SPLINE_CURVE_WITH_KNOTS('',4,(#8016,#8017,#8018,#8019,#8020),
  .UNSPECIFIED.,.F.,.F.,(5,5),(0.,1.),.PIECEWISE_BEZIER_KNOTS.);
#8016 = CARTESIAN_POINT('',(-1.446838926571,-9.950989768973E-03));
#8017 = CARTESIAN_POINT('',(-1.439776085598,-0.131718867519));
#8018 = CARTESIAN_POINT('',(-1.432716626838,-0.253893161363));
#8019 = CARTESIAN_POINT('',(-1.425684292131,-0.376611079311));
#8020 = CARTESIAN_POINT('',(-1.418705820292,-0.5));
#8021 = ( GEOMETRIC_REPRESENTATION_CONTEXT(2) 
PARAMETRIC_REPRESENTATION_CONTEXT() REPRESENTATION_CONTEXT('2D SPACE',''
  ) );
#8022 = ORIENTED_EDGE('',*,*,#4828,.T.);
#8023 = ORIENTED_EDGE('',*,*,#7870,.F.);
#8024 = ADVANCED_FACE('',(#8025),#3499,.T.);
#8025 = FACE_BOUND('',#8026,.T.);
#8026 = EDGE_LOOP('',(#8027,#8028,#8029,#8030,#8059,#8100));
#8027 = ORIENTED_EDGE('',*,*,#3481,.F.);
#8028 = ORIENTED_EDGE('',*,*,#7900,.T.);
#8029 = ORIENTED_EDGE('',*,*,#5307,.T.);
#8030 = ORIENTED_EDGE('',*,*,#8031,.T.);
#8031 = EDGE_CURVE('',#5308,#8032,#8034,.T.);
#8032 = VERTEX_POINT('',#8033);
#8033 = CARTESIAN_POINT('',(15.842477378607,-13.78470053865,
    7.509950989769));
#8034 = SURFACE_CURVE('',#8035,(#8041,#8050),.PCURVE_S1.);
#8035 = B_SPLINE_CURVE_WITH_KNOTS('',4,(#8036,#8037,#8038,#8039,#8040),
  .UNSPECIFIED.,.F.,.F.,(5,5),(0.,1.),.PIECEWISE_BEZIER_KNOTS.);
#8036 = CARTESIAN_POINT('',(15.389273778451,-13.55840523704,8.));
#8037 = CARTESIAN_POINT('',(15.503536940814,-13.61399174018,
    7.877518701917));
#8038 = CARTESIAN_POINT('',(15.616919768808,-13.67054169376,
    7.754986691164));
#8039 = CARTESIAN_POINT('',(15.729768765075,-13.72761512704,
    7.632450178374));
#8040 = CARTESIAN_POINT('',(15.842477378607,-13.78470053865,
    7.509950989769));
#8041 = PCURVE('',#3499,#8042);
#8042 = DEFINITIONAL_REPRESENTATION('',(#8043),#8049);
#8043 = B_SPLINE_CURVE_WITH_KNOTS('',4,(#8044,#8045,#8046,#8047,#8048),
  .UNSPECIFIED.,.F.,.F.,(5,5),(0.,1.),.PIECEWISE_BEZIER_KNOTS.);
#8044 = CARTESIAN_POINT('',(1.,0.768213975802));
#8045 = CARTESIAN_POINT('',(0.984689856599,0.825421850502));
#8046 = CARTESIAN_POINT('',(0.969373371813,0.883124518311));
#8047 = CARTESIAN_POINT('',(0.9540563221,0.941314128942));
#8048 = CARTESIAN_POINT('',(0.938743935879,1.));
#8049 = ( GEOMETRIC_REPRESENTATION_CONTEXT(2) 
PARAMETRIC_REPRESENTATION_CONTEXT() REPRESENTATION_CONTEXT('2D SPACE',''
  ) );
#8050 = PCURVE('',#5353,#8051);
#8051 = DEFINITIONAL_REPRESENTATION('',(#8052),#8058);
#8052 = B_SPLINE_CURVE_WITH_KNOTS('',4,(#8053,#8054,#8055,#8056,#8057),
  .UNSPECIFIED.,.F.,.F.,(5,5),(0.,1.),.PIECEWISE_BEZIER_KNOTS.);
#8053 = CARTESIAN_POINT('',(-5.560950517755,-0.5));
#8054 = CARTESIAN_POINT('',(-5.562599807393,-0.377518701917));
#8055 = CARTESIAN_POINT('',(-5.564159209114,-0.254986691164));
#8056 = CARTESIAN_POINT('',(-5.565659210702,-0.132450178374));
#8057 = CARTESIAN_POINT('',(-5.567131494405,-9.950989768974E-03));
#8058 = ( GEOMETRIC_REPRESENTATION_CONTEXT(2) 
PARAMETRIC_REPRESENTATION_CONTEXT() REPRESENTATION_CONTEXT('2D SPACE',''
  ) );
#8059 = ORIENTED_EDGE('',*,*,#8060,.F.);
#8060 = EDGE_CURVE('',#8061,#8032,#8063,.T.);
#8061 = VERTEX_POINT('',#8062);
#8062 = CARTESIAN_POINT('',(18.720267594907,-9.515967612765,
    0.490049010231));
#8063 = SURFACE_CURVE('',#8064,(#8069,#8076),.PCURVE_S1.);
#8064 = B_SPLINE_CURVE_WITH_KNOTS('',3,(#8065,#8066,#8067,#8068),
  .UNSPECIFIED.,.F.,.F.,(4,4),(0.,1.),.PIECEWISE_BEZIER_KNOTS.);
#8065 = CARTESIAN_POINT('',(18.880726152257,-9.193376961893,0.));
#8066 = CARTESIAN_POINT('',(18.022749568041,-10.95631207872,
    2.666669951599));
#8067 = CARTESIAN_POINT('',(16.916070948428,-12.59788950683,
    5.333330048401));
#8068 = CARTESIAN_POINT('',(15.603616215889,-14.05443563389,8.));
#8069 = PCURVE('',#3499,#8070);
#8070 = DEFINITIONAL_REPRESENTATION('',(#8071),#8075);
#8071 = LINE('',#8072,#8073);
#8072 = CARTESIAN_POINT('',(0.,1.));
#8073 = VECTOR('',#8074,1.);
#8074 = DIRECTION('',(1.,0.));
#8075 = ( GEOMETRIC_REPRESENTATION_CONTEXT(2) 
PARAMETRIC_REPRESENTATION_CONTEXT() REPRESENTATION_CONTEXT('2D SPACE',''
  ) );
#8076 = PCURVE('',#8077,#8094);
#8077 = B_SPLINE_SURFACE_WITH_KNOTS('',3,3,(
    (#8078,#8079,#8080,#8081)
    ,(#8082,#8083,#8084,#8085)
    ,(#8086,#8087,#8088,#8089)
    ,(#8090,#8091,#8092,#8093
    )),.UNSPECIFIED.,.F.,.F.,.F.,(4,4),(4,4),(0.,1.),(0.,1.),
  .PIECEWISE_BEZIER_KNOTS.);
#8078 = CARTESIAN_POINT('',(18.880726152257,-9.193376961893,0.));
#8079 = CARTESIAN_POINT('',(18.769725052507,-9.421343642112,0.));
#8080 = CARTESIAN_POINT('',(18.654594691763,-9.647299697611,0.));
#8081 = CARTESIAN_POINT('',(18.535410582736,-9.87109692635,0.));
#8082 = CARTESIAN_POINT('',(18.022749474729,-10.95631222283,
    2.666670185642));
#8083 = CARTESIAN_POINT('',(17.890462620629,-11.17391966779,
    2.666670185642));
#8084 = CARTESIAN_POINT('',(17.75423414813,-11.38913092978,
    2.666670185642));
#8085 = CARTESIAN_POINT('',(17.61415340796,-11.60180485415,
    2.666670185642));
#8086 = CARTESIAN_POINT('',(16.91607104702,-12.59788936628,
    5.333329814358));
#8087 = CARTESIAN_POINT('',(16.763963719998,-12.80213474062,
    5.333329814358));
#8088 = CARTESIAN_POINT('',(16.608156808854,-13.00362491519,
    5.333329814358));
#8089 = CARTESIAN_POINT('',(16.448752505595,-13.20222773484,
    5.333329814358));
#8090 = CARTESIAN_POINT('',(15.603616215889,-14.05443563389,8.));
#8091 = CARTESIAN_POINT('',(15.433922484992,-14.24283438423,8.));
#8092 = CARTESIAN_POINT('',(15.260816208016,-14.42815938485,8.));
#8093 = CARTESIAN_POINT('',(15.084410923424,-14.61028908315,8.));
#8094 = DEFINITIONAL_REPRESENTATION('',(#8095),#8099);
#8095 = LINE('',#8096,#8097);
#8096 = CARTESIAN_POINT('',(0.,0.));
#8097 = VECTOR('',#8098,1.);
#8098 = DIRECTION('',(1.,0.));
#8099 = ( GEOMETRIC_REPRESENTATION_CONTEXT(2) 
PARAMETRIC_REPRESENTATION_CONTEXT() REPRESENTATION_CONTEXT('2D SPACE',''
  ) );
#8100 = ORIENTED_EDGE('',*,*,#8101,.T.);
#8101 = EDGE_CURVE('',#8061,#3453,#8102,.T.);
#8102 = SURFACE_CURVE('',#8103,(#8109,#8118),.PCURVE_S1.);
#8103 = B_SPLINE_CURVE_WITH_KNOTS('',4,(#8104,#8105,#8106,#8107,#8108),
  .UNSPECIFIED.,.F.,.F.,(5,5),(0.,1.),.PIECEWISE_BEZIER_KNOTS.);
#8104 = CARTESIAN_POINT('',(18.720267594907,-9.515967612765,
    0.490049010231));
#8105 = CARTESIAN_POINT('',(18.678928697246,-9.328571412304,
    0.368281132481));
#8106 = CARTESIAN_POINT('',(18.634911097417,-9.142465663331,
    0.246106838637));
#8107 = CARTESIAN_POINT('',(18.587896150204,-8.958088011232,
    0.123388920689));
#8108 = CARTESIAN_POINT('',(18.537615729198,-8.775927476717,
    -8.881784197001E-16));
#8109 = PCURVE('',#3499,#8110);
#8110 = DEFINITIONAL_REPRESENTATION('',(#8111),#8117);
#8111 = B_SPLINE_CURVE_WITH_KNOTS('',4,(#8112,#8113,#8114,#8115,#8116),
  .UNSPECIFIED.,.F.,.F.,(5,5),(0.,1.),.PIECEWISE_BEZIER_KNOTS.);
#8112 = CARTESIAN_POINT('',(6.125606412117E-02,1.));
#8113 = CARTESIAN_POINT('',(4.603509168317E-02,0.941664479136));
#8114 = CARTESIAN_POINT('',(3.076331927809E-02,0.883642277695));
#8115 = CARTESIAN_POINT('',(1.542359608659E-02,0.825845777756));
#8116 = CARTESIAN_POINT('',(0.,0.768213975802));
#8117 = ( GEOMETRIC_REPRESENTATION_CONTEXT(2) 
PARAMETRIC_REPRESENTATION_CONTEXT() REPRESENTATION_CONTEXT('2D SPACE',''
  ) );
#8118 = PCURVE('',#3469,#8119);
#8119 = DEFINITIONAL_REPRESENTATION('',(#8120),#8126);
#8120 = B_SPLINE_CURVE_WITH_KNOTS('',4,(#8121,#8122,#8123,#8124,#8125),
  .UNSPECIFIED.,.F.,.F.,(5,5),(0.,1.),.PIECEWISE_BEZIER_KNOTS.);
#8121 = CARTESIAN_POINT('',(5.812900426761,0.500049010231));
#8122 = CARTESIAN_POINT('',(5.819963267734,0.378281132481));
#8123 = CARTESIAN_POINT('',(5.827022726494,0.256106838637));
#8124 = CARTESIAN_POINT('',(5.8340550612,0.133388920689));
#8125 = CARTESIAN_POINT('',(5.841033533039,9.999999999991E-03));
#8126 = ( GEOMETRIC_REPRESENTATION_CONTEXT(2) 
PARAMETRIC_REPRESENTATION_CONTEXT() REPRESENTATION_CONTEXT('2D SPACE',''
  ) );
#8127 = ADVANCED_FACE('',(#8128),#751,.T.);
#8128 = FACE_BOUND('',#8129,.T.);
#8129 = EDGE_LOOP('',(#8130,#8131,#8132,#8161));
#8130 = ORIENTED_EDGE('',*,*,#7926,.T.);
#8131 = ORIENTED_EDGE('',*,*,#734,.T.);
#8132 = ORIENTED_EDGE('',*,*,#8133,.F.);
#8133 = EDGE_CURVE('',#8134,#735,#8136,.T.);
#8134 = VERTEX_POINT('',#8135);
#8135 = CARTESIAN_POINT('',(-3.304917694606,20.738360047602,
    0.490049010231));
#8136 = SURFACE_CURVE('',#8137,(#8143,#8152),.PCURVE_S1.);
#8137 = B_SPLINE_CURVE_WITH_KNOTS('',4,(#8138,#8139,#8140,#8141,#8142),
  .UNSPECIFIED.,.F.,.F.,(5,5),(0.,1.),.PIECEWISE_BEZIER_KNOTS.);
#8138 = CARTESIAN_POINT('',(-3.304917694606,20.738360047602,
    0.490049010231));
#8139 = CARTESIAN_POINT('',(-3.432226011069,20.594767453899,
    0.368281132481));
#8140 = CARTESIAN_POINT('',(-3.556915828719,20.449766252973,
    0.246106838637));
#8141 = CARTESIAN_POINT('',(-3.678445790041,20.303355896932,
    0.123388920689));
#8142 = CARTESIAN_POINT('',(-3.796262668222,20.155606906116,
    -8.881784197001E-16));
#8143 = PCURVE('',#751,#8144);
#8144 = DEFINITIONAL_REPRESENTATION('',(#8145),#8151);
#8145 = B_SPLINE_CURVE_WITH_KNOTS('',4,(#8146,#8147,#8148,#8149,#8150),
  .UNSPECIFIED.,.F.,.F.,(5,5),(0.,1.),.PIECEWISE_BEZIER_KNOTS.);
#8146 = CARTESIAN_POINT('',(1.728829977094,0.500049010231));
#8147 = CARTESIAN_POINT('',(1.735892818067,0.378281132481));
#8148 = CARTESIAN_POINT('',(1.742952276827,0.256106838637));
#8149 = CARTESIAN_POINT('',(1.749984611533,0.133388920689));
#8150 = CARTESIAN_POINT('',(1.756963083372,9.999999999995E-03));
#8151 = ( GEOMETRIC_REPRESENTATION_CONTEXT(2) 
PARAMETRIC_REPRESENTATION_CONTEXT() REPRESENTATION_CONTEXT('2D SPACE',''
  ) );
#8152 = PCURVE('',#781,#8153);
#8153 = DEFINITIONAL_REPRESENTATION('',(#8154),#8160);
#8154 = B_SPLINE_CURVE_WITH_KNOTS('',4,(#8155,#8156,#8157,#8158,#8159),
  .UNSPECIFIED.,.F.,.F.,(5,5),(0.,1.),.PIECEWISE_BEZIER_KNOTS.);
#8155 = CARTESIAN_POINT('',(6.125606412117E-02,1.));
#8156 = CARTESIAN_POINT('',(4.603509168317E-02,0.941664479136));
#8157 = CARTESIAN_POINT('',(3.076331927809E-02,0.883642277695));
#8158 = CARTESIAN_POINT('',(1.542359608659E-02,0.825845777756));
#8159 = CARTESIAN_POINT('',(0.,0.768213975802));
#8160 = ( GEOMETRIC_REPRESENTATION_CONTEXT(2) 
PARAMETRIC_REPRESENTATION_CONTEXT() REPRESENTATION_CONTEXT('2D SPACE',''
  ) );
#8161 = ORIENTED_EDGE('',*,*,#8162,.T.);
#8162 = EDGE_CURVE('',#8134,#7927,#8163,.T.);
#8163 = SURFACE_CURVE('',#8164,(#8170,#8179),.PCURVE_S1.);
#8164 = B_SPLINE_CURVE_WITH_KNOTS('',4,(#8165,#8166,#8167,#8168,#8169),
  .UNSPECIFIED.,.F.,.F.,(5,5),(0.,1.),.PIECEWISE_BEZIER_KNOTS.);
#8165 = CARTESIAN_POINT('',(-3.304917696299,20.738360044657,
    0.490049007589));
#8166 = CARTESIAN_POINT('',(-3.117120838675,20.76828791027,
    0.490049088273));
#8167 = CARTESIAN_POINT('',(-2.928962728178,20.795947986755,
    0.490048864155));
#8168 = CARTESIAN_POINT('',(-2.740484195332,20.821334524793,
    0.490049088273));
#8169 = CARTESIAN_POINT('',(-2.551726764144,20.844441677394,
    0.490049007589));
#8170 = PCURVE('',#751,#8171);
#8171 = DEFINITIONAL_REPRESENTATION('',(#8172),#8178);
#8172 = B_SPLINE_CURVE_WITH_KNOTS('',4,(#8173,#8174,#8175,#8176,#8177),
  .UNSPECIFIED.,.F.,.F.,(5,5),(0.,1.),.PIECEWISE_BEZIER_KNOTS.);
#8173 = CARTESIAN_POINT('',(1.728829977196,0.500049007589));
#8174 = CARTESIAN_POINT('',(1.719774445808,0.500049088273));
#8175 = CARTESIAN_POINT('',(1.710718921289,0.500048864155));
#8176 = CARTESIAN_POINT('',(1.701663386843,0.500049088273));
#8177 = CARTESIAN_POINT('',(1.692607859028,0.500049007589));
#8178 = ( GEOMETRIC_REPRESENTATION_CONTEXT(2) 
PARAMETRIC_REPRESENTATION_CONTEXT() REPRESENTATION_CONTEXT('2D SPACE',''
  ) );
#8179 = PCURVE('',#7972,#8180);
#8180 = DEFINITIONAL_REPRESENTATION('',(#8181),#8187);
#8181 = B_SPLINE_CURVE_WITH_KNOTS('',4,(#8182,#8183,#8184,#8185,#8186),
  .UNSPECIFIED.,.F.,.F.,(5,5),(0.,1.),.PIECEWISE_BEZIER_KNOTS.);
#8182 = CARTESIAN_POINT('',(6.125605936233E-02,0.));
#8183 = CARTESIAN_POINT('',(6.125606944785E-02,0.249999970936));
#8184 = CARTESIAN_POINT('',(6.125604143309E-02,0.500000050941));
#8185 = CARTESIAN_POINT('',(6.125606944785E-02,0.749999971755));
#8186 = CARTESIAN_POINT('',(6.125605936233E-02,1.));
#8187 = ( GEOMETRIC_REPRESENTATION_CONTEXT(2) 
PARAMETRIC_REPRESENTATION_CONTEXT() REPRESENTATION_CONTEXT('2D SPACE',''
  ) );
#8188 = ADVANCED_FACE('',(#8189),#3469,.T.);
#8189 = FACE_BOUND('',#8190,.T.);
#8190 = EDGE_LOOP('',(#8191,#8220,#8221,#8222));
#8191 = ORIENTED_EDGE('',*,*,#8192,.T.);
#8192 = EDGE_CURVE('',#8193,#3411,#8195,.T.);
#8193 = VERTEX_POINT('',#8194);
#8194 = CARTESIAN_POINT('',(18.363374916388,-10.18766509619,
    0.490049010231));
#8195 = SURFACE_CURVE('',#8196,(#8202,#8211),.PCURVE_S1.);
#8196 = B_SPLINE_CURVE_WITH_KNOTS('',4,(#8197,#8198,#8199,#8200,#8201),
  .UNSPECIFIED.,.F.,.F.,(5,5),(0.,1.),.PIECEWISE_BEZIER_KNOTS.);
#8197 = CARTESIAN_POINT('',(18.363374916388,-10.18766509619,
    0.490049010231));
#8198 = CARTESIAN_POINT('',(18.271255322184,-10.1012014845,
    0.367549821625));
#8199 = CARTESIAN_POINT('',(18.179099083157,-10.01460182889,
    0.245013308838));
#8200 = CARTESIAN_POINT('',(18.087252738014,-9.927321752017,
    0.122481298081));
#8201 = CARTESIAN_POINT('',(17.996011608353,-9.838885414111,
    -4.440892098501E-16));
#8202 = PCURVE('',#3469,#8203);
#8203 = DEFINITIONAL_REPRESENTATION('',(#8204),#8210);
#8204 = B_SPLINE_CURVE_WITH_KNOTS('',4,(#8205,#8206,#8207,#8208,#8209),
  .UNSPECIFIED.,.F.,.F.,(5,5),(0.,1.),.PIECEWISE_BEZIER_KNOTS.);
#8205 = CARTESIAN_POINT('',(5.776678308593,0.500049010231));
#8206 = CARTESIAN_POINT('',(5.778150592296,0.377549821625));
#8207 = CARTESIAN_POINT('',(5.779650593884,0.255013308838));
#8208 = CARTESIAN_POINT('',(5.781209995606,0.132481298081));
#8209 = CARTESIAN_POINT('',(5.782859285243,1.E-02));
#8210 = ( GEOMETRIC_REPRESENTATION_CONTEXT(2) 
PARAMETRIC_REPRESENTATION_CONTEXT() REPRESENTATION_CONTEXT('2D SPACE',''
  ) );
#8211 = PCURVE('',#3428,#8212);
#8212 = DEFINITIONAL_REPRESENTATION('',(#8213),#8219);
#8213 = B_SPLINE_CURVE_WITH_KNOTS('',4,(#8214,#8215,#8216,#8217,#8218),
  .UNSPECIFIED.,.F.,.F.,(5,5),(0.,1.),.PIECEWISE_BEZIER_KNOTS.);
#8214 = CARTESIAN_POINT('',(6.125606412117E-02,0.));
#8215 = CARTESIAN_POINT('',(4.594367789993E-02,5.86858710587E-02));
#8216 = CARTESIAN_POINT('',(3.062662818737E-02,0.116875481688));
#8217 = CARTESIAN_POINT('',(1.531014340031E-02,0.174578149499));
#8218 = CARTESIAN_POINT('',(0.,0.231786024198));
#8219 = ( GEOMETRIC_REPRESENTATION_CONTEXT(2) 
PARAMETRIC_REPRESENTATION_CONTEXT() REPRESENTATION_CONTEXT('2D SPACE',''
  ) );
#8220 = ORIENTED_EDGE('',*,*,#3452,.T.);
#8221 = ORIENTED_EDGE('',*,*,#8101,.F.);
#8222 = ORIENTED_EDGE('',*,*,#8223,.T.);
#8223 = EDGE_CURVE('',#8061,#8193,#8224,.T.);
#8224 = SURFACE_CURVE('',#8225,(#8231,#8240),.PCURVE_S1.);
#8225 = B_SPLINE_CURVE_WITH_KNOTS('',4,(#8226,#8227,#8228,#8229,#8230),
  .UNSPECIFIED.,.F.,.F.,(5,5),(0.,1.),.PIECEWISE_BEZIER_KNOTS.);
#8226 = CARTESIAN_POINT('',(18.720267593519,-9.515967609664,
    0.490049007589));
#8227 = CARTESIAN_POINT('',(18.634095522066,-9.685489617012,
    0.490049088273));
#8228 = CARTESIAN_POINT('',(18.54587643156,-9.853970911069,
    0.490048864155));
#8229 = CARTESIAN_POINT('',(18.45562967028,-10.02137507988,
    0.490049088273));
#8230 = CARTESIAN_POINT('',(18.363374915113,-10.18766509304,
    0.490049007589));
#8231 = PCURVE('',#3469,#8232);
#8232 = DEFINITIONAL_REPRESENTATION('',(#8233),#8239);
#8233 = B_SPLINE_CURVE_WITH_KNOTS('',4,(#8234,#8235,#8236,#8237,#8238),
  .UNSPECIFIED.,.F.,.F.,(5,5),(0.,1.),.PIECEWISE_BEZIER_KNOTS.);
#8234 = CARTESIAN_POINT('',(5.812900426862,0.500049007589));
#8235 = CARTESIAN_POINT('',(5.803844895474,0.500049088273));
#8236 = CARTESIAN_POINT('',(5.794789370955,0.500048864155));
#8237 = CARTESIAN_POINT('',(5.785733836509,0.500049088273));
#8238 = CARTESIAN_POINT('',(5.776678308695,0.500049007589));
#8239 = ( GEOMETRIC_REPRESENTATION_CONTEXT(2) 
PARAMETRIC_REPRESENTATION_CONTEXT() REPRESENTATION_CONTEXT('2D SPACE',''
  ) );
#8240 = PCURVE('',#8077,#8241);
#8241 = DEFINITIONAL_REPRESENTATION('',(#8242),#8248);
#8242 = B_SPLINE_CURVE_WITH_KNOTS('',4,(#8243,#8244,#8245,#8246,#8247),
  .UNSPECIFIED.,.F.,.F.,(5,5),(0.,1.),.PIECEWISE_BEZIER_KNOTS.);
#8243 = CARTESIAN_POINT('',(6.125605936233E-02,0.));
#8244 = CARTESIAN_POINT('',(6.125606944785E-02,0.249999970936));
#8245 = CARTESIAN_POINT('',(6.125604143309E-02,0.500000050941));
#8246 = CARTESIAN_POINT('',(6.125606944785E-02,0.749999971755));
#8247 = CARTESIAN_POINT('',(6.125605936233E-02,1.));
#8248 = ( GEOMETRIC_REPRESENTATION_CONTEXT(2) 
PARAMETRIC_REPRESENTATION_CONTEXT() REPRESENTATION_CONTEXT('2D SPACE',''
  ) );
#8249 = ADVANCED_FACE('',(#8250),#781,.T.);
#8250 = FACE_BOUND('',#8251,.T.);
#8251 = EDGE_LOOP('',(#8252,#8253,#8275,#8276,#8305,#8327));
#8252 = ORIENTED_EDGE('',*,*,#763,.F.);
#8253 = ORIENTED_EDGE('',*,*,#8254,.T.);
#8254 = EDGE_CURVE('',#764,#4746,#8255,.T.);
#8255 = SURFACE_CURVE('',#8256,(#8261,#8268),.PCURVE_S1.);
#8256 = B_SPLINE_CURVE_WITH_KNOTS('',3,(#8257,#8258,#8259,#8260),
  .UNSPECIFIED.,.F.,.F.,(4,4),(0.,1.),.PIECEWISE_BEZIER_KNOTS.);
#8257 = CARTESIAN_POINT('',(-3.940809857191,18.37604163832,0.));
#8258 = CARTESIAN_POINT('',(-2.225235325834,18.744306250965,
    2.666669690328));
#8259 = CARTESIAN_POINT('',(-0.457934087968,18.870373219848,
    5.333330309672));
#8260 = CARTESIAN_POINT('',(1.292542647676,18.749352578895,8.));
#8261 = PCURVE('',#781,#8262);
#8262 = DEFINITIONAL_REPRESENTATION('',(#8263),#8267);
#8263 = LINE('',#8264,#8265);
#8264 = CARTESIAN_POINT('',(0.,0.));
#8265 = VECTOR('',#8266,1.);
#8266 = DIRECTION('',(1.,0.));
#8267 = ( GEOMETRIC_REPRESENTATION_CONTEXT(2) 
PARAMETRIC_REPRESENTATION_CONTEXT() REPRESENTATION_CONTEXT('2D SPACE',''
  ) );
#8268 = PCURVE('',#823,#8269);
#8269 = DEFINITIONAL_REPRESENTATION('',(#8270),#8274);
#8270 = LINE('',#8271,#8272);
#8271 = CARTESIAN_POINT('',(0.,1.));
#8272 = VECTOR('',#8273,1.);
#8273 = DIRECTION('',(1.,0.));
#8274 = ( GEOMETRIC_REPRESENTATION_CONTEXT(2) 
PARAMETRIC_REPRESENTATION_CONTEXT() REPRESENTATION_CONTEXT('2D SPACE',''
  ) );
#8275 = ORIENTED_EDGE('',*,*,#4770,.T.);
#8276 = ORIENTED_EDGE('',*,*,#8277,.T.);
#8277 = EDGE_CURVE('',#4771,#8278,#8280,.T.);
#8278 = VERTEX_POINT('',#8279);
#8279 = CARTESIAN_POINT('',(1.840082435221,20.919277116184,
    7.509950989769));
#8280 = SURFACE_CURVE('',#8281,(#8287,#8296),.PCURVE_S1.);
#8281 = B_SPLINE_CURVE_WITH_KNOTS('',4,(#8282,#8283,#8284,#8285,#8286),
  .UNSPECIFIED.,.F.,.F.,(5,5),(0.,1.),.PIECEWISE_BEZIER_KNOTS.);
#8282 = CARTESIAN_POINT('',(1.923392082926,20.419614660795,8.));
#8283 = CARTESIAN_POINT('',(1.901200306907,20.54472842775,7.877518701917
    ));
#8284 = CARTESIAN_POINT('',(1.880305426228,20.669696291201,
    7.754986691164));
#8285 = CARTESIAN_POINT('',(1.860147827937,20.794539969359,
    7.632450178374));
#8286 = CARTESIAN_POINT('',(1.840082435221,20.919277116184,
    7.509950989769));
#8287 = PCURVE('',#781,#8288);
#8288 = DEFINITIONAL_REPRESENTATION('',(#8289),#8295);
#8289 = B_SPLINE_CURVE_WITH_KNOTS('',4,(#8290,#8291,#8292,#8293,#8294),
  .UNSPECIFIED.,.F.,.F.,(5,5),(0.,1.),.PIECEWISE_BEZIER_KNOTS.);
#8290 = CARTESIAN_POINT('',(1.,0.768213975802));
#8291 = CARTESIAN_POINT('',(0.984689856599,0.825421850502));
#8292 = CARTESIAN_POINT('',(0.969373371813,0.883124518311));
#8293 = CARTESIAN_POINT('',(0.9540563221,0.941314128942));
#8294 = CARTESIAN_POINT('',(0.938743935879,1.));
#8295 = ( GEOMETRIC_REPRESENTATION_CONTEXT(2) 
PARAMETRIC_REPRESENTATION_CONTEXT() REPRESENTATION_CONTEXT('2D SPACE',''
  ) );
#8296 = PCURVE('',#4816,#8297);
#8297 = DEFINITIONAL_REPRESENTATION('',(#8298),#8304);
#8298 = B_SPLINE_CURVE_WITH_KNOTS('',4,(#8299,#8300,#8301,#8302,#8303),
  .UNSPECIFIED.,.F.,.F.,(5,5),(0.,1.),.PIECEWISE_BEZIER_KNOTS.);
#8299 = CARTESIAN_POINT('',(-1.476880068089,-0.5));
#8300 = CARTESIAN_POINT('',(-1.478529357726,-0.377518701917));
#8301 = CARTESIAN_POINT('',(-1.480088759447,-0.254986691164));
#8302 = CARTESIAN_POINT('',(-1.481588761035,-0.132450178374));
#8303 = CARTESIAN_POINT('',(-1.483061044738,-9.950989768972E-03));
#8304 = ( GEOMETRIC_REPRESENTATION_CONTEXT(2) 
PARAMETRIC_REPRESENTATION_CONTEXT() REPRESENTATION_CONTEXT('2D SPACE',''
  ) );
#8305 = ORIENTED_EDGE('',*,*,#8306,.F.);
#8306 = EDGE_CURVE('',#8134,#8278,#8307,.T.);
#8307 = SURFACE_CURVE('',#8308,(#8313,#8320),.PCURVE_S1.);
#8308 = B_SPLINE_CURVE_WITH_KNOTS('',3,(#8309,#8310,#8311,#8312),
  .UNSPECIFIED.,.F.,.F.,(4,4),(0.,1.),.PIECEWISE_BEZIER_KNOTS.);
#8309 = CARTESIAN_POINT('',(-3.660214187003,20.678559720282,0.));
#8310 = CARTESIAN_POINT('',(-1.729663734493,21.020669345296,
    2.666669951599));
#8311 = CARTESIAN_POINT('',(0.248889674068,21.090242537458,
    5.333330048401));
#8312 = CARTESIAN_POINT('',(2.198701780037,20.884580687255,8.));
#8313 = PCURVE('',#781,#8314);
#8314 = DEFINITIONAL_REPRESENTATION('',(#8315),#8319);
#8315 = LINE('',#8316,#8317);
#8316 = CARTESIAN_POINT('',(0.,1.));
#8317 = VECTOR('',#8318,1.);
#8318 = DIRECTION('',(1.,0.));
#8319 = ( GEOMETRIC_REPRESENTATION_CONTEXT(2) 
PARAMETRIC_REPRESENTATION_CONTEXT() REPRESENTATION_CONTEXT('2D SPACE',''
  ) );
#8320 = PCURVE('',#7972,#8321);
#8321 = DEFINITIONAL_REPRESENTATION('',(#8322),#8326);
#8322 = LINE('',#8323,#8324);
#8323 = CARTESIAN_POINT('',(0.,0.));
#8324 = VECTOR('',#8325,1.);
#8325 = DIRECTION('',(1.,0.));
#8326 = ( GEOMETRIC_REPRESENTATION_CONTEXT(2) 
PARAMETRIC_REPRESENTATION_CONTEXT() REPRESENTATION_CONTEXT('2D SPACE',''
  ) );
#8327 = ORIENTED_EDGE('',*,*,#8133,.T.);
#8328 = ADVANCED_FACE('',(#8329),#3428,.T.);
#8329 = FACE_BOUND('',#8330,.T.);
#8330 = EDGE_LOOP('',(#8331,#8332,#8333,#8357,#8384,#8385));
#8331 = ORIENTED_EDGE('',*,*,#3410,.F.);
#8332 = ORIENTED_EDGE('',*,*,#8192,.F.);
#8333 = ORIENTED_EDGE('',*,*,#8334,.T.);
#8334 = EDGE_CURVE('',#8193,#8335,#8337,.T.);
#8335 = VERTEX_POINT('',#8336);
#8336 = CARTESIAN_POINT('',(15.332883645464,-14.34938108584,
    7.509950989769));
#8337 = SURFACE_CURVE('',#8338,(#8343,#8350),.PCURVE_S1.);
#8338 = B_SPLINE_CURVE_WITH_KNOTS('',3,(#8339,#8340,#8341,#8342),
  .UNSPECIFIED.,.F.,.F.,(4,4),(0.,1.),.PIECEWISE_BEZIER_KNOTS.);
#8339 = CARTESIAN_POINT('',(18.535410582736,-9.87109692635,0.));
#8340 = CARTESIAN_POINT('',(17.614153506429,-11.60180471351,
    2.666669951599));
#8341 = CARTESIAN_POINT('',(16.448752401978,-13.20222787173,
    5.333330048401));
#8342 = CARTESIAN_POINT('',(15.084410923424,-14.61028908315,8.));
#8343 = PCURVE('',#3428,#8344);
#8344 = DEFINITIONAL_REPRESENTATION('',(#8345),#8349);
#8345 = LINE('',#8346,#8347);
#8346 = CARTESIAN_POINT('',(0.,0.));
#8347 = VECTOR('',#8348,1.);
#8348 = DIRECTION('',(1.,0.));
#8349 = ( GEOMETRIC_REPRESENTATION_CONTEXT(2) 
PARAMETRIC_REPRESENTATION_CONTEXT() REPRESENTATION_CONTEXT('2D SPACE',''
  ) );
#8350 = PCURVE('',#8077,#8351);
#8351 = DEFINITIONAL_REPRESENTATION('',(#8352),#8356);
#8352 = LINE('',#8353,#8354);
#8353 = CARTESIAN_POINT('',(0.,1.));
#8354 = VECTOR('',#8355,1.);
#8355 = DIRECTION('',(1.,0.));
#8356 = ( GEOMETRIC_REPRESENTATION_CONTEXT(2) 
PARAMETRIC_REPRESENTATION_CONTEXT() REPRESENTATION_CONTEXT('2D SPACE',''
  ) );
#8357 = ORIENTED_EDGE('',*,*,#8358,.T.);
#8358 = EDGE_CURVE('',#8335,#5333,#8359,.T.);
#8359 = SURFACE_CURVE('',#8360,(#8366,#8375),.PCURVE_S1.);
#8360 = B_SPLINE_CURVE_WITH_KNOTS('',4,(#8361,#8362,#8363,#8364,#8365),
  .UNSPECIFIED.,.F.,.F.,(5,5),(0.,1.),.PIECEWISE_BEZIER_KNOTS.);
#8361 = CARTESIAN_POINT('',(15.332883645464,-14.34938108584,
    7.509950989769));
#8362 = CARTESIAN_POINT('',(15.142629184791,-14.37447053783,
    7.631718867519));
#8363 = CARTESIAN_POINT('',(14.952673638218,-14.39660171994,
    7.753893161363));
#8364 = CARTESIAN_POINT('',(14.76331964761,-14.41532577121,
    7.876611079311));
#8365 = CARTESIAN_POINT('',(14.574935385446,-14.43022378586,8.));
#8366 = PCURVE('',#3428,#8367);
#8367 = DEFINITIONAL_REPRESENTATION('',(#8368),#8374);
#8368 = B_SPLINE_CURVE_WITH_KNOTS('',4,(#8369,#8370,#8371,#8372,#8373),
  .UNSPECIFIED.,.F.,.F.,(5,5),(0.,1.),.PIECEWISE_BEZIER_KNOTS.);
#8369 = CARTESIAN_POINT('',(0.938743935879,0.));
#8370 = CARTESIAN_POINT('',(0.953964908317,5.833552086386E-02));
#8371 = CARTESIAN_POINT('',(0.969236680722,0.116357722305));
#8372 = CARTESIAN_POINT('',(0.984576403913,0.174154222244));
#8373 = CARTESIAN_POINT('',(1.,0.231786024198));
#8374 = ( GEOMETRIC_REPRESENTATION_CONTEXT(2) 
PARAMETRIC_REPRESENTATION_CONTEXT() REPRESENTATION_CONTEXT('2D SPACE',''
  ) );
#8375 = PCURVE('',#5353,#8376);
#8376 = DEFINITIONAL_REPRESENTATION('',(#8377),#8383);
#8377 = B_SPLINE_CURVE_WITH_KNOTS('',4,(#8378,#8379,#8380,#8381,#8382),
  .UNSPECIFIED.,.F.,.F.,(5,5),(0.,1.),.PIECEWISE_BEZIER_KNOTS.);
#8378 = CARTESIAN_POINT('',(-5.530909376238,-9.950989768967E-03));
#8379 = CARTESIAN_POINT('',(-5.523846535264,-0.131718867519));
#8380 = CARTESIAN_POINT('',(-5.516787076505,-0.253893161363));
#8381 = CARTESIAN_POINT('',(-5.509754741798,-0.376611079311));
#8382 = CARTESIAN_POINT('',(-5.502776269959,-0.5));
#8383 = ( GEOMETRIC_REPRESENTATION_CONTEXT(2) 
PARAMETRIC_REPRESENTATION_CONTEXT() REPRESENTATION_CONTEXT('2D SPACE',''
  ) );
#8384 = ORIENTED_EDGE('',*,*,#5365,.T.);
#8385 = ORIENTED_EDGE('',*,*,#8386,.F.);
#8386 = EDGE_CURVE('',#3369,#5366,#8387,.T.);
#8387 = SURFACE_CURVE('',#8388,(#8393,#8400),.PCURVE_S1.);
#8388 = B_SPLINE_CURVE_WITH_KNOTS('',3,(#8389,#8390,#8391,#8392),
  .UNSPECIFIED.,.F.,.F.,(4,4),(0.,1.),.PIECEWISE_BEZIER_KNOTS.);
#8389 = CARTESIAN_POINT('',(16.258876926363,-9.426442049744,0.));
#8390 = CARTESIAN_POINT('',(15.379092536288,-10.94459692476,
    2.666669690328));
#8391 = CARTESIAN_POINT('',(14.285158310997,-12.33835244735,
    5.333330309672));
#8392 = CARTESIAN_POINT('',(13.019506469629,-13.55364673846,8.));
#8393 = PCURVE('',#3428,#8394);
#8394 = DEFINITIONAL_REPRESENTATION('',(#8395),#8399);
#8395 = LINE('',#8396,#8397);
#8396 = CARTESIAN_POINT('',(0.,1.));
#8397 = VECTOR('',#8398,1.);
#8398 = DIRECTION('',(1.,0.));
#8399 = ( GEOMETRIC_REPRESENTATION_CONTEXT(2) 
PARAMETRIC_REPRESENTATION_CONTEXT() REPRESENTATION_CONTEXT('2D SPACE',''
  ) );
#8400 = PCURVE('',#3386,#8401);
#8401 = DEFINITIONAL_REPRESENTATION('',(#8402),#8406);
#8402 = LINE('',#8403,#8404);
#8403 = CARTESIAN_POINT('',(0.,0.));
#8404 = VECTOR('',#8405,1.);
#8405 = DIRECTION('',(1.,0.));
#8406 = ( GEOMETRIC_REPRESENTATION_CONTEXT(2) 
PARAMETRIC_REPRESENTATION_CONTEXT() REPRESENTATION_CONTEXT('2D SPACE',''
  ) );
#8407 = ADVANCED_FACE('',(#8408),#823,.T.);
#8408 = FACE_BOUND('',#8409,.T.);
#8409 = EDGE_LOOP('',(#8410,#8411,#8433,#8434));
#8410 = ORIENTED_EDGE('',*,*,#805,.F.);
#8411 = ORIENTED_EDGE('',*,*,#8412,.T.);
#8412 = EDGE_CURVE('',#806,#4721,#8413,.T.);
#8413 = SURFACE_CURVE('',#8414,(#8419,#8426),.PCURVE_S1.);
#8414 = B_SPLINE_CURVE_WITH_KNOTS('',3,(#8415,#8416,#8417,#8418),
  .UNSPECIFIED.,.F.,.F.,(4,4),(0.,1.),.PIECEWISE_BEZIER_KNOTS.);
#8415 = CARTESIAN_POINT('',(-4.831261033273,18.162263224945,0.));
#8416 = CARTESIAN_POINT('',(-3.13566191805,18.61365932376,2.666669690328
    ));
#8417 = CARTESIAN_POINT('',(-1.376599627837,18.825664996221,
    5.333330309672));
#8418 = CARTESIAN_POINT('',(0.377694206198,18.790056830952,8.));
#8419 = PCURVE('',#823,#8420);
#8420 = DEFINITIONAL_REPRESENTATION('',(#8421),#8425);
#8421 = LINE('',#8422,#8423);
#8422 = CARTESIAN_POINT('',(0.,0.));
#8423 = VECTOR('',#8424,1.);
#8424 = DIRECTION('',(1.,0.));
#8425 = ( GEOMETRIC_REPRESENTATION_CONTEXT(2) 
PARAMETRIC_REPRESENTATION_CONTEXT() REPRESENTATION_CONTEXT('2D SPACE',''
  ) );
#8426 = PCURVE('',#865,#8427);
#8427 = DEFINITIONAL_REPRESENTATION('',(#8428),#8432);
#8428 = LINE('',#8429,#8430);
#8429 = CARTESIAN_POINT('',(0.,1.));
#8430 = VECTOR('',#8431,1.);
#8431 = DIRECTION('',(1.,0.));
#8432 = ( GEOMETRIC_REPRESENTATION_CONTEXT(2) 
PARAMETRIC_REPRESENTATION_CONTEXT() REPRESENTATION_CONTEXT('2D SPACE',''
  ) );
#8433 = ORIENTED_EDGE('',*,*,#4745,.T.);
#8434 = ORIENTED_EDGE('',*,*,#8254,.F.);
#8435 = ADVANCED_FACE('',(#8436),#3386,.T.);
#8436 = FACE_BOUND('',#8437,.T.);
#8437 = EDGE_LOOP('',(#8438,#8439,#8440,#8441));
#8438 = ORIENTED_EDGE('',*,*,#3368,.F.);
#8439 = ORIENTED_EDGE('',*,*,#8386,.T.);
#8440 = ORIENTED_EDGE('',*,*,#5390,.T.);
#8441 = ORIENTED_EDGE('',*,*,#8442,.F.);
#8442 = EDGE_CURVE('',#3327,#5391,#8443,.T.);
#8443 = SURFACE_CURVE('',#8444,(#8449,#8456),.PCURVE_S1.);
#8444 = B_SPLINE_CURVE_WITH_KNOTS('',3,(#8445,#8446,#8447,#8448),
  .UNSPECIFIED.,.F.,.F.,(4,4),(0.,1.),.PIECEWISE_BEZIER_KNOTS.);
#8445 = CARTESIAN_POINT('',(15.780397027209,-10.20725028043,0.));
#8446 = CARTESIAN_POINT('',(14.827705047327,-11.68074707006,
    2.666669690328));
#8447 = CARTESIAN_POINT('',(13.667177166214,-13.01956056833,
    5.333330309672));
#8448 = CARTESIAN_POINT('',(12.34382868025,-14.17176002253,8.));
#8449 = PCURVE('',#3386,#8450);
#8450 = DEFINITIONAL_REPRESENTATION('',(#8451),#8455);
#8451 = LINE('',#8452,#8453);
#8452 = CARTESIAN_POINT('',(0.,1.));
#8453 = VECTOR('',#8454,1.);
#8454 = DIRECTION('',(1.,0.));
#8455 = ( GEOMETRIC_REPRESENTATION_CONTEXT(2) 
PARAMETRIC_REPRESENTATION_CONTEXT() REPRESENTATION_CONTEXT('2D SPACE',''
  ) );
#8456 = PCURVE('',#3344,#8457);
#8457 = DEFINITIONAL_REPRESENTATION('',(#8458),#8462);
#8458 = LINE('',#8459,#8460);
#8459 = CARTESIAN_POINT('',(0.,0.));
#8460 = VECTOR('',#8461,1.);
#8461 = DIRECTION('',(1.,0.));
#8462 = ( GEOMETRIC_REPRESENTATION_CONTEXT(2) 
PARAMETRIC_REPRESENTATION_CONTEXT() REPRESENTATION_CONTEXT('2D SPACE',''
  ) );
#8463 = ADVANCED_FACE('',(#8464),#865,.T.);
#8464 = FACE_BOUND('',#8465,.T.);
#8465 = EDGE_LOOP('',(#8466,#8467,#8496,#8537,#8564,#8565));
#8466 = ORIENTED_EDGE('',*,*,#847,.F.);
#8467 = ORIENTED_EDGE('',*,*,#8468,.F.);
#8468 = EDGE_CURVE('',#8469,#848,#8471,.T.);
#8469 = VERTEX_POINT('',#8470);
#8470 = CARTESIAN_POINT('',(-5.78109985487,20.188634002828,
    0.490049010231));
#8471 = SURFACE_CURVE('',#8472,(#8478,#8487),.PCURVE_S1.);
#8472 = B_SPLINE_CURVE_WITH_KNOTS('',4,(#8473,#8474,#8475,#8476,#8477),
  .UNSPECIFIED.,.F.,.F.,(5,5),(0.,1.),.PIECEWISE_BEZIER_KNOTS.);
#8473 = CARTESIAN_POINT('',(-5.78109985487,20.188634002828,
    0.490049010231));
#8474 = CARTESIAN_POINT('',(-5.777100471281,20.062356606932,
    0.367549821625));
#8475 = CARTESIAN_POINT('',(-5.77317137347,19.935957101654,
    0.245013308838));
#8476 = CARTESIAN_POINT('',(-5.769942534213,19.809295593957,
    0.122481298081));
#8477 = CARTESIAN_POINT('',(-5.767959246943,19.682244438214,
    -4.440892098501E-16));
#8478 = PCURVE('',#865,#8479);
#8479 = DEFINITIONAL_REPRESENTATION('',(#8480),#8486);
#8480 = B_SPLINE_CURVE_WITH_KNOTS('',4,(#8481,#8482,#8483,#8484,#8485),
  .UNSPECIFIED.,.F.,.F.,(5,5),(0.,1.),.PIECEWISE_BEZIER_KNOTS.);
#8481 = CARTESIAN_POINT('',(6.125606412117E-02,0.));
#8482 = CARTESIAN_POINT('',(4.594367789993E-02,5.86858710587E-02));
#8483 = CARTESIAN_POINT('',(3.062662818737E-02,0.116875481688));
#8484 = CARTESIAN_POINT('',(1.531014340031E-02,0.174578149499));
#8485 = CARTESIAN_POINT('',(0.,0.231786024198));
#8486 = ( GEOMETRIC_REPRESENTATION_CONTEXT(2) 
PARAMETRIC_REPRESENTATION_CONTEXT() REPRESENTATION_CONTEXT('2D SPACE',''
  ) );
#8487 = PCURVE('',#906,#8488);
#8488 = DEFINITIONAL_REPRESENTATION('',(#8489),#8495);
#8489 = B_SPLINE_CURVE_WITH_KNOTS('',4,(#8490,#8491,#8492,#8493,#8494),
  .UNSPECIFIED.,.F.,.F.,(5,5),(0.,1.),.PIECEWISE_BEZIER_KNOTS.);
#8490 = CARTESIAN_POINT('',(1.849687491606,0.500049010231));
#8491 = CARTESIAN_POINT('',(1.851159775309,0.377549821625));
#8492 = CARTESIAN_POINT('',(1.852659776897,0.255013308838));
#8493 = CARTESIAN_POINT('',(1.854219178619,0.132481298081));
#8494 = CARTESIAN_POINT('',(1.855868468256,1.E-02));
#8495 = ( GEOMETRIC_REPRESENTATION_CONTEXT(2) 
PARAMETRIC_REPRESENTATION_CONTEXT() REPRESENTATION_CONTEXT('2D SPACE',''
  ) );
#8496 = ORIENTED_EDGE('',*,*,#8497,.T.);
#8497 = EDGE_CURVE('',#8469,#8498,#8500,.T.);
#8498 = VERTEX_POINT('',#8499);
#8499 = CARTESIAN_POINT('',(-0.695441329221,20.988530672482,
    7.509950989769));
#8500 = SURFACE_CURVE('',#8501,(#8506,#8513),.PCURVE_S1.);
#8501 = B_SPLINE_CURVE_WITH_KNOTS('',3,(#8502,#8503,#8504,#8505),
  .UNSPECIFIED.,.F.,.F.,(4,4),(0.,1.),.PIECEWISE_BEZIER_KNOTS.);
#8502 = CARTESIAN_POINT('',(-6.126594940758,20.086434089501,0.));
#8503 = CARTESIAN_POINT('',(-4.251372602325,20.658802176188,
    2.666669951599));
#8504 = CARTESIAN_POINT('',(-2.295639510627,20.966409220368,
    5.333330048401));
#8505 = CARTESIAN_POINT('',(-0.335254768365,20.99732373995,8.));
#8506 = PCURVE('',#865,#8507);
#8507 = DEFINITIONAL_REPRESENTATION('',(#8508),#8512);
#8508 = LINE('',#8509,#8510);
#8509 = CARTESIAN_POINT('',(0.,0.));
#8510 = VECTOR('',#8511,1.);
#8511 = DIRECTION('',(1.,0.));
#8512 = ( GEOMETRIC_REPRESENTATION_CONTEXT(2) 
PARAMETRIC_REPRESENTATION_CONTEXT() REPRESENTATION_CONTEXT('2D SPACE',''
  ) );
#8513 = PCURVE('',#8514,#8531);
#8514 = B_SPLINE_SURFACE_WITH_KNOTS('',3,3,(
    (#8515,#8516,#8517,#8518)
    ,(#8519,#8520,#8521,#8522)
    ,(#8523,#8524,#8525,#8526)
    ,(#8527,#8528,#8529,#8530
    )),.UNSPECIFIED.,.F.,.F.,.F.,(4,4),(4,4),(0.,1.),(0.,1.),
  .PIECEWISE_BEZIER_KNOTS.);
#8515 = CARTESIAN_POINT('',(-6.849990304229,19.851388687746,0.));
#8516 = CARTESIAN_POINT('',(-6.610303888409,19.934095842861,0.));
#8517 = CARTESIAN_POINT('',(-6.369119370513,20.012461443152,0.));
#8518 = CARTESIAN_POINT('',(-6.126594940758,20.086434089501,0.));
#8519 = CARTESIAN_POINT('',(-4.996725699647,20.491291038768,
    2.666670185642));
#8520 = CARTESIAN_POINT('',(-4.749313068079,20.551621807143,
    2.666670185642));
#8521 = CARTESIAN_POINT('',(-4.500807648642,20.607471073191,
    2.666670185642));
#8522 = CARTESIAN_POINT('',(-4.251372433254,20.658802206004,
    2.666670185642));
#8523 = CARTESIAN_POINT('',(-3.053415548842,20.86952154792,
    5.333329814358));
#8524 = CARTESIAN_POINT('',(-2.801436137217,20.906388714734,
    5.333329814358));
#8525 = CARTESIAN_POINT('',(-2.548788945013,20.938691660088,
    5.333329814358));
#8526 = CARTESIAN_POINT('',(-2.295639680688,20.966409196843,
    5.333329814358));
#8527 = CARTESIAN_POINT('',(-1.095436094811,20.971409579763,8.));
#8528 = CARTESIAN_POINT('',(-0.842226473037,20.984636025854,8.));
#8529 = CARTESIAN_POINT('',(-0.588777286062,20.993275968197,8.));
#8530 = CARTESIAN_POINT('',(-0.335254768365,20.99732373995,8.));
#8531 = DEFINITIONAL_REPRESENTATION('',(#8532),#8536);
#8532 = LINE('',#8533,#8534);
#8533 = CARTESIAN_POINT('',(0.,1.));
#8534 = VECTOR('',#8535,1.);
#8535 = DIRECTION('',(1.,0.));
#8536 = ( GEOMETRIC_REPRESENTATION_CONTEXT(2) 
PARAMETRIC_REPRESENTATION_CONTEXT() REPRESENTATION_CONTEXT('2D SPACE',''
  ) );
#8537 = ORIENTED_EDGE('',*,*,#8538,.T.);
#8538 = EDGE_CURVE('',#8498,#4686,#8539,.T.);
#8539 = SURFACE_CURVE('',#8540,(#8546,#8555),.PCURVE_S1.);
#8540 = B_SPLINE_CURVE_WITH_KNOTS('',4,(#8541,#8542,#8543,#8544,#8545),
  .UNSPECIFIED.,.F.,.F.,(5,5),(0.,1.),.PIECEWISE_BEZIER_KNOTS.);
#8541 = CARTESIAN_POINT('',(-0.695441329221,20.988530672482,
    7.509950989769));
#8542 = CARTESIAN_POINT('',(-0.543170188288,20.87174137483,
    7.631718867519));
#8543 = CARTESIAN_POINT('',(-0.393202224237,20.753071628669,
    7.753893161363));
#8544 = CARTESIAN_POINT('',(-0.24606882981,20.632418041488,
    7.876611079311));
#8545 = CARTESIAN_POINT('',(-0.102326553382,20.509744739427,8.));
#8546 = PCURVE('',#865,#8547);
#8547 = DEFINITIONAL_REPRESENTATION('',(#8548),#8554);
#8548 = B_SPLINE_CURVE_WITH_KNOTS('',4,(#8549,#8550,#8551,#8552,#8553),
  .UNSPECIFIED.,.F.,.F.,(5,5),(0.,1.),.PIECEWISE_BEZIER_KNOTS.);
#8549 = CARTESIAN_POINT('',(0.938743935879,0.));
#8550 = CARTESIAN_POINT('',(0.953964908317,5.833552086386E-02));
#8551 = CARTESIAN_POINT('',(0.969236680722,0.116357722305));
#8552 = CARTESIAN_POINT('',(0.984576403913,0.174154222244));
#8553 = CARTESIAN_POINT('',(1.,0.231786024198));
#8554 = ( GEOMETRIC_REPRESENTATION_CONTEXT(2) 
PARAMETRIC_REPRESENTATION_CONTEXT() REPRESENTATION_CONTEXT('2D SPACE',''
  ) );
#8555 = PCURVE('',#4708,#8556);
#8556 = DEFINITIONAL_REPRESENTATION('',(#8557),#8563);
#8557 = B_SPLINE_CURVE_WITH_KNOTS('',4,(#8558,#8559,#8560,#8561,#8562),
  .UNSPECIFIED.,.F.,.F.,(5,5),(0.,1.),.PIECEWISE_BEZIER_KNOTS.);
#8558 = CARTESIAN_POINT('',(-1.60391855925,-9.950989768961E-03));
#8559 = CARTESIAN_POINT('',(-1.596855718277,-0.131718867519));
#8560 = CARTESIAN_POINT('',(-1.589796259517,-0.253893161363));
#8561 = CARTESIAN_POINT('',(-1.582763924811,-0.376611079311));
#8562 = CARTESIAN_POINT('',(-1.575785452972,-0.5));
#8563 = ( GEOMETRIC_REPRESENTATION_CONTEXT(2) 
PARAMETRIC_REPRESENTATION_CONTEXT() REPRESENTATION_CONTEXT('2D SPACE',''
  ) );
#8564 = ORIENTED_EDGE('',*,*,#4720,.T.);
#8565 = ORIENTED_EDGE('',*,*,#8412,.F.);
#8566 = ADVANCED_FACE('',(#8567),#3344,.T.);
#8567 = FACE_BOUND('',#8568,.T.);
#8568 = EDGE_LOOP('',(#8569,#8570,#8571,#8572,#8601,#8642));
#8569 = ORIENTED_EDGE('',*,*,#3326,.F.);
#8570 = ORIENTED_EDGE('',*,*,#8442,.T.);
#8571 = ORIENTED_EDGE('',*,*,#5415,.T.);
#8572 = ORIENTED_EDGE('',*,*,#8573,.T.);
#8573 = EDGE_CURVE('',#5416,#8574,#8576,.T.);
#8574 = VERTEX_POINT('',#8575);
#8575 = CARTESIAN_POINT('',(13.491027938487,-16.09329747426,
    7.509950989769));
#8576 = SURFACE_CURVE('',#8577,(#8583,#8592),.PCURVE_S1.);
#8577 = B_SPLINE_CURVE_WITH_KNOTS('',4,(#8578,#8579,#8580,#8581,#8582),
  .UNSPECIFIED.,.F.,.F.,(5,5),(0.,1.),.PIECEWISE_BEZIER_KNOTS.);
#8578 = CARTESIAN_POINT('',(13.078804411147,-15.79889158058,8.));
#8579 = CARTESIAN_POINT('',(13.182965159491,-15.8716684183,
    7.877518701917));
#8580 = CARTESIAN_POINT('',(13.286105694987,-15.94525913016,
    7.754986691164));
#8581 = CARTESIAN_POINT('',(13.388637080845,-16.01928336713,
    7.632450178374));
#8582 = CARTESIAN_POINT('',(13.491027938487,-16.09329747426,
    7.509950989769));
#8583 = PCURVE('',#3344,#8584);
#8584 = DEFINITIONAL_REPRESENTATION('',(#8585),#8591);
#8585 = B_SPLINE_CURVE_WITH_KNOTS('',4,(#8586,#8587,#8588,#8589,#8590),
  .UNSPECIFIED.,.F.,.F.,(5,5),(0.,1.),.PIECEWISE_BEZIER_KNOTS.);
#8586 = CARTESIAN_POINT('',(1.,0.768213975802));
#8587 = CARTESIAN_POINT('',(0.984689856599,0.825421850502));
#8588 = CARTESIAN_POINT('',(0.969373371813,0.883124518311));
#8589 = CARTESIAN_POINT('',(0.9540563221,0.941314128942));
#8590 = CARTESIAN_POINT('',(0.938743935879,1.));
#8591 = ( GEOMETRIC_REPRESENTATION_CONTEXT(2) 
PARAMETRIC_REPRESENTATION_CONTEXT() REPRESENTATION_CONTEXT('2D SPACE',''
  ) );
#8592 = PCURVE('',#5461,#8593);
#8593 = DEFINITIONAL_REPRESENTATION('',(#8594),#8600);
#8594 = B_SPLINE_CURVE_WITH_KNOTS('',4,(#8595,#8596,#8597,#8598,#8599),
  .UNSPECIFIED.,.F.,.F.,(5,5),(0.,1.),.PIECEWISE_BEZIER_KNOTS.);
#8595 = CARTESIAN_POINT('',(-5.403870885076,-0.5));
#8596 = CARTESIAN_POINT('',(-5.405520174713,-0.377518701917));
#8597 = CARTESIAN_POINT('',(-5.407079576435,-0.254986691164));
#8598 = CARTESIAN_POINT('',(-5.408579578023,-0.132450178374));
#8599 = CARTESIAN_POINT('',(-5.410051861725,-9.95098976897E-03));
#8600 = ( GEOMETRIC_REPRESENTATION_CONTEXT(2) 
PARAMETRIC_REPRESENTATION_CONTEXT() REPRESENTATION_CONTEXT('2D SPACE',''
  ) );
#8601 = ORIENTED_EDGE('',*,*,#8602,.F.);
#8602 = EDGE_CURVE('',#8603,#8574,#8605,.T.);
#8603 = VERTEX_POINT('',#8604);
#8604 = CARTESIAN_POINT('',(17.001164733467,-12.32730530722,
    0.490049010231));
#8605 = SURFACE_CURVE('',#8606,(#8611,#8618),.PCURVE_S1.);
#8606 = B_SPLINE_CURVE_WITH_KNOTS('',3,(#8607,#8608,#8609,#8610),
  .UNSPECIFIED.,.F.,.F.,(4,4),(0.,1.),.PIECEWISE_BEZIER_KNOTS.);
#8607 = CARTESIAN_POINT('',(17.210112075607,-12.03378753115,0.));
#8608 = CARTESIAN_POINT('',(16.086914794971,-13.6408008833,
    2.666669951599));
#8609 = CARTESIAN_POINT('',(14.737061938805,-15.0890450914,
    5.333330048401));
#8610 = CARTESIAN_POINT('',(13.212911687724,-16.32234556466,8.));
#8611 = PCURVE('',#3344,#8612);
#8612 = DEFINITIONAL_REPRESENTATION('',(#8613),#8617);
#8613 = LINE('',#8614,#8615);
#8614 = CARTESIAN_POINT('',(0.,1.));
#8615 = VECTOR('',#8616,1.);
#8616 = DIRECTION('',(1.,0.));
#8617 = ( GEOMETRIC_REPRESENTATION_CONTEXT(2) 
PARAMETRIC_REPRESENTATION_CONTEXT() REPRESENTATION_CONTEXT('2D SPACE',''
  ) );
#8618 = PCURVE('',#8619,#8636);
#8619 = B_SPLINE_SURFACE_WITH_KNOTS('',3,3,(
    (#8620,#8621,#8622,#8623)
    ,(#8624,#8625,#8626,#8627)
    ,(#8628,#8629,#8630,#8631)
    ,(#8632,#8633,#8634,#8635
    )),.UNSPECIFIED.,.F.,.F.,.F.,(4,4),(4,4),(0.,1.),(0.,1.),
  .PIECEWISE_BEZIER_KNOTS.);
#8620 = CARTESIAN_POINT('',(17.210112075607,-12.03378753115,0.));
#8621 = CARTESIAN_POINT('',(17.064815737924,-12.24158316559,0.));
#8622 = CARTESIAN_POINT('',(16.915755508304,-12.4467469707,0.));
#8623 = CARTESIAN_POINT('',(16.763029153679,-12.64914438185,0.));
#8624 = CARTESIAN_POINT('',(16.086914680265,-13.64080101104,
    2.666670185642));
#8625 = CARTESIAN_POINT('',(15.922215192614,-13.835035124,2.666670185642
    ));
#8626 = CARTESIAN_POINT('',(15.75399746003,-14.02628595002,
    2.666670185642));
#8627 = CARTESIAN_POINT('',(15.582371814635,-14.21442804981,
    2.666670185642));
#8628 = CARTESIAN_POINT('',(14.73706205817,-15.08904496801,
    5.333329814358));
#8629 = CARTESIAN_POINT('',(14.554876408879,-15.26698091453,
    5.333329814358));
#8630 = CARTESIAN_POINT('',(14.369467731689,-15.4416168399,
    5.333329814358));
#8631 = CARTESIAN_POINT('',(14.180957634072,-15.61283820237,
    5.333329814358));
#8632 = CARTESIAN_POINT('',(13.212911687724,-16.32234556466,8.));
#8633 = CARTESIAN_POINT('',(13.015835110522,-16.48187886574,8.));
#8634 = CARTESIAN_POINT('',(12.815868841738,-16.63784242024,8.));
#8635 = CARTESIAN_POINT('',(12.613144037006,-16.7901339334,8.));
#8636 = DEFINITIONAL_REPRESENTATION('',(#8637),#8641);
#8637 = LINE('',#8638,#8639);
#8638 = CARTESIAN_POINT('',(0.,0.));
#8639 = VECTOR('',#8640,1.);
#8640 = DIRECTION('',(1.,0.));
#8641 = ( GEOMETRIC_REPRESENTATION_CONTEXT(2) 
PARAMETRIC_REPRESENTATION_CONTEXT() REPRESENTATION_CONTEXT('2D SPACE',''
  ) );
#8642 = ORIENTED_EDGE('',*,*,#8643,.T.);
#8643 = EDGE_CURVE('',#8603,#3298,#8644,.T.);
#8644 = SURFACE_CURVE('',#8645,(#8651,#8660),.PCURVE_S1.);
#8645 = B_SPLINE_CURVE_WITH_KNOTS('',4,(#8646,#8647,#8648,#8649,#8650),
  .UNSPECIFIED.,.F.,.F.,(5,5),(0.,1.),.PIECEWISE_BEZIER_KNOTS.);
#8646 = CARTESIAN_POINT('',(17.001164733467,-12.32730530722,
    0.490049010231));
#8647 = CARTESIAN_POINT('',(16.989650010604,-12.13574943662,
    0.368281132481));
#8648 = CARTESIAN_POINT('',(16.975287693754,-11.94504908856,
    0.246106838637));
#8649 = CARTESIAN_POINT('',(16.957694597929,-11.75558667319,
    0.123388920689));
#8650 = CARTESIAN_POINT('',(16.93652939811,-11.56780324638,
    -8.881784197001E-16));
#8651 = PCURVE('',#3344,#8652);
#8652 = DEFINITIONAL_REPRESENTATION('',(#8653),#8659);
#8653 = B_SPLINE_CURVE_WITH_KNOTS('',4,(#8654,#8655,#8656,#8657,#8658),
  .UNSPECIFIED.,.F.,.F.,(5,5),(0.,1.),.PIECEWISE_BEZIER_KNOTS.);
#8654 = CARTESIAN_POINT('',(6.125606412117E-02,1.));
#8655 = CARTESIAN_POINT('',(4.603509168317E-02,0.941664479136));
#8656 = CARTESIAN_POINT('',(3.076331927809E-02,0.883642277695));
#8657 = CARTESIAN_POINT('',(1.54235960866E-02,0.825845777756));
#8658 = CARTESIAN_POINT('',(0.,0.768213975802));
#8659 = ( GEOMETRIC_REPRESENTATION_CONTEXT(2) 
PARAMETRIC_REPRESENTATION_CONTEXT() REPRESENTATION_CONTEXT('2D SPACE',''
  ) );
#8660 = PCURVE('',#3314,#8661);
#8661 = DEFINITIONAL_REPRESENTATION('',(#8662),#8668);
#8662 = B_SPLINE_CURVE_WITH_KNOTS('',4,(#8663,#8664,#8665,#8666,#8667),
  .UNSPECIFIED.,.F.,.F.,(5,5),(0.,1.),.PIECEWISE_BEZIER_KNOTS.);
#8663 = CARTESIAN_POINT('',(5.655820794081,0.500049010231));
#8664 = CARTESIAN_POINT('',(5.662883635055,0.378281132481));
#8665 = CARTESIAN_POINT('',(5.669943093814,0.256106838637));
#8666 = CARTESIAN_POINT('',(5.676975428521,0.133388920689));
#8667 = CARTESIAN_POINT('',(5.68395390036,9.999999999999E-03));
#8668 = ( GEOMETRIC_REPRESENTATION_CONTEXT(2) 
PARAMETRIC_REPRESENTATION_CONTEXT() REPRESENTATION_CONTEXT('2D SPACE',''
  ) );
#8669 = ADVANCED_FACE('',(#8670),#906,.T.);
#8670 = FACE_BOUND('',#8671,.T.);
#8671 = EDGE_LOOP('',(#8672,#8673,#8674,#8703));
#8672 = ORIENTED_EDGE('',*,*,#8468,.T.);
#8673 = ORIENTED_EDGE('',*,*,#889,.T.);
#8674 = ORIENTED_EDGE('',*,*,#8675,.F.);
#8675 = EDGE_CURVE('',#8676,#890,#8678,.T.);
#8676 = VERTEX_POINT('',#8677);
#8677 = CARTESIAN_POINT('',(-6.508422933447,19.966033390523,
    0.490049010231));
#8678 = SURFACE_CURVE('',#8679,(#8685,#8694),.PCURVE_S1.);
#8679 = B_SPLINE_CURVE_WITH_KNOTS('',4,(#8680,#8681,#8682,#8683,#8684),
  .UNSPECIFIED.,.F.,.F.,(5,5),(0.,1.),.PIECEWISE_BEZIER_KNOTS.);
#8680 = CARTESIAN_POINT('',(-6.508422933447,19.966033390523,
    0.490049010231));
#8681 = CARTESIAN_POINT('',(-6.611701042699,19.804293251546,
    0.368281132481));
#8682 = CARTESIAN_POINT('',(-6.712172536485,19.641571471098,
    0.246106838637));
#8683 = CARTESIAN_POINT('',(-6.809302636593,19.477952195008,
    0.123388920689));
#8684 = CARTESIAN_POINT('',(-6.902555959159,19.313591619134,
    -8.881784197001E-16));
#8685 = PCURVE('',#906,#8686);
#8686 = DEFINITIONAL_REPRESENTATION('',(#8687),#8693);
#8687 = B_SPLINE_CURVE_WITH_KNOTS('',4,(#8688,#8689,#8690,#8691,#8692),
  .UNSPECIFIED.,.F.,.F.,(5,5),(0.,1.),.PIECEWISE_BEZIER_KNOTS.);
#8688 = CARTESIAN_POINT('',(1.885909609774,0.500049010231));
#8689 = CARTESIAN_POINT('',(1.892972450747,0.378281132481));
#8690 = CARTESIAN_POINT('',(1.900031909507,0.256106838637));
#8691 = CARTESIAN_POINT('',(1.907064244213,0.133388920689));
#8692 = CARTESIAN_POINT('',(1.914042716052,1.E-02));
#8693 = ( GEOMETRIC_REPRESENTATION_CONTEXT(2) 
PARAMETRIC_REPRESENTATION_CONTEXT() REPRESENTATION_CONTEXT('2D SPACE',''
  ) );
#8694 = PCURVE('',#936,#8695);
#8695 = DEFINITIONAL_REPRESENTATION('',(#8696),#8702);
#8696 = B_SPLINE_CURVE_WITH_KNOTS('',4,(#8697,#8698,#8699,#8700,#8701),
  .UNSPECIFIED.,.F.,.F.,(5,5),(0.,1.),.PIECEWISE_BEZIER_KNOTS.);
#8697 = CARTESIAN_POINT('',(6.125606412117E-02,1.));
#8698 = CARTESIAN_POINT('',(4.603509168317E-02,0.941664479136));
#8699 = CARTESIAN_POINT('',(3.076331927809E-02,0.883642277695));
#8700 = CARTESIAN_POINT('',(1.542359608659E-02,0.825845777756));
#8701 = CARTESIAN_POINT('',(0.,0.768213975802));
#8702 = ( GEOMETRIC_REPRESENTATION_CONTEXT(2) 
PARAMETRIC_REPRESENTATION_CONTEXT() REPRESENTATION_CONTEXT('2D SPACE',''
  ) );
#8703 = ORIENTED_EDGE('',*,*,#8704,.T.);
#8704 = EDGE_CURVE('',#8676,#8469,#8705,.T.);
#8705 = SURFACE_CURVE('',#8706,(#8712,#8721),.PCURVE_S1.);
#8706 = B_SPLINE_CURVE_WITH_KNOTS('',4,(#8707,#8708,#8709,#8710,#8711),
  .UNSPECIFIED.,.F.,.F.,(5,5),(0.,1.),.PIECEWISE_BEZIER_KNOTS.);
#8707 = CARTESIAN_POINT('',(-6.508422934659,19.966033387349,
    0.490049007589));
#8708 = CARTESIAN_POINT('',(-6.32761991763,20.024970692232,
    0.490049088273));
#8709 = CARTESIAN_POINT('',(-6.146105334972,20.081724640635,
    0.490048864155));
#8710 = CARTESIAN_POINT('',(-5.963918615124,20.136283166721,
    0.490049088273));
#8711 = CARTESIAN_POINT('',(-5.781099856195,20.1886339997,0.490049007589
    ));
#8712 = PCURVE('',#906,#8713);
#8713 = DEFINITIONAL_REPRESENTATION('',(#8714),#8720);
#8714 = B_SPLINE_CURVE_WITH_KNOTS('',4,(#8715,#8716,#8717,#8718,#8719),
  .UNSPECIFIED.,.F.,.F.,(5,5),(0.,1.),.PIECEWISE_BEZIER_KNOTS.);
#8715 = CARTESIAN_POINT('',(1.885909609875,0.500049007589));
#8716 = CARTESIAN_POINT('',(1.876854078487,0.500049088273));
#8717 = CARTESIAN_POINT('',(1.867798553968,0.500048864155));
#8718 = CARTESIAN_POINT('',(1.858743019522,0.500049088273));
#8719 = CARTESIAN_POINT('',(1.849687491708,0.500049007589));
#8720 = ( GEOMETRIC_REPRESENTATION_CONTEXT(2) 
PARAMETRIC_REPRESENTATION_CONTEXT() REPRESENTATION_CONTEXT('2D SPACE',''
  ) );
#8721 = PCURVE('',#8514,#8722);
#8722 = DEFINITIONAL_REPRESENTATION('',(#8723),#8729);
#8723 = B_SPLINE_CURVE_WITH_KNOTS('',4,(#8724,#8725,#8726,#8727,#8728),
  .UNSPECIFIED.,.F.,.F.,(5,5),(0.,1.),.PIECEWISE_BEZIER_KNOTS.);
#8724 = CARTESIAN_POINT('',(6.125605936233E-02,0.));
#8725 = CARTESIAN_POINT('',(6.125606944785E-02,0.249999970936));
#8726 = CARTESIAN_POINT('',(6.125604143309E-02,0.500000050941));
#8727 = CARTESIAN_POINT('',(6.125606944785E-02,0.749999971755));
#8728 = CARTESIAN_POINT('',(6.125605936233E-02,1.));
#8729 = ( GEOMETRIC_REPRESENTATION_CONTEXT(2) 
PARAMETRIC_REPRESENTATION_CONTEXT() REPRESENTATION_CONTEXT('2D SPACE',''
  ) );
#8730 = ADVANCED_FACE('',(#8731),#3314,.T.);
#8731 = FACE_BOUND('',#8732,.T.);
#8732 = EDGE_LOOP('',(#8733,#8762,#8763,#8764));
#8733 = ORIENTED_EDGE('',*,*,#8734,.T.);
#8734 = EDGE_CURVE('',#8735,#3256,#8737,.T.);
#8735 = VERTEX_POINT('',#8736);
#8736 = CARTESIAN_POINT('',(16.543589359561,-12.93490276478,
    0.490049010231));
#8737 = SURFACE_CURVE('',#8738,(#8744,#8753),.PCURVE_S1.);
#8738 = B_SPLINE_CURVE_WITH_KNOTS('',4,(#8739,#8740,#8741,#8742,#8743),
  .UNSPECIFIED.,.F.,.F.,(5,5),(0.,1.),.PIECEWISE_BEZIER_KNOTS.);
#8739 = CARTESIAN_POINT('',(16.543589359561,-12.93490276478,
    0.490049010231));
#8740 = CARTESIAN_POINT('',(16.466129799265,-12.83509298418,
    0.367549821625));
#8741 = CARTESIAN_POINT('',(16.388655327264,-12.73514310208,
    0.245013308838));
#8742 = CARTESIAN_POINT('',(16.311593375175,-12.63456965392,
    0.122481298081));
#8743 = CARTESIAN_POINT('',(16.235310066437,-12.53294885678,
    -4.440892098501E-16));
#8744 = PCURVE('',#3314,#8745);
#8745 = DEFINITIONAL_REPRESENTATION('',(#8746),#8752);
#8746 = B_SPLINE_CURVE_WITH_KNOTS('',4,(#8747,#8748,#8749,#8750,#8751),
  .UNSPECIFIED.,.F.,.F.,(5,5),(0.,1.),.PIECEWISE_BEZIER_KNOTS.);
#8747 = CARTESIAN_POINT('',(5.619598675914,0.500049010231));
#8748 = CARTESIAN_POINT('',(5.621070959617,0.377549821625));
#8749 = CARTESIAN_POINT('',(5.622570961205,0.255013308838));
#8750 = CARTESIAN_POINT('',(5.624130362926,0.132481298081));
#8751 = CARTESIAN_POINT('',(5.625779652564,9.999999999995E-03));
#8752 = ( GEOMETRIC_REPRESENTATION_CONTEXT(2) 
PARAMETRIC_REPRESENTATION_CONTEXT() REPRESENTATION_CONTEXT('2D SPACE',''
  ) );
#8753 = PCURVE('',#3273,#8754);
#8754 = DEFINITIONAL_REPRESENTATION('',(#8755),#8761);
#8755 = B_SPLINE_CURVE_WITH_KNOTS('',4,(#8756,#8757,#8758,#8759,#8760),
  .UNSPECIFIED.,.F.,.F.,(5,5),(0.,1.),.PIECEWISE_BEZIER_KNOTS.);
#8756 = CARTESIAN_POINT('',(6.125606412117E-02,0.));
#8757 = CARTESIAN_POINT('',(4.594367789993E-02,5.86858710587E-02));
#8758 = CARTESIAN_POINT('',(3.062662818737E-02,0.116875481688));
#8759 = CARTESIAN_POINT('',(1.531014340031E-02,0.174578149499));
#8760 = CARTESIAN_POINT('',(0.,0.231786024198));
#8761 = ( GEOMETRIC_REPRESENTATION_CONTEXT(2) 
PARAMETRIC_REPRESENTATION_CONTEXT() REPRESENTATION_CONTEXT('2D SPACE',''
  ) );
#8762 = ORIENTED_EDGE('',*,*,#3297,.T.);
#8763 = ORIENTED_EDGE('',*,*,#8643,.F.);
#8764 = ORIENTED_EDGE('',*,*,#8765,.T.);
#8765 = EDGE_CURVE('',#8603,#8735,#8766,.T.);
#8766 = SURFACE_CURVE('',#8767,(#8773,#8782),.PCURVE_S1.);
#8767 = B_SPLINE_CURVE_WITH_KNOTS('',4,(#8768,#8769,#8770,#8771,#8772),
  .UNSPECIFIED.,.F.,.F.,(5,5),(0.,1.),.PIECEWISE_BEZIER_KNOTS.);
#8768 = CARTESIAN_POINT('',(17.001164732582,-12.32730530394,
    0.490049007589));
#8769 = CARTESIAN_POINT('',(16.889534497791,-12.48125993218,
    0.490049088273));
#8770 = CARTESIAN_POINT('',(16.776045249575,-12.63386643569,
    0.490048864155));
#8771 = CARTESIAN_POINT('',(16.660721794089,-12.78509187758,
    0.490049088273));
#8772 = CARTESIAN_POINT('',(16.543589358794,-12.93490276147,
    0.490049007589));
#8773 = PCURVE('',#3314,#8774);
#8774 = DEFINITIONAL_REPRESENTATION('',(#8775),#8781);
#8775 = B_SPLINE_CURVE_WITH_KNOTS('',4,(#8776,#8777,#8778,#8779,#8780),
  .UNSPECIFIED.,.F.,.F.,(5,5),(0.,1.),.PIECEWISE_BEZIER_KNOTS.);
#8776 = CARTESIAN_POINT('',(5.655820794183,0.500049007589));
#8777 = CARTESIAN_POINT('',(5.646765262795,0.500049088273));
#8778 = CARTESIAN_POINT('',(5.637709738276,0.500048864155));
#8779 = CARTESIAN_POINT('',(5.62865420383,0.500049088273));
#8780 = CARTESIAN_POINT('',(5.619598676016,0.500049007589));
#8781 = ( GEOMETRIC_REPRESENTATION_CONTEXT(2) 
PARAMETRIC_REPRESENTATION_CONTEXT() REPRESENTATION_CONTEXT('2D SPACE',''
  ) );
#8782 = PCURVE('',#8619,#8783);
#8783 = DEFINITIONAL_REPRESENTATION('',(#8784),#8790);
#8784 = B_SPLINE_CURVE_WITH_KNOTS('',4,(#8785,#8786,#8787,#8788,#8789),
  .UNSPECIFIED.,.F.,.F.,(5,5),(0.,1.),.PIECEWISE_BEZIER_KNOTS.);
#8785 = CARTESIAN_POINT('',(6.125605936233E-02,0.));
#8786 = CARTESIAN_POINT('',(6.125606944785E-02,0.249999970936));
#8787 = CARTESIAN_POINT('',(6.125604143309E-02,0.500000050941));
#8788 = CARTESIAN_POINT('',(6.125606944785E-02,0.749999971755));
#8789 = CARTESIAN_POINT('',(6.125605936233E-02,1.));
#8790 = ( GEOMETRIC_REPRESENTATION_CONTEXT(2) 
PARAMETRIC_REPRESENTATION_CONTEXT() REPRESENTATION_CONTEXT('2D SPACE',''
  ) );
#8791 = ADVANCED_FACE('',(#8792),#936,.T.);
#8792 = FACE_BOUND('',#8793,.T.);
#8793 = EDGE_LOOP('',(#8794,#8795,#8817,#8818,#8847,#8869));
#8794 = ORIENTED_EDGE('',*,*,#918,.F.);
#8795 = ORIENTED_EDGE('',*,*,#8796,.T.);
#8796 = EDGE_CURVE('',#919,#7066,#8797,.T.);
#8797 = SURFACE_CURVE('',#8798,(#8803,#8810),.PCURVE_S1.);
#8798 = B_SPLINE_CURVE_WITH_KNOTS('',3,(#8799,#8800,#8801,#8802),
  .UNSPECIFIED.,.F.,.F.,(4,4),(0.,1.),.PIECEWISE_BEZIER_KNOTS.);
#8799 = CARTESIAN_POINT('',(-6.766938191697,17.533323590624,0.));
#8800 = CARTESIAN_POINT('',(-5.130094507326,18.165429238837,
    2.666669690328));
#8801 = CARTESIAN_POINT('',(-3.404272899204,18.566410937848,
    5.333330309672));
#8802 = CARTESIAN_POINT('',(-1.656415637699,18.720715153513,8.));
#8803 = PCURVE('',#936,#8804);
#8804 = DEFINITIONAL_REPRESENTATION('',(#8805),#8809);
#8805 = LINE('',#8806,#8807);
#8806 = CARTESIAN_POINT('',(0.,0.));
#8807 = VECTOR('',#8808,1.);
#8808 = DIRECTION('',(1.,0.));
#8809 = ( GEOMETRIC_REPRESENTATION_CONTEXT(2) 
PARAMETRIC_REPRESENTATION_CONTEXT() REPRESENTATION_CONTEXT('2D SPACE',''
  ) );
#8810 = PCURVE('',#978,#8811);
#8811 = DEFINITIONAL_REPRESENTATION('',(#8812),#8816);
#8812 = LINE('',#8813,#8814);
#8813 = CARTESIAN_POINT('',(0.,1.));
#8814 = VECTOR('',#8815,1.);
#8815 = DIRECTION('',(1.,0.));
#8816 = ( GEOMETRIC_REPRESENTATION_CONTEXT(2) 
PARAMETRIC_REPRESENTATION_CONTEXT() REPRESENTATION_CONTEXT('2D SPACE',''
  ) );
#8817 = ORIENTED_EDGE('',*,*,#7090,.T.);
#8818 = ORIENTED_EDGE('',*,*,#8819,.T.);
#8819 = EDGE_CURVE('',#4688,#8820,#8822,.T.);
#8820 = VERTEX_POINT('',#8821);
#8821 = CARTESIAN_POINT('',(-1.455067957697,20.949578412717,
    7.509950989769));
#8822 = SURFACE_CURVE('',#8823,(#8829,#8838),.PCURVE_S1.);
#8823 = B_SPLINE_CURVE_WITH_KNOTS('',4,(#8824,#8825,#8826,#8827,#8828),
  .UNSPECIFIED.,.F.,.F.,(5,5),(0.,1.),.PIECEWISE_BEZIER_KNOTS.);
#8824 = CARTESIAN_POINT('',(-1.29461956109,20.469100131467,8.));
#8825 = CARTESIAN_POINT('',(-1.336110224724,20.589201981727,
    7.877518701917));
#8826 = CARTESIAN_POINT('',(-1.376297135615,20.709362603926,
    7.754986691164));
#8827 = CARTESIAN_POINT('',(-1.415736414427,20.829515906135,
    7.632450178374));
#8828 = CARTESIAN_POINT('',(-1.455067957697,20.949578412717,
    7.509950989769));
#8829 = PCURVE('',#936,#8830);
#8830 = DEFINITIONAL_REPRESENTATION('',(#8831),#8837);
#8831 = B_SPLINE_CURVE_WITH_KNOTS('',4,(#8832,#8833,#8834,#8835,#8836),
  .UNSPECIFIED.,.F.,.F.,(5,5),(0.,1.),.PIECEWISE_BEZIER_KNOTS.);
#8832 = CARTESIAN_POINT('',(1.,0.768213975802));
#8833 = CARTESIAN_POINT('',(0.984689856599,0.825421850502));
#8834 = CARTESIAN_POINT('',(0.969373371813,0.883124518311));
#8835 = CARTESIAN_POINT('',(0.9540563221,0.941314128942));
#8836 = CARTESIAN_POINT('',(0.938743935879,1.));
#8837 = ( GEOMETRIC_REPRESENTATION_CONTEXT(2) 
PARAMETRIC_REPRESENTATION_CONTEXT() REPRESENTATION_CONTEXT('2D SPACE',''
  ) );
#8838 = PCURVE('',#4708,#8839);
#8839 = DEFINITIONAL_REPRESENTATION('',(#8840),#8846);
#8840 = B_SPLINE_CURVE_WITH_KNOTS('',4,(#8841,#8842,#8843,#8844,#8845),
  .UNSPECIFIED.,.F.,.F.,(5,5),(0.,1.),.PIECEWISE_BEZIER_KNOTS.);
#8841 = CARTESIAN_POINT('',(-1.633959700768,-0.5));
#8842 = CARTESIAN_POINT('',(-1.635608990405,-0.377518701917));
#8843 = CARTESIAN_POINT('',(-1.637168392127,-0.254986691164));
#8844 = CARTESIAN_POINT('',(-1.638668393715,-0.132450178374));
#8845 = CARTESIAN_POINT('',(-1.640140677418,-9.950989768961E-03));
#8846 = ( GEOMETRIC_REPRESENTATION_CONTEXT(2) 
PARAMETRIC_REPRESENTATION_CONTEXT() REPRESENTATION_CONTEXT('2D SPACE',''
  ) );
#8847 = ORIENTED_EDGE('',*,*,#8848,.F.);
#8848 = EDGE_CURVE('',#8676,#8820,#8849,.T.);
#8849 = SURFACE_CURVE('',#8850,(#8855,#8862),.PCURVE_S1.);
#8850 = B_SPLINE_CURVE_WITH_KNOTS('',3,(#8851,#8852,#8853,#8854),
  .UNSPECIFIED.,.F.,.F.,(4,4),(0.,1.),.PIECEWISE_BEZIER_KNOTS.);
#8851 = CARTESIAN_POINT('',(-6.849990304229,19.851388687746,0.));
#8852 = CARTESIAN_POINT('',(-4.996725867528,20.491291002849,
    2.666669951599));
#8853 = CARTESIAN_POINT('',(-3.053415379745,20.869521577588,
    5.333330048401));
#8854 = CARTESIAN_POINT('',(-1.095436094811,20.971409579763,8.));
#8855 = PCURVE('',#936,#8856);
#8856 = DEFINITIONAL_REPRESENTATION('',(#8857),#8861);
#8857 = LINE('',#8858,#8859);
#8858 = CARTESIAN_POINT('',(0.,1.));
#8859 = VECTOR('',#8860,1.);
#8860 = DIRECTION('',(1.,0.));
#8861 = ( GEOMETRIC_REPRESENTATION_CONTEXT(2) 
PARAMETRIC_REPRESENTATION_CONTEXT() REPRESENTATION_CONTEXT('2D SPACE',''
  ) );
#8862 = PCURVE('',#8514,#8863);
#8863 = DEFINITIONAL_REPRESENTATION('',(#8864),#8868);
#8864 = LINE('',#8865,#8866);
#8865 = CARTESIAN_POINT('',(0.,0.));
#8866 = VECTOR('',#8867,1.);
#8867 = DIRECTION('',(1.,0.));
#8868 = ( GEOMETRIC_REPRESENTATION_CONTEXT(2) 
PARAMETRIC_REPRESENTATION_CONTEXT() REPRESENTATION_CONTEXT('2D SPACE',''
  ) );
#8869 = ORIENTED_EDGE('',*,*,#8675,.T.);
#8870 = ADVANCED_FACE('',(#8871),#3273,.T.);
#8871 = FACE_BOUND('',#8872,.T.);
#8872 = EDGE_LOOP('',(#8873,#8874,#8875,#8899,#8926,#8927));
#8873 = ORIENTED_EDGE('',*,*,#3255,.F.);
#8874 = ORIENTED_EDGE('',*,*,#8734,.F.);
#8875 = ORIENTED_EDGE('',*,*,#8876,.T.);
#8876 = EDGE_CURVE('',#8735,#8877,#8879,.T.);
#8877 = VERTEX_POINT('',#8878);
#8878 = CARTESIAN_POINT('',(12.899372650504,-16.57130784384,
    7.509950989769));
#8879 = SURFACE_CURVE('',#8880,(#8885,#8892),.PCURVE_S1.);
#8880 = B_SPLINE_CURVE_WITH_KNOTS('',3,(#8881,#8882,#8883,#8884),
  .UNSPECIFIED.,.F.,.F.,(4,4),(0.,1.),.PIECEWISE_BEZIER_KNOTS.);
#8881 = CARTESIAN_POINT('',(16.763029153679,-12.64914438185,0.));
#8882 = CARTESIAN_POINT('',(15.582371933892,-14.21442792631,
    2.666669951599));
#8883 = CARTESIAN_POINT('',(14.180957510317,-15.61283832137,
    5.333330048401));
#8884 = CARTESIAN_POINT('',(12.613144037006,-16.7901339334,8.));
#8885 = PCURVE('',#3273,#8886);
#8886 = DEFINITIONAL_REPRESENTATION('',(#8887),#8891);
#8887 = LINE('',#8888,#8889);
#8888 = CARTESIAN_POINT('',(0.,0.));
#8889 = VECTOR('',#8890,1.);
#8890 = DIRECTION('',(1.,0.));
#8891 = ( GEOMETRIC_REPRESENTATION_CONTEXT(2) 
PARAMETRIC_REPRESENTATION_CONTEXT() REPRESENTATION_CONTEXT('2D SPACE',''
  ) );
#8892 = PCURVE('',#8619,#8893);
#8893 = DEFINITIONAL_REPRESENTATION('',(#8894),#8898);
#8894 = LINE('',#8895,#8896);
#8895 = CARTESIAN_POINT('',(0.,1.));
#8896 = VECTOR('',#8897,1.);
#8897 = DIRECTION('',(1.,0.));
#8898 = ( GEOMETRIC_REPRESENTATION_CONTEXT(2) 
PARAMETRIC_REPRESENTATION_CONTEXT() REPRESENTATION_CONTEXT('2D SPACE',''
  ) );
#8899 = ORIENTED_EDGE('',*,*,#8900,.T.);
#8900 = EDGE_CURVE('',#8877,#5441,#8901,.T.);
#8901 = SURFACE_CURVE('',#8902,(#8908,#8917),.PCURVE_S1.);
#8902 = B_SPLINE_CURVE_WITH_KNOTS('',4,(#8903,#8904,#8905,#8906,#8907),
  .UNSPECIFIED.,.F.,.F.,(5,5),(0.,1.),.PIECEWISE_BEZIER_KNOTS.);
#8903 = CARTESIAN_POINT('',(12.899372650504,-16.57130784384,
    7.509950989769));
#8904 = CARTESIAN_POINT('',(12.707535682951,-16.56632604827,
    7.631718867519));
#8905 = CARTESIAN_POINT('',(12.516456724735,-16.55846916449,
    7.753893161363));
#8906 = CARTESIAN_POINT('',(12.326504909023,-16.5473412014,
    7.876611079311));
#8907 = CARTESIAN_POINT('',(12.138109406781,-16.53258600549,8.));
#8908 = PCURVE('',#3273,#8909);
#8909 = DEFINITIONAL_REPRESENTATION('',(#8910),#8916);
#8910 = B_SPLINE_CURVE_WITH_KNOTS('',4,(#8911,#8912,#8913,#8914,#8915),
  .UNSPECIFIED.,.F.,.F.,(5,5),(0.,1.),.PIECEWISE_BEZIER_KNOTS.);
#8911 = CARTESIAN_POINT('',(0.938743935879,0.));
#8912 = CARTESIAN_POINT('',(0.953964908317,5.833552086386E-02));
#8913 = CARTESIAN_POINT('',(0.969236680722,0.116357722305));
#8914 = CARTESIAN_POINT('',(0.984576403913,0.174154222244));
#8915 = CARTESIAN_POINT('',(1.,0.231786024198));
#8916 = ( GEOMETRIC_REPRESENTATION_CONTEXT(2) 
PARAMETRIC_REPRESENTATION_CONTEXT() REPRESENTATION_CONTEXT('2D SPACE',''
  ) );
#8917 = PCURVE('',#5461,#8918);
#8918 = DEFINITIONAL_REPRESENTATION('',(#8919),#8925);
#8919 = B_SPLINE_CURVE_WITH_KNOTS('',4,(#8920,#8921,#8922,#8923,#8924),
  .UNSPECIFIED.,.F.,.F.,(5,5),(0.,1.),.PIECEWISE_BEZIER_KNOTS.);
#8920 = CARTESIAN_POINT('',(-5.373829743558,-9.950989768971E-03));
#8921 = CARTESIAN_POINT('',(-5.366766902585,-0.131718867519));
#8922 = CARTESIAN_POINT('',(-5.359707443825,-0.253893161363));
#8923 = CARTESIAN_POINT('',(-5.352675109119,-0.376611079311));
#8924 = CARTESIAN_POINT('',(-5.34569663728,-0.5));
#8925 = ( GEOMETRIC_REPRESENTATION_CONTEXT(2) 
PARAMETRIC_REPRESENTATION_CONTEXT() REPRESENTATION_CONTEXT('2D SPACE',''
  ) );
#8926 = ORIENTED_EDGE('',*,*,#5473,.T.);
#8927 = ORIENTED_EDGE('',*,*,#8928,.F.);
#8928 = EDGE_CURVE('',#3214,#5474,#8929,.T.);
#8929 = SURFACE_CURVE('',#8930,(#8935,#8942),.PCURVE_S1.);
#8930 = B_SPLINE_CURVE_WITH_KNOTS('',3,(#8931,#8932,#8933,#8934),
  .UNSPECIFIED.,.F.,.F.,(4,4),(0.,1.),.PIECEWISE_BEZIER_KNOTS.);
#8931 = CARTESIAN_POINT('',(14.584082752055,-11.85383561995,0.));
#8932 = CARTESIAN_POINT('',(13.477638222019,-13.21567088882,
    2.666669690328));
#8933 = CARTESIAN_POINT('',(12.179140742748,-14.42113795279,
    5.333330309672));
#8934 = CARTESIAN_POINT('',(10.73895726348,-15.42347838579,8.));
#8935 = PCURVE('',#3273,#8936);
#8936 = DEFINITIONAL_REPRESENTATION('',(#8937),#8941);
#8937 = LINE('',#8938,#8939);
#8938 = CARTESIAN_POINT('',(0.,1.));
#8939 = VECTOR('',#8940,1.);
#8940 = DIRECTION('',(1.,0.));
#8941 = ( GEOMETRIC_REPRESENTATION_CONTEXT(2) 
PARAMETRIC_REPRESENTATION_CONTEXT() REPRESENTATION_CONTEXT('2D SPACE',''
  ) );
#8942 = PCURVE('',#3231,#8943);
#8943 = DEFINITIONAL_REPRESENTATION('',(#8944),#8948);
#8944 = LINE('',#8945,#8946);
#8945 = CARTESIAN_POINT('',(0.,0.));
#8946 = VECTOR('',#8947,1.);
#8947 = DIRECTION('',(1.,0.));
#8948 = ( GEOMETRIC_REPRESENTATION_CONTEXT(2) 
PARAMETRIC_REPRESENTATION_CONTEXT() REPRESENTATION_CONTEXT('2D SPACE',''
  ) );
#8949 = ADVANCED_FACE('',(#8950),#978,.T.);
#8950 = FACE_BOUND('',#8951,.T.);
#8951 = EDGE_LOOP('',(#8952,#8953,#8975,#8976));
#8952 = ORIENTED_EDGE('',*,*,#960,.F.);
#8953 = ORIENTED_EDGE('',*,*,#8954,.T.);
#8954 = EDGE_CURVE('',#961,#7041,#8955,.T.);
#8955 = SURFACE_CURVE('',#8956,(#8961,#8968),.PCURVE_S1.);
#8956 = B_SPLINE_CURVE_WITH_KNOTS('',3,(#8957,#8958,#8959,#8960),
  .UNSPECIFIED.,.F.,.F.,(4,4),(0.,1.),.PIECEWISE_BEZIER_KNOTS.);
#8957 = CARTESIAN_POINT('',(-7.612984124449,17.182879890888,0.));
#8958 = CARTESIAN_POINT('',(-6.00887455526,17.89396869519,2.666669690328
    ));
#8959 = CARTESIAN_POINT('',(-4.304634234793,18.378542194362,
    5.333330309672));
#8960 = CARTESIAN_POINT('',(-2.566368324654,18.617804442147,8.));
#8961 = PCURVE('',#978,#8962);
#8962 = DEFINITIONAL_REPRESENTATION('',(#8963),#8967);
#8963 = LINE('',#8964,#8965);
#8964 = CARTESIAN_POINT('',(0.,0.));
#8965 = VECTOR('',#8966,1.);
#8966 = DIRECTION('',(1.,0.));
#8967 = ( GEOMETRIC_REPRESENTATION_CONTEXT(2) 
PARAMETRIC_REPRESENTATION_CONTEXT() REPRESENTATION_CONTEXT('2D SPACE',''
  ) );
#8968 = PCURVE('',#1020,#8969);
#8969 = DEFINITIONAL_REPRESENTATION('',(#8970),#8974);
#8970 = LINE('',#8971,#8972);
#8971 = CARTESIAN_POINT('',(0.,1.));
#8972 = VECTOR('',#8973,1.);
#8973 = DIRECTION('',(1.,0.));
#8974 = ( GEOMETRIC_REPRESENTATION_CONTEXT(2) 
PARAMETRIC_REPRESENTATION_CONTEXT() REPRESENTATION_CONTEXT('2D SPACE',''
  ) );
#8975 = ORIENTED_EDGE('',*,*,#7065,.T.);
#8976 = ORIENTED_EDGE('',*,*,#8796,.F.);
#8977 = ADVANCED_FACE('',(#8978),#3231,.T.);
#8978 = FACE_BOUND('',#8979,.T.);
#8979 = EDGE_LOOP('',(#8980,#8981,#8982,#8983));
#8980 = ORIENTED_EDGE('',*,*,#3213,.F.);
#8981 = ORIENTED_EDGE('',*,*,#8928,.T.);
#8982 = ORIENTED_EDGE('',*,*,#5498,.T.);
#8983 = ORIENTED_EDGE('',*,*,#8984,.F.);
#8984 = EDGE_CURVE('',#3172,#5499,#8985,.T.);
#8985 = SURFACE_CURVE('',#8986,(#8991,#8998),.PCURVE_S1.);
#8986 = B_SPLINE_CURVE_WITH_KNOTS('',3,(#8987,#8988,#8989,#8990),
  .UNSPECIFIED.,.F.,.F.,(4,4),(0.,1.),.PIECEWISE_BEZIER_KNOTS.);
#8987 = CARTESIAN_POINT('',(13.989348416585,-12.55018005859,0.));
#8988 = CARTESIAN_POINT('',(12.817879973854,-13.85650179739,
    2.666669690328));
#8989 = CARTESIAN_POINT('',(11.462203543351,-14.99728572162,
    5.333330309672));
#8990 = CARTESIAN_POINT('',(9.974903967982,-15.92828237611,8.));
#8991 = PCURVE('',#3231,#8992);
#8992 = DEFINITIONAL_REPRESENTATION('',(#8993),#8997);
#8993 = LINE('',#8994,#8995);
#8994 = CARTESIAN_POINT('',(0.,1.));
#8995 = VECTOR('',#8996,1.);
#8996 = DIRECTION('',(1.,0.));
#8997 = ( GEOMETRIC_REPRESENTATION_CONTEXT(2) 
PARAMETRIC_REPRESENTATION_CONTEXT() REPRESENTATION_CONTEXT('2D SPACE',''
  ) );
#8998 = PCURVE('',#3189,#8999);
#8999 = DEFINITIONAL_REPRESENTATION('',(#9000),#9004);
#9000 = LINE('',#9001,#9002);
#9001 = CARTESIAN_POINT('',(0.,0.));
#9002 = VECTOR('',#9003,1.);
#9003 = DIRECTION('',(1.,0.));
#9004 = ( GEOMETRIC_REPRESENTATION_CONTEXT(2) 
PARAMETRIC_REPRESENTATION_CONTEXT() REPRESENTATION_CONTEXT('2D SPACE',''
  ) );
#9005 = ADVANCED_FACE('',(#9006),#1020,.T.);
#9006 = FACE_BOUND('',#9007,.T.);
#9007 = EDGE_LOOP('',(#9008,#9009,#9038,#9079,#9106,#9107));
#9008 = ORIENTED_EDGE('',*,*,#1002,.F.);
#9009 = ORIENTED_EDGE('',*,*,#9010,.F.);
#9010 = EDGE_CURVE('',#9011,#1003,#9013,.T.);
#9011 = VERTEX_POINT('',#9012);
#9012 = CARTESIAN_POINT('',(-8.868123082596,19.035715153995,
    0.490049010231));
#9013 = SURFACE_CURVE('',#9014,(#9020,#9029),.PCURVE_S1.);
#9014 = B_SPLINE_CURVE_WITH_KNOTS('',4,(#9015,#9016,#9017,#9018,#9019),
  .UNSPECIFIED.,.F.,.F.,(5,5),(0.,1.),.PIECEWISE_BEZIER_KNOTS.);
#9015 = CARTESIAN_POINT('',(-8.868123082596,19.035715153995,
    0.490049010231));
#9016 = CARTESIAN_POINT('',(-8.844418801183,18.91161808382,
    0.367549821625));
#9017 = CARTESIAN_POINT('',(-8.820764838097,18.787389412515,
    0.245013308838));
#9018 = CARTESIAN_POINT('',(-8.797761526011,18.662792419901,
    0.122481298081));
#9019 = CARTESIAN_POINT('',(-8.775927476717,18.537615729198,
    -4.440892098501E-16));
#9020 = PCURVE('',#1020,#9021);
#9021 = DEFINITIONAL_REPRESENTATION('',(#9022),#9028);
#9022 = B_SPLINE_CURVE_WITH_KNOTS('',4,(#9023,#9024,#9025,#9026,#9027),
  .UNSPECIFIED.,.F.,.F.,(5,5),(0.,1.),.PIECEWISE_BEZIER_KNOTS.);
#9023 = CARTESIAN_POINT('',(6.125606412117E-02,0.));
#9024 = CARTESIAN_POINT('',(4.594367789993E-02,5.86858710587E-02));
#9025 = CARTESIAN_POINT('',(3.062662818737E-02,0.116875481688));
#9026 = CARTESIAN_POINT('',(1.531014340031E-02,0.174578149499));
#9027 = CARTESIAN_POINT('',(0.,0.231786024198));
#9028 = ( GEOMETRIC_REPRESENTATION_CONTEXT(2) 
PARAMETRIC_REPRESENTATION_CONTEXT() REPRESENTATION_CONTEXT('2D SPACE',''
  ) );
#9029 = PCURVE('',#1061,#9030);
#9030 = DEFINITIONAL_REPRESENTATION('',(#9031),#9037);
#9031 = B_SPLINE_CURVE_WITH_KNOTS('',4,(#9032,#9033,#9034,#9035,#9036),
  .UNSPECIFIED.,.F.,.F.,(5,5),(0.,1.),.PIECEWISE_BEZIER_KNOTS.);
#9032 = CARTESIAN_POINT('',(2.006767124286,0.500049010231));
#9033 = CARTESIAN_POINT('',(2.008239407989,0.377549821625));
#9034 = CARTESIAN_POINT('',(2.009739409576,0.255013308838));
#9035 = CARTESIAN_POINT('',(2.011298811298,0.132481298081));
#9036 = CARTESIAN_POINT('',(2.012948100935,9.999999999992E-03));
#9037 = ( GEOMETRIC_REPRESENTATION_CONTEXT(2) 
PARAMETRIC_REPRESENTATION_CONTEXT() REPRESENTATION_CONTEXT('2D SPACE',''
  ) );
#9038 = ORIENTED_EDGE('',*,*,#9039,.T.);
#9039 = EDGE_CURVE('',#9011,#9040,#9042,.T.);
#9040 = VERTEX_POINT('',#9041);
#9041 = CARTESIAN_POINT('',(-3.97020886017,20.62133603913,7.509950989769
    ));
#9042 = SURFACE_CURVE('',#9043,(#9048,#9055),.PCURVE_S1.);
#9043 = B_SPLINE_CURVE_WITH_KNOTS('',3,(#9044,#9045,#9046,#9047),
  .UNSPECIFIED.,.F.,.F.,(4,4),(0.,1.),.PIECEWISE_BEZIER_KNOTS.);
#9044 = CARTESIAN_POINT('',(-9.193376961893,18.880726152257,0.));
#9045 = CARTESIAN_POINT('',(-7.430779817646,19.739396841351,
    2.666669951599));
#9046 = CARTESIAN_POINT('',(-5.547245389058,20.349160792334,
    5.333330048401));
#9047 = CARTESIAN_POINT('',(-3.615832332378,20.686366441309,8.));
#9048 = PCURVE('',#1020,#9049);
#9049 = DEFINITIONAL_REPRESENTATION('',(#9050),#9054);
#9050 = LINE('',#9051,#9052);
#9051 = CARTESIAN_POINT('',(0.,0.));
#9052 = VECTOR('',#9053,1.);
#9053 = DIRECTION('',(1.,0.));
#9054 = ( GEOMETRIC_REPRESENTATION_CONTEXT(2) 
PARAMETRIC_REPRESENTATION_CONTEXT() REPRESENTATION_CONTEXT('2D SPACE',''
  ) );
#9055 = PCURVE('',#9056,#9073);
#9056 = B_SPLINE_SURFACE_WITH_KNOTS('',3,3,(
    (#9057,#9058,#9059,#9060)
    ,(#9061,#9062,#9063,#9064)
    ,(#9065,#9066,#9067,#9068)
    ,(#9069,#9070,#9071,#9072
    )),.UNSPECIFIED.,.F.,.F.,.F.,(4,4),(4,4),(0.,1.),(0.,1.),
  .PIECEWISE_BEZIER_KNOTS.);
#9057 = CARTESIAN_POINT('',(-9.87109692635,18.535410582736,0.));
#9058 = CARTESIAN_POINT('',(-9.647299697611,18.654594691763,0.));
#9059 = CARTESIAN_POINT('',(-9.421343642112,18.769725052507,0.));
#9060 = CARTESIAN_POINT('',(-9.193376961893,18.880726152257,0.));
#9061 = CARTESIAN_POINT('',(-8.140751866326,19.457349130956,
    2.666670185642));
#9062 = CARTESIAN_POINT('',(-7.905823106287,19.555640990123,
    2.666670185642));
#9063 = CARTESIAN_POINT('',(-7.669113950992,19.649677471377,
    2.666670185642));
#9064 = CARTESIAN_POINT('',(-7.43077965532,19.739396897248,
    2.666670185642));
#9065 = CARTESIAN_POINT('',(-6.280535375578,20.134923678751,
    5.333329814358));
#9066 = CARTESIAN_POINT('',(-6.037425544164,20.210755214023,
    5.333329814358));
#9067 = CARTESIAN_POINT('',(-5.792942152115,20.282183184872,
    5.333329814358));
#9068 = CARTESIAN_POINT('',(-5.547245553346,20.349160742495,
    5.333329814358));
#9069 = CARTESIAN_POINT('',(-4.362600697462,20.5418527683,8.));
#9070 = CARTESIAN_POINT('',(-4.114577578327,20.594527086617,8.));
#9071 = CARTESIAN_POINT('',(-3.865600356177,20.642708844912,8.));
#9072 = CARTESIAN_POINT('',(-3.615832332378,20.686366441309,8.));
#9073 = DEFINITIONAL_REPRESENTATION('',(#9074),#9078);
#9074 = LINE('',#9075,#9076);
#9075 = CARTESIAN_POINT('',(0.,1.));
#9076 = VECTOR('',#9077,1.);
#9077 = DIRECTION('',(1.,0.));
#9078 = ( GEOMETRIC_REPRESENTATION_CONTEXT(2) 
PARAMETRIC_REPRESENTATION_CONTEXT() REPRESENTATION_CONTEXT('2D SPACE',''
  ) );
#9079 = ORIENTED_EDGE('',*,*,#9080,.T.);
#9080 = EDGE_CURVE('',#9040,#7008,#9081,.T.);
#9081 = SURFACE_CURVE('',#9082,(#9088,#9097),.PCURVE_S1.);
#9082 = B_SPLINE_CURVE_WITH_KNOTS('',4,(#9083,#9084,#9085,#9086,#9087),
  .UNSPECIFIED.,.F.,.F.,(5,5),(0.,1.),.PIECEWISE_BEZIER_KNOTS.);
#9083 = CARTESIAN_POINT('',(-3.97020886017,20.62133603913,7.509950989769
    ));
#9084 = CARTESIAN_POINT('',(-3.801542558361,20.529805066006,
    7.631718867519));
#9085 = CARTESIAN_POINT('',(-3.634856910548,20.436056499571,
    7.753893161363));
#9086 = CARTESIAN_POINT('',(-3.470660592994,20.339905092108,
    7.876611079311));
#9087 = CARTESIAN_POINT('',(-3.309497690133,20.241228348077,8.));
#9088 = PCURVE('',#1020,#9089);
#9089 = DEFINITIONAL_REPRESENTATION('',(#9090),#9096);
#9090 = B_SPLINE_CURVE_WITH_KNOTS('',4,(#9091,#9092,#9093,#9094,#9095),
  .UNSPECIFIED.,.F.,.F.,(5,5),(0.,1.),.PIECEWISE_BEZIER_KNOTS.);
#9091 = CARTESIAN_POINT('',(0.938743935879,0.));
#9092 = CARTESIAN_POINT('',(0.953964908317,5.833552086386E-02));
#9093 = CARTESIAN_POINT('',(0.969236680722,0.116357722305));
#9094 = CARTESIAN_POINT('',(0.984576403913,0.174154222244));
#9095 = CARTESIAN_POINT('',(1.,0.231786024198));
#9096 = ( GEOMETRIC_REPRESENTATION_CONTEXT(2) 
PARAMETRIC_REPRESENTATION_CONTEXT() REPRESENTATION_CONTEXT('2D SPACE',''
  ) );
#9097 = PCURVE('',#7028,#9098);
#9098 = DEFINITIONAL_REPRESENTATION('',(#9099),#9105);
#9099 = B_SPLINE_CURVE_WITH_KNOTS('',4,(#9100,#9101,#9102,#9103,#9104),
  .UNSPECIFIED.,.F.,.F.,(5,5),(0.,1.),.PIECEWISE_BEZIER_KNOTS.);
#9100 = CARTESIAN_POINT('',(-1.76099819193,-9.950989768981E-03));
#9101 = CARTESIAN_POINT('',(-1.753935350957,-0.131718867519));
#9102 = CARTESIAN_POINT('',(-1.746875892197,-0.253893161363));
#9103 = CARTESIAN_POINT('',(-1.73984355749,-0.376611079311));
#9104 = CARTESIAN_POINT('',(-1.732865085651,-0.5));
#9105 = ( GEOMETRIC_REPRESENTATION_CONTEXT(2) 
PARAMETRIC_REPRESENTATION_CONTEXT() REPRESENTATION_CONTEXT('2D SPACE',''
  ) );
#9106 = ORIENTED_EDGE('',*,*,#7040,.T.);
#9107 = ORIENTED_EDGE('',*,*,#8954,.F.);
#9108 = ADVANCED_FACE('',(#9109),#3189,.T.);
#9109 = FACE_BOUND('',#9110,.T.);
#9110 = EDGE_LOOP('',(#9111,#9112,#9113,#9114,#9143,#9184));
#9111 = ORIENTED_EDGE('',*,*,#3171,.F.);
#9112 = ORIENTED_EDGE('',*,*,#8984,.T.);
#9113 = ORIENTED_EDGE('',*,*,#5523,.T.);
#9114 = ORIENTED_EDGE('',*,*,#9115,.T.);
#9115 = EDGE_CURVE('',#5524,#9116,#9118,.T.);
#9116 = VERTEX_POINT('',#9117);
#9117 = CARTESIAN_POINT('',(10.807384616368,-18.00562401545,
    7.509950989769));
#9118 = SURFACE_CURVE('',#9119,(#9125,#9134),.PCURVE_S1.);
#9119 = B_SPLINE_CURVE_WITH_KNOTS('',4,(#9120,#9121,#9122,#9123,#9124),
  .UNSPECIFIED.,.F.,.F.,(5,5),(0.,1.),.PIECEWISE_BEZIER_KNOTS.);
#9120 = CARTESIAN_POINT('',(10.446291473177,-17.65035677989,8.));
#9121 = CARTESIAN_POINT('',(10.537785024187,-17.73853194492,
    7.877518701917));
#9122 = CARTESIAN_POINT('',(10.628143604898,-17.82735136749,
    7.754986691164));
#9123 = CARTESIAN_POINT('',(10.717832717345,-17.91650368576,
    7.632450178374));
#9124 = CARTESIAN_POINT('',(10.807384616368,-18.00562401545,
    7.509950989769));
#9125 = PCURVE('',#3189,#9126);
#9126 = DEFINITIONAL_REPRESENTATION('',(#9127),#9133);
#9127 = B_SPLINE_CURVE_WITH_KNOTS('',4,(#9128,#9129,#9130,#9131,#9132),
  .UNSPECIFIED.,.F.,.F.,(5,5),(0.,1.),.PIECEWISE_BEZIER_KNOTS.);
#9128 = CARTESIAN_POINT('',(1.,0.768213975802));
#9129 = CARTESIAN_POINT('',(0.984689856599,0.825421850502));
#9130 = CARTESIAN_POINT('',(0.969373371813,0.883124518311));
#9131 = CARTESIAN_POINT('',(0.9540563221,0.941314128942));
#9132 = CARTESIAN_POINT('',(0.938743935879,1.));
#9133 = ( GEOMETRIC_REPRESENTATION_CONTEXT(2) 
PARAMETRIC_REPRESENTATION_CONTEXT() REPRESENTATION_CONTEXT('2D SPACE',''
  ) );
#9134 = PCURVE('',#5569,#9135);
#9135 = DEFINITIONAL_REPRESENTATION('',(#9136),#9142);
#9136 = B_SPLINE_CURVE_WITH_KNOTS('',4,(#9137,#9138,#9139,#9140,#9141),
  .UNSPECIFIED.,.F.,.F.,(5,5),(0.,1.),.PIECEWISE_BEZIER_KNOTS.);
#9137 = CARTESIAN_POINT('',(-5.246791252396,-0.5));
#9138 = CARTESIAN_POINT('',(-5.248440542034,-0.377518701917));
#9139 = CARTESIAN_POINT('',(-5.249999943755,-0.254986691164));
#9140 = CARTESIAN_POINT('',(-5.251499945343,-0.132450178374));
#9141 = CARTESIAN_POINT('',(-5.252972229046,-9.950989768972E-03));
#9142 = ( GEOMETRIC_REPRESENTATION_CONTEXT(2) 
PARAMETRIC_REPRESENTATION_CONTEXT() REPRESENTATION_CONTEXT('2D SPACE',''
  ) );
#9143 = ORIENTED_EDGE('',*,*,#9144,.F.);
#9144 = EDGE_CURVE('',#9145,#9116,#9147,.T.);
#9145 = VERTEX_POINT('',#9146);
#9146 = CARTESIAN_POINT('',(14.863436772659,-14.83510383304,
    0.490049010231));
#9147 = SURFACE_CURVE('',#9148,(#9153,#9160),.PCURVE_S1.);
#9148 = B_SPLINE_CURVE_WITH_KNOTS('',3,(#9149,#9150,#9151,#9152),
  .UNSPECIFIED.,.F.,.F.,(4,4),(0.,1.),.PIECEWISE_BEZIER_KNOTS.);
#9149 = CARTESIAN_POINT('',(15.115727922569,-14.57788631355,0.));
#9150 = CARTESIAN_POINT('',(13.75496679024,-15.98940789892,
    2.666669951599));
#9151 = CARTESIAN_POINT('',(12.195177554744,-17.20865830815,
    5.333330048401));
#9152 = CARTESIAN_POINT('',(10.496861422668,-18.18834517687,8.));
#9153 = PCURVE('',#3189,#9154);
#9154 = DEFINITIONAL_REPRESENTATION('',(#9155),#9159);
#9155 = LINE('',#9156,#9157);
#9156 = CARTESIAN_POINT('',(0.,1.));
#9157 = VECTOR('',#9158,1.);
#9158 = DIRECTION('',(1.,0.));
#9159 = ( GEOMETRIC_REPRESENTATION_CONTEXT(2) 
PARAMETRIC_REPRESENTATION_CONTEXT() REPRESENTATION_CONTEXT('2D SPACE',''
  ) );
#9160 = PCURVE('',#9161,#9178);
#9161 = B_SPLINE_SURFACE_WITH_KNOTS('',3,3,(
    (#9162,#9163,#9164,#9165)
    ,(#9166,#9167,#9168,#9169)
    ,(#9170,#9171,#9172,#9173)
    ,(#9174,#9175,#9176,#9177
    )),.UNSPECIFIED.,.F.,.F.,.F.,(4,4),(4,4),(0.,1.),(0.,1.),
  .PIECEWISE_BEZIER_KNOTS.);
#9162 = CARTESIAN_POINT('',(15.115727922569,-14.57788631355,0.));
#9163 = CARTESIAN_POINT('',(14.939714024997,-14.76039428405,0.));
#9164 = CARTESIAN_POINT('',(14.760394284056,-14.93971402499,0.));
#9165 = CARTESIAN_POINT('',(14.577886313553,-15.11572792256,0.));
#9166 = CARTESIAN_POINT('',(13.754966656964,-15.98940800714,
    2.666670185642));
#9167 = CARTESIAN_POINT('',(13.561909983754,-16.15548609962,
    2.666670185642));
#9168 = CARTESIAN_POINT('',(13.365845069943,-16.31806725959,
    2.666670185642));
#9169 = CARTESIAN_POINT('',(13.166900512308,-16.47704485191,
    2.666670185642));
#9170 = CARTESIAN_POINT('',(12.195177691942,-17.20865820495,
    5.333329814358));
#9171 = CARTESIAN_POINT('',(11.987399735709,-17.35590335012,
    5.333329814358));
#9172 = CARTESIAN_POINT('',(11.776954669441,-17.49938491023,
    5.333329814358));
#9173 = CARTESIAN_POINT('',(11.563980521697,-17.63900877733,
    5.333329814358));
#9174 = CARTESIAN_POINT('',(10.496861422668,-18.18834517687,8.));
#9175 = CARTESIAN_POINT('',(10.27725467855,-18.31508478936,8.));
#9176 = CARTESIAN_POINT('',(10.055352251147,-18.43784655741,8.));
#9177 = CARTESIAN_POINT('',(9.831299683771,-18.55654996296,8.));
#9178 = DEFINITIONAL_REPRESENTATION('',(#9179),#9183);
#9179 = LINE('',#9180,#9181);
#9180 = CARTESIAN_POINT('',(0.,0.));
#9181 = VECTOR('',#9182,1.);
#9182 = DIRECTION('',(1.,0.));
#9183 = ( GEOMETRIC_REPRESENTATION_CONTEXT(2) 
PARAMETRIC_REPRESENTATION_CONTEXT() REPRESENTATION_CONTEXT('2D SPACE',''
  ) );
#9184 = ORIENTED_EDGE('',*,*,#9185,.T.);
#9185 = EDGE_CURVE('',#9145,#3143,#9186,.T.);
#9186 = SURFACE_CURVE('',#9187,(#9193,#9202),.PCURVE_S1.);
#9187 = B_SPLINE_CURVE_WITH_KNOTS('',4,(#9188,#9189,#9190,#9191,#9192),
  .UNSPECIFIED.,.F.,.F.,(5,5),(0.,1.),.PIECEWISE_BEZIER_KNOTS.);
#9188 = CARTESIAN_POINT('',(14.863436772659,-14.83510383304,
    0.490049010231));
#9189 = CARTESIAN_POINT('',(14.882029755286,-14.64410503356,
    0.368281132481));
#9190 = CARTESIAN_POINT('',(14.89767636932,-14.45350576188,
    0.246106838637));
#9191 = CARTESIAN_POINT('',(14.909938325292,-14.26362377671,
    0.123388920689));
#9192 = CARTESIAN_POINT('',(14.918409504122,-14.07484130878,
    -8.881784197001E-16));
#9193 = PCURVE('',#3189,#9194);
#9194 = DEFINITIONAL_REPRESENTATION('',(#9195),#9201);
#9195 = B_SPLINE_CURVE_WITH_KNOTS('',4,(#9196,#9197,#9198,#9199,#9200),
  .UNSPECIFIED.,.F.,.F.,(5,5),(0.,1.),.PIECEWISE_BEZIER_KNOTS.);
#9196 = CARTESIAN_POINT('',(6.125606412117E-02,1.));
#9197 = CARTESIAN_POINT('',(4.603509168317E-02,0.941664479136));
#9198 = CARTESIAN_POINT('',(3.076331927809E-02,0.883642277695));
#9199 = CARTESIAN_POINT('',(1.542359608659E-02,0.825845777756));
#9200 = CARTESIAN_POINT('',(0.,0.768213975802));
#9201 = ( GEOMETRIC_REPRESENTATION_CONTEXT(2) 
PARAMETRIC_REPRESENTATION_CONTEXT() REPRESENTATION_CONTEXT('2D SPACE',''
  ) );
#9202 = PCURVE('',#3159,#9203);
#9203 = DEFINITIONAL_REPRESENTATION('',(#9204),#9210);
#9204 = B_SPLINE_CURVE_WITH_KNOTS('',4,(#9205,#9206,#9207,#9208,#9209),
  .UNSPECIFIED.,.F.,.F.,(5,5),(0.,1.),.PIECEWISE_BEZIER_KNOTS.);
#9205 = CARTESIAN_POINT('',(5.498741161402,0.500049010231));
#9206 = CARTESIAN_POINT('',(5.505804002375,0.378281132481));
#9207 = CARTESIAN_POINT('',(5.512863461135,0.256106838637));
#9208 = CARTESIAN_POINT('',(5.519895795841,0.133388920689));
#9209 = CARTESIAN_POINT('',(5.52687426768,9.999999999999E-03));
#9210 = ( GEOMETRIC_REPRESENTATION_CONTEXT(2) 
PARAMETRIC_REPRESENTATION_CONTEXT() REPRESENTATION_CONTEXT('2D SPACE',''
  ) );
#9211 = ADVANCED_FACE('',(#9212),#1061,.T.);
#9212 = FACE_BOUND('',#9213,.T.);
#9213 = EDGE_LOOP('',(#9214,#9215,#9216,#9245));
#9214 = ORIENTED_EDGE('',*,*,#9010,.T.);
#9215 = ORIENTED_EDGE('',*,*,#1044,.T.);
#9216 = ORIENTED_EDGE('',*,*,#9217,.F.);
#9217 = EDGE_CURVE('',#9218,#1045,#9220,.T.);
#9218 = VERTEX_POINT('',#9219);
#9219 = CARTESIAN_POINT('',(-9.55166919945,18.702076727903,
    0.490049010231));
#9220 = SURFACE_CURVE('',#9221,(#9227,#9236),.PCURVE_S1.);
#9221 = B_SPLINE_CURVE_WITH_KNOTS('',4,(#9222,#9223,#9224,#9225,#9226),
  .UNSPECIFIED.,.F.,.F.,(5,5),(0.,1.),.PIECEWISE_BEZIER_KNOTS.);
#9222 = CARTESIAN_POINT('',(-9.55166919945,18.702076727903,
    0.490049010231));
#9223 = CARTESIAN_POINT('',(-9.62837405168,18.526171622658,
    0.368281132481));
#9224 = CARTESIAN_POINT('',(-9.70215327998,18.349736012967,
    0.246106838637));
#9225 = CARTESIAN_POINT('',(-9.772491853452,18.172936666427,
    0.123388920689));
#9226 = CARTESIAN_POINT('',(-9.838885414111,17.996011608353,
    -8.881784197001E-16));
#9227 = PCURVE('',#1061,#9228);
#9228 = DEFINITIONAL_REPRESENTATION('',(#9229),#9235);
#9229 = B_SPLINE_CURVE_WITH_KNOTS('',4,(#9230,#9231,#9232,#9233,#9234),
  .UNSPECIFIED.,.F.,.F.,(5,5),(0.,1.),.PIECEWISE_BEZIER_KNOTS.);
#9230 = CARTESIAN_POINT('',(2.042989242453,0.500049010231));
#9231 = CARTESIAN_POINT('',(2.050052083426,0.378281132481));
#9232 = CARTESIAN_POINT('',(2.057111542186,0.256106838637));
#9233 = CARTESIAN_POINT('',(2.064143876892,0.133388920689));
#9234 = CARTESIAN_POINT('',(2.071122348731,9.999999999995E-03));
#9235 = ( GEOMETRIC_REPRESENTATION_CONTEXT(2) 
PARAMETRIC_REPRESENTATION_CONTEXT() REPRESENTATION_CONTEXT('2D SPACE',''
  ) );
#9236 = PCURVE('',#1091,#9237);
#9237 = DEFINITIONAL_REPRESENTATION('',(#9238),#9244);
#9238 = B_SPLINE_CURVE_WITH_KNOTS('',4,(#9239,#9240,#9241,#9242,#9243),
  .UNSPECIFIED.,.F.,.F.,(5,5),(0.,1.),.PIECEWISE_BEZIER_KNOTS.);
#9239 = CARTESIAN_POINT('',(6.125606412117E-02,1.));
#9240 = CARTESIAN_POINT('',(4.603509168317E-02,0.941664479136));
#9241 = CARTESIAN_POINT('',(3.076331927809E-02,0.883642277695));
#9242 = CARTESIAN_POINT('',(1.542359608659E-02,0.825845777756));
#9243 = CARTESIAN_POINT('',(0.,0.768213975802));
#9244 = ( GEOMETRIC_REPRESENTATION_CONTEXT(2) 
PARAMETRIC_REPRESENTATION_CONTEXT() REPRESENTATION_CONTEXT('2D SPACE',''
  ) );
#9245 = ORIENTED_EDGE('',*,*,#9246,.T.);
#9246 = EDGE_CURVE('',#9218,#9011,#9247,.T.);
#9247 = SURFACE_CURVE('',#9248,(#9254,#9263),.PCURVE_S1.);
#9248 = B_SPLINE_CURVE_WITH_KNOTS('',4,(#9249,#9250,#9251,#9252,#9253),
  .UNSPECIFIED.,.F.,.F.,(5,5),(0.,1.),.PIECEWISE_BEZIER_KNOTS.);
#9249 = CARTESIAN_POINT('',(-9.55166920015,18.702076724579,
    0.490049007589));
#9250 = CARTESIAN_POINT('',(-9.382311994046,18.788572236685,
    0.490049088273));
#9251 = CARTESIAN_POINT('',(-9.211910430664,18.87302258644,
    0.490048864155));
#9252 = CARTESIAN_POINT('',(-9.040501565501,18.955409688592,
    0.490049088273));
#9253 = CARTESIAN_POINT('',(-8.868123083416,19.035715150698,
    0.490049007589));
#9254 = PCURVE('',#1061,#9255);
#9255 = DEFINITIONAL_REPRESENTATION('',(#9256),#9262);
#9256 = B_SPLINE_CURVE_WITH_KNOTS('',4,(#9257,#9258,#9259,#9260,#9261),
  .UNSPECIFIED.,.F.,.F.,(5,5),(0.,1.),.PIECEWISE_BEZIER_KNOTS.);
#9257 = CARTESIAN_POINT('',(2.042989242555,0.500049007589));
#9258 = CARTESIAN_POINT('',(2.033933711167,0.500049088273));
#9259 = CARTESIAN_POINT('',(2.024878186648,0.500048864155));
#9260 = CARTESIAN_POINT('',(2.015822652202,0.500049088273));
#9261 = CARTESIAN_POINT('',(2.006767124387,0.500049007589));
#9262 = ( GEOMETRIC_REPRESENTATION_CONTEXT(2) 
PARAMETRIC_REPRESENTATION_CONTEXT() REPRESENTATION_CONTEXT('2D SPACE',''
  ) );
#9263 = PCURVE('',#9056,#9264);
#9264 = DEFINITIONAL_REPRESENTATION('',(#9265),#9271);
#9265 = B_SPLINE_CURVE_WITH_KNOTS('',4,(#9266,#9267,#9268,#9269,#9270),
  .UNSPECIFIED.,.F.,.F.,(5,5),(0.,1.),.PIECEWISE_BEZIER_KNOTS.);
#9266 = CARTESIAN_POINT('',(6.125605936233E-02,0.));
#9267 = CARTESIAN_POINT('',(6.125606944785E-02,0.249999970936));
#9268 = CARTESIAN_POINT('',(6.125604143309E-02,0.500000050941));
#9269 = CARTESIAN_POINT('',(6.125606944785E-02,0.749999971755));
#9270 = CARTESIAN_POINT('',(6.125605936233E-02,1.));
#9271 = ( GEOMETRIC_REPRESENTATION_CONTEXT(2) 
PARAMETRIC_REPRESENTATION_CONTEXT() REPRESENTATION_CONTEXT('2D SPACE',''
  ) );
#9272 = ADVANCED_FACE('',(#9273),#3159,.T.);
#9273 = FACE_BOUND('',#9274,.T.);
#9274 = EDGE_LOOP('',(#9275,#9304,#9305,#9306));
#9275 = ORIENTED_EDGE('',*,*,#9276,.T.);
#9276 = EDGE_CURVE('',#9277,#3101,#9279,.T.);
#9277 = VERTEX_POINT('',#9278);
#9278 = CARTESIAN_POINT('',(14.316445727676,-15.36364019881,
    0.490049010231));
#9279 = SURFACE_CURVE('',#9280,(#9286,#9295),.PCURVE_S1.);
#9280 = B_SPLINE_CURVE_WITH_KNOTS('',4,(#9281,#9282,#9283,#9284,#9285),
  .UNSPECIFIED.,.F.,.F.,(5,5),(0.,1.),.PIECEWISE_BEZIER_KNOTS.);
#9281 = CARTESIAN_POINT('',(14.316445727676,-15.36364019881,
    0.490049010231));
#9282 = CARTESIAN_POINT('',(14.255553512737,-15.25294189736,
    0.367549821625));
#9283 = CARTESIAN_POINT('',(14.194668486386,-15.14210288659,
    0.245013308838));
#9284 = CARTESIAN_POINT('',(14.134288448365,-15.03071251921,
    0.122481298081));
#9285 = CARTESIAN_POINT('',(14.07484130878,-14.91840950412,
    -4.440892098501E-16));
#9286 = PCURVE('',#3159,#9287);
#9287 = DEFINITIONAL_REPRESENTATION('',(#9288),#9294);
#9288 = B_SPLINE_CURVE_WITH_KNOTS('',4,(#9289,#9290,#9291,#9292,#9293),
  .UNSPECIFIED.,.F.,.F.,(5,5),(0.,1.),.PIECEWISE_BEZIER_KNOTS.);
#9289 = CARTESIAN_POINT('',(5.462519043234,0.500049010231));
#9290 = CARTESIAN_POINT('',(5.463991326937,0.377549821625));
#9291 = CARTESIAN_POINT('',(5.465491328525,0.255013308838));
#9292 = CARTESIAN_POINT('',(5.467050730247,0.132481298081));
#9293 = CARTESIAN_POINT('',(5.468700019884,9.999999999995E-03));
#9294 = ( GEOMETRIC_REPRESENTATION_CONTEXT(2) 
PARAMETRIC_REPRESENTATION_CONTEXT() REPRESENTATION_CONTEXT('2D SPACE',''
  ) );
#9295 = PCURVE('',#3118,#9296);
#9296 = DEFINITIONAL_REPRESENTATION('',(#9297),#9303);
#9297 = B_SPLINE_CURVE_WITH_KNOTS('',4,(#9298,#9299,#9300,#9301,#9302),
  .UNSPECIFIED.,.F.,.F.,(5,5),(0.,1.),.PIECEWISE_BEZIER_KNOTS.);
#9298 = CARTESIAN_POINT('',(6.125606412117E-02,0.));
#9299 = CARTESIAN_POINT('',(4.594367789993E-02,5.86858710587E-02));
#9300 = CARTESIAN_POINT('',(3.062662818737E-02,0.116875481688));
#9301 = CARTESIAN_POINT('',(1.531014340031E-02,0.174578149499));
#9302 = CARTESIAN_POINT('',(0.,0.231786024198));
#9303 = ( GEOMETRIC_REPRESENTATION_CONTEXT(2) 
PARAMETRIC_REPRESENTATION_CONTEXT() REPRESENTATION_CONTEXT('2D SPACE',''
  ) );
#9304 = ORIENTED_EDGE('',*,*,#3142,.T.);
#9305 = ORIENTED_EDGE('',*,*,#9185,.F.);
#9306 = ORIENTED_EDGE('',*,*,#9307,.T.);
#9307 = EDGE_CURVE('',#9145,#9277,#9308,.T.);
#9308 = SURFACE_CURVE('',#9309,(#9315,#9324),.PCURVE_S1.);
#9309 = B_SPLINE_CURVE_WITH_KNOTS('',4,(#9310,#9311,#9312,#9313,#9314),
  .UNSPECIFIED.,.F.,.F.,(5,5),(0.,1.),.PIECEWISE_BEZIER_KNOTS.);
#9310 = CARTESIAN_POINT('',(14.863436772297,-14.83510382966,
    0.490049007589));
#9311 = CARTESIAN_POINT('',(14.729097081029,-14.96970020489,
    0.490049088273));
#9312 = CARTESIAN_POINT('',(14.593132157043,-15.10267423928,
    0.490048864155));
#9313 = CARTESIAN_POINT('',(14.455571653561,-15.23399728196,
    0.490049088273));
#9314 = CARTESIAN_POINT('',(14.316445727437,-15.36364019542,
    0.490049007589));
#9315 = PCURVE('',#3159,#9316);
#9316 = DEFINITIONAL_REPRESENTATION('',(#9317),#9323);
#9317 = B_SPLINE_CURVE_WITH_KNOTS('',4,(#9318,#9319,#9320,#9321,#9322),
  .UNSPECIFIED.,.F.,.F.,(5,5),(0.,1.),.PIECEWISE_BEZIER_KNOTS.);
#9318 = CARTESIAN_POINT('',(5.498741161503,0.500049007589));
#9319 = CARTESIAN_POINT('',(5.489685630115,0.500049088273));
#9320 = CARTESIAN_POINT('',(5.480630105596,0.500048864155));
#9321 = CARTESIAN_POINT('',(5.47157457115,0.500049088273));
#9322 = CARTESIAN_POINT('',(5.462519043336,0.500049007589));
#9323 = ( GEOMETRIC_REPRESENTATION_CONTEXT(2) 
PARAMETRIC_REPRESENTATION_CONTEXT() REPRESENTATION_CONTEXT('2D SPACE',''
  ) );
#9324 = PCURVE('',#9161,#9325);
#9325 = DEFINITIONAL_REPRESENTATION('',(#9326),#9332);
#9326 = B_SPLINE_CURVE_WITH_KNOTS('',4,(#9327,#9328,#9329,#9330,#9331),
  .UNSPECIFIED.,.F.,.F.,(5,5),(0.,1.),.PIECEWISE_BEZIER_KNOTS.);
#9327 = CARTESIAN_POINT('',(6.125605936233E-02,0.));
#9328 = CARTESIAN_POINT('',(6.125606944785E-02,0.249999970936));
#9329 = CARTESIAN_POINT('',(6.125604143309E-02,0.500000050941));
#9330 = CARTESIAN_POINT('',(6.125606944785E-02,0.749999971755));
#9331 = CARTESIAN_POINT('',(6.125605936233E-02,1.));
#9332 = ( GEOMETRIC_REPRESENTATION_CONTEXT(2) 
PARAMETRIC_REPRESENTATION_CONTEXT() REPRESENTATION_CONTEXT('2D SPACE',''
  ) );
#9333 = ADVANCED_FACE('',(#9334),#1091,.T.);
#9334 = FACE_BOUND('',#9335,.T.);
#9335 = EDGE_LOOP('',(#9336,#9337,#9359,#9360,#9389,#9411));
#9336 = ORIENTED_EDGE('',*,*,#1073,.F.);
#9337 = ORIENTED_EDGE('',*,*,#9338,.T.);
#9338 = EDGE_CURVE('',#1074,#6958,#9339,.T.);
#9339 = SURFACE_CURVE('',#9340,(#9345,#9352),.PCURVE_S1.);
#9340 = B_SPLINE_CURVE_WITH_KNOTS('',3,(#9341,#9342,#9343,#9344),
  .UNSPECIFIED.,.F.,.F.,(4,4),(0.,1.),.PIECEWISE_BEZIER_KNOTS.);
#9341 = CARTESIAN_POINT('',(-9.426442049744,16.258876926363,0.));
#9342 = CARTESIAN_POINT('',(-7.908633736241,17.139259071246,
    2.666669690328));
#9343 = CARTESIAN_POINT('',(-6.266787213527,17.805282000173,
    5.333330309672));
#9344 = CARTESIAN_POINT('',(-4.564587472745,18.23111159056,8.));
#9345 = PCURVE('',#1091,#9346);
#9346 = DEFINITIONAL_REPRESENTATION('',(#9347),#9351);
#9347 = LINE('',#9348,#9349);
#9348 = CARTESIAN_POINT('',(0.,0.));
#9349 = VECTOR('',#9350,1.);
#9350 = DIRECTION('',(1.,0.));
#9351 = ( GEOMETRIC_REPRESENTATION_CONTEXT(2) 
PARAMETRIC_REPRESENTATION_CONTEXT() REPRESENTATION_CONTEXT('2D SPACE',''
  ) );
#9352 = PCURVE('',#1133,#9353);
#9353 = DEFINITIONAL_REPRESENTATION('',(#9354),#9358);
#9354 = LINE('',#9355,#9356);
#9355 = CARTESIAN_POINT('',(0.,1.));
#9356 = VECTOR('',#9357,1.);
#9357 = DIRECTION('',(1.,0.));
#9358 = ( GEOMETRIC_REPRESENTATION_CONTEXT(2) 
PARAMETRIC_REPRESENTATION_CONTEXT() REPRESENTATION_CONTEXT('2D SPACE',''
  ) );
#9359 = ORIENTED_EDGE('',*,*,#6982,.T.);
#9360 = ORIENTED_EDGE('',*,*,#9361,.T.);
#9361 = EDGE_CURVE('',#6983,#9362,#9364,.T.);
#9362 = VERTEX_POINT('',#9363);
#9363 = CARTESIAN_POINT('',(-4.714389748403,20.464031561065,
    7.509950989769));
#9364 = SURFACE_CURVE('',#9365,(#9371,#9380),.PCURVE_S1.);
#9365 = B_SPLINE_CURVE_WITH_KNOTS('',4,(#9366,#9367,#9368,#9369,#9370),
  .UNSPECIFIED.,.F.,.F.,(5,5),(0.,1.),.PIECEWISE_BEZIER_KNOTS.);
#9366 = CARTESIAN_POINT('',(-4.480753374916,20.014568423855,8.));
#9367 = CARTESIAN_POINT('',(-4.540521288327,20.126701051271,
    7.877518701917));
#9368 = CARTESIAN_POINT('',(-4.59901069431,20.239095678908,
    7.754986691164));
#9369 = CARTESIAN_POINT('',(-4.656760527709,20.351600032101,
    7.632450178374));
#9370 = CARTESIAN_POINT('',(-4.714389748403,20.464031561065,
    7.509950989769));
#9371 = PCURVE('',#1091,#9372);
#9372 = DEFINITIONAL_REPRESENTATION('',(#9373),#9379);
#9373 = B_SPLINE_CURVE_WITH_KNOTS('',4,(#9374,#9375,#9376,#9377,#9378),
  .UNSPECIFIED.,.F.,.F.,(5,5),(0.,1.),.PIECEWISE_BEZIER_KNOTS.);
#9374 = CARTESIAN_POINT('',(1.,0.768213975802));
#9375 = CARTESIAN_POINT('',(0.984689856599,0.825421850502));
#9376 = CARTESIAN_POINT('',(0.969373371813,0.883124518311));
#9377 = CARTESIAN_POINT('',(0.9540563221,0.941314128942));
#9378 = CARTESIAN_POINT('',(0.938743935879,1.));
#9379 = ( GEOMETRIC_REPRESENTATION_CONTEXT(2) 
PARAMETRIC_REPRESENTATION_CONTEXT() REPRESENTATION_CONTEXT('2D SPACE',''
  ) );
#9380 = PCURVE('',#7028,#9381);
#9381 = DEFINITIONAL_REPRESENTATION('',(#9382),#9388);
#9382 = B_SPLINE_CURVE_WITH_KNOTS('',4,(#9383,#9384,#9385,#9386,#9387),
  .UNSPECIFIED.,.F.,.F.,(5,5),(0.,1.),.PIECEWISE_BEZIER_KNOTS.);
#9383 = CARTESIAN_POINT('',(-1.791039333448,-0.5));
#9384 = CARTESIAN_POINT('',(-1.792688623085,-0.377518701917));
#9385 = CARTESIAN_POINT('',(-1.794248024806,-0.254986691164));
#9386 = CARTESIAN_POINT('',(-1.795748026394,-0.132450178374));
#9387 = CARTESIAN_POINT('',(-1.797220310097,-9.95098976897E-03));
#9388 = ( GEOMETRIC_REPRESENTATION_CONTEXT(2) 
PARAMETRIC_REPRESENTATION_CONTEXT() REPRESENTATION_CONTEXT('2D SPACE',''
  ) );
#9389 = ORIENTED_EDGE('',*,*,#9390,.F.);
#9390 = EDGE_CURVE('',#9218,#9362,#9391,.T.);
#9391 = SURFACE_CURVE('',#9392,(#9397,#9404),.PCURVE_S1.);
#9392 = B_SPLINE_CURVE_WITH_KNOTS('',3,(#9393,#9394,#9395,#9396),
  .UNSPECIFIED.,.F.,.F.,(4,4),(0.,1.),.PIECEWISE_BEZIER_KNOTS.);
#9393 = CARTESIAN_POINT('',(-9.87109692635,18.535410582736,0.));
#9394 = CARTESIAN_POINT('',(-8.140752026522,19.457349069217,
    2.666669951599));
#9395 = CARTESIAN_POINT('',(-6.280535213203,20.134923734506,
    5.333330048401));
#9396 = CARTESIAN_POINT('',(-4.362600697462,20.5418527683,8.));
#9397 = PCURVE('',#1091,#9398);
#9398 = DEFINITIONAL_REPRESENTATION('',(#9399),#9403);
#9399 = LINE('',#9400,#9401);
#9400 = CARTESIAN_POINT('',(0.,1.));
#9401 = VECTOR('',#9402,1.);
#9402 = DIRECTION('',(1.,0.));
#9403 = ( GEOMETRIC_REPRESENTATION_CONTEXT(2) 
PARAMETRIC_REPRESENTATION_CONTEXT() REPRESENTATION_CONTEXT('2D SPACE',''
  ) );
#9404 = PCURVE('',#9056,#9405);
#9405 = DEFINITIONAL_REPRESENTATION('',(#9406),#9410);
#9406 = LINE('',#9407,#9408);
#9407 = CARTESIAN_POINT('',(0.,0.));
#9408 = VECTOR('',#9409,1.);
#9409 = DIRECTION('',(1.,0.));
#9410 = ( GEOMETRIC_REPRESENTATION_CONTEXT(2) 
PARAMETRIC_REPRESENTATION_CONTEXT() REPRESENTATION_CONTEXT('2D SPACE',''
  ) );
#9411 = ORIENTED_EDGE('',*,*,#9217,.T.);
#9412 = ADVANCED_FACE('',(#9413),#3118,.T.);
#9413 = FACE_BOUND('',#9414,.T.);
#9414 = EDGE_LOOP('',(#9415,#9416,#9417,#9441,#9468,#9469));
#9415 = ORIENTED_EDGE('',*,*,#3100,.F.);
#9416 = ORIENTED_EDGE('',*,*,#9276,.F.);
#9417 = ORIENTED_EDGE('',*,*,#9418,.T.);
#9418 = EDGE_CURVE('',#9277,#9419,#9421,.T.);
#9419 = VERTEX_POINT('',#9420);
#9420 = CARTESIAN_POINT('',(10.148236290325,-18.38519400571,
    7.509950989769));
#9421 = SURFACE_CURVE('',#9422,(#9427,#9434),.PCURVE_S1.);
#9422 = B_SPLINE_CURVE_WITH_KNOTS('',3,(#9423,#9424,#9425,#9426),
  .UNSPECIFIED.,.F.,.F.,(4,4),(0.,1.),.PIECEWISE_BEZIER_KNOTS.);
#9423 = CARTESIAN_POINT('',(14.577886313553,-15.11572792256,0.));
#9424 = CARTESIAN_POINT('',(13.166900649416,-16.47704474859,
    2.666669951599));
#9425 = CARTESIAN_POINT('',(11.563980380852,-17.6390088755,
    5.333330048401));
#9426 = CARTESIAN_POINT('',(9.831299683771,-18.55654996296,8.));
#9427 = PCURVE('',#3118,#9428);
#9428 = DEFINITIONAL_REPRESENTATION('',(#9429),#9433);
#9429 = LINE('',#9430,#9431);
#9430 = CARTESIAN_POINT('',(0.,0.));
#9431 = VECTOR('',#9432,1.);
#9432 = DIRECTION('',(1.,0.));
#9433 = ( GEOMETRIC_REPRESENTATION_CONTEXT(2) 
PARAMETRIC_REPRESENTATION_CONTEXT() REPRESENTATION_CONTEXT('2D SPACE',''
  ) );
#9434 = PCURVE('',#9161,#9435);
#9435 = DEFINITIONAL_REPRESENTATION('',(#9436),#9440);
#9436 = LINE('',#9437,#9438);
#9437 = CARTESIAN_POINT('',(0.,1.));
#9438 = VECTOR('',#9439,1.);
#9439 = DIRECTION('',(1.,0.));
#9440 = ( GEOMETRIC_REPRESENTATION_CONTEXT(2) 
PARAMETRIC_REPRESENTATION_CONTEXT() REPRESENTATION_CONTEXT('2D SPACE',''
  ) );
#9441 = ORIENTED_EDGE('',*,*,#9442,.T.);
#9442 = EDGE_CURVE('',#9419,#5549,#9443,.T.);
#9443 = SURFACE_CURVE('',#9444,(#9450,#9459),.PCURVE_S1.);
#9444 = B_SPLINE_CURVE_WITH_KNOTS('',4,(#9445,#9446,#9447,#9448,#9449),
  .UNSPECIFIED.,.F.,.F.,(5,5),(0.,1.),.PIECEWISE_BEZIER_KNOTS.);
#9445 = CARTESIAN_POINT('',(10.148236290325,-18.38519400571,
    7.509950989769));
#9446 = CARTESIAN_POINT('',(9.959540478703,-18.35026363092,
    7.631718867519));
#9447 = CARTESIAN_POINT('',(9.772043106951,-18.31261214381,
    7.753893161363));
#9448 = CARTESIAN_POINT('',(9.586170710251,-18.27190617373,
    7.876611079311));
#9449 = CARTESIAN_POINT('',(9.402402890444,-18.22786108916,8.));
#9450 = PCURVE('',#3118,#9451);
#9451 = DEFINITIONAL_REPRESENTATION('',(#9452),#9458);
#9452 = B_SPLINE_CURVE_WITH_KNOTS('',4,(#9453,#9454,#9455,#9456,#9457),
  .UNSPECIFIED.,.F.,.F.,(5,5),(0.,1.),.PIECEWISE_BEZIER_KNOTS.);
#9453 = CARTESIAN_POINT('',(0.938743935879,0.));
#9454 = CARTESIAN_POINT('',(0.953964908317,5.833552086386E-02));
#9455 = CARTESIAN_POINT('',(0.969236680722,0.116357722305));
#9456 = CARTESIAN_POINT('',(0.984576403913,0.174154222244));
#9457 = CARTESIAN_POINT('',(1.,0.231786024198));
#9458 = ( GEOMETRIC_REPRESENTATION_CONTEXT(2) 
PARAMETRIC_REPRESENTATION_CONTEXT() REPRESENTATION_CONTEXT('2D SPACE',''
  ) );
#9459 = PCURVE('',#5569,#9460);
#9460 = DEFINITIONAL_REPRESENTATION('',(#9461),#9467);
#9461 = B_SPLINE_CURVE_WITH_KNOTS('',4,(#9462,#9463,#9464,#9465,#9466),
  .UNSPECIFIED.,.F.,.F.,(5,5),(0.,1.),.PIECEWISE_BEZIER_KNOTS.);
#9462 = CARTESIAN_POINT('',(-5.216750110879,-9.950989768967E-03));
#9463 = CARTESIAN_POINT('',(-5.209687269905,-0.131718867519));
#9464 = CARTESIAN_POINT('',(-5.202627811146,-0.253893161363));
#9465 = CARTESIAN_POINT('',(-5.195595476439,-0.376611079311));
#9466 = CARTESIAN_POINT('',(-5.1886170046,-0.5));
#9467 = ( GEOMETRIC_REPRESENTATION_CONTEXT(2) 
PARAMETRIC_REPRESENTATION_CONTEXT() REPRESENTATION_CONTEXT('2D SPACE',''
  ) );
#9468 = ORIENTED_EDGE('',*,*,#5581,.T.);
#9469 = ORIENTED_EDGE('',*,*,#9470,.F.);
#9470 = EDGE_CURVE('',#3059,#5582,#9471,.T.);
#9471 = SURFACE_CURVE('',#9472,(#9477,#9484),.PCURVE_S1.);
#9472 = B_SPLINE_CURVE_WITH_KNOTS('',3,(#9473,#9474,#9475,#9476),
  .UNSPECIFIED.,.F.,.F.,(4,4),(0.,1.),.PIECEWISE_BEZIER_KNOTS.);
#9473 = CARTESIAN_POINT('',(12.550180058597,-13.98934841658,0.));
#9474 = CARTESIAN_POINT('',(11.244319725007,-15.16133117529,
    2.666669690328));
#9475 = CARTESIAN_POINT('',(9.773232309162,-16.14882718083,
    5.333330309672));
#9476 = CARTESIAN_POINT('',(8.193979288948,-16.91353280766,8.));
#9477 = PCURVE('',#3118,#9478);
#9478 = DEFINITIONAL_REPRESENTATION('',(#9479),#9483);
#9479 = LINE('',#9480,#9481);
#9480 = CARTESIAN_POINT('',(0.,1.));
#9481 = VECTOR('',#9482,1.);
#9482 = DIRECTION('',(1.,0.));
#9483 = ( GEOMETRIC_REPRESENTATION_CONTEXT(2) 
PARAMETRIC_REPRESENTATION_CONTEXT() REPRESENTATION_CONTEXT('2D SPACE',''
  ) );
#9484 = PCURVE('',#3076,#9485);
#9485 = DEFINITIONAL_REPRESENTATION('',(#9486),#9490);
#9486 = LINE('',#9487,#9488);
#9487 = CARTESIAN_POINT('',(0.,0.));
#9488 = VECTOR('',#9489,1.);
#9489 = DIRECTION('',(1.,0.));
#9490 = ( GEOMETRIC_REPRESENTATION_CONTEXT(2) 
PARAMETRIC_REPRESENTATION_CONTEXT() REPRESENTATION_CONTEXT('2D SPACE',''
  ) );
#9491 = ADVANCED_FACE('',(#9492),#1133,.T.);
#9492 = FACE_BOUND('',#9493,.T.);
#9493 = EDGE_LOOP('',(#9494,#9495,#9517,#9518));
#9494 = ORIENTED_EDGE('',*,*,#1115,.F.);
#9495 = ORIENTED_EDGE('',*,*,#9496,.T.);
#9496 = EDGE_CURVE('',#1116,#6933,#9497,.T.);
#9497 = SURFACE_CURVE('',#9498,(#9503,#9510),.PCURVE_S1.);
#9498 = B_SPLINE_CURVE_WITH_KNOTS('',3,(#9499,#9500,#9501,#9502),
  .UNSPECIFIED.,.F.,.F.,(4,4),(0.,1.),.PIECEWISE_BEZIER_KNOTS.);
#9499 = CARTESIAN_POINT('',(-10.20725028043,15.780397027209,0.));
#9500 = CARTESIAN_POINT('',(-8.734128758608,16.733669170668,
    2.666669690328));
#9501 = CARTESIAN_POINT('',(-7.126674460626,17.478878688793,
    5.333330309672));
#9502 = CARTESIAN_POINT('',(-5.447238350064,17.987119919025,8.));
#9503 = PCURVE('',#1133,#9504);
#9504 = DEFINITIONAL_REPRESENTATION('',(#9505),#9509);
#9505 = LINE('',#9506,#9507);
#9506 = CARTESIAN_POINT('',(0.,0.));
#9507 = VECTOR('',#9508,1.);
#9508 = DIRECTION('',(1.,0.));
#9509 = ( GEOMETRIC_REPRESENTATION_CONTEXT(2) 
PARAMETRIC_REPRESENTATION_CONTEXT() REPRESENTATION_CONTEXT('2D SPACE',''
  ) );
#9510 = PCURVE('',#1175,#9511);
#9511 = DEFINITIONAL_REPRESENTATION('',(#9512),#9516);
#9512 = LINE('',#9513,#9514);
#9513 = CARTESIAN_POINT('',(0.,1.));
#9514 = VECTOR('',#9515,1.);
#9515 = DIRECTION('',(1.,0.));
#9516 = ( GEOMETRIC_REPRESENTATION_CONTEXT(2) 
PARAMETRIC_REPRESENTATION_CONTEXT() REPRESENTATION_CONTEXT('2D SPACE',''
  ) );
#9517 = ORIENTED_EDGE('',*,*,#6957,.T.);
#9518 = ORIENTED_EDGE('',*,*,#9338,.F.);
#9519 = ADVANCED_FACE('',(#9520),#3076,.T.);
#9520 = FACE_BOUND('',#9521,.T.);
#9521 = EDGE_LOOP('',(#9522,#9523,#9524,#9525));
#9522 = ORIENTED_EDGE('',*,*,#3058,.F.);
#9523 = ORIENTED_EDGE('',*,*,#9470,.T.);
#9524 = ORIENTED_EDGE('',*,*,#5606,.T.);
#9525 = ORIENTED_EDGE('',*,*,#9526,.F.);
#9526 = EDGE_CURVE('',#3017,#5607,#9527,.T.);
#9527 = SURFACE_CURVE('',#9528,(#9533,#9540),.PCURVE_S1.);
#9528 = B_SPLINE_CURVE_WITH_KNOTS('',3,(#9529,#9530,#9531,#9532),
  .UNSPECIFIED.,.F.,.F.,(4,4),(0.,1.),.PIECEWISE_BEZIER_KNOTS.);
#9529 = CARTESIAN_POINT('',(11.853835619958,-14.58408275205,0.));
#9530 = CARTESIAN_POINT('',(10.492436155319,-15.69106346338,
    2.666669690328));
#9531 = CARTESIAN_POINT('',(8.974992428379,-16.60572792731,
    5.333330309672));
#9532 = CARTESIAN_POINT('',(7.360364015215,-17.29259755465,8.));
#9533 = PCURVE('',#3076,#9534);
#9534 = DEFINITIONAL_REPRESENTATION('',(#9535),#9539);
#9535 = LINE('',#9536,#9537);
#9536 = CARTESIAN_POINT('',(0.,1.));
#9537 = VECTOR('',#9538,1.);
#9538 = DIRECTION('',(1.,0.));
#9539 = ( GEOMETRIC_REPRESENTATION_CONTEXT(2) 
PARAMETRIC_REPRESENTATION_CONTEXT() REPRESENTATION_CONTEXT('2D SPACE',''
  ) );
#9540 = PCURVE('',#3034,#9541);
#9541 = DEFINITIONAL_REPRESENTATION('',(#9542),#9546);
#9542 = LINE('',#9543,#9544);
#9543 = CARTESIAN_POINT('',(0.,0.));
#9544 = VECTOR('',#9545,1.);
#9545 = DIRECTION('',(1.,0.));
#9546 = ( GEOMETRIC_REPRESENTATION_CONTEXT(2) 
PARAMETRIC_REPRESENTATION_CONTEXT() REPRESENTATION_CONTEXT('2D SPACE',''
  ) );
#9547 = ADVANCED_FACE('',(#9548),#1175,.T.);
#9548 = FACE_BOUND('',#9549,.T.);
#9549 = EDGE_LOOP('',(#9550,#9551,#9580,#9621,#9648,#9649));
#9550 = ORIENTED_EDGE('',*,*,#1157,.F.);
#9551 = ORIENTED_EDGE('',*,*,#9552,.F.);
#9552 = EDGE_CURVE('',#9553,#1158,#9555,.T.);
#9553 = VERTEX_POINT('',#9554);
#9554 = CARTESIAN_POINT('',(-11.73678368841,17.414073822154,
    0.490049010231));
#9555 = SURFACE_CURVE('',#9556,(#9562,#9571),.PCURVE_S1.);
#9556 = B_SPLINE_CURVE_WITH_KNOTS('',4,(#9557,#9558,#9559,#9560,#9561),
  .UNSPECIFIED.,.F.,.F.,(5,5),(0.,1.),.PIECEWISE_BEZIER_KNOTS.);
#9557 = CARTESIAN_POINT('',(-11.73678368841,17.414073822154,
    0.490049010231));
#9558 = CARTESIAN_POINT('',(-11.69395818725,17.295212759423,
    0.367549821625));
#9559 = CARTESIAN_POINT('',(-11.65116179796,17.176213844268,
    0.245013308838));
#9560 = CARTESIAN_POINT('',(-11.60895043094,17.056749358211,
    0.122481298081));
#9561 = CARTESIAN_POINT('',(-11.56780324638,16.93652939811,
    -4.440892098501E-16));
#9562 = PCURVE('',#1175,#9563);
#9563 = DEFINITIONAL_REPRESENTATION('',(#9564),#9570);
#9564 = B_SPLINE_CURVE_WITH_KNOTS('',4,(#9565,#9566,#9567,#9568,#9569),
  .UNSPECIFIED.,.F.,.F.,(5,5),(0.,1.),.PIECEWISE_BEZIER_KNOTS.);
#9565 = CARTESIAN_POINT('',(6.125606412117E-02,0.));
#9566 = CARTESIAN_POINT('',(4.594367789993E-02,5.86858710587E-02));
#9567 = CARTESIAN_POINT('',(3.062662818737E-02,0.116875481688));
#9568 = CARTESIAN_POINT('',(1.531014340031E-02,0.174578149499));
#9569 = CARTESIAN_POINT('',(0.,0.231786024198));
#9570 = ( GEOMETRIC_REPRESENTATION_CONTEXT(2) 
PARAMETRIC_REPRESENTATION_CONTEXT() REPRESENTATION_CONTEXT('2D SPACE',''
  ) );
#9571 = PCURVE('',#1216,#9572);
#9572 = DEFINITIONAL_REPRESENTATION('',(#9573),#9579);
#9573 = B_SPLINE_CURVE_WITH_KNOTS('',4,(#9574,#9575,#9576,#9577,#9578),
  .UNSPECIFIED.,.F.,.F.,(5,5),(0.,1.),.PIECEWISE_BEZIER_KNOTS.);
#9574 = CARTESIAN_POINT('',(2.163846756965,0.500049010231));
#9575 = CARTESIAN_POINT('',(2.165319040668,0.377549821625));
#9576 = CARTESIAN_POINT('',(2.166819042256,0.255013308838));
#9577 = CARTESIAN_POINT('',(2.168378443977,0.132481298081));
#9578 = CARTESIAN_POINT('',(2.170027733615,1.E-02));
#9579 = ( GEOMETRIC_REPRESENTATION_CONTEXT(2) 
PARAMETRIC_REPRESENTATION_CONTEXT() REPRESENTATION_CONTEXT('2D SPACE',''
  ) );
#9580 = ORIENTED_EDGE('',*,*,#9581,.T.);
#9581 = EDGE_CURVE('',#9553,#9582,#9584,.T.);
#9582 = VERTEX_POINT('',#9583);
#9583 = CARTESIAN_POINT('',(-7.147216672614,19.746375674205,
    7.509950989769));
#9584 = SURFACE_CURVE('',#9585,(#9590,#9597),.PCURVE_S1.);
#9585 = B_SPLINE_CURVE_WITH_KNOTS('',3,(#9586,#9587,#9588,#9589),
  .UNSPECIFIED.,.F.,.F.,(4,4),(0.,1.),.PIECEWISE_BEZIER_KNOTS.);
#9586 = CARTESIAN_POINT('',(-12.03378753115,17.210112075607,0.));
#9587 = CARTESIAN_POINT('',(-10.42721657251,18.333942044977,
    2.666669951599));
#9588 = CARTESIAN_POINT('',(-8.662259675759,19.230848490599,
    5.333330048401));
#9589 = CARTESIAN_POINT('',(-6.807376104109,19.866042146769,8.));
#9590 = PCURVE('',#1175,#9591);
#9591 = DEFINITIONAL_REPRESENTATION('',(#9592),#9596);
#9592 = LINE('',#9593,#9594);
#9593 = CARTESIAN_POINT('',(0.,0.));
#9594 = VECTOR('',#9595,1.);
#9595 = DIRECTION('',(1.,0.));
#9596 = ( GEOMETRIC_REPRESENTATION_CONTEXT(2) 
PARAMETRIC_REPRESENTATION_CONTEXT() REPRESENTATION_CONTEXT('2D SPACE',''
  ) );
#9597 = PCURVE('',#9598,#9615);
#9598 = B_SPLINE_SURFACE_WITH_KNOTS('',3,3,(
    (#9599,#9600,#9601,#9602)
    ,(#9603,#9604,#9605,#9606)
    ,(#9607,#9608,#9609,#9610)
    ,(#9611,#9612,#9613,#9614
    )),.UNSPECIFIED.,.F.,.F.,.F.,(4,4),(4,4),(0.,1.),(0.,1.),
  .PIECEWISE_BEZIER_KNOTS.);
#9599 = CARTESIAN_POINT('',(-12.64914438185,16.763029153679,0.));
#9600 = CARTESIAN_POINT('',(-12.4467469707,16.915755508304,0.));
#9601 = CARTESIAN_POINT('',(-12.24158316559,17.064815737924,0.));
#9602 = CARTESIAN_POINT('',(-12.03378753115,17.210112075607,0.));
#9603 = CARTESIAN_POINT('',(-11.08432570445,17.9443027123,2.666670185642
    ));
#9604 = CARTESIAN_POINT('',(-10.86766554169,18.078135390474,
    2.666670185642));
#9605 = CARTESIAN_POINT('',(-10.64858121553,18.208043596678,
    2.666670185642));
#9606 = CARTESIAN_POINT('',(-10.42721642092,18.33394212558,
    2.666670185642));
#9607 = CARTESIAN_POINT('',(-9.353007577465,18.90453716463,
    5.333329814358));
#9608 = CARTESIAN_POINT('',(-9.124753497146,19.017465844291,
    5.333329814358));
#9609 = CARTESIAN_POINT('',(-8.89445389776,19.126260046938,
    5.333329814358));
#9610 = CARTESIAN_POINT('',(-8.662259830228,19.230848415674,
    5.333329814358));
#9611 = CARTESIAN_POINT('',(-7.5223435923,19.60648736718,8.));
#9612 = CARTESIAN_POINT('',(-7.285614128139,19.69731254119,8.));
#9613 = CARTESIAN_POINT('',(-7.047239516332,19.783849720641,8.));
#9614 = CARTESIAN_POINT('',(-6.807376104109,19.866042146769,8.));
#9615 = DEFINITIONAL_REPRESENTATION('',(#9616),#9620);
#9616 = LINE('',#9617,#9618);
#9617 = CARTESIAN_POINT('',(0.,1.));
#9618 = VECTOR('',#9619,1.);
#9619 = DIRECTION('',(1.,0.));
#9620 = ( GEOMETRIC_REPRESENTATION_CONTEXT(2) 
PARAMETRIC_REPRESENTATION_CONTEXT() REPRESENTATION_CONTEXT('2D SPACE',''
  ) );
#9621 = ORIENTED_EDGE('',*,*,#9622,.T.);
#9622 = EDGE_CURVE('',#9582,#6900,#9623,.T.);
#9623 = SURFACE_CURVE('',#9624,(#9630,#9639),.PCURVE_S1.);
#9624 = B_SPLINE_CURVE_WITH_KNOTS('',4,(#9625,#9626,#9627,#9628,#9629),
  .UNSPECIFIED.,.F.,.F.,(5,5),(0.,1.),.PIECEWISE_BEZIER_KNOTS.);
#9625 = CARTESIAN_POINT('',(-7.147216672614,19.746375674205,
    7.509950989769));
#9626 = CARTESIAN_POINT('',(-6.96630833405,19.682356821941,
    7.631718867519));
#9627 = CARTESIAN_POINT('',(-6.787009356322,19.61583783607,
    7.753893161363));
#9628 = CARTESIAN_POINT('',(-6.609793173916,19.546556175086,
    7.876611079311));
#9629 = CARTESIAN_POINT('',(-6.435178010159,19.474305738012,8.));
#9630 = PCURVE('',#1175,#9631);
#9631 = DEFINITIONAL_REPRESENTATION('',(#9632),#9638);
#9632 = B_SPLINE_CURVE_WITH_KNOTS('',4,(#9633,#9634,#9635,#9636,#9637),
  .UNSPECIFIED.,.F.,.F.,(5,5),(0.,1.),.PIECEWISE_BEZIER_KNOTS.);
#9633 = CARTESIAN_POINT('',(0.938743935879,0.));
#9634 = CARTESIAN_POINT('',(0.953964908317,5.833552086386E-02));
#9635 = CARTESIAN_POINT('',(0.969236680722,0.116357722305));
#9636 = CARTESIAN_POINT('',(0.984576403913,0.174154222244));
#9637 = CARTESIAN_POINT('',(1.,0.231786024198));
#9638 = ( GEOMETRIC_REPRESENTATION_CONTEXT(2) 
PARAMETRIC_REPRESENTATION_CONTEXT() REPRESENTATION_CONTEXT('2D SPACE',''
  ) );
#9639 = PCURVE('',#6920,#9640);
#9640 = DEFINITIONAL_REPRESENTATION('',(#9641),#9647);
#9641 = B_SPLINE_CURVE_WITH_KNOTS('',4,(#9642,#9643,#9644,#9645,#9646),
  .UNSPECIFIED.,.F.,.F.,(5,5),(0.,1.),.PIECEWISE_BEZIER_KNOTS.);
#9642 = CARTESIAN_POINT('',(-1.918077824609,-9.950989768973E-03));
#9643 = CARTESIAN_POINT('',(-1.911014983636,-0.131718867519));
#9644 = CARTESIAN_POINT('',(-1.903955524876,-0.253893161363));
#9645 = CARTESIAN_POINT('',(-1.89692319017,-0.376611079311));
#9646 = CARTESIAN_POINT('',(-1.889944718331,-0.5));
#9647 = ( GEOMETRIC_REPRESENTATION_CONTEXT(2) 
PARAMETRIC_REPRESENTATION_CONTEXT() REPRESENTATION_CONTEXT('2D SPACE',''
  ) );
#9648 = ORIENTED_EDGE('',*,*,#6932,.T.);
#9649 = ORIENTED_EDGE('',*,*,#9496,.F.);
#9650 = ADVANCED_FACE('',(#9651),#3034,.T.);
#9651 = FACE_BOUND('',#9652,.T.);
#9652 = EDGE_LOOP('',(#9653,#9654,#9655,#9656,#9685,#9726));
#9653 = ORIENTED_EDGE('',*,*,#3016,.F.);
#9654 = ORIENTED_EDGE('',*,*,#9526,.T.);
#9655 = ORIENTED_EDGE('',*,*,#5631,.T.);
#9656 = ORIENTED_EDGE('',*,*,#9657,.T.);
#9657 = EDGE_CURVE('',#5632,#9658,#9660,.T.);
#9658 = VERTEX_POINT('',#9659);
#9659 = CARTESIAN_POINT('',(7.85762761734,-19.47459233615,7.509950989769
    ));
#9660 = SURFACE_CURVE('',#9661,(#9667,#9676),.PCURVE_S1.);
#9661 = B_SPLINE_CURVE_WITH_KNOTS('',4,(#9662,#9663,#9664,#9665,#9666),
  .UNSPECIFIED.,.F.,.F.,(5,5),(0.,1.),.PIECEWISE_BEZIER_KNOTS.);
#9662 = CARTESIAN_POINT('',(7.556556169884,-19.0672116171,8.));
#9663 = CARTESIAN_POINT('',(7.633129648685,-19.16861394424,
    7.877518701917));
#9664 = CARTESIAN_POINT('',(7.708481346471,-19.27047504856,
    7.754986691164));
#9665 = CARTESIAN_POINT('',(7.783119741896,-19.37256022219,
    7.632450178374));
#9666 = CARTESIAN_POINT('',(7.85762761734,-19.47459233615,7.509950989769
    ));
#9667 = PCURVE('',#3034,#9668);
#9668 = DEFINITIONAL_REPRESENTATION('',(#9669),#9675);
#9669 = B_SPLINE_CURVE_WITH_KNOTS('',4,(#9670,#9671,#9672,#9673,#9674),
  .UNSPECIFIED.,.F.,.F.,(5,5),(0.,1.),.PIECEWISE_BEZIER_KNOTS.);
#9670 = CARTESIAN_POINT('',(1.,0.768213975802));
#9671 = CARTESIAN_POINT('',(0.984689856599,0.825421850502));
#9672 = CARTESIAN_POINT('',(0.969373371813,0.883124518311));
#9673 = CARTESIAN_POINT('',(0.9540563221,0.941314128942));
#9674 = CARTESIAN_POINT('',(0.938743935879,1.));
#9675 = ( GEOMETRIC_REPRESENTATION_CONTEXT(2) 
PARAMETRIC_REPRESENTATION_CONTEXT() REPRESENTATION_CONTEXT('2D SPACE',''
  ) );
#9676 = PCURVE('',#5677,#9677);
#9677 = DEFINITIONAL_REPRESENTATION('',(#9678),#9684);
#9678 = B_SPLINE_CURVE_WITH_KNOTS('',4,(#9679,#9680,#9681,#9682,#9683),
  .UNSPECIFIED.,.F.,.F.,(5,5),(0.,1.),.PIECEWISE_BEZIER_KNOTS.);
#9679 = CARTESIAN_POINT('',(-5.089711619717,-0.5));
#9680 = CARTESIAN_POINT('',(-5.091360909354,-0.377518701917));
#9681 = CARTESIAN_POINT('',(-5.092920311076,-0.254986691164));
#9682 = CARTESIAN_POINT('',(-5.094420312664,-0.132450178374));
#9683 = CARTESIAN_POINT('',(-5.095892596366,-9.95098976897E-03));
#9684 = ( GEOMETRIC_REPRESENTATION_CONTEXT(2) 
PARAMETRIC_REPRESENTATION_CONTEXT() REPRESENTATION_CONTEXT('2D SPACE',''
  ) );
#9685 = ORIENTED_EDGE('',*,*,#9686,.F.);
#9686 = EDGE_CURVE('',#9687,#9658,#9689,.T.);
#9687 = VERTEX_POINT('',#9688);
#9688 = CARTESIAN_POINT('',(12.359721669589,-16.9776128676,
    0.490049010231));
#9689 = SURFACE_CURVE('',#9690,(#9695,#9702),.PCURVE_S1.);
#9690 = B_SPLINE_CURVE_WITH_KNOTS('',3,(#9691,#9692,#9693,#9694),
  .UNSPECIFIED.,.F.,.F.,(4,4),(0.,1.),.PIECEWISE_BEZIER_KNOTS.);
#9691 = CARTESIAN_POINT('',(12.649144381851,-16.76302915367,0.));
#9692 = CARTESIAN_POINT('',(11.084325853016,-17.94430262626,
    2.666669951599));
#9693 = CARTESIAN_POINT('',(9.353007425811,-18.9045372451,5.333330048401
    ));
#9694 = CARTESIAN_POINT('',(7.5223435923,-19.60648736718,8.));
#9695 = PCURVE('',#3034,#9696);
#9696 = DEFINITIONAL_REPRESENTATION('',(#9697),#9701);
#9697 = LINE('',#9698,#9699);
#9698 = CARTESIAN_POINT('',(0.,1.));
#9699 = VECTOR('',#9700,1.);
#9700 = DIRECTION('',(1.,0.));
#9701 = ( GEOMETRIC_REPRESENTATION_CONTEXT(2) 
PARAMETRIC_REPRESENTATION_CONTEXT() REPRESENTATION_CONTEXT('2D SPACE',''
  ) );
#9702 = PCURVE('',#9703,#9720);
#9703 = B_SPLINE_SURFACE_WITH_KNOTS('',3,3,(
    (#9704,#9705,#9706,#9707)
    ,(#9708,#9709,#9710,#9711)
    ,(#9712,#9713,#9714,#9715)
    ,(#9716,#9717,#9718,#9719
    )),.UNSPECIFIED.,.F.,.F.,.F.,(4,4),(4,4),(0.,1.),(0.,1.),
  .PIECEWISE_BEZIER_KNOTS.);
#9704 = CARTESIAN_POINT('',(12.649144381851,-16.76302915367,0.));
#9705 = CARTESIAN_POINT('',(12.446746970706,-16.9157555083,0.));
#9706 = CARTESIAN_POINT('',(12.241583165595,-17.06481573792,0.));
#9707 = CARTESIAN_POINT('',(12.033787531157,-17.2101120756,0.));
#9708 = CARTESIAN_POINT('',(11.084325704451,-17.9443027123,
    2.666670185642));
#9709 = CARTESIAN_POINT('',(10.867665541696,-18.07813539047,
    2.666670185642));
#9710 = CARTESIAN_POINT('',(10.648581215539,-18.20804359667,
    2.666670185642));
#9711 = CARTESIAN_POINT('',(10.427216420929,-18.33394212558,
    2.666670185642));
#9712 = CARTESIAN_POINT('',(9.353007577465,-18.90453716463,
    5.333329814358));
#9713 = CARTESIAN_POINT('',(9.124753497146,-19.01746584429,
    5.333329814358));
#9714 = CARTESIAN_POINT('',(8.89445389776,-19.12626004693,5.333329814358
    ));
#9715 = CARTESIAN_POINT('',(8.662259830228,-19.23084841567,
    5.333329814358));
#9716 = CARTESIAN_POINT('',(7.5223435923,-19.60648736718,8.));
#9717 = CARTESIAN_POINT('',(7.285614128139,-19.69731254119,8.));
#9718 = CARTESIAN_POINT('',(7.047239516332,-19.78384972064,8.));
#9719 = CARTESIAN_POINT('',(6.807376104109,-19.86604214676,8.));
#9720 = DEFINITIONAL_REPRESENTATION('',(#9721),#9725);
#9721 = LINE('',#9722,#9723);
#9722 = CARTESIAN_POINT('',(0.,0.));
#9723 = VECTOR('',#9724,1.);
#9724 = DIRECTION('',(1.,0.));
#9725 = ( GEOMETRIC_REPRESENTATION_CONTEXT(2) 
PARAMETRIC_REPRESENTATION_CONTEXT() REPRESENTATION_CONTEXT('2D SPACE',''
  ) );
#9726 = ORIENTED_EDGE('',*,*,#9727,.T.);
#9727 = EDGE_CURVE('',#9687,#2988,#9728,.T.);
#9728 = SURFACE_CURVE('',#9729,(#9735,#9744),.PCURVE_S1.);
#9729 = B_SPLINE_CURVE_WITH_KNOTS('',4,(#9730,#9731,#9732,#9733,#9734),
  .UNSPECIFIED.,.F.,.F.,(5,5),(0.,1.),.PIECEWISE_BEZIER_KNOTS.);
#9730 = CARTESIAN_POINT('',(12.359721669589,-16.9776128676,
    0.490049010231));
#9731 = CARTESIAN_POINT('',(12.407964536767,-16.79187416358,
    0.368281132481));
#9732 = CARTESIAN_POINT('',(12.453234810121,-16.60606915491,
    0.246106838637));
#9733 = CARTESIAN_POINT('',(12.495049887838,-16.42044312459,
    0.123388920689));
#9734 = CARTESIAN_POINT('',(12.53294885678,-16.23531006643,
    -8.881784197001E-16));
#9735 = PCURVE('',#3034,#9736);
#9736 = DEFINITIONAL_REPRESENTATION('',(#9737),#9743);
#9737 = B_SPLINE_CURVE_WITH_KNOTS('',4,(#9738,#9739,#9740,#9741,#9742),
  .UNSPECIFIED.,.F.,.F.,(5,5),(0.,1.),.PIECEWISE_BEZIER_KNOTS.);
#9738 = CARTESIAN_POINT('',(6.125606412117E-02,1.));
#9739 = CARTESIAN_POINT('',(4.603509168317E-02,0.941664479136));
#9740 = CARTESIAN_POINT('',(3.076331927809E-02,0.883642277695));
#9741 = CARTESIAN_POINT('',(1.54235960866E-02,0.825845777756));
#9742 = CARTESIAN_POINT('',(0.,0.768213975802));
#9743 = ( GEOMETRIC_REPRESENTATION_CONTEXT(2) 
PARAMETRIC_REPRESENTATION_CONTEXT() REPRESENTATION_CONTEXT('2D SPACE',''
  ) );
#9744 = PCURVE('',#3004,#9745);
#9745 = DEFINITIONAL_REPRESENTATION('',(#9746),#9752);
#9746 = B_SPLINE_CURVE_WITH_KNOTS('',4,(#9747,#9748,#9749,#9750,#9751),
  .UNSPECIFIED.,.F.,.F.,(5,5),(0.,1.),.PIECEWISE_BEZIER_KNOTS.);
#9747 = CARTESIAN_POINT('',(5.341661528722,0.500049010231));
#9748 = CARTESIAN_POINT('',(5.348724369696,0.378281132481));
#9749 = CARTESIAN_POINT('',(5.355783828455,0.256106838637));
#9750 = CARTESIAN_POINT('',(5.362816163162,0.133388920689));
#9751 = CARTESIAN_POINT('',(5.369794635001,9.999999999997E-03));
#9752 = ( GEOMETRIC_REPRESENTATION_CONTEXT(2) 
PARAMETRIC_REPRESENTATION_CONTEXT() REPRESENTATION_CONTEXT('2D SPACE',''
  ) );
#9753 = ADVANCED_FACE('',(#9754),#1216,.T.);
#9754 = FACE_BOUND('',#9755,.T.);
#9755 = EDGE_LOOP('',(#9756,#9757,#9758,#9787));
#9756 = ORIENTED_EDGE('',*,*,#9552,.T.);
#9757 = ORIENTED_EDGE('',*,*,#1199,.T.);
#9758 = ORIENTED_EDGE('',*,*,#9759,.F.);
#9759 = EDGE_CURVE('',#9760,#1200,#9762,.T.);
#9760 = VERTEX_POINT('',#9761);
#9761 = CARTESIAN_POINT('',(-12.35972166958,16.977612867609,
    0.490049010231));
#9762 = SURFACE_CURVE('',#9763,(#9769,#9778),.PCURVE_S1.);
#9763 = B_SPLINE_CURVE_WITH_KNOTS('',4,(#9764,#9765,#9766,#9767,#9768),
  .UNSPECIFIED.,.F.,.F.,(5,5),(0.,1.),.PIECEWISE_BEZIER_KNOTS.);
#9764 = CARTESIAN_POINT('',(-12.35972166958,16.977612867609,
    0.490049010231));
#9765 = CARTESIAN_POINT('',(-12.40796453676,16.791874163582,
    0.368281132481));
#9766 = CARTESIAN_POINT('',(-12.45323481012,16.606069154914,
    0.246106838637));
#9767 = CARTESIAN_POINT('',(-12.49504988783,16.420443124599,
    0.123388920689));
#9768 = CARTESIAN_POINT('',(-12.53294885678,16.235310066437,
    -8.881784197001E-16));
#9769 = PCURVE('',#1216,#9770);
#9770 = DEFINITIONAL_REPRESENTATION('',(#9771),#9777);
#9771 = B_SPLINE_CURVE_WITH_KNOTS('',4,(#9772,#9773,#9774,#9775,#9776),
  .UNSPECIFIED.,.F.,.F.,(5,5),(0.,1.),.PIECEWISE_BEZIER_KNOTS.);
#9772 = CARTESIAN_POINT('',(2.200068875133,0.500049010231));
#9773 = CARTESIAN_POINT('',(2.207131716106,0.378281132481));
#9774 = CARTESIAN_POINT('',(2.214191174866,0.256106838637));
#9775 = CARTESIAN_POINT('',(2.221223509572,0.133388920689));
#9776 = CARTESIAN_POINT('',(2.228201981411,9.999999999991E-03));
#9777 = ( GEOMETRIC_REPRESENTATION_CONTEXT(2) 
PARAMETRIC_REPRESENTATION_CONTEXT() REPRESENTATION_CONTEXT('2D SPACE',''
  ) );
#9778 = PCURVE('',#1246,#9779);
#9779 = DEFINITIONAL_REPRESENTATION('',(#9780),#9786);
#9780 = B_SPLINE_CURVE_WITH_KNOTS('',4,(#9781,#9782,#9783,#9784,#9785),
  .UNSPECIFIED.,.F.,.F.,(5,5),(0.,1.),.PIECEWISE_BEZIER_KNOTS.);
#9781 = CARTESIAN_POINT('',(6.125606412117E-02,1.));
#9782 = CARTESIAN_POINT('',(4.603509168317E-02,0.941664479136));
#9783 = CARTESIAN_POINT('',(3.076331927809E-02,0.883642277695));
#9784 = CARTESIAN_POINT('',(1.542359608659E-02,0.825845777756));
#9785 = CARTESIAN_POINT('',(0.,0.768213975802));
#9786 = ( GEOMETRIC_REPRESENTATION_CONTEXT(2) 
PARAMETRIC_REPRESENTATION_CONTEXT() REPRESENTATION_CONTEXT('2D SPACE',''
  ) );
#9787 = ORIENTED_EDGE('',*,*,#9788,.T.);
#9788 = EDGE_CURVE('',#9760,#9553,#9789,.T.);
#9789 = SURFACE_CURVE('',#9790,(#9796,#9805),.PCURVE_S1.);
#9790 = B_SPLINE_CURVE_WITH_KNOTS('',4,(#9791,#9792,#9793,#9794,#9795),
  .UNSPECIFIED.,.F.,.F.,(5,5),(0.,1.),.PIECEWISE_BEZIER_KNOTS.);
#9791 = CARTESIAN_POINT('',(-12.35972166976,16.977612864216,
    0.490049007589));
#9792 = CARTESIAN_POINT('',(-12.20598041106,17.089536776974,
    0.490049088273));
#9793 = CARTESIAN_POINT('',(-12.05088771897,17.199604080196,
    0.490048864155));
#9794 = CARTESIAN_POINT('',(-11.89447736363,17.307791114532,
    0.490049088273));
#9795 = CARTESIAN_POINT('',(-11.73678368871,17.41407381877,
    0.490049007589));
#9796 = PCURVE('',#1216,#9797);
#9797 = DEFINITIONAL_REPRESENTATION('',(#9798),#9804);
#9798 = B_SPLINE_CURVE_WITH_KNOTS('',4,(#9799,#9800,#9801,#9802,#9803),
  .UNSPECIFIED.,.F.,.F.,(5,5),(0.,1.),.PIECEWISE_BEZIER_KNOTS.);
#9799 = CARTESIAN_POINT('',(2.200068875234,0.500049007589));
#9800 = CARTESIAN_POINT('',(2.191013343846,0.500049088273));
#9801 = CARTESIAN_POINT('',(2.181957819327,0.500048864155));
#9802 = CARTESIAN_POINT('',(2.172902284881,0.500049088273));
#9803 = CARTESIAN_POINT('',(2.163846757067,0.500049007589));
#9804 = ( GEOMETRIC_REPRESENTATION_CONTEXT(2) 
PARAMETRIC_REPRESENTATION_CONTEXT() REPRESENTATION_CONTEXT('2D SPACE',''
  ) );
#9805 = PCURVE('',#9598,#9806);
#9806 = DEFINITIONAL_REPRESENTATION('',(#9807),#9813);
#9807 = B_SPLINE_CURVE_WITH_KNOTS('',4,(#9808,#9809,#9810,#9811,#9812),
  .UNSPECIFIED.,.F.,.F.,(5,5),(0.,1.),.PIECEWISE_BEZIER_KNOTS.);
#9808 = CARTESIAN_POINT('',(6.125605936233E-02,0.));
#9809 = CARTESIAN_POINT('',(6.125606944785E-02,0.249999970936));
#9810 = CARTESIAN_POINT('',(6.125604143309E-02,0.500000050941));
#9811 = CARTESIAN_POINT('',(6.125606944785E-02,0.749999971755));
#9812 = CARTESIAN_POINT('',(6.125605936233E-02,1.));
#9813 = ( GEOMETRIC_REPRESENTATION_CONTEXT(2) 
PARAMETRIC_REPRESENTATION_CONTEXT() REPRESENTATION_CONTEXT('2D SPACE',''
  ) );
#9814 = ADVANCED_FACE('',(#9815),#3004,.T.);
#9815 = FACE_BOUND('',#9816,.T.);
#9816 = EDGE_LOOP('',(#9817,#9846,#9847,#9848));
#9817 = ORIENTED_EDGE('',*,*,#9818,.T.);
#9818 = EDGE_CURVE('',#9819,#2946,#9821,.T.);
#9819 = VERTEX_POINT('',#9820);
#9820 = CARTESIAN_POINT('',(11.736783688416,-17.41407382215,
    0.490049010231));
#9821 = SURFACE_CURVE('',#9822,(#9828,#9837),.PCURVE_S1.);
#9822 = B_SPLINE_CURVE_WITH_KNOTS('',4,(#9823,#9824,#9825,#9826,#9827),
  .UNSPECIFIED.,.F.,.F.,(5,5),(0.,1.),.PIECEWISE_BEZIER_KNOTS.);
#9823 = CARTESIAN_POINT('',(11.736783688416,-17.41407382215,
    0.490049010231));
#9824 = CARTESIAN_POINT('',(11.693958187256,-17.29521275942,
    0.367549821625));
#9825 = CARTESIAN_POINT('',(11.651161797969,-17.17621384426,
    0.245013308838));
#9826 = CARTESIAN_POINT('',(11.608950430941,-17.05674935821,
    0.122481298081));
#9827 = CARTESIAN_POINT('',(11.56780324638,-16.93652939811,
    -4.440892098501E-16));
#9828 = PCURVE('',#3004,#9829);
#9829 = DEFINITIONAL_REPRESENTATION('',(#9830),#9836);
#9830 = B_SPLINE_CURVE_WITH_KNOTS('',4,(#9831,#9832,#9833,#9834,#9835),
  .UNSPECIFIED.,.F.,.F.,(5,5),(0.,1.),.PIECEWISE_BEZIER_KNOTS.);
#9831 = CARTESIAN_POINT('',(5.305439410555,0.500049010231));
#9832 = CARTESIAN_POINT('',(5.306911694258,0.377549821625));
#9833 = CARTESIAN_POINT('',(5.308411695846,0.255013308838));
#9834 = CARTESIAN_POINT('',(5.309971097567,0.132481298081));
#9835 = CARTESIAN_POINT('',(5.311620387205,9.999999999997E-03));
#9836 = ( GEOMETRIC_REPRESENTATION_CONTEXT(2) 
PARAMETRIC_REPRESENTATION_CONTEXT() REPRESENTATION_CONTEXT('2D SPACE',''
  ) );
#9837 = PCURVE('',#2963,#9838);
#9838 = DEFINITIONAL_REPRESENTATION('',(#9839),#9845);
#9839 = B_SPLINE_CURVE_WITH_KNOTS('',4,(#9840,#9841,#9842,#9843,#9844),
  .UNSPECIFIED.,.F.,.F.,(5,5),(0.,1.),.PIECEWISE_BEZIER_KNOTS.);
#9840 = CARTESIAN_POINT('',(6.125606412117E-02,0.));
#9841 = CARTESIAN_POINT('',(4.594367789993E-02,5.86858710587E-02));
#9842 = CARTESIAN_POINT('',(3.062662818737E-02,0.116875481688));
#9843 = CARTESIAN_POINT('',(1.531014340031E-02,0.174578149499));
#9844 = CARTESIAN_POINT('',(0.,0.231786024198));
#9845 = ( GEOMETRIC_REPRESENTATION_CONTEXT(2) 
PARAMETRIC_REPRESENTATION_CONTEXT() REPRESENTATION_CONTEXT('2D SPACE',''
  ) );
#9846 = ORIENTED_EDGE('',*,*,#2987,.T.);
#9847 = ORIENTED_EDGE('',*,*,#9727,.F.);
#9848 = ORIENTED_EDGE('',*,*,#9849,.T.);
#9849 = EDGE_CURVE('',#9687,#9819,#9850,.T.);
#9850 = SURFACE_CURVE('',#9851,(#9857,#9866),.PCURVE_S1.);
#9851 = B_SPLINE_CURVE_WITH_KNOTS('',4,(#9852,#9853,#9854,#9855,#9856),
  .UNSPECIFIED.,.F.,.F.,(5,5),(0.,1.),.PIECEWISE_BEZIER_KNOTS.);
#9852 = CARTESIAN_POINT('',(12.35972166976,-16.97761286421,
    0.490049007589));
#9853 = CARTESIAN_POINT('',(12.205980411061,-17.08953677697,
    0.490049088273));
#9854 = CARTESIAN_POINT('',(12.050887718976,-17.19960408019,
    0.490048864155));
#9855 = CARTESIAN_POINT('',(11.894477363631,-17.30779111453,
    0.490049088273));
#9856 = CARTESIAN_POINT('',(11.73678368871,-17.41407381877,
    0.490049007589));
#9857 = PCURVE('',#3004,#9858);
#9858 = DEFINITIONAL_REPRESENTATION('',(#9859),#9865);
#9859 = B_SPLINE_CURVE_WITH_KNOTS('',4,(#9860,#9861,#9862,#9863,#9864),
  .UNSPECIFIED.,.F.,.F.,(5,5),(0.,1.),.PIECEWISE_BEZIER_KNOTS.);
#9860 = CARTESIAN_POINT('',(5.341661528824,0.500049007589));
#9861 = CARTESIAN_POINT('',(5.332605997436,0.500049088273));
#9862 = CARTESIAN_POINT('',(5.323550472917,0.500048864155));
#9863 = CARTESIAN_POINT('',(5.314494938471,0.500049088273));
#9864 = CARTESIAN_POINT('',(5.305439410657,0.500049007589));
#9865 = ( GEOMETRIC_REPRESENTATION_CONTEXT(2) 
PARAMETRIC_REPRESENTATION_CONTEXT() REPRESENTATION_CONTEXT('2D SPACE',''
  ) );
#9866 = PCURVE('',#9703,#9867);
#9867 = DEFINITIONAL_REPRESENTATION('',(#9868),#9874);
#9868 = B_SPLINE_CURVE_WITH_KNOTS('',4,(#9869,#9870,#9871,#9872,#9873),
  .UNSPECIFIED.,.F.,.F.,(5,5),(0.,1.),.PIECEWISE_BEZIER_KNOTS.);
#9869 = CARTESIAN_POINT('',(6.125605936233E-02,0.));
#9870 = CARTESIAN_POINT('',(6.125606944785E-02,0.249999970936));
#9871 = CARTESIAN_POINT('',(6.125604143309E-02,0.500000050941));
#9872 = CARTESIAN_POINT('',(6.125606944785E-02,0.749999971755));
#9873 = CARTESIAN_POINT('',(6.125605936233E-02,1.));
#9874 = ( GEOMETRIC_REPRESENTATION_CONTEXT(2) 
PARAMETRIC_REPRESENTATION_CONTEXT() REPRESENTATION_CONTEXT('2D SPACE',''
  ) );
#9875 = ADVANCED_FACE('',(#9876),#1246,.T.);
#9876 = FACE_BOUND('',#9877,.T.);
#9877 = EDGE_LOOP('',(#9878,#9879,#9901,#9902,#9931,#9953));
#9878 = ORIENTED_EDGE('',*,*,#1228,.F.);
#9879 = ORIENTED_EDGE('',*,*,#9880,.T.);
#9880 = EDGE_CURVE('',#1229,#6850,#9881,.T.);
#9881 = SURFACE_CURVE('',#9882,(#9887,#9894),.PCURVE_S1.);
#9882 = B_SPLINE_CURVE_WITH_KNOTS('',3,(#9883,#9884,#9885,#9886),
  .UNSPECIFIED.,.F.,.F.,(4,4),(0.,1.),.PIECEWISE_BEZIER_KNOTS.);
#9883 = CARTESIAN_POINT('',(-11.85383561995,14.584082752055,0.));
#9884 = CARTESIAN_POINT('',(-10.49243615531,15.691063463381,
    2.666669690328));
#9885 = CARTESIAN_POINT('',(-8.974992428379,16.60572792731,
    5.333330309672));
#9886 = CARTESIAN_POINT('',(-7.360364015215,17.292597554657,8.));
#9887 = PCURVE('',#1246,#9888);
#9888 = DEFINITIONAL_REPRESENTATION('',(#9889),#9893);
#9889 = LINE('',#9890,#9891);
#9890 = CARTESIAN_POINT('',(0.,0.));
#9891 = VECTOR('',#9892,1.);
#9892 = DIRECTION('',(1.,0.));
#9893 = ( GEOMETRIC_REPRESENTATION_CONTEXT(2) 
PARAMETRIC_REPRESENTATION_CONTEXT() REPRESENTATION_CONTEXT('2D SPACE',''
  ) );
#9894 = PCURVE('',#1288,#9895);
#9895 = DEFINITIONAL_REPRESENTATION('',(#9896),#9900);
#9896 = LINE('',#9897,#9898);
#9897 = CARTESIAN_POINT('',(0.,1.));
#9898 = VECTOR('',#9899,1.);
#9899 = DIRECTION('',(1.,0.));
#9900 = ( GEOMETRIC_REPRESENTATION_CONTEXT(2) 
PARAMETRIC_REPRESENTATION_CONTEXT() REPRESENTATION_CONTEXT('2D SPACE',''
  ) );
#9901 = ORIENTED_EDGE('',*,*,#6874,.T.);
#9902 = ORIENTED_EDGE('',*,*,#9903,.T.);
#9903 = EDGE_CURVE('',#6875,#9904,#9906,.T.);
#9904 = VERTEX_POINT('',#9905);
#9905 = CARTESIAN_POINT('',(-7.85762761734,19.474592336152,
    7.509950989769));
#9906 = SURFACE_CURVE('',#9907,(#9913,#9922),.PCURVE_S1.);
#9907 = B_SPLINE_CURVE_WITH_KNOTS('',4,(#9908,#9909,#9910,#9911,#9912),
  .UNSPECIFIED.,.F.,.F.,(5,5),(0.,1.),.PIECEWISE_BEZIER_KNOTS.);
#9908 = CARTESIAN_POINT('',(-7.556556169884,19.067211617103,8.));
#9909 = CARTESIAN_POINT('',(-7.633129648685,19.168613944241,
    7.877518701917));
#9910 = CARTESIAN_POINT('',(-7.708481346471,19.270475048568,
    7.754986691164));
#9911 = CARTESIAN_POINT('',(-7.783119741896,19.37256022219,
    7.632450178374));
#9912 = CARTESIAN_POINT('',(-7.85762761734,19.474592336152,
    7.509950989769));
#9913 = PCURVE('',#1246,#9914);
#9914 = DEFINITIONAL_REPRESENTATION('',(#9915),#9921);
#9915 = B_SPLINE_CURVE_WITH_KNOTS('',4,(#9916,#9917,#9918,#9919,#9920),
  .UNSPECIFIED.,.F.,.F.,(5,5),(0.,1.),.PIECEWISE_BEZIER_KNOTS.);
#9916 = CARTESIAN_POINT('',(1.,0.768213975802));
#9917 = CARTESIAN_POINT('',(0.984689856599,0.825421850502));
#9918 = CARTESIAN_POINT('',(0.969373371813,0.883124518311));
#9919 = CARTESIAN_POINT('',(0.9540563221,0.941314128942));
#9920 = CARTESIAN_POINT('',(0.938743935879,1.));
#9921 = ( GEOMETRIC_REPRESENTATION_CONTEXT(2) 
PARAMETRIC_REPRESENTATION_CONTEXT() REPRESENTATION_CONTEXT('2D SPACE',''
  ) );
#9922 = PCURVE('',#6920,#9923);
#9923 = DEFINITIONAL_REPRESENTATION('',(#9924),#9930);
#9924 = B_SPLINE_CURVE_WITH_KNOTS('',4,(#9925,#9926,#9927,#9928,#9929),
  .UNSPECIFIED.,.F.,.F.,(5,5),(0.,1.),.PIECEWISE_BEZIER_KNOTS.);
#9925 = CARTESIAN_POINT('',(-1.948118966127,-0.5));
#9926 = CARTESIAN_POINT('',(-1.949768255764,-0.377518701917));
#9927 = CARTESIAN_POINT('',(-1.951327657486,-0.254986691164));
#9928 = CARTESIAN_POINT('',(-1.952827659074,-0.132450178374));
#9929 = CARTESIAN_POINT('',(-1.954299942777,-9.950989768975E-03));
#9930 = ( GEOMETRIC_REPRESENTATION_CONTEXT(2) 
PARAMETRIC_REPRESENTATION_CONTEXT() REPRESENTATION_CONTEXT('2D SPACE',''
  ) );
#9931 = ORIENTED_EDGE('',*,*,#9932,.F.);
#9932 = EDGE_CURVE('',#9760,#9904,#9933,.T.);
#9933 = SURFACE_CURVE('',#9934,(#9939,#9946),.PCURVE_S1.);
#9934 = B_SPLINE_CURVE_WITH_KNOTS('',3,(#9935,#9936,#9937,#9938),
  .UNSPECIFIED.,.F.,.F.,(4,4),(0.,1.),.PIECEWISE_BEZIER_KNOTS.);
#9935 = CARTESIAN_POINT('',(-12.64914438185,16.763029153679,0.));
#9936 = CARTESIAN_POINT('',(-11.08432585301,17.944302626261,
    2.666669951599));
#9937 = CARTESIAN_POINT('',(-9.353007425811,18.9045372451,5.333330048401
    ));
#9938 = CARTESIAN_POINT('',(-7.5223435923,19.60648736718,8.));
#9939 = PCURVE('',#1246,#9940);
#9940 = DEFINITIONAL_REPRESENTATION('',(#9941),#9945);
#9941 = LINE('',#9942,#9943);
#9942 = CARTESIAN_POINT('',(0.,1.));
#9943 = VECTOR('',#9944,1.);
#9944 = DIRECTION('',(1.,0.));
#9945 = ( GEOMETRIC_REPRESENTATION_CONTEXT(2) 
PARAMETRIC_REPRESENTATION_CONTEXT() REPRESENTATION_CONTEXT('2D SPACE',''
  ) );
#9946 = PCURVE('',#9598,#9947);
#9947 = DEFINITIONAL_REPRESENTATION('',(#9948),#9952);
#9948 = LINE('',#9949,#9950);
#9949 = CARTESIAN_POINT('',(0.,0.));
#9950 = VECTOR('',#9951,1.);
#9951 = DIRECTION('',(1.,0.));
#9952 = ( GEOMETRIC_REPRESENTATION_CONTEXT(2) 
PARAMETRIC_REPRESENTATION_CONTEXT() REPRESENTATION_CONTEXT('2D SPACE',''
  ) );
#9953 = ORIENTED_EDGE('',*,*,#9759,.T.);
#9954 = ADVANCED_FACE('',(#9955),#2963,.T.);
#9955 = FACE_BOUND('',#9956,.T.);
#9956 = EDGE_LOOP('',(#9957,#9958,#9959,#9983,#10010,#10011));
#9957 = ORIENTED_EDGE('',*,*,#2945,.F.);
#9958 = ORIENTED_EDGE('',*,*,#9818,.F.);
#9959 = ORIENTED_EDGE('',*,*,#9960,.T.);
#9960 = EDGE_CURVE('',#9819,#9961,#9963,.T.);
#9961 = VERTEX_POINT('',#9962);
#9962 = CARTESIAN_POINT('',(7.147216672614,-19.7463756742,7.509950989769
    ));
#9963 = SURFACE_CURVE('',#9964,(#9969,#9976),.PCURVE_S1.);
#9964 = B_SPLINE_CURVE_WITH_KNOTS('',3,(#9965,#9966,#9967,#9968),
  .UNSPECIFIED.,.F.,.F.,(4,4),(0.,1.),.PIECEWISE_BEZIER_KNOTS.);
#9965 = CARTESIAN_POINT('',(12.033787531157,-17.2101120756,0.));
#9966 = CARTESIAN_POINT('',(10.427216572512,-18.33394204497,
    2.666669951599));
#9967 = CARTESIAN_POINT('',(8.662259675759,-19.23084849059,
    5.333330048401));
#9968 = CARTESIAN_POINT('',(6.807376104109,-19.86604214676,8.));
#9969 = PCURVE('',#2963,#9970);
#9970 = DEFINITIONAL_REPRESENTATION('',(#9971),#9975);
#9971 = LINE('',#9972,#9973);
#9972 = CARTESIAN_POINT('',(0.,0.));
#9973 = VECTOR('',#9974,1.);
#9974 = DIRECTION('',(1.,0.));
#9975 = ( GEOMETRIC_REPRESENTATION_CONTEXT(2) 
PARAMETRIC_REPRESENTATION_CONTEXT() REPRESENTATION_CONTEXT('2D SPACE',''
  ) );
#9976 = PCURVE('',#9703,#9977);
#9977 = DEFINITIONAL_REPRESENTATION('',(#9978),#9982);
#9978 = LINE('',#9979,#9980);
#9979 = CARTESIAN_POINT('',(0.,1.));
#9980 = VECTOR('',#9981,1.);
#9981 = DIRECTION('',(1.,0.));
#9982 = ( GEOMETRIC_REPRESENTATION_CONTEXT(2) 
PARAMETRIC_REPRESENTATION_CONTEXT() REPRESENTATION_CONTEXT('2D SPACE',''
  ) );
#9983 = ORIENTED_EDGE('',*,*,#9984,.T.);
#9984 = EDGE_CURVE('',#9961,#5657,#9985,.T.);
#9985 = SURFACE_CURVE('',#9986,(#9992,#10001),.PCURVE_S1.);
#9986 = B_SPLINE_CURVE_WITH_KNOTS('',4,(#9987,#9988,#9989,#9990,#9991),
  .UNSPECIFIED.,.F.,.F.,(5,5),(0.,1.),.PIECEWISE_BEZIER_KNOTS.);
#9987 = CARTESIAN_POINT('',(7.147216672614,-19.7463756742,7.509950989769
    ));
#9988 = CARTESIAN_POINT('',(6.96630833405,-19.68235682194,7.631718867519
    ));
#9989 = CARTESIAN_POINT('',(6.787009356322,-19.61583783607,
    7.753893161363));
#9990 = CARTESIAN_POINT('',(6.609793173916,-19.54655617508,
    7.876611079311));
#9991 = CARTESIAN_POINT('',(6.435178010159,-19.47430573801,8.));
#9992 = PCURVE('',#2963,#9993);
#9993 = DEFINITIONAL_REPRESENTATION('',(#9994),#10000);
#9994 = B_SPLINE_CURVE_WITH_KNOTS('',4,(#9995,#9996,#9997,#9998,#9999),
  .UNSPECIFIED.,.F.,.F.,(5,5),(0.,1.),.PIECEWISE_BEZIER_KNOTS.);
#9995 = CARTESIAN_POINT('',(0.938743935879,0.));
#9996 = CARTESIAN_POINT('',(0.953964908317,5.833552086386E-02));
#9997 = CARTESIAN_POINT('',(0.969236680722,0.116357722305));
#9998 = CARTESIAN_POINT('',(0.984576403913,0.174154222244));
#9999 = CARTESIAN_POINT('',(1.,0.231786024198));
#10000 = ( GEOMETRIC_REPRESENTATION_CONTEXT(2) 
PARAMETRIC_REPRESENTATION_CONTEXT() REPRESENTATION_CONTEXT('2D SPACE',''
  ) );
#10001 = PCURVE('',#5677,#10002);
#10002 = DEFINITIONAL_REPRESENTATION('',(#10003),#10009);
#10003 = B_SPLINE_CURVE_WITH_KNOTS('',4,(#10004,#10005,#10006,#10007,
    #10008),.UNSPECIFIED.,.F.,.F.,(5,5),(0.,1.),
  .PIECEWISE_BEZIER_KNOTS.);
#10004 = CARTESIAN_POINT('',(-5.059670478199,-9.950989768972E-03));
#10005 = CARTESIAN_POINT('',(-5.052607637226,-0.131718867519));
#10006 = CARTESIAN_POINT('',(-5.045548178466,-0.253893161363));
#10007 = CARTESIAN_POINT('',(-5.03851584376,-0.376611079311));
#10008 = CARTESIAN_POINT('',(-5.031537371921,-0.5));
#10009 = ( GEOMETRIC_REPRESENTATION_CONTEXT(2) 
PARAMETRIC_REPRESENTATION_CONTEXT() REPRESENTATION_CONTEXT('2D SPACE',''
  ) );
#10010 = ORIENTED_EDGE('',*,*,#5689,.T.);
#10011 = ORIENTED_EDGE('',*,*,#10012,.F.);
#10012 = EDGE_CURVE('',#2904,#5690,#10013,.T.);
#10013 = SURFACE_CURVE('',#10014,(#10019,#10026),.PCURVE_S1.);
#10014 = B_SPLINE_CURVE_WITH_KNOTS('',3,(#10015,#10016,#10017,#10018),
  .UNSPECIFIED.,.F.,.F.,(4,4),(0.,1.),.PIECEWISE_BEZIER_KNOTS.);
#10015 = CARTESIAN_POINT('',(10.207250280436,-15.7803970272,0.));
#10016 = CARTESIAN_POINT('',(8.734128758608,-16.73366917066,
    2.666669690328));
#10017 = CARTESIAN_POINT('',(7.126674460626,-17.47887868879,
    5.333330309672));
#10018 = CARTESIAN_POINT('',(5.447238350064,-17.98711991902,8.));
#10019 = PCURVE('',#2963,#10020);
#10020 = DEFINITIONAL_REPRESENTATION('',(#10021),#10025);
#10021 = LINE('',#10022,#10023);
#10022 = CARTESIAN_POINT('',(0.,1.));
#10023 = VECTOR('',#10024,1.);
#10024 = DIRECTION('',(1.,0.));
#10025 = ( GEOMETRIC_REPRESENTATION_CONTEXT(2) 
PARAMETRIC_REPRESENTATION_CONTEXT() REPRESENTATION_CONTEXT('2D SPACE',''
  ) );
#10026 = PCURVE('',#2921,#10027);
#10027 = DEFINITIONAL_REPRESENTATION('',(#10028),#10032);
#10028 = LINE('',#10029,#10030);
#10029 = CARTESIAN_POINT('',(0.,0.));
#10030 = VECTOR('',#10031,1.);
#10031 = DIRECTION('',(1.,0.));
#10032 = ( GEOMETRIC_REPRESENTATION_CONTEXT(2) 
PARAMETRIC_REPRESENTATION_CONTEXT() REPRESENTATION_CONTEXT('2D SPACE',''
  ) );
#10033 = ADVANCED_FACE('',(#10034),#1288,.T.);
#10034 = FACE_BOUND('',#10035,.T.);
#10035 = EDGE_LOOP('',(#10036,#10037,#10059,#10060));
#10036 = ORIENTED_EDGE('',*,*,#1270,.F.);
#10037 = ORIENTED_EDGE('',*,*,#10038,.T.);
#10038 = EDGE_CURVE('',#1271,#6825,#10039,.T.);
#10039 = SURFACE_CURVE('',#10040,(#10045,#10052),.PCURVE_S1.);
#10040 = B_SPLINE_CURVE_WITH_KNOTS('',3,(#10041,#10042,#10043,#10044),
  .UNSPECIFIED.,.F.,.F.,(4,4),(0.,1.),.PIECEWISE_BEZIER_KNOTS.);
#10041 = CARTESIAN_POINT('',(-12.55018005859,13.989348416585,0.));
#10042 = CARTESIAN_POINT('',(-11.244319725,15.161331175299,
    2.666669690328));
#10043 = CARTESIAN_POINT('',(-9.773232309162,16.148827180834,
    5.333330309672));
#10044 = CARTESIAN_POINT('',(-8.193979288948,16.913532807669,8.));
#10045 = PCURVE('',#1288,#10046);
#10046 = DEFINITIONAL_REPRESENTATION('',(#10047),#10051);
#10047 = LINE('',#10048,#10049);
#10048 = CARTESIAN_POINT('',(0.,0.));
#10049 = VECTOR('',#10050,1.);
#10050 = DIRECTION('',(1.,0.));
#10051 = ( GEOMETRIC_REPRESENTATION_CONTEXT(2) 
PARAMETRIC_REPRESENTATION_CONTEXT() REPRESENTATION_CONTEXT('2D SPACE',''
  ) );
#10052 = PCURVE('',#1330,#10053);
#10053 = DEFINITIONAL_REPRESENTATION('',(#10054),#10058);
#10054 = LINE('',#10055,#10056);
#10055 = CARTESIAN_POINT('',(0.,1.));
#10056 = VECTOR('',#10057,1.);
#10057 = DIRECTION('',(1.,0.));
#10058 = ( GEOMETRIC_REPRESENTATION_CONTEXT(2) 
PARAMETRIC_REPRESENTATION_CONTEXT() REPRESENTATION_CONTEXT('2D SPACE',''
  ) );
#10059 = ORIENTED_EDGE('',*,*,#6849,.T.);
#10060 = ORIENTED_EDGE('',*,*,#9880,.F.);
#10061 = ADVANCED_FACE('',(#10062),#2921,.T.);
#10062 = FACE_BOUND('',#10063,.T.);
#10063 = EDGE_LOOP('',(#10064,#10065,#10066,#10067));
#10064 = ORIENTED_EDGE('',*,*,#2903,.F.);
#10065 = ORIENTED_EDGE('',*,*,#10012,.T.);
#10066 = ORIENTED_EDGE('',*,*,#5714,.T.);
#10067 = ORIENTED_EDGE('',*,*,#10068,.F.);
#10068 = EDGE_CURVE('',#2862,#5715,#10069,.T.);
#10069 = SURFACE_CURVE('',#10070,(#10075,#10082),.PCURVE_S1.);
#10070 = B_SPLINE_CURVE_WITH_KNOTS('',3,(#10071,#10072,#10073,#10074),
  .UNSPECIFIED.,.F.,.F.,(4,4),(0.,1.),.PIECEWISE_BEZIER_KNOTS.);
#10071 = CARTESIAN_POINT('',(9.426442049744,-16.25887692636,0.));
#10072 = CARTESIAN_POINT('',(7.908633736241,-17.13925907124,
    2.666669690328));
#10073 = CARTESIAN_POINT('',(6.266787213527,-17.80528200017,
    5.333330309672));
#10074 = CARTESIAN_POINT('',(4.564587472745,-18.23111159056,8.));
#10075 = PCURVE('',#2921,#10076);
#10076 = DEFINITIONAL_REPRESENTATION('',(#10077),#10081);
#10077 = LINE('',#10078,#10079);
#10078 = CARTESIAN_POINT('',(0.,1.));
#10079 = VECTOR('',#10080,1.);
#10080 = DIRECTION('',(1.,0.));
#10081 = ( GEOMETRIC_REPRESENTATION_CONTEXT(2) 
PARAMETRIC_REPRESENTATION_CONTEXT() REPRESENTATION_CONTEXT('2D SPACE',''
  ) );
#10082 = PCURVE('',#2879,#10083);
#10083 = DEFINITIONAL_REPRESENTATION('',(#10084),#10088);
#10084 = LINE('',#10085,#10086);
#10085 = CARTESIAN_POINT('',(0.,0.));
#10086 = VECTOR('',#10087,1.);
#10087 = DIRECTION('',(1.,0.));
#10088 = ( GEOMETRIC_REPRESENTATION_CONTEXT(2) 
PARAMETRIC_REPRESENTATION_CONTEXT() REPRESENTATION_CONTEXT('2D SPACE',''
  ) );
#10089 = ADVANCED_FACE('',(#10090),#1330,.T.);
#10090 = FACE_BOUND('',#10091,.T.);
#10091 = EDGE_LOOP('',(#10092,#10093,#10122,#10163,#10190,#10191));
#10092 = ORIENTED_EDGE('',*,*,#1312,.F.);
#10093 = ORIENTED_EDGE('',*,*,#10094,.F.);
#10094 = EDGE_CURVE('',#10095,#1313,#10097,.T.);
#10095 = VERTEX_POINT('',#10096);
#10096 = CARTESIAN_POINT('',(-14.31644572767,15.363640198814,
    0.490049010231));
#10097 = SURFACE_CURVE('',#10098,(#10104,#10113),.PCURVE_S1.);
#10098 = B_SPLINE_CURVE_WITH_KNOTS('',4,(#10099,#10100,#10101,#10102,
    #10103),.UNSPECIFIED.,.F.,.F.,(5,5),(0.,1.),
  .PIECEWISE_BEZIER_KNOTS.);
#10099 = CARTESIAN_POINT('',(-14.31644572767,15.363640198814,
    0.490049010231));
#10100 = CARTESIAN_POINT('',(-14.25555351273,15.252941897368,
    0.367549821625));
#10101 = CARTESIAN_POINT('',(-14.19466848638,15.14210288659,
    0.245013308838));
#10102 = CARTESIAN_POINT('',(-14.13428844836,15.030712519216,
    0.122481298081));
#10103 = CARTESIAN_POINT('',(-14.07484130878,14.918409504122,
    -4.440892098501E-16));
#10104 = PCURVE('',#1330,#10105);
#10105 = DEFINITIONAL_REPRESENTATION('',(#10106),#10112);
#10106 = B_SPLINE_CURVE_WITH_KNOTS('',4,(#10107,#10108,#10109,#10110,
    #10111),.UNSPECIFIED.,.F.,.F.,(5,5),(0.,1.),
  .PIECEWISE_BEZIER_KNOTS.);
#10107 = CARTESIAN_POINT('',(6.125606412117E-02,0.));
#10108 = CARTESIAN_POINT('',(4.594367789993E-02,5.86858710587E-02));
#10109 = CARTESIAN_POINT('',(3.062662818737E-02,0.116875481688));
#10110 = CARTESIAN_POINT('',(1.531014340031E-02,0.174578149499));
#10111 = CARTESIAN_POINT('',(0.,0.231786024198));
#10112 = ( GEOMETRIC_REPRESENTATION_CONTEXT(2) 
PARAMETRIC_REPRESENTATION_CONTEXT() REPRESENTATION_CONTEXT('2D SPACE',''
  ) );
#10113 = PCURVE('',#1371,#10114);
#10114 = DEFINITIONAL_REPRESENTATION('',(#10115),#10121);
#10115 = B_SPLINE_CURVE_WITH_KNOTS('',4,(#10116,#10117,#10118,#10119,
    #10120),.UNSPECIFIED.,.F.,.F.,(5,5),(0.,1.),
  .PIECEWISE_BEZIER_KNOTS.);
#10116 = CARTESIAN_POINT('',(2.320926389645,0.500049010231));
#10117 = CARTESIAN_POINT('',(2.322398673348,0.377549821625));
#10118 = CARTESIAN_POINT('',(2.323898674935,0.255013308838));
#10119 = CARTESIAN_POINT('',(2.325458076657,0.132481298081));
#10120 = CARTESIAN_POINT('',(2.327107366294,9.999999999997E-03));
#10121 = ( GEOMETRIC_REPRESENTATION_CONTEXT(2) 
PARAMETRIC_REPRESENTATION_CONTEXT() REPRESENTATION_CONTEXT('2D SPACE',''
  ) );
#10122 = ORIENTED_EDGE('',*,*,#10123,.T.);
#10123 = EDGE_CURVE('',#10095,#10124,#10126,.T.);
#10124 = VERTEX_POINT('',#10125);
#10125 = CARTESIAN_POINT('',(-10.14823629032,18.385194005716,
    7.509950989769));
#10126 = SURFACE_CURVE('',#10127,(#10132,#10139),.PCURVE_S1.);
#10127 = B_SPLINE_CURVE_WITH_KNOTS('',3,(#10128,#10129,#10130,#10131),
  .UNSPECIFIED.,.F.,.F.,(4,4),(0.,1.),.PIECEWISE_BEZIER_KNOTS.);
#10128 = CARTESIAN_POINT('',(-14.57788631355,15.115727922569,0.));
#10129 = CARTESIAN_POINT('',(-13.16690064941,16.477044748592,
    2.666669951599));
#10130 = CARTESIAN_POINT('',(-11.56398038085,17.6390088755,
    5.333330048401));
#10131 = CARTESIAN_POINT('',(-9.831299683771,18.556549962961,8.));
#10132 = PCURVE('',#1330,#10133);
#10133 = DEFINITIONAL_REPRESENTATION('',(#10134),#10138);
#10134 = LINE('',#10135,#10136);
#10135 = CARTESIAN_POINT('',(0.,0.));
#10136 = VECTOR('',#10137,1.);
#10137 = DIRECTION('',(1.,0.));
#10138 = ( GEOMETRIC_REPRESENTATION_CONTEXT(2) 
PARAMETRIC_REPRESENTATION_CONTEXT() REPRESENTATION_CONTEXT('2D SPACE',''
  ) );
#10139 = PCURVE('',#10140,#10157);
#10140 = B_SPLINE_SURFACE_WITH_KNOTS('',3,3,(
    (#10141,#10142,#10143,#10144)
    ,(#10145,#10146,#10147,#10148)
    ,(#10149,#10150,#10151,#10152)
    ,(#10153,#10154,#10155,#10156
    )),.UNSPECIFIED.,.F.,.F.,.F.,(4,4),(4,4),(0.,1.),(0.,1.),
  .PIECEWISE_BEZIER_KNOTS.);
#10141 = CARTESIAN_POINT('',(-15.11572792256,14.577886313553,0.));
#10142 = CARTESIAN_POINT('',(-14.93971402499,14.760394284056,0.));
#10143 = CARTESIAN_POINT('',(-14.76039428405,14.939714024996,0.));
#10144 = CARTESIAN_POINT('',(-14.57788631355,15.115727922569,0.));
#10145 = CARTESIAN_POINT('',(-13.75496665696,15.989408007141,
    2.666670185642));
#10146 = CARTESIAN_POINT('',(-13.56190998375,16.15548609962,
    2.666670185642));
#10147 = CARTESIAN_POINT('',(-13.36584506994,16.318067259597,
    2.666670185642));
#10148 = CARTESIAN_POINT('',(-13.1669005123,16.477044851915,
    2.666670185642));
#10149 = CARTESIAN_POINT('',(-12.19517769194,17.208658204955,
    5.333329814358));
#10150 = CARTESIAN_POINT('',(-11.9873997357,17.355903350122,
    5.333329814358));
#10151 = CARTESIAN_POINT('',(-11.77695466944,17.49938491023,
    5.333329814358));
#10152 = CARTESIAN_POINT('',(-11.56398052169,17.639008777333,
    5.333329814358));
#10153 = CARTESIAN_POINT('',(-10.49686142266,18.188345176879,8.));
#10154 = CARTESIAN_POINT('',(-10.27725467855,18.315084789367,8.));
#10155 = CARTESIAN_POINT('',(-10.05535225114,18.437846557416,8.));
#10156 = CARTESIAN_POINT('',(-9.831299683771,18.556549962961,8.));
#10157 = DEFINITIONAL_REPRESENTATION('',(#10158),#10162);
#10158 = LINE('',#10159,#10160);
#10159 = CARTESIAN_POINT('',(0.,1.));
#10160 = VECTOR('',#10161,1.);
#10161 = DIRECTION('',(1.,0.));
#10162 = ( GEOMETRIC_REPRESENTATION_CONTEXT(2) 
PARAMETRIC_REPRESENTATION_CONTEXT() REPRESENTATION_CONTEXT('2D SPACE',''
  ) );
#10163 = ORIENTED_EDGE('',*,*,#10164,.T.);
#10164 = EDGE_CURVE('',#10124,#6792,#10165,.T.);
#10165 = SURFACE_CURVE('',#10166,(#10172,#10181),.PCURVE_S1.);
#10166 = B_SPLINE_CURVE_WITH_KNOTS('',4,(#10167,#10168,#10169,#10170,
    #10171),.UNSPECIFIED.,.F.,.F.,(5,5),(0.,1.),
  .PIECEWISE_BEZIER_KNOTS.);
#10167 = CARTESIAN_POINT('',(-10.14823629032,18.385194005716,
    7.509950989769));
#10168 = CARTESIAN_POINT('',(-9.959540478703,18.350263630922,
    7.631718867519));
#10169 = CARTESIAN_POINT('',(-9.772043106951,18.312612143812,
    7.753893161363));
#10170 = CARTESIAN_POINT('',(-9.586170710251,18.271906173732,
    7.876611079311));
#10171 = CARTESIAN_POINT('',(-9.402402890444,18.227861089161,8.));
#10172 = PCURVE('',#1330,#10173);
#10173 = DEFINITIONAL_REPRESENTATION('',(#10174),#10180);
#10174 = B_SPLINE_CURVE_WITH_KNOTS('',4,(#10175,#10176,#10177,#10178,
    #10179),.UNSPECIFIED.,.F.,.F.,(5,5),(0.,1.),
  .PIECEWISE_BEZIER_KNOTS.);
#10175 = CARTESIAN_POINT('',(0.938743935879,0.));
#10176 = CARTESIAN_POINT('',(0.953964908317,5.833552086386E-02));
#10177 = CARTESIAN_POINT('',(0.969236680722,0.116357722305));
#10178 = CARTESIAN_POINT('',(0.984576403913,0.174154222244));
#10179 = CARTESIAN_POINT('',(1.,0.231786024198));
#10180 = ( GEOMETRIC_REPRESENTATION_CONTEXT(2) 
PARAMETRIC_REPRESENTATION_CONTEXT() REPRESENTATION_CONTEXT('2D SPACE',''
  ) );
#10181 = PCURVE('',#6812,#10182);
#10182 = DEFINITIONAL_REPRESENTATION('',(#10183),#10189);
#10183 = B_SPLINE_CURVE_WITH_KNOTS('',4,(#10184,#10185,#10186,#10187,
    #10188),.UNSPECIFIED.,.F.,.F.,(5,5),(0.,1.),
  .PIECEWISE_BEZIER_KNOTS.);
#10184 = CARTESIAN_POINT('',(-2.075157457289,-9.950989768975E-03));
#10185 = CARTESIAN_POINT('',(-2.068094616315,-0.131718867519));
#10186 = CARTESIAN_POINT('',(-2.061035157556,-0.253893161363));
#10187 = CARTESIAN_POINT('',(-2.054002822849,-0.376611079311));
#10188 = CARTESIAN_POINT('',(-2.04702435101,-0.5));
#10189 = ( GEOMETRIC_REPRESENTATION_CONTEXT(2) 
PARAMETRIC_REPRESENTATION_CONTEXT() REPRESENTATION_CONTEXT('2D SPACE',''
  ) );
#10190 = ORIENTED_EDGE('',*,*,#6824,.T.);
#10191 = ORIENTED_EDGE('',*,*,#10038,.F.);
#10192 = ADVANCED_FACE('',(#10193),#2879,.T.);
#10193 = FACE_BOUND('',#10194,.T.);
#10194 = EDGE_LOOP('',(#10195,#10196,#10197,#10198,#10227,#10268));
#10195 = ORIENTED_EDGE('',*,*,#2861,.F.);
#10196 = ORIENTED_EDGE('',*,*,#10068,.T.);
#10197 = ORIENTED_EDGE('',*,*,#5739,.T.);
#10198 = ORIENTED_EDGE('',*,*,#10199,.T.);
#10199 = EDGE_CURVE('',#5740,#10200,#10202,.T.);
#10200 = VERTEX_POINT('',#10201);
#10201 = CARTESIAN_POINT('',(4.714389748403,-20.46403156106,
    7.509950989769));
#10202 = SURFACE_CURVE('',#10203,(#10209,#10218),.PCURVE_S1.);
#10203 = B_SPLINE_CURVE_WITH_KNOTS('',4,(#10204,#10205,#10206,#10207,
    #10208),.UNSPECIFIED.,.F.,.F.,(5,5),(0.,1.),
  .PIECEWISE_BEZIER_KNOTS.);
#10204 = CARTESIAN_POINT('',(4.480753374916,-20.01456842385,8.));
#10205 = CARTESIAN_POINT('',(4.540521288327,-20.12670105127,
    7.877518701917));
#10206 = CARTESIAN_POINT('',(4.59901069431,-20.2390956789,7.754986691164
    ));
#10207 = CARTESIAN_POINT('',(4.656760527709,-20.3516000321,
    7.632450178374));
#10208 = CARTESIAN_POINT('',(4.714389748403,-20.46403156106,
    7.509950989769));
#10209 = PCURVE('',#2879,#10210);
#10210 = DEFINITIONAL_REPRESENTATION('',(#10211),#10217);
#10211 = B_SPLINE_CURVE_WITH_KNOTS('',4,(#10212,#10213,#10214,#10215,
    #10216),.UNSPECIFIED.,.F.,.F.,(5,5),(0.,1.),
  .PIECEWISE_BEZIER_KNOTS.);
#10212 = CARTESIAN_POINT('',(1.,0.768213975802));
#10213 = CARTESIAN_POINT('',(0.984689856599,0.825421850502));
#10214 = CARTESIAN_POINT('',(0.969373371813,0.883124518311));
#10215 = CARTESIAN_POINT('',(0.9540563221,0.941314128942));
#10216 = CARTESIAN_POINT('',(0.938743935879,1.));
#10217 = ( GEOMETRIC_REPRESENTATION_CONTEXT(2) 
PARAMETRIC_REPRESENTATION_CONTEXT() REPRESENTATION_CONTEXT('2D SPACE',''
  ) );
#10218 = PCURVE('',#5785,#10219);
#10219 = DEFINITIONAL_REPRESENTATION('',(#10220),#10226);
#10220 = B_SPLINE_CURVE_WITH_KNOTS('',4,(#10221,#10222,#10223,#10224,
    #10225),.UNSPECIFIED.,.F.,.F.,(5,5),(0.,1.),
  .PIECEWISE_BEZIER_KNOTS.);
#10221 = CARTESIAN_POINT('',(-4.932631987037,-0.5));
#10222 = CARTESIAN_POINT('',(-4.934281276675,-0.377518701917));
#10223 = CARTESIAN_POINT('',(-4.935840678396,-0.254986691164));
#10224 = CARTESIAN_POINT('',(-4.937340679984,-0.132450178374));
#10225 = CARTESIAN_POINT('',(-4.938812963687,-9.950989768975E-03));
#10226 = ( GEOMETRIC_REPRESENTATION_CONTEXT(2) 
PARAMETRIC_REPRESENTATION_CONTEXT() REPRESENTATION_CONTEXT('2D SPACE',''
  ) );
#10227 = ORIENTED_EDGE('',*,*,#10228,.F.);
#10228 = EDGE_CURVE('',#10229,#10200,#10231,.T.);
#10229 = VERTEX_POINT('',#10230);
#10230 = CARTESIAN_POINT('',(9.55166919945,-18.7020767279,0.490049010231
    ));
#10231 = SURFACE_CURVE('',#10232,(#10237,#10244),.PCURVE_S1.);
#10232 = B_SPLINE_CURVE_WITH_KNOTS('',3,(#10233,#10234,#10235,#10236),
  .UNSPECIFIED.,.F.,.F.,(4,4),(0.,1.),.PIECEWISE_BEZIER_KNOTS.);
#10233 = CARTESIAN_POINT('',(9.87109692635,-18.53541058273,0.));
#10234 = CARTESIAN_POINT('',(8.140752026522,-19.45734906921,
    2.666669951599));
#10235 = CARTESIAN_POINT('',(6.280535213203,-20.1349237345,
    5.333330048401));
#10236 = CARTESIAN_POINT('',(4.362600697462,-20.5418527683,8.));
#10237 = PCURVE('',#2879,#10238);
#10238 = DEFINITIONAL_REPRESENTATION('',(#10239),#10243);
#10239 = LINE('',#10240,#10241);
#10240 = CARTESIAN_POINT('',(0.,1.));
#10241 = VECTOR('',#10242,1.);
#10242 = DIRECTION('',(1.,0.));
#10243 = ( GEOMETRIC_REPRESENTATION_CONTEXT(2) 
PARAMETRIC_REPRESENTATION_CONTEXT() REPRESENTATION_CONTEXT('2D SPACE',''
  ) );
#10244 = PCURVE('',#10245,#10262);
#10245 = B_SPLINE_SURFACE_WITH_KNOTS('',3,3,(
    (#10246,#10247,#10248,#10249)
    ,(#10250,#10251,#10252,#10253)
    ,(#10254,#10255,#10256,#10257)
    ,(#10258,#10259,#10260,#10261
    )),.UNSPECIFIED.,.F.,.F.,.F.,(4,4),(4,4),(0.,1.),(0.,1.),
  .PIECEWISE_BEZIER_KNOTS.);
#10246 = CARTESIAN_POINT('',(9.87109692635,-18.53541058273,0.));
#10247 = CARTESIAN_POINT('',(9.647299697611,-18.65459469176,0.));
#10248 = CARTESIAN_POINT('',(9.421343642112,-18.7697250525,0.));
#10249 = CARTESIAN_POINT('',(9.193376961893,-18.88072615225,0.));
#10250 = CARTESIAN_POINT('',(8.140751866326,-19.45734913095,
    2.666670185642));
#10251 = CARTESIAN_POINT('',(7.905823106287,-19.55564099012,
    2.666670185642));
#10252 = CARTESIAN_POINT('',(7.669113950992,-19.64967747137,
    2.666670185642));
#10253 = CARTESIAN_POINT('',(7.43077965532,-19.73939689724,
    2.666670185642));
#10254 = CARTESIAN_POINT('',(6.280535375578,-20.13492367875,
    5.333329814358));
#10255 = CARTESIAN_POINT('',(6.037425544164,-20.21075521402,
    5.333329814358));
#10256 = CARTESIAN_POINT('',(5.792942152115,-20.28218318487,
    5.333329814358));
#10257 = CARTESIAN_POINT('',(5.547245553346,-20.34916074249,
    5.333329814358));
#10258 = CARTESIAN_POINT('',(4.362600697462,-20.5418527683,8.));
#10259 = CARTESIAN_POINT('',(4.114577578327,-20.59452708661,8.));
#10260 = CARTESIAN_POINT('',(3.865600356177,-20.64270884491,8.));
#10261 = CARTESIAN_POINT('',(3.615832332378,-20.6863664413,8.));
#10262 = DEFINITIONAL_REPRESENTATION('',(#10263),#10267);
#10263 = LINE('',#10264,#10265);
#10264 = CARTESIAN_POINT('',(0.,0.));
#10265 = VECTOR('',#10266,1.);
#10266 = DIRECTION('',(1.,0.));
#10267 = ( GEOMETRIC_REPRESENTATION_CONTEXT(2) 
PARAMETRIC_REPRESENTATION_CONTEXT() REPRESENTATION_CONTEXT('2D SPACE',''
  ) );
#10268 = ORIENTED_EDGE('',*,*,#10269,.T.);
#10269 = EDGE_CURVE('',#10229,#2833,#10270,.T.);
#10270 = SURFACE_CURVE('',#10271,(#10277,#10286),.PCURVE_S1.);
#10271 = B_SPLINE_CURVE_WITH_KNOTS('',4,(#10272,#10273,#10274,#10275,
    #10276),.UNSPECIFIED.,.F.,.F.,(5,5),(0.,1.),
  .PIECEWISE_BEZIER_KNOTS.);
#10272 = CARTESIAN_POINT('',(9.55166919945,-18.7020767279,0.490049010231
    ));
#10273 = CARTESIAN_POINT('',(9.62837405168,-18.52617162265,
    0.368281132481));
#10274 = CARTESIAN_POINT('',(9.70215327998,-18.34973601296,
    0.246106838637));
#10275 = CARTESIAN_POINT('',(9.772491853452,-18.17293666642,
    0.123388920689));
#10276 = CARTESIAN_POINT('',(9.838885414111,-17.99601160835,
    -8.881784197001E-16));
#10277 = PCURVE('',#2879,#10278);
#10278 = DEFINITIONAL_REPRESENTATION('',(#10279),#10285);
#10279 = B_SPLINE_CURVE_WITH_KNOTS('',4,(#10280,#10281,#10282,#10283,
    #10284),.UNSPECIFIED.,.F.,.F.,(5,5),(0.,1.),
  .PIECEWISE_BEZIER_KNOTS.);
#10280 = CARTESIAN_POINT('',(6.125606412117E-02,1.));
#10281 = CARTESIAN_POINT('',(4.603509168317E-02,0.941664479136));
#10282 = CARTESIAN_POINT('',(3.076331927809E-02,0.883642277695));
#10283 = CARTESIAN_POINT('',(1.54235960866E-02,0.825845777756));
#10284 = CARTESIAN_POINT('',(0.,0.768213975802));
#10285 = ( GEOMETRIC_REPRESENTATION_CONTEXT(2) 
PARAMETRIC_REPRESENTATION_CONTEXT() REPRESENTATION_CONTEXT('2D SPACE',''
  ) );
#10286 = PCURVE('',#2849,#10287);
#10287 = DEFINITIONAL_REPRESENTATION('',(#10288),#10294);
#10288 = B_SPLINE_CURVE_WITH_KNOTS('',4,(#10289,#10290,#10291,#10292,
    #10293),.UNSPECIFIED.,.F.,.F.,(5,5),(0.,1.),
  .PIECEWISE_BEZIER_KNOTS.);
#10289 = CARTESIAN_POINT('',(5.184581896043,0.500049010231));
#10290 = CARTESIAN_POINT('',(5.191644737016,0.378281132481));
#10291 = CARTESIAN_POINT('',(5.198704195776,0.256106838637));
#10292 = CARTESIAN_POINT('',(5.205736530482,0.133388920689));
#10293 = CARTESIAN_POINT('',(5.212715002321,9.999999999999E-03));
#10294 = ( GEOMETRIC_REPRESENTATION_CONTEXT(2) 
PARAMETRIC_REPRESENTATION_CONTEXT() REPRESENTATION_CONTEXT('2D SPACE',''
  ) );
#10295 = ADVANCED_FACE('',(#10296),#1371,.T.);
#10296 = FACE_BOUND('',#10297,.T.);
#10297 = EDGE_LOOP('',(#10298,#10299,#10300,#10329));
#10298 = ORIENTED_EDGE('',*,*,#10094,.T.);
#10299 = ORIENTED_EDGE('',*,*,#1354,.T.);
#10300 = ORIENTED_EDGE('',*,*,#10301,.F.);
#10301 = EDGE_CURVE('',#10302,#1355,#10304,.T.);
#10302 = VERTEX_POINT('',#10303);
#10303 = CARTESIAN_POINT('',(-14.86343677265,14.835103833047,
    0.490049010231));
#10304 = SURFACE_CURVE('',#10305,(#10311,#10320),.PCURVE_S1.);
#10305 = B_SPLINE_CURVE_WITH_KNOTS('',4,(#10306,#10307,#10308,#10309,
    #10310),.UNSPECIFIED.,.F.,.F.,(5,5),(0.,1.),
  .PIECEWISE_BEZIER_KNOTS.);
#10306 = CARTESIAN_POINT('',(-14.86343677265,14.835103833047,
    0.490049010231));
#10307 = CARTESIAN_POINT('',(-14.88202975528,14.644105033564,
    0.368281132481));
#10308 = CARTESIAN_POINT('',(-14.89767636932,14.453505761884,
    0.246106838637));
#10309 = CARTESIAN_POINT('',(-14.90993832529,14.263623776717,
    0.123388920689));
#10310 = CARTESIAN_POINT('',(-14.91840950412,14.07484130878,
    -8.881784197001E-16));
#10311 = PCURVE('',#1371,#10312);
#10312 = DEFINITIONAL_REPRESENTATION('',(#10313),#10319);
#10313 = B_SPLINE_CURVE_WITH_KNOTS('',4,(#10314,#10315,#10316,#10317,
    #10318),.UNSPECIFIED.,.F.,.F.,(5,5),(0.,1.),
  .PIECEWISE_BEZIER_KNOTS.);
#10314 = CARTESIAN_POINT('',(2.357148507812,0.500049010231));
#10315 = CARTESIAN_POINT('',(2.364211348785,0.378281132481));
#10316 = CARTESIAN_POINT('',(2.371270807545,0.256106838637));
#10317 = CARTESIAN_POINT('',(2.378303142251,0.133388920689));
#10318 = CARTESIAN_POINT('',(2.38528161409,1.E-02));
#10319 = ( GEOMETRIC_REPRESENTATION_CONTEXT(2) 
PARAMETRIC_REPRESENTATION_CONTEXT() REPRESENTATION_CONTEXT('2D SPACE',''
  ) );
#10320 = PCURVE('',#1401,#10321);
#10321 = DEFINITIONAL_REPRESENTATION('',(#10322),#10328);
#10322 = B_SPLINE_CURVE_WITH_KNOTS('',4,(#10323,#10324,#10325,#10326,
    #10327),.UNSPECIFIED.,.F.,.F.,(5,5),(0.,1.),
  .PIECEWISE_BEZIER_KNOTS.);
#10323 = CARTESIAN_POINT('',(6.125606412117E-02,1.));
#10324 = CARTESIAN_POINT('',(4.603509168317E-02,0.941664479136));
#10325 = CARTESIAN_POINT('',(3.076331927809E-02,0.883642277695));
#10326 = CARTESIAN_POINT('',(1.542359608659E-02,0.825845777756));
#10327 = CARTESIAN_POINT('',(0.,0.768213975802));
#10328 = ( GEOMETRIC_REPRESENTATION_CONTEXT(2) 
PARAMETRIC_REPRESENTATION_CONTEXT() REPRESENTATION_CONTEXT('2D SPACE',''
  ) );
#10329 = ORIENTED_EDGE('',*,*,#10330,.T.);
#10330 = EDGE_CURVE('',#10302,#10095,#10331,.T.);
#10331 = SURFACE_CURVE('',#10332,(#10338,#10347),.PCURVE_S1.);
#10332 = B_SPLINE_CURVE_WITH_KNOTS('',4,(#10333,#10334,#10335,#10336,
    #10337),.UNSPECIFIED.,.F.,.F.,(5,5),(0.,1.),
  .PIECEWISE_BEZIER_KNOTS.);
#10333 = CARTESIAN_POINT('',(-14.86343677229,14.835103829669,
    0.490049007589));
#10334 = CARTESIAN_POINT('',(-14.72909708102,14.969700204893,
    0.490049088273));
#10335 = CARTESIAN_POINT('',(-14.59313215704,15.102674239284,
    0.490048864155));
#10336 = CARTESIAN_POINT('',(-14.45557165356,15.233997281967,
    0.490049088273));
#10337 = CARTESIAN_POINT('',(-14.31644572743,15.363640195426,
    0.490049007589));
#10338 = PCURVE('',#1371,#10339);
#10339 = DEFINITIONAL_REPRESENTATION('',(#10340),#10346);
#10340 = B_SPLINE_CURVE_WITH_KNOTS('',4,(#10341,#10342,#10343,#10344,
    #10345),.UNSPECIFIED.,.F.,.F.,(5,5),(0.,1.),
  .PIECEWISE_BEZIER_KNOTS.);
#10341 = CARTESIAN_POINT('',(2.357148507914,0.500049007589));
#10342 = CARTESIAN_POINT('',(2.348092976526,0.500049088273));
#10343 = CARTESIAN_POINT('',(2.339037452007,0.500048864155));
#10344 = CARTESIAN_POINT('',(2.329981917561,0.500049088273));
#10345 = CARTESIAN_POINT('',(2.320926389746,0.500049007589));
#10346 = ( GEOMETRIC_REPRESENTATION_CONTEXT(2) 
PARAMETRIC_REPRESENTATION_CONTEXT() REPRESENTATION_CONTEXT('2D SPACE',''
  ) );
#10347 = PCURVE('',#10140,#10348);
#10348 = DEFINITIONAL_REPRESENTATION('',(#10349),#10355);
#10349 = B_SPLINE_CURVE_WITH_KNOTS('',4,(#10350,#10351,#10352,#10353,
    #10354),.UNSPECIFIED.,.F.,.F.,(5,5),(0.,1.),
  .PIECEWISE_BEZIER_KNOTS.);
#10350 = CARTESIAN_POINT('',(6.125605936233E-02,0.));
#10351 = CARTESIAN_POINT('',(6.125606944785E-02,0.249999970936));
#10352 = CARTESIAN_POINT('',(6.125604143309E-02,0.500000050941));
#10353 = CARTESIAN_POINT('',(6.125606944785E-02,0.749999971755));
#10354 = CARTESIAN_POINT('',(6.125605936233E-02,1.));
#10355 = ( GEOMETRIC_REPRESENTATION_CONTEXT(2) 
PARAMETRIC_REPRESENTATION_CONTEXT() REPRESENTATION_CONTEXT('2D SPACE',''
  ) );
#10356 = ADVANCED_FACE('',(#10357),#2849,.T.);
#10357 = FACE_BOUND('',#10358,.T.);
#10358 = EDGE_LOOP('',(#10359,#10388,#10389,#10390));
#10359 = ORIENTED_EDGE('',*,*,#10360,.T.);
#10360 = EDGE_CURVE('',#10361,#2791,#10363,.T.);
#10361 = VERTEX_POINT('',#10362);
#10362 = CARTESIAN_POINT('',(8.868123082596,-19.03571515399,
    0.490049010231));
#10363 = SURFACE_CURVE('',#10364,(#10370,#10379),.PCURVE_S1.);
#10364 = B_SPLINE_CURVE_WITH_KNOTS('',4,(#10365,#10366,#10367,#10368,
    #10369),.UNSPECIFIED.,.F.,.F.,(5,5),(0.,1.),
  .PIECEWISE_BEZIER_KNOTS.);
#10365 = CARTESIAN_POINT('',(8.868123082596,-19.03571515399,
    0.490049010231));
#10366 = CARTESIAN_POINT('',(8.844418801183,-18.91161808382,
    0.367549821625));
#10367 = CARTESIAN_POINT('',(8.820764838097,-18.78738941251,
    0.245013308838));
#10368 = CARTESIAN_POINT('',(8.797761526011,-18.6627924199,
    0.122481298081));
#10369 = CARTESIAN_POINT('',(8.775927476717,-18.53761572919,
    -4.440892098501E-16));
#10370 = PCURVE('',#2849,#10371);
#10371 = DEFINITIONAL_REPRESENTATION('',(#10372),#10378);
#10372 = B_SPLINE_CURVE_WITH_KNOTS('',4,(#10373,#10374,#10375,#10376,
    #10377),.UNSPECIFIED.,.F.,.F.,(5,5),(0.,1.),
  .PIECEWISE_BEZIER_KNOTS.);
#10373 = CARTESIAN_POINT('',(5.148359777875,0.500049010231));
#10374 = CARTESIAN_POINT('',(5.149832061578,0.377549821625));
#10375 = CARTESIAN_POINT('',(5.151332063166,0.255013308838));
#10376 = CARTESIAN_POINT('',(5.152891464888,0.132481298081));
#10377 = CARTESIAN_POINT('',(5.154540754525,1.E-02));
#10378 = ( GEOMETRIC_REPRESENTATION_CONTEXT(2) 
PARAMETRIC_REPRESENTATION_CONTEXT() REPRESENTATION_CONTEXT('2D SPACE',''
  ) );
#10379 = PCURVE('',#2808,#10380);
#10380 = DEFINITIONAL_REPRESENTATION('',(#10381),#10387);
#10381 = B_SPLINE_CURVE_WITH_KNOTS('',4,(#10382,#10383,#10384,#10385,
    #10386),.UNSPECIFIED.,.F.,.F.,(5,5),(0.,1.),
  .PIECEWISE_BEZIER_KNOTS.);
#10382 = CARTESIAN_POINT('',(6.125606412117E-02,0.));
#10383 = CARTESIAN_POINT('',(4.594367789993E-02,5.86858710587E-02));
#10384 = CARTESIAN_POINT('',(3.062662818737E-02,0.116875481688));
#10385 = CARTESIAN_POINT('',(1.531014340031E-02,0.174578149499));
#10386 = CARTESIAN_POINT('',(0.,0.231786024198));
#10387 = ( GEOMETRIC_REPRESENTATION_CONTEXT(2) 
PARAMETRIC_REPRESENTATION_CONTEXT() REPRESENTATION_CONTEXT('2D SPACE',''
  ) );
#10388 = ORIENTED_EDGE('',*,*,#2832,.T.);
#10389 = ORIENTED_EDGE('',*,*,#10269,.F.);
#10390 = ORIENTED_EDGE('',*,*,#10391,.T.);
#10391 = EDGE_CURVE('',#10229,#10361,#10392,.T.);
#10392 = SURFACE_CURVE('',#10393,(#10399,#10408),.PCURVE_S1.);
#10393 = B_SPLINE_CURVE_WITH_KNOTS('',4,(#10394,#10395,#10396,#10397,
    #10398),.UNSPECIFIED.,.F.,.F.,(5,5),(0.,1.),
  .PIECEWISE_BEZIER_KNOTS.);
#10394 = CARTESIAN_POINT('',(9.55166920015,-18.70207672457,
    0.490049007589));
#10395 = CARTESIAN_POINT('',(9.382311994046,-18.78857223668,
    0.490049088273));
#10396 = CARTESIAN_POINT('',(9.211910430664,-18.87302258644,
    0.490048864155));
#10397 = CARTESIAN_POINT('',(9.040501565501,-18.95540968859,
    0.490049088273));
#10398 = CARTESIAN_POINT('',(8.868123083416,-19.03571515069,
    0.490049007589));
#10399 = PCURVE('',#2849,#10400);
#10400 = DEFINITIONAL_REPRESENTATION('',(#10401),#10407);
#10401 = B_SPLINE_CURVE_WITH_KNOTS('',4,(#10402,#10403,#10404,#10405,
    #10406),.UNSPECIFIED.,.F.,.F.,(5,5),(0.,1.),
  .PIECEWISE_BEZIER_KNOTS.);
#10402 = CARTESIAN_POINT('',(5.184581896145,0.500049007589));
#10403 = CARTESIAN_POINT('',(5.175526364756,0.500049088273));
#10404 = CARTESIAN_POINT('',(5.166470840237,0.500048864155));
#10405 = CARTESIAN_POINT('',(5.157415305792,0.500049088273));
#10406 = CARTESIAN_POINT('',(5.148359777977,0.500049007589));
#10407 = ( GEOMETRIC_REPRESENTATION_CONTEXT(2) 
PARAMETRIC_REPRESENTATION_CONTEXT() REPRESENTATION_CONTEXT('2D SPACE',''
  ) );
#10408 = PCURVE('',#10245,#10409);
#10409 = DEFINITIONAL_REPRESENTATION('',(#10410),#10416);
#10410 = B_SPLINE_CURVE_WITH_KNOTS('',4,(#10411,#10412,#10413,#10414,
    #10415),.UNSPECIFIED.,.F.,.F.,(5,5),(0.,1.),
  .PIECEWISE_BEZIER_KNOTS.);
#10411 = CARTESIAN_POINT('',(6.125605936233E-02,0.));
#10412 = CARTESIAN_POINT('',(6.125606944785E-02,0.249999970936));
#10413 = CARTESIAN_POINT('',(6.125604143309E-02,0.500000050941));
#10414 = CARTESIAN_POINT('',(6.125606944785E-02,0.749999971755));
#10415 = CARTESIAN_POINT('',(6.125605936233E-02,1.));
#10416 = ( GEOMETRIC_REPRESENTATION_CONTEXT(2) 
PARAMETRIC_REPRESENTATION_CONTEXT() REPRESENTATION_CONTEXT('2D SPACE',''
  ) );
#10417 = ADVANCED_FACE('',(#10418),#1401,.T.);
#10418 = FACE_BOUND('',#10419,.T.);
#10419 = EDGE_LOOP('',(#10420,#10421,#10443,#10444,#10473,#10495));
#10420 = ORIENTED_EDGE('',*,*,#1383,.F.);
#10421 = ORIENTED_EDGE('',*,*,#10422,.T.);
#10422 = EDGE_CURVE('',#1384,#6742,#10423,.T.);
#10423 = SURFACE_CURVE('',#10424,(#10429,#10436),.PCURVE_S1.);
#10424 = B_SPLINE_CURVE_WITH_KNOTS('',3,(#10425,#10426,#10427,#10428),
  .UNSPECIFIED.,.F.,.F.,(4,4),(0.,1.),.PIECEWISE_BEZIER_KNOTS.);
#10425 = CARTESIAN_POINT('',(-13.98934841658,12.550180058597,0.));
#10426 = CARTESIAN_POINT('',(-12.81787997385,13.856501797394,
    2.666669690328));
#10427 = CARTESIAN_POINT('',(-11.46220354335,14.997285721626,
    5.333330309672));
#10428 = CARTESIAN_POINT('',(-9.974903967982,15.928282376117,8.));
#10429 = PCURVE('',#1401,#10430);
#10430 = DEFINITIONAL_REPRESENTATION('',(#10431),#10435);
#10431 = LINE('',#10432,#10433);
#10432 = CARTESIAN_POINT('',(0.,0.));
#10433 = VECTOR('',#10434,1.);
#10434 = DIRECTION('',(1.,0.));
#10435 = ( GEOMETRIC_REPRESENTATION_CONTEXT(2) 
PARAMETRIC_REPRESENTATION_CONTEXT() REPRESENTATION_CONTEXT('2D SPACE',''
  ) );
#10436 = PCURVE('',#1443,#10437);
#10437 = DEFINITIONAL_REPRESENTATION('',(#10438),#10442);
#10438 = LINE('',#10439,#10440);
#10439 = CARTESIAN_POINT('',(0.,1.));
#10440 = VECTOR('',#10441,1.);
#10441 = DIRECTION('',(1.,0.));
#10442 = ( GEOMETRIC_REPRESENTATION_CONTEXT(2) 
PARAMETRIC_REPRESENTATION_CONTEXT() REPRESENTATION_CONTEXT('2D SPACE',''
  ) );
#10443 = ORIENTED_EDGE('',*,*,#6766,.T.);
#10444 = ORIENTED_EDGE('',*,*,#10445,.T.);
#10445 = EDGE_CURVE('',#6767,#10446,#10448,.T.);
#10446 = VERTEX_POINT('',#10447);
#10447 = CARTESIAN_POINT('',(-10.80738461636,18.005624015457,
    7.509950989769));
#10448 = SURFACE_CURVE('',#10449,(#10455,#10464),.PCURVE_S1.);
#10449 = B_SPLINE_CURVE_WITH_KNOTS('',4,(#10450,#10451,#10452,#10453,
    #10454),.UNSPECIFIED.,.F.,.F.,(5,5),(0.,1.),
  .PIECEWISE_BEZIER_KNOTS.);
#10450 = CARTESIAN_POINT('',(-10.44629147317,17.650356779891,8.));
#10451 = CARTESIAN_POINT('',(-10.53778502418,17.738531944921,
    7.877518701917));
#10452 = CARTESIAN_POINT('',(-10.62814360489,17.827351367493,
    7.754986691164));
#10453 = CARTESIAN_POINT('',(-10.71783271734,17.916503685766,
    7.632450178374));
#10454 = CARTESIAN_POINT('',(-10.80738461636,18.005624015457,
    7.509950989769));
#10455 = PCURVE('',#1401,#10456);
#10456 = DEFINITIONAL_REPRESENTATION('',(#10457),#10463);
#10457 = B_SPLINE_CURVE_WITH_KNOTS('',4,(#10458,#10459,#10460,#10461,
    #10462),.UNSPECIFIED.,.F.,.F.,(5,5),(0.,1.),
  .PIECEWISE_BEZIER_KNOTS.);
#10458 = CARTESIAN_POINT('',(1.,0.768213975802));
#10459 = CARTESIAN_POINT('',(0.984689856599,0.825421850502));
#10460 = CARTESIAN_POINT('',(0.969373371813,0.883124518311));
#10461 = CARTESIAN_POINT('',(0.9540563221,0.941314128942));
#10462 = CARTESIAN_POINT('',(0.938743935879,1.));
#10463 = ( GEOMETRIC_REPRESENTATION_CONTEXT(2) 
PARAMETRIC_REPRESENTATION_CONTEXT() REPRESENTATION_CONTEXT('2D SPACE',''
  ) );
#10464 = PCURVE('',#6812,#10465);
#10465 = DEFINITIONAL_REPRESENTATION('',(#10466),#10472);
#10466 = B_SPLINE_CURVE_WITH_KNOTS('',4,(#10467,#10468,#10469,#10470,
    #10471),.UNSPECIFIED.,.F.,.F.,(5,5),(0.,1.),
  .PIECEWISE_BEZIER_KNOTS.);
#10467 = CARTESIAN_POINT('',(-2.105198598806,-0.5));
#10468 = CARTESIAN_POINT('',(-2.106847888444,-0.377518701917));
#10469 = CARTESIAN_POINT('',(-2.108407290165,-0.254986691164));
#10470 = CARTESIAN_POINT('',(-2.109907291753,-0.132450178374));
#10471 = CARTESIAN_POINT('',(-2.111379575456,-9.950989768966E-03));
#10472 = ( GEOMETRIC_REPRESENTATION_CONTEXT(2) 
PARAMETRIC_REPRESENTATION_CONTEXT() REPRESENTATION_CONTEXT('2D SPACE',''
  ) );
#10473 = ORIENTED_EDGE('',*,*,#10474,.F.);
#10474 = EDGE_CURVE('',#10302,#10446,#10475,.T.);
#10475 = SURFACE_CURVE('',#10476,(#10481,#10488),.PCURVE_S1.);
#10476 = B_SPLINE_CURVE_WITH_KNOTS('',3,(#10477,#10478,#10479,#10480),
  .UNSPECIFIED.,.F.,.F.,(4,4),(0.,1.),.PIECEWISE_BEZIER_KNOTS.);
#10477 = CARTESIAN_POINT('',(-15.11572792256,14.577886313553,0.));
#10478 = CARTESIAN_POINT('',(-13.75496679024,15.989407898921,
    2.666669951599));
#10479 = CARTESIAN_POINT('',(-12.19517755474,17.208658308158,
    5.333330048401));
#10480 = CARTESIAN_POINT('',(-10.49686142266,18.188345176879,8.));
#10481 = PCURVE('',#1401,#10482);
#10482 = DEFINITIONAL_REPRESENTATION('',(#10483),#10487);
#10483 = LINE('',#10484,#10485);
#10484 = CARTESIAN_POINT('',(0.,1.));
#10485 = VECTOR('',#10486,1.);
#10486 = DIRECTION('',(1.,0.));
#10487 = ( GEOMETRIC_REPRESENTATION_CONTEXT(2) 
PARAMETRIC_REPRESENTATION_CONTEXT() REPRESENTATION_CONTEXT('2D SPACE',''
  ) );
#10488 = PCURVE('',#10140,#10489);
#10489 = DEFINITIONAL_REPRESENTATION('',(#10490),#10494);
#10490 = LINE('',#10491,#10492);
#10491 = CARTESIAN_POINT('',(0.,0.));
#10492 = VECTOR('',#10493,1.);
#10493 = DIRECTION('',(1.,0.));
#10494 = ( GEOMETRIC_REPRESENTATION_CONTEXT(2) 
PARAMETRIC_REPRESENTATION_CONTEXT() REPRESENTATION_CONTEXT('2D SPACE',''
  ) );
#10495 = ORIENTED_EDGE('',*,*,#10301,.T.);
#10496 = ADVANCED_FACE('',(#10497),#2808,.T.);
#10497 = FACE_BOUND('',#10498,.T.);
#10498 = EDGE_LOOP('',(#10499,#10500,#10501,#10525,#10552,#10553));
#10499 = ORIENTED_EDGE('',*,*,#2790,.F.);
#10500 = ORIENTED_EDGE('',*,*,#10360,.F.);
#10501 = ORIENTED_EDGE('',*,*,#10502,.T.);
#10502 = EDGE_CURVE('',#10361,#10503,#10505,.T.);
#10503 = VERTEX_POINT('',#10504);
#10504 = CARTESIAN_POINT('',(3.97020886017,-20.62133603913,
    7.509950989769));
#10505 = SURFACE_CURVE('',#10506,(#10511,#10518),.PCURVE_S1.);
#10506 = B_SPLINE_CURVE_WITH_KNOTS('',3,(#10507,#10508,#10509,#10510),
  .UNSPECIFIED.,.F.,.F.,(4,4),(0.,1.),.PIECEWISE_BEZIER_KNOTS.);
#10507 = CARTESIAN_POINT('',(9.193376961893,-18.88072615225,0.));
#10508 = CARTESIAN_POINT('',(7.430779817646,-19.73939684135,
    2.666669951599));
#10509 = CARTESIAN_POINT('',(5.547245389058,-20.34916079233,
    5.333330048401));
#10510 = CARTESIAN_POINT('',(3.615832332378,-20.6863664413,8.));
#10511 = PCURVE('',#2808,#10512);
#10512 = DEFINITIONAL_REPRESENTATION('',(#10513),#10517);
#10513 = LINE('',#10514,#10515);
#10514 = CARTESIAN_POINT('',(0.,0.));
#10515 = VECTOR('',#10516,1.);
#10516 = DIRECTION('',(1.,0.));
#10517 = ( GEOMETRIC_REPRESENTATION_CONTEXT(2) 
PARAMETRIC_REPRESENTATION_CONTEXT() REPRESENTATION_CONTEXT('2D SPACE',''
  ) );
#10518 = PCURVE('',#10245,#10519);
#10519 = DEFINITIONAL_REPRESENTATION('',(#10520),#10524);
#10520 = LINE('',#10521,#10522);
#10521 = CARTESIAN_POINT('',(0.,1.));
#10522 = VECTOR('',#10523,1.);
#10523 = DIRECTION('',(1.,0.));
#10524 = ( GEOMETRIC_REPRESENTATION_CONTEXT(2) 
PARAMETRIC_REPRESENTATION_CONTEXT() REPRESENTATION_CONTEXT('2D SPACE',''
  ) );
#10525 = ORIENTED_EDGE('',*,*,#10526,.T.);
#10526 = EDGE_CURVE('',#10503,#5765,#10527,.T.);
#10527 = SURFACE_CURVE('',#10528,(#10534,#10543),.PCURVE_S1.);
#10528 = B_SPLINE_CURVE_WITH_KNOTS('',4,(#10529,#10530,#10531,#10532,
    #10533),.UNSPECIFIED.,.F.,.F.,(5,5),(0.,1.),
  .PIECEWISE_BEZIER_KNOTS.);
#10529 = CARTESIAN_POINT('',(3.97020886017,-20.62133603913,
    7.509950989769));
#10530 = CARTESIAN_POINT('',(3.801542558361,-20.529805066,7.631718867519
    ));
#10531 = CARTESIAN_POINT('',(3.634856910548,-20.43605649957,
    7.753893161363));
#10532 = CARTESIAN_POINT('',(3.470660592994,-20.3399050921,
    7.876611079311));
#10533 = CARTESIAN_POINT('',(3.309497690133,-20.24122834807,8.));
#10534 = PCURVE('',#2808,#10535);
#10535 = DEFINITIONAL_REPRESENTATION('',(#10536),#10542);
#10536 = B_SPLINE_CURVE_WITH_KNOTS('',4,(#10537,#10538,#10539,#10540,
    #10541),.UNSPECIFIED.,.F.,.F.,(5,5),(0.,1.),
  .PIECEWISE_BEZIER_KNOTS.);
#10537 = CARTESIAN_POINT('',(0.938743935879,0.));
#10538 = CARTESIAN_POINT('',(0.953964908317,5.833552086386E-02));
#10539 = CARTESIAN_POINT('',(0.969236680722,0.116357722305));
#10540 = CARTESIAN_POINT('',(0.984576403913,0.174154222244));
#10541 = CARTESIAN_POINT('',(1.,0.231786024198));
#10542 = ( GEOMETRIC_REPRESENTATION_CONTEXT(2) 
PARAMETRIC_REPRESENTATION_CONTEXT() REPRESENTATION_CONTEXT('2D SPACE',''
  ) );
#10543 = PCURVE('',#5785,#10544);
#10544 = DEFINITIONAL_REPRESENTATION('',(#10545),#10551);
#10545 = B_SPLINE_CURVE_WITH_KNOTS('',4,(#10546,#10547,#10548,#10549,
    #10550),.UNSPECIFIED.,.F.,.F.,(5,5),(0.,1.),
  .PIECEWISE_BEZIER_KNOTS.);
#10546 = CARTESIAN_POINT('',(-4.90259084552,-9.950989768977E-03));
#10547 = CARTESIAN_POINT('',(-4.895528004546,-0.131718867519));
#10548 = CARTESIAN_POINT('',(-4.888468545787,-0.253893161363));
#10549 = CARTESIAN_POINT('',(-4.88143621108,-0.376611079311));
#10550 = CARTESIAN_POINT('',(-4.874457739241,-0.5));
#10551 = ( GEOMETRIC_REPRESENTATION_CONTEXT(2) 
PARAMETRIC_REPRESENTATION_CONTEXT() REPRESENTATION_CONTEXT('2D SPACE',''
  ) );
#10552 = ORIENTED_EDGE('',*,*,#5797,.T.);
#10553 = ORIENTED_EDGE('',*,*,#10554,.F.);
#10554 = EDGE_CURVE('',#2749,#5798,#10555,.T.);
#10555 = SURFACE_CURVE('',#10556,(#10561,#10568),.PCURVE_S1.);
#10556 = B_SPLINE_CURVE_WITH_KNOTS('',3,(#10557,#10558,#10559,#10560),
  .UNSPECIFIED.,.F.,.F.,(4,4),(0.,1.),.PIECEWISE_BEZIER_KNOTS.);
#10557 = CARTESIAN_POINT('',(7.612984124449,-17.18287989088,0.));
#10558 = CARTESIAN_POINT('',(6.00887455526,-17.89396869519,
    2.666669690328));
#10559 = CARTESIAN_POINT('',(4.304634234793,-18.37854219436,
    5.333330309672));
#10560 = CARTESIAN_POINT('',(2.566368324654,-18.61780444214,8.));
#10561 = PCURVE('',#2808,#10562);
#10562 = DEFINITIONAL_REPRESENTATION('',(#10563),#10567);
#10563 = LINE('',#10564,#10565);
#10564 = CARTESIAN_POINT('',(0.,1.));
#10565 = VECTOR('',#10566,1.);
#10566 = DIRECTION('',(1.,0.));
#10567 = ( GEOMETRIC_REPRESENTATION_CONTEXT(2) 
PARAMETRIC_REPRESENTATION_CONTEXT() REPRESENTATION_CONTEXT('2D SPACE',''
  ) );
#10568 = PCURVE('',#2766,#10569);
#10569 = DEFINITIONAL_REPRESENTATION('',(#10570),#10574);
#10570 = LINE('',#10571,#10572);
#10571 = CARTESIAN_POINT('',(0.,0.));
#10572 = VECTOR('',#10573,1.);
#10573 = DIRECTION('',(1.,0.));
#10574 = ( GEOMETRIC_REPRESENTATION_CONTEXT(2) 
PARAMETRIC_REPRESENTATION_CONTEXT() REPRESENTATION_CONTEXT('2D SPACE',''
  ) );
#10575 = ADVANCED_FACE('',(#10576),#1443,.T.);
#10576 = FACE_BOUND('',#10577,.T.);
#10577 = EDGE_LOOP('',(#10578,#10579,#10601,#10602));
#10578 = ORIENTED_EDGE('',*,*,#1425,.F.);
#10579 = ORIENTED_EDGE('',*,*,#10580,.T.);
#10580 = EDGE_CURVE('',#1426,#6717,#10581,.T.);
#10581 = SURFACE_CURVE('',#10582,(#10587,#10594),.PCURVE_S1.);
#10582 = B_SPLINE_CURVE_WITH_KNOTS('',3,(#10583,#10584,#10585,#10586),
  .UNSPECIFIED.,.F.,.F.,(4,4),(0.,1.),.PIECEWISE_BEZIER_KNOTS.);
#10583 = CARTESIAN_POINT('',(-14.58408275205,11.853835619958,0.));
#10584 = CARTESIAN_POINT('',(-13.47763822201,13.215670888822,
    2.666669690328));
#10585 = CARTESIAN_POINT('',(-12.17914074274,14.421137952798,
    5.333330309672));
#10586 = CARTESIAN_POINT('',(-10.73895726348,15.423478385791,8.));
#10587 = PCURVE('',#1443,#10588);
#10588 = DEFINITIONAL_REPRESENTATION('',(#10589),#10593);
#10589 = LINE('',#10590,#10591);
#10590 = CARTESIAN_POINT('',(0.,0.));
#10591 = VECTOR('',#10592,1.);
#10592 = DIRECTION('',(1.,0.));
#10593 = ( GEOMETRIC_REPRESENTATION_CONTEXT(2) 
PARAMETRIC_REPRESENTATION_CONTEXT() REPRESENTATION_CONTEXT('2D SPACE',''
  ) );
#10594 = PCURVE('',#1485,#10595);
#10595 = DEFINITIONAL_REPRESENTATION('',(#10596),#10600);
#10596 = LINE('',#10597,#10598);
#10597 = CARTESIAN_POINT('',(0.,1.));
#10598 = VECTOR('',#10599,1.);
#10599 = DIRECTION('',(1.,0.));
#10600 = ( GEOMETRIC_REPRESENTATION_CONTEXT(2) 
PARAMETRIC_REPRESENTATION_CONTEXT() REPRESENTATION_CONTEXT('2D SPACE',''
  ) );
#10601 = ORIENTED_EDGE('',*,*,#6741,.T.);
#10602 = ORIENTED_EDGE('',*,*,#10422,.F.);
#10603 = ADVANCED_FACE('',(#10604),#2766,.T.);
#10604 = FACE_BOUND('',#10605,.T.);
#10605 = EDGE_LOOP('',(#10606,#10607,#10608,#10609));
#10606 = ORIENTED_EDGE('',*,*,#2748,.F.);
#10607 = ORIENTED_EDGE('',*,*,#10554,.T.);
#10608 = ORIENTED_EDGE('',*,*,#5822,.T.);
#10609 = ORIENTED_EDGE('',*,*,#10610,.F.);
#10610 = EDGE_CURVE('',#2707,#5823,#10611,.T.);
#10611 = SURFACE_CURVE('',#10612,(#10617,#10624),.PCURVE_S1.);
#10612 = B_SPLINE_CURVE_WITH_KNOTS('',3,(#10613,#10614,#10615,#10616),
  .UNSPECIFIED.,.F.,.F.,(4,4),(0.,1.),.PIECEWISE_BEZIER_KNOTS.);
#10613 = CARTESIAN_POINT('',(6.766938191697,-17.53332359062,0.));
#10614 = CARTESIAN_POINT('',(5.130094507326,-18.16542923883,
    2.666669690328));
#10615 = CARTESIAN_POINT('',(3.404272899204,-18.56641093784,
    5.333330309672));
#10616 = CARTESIAN_POINT('',(1.656415637699,-18.72071515351,8.));
#10617 = PCURVE('',#2766,#10618);
#10618 = DEFINITIONAL_REPRESENTATION('',(#10619),#10623);
#10619 = LINE('',#10620,#10621);
#10620 = CARTESIAN_POINT('',(0.,1.));
#10621 = VECTOR('',#10622,1.);
#10622 = DIRECTION('',(1.,0.));
#10623 = ( GEOMETRIC_REPRESENTATION_CONTEXT(2) 
PARAMETRIC_REPRESENTATION_CONTEXT() REPRESENTATION_CONTEXT('2D SPACE',''
  ) );
#10624 = PCURVE('',#2724,#10625);
#10625 = DEFINITIONAL_REPRESENTATION('',(#10626),#10630);
#10626 = LINE('',#10627,#10628);
#10627 = CARTESIAN_POINT('',(0.,0.));
#10628 = VECTOR('',#10629,1.);
#10629 = DIRECTION('',(1.,0.));
#10630 = ( GEOMETRIC_REPRESENTATION_CONTEXT(2) 
PARAMETRIC_REPRESENTATION_CONTEXT() REPRESENTATION_CONTEXT('2D SPACE',''
  ) );
#10631 = ADVANCED_FACE('',(#10632),#1485,.T.);
#10632 = FACE_BOUND('',#10633,.T.);
#10633 = EDGE_LOOP('',(#10634,#10635,#10664,#10705,#10732,#10733));
#10634 = ORIENTED_EDGE('',*,*,#1467,.F.);
#10635 = ORIENTED_EDGE('',*,*,#10636,.F.);
#10636 = EDGE_CURVE('',#10637,#1468,#10639,.T.);
#10637 = VERTEX_POINT('',#10638);
#10638 = CARTESIAN_POINT('',(-16.54358935956,12.934902764781,
    0.490049010231));
#10639 = SURFACE_CURVE('',#10640,(#10646,#10655),.PCURVE_S1.);
#10640 = B_SPLINE_CURVE_WITH_KNOTS('',4,(#10641,#10642,#10643,#10644,
    #10645),.UNSPECIFIED.,.F.,.F.,(5,5),(0.,1.),
  .PIECEWISE_BEZIER_KNOTS.);
#10641 = CARTESIAN_POINT('',(-16.54358935956,12.934902764781,
    0.490049010231));
#10642 = CARTESIAN_POINT('',(-16.46612979926,12.835092984188,
    0.367549821625));
#10643 = CARTESIAN_POINT('',(-16.38865532726,12.735143102085,
    0.245013308838));
#10644 = CARTESIAN_POINT('',(-16.31159337517,12.634569653922,
    0.122481298081));
#10645 = CARTESIAN_POINT('',(-16.23531006643,12.53294885678,
    -4.440892098501E-16));
#10646 = PCURVE('',#1485,#10647);
#10647 = DEFINITIONAL_REPRESENTATION('',(#10648),#10654);
#10648 = B_SPLINE_CURVE_WITH_KNOTS('',4,(#10649,#10650,#10651,#10652,
    #10653),.UNSPECIFIED.,.F.,.F.,(5,5),(0.,1.),
  .PIECEWISE_BEZIER_KNOTS.);
#10649 = CARTESIAN_POINT('',(6.125606412117E-02,0.));
#10650 = CARTESIAN_POINT('',(4.594367789993E-02,5.86858710587E-02));
#10651 = CARTESIAN_POINT('',(3.062662818737E-02,0.116875481688));
#10652 = CARTESIAN_POINT('',(1.531014340031E-02,0.174578149499));
#10653 = CARTESIAN_POINT('',(0.,0.231786024198));
#10654 = ( GEOMETRIC_REPRESENTATION_CONTEXT(2) 
PARAMETRIC_REPRESENTATION_CONTEXT() REPRESENTATION_CONTEXT('2D SPACE',''
  ) );
#10655 = PCURVE('',#1526,#10656);
#10656 = DEFINITIONAL_REPRESENTATION('',(#10657),#10663);
#10657 = B_SPLINE_CURVE_WITH_KNOTS('',4,(#10658,#10659,#10660,#10661,
    #10662),.UNSPECIFIED.,.F.,.F.,(5,5),(0.,1.),
  .PIECEWISE_BEZIER_KNOTS.);
#10658 = CARTESIAN_POINT('',(2.478006022324,0.500049010231));
#10659 = CARTESIAN_POINT('',(2.479478306027,0.377549821625));
#10660 = CARTESIAN_POINT('',(2.480978307615,0.255013308838));
#10661 = CARTESIAN_POINT('',(2.482537709336,0.132481298081));
#10662 = CARTESIAN_POINT('',(2.484186998974,9.999999999993E-03));
#10663 = ( GEOMETRIC_REPRESENTATION_CONTEXT(2) 
PARAMETRIC_REPRESENTATION_CONTEXT() REPRESENTATION_CONTEXT('2D SPACE',''
  ) );
#10664 = ORIENTED_EDGE('',*,*,#10665,.T.);
#10665 = EDGE_CURVE('',#10637,#10666,#10668,.T.);
#10666 = VERTEX_POINT('',#10667);
#10667 = CARTESIAN_POINT('',(-12.8993726505,16.571307843847,
    7.509950989769));
#10668 = SURFACE_CURVE('',#10669,(#10674,#10681),.PCURVE_S1.);
#10669 = B_SPLINE_CURVE_WITH_KNOTS('',3,(#10670,#10671,#10672,#10673),
  .UNSPECIFIED.,.F.,.F.,(4,4),(0.,1.),.PIECEWISE_BEZIER_KNOTS.);
#10670 = CARTESIAN_POINT('',(-16.76302915367,12.649144381851,0.));
#10671 = CARTESIAN_POINT('',(-15.58237193389,14.214427926319,
    2.666669951599));
#10672 = CARTESIAN_POINT('',(-14.18095751031,15.612838321371,
    5.333330048401));
#10673 = CARTESIAN_POINT('',(-12.613144037,16.790133933407,8.));
#10674 = PCURVE('',#1485,#10675);
#10675 = DEFINITIONAL_REPRESENTATION('',(#10676),#10680);
#10676 = LINE('',#10677,#10678);
#10677 = CARTESIAN_POINT('',(0.,0.));
#10678 = VECTOR('',#10679,1.);
#10679 = DIRECTION('',(1.,0.));
#10680 = ( GEOMETRIC_REPRESENTATION_CONTEXT(2) 
PARAMETRIC_REPRESENTATION_CONTEXT() REPRESENTATION_CONTEXT('2D SPACE',''
  ) );
#10681 = PCURVE('',#10682,#10699);
#10682 = B_SPLINE_SURFACE_WITH_KNOTS('',3,3,(
    (#10683,#10684,#10685,#10686)
    ,(#10687,#10688,#10689,#10690)
    ,(#10691,#10692,#10693,#10694)
    ,(#10695,#10696,#10697,#10698
    )),.UNSPECIFIED.,.F.,.F.,.F.,(4,4),(4,4),(0.,1.),(0.,1.),
  .PIECEWISE_BEZIER_KNOTS.);
#10683 = CARTESIAN_POINT('',(-17.2101120756,12.033787531157,0.));
#10684 = CARTESIAN_POINT('',(-17.06481573792,12.241583165595,0.));
#10685 = CARTESIAN_POINT('',(-16.9157555083,12.446746970706,0.));
#10686 = CARTESIAN_POINT('',(-16.76302915367,12.649144381851,0.));
#10687 = CARTESIAN_POINT('',(-16.08691468026,13.640801011043,
    2.666670185642));
#10688 = CARTESIAN_POINT('',(-15.92221519261,13.835035124009,
    2.666670185642));
#10689 = CARTESIAN_POINT('',(-15.75399746003,14.026285950024,
    2.666670185642));
#10690 = CARTESIAN_POINT('',(-15.58237181463,14.214428049818,
    2.666670185642));
#10691 = CARTESIAN_POINT('',(-14.73706205817,15.089044968011,
    5.333329814358));
#10692 = CARTESIAN_POINT('',(-14.55487640887,15.266980914533,
    5.333329814358));
#10693 = CARTESIAN_POINT('',(-14.36946773168,15.441616839904,
    5.333329814358));
#10694 = CARTESIAN_POINT('',(-14.18095763407,15.612838202379,
    5.333329814358));
#10695 = CARTESIAN_POINT('',(-13.21291168772,16.322345564667,8.));
#10696 = CARTESIAN_POINT('',(-13.01583511052,16.481878865748,8.));
#10697 = CARTESIAN_POINT('',(-12.81586884173,16.637842420243,8.));
#10698 = CARTESIAN_POINT('',(-12.613144037,16.790133933407,8.));
#10699 = DEFINITIONAL_REPRESENTATION('',(#10700),#10704);
#10700 = LINE('',#10701,#10702);
#10701 = CARTESIAN_POINT('',(0.,1.));
#10702 = VECTOR('',#10703,1.);
#10703 = DIRECTION('',(1.,0.));
#10704 = ( GEOMETRIC_REPRESENTATION_CONTEXT(2) 
PARAMETRIC_REPRESENTATION_CONTEXT() REPRESENTATION_CONTEXT('2D SPACE',''
  ) );
#10705 = ORIENTED_EDGE('',*,*,#10706,.T.);
#10706 = EDGE_CURVE('',#10666,#6684,#10707,.T.);
#10707 = SURFACE_CURVE('',#10708,(#10714,#10723),.PCURVE_S1.);
#10708 = B_SPLINE_CURVE_WITH_KNOTS('',4,(#10709,#10710,#10711,#10712,
    #10713),.UNSPECIFIED.,.F.,.F.,(5,5),(0.,1.),
  .PIECEWISE_BEZIER_KNOTS.);
#10709 = CARTESIAN_POINT('',(-12.8993726505,16.571307843847,
    7.509950989769));
#10710 = CARTESIAN_POINT('',(-12.70753568295,16.566326048276,
    7.631718867519));
#10711 = CARTESIAN_POINT('',(-12.51645672473,16.558469164499,
    7.753893161363));
#10712 = CARTESIAN_POINT('',(-12.32650490902,16.547341201401,
    7.876611079311));
#10713 = CARTESIAN_POINT('',(-12.13810940678,16.532586005493,8.));
#10714 = PCURVE('',#1485,#10715);
#10715 = DEFINITIONAL_REPRESENTATION('',(#10716),#10722);
#10716 = B_SPLINE_CURVE_WITH_KNOTS('',4,(#10717,#10718,#10719,#10720,
    #10721),.UNSPECIFIED.,.F.,.F.,(5,5),(0.,1.),
  .PIECEWISE_BEZIER_KNOTS.);
#10717 = CARTESIAN_POINT('',(0.938743935879,0.));
#10718 = CARTESIAN_POINT('',(0.953964908317,5.833552086386E-02));
#10719 = CARTESIAN_POINT('',(0.969236680722,0.116357722305));
#10720 = CARTESIAN_POINT('',(0.984576403913,0.174154222244));
#10721 = CARTESIAN_POINT('',(1.,0.231786024198));
#10722 = ( GEOMETRIC_REPRESENTATION_CONTEXT(2) 
PARAMETRIC_REPRESENTATION_CONTEXT() REPRESENTATION_CONTEXT('2D SPACE',''
  ) );
#10723 = PCURVE('',#6704,#10724);
#10724 = DEFINITIONAL_REPRESENTATION('',(#10725),#10731);
#10725 = B_SPLINE_CURVE_WITH_KNOTS('',4,(#10726,#10727,#10728,#10729,
    #10730),.UNSPECIFIED.,.F.,.F.,(5,5),(0.,1.),
  .PIECEWISE_BEZIER_KNOTS.);
#10726 = CARTESIAN_POINT('',(-2.232237089968,-9.950989768966E-03));
#10727 = CARTESIAN_POINT('',(-2.225174248995,-0.131718867519));
#10728 = CARTESIAN_POINT('',(-2.218114790235,-0.253893161363));
#10729 = CARTESIAN_POINT('',(-2.211082455529,-0.376611079311));
#10730 = CARTESIAN_POINT('',(-2.20410398369,-0.5));
#10731 = ( GEOMETRIC_REPRESENTATION_CONTEXT(2) 
PARAMETRIC_REPRESENTATION_CONTEXT() REPRESENTATION_CONTEXT('2D SPACE',''
  ) );
#10732 = ORIENTED_EDGE('',*,*,#6716,.T.);
#10733 = ORIENTED_EDGE('',*,*,#10580,.F.);
#10734 = ADVANCED_FACE('',(#10735),#2724,.T.);
#10735 = FACE_BOUND('',#10736,.T.);
#10736 = EDGE_LOOP('',(#10737,#10738,#10739,#10740,#10769,#10810));
#10737 = ORIENTED_EDGE('',*,*,#2706,.F.);
#10738 = ORIENTED_EDGE('',*,*,#10610,.T.);
#10739 = ORIENTED_EDGE('',*,*,#5847,.T.);
#10740 = ORIENTED_EDGE('',*,*,#10741,.T.);
#10741 = EDGE_CURVE('',#5848,#10742,#10744,.T.);
#10742 = VERTEX_POINT('',#10743);
#10743 = CARTESIAN_POINT('',(1.455067957697,-20.94957841271,
    7.509950989769));
#10744 = SURFACE_CURVE('',#10745,(#10751,#10760),.PCURVE_S1.);
#10745 = B_SPLINE_CURVE_WITH_KNOTS('',4,(#10746,#10747,#10748,#10749,
    #10750),.UNSPECIFIED.,.F.,.F.,(5,5),(0.,1.),
  .PIECEWISE_BEZIER_KNOTS.);
#10746 = CARTESIAN_POINT('',(1.29461956109,-20.46910013146,8.));
#10747 = CARTESIAN_POINT('',(1.336110224724,-20.58920198172,
    7.877518701917));
#10748 = CARTESIAN_POINT('',(1.376297135615,-20.70936260392,
    7.754986691164));
#10749 = CARTESIAN_POINT('',(1.415736414427,-20.82951590613,
    7.632450178374));
#10750 = CARTESIAN_POINT('',(1.455067957697,-20.94957841271,
    7.509950989769));
#10751 = PCURVE('',#2724,#10752);
#10752 = DEFINITIONAL_REPRESENTATION('',(#10753),#10759);
#10753 = B_SPLINE_CURVE_WITH_KNOTS('',4,(#10754,#10755,#10756,#10757,
    #10758),.UNSPECIFIED.,.F.,.F.,(5,5),(0.,1.),
  .PIECEWISE_BEZIER_KNOTS.);
#10754 = CARTESIAN_POINT('',(1.,0.768213975802));
#10755 = CARTESIAN_POINT('',(0.984689856599,0.825421850502));
#10756 = CARTESIAN_POINT('',(0.969373371813,0.883124518311));
#10757 = CARTESIAN_POINT('',(0.9540563221,0.941314128942));
#10758 = CARTESIAN_POINT('',(0.938743935879,1.));
#10759 = ( GEOMETRIC_REPRESENTATION_CONTEXT(2) 
PARAMETRIC_REPRESENTATION_CONTEXT() REPRESENTATION_CONTEXT('2D SPACE',''
  ) );
#10760 = PCURVE('',#5893,#10761);
#10761 = DEFINITIONAL_REPRESENTATION('',(#10762),#10768);
#10762 = B_SPLINE_CURVE_WITH_KNOTS('',4,(#10763,#10764,#10765,#10766,
    #10767),.UNSPECIFIED.,.F.,.F.,(5,5),(0.,1.),
  .PIECEWISE_BEZIER_KNOTS.);
#10763 = CARTESIAN_POINT('',(-4.775552354358,-0.5));
#10764 = CARTESIAN_POINT('',(-4.777201643995,-0.377518701917));
#10765 = CARTESIAN_POINT('',(-4.778761045717,-0.254986691164));
#10766 = CARTESIAN_POINT('',(-4.780261047305,-0.132450178374));
#10767 = CARTESIAN_POINT('',(-4.781733331007,-9.950989768975E-03));
#10768 = ( GEOMETRIC_REPRESENTATION_CONTEXT(2) 
PARAMETRIC_REPRESENTATION_CONTEXT() REPRESENTATION_CONTEXT('2D SPACE',''
  ) );
#10769 = ORIENTED_EDGE('',*,*,#10770,.F.);
#10770 = EDGE_CURVE('',#10771,#10742,#10773,.T.);
#10771 = VERTEX_POINT('',#10772);
#10772 = CARTESIAN_POINT('',(6.508422933447,-19.96603339052,
    0.490049010231));
#10773 = SURFACE_CURVE('',#10774,(#10779,#10786),.PCURVE_S1.);
#10774 = B_SPLINE_CURVE_WITH_KNOTS('',3,(#10775,#10776,#10777,#10778),
  .UNSPECIFIED.,.F.,.F.,(4,4),(0.,1.),.PIECEWISE_BEZIER_KNOTS.);
#10775 = CARTESIAN_POINT('',(6.849990304229,-19.85138868774,0.));
#10776 = CARTESIAN_POINT('',(4.996725867528,-20.49129100284,
    2.666669951599));
#10777 = CARTESIAN_POINT('',(3.053415379745,-20.86952157758,
    5.333330048401));
#10778 = CARTESIAN_POINT('',(1.095436094811,-20.97140957976,8.));
#10779 = PCURVE('',#2724,#10780);
#10780 = DEFINITIONAL_REPRESENTATION('',(#10781),#10785);
#10781 = LINE('',#10782,#10783);
#10782 = CARTESIAN_POINT('',(0.,1.));
#10783 = VECTOR('',#10784,1.);
#10784 = DIRECTION('',(1.,0.));
#10785 = ( GEOMETRIC_REPRESENTATION_CONTEXT(2) 
PARAMETRIC_REPRESENTATION_CONTEXT() REPRESENTATION_CONTEXT('2D SPACE',''
  ) );
#10786 = PCURVE('',#10787,#10804);
#10787 = B_SPLINE_SURFACE_WITH_KNOTS('',3,3,(
    (#10788,#10789,#10790,#10791)
    ,(#10792,#10793,#10794,#10795)
    ,(#10796,#10797,#10798,#10799)
    ,(#10800,#10801,#10802,#10803
    )),.UNSPECIFIED.,.F.,.F.,.F.,(4,4),(4,4),(0.,1.),(0.,1.),
  .PIECEWISE_BEZIER_KNOTS.);
#10788 = CARTESIAN_POINT('',(6.849990304229,-19.85138868774,0.));
#10789 = CARTESIAN_POINT('',(6.610303888409,-19.93409584286,0.));
#10790 = CARTESIAN_POINT('',(6.369119370513,-20.01246144315,0.));
#10791 = CARTESIAN_POINT('',(6.126594940758,-20.0864340895,0.));
#10792 = CARTESIAN_POINT('',(4.996725699647,-20.49129103876,
    2.666670185642));
#10793 = CARTESIAN_POINT('',(4.749313068079,-20.55162180714,
    2.666670185642));
#10794 = CARTESIAN_POINT('',(4.500807648642,-20.60747107319,
    2.666670185642));
#10795 = CARTESIAN_POINT('',(4.251372433254,-20.658802206,2.666670185642
    ));
#10796 = CARTESIAN_POINT('',(3.053415548842,-20.86952154792,
    5.333329814358));
#10797 = CARTESIAN_POINT('',(2.801436137217,-20.90638871473,
    5.333329814358));
#10798 = CARTESIAN_POINT('',(2.548788945013,-20.93869166008,
    5.333329814358));
#10799 = CARTESIAN_POINT('',(2.295639680688,-20.96640919684,
    5.333329814358));
#10800 = CARTESIAN_POINT('',(1.095436094811,-20.97140957976,8.));
#10801 = CARTESIAN_POINT('',(0.842226473037,-20.98463602585,8.));
#10802 = CARTESIAN_POINT('',(0.588777286062,-20.99327596819,8.));
#10803 = CARTESIAN_POINT('',(0.335254768365,-20.99732373995,8.));
#10804 = DEFINITIONAL_REPRESENTATION('',(#10805),#10809);
#10805 = LINE('',#10806,#10807);
#10806 = CARTESIAN_POINT('',(0.,0.));
#10807 = VECTOR('',#10808,1.);
#10808 = DIRECTION('',(1.,0.));
#10809 = ( GEOMETRIC_REPRESENTATION_CONTEXT(2) 
PARAMETRIC_REPRESENTATION_CONTEXT() REPRESENTATION_CONTEXT('2D SPACE',''
  ) );
#10810 = ORIENTED_EDGE('',*,*,#10811,.T.);
#10811 = EDGE_CURVE('',#10771,#2678,#10812,.T.);
#10812 = SURFACE_CURVE('',#10813,(#10819,#10828),.PCURVE_S1.);
#10813 = B_SPLINE_CURVE_WITH_KNOTS('',4,(#10814,#10815,#10816,#10817,
    #10818),.UNSPECIFIED.,.F.,.F.,(5,5),(0.,1.),
  .PIECEWISE_BEZIER_KNOTS.);
#10814 = CARTESIAN_POINT('',(6.508422933447,-19.96603339052,
    0.490049010231));
#10815 = CARTESIAN_POINT('',(6.611701042699,-19.80429325154,
    0.368281132481));
#10816 = CARTESIAN_POINT('',(6.712172536485,-19.64157147109,
    0.246106838637));
#10817 = CARTESIAN_POINT('',(6.809302636593,-19.477952195,0.123388920689
    ));
#10818 = CARTESIAN_POINT('',(6.902555959159,-19.31359161913,
    -8.881784197001E-16));
#10819 = PCURVE('',#2724,#10820);
#10820 = DEFINITIONAL_REPRESENTATION('',(#10821),#10827);
#10821 = B_SPLINE_CURVE_WITH_KNOTS('',4,(#10822,#10823,#10824,#10825,
    #10826),.UNSPECIFIED.,.F.,.F.,(5,5),(0.,1.),
  .PIECEWISE_BEZIER_KNOTS.);
#10822 = CARTESIAN_POINT('',(6.125606412117E-02,1.));
#10823 = CARTESIAN_POINT('',(4.603509168317E-02,0.941664479136));
#10824 = CARTESIAN_POINT('',(3.076331927809E-02,0.883642277695));
#10825 = CARTESIAN_POINT('',(1.54235960866E-02,0.825845777756));
#10826 = CARTESIAN_POINT('',(0.,0.768213975802));
#10827 = ( GEOMETRIC_REPRESENTATION_CONTEXT(2) 
PARAMETRIC_REPRESENTATION_CONTEXT() REPRESENTATION_CONTEXT('2D SPACE',''
  ) );
#10828 = PCURVE('',#2694,#10829);
#10829 = DEFINITIONAL_REPRESENTATION('',(#10830),#10836);
#10830 = B_SPLINE_CURVE_WITH_KNOTS('',4,(#10831,#10832,#10833,#10834,
    #10835),.UNSPECIFIED.,.F.,.F.,(5,5),(0.,1.),
  .PIECEWISE_BEZIER_KNOTS.);
#10831 = CARTESIAN_POINT('',(5.027502263363,0.500049010231));
#10832 = CARTESIAN_POINT('',(5.034565104337,0.378281132481));
#10833 = CARTESIAN_POINT('',(5.041624563096,0.256106838637));
#10834 = CARTESIAN_POINT('',(5.048656897803,0.133388920689));
#10835 = CARTESIAN_POINT('',(5.055635369642,1.E-02));
#10836 = ( GEOMETRIC_REPRESENTATION_CONTEXT(2) 
PARAMETRIC_REPRESENTATION_CONTEXT() REPRESENTATION_CONTEXT('2D SPACE',''
  ) );
#10837 = ADVANCED_FACE('',(#10838),#1526,.T.);
#10838 = FACE_BOUND('',#10839,.T.);
#10839 = EDGE_LOOP('',(#10840,#10841,#10842,#10871));
#10840 = ORIENTED_EDGE('',*,*,#10636,.T.);
#10841 = ORIENTED_EDGE('',*,*,#1509,.T.);
#10842 = ORIENTED_EDGE('',*,*,#10843,.F.);
#10843 = EDGE_CURVE('',#10844,#1510,#10846,.T.);
#10844 = VERTEX_POINT('',#10845);
#10845 = CARTESIAN_POINT('',(-17.00116473346,12.327305307228,
    0.490049010231));
#10846 = SURFACE_CURVE('',#10847,(#10853,#10862),.PCURVE_S1.);
#10847 = B_SPLINE_CURVE_WITH_KNOTS('',4,(#10848,#10849,#10850,#10851,
    #10852),.UNSPECIFIED.,.F.,.F.,(5,5),(0.,1.),
  .PIECEWISE_BEZIER_KNOTS.);
#10848 = CARTESIAN_POINT('',(-17.00116473346,12.327305307228,
    0.490049010231));
#10849 = CARTESIAN_POINT('',(-16.9896500106,12.13574943662,
    0.368281132481));
#10850 = CARTESIAN_POINT('',(-16.97528769375,11.94504908856,
    0.246106838637));
#10851 = CARTESIAN_POINT('',(-16.95769459792,11.755586673199,
    0.123388920689));
#10852 = CARTESIAN_POINT('',(-16.93652939811,11.56780324638,
    -8.881784197001E-16));
#10853 = PCURVE('',#1526,#10854);
#10854 = DEFINITIONAL_REPRESENTATION('',(#10855),#10861);
#10855 = B_SPLINE_CURVE_WITH_KNOTS('',4,(#10856,#10857,#10858,#10859,
    #10860),.UNSPECIFIED.,.F.,.F.,(5,5),(0.,1.),
  .PIECEWISE_BEZIER_KNOTS.);
#10856 = CARTESIAN_POINT('',(2.514228140492,0.500049010231));
#10857 = CARTESIAN_POINT('',(2.521290981465,0.378281132481));
#10858 = CARTESIAN_POINT('',(2.528350440225,0.256106838637));
#10859 = CARTESIAN_POINT('',(2.535382774931,0.133388920689));
#10860 = CARTESIAN_POINT('',(2.54236124677,1.E-02));
#10861 = ( GEOMETRIC_REPRESENTATION_CONTEXT(2) 
PARAMETRIC_REPRESENTATION_CONTEXT() REPRESENTATION_CONTEXT('2D SPACE',''
  ) );
#10862 = PCURVE('',#1556,#10863);
#10863 = DEFINITIONAL_REPRESENTATION('',(#10864),#10870);
#10864 = B_SPLINE_CURVE_WITH_KNOTS('',4,(#10865,#10866,#10867,#10868,
    #10869),.UNSPECIFIED.,.F.,.F.,(5,5),(0.,1.),
  .PIECEWISE_BEZIER_KNOTS.);
#10865 = CARTESIAN_POINT('',(6.125606412117E-02,1.));
#10866 = CARTESIAN_POINT('',(4.603509168317E-02,0.941664479136));
#10867 = CARTESIAN_POINT('',(3.076331927809E-02,0.883642277695));
#10868 = CARTESIAN_POINT('',(1.54235960866E-02,0.825845777756));
#10869 = CARTESIAN_POINT('',(0.,0.768213975802));
#10870 = ( GEOMETRIC_REPRESENTATION_CONTEXT(2) 
PARAMETRIC_REPRESENTATION_CONTEXT() REPRESENTATION_CONTEXT('2D SPACE',''
  ) );
#10871 = ORIENTED_EDGE('',*,*,#10872,.T.);
#10872 = EDGE_CURVE('',#10844,#10637,#10873,.T.);
#10873 = SURFACE_CURVE('',#10874,(#10880,#10889),.PCURVE_S1.);
#10874 = B_SPLINE_CURVE_WITH_KNOTS('',4,(#10875,#10876,#10877,#10878,
    #10879),.UNSPECIFIED.,.F.,.F.,(5,5),(0.,1.),
  .PIECEWISE_BEZIER_KNOTS.);
#10875 = CARTESIAN_POINT('',(-17.00116473258,12.327305303949,
    0.490049007589));
#10876 = CARTESIAN_POINT('',(-16.88953449779,12.481259932181,
    0.490049088273));
#10877 = CARTESIAN_POINT('',(-16.77604524957,12.633866435699,
    0.490048864155));
#10878 = CARTESIAN_POINT('',(-16.66072179408,12.785091877581,
    0.490049088273));
#10879 = CARTESIAN_POINT('',(-16.54358935879,12.934902761472,
    0.490049007589));
#10880 = PCURVE('',#1526,#10881);
#10881 = DEFINITIONAL_REPRESENTATION('',(#10882),#10888);
#10882 = B_SPLINE_CURVE_WITH_KNOTS('',4,(#10883,#10884,#10885,#10886,
    #10887),.UNSPECIFIED.,.F.,.F.,(5,5),(0.,1.),
  .PIECEWISE_BEZIER_KNOTS.);
#10883 = CARTESIAN_POINT('',(2.514228140593,0.500049007589));
#10884 = CARTESIAN_POINT('',(2.505172609205,0.500049088273));
#10885 = CARTESIAN_POINT('',(2.496117084686,0.500048864155));
#10886 = CARTESIAN_POINT('',(2.48706155024,0.500049088273));
#10887 = CARTESIAN_POINT('',(2.478006022426,0.500049007589));
#10888 = ( GEOMETRIC_REPRESENTATION_CONTEXT(2) 
PARAMETRIC_REPRESENTATION_CONTEXT() REPRESENTATION_CONTEXT('2D SPACE',''
  ) );
#10889 = PCURVE('',#10682,#10890);
#10890 = DEFINITIONAL_REPRESENTATION('',(#10891),#10897);
#10891 = B_SPLINE_CURVE_WITH_KNOTS('',4,(#10892,#10893,#10894,#10895,
    #10896),.UNSPECIFIED.,.F.,.F.,(5,5),(0.,1.),
  .PIECEWISE_BEZIER_KNOTS.);
#10892 = CARTESIAN_POINT('',(6.125605936233E-02,0.));
#10893 = CARTESIAN_POINT('',(6.125606944785E-02,0.249999970936));
#10894 = CARTESIAN_POINT('',(6.125604143309E-02,0.500000050941));
#10895 = CARTESIAN_POINT('',(6.125606944785E-02,0.749999971755));
#10896 = CARTESIAN_POINT('',(6.125605936233E-02,1.));
#10897 = ( GEOMETRIC_REPRESENTATION_CONTEXT(2) 
PARAMETRIC_REPRESENTATION_CONTEXT() REPRESENTATION_CONTEXT('2D SPACE',''
  ) );
#10898 = ADVANCED_FACE('',(#10899),#2694,.T.);
#10899 = FACE_BOUND('',#10900,.T.);
#10900 = EDGE_LOOP('',(#10901,#10930,#10931,#10932));
#10901 = ORIENTED_EDGE('',*,*,#10902,.T.);
#10902 = EDGE_CURVE('',#10903,#2636,#10905,.T.);
#10903 = VERTEX_POINT('',#10904);
#10904 = CARTESIAN_POINT('',(5.78109985487,-20.18863400282,
    0.490049010231));
#10905 = SURFACE_CURVE('',#10906,(#10912,#10921),.PCURVE_S1.);
#10906 = B_SPLINE_CURVE_WITH_KNOTS('',4,(#10907,#10908,#10909,#10910,
    #10911),.UNSPECIFIED.,.F.,.F.,(5,5),(0.,1.),
  .PIECEWISE_BEZIER_KNOTS.);
#10907 = CARTESIAN_POINT('',(5.78109985487,-20.18863400282,
    0.490049010231));
#10908 = CARTESIAN_POINT('',(5.777100471281,-20.06235660693,
    0.367549821625));
#10909 = CARTESIAN_POINT('',(5.77317137347,-19.93595710165,
    0.245013308838));
#10910 = CARTESIAN_POINT('',(5.769942534213,-19.80929559395,
    0.122481298081));
#10911 = CARTESIAN_POINT('',(5.767959246943,-19.68224443821,
    -4.440892098501E-16));
#10912 = PCURVE('',#2694,#10913);
#10913 = DEFINITIONAL_REPRESENTATION('',(#10914),#10920);
#10914 = B_SPLINE_CURVE_WITH_KNOTS('',4,(#10915,#10916,#10917,#10918,
    #10919),.UNSPECIFIED.,.F.,.F.,(5,5),(0.,1.),
  .PIECEWISE_BEZIER_KNOTS.);
#10915 = CARTESIAN_POINT('',(4.991280145196,0.500049010231));
#10916 = CARTESIAN_POINT('',(4.992752428899,0.377549821625));
#10917 = CARTESIAN_POINT('',(4.994252430487,0.255013308838));
#10918 = CARTESIAN_POINT('',(4.995811832208,0.132481298081));
#10919 = CARTESIAN_POINT('',(4.997461121846,1.E-02));
#10920 = ( GEOMETRIC_REPRESENTATION_CONTEXT(2) 
PARAMETRIC_REPRESENTATION_CONTEXT() REPRESENTATION_CONTEXT('2D SPACE',''
  ) );
#10921 = PCURVE('',#2653,#10922);
#10922 = DEFINITIONAL_REPRESENTATION('',(#10923),#10929);
#10923 = B_SPLINE_CURVE_WITH_KNOTS('',4,(#10924,#10925,#10926,#10927,
    #10928),.UNSPECIFIED.,.F.,.F.,(5,5),(0.,1.),
  .PIECEWISE_BEZIER_KNOTS.);
#10924 = CARTESIAN_POINT('',(6.125606412117E-02,0.));
#10925 = CARTESIAN_POINT('',(4.594367789993E-02,5.86858710587E-02));
#10926 = CARTESIAN_POINT('',(3.062662818737E-02,0.116875481688));
#10927 = CARTESIAN_POINT('',(1.531014340031E-02,0.174578149499));
#10928 = CARTESIAN_POINT('',(0.,0.231786024198));
#10929 = ( GEOMETRIC_REPRESENTATION_CONTEXT(2) 
PARAMETRIC_REPRESENTATION_CONTEXT() REPRESENTATION_CONTEXT('2D SPACE',''
  ) );
#10930 = ORIENTED_EDGE('',*,*,#2677,.T.);
#10931 = ORIENTED_EDGE('',*,*,#10811,.F.);
#10932 = ORIENTED_EDGE('',*,*,#10933,.T.);
#10933 = EDGE_CURVE('',#10771,#10903,#10934,.T.);
#10934 = SURFACE_CURVE('',#10935,(#10941,#10950),.PCURVE_S1.);
#10935 = B_SPLINE_CURVE_WITH_KNOTS('',4,(#10936,#10937,#10938,#10939,
    #10940),.UNSPECIFIED.,.F.,.F.,(5,5),(0.,1.),
  .PIECEWISE_BEZIER_KNOTS.);
#10936 = CARTESIAN_POINT('',(6.508422934659,-19.96603338734,
    0.490049007589));
#10937 = CARTESIAN_POINT('',(6.32761991763,-20.02497069223,
    0.490049088273));
#10938 = CARTESIAN_POINT('',(6.146105334972,-20.08172464063,
    0.490048864155));
#10939 = CARTESIAN_POINT('',(5.963918615124,-20.13628316672,
    0.490049088273));
#10940 = CARTESIAN_POINT('',(5.781099856195,-20.1886339997,
    0.490049007589));
#10941 = PCURVE('',#2694,#10942);
#10942 = DEFINITIONAL_REPRESENTATION('',(#10943),#10949);
#10943 = B_SPLINE_CURVE_WITH_KNOTS('',4,(#10944,#10945,#10946,#10947,
    #10948),.UNSPECIFIED.,.F.,.F.,(5,5),(0.,1.),
  .PIECEWISE_BEZIER_KNOTS.);
#10944 = CARTESIAN_POINT('',(5.027502263465,0.500049007589));
#10945 = CARTESIAN_POINT('',(5.018446732077,0.500049088273));
#10946 = CARTESIAN_POINT('',(5.009391207558,0.500048864155));
#10947 = CARTESIAN_POINT('',(5.000335673112,0.500049088273));
#10948 = CARTESIAN_POINT('',(4.991280145298,0.500049007589));
#10949 = ( GEOMETRIC_REPRESENTATION_CONTEXT(2) 
PARAMETRIC_REPRESENTATION_CONTEXT() REPRESENTATION_CONTEXT('2D SPACE',''
  ) );
#10950 = PCURVE('',#10787,#10951);
#10951 = DEFINITIONAL_REPRESENTATION('',(#10952),#10958);
#10952 = B_SPLINE_CURVE_WITH_KNOTS('',4,(#10953,#10954,#10955,#10956,
    #10957),.UNSPECIFIED.,.F.,.F.,(5,5),(0.,1.),
  .PIECEWISE_BEZIER_KNOTS.);
#10953 = CARTESIAN_POINT('',(6.125605936233E-02,0.));
#10954 = CARTESIAN_POINT('',(6.125606944785E-02,0.249999970936));
#10955 = CARTESIAN_POINT('',(6.125604143309E-02,0.500000050941));
#10956 = CARTESIAN_POINT('',(6.125606944785E-02,0.749999971755));
#10957 = CARTESIAN_POINT('',(6.125605936233E-02,1.));
#10958 = ( GEOMETRIC_REPRESENTATION_CONTEXT(2) 
PARAMETRIC_REPRESENTATION_CONTEXT() REPRESENTATION_CONTEXT('2D SPACE',''
  ) );
#10959 = ADVANCED_FACE('',(#10960),#1556,.T.);
#10960 = FACE_BOUND('',#10961,.T.);
#10961 = EDGE_LOOP('',(#10962,#10963,#10985,#10986,#11015,#11037));
#10962 = ORIENTED_EDGE('',*,*,#1538,.F.);
#10963 = ORIENTED_EDGE('',*,*,#10964,.T.);
#10964 = EDGE_CURVE('',#1539,#6634,#10965,.T.);
#10965 = SURFACE_CURVE('',#10966,(#10971,#10978),.PCURVE_S1.);
#10966 = B_SPLINE_CURVE_WITH_KNOTS('',3,(#10967,#10968,#10969,#10970),
  .UNSPECIFIED.,.F.,.F.,(4,4),(0.,1.),.PIECEWISE_BEZIER_KNOTS.);
#10967 = CARTESIAN_POINT('',(-15.7803970272,10.207250280436,0.));
#10968 = CARTESIAN_POINT('',(-14.82770504732,11.680747070062,
    2.666669690328));
#10969 = CARTESIAN_POINT('',(-13.66717716621,13.019560568337,
    5.333330309672));
#10970 = CARTESIAN_POINT('',(-12.34382868025,14.171760022539,8.));
#10971 = PCURVE('',#1556,#10972);
#10972 = DEFINITIONAL_REPRESENTATION('',(#10973),#10977);
#10973 = LINE('',#10974,#10975);
#10974 = CARTESIAN_POINT('',(0.,0.));
#10975 = VECTOR('',#10976,1.);
#10976 = DIRECTION('',(1.,0.));
#10977 = ( GEOMETRIC_REPRESENTATION_CONTEXT(2) 
PARAMETRIC_REPRESENTATION_CONTEXT() REPRESENTATION_CONTEXT('2D SPACE',''
  ) );
#10978 = PCURVE('',#1598,#10979);
#10979 = DEFINITIONAL_REPRESENTATION('',(#10980),#10984);
#10980 = LINE('',#10981,#10982);
#10981 = CARTESIAN_POINT('',(0.,1.));
#10982 = VECTOR('',#10983,1.);
#10983 = DIRECTION('',(1.,0.));
#10984 = ( GEOMETRIC_REPRESENTATION_CONTEXT(2) 
PARAMETRIC_REPRESENTATION_CONTEXT() REPRESENTATION_CONTEXT('2D SPACE',''
  ) );
#10985 = ORIENTED_EDGE('',*,*,#6658,.T.);
#10986 = ORIENTED_EDGE('',*,*,#10987,.T.);
#10987 = EDGE_CURVE('',#6659,#10988,#10990,.T.);
#10988 = VERTEX_POINT('',#10989);
#10989 = CARTESIAN_POINT('',(-13.49102793848,16.093297474261,
    7.509950989769));
#10990 = SURFACE_CURVE('',#10991,(#10997,#11006),.PCURVE_S1.);
#10991 = B_SPLINE_CURVE_WITH_KNOTS('',4,(#10992,#10993,#10994,#10995,
    #10996),.UNSPECIFIED.,.F.,.F.,(5,5),(0.,1.),
  .PIECEWISE_BEZIER_KNOTS.);
#10992 = CARTESIAN_POINT('',(-13.07880441114,15.798891580581,8.));
#10993 = CARTESIAN_POINT('',(-13.18296515949,15.871668418306,
    7.877518701917));
#10994 = CARTESIAN_POINT('',(-13.28610569498,15.945259130162,
    7.754986691164));
#10995 = CARTESIAN_POINT('',(-13.38863708084,16.019283367133,
    7.632450178374));
#10996 = CARTESIAN_POINT('',(-13.49102793848,16.093297474261,
    7.509950989769));
#10997 = PCURVE('',#1556,#10998);
#10998 = DEFINITIONAL_REPRESENTATION('',(#10999),#11005);
#10999 = B_SPLINE_CURVE_WITH_KNOTS('',4,(#11000,#11001,#11002,#11003,
    #11004),.UNSPECIFIED.,.F.,.F.,(5,5),(0.,1.),
  .PIECEWISE_BEZIER_KNOTS.);
#11000 = CARTESIAN_POINT('',(1.,0.768213975802));
#11001 = CARTESIAN_POINT('',(0.984689856599,0.825421850502));
#11002 = CARTESIAN_POINT('',(0.969373371813,0.883124518311));
#11003 = CARTESIAN_POINT('',(0.9540563221,0.941314128942));
#11004 = CARTESIAN_POINT('',(0.938743935879,1.));
#11005 = ( GEOMETRIC_REPRESENTATION_CONTEXT(2) 
PARAMETRIC_REPRESENTATION_CONTEXT() REPRESENTATION_CONTEXT('2D SPACE',''
  ) );
#11006 = PCURVE('',#6704,#11007);
#11007 = DEFINITIONAL_REPRESENTATION('',(#11008),#11014);
#11008 = B_SPLINE_CURVE_WITH_KNOTS('',4,(#11009,#11010,#11011,#11012,
    #11013),.UNSPECIFIED.,.F.,.F.,(5,5),(0.,1.),
  .PIECEWISE_BEZIER_KNOTS.);
#11009 = CARTESIAN_POINT('',(-2.262278231486,-0.5));
#11010 = CARTESIAN_POINT('',(-2.263927521123,-0.377518701917));
#11011 = CARTESIAN_POINT('',(-2.265486922845,-0.254986691164));
#11012 = CARTESIAN_POINT('',(-2.266986924433,-0.132450178374));
#11013 = CARTESIAN_POINT('',(-2.268459208136,-9.950989768972E-03));
#11014 = ( GEOMETRIC_REPRESENTATION_CONTEXT(2) 
PARAMETRIC_REPRESENTATION_CONTEXT() REPRESENTATION_CONTEXT('2D SPACE',''
  ) );
#11015 = ORIENTED_EDGE('',*,*,#11016,.F.);
#11016 = EDGE_CURVE('',#10844,#10988,#11017,.T.);
#11017 = SURFACE_CURVE('',#11018,(#11023,#11030),.PCURVE_S1.);
#11018 = B_SPLINE_CURVE_WITH_KNOTS('',3,(#11019,#11020,#11021,#11022),
  .UNSPECIFIED.,.F.,.F.,(4,4),(0.,1.),.PIECEWISE_BEZIER_KNOTS.);
#11019 = CARTESIAN_POINT('',(-17.2101120756,12.033787531157,0.));
#11020 = CARTESIAN_POINT('',(-16.08691479497,13.640800883306,
    2.666669951599));
#11021 = CARTESIAN_POINT('',(-14.7370619388,15.089045091406,
    5.333330048401));
#11022 = CARTESIAN_POINT('',(-13.21291168772,16.322345564667,8.));
#11023 = PCURVE('',#1556,#11024);
#11024 = DEFINITIONAL_REPRESENTATION('',(#11025),#11029);
#11025 = LINE('',#11026,#11027);
#11026 = CARTESIAN_POINT('',(0.,1.));
#11027 = VECTOR('',#11028,1.);
#11028 = DIRECTION('',(1.,0.));
#11029 = ( GEOMETRIC_REPRESENTATION_CONTEXT(2) 
PARAMETRIC_REPRESENTATION_CONTEXT() REPRESENTATION_CONTEXT('2D SPACE',''
  ) );
#11030 = PCURVE('',#10682,#11031);
#11031 = DEFINITIONAL_REPRESENTATION('',(#11032),#11036);
#11032 = LINE('',#11033,#11034);
#11033 = CARTESIAN_POINT('',(0.,0.));
#11034 = VECTOR('',#11035,1.);
#11035 = DIRECTION('',(1.,0.));
#11036 = ( GEOMETRIC_REPRESENTATION_CONTEXT(2) 
PARAMETRIC_REPRESENTATION_CONTEXT() REPRESENTATION_CONTEXT('2D SPACE',''
  ) );
#11037 = ORIENTED_EDGE('',*,*,#10843,.T.);
#11038 = ADVANCED_FACE('',(#11039),#2653,.T.);
#11039 = FACE_BOUND('',#11040,.T.);
#11040 = EDGE_LOOP('',(#11041,#11042,#11043,#11067,#11094,#11095));
#11041 = ORIENTED_EDGE('',*,*,#2635,.F.);
#11042 = ORIENTED_EDGE('',*,*,#10902,.F.);
#11043 = ORIENTED_EDGE('',*,*,#11044,.T.);
#11044 = EDGE_CURVE('',#10903,#11045,#11047,.T.);
#11045 = VERTEX_POINT('',#11046);
#11046 = CARTESIAN_POINT('',(0.695441329221,-20.98853067248,
    7.509950989769));
#11047 = SURFACE_CURVE('',#11048,(#11053,#11060),.PCURVE_S1.);
#11048 = B_SPLINE_CURVE_WITH_KNOTS('',3,(#11049,#11050,#11051,#11052),
  .UNSPECIFIED.,.F.,.F.,(4,4),(0.,1.),.PIECEWISE_BEZIER_KNOTS.);
#11049 = CARTESIAN_POINT('',(6.126594940758,-20.0864340895,0.));
#11050 = CARTESIAN_POINT('',(4.251372602325,-20.65880217618,
    2.666669951599));
#11051 = CARTESIAN_POINT('',(2.295639510627,-20.96640922036,
    5.333330048401));
#11052 = CARTESIAN_POINT('',(0.335254768365,-20.99732373995,8.));
#11053 = PCURVE('',#2653,#11054);
#11054 = DEFINITIONAL_REPRESENTATION('',(#11055),#11059);
#11055 = LINE('',#11056,#11057);
#11056 = CARTESIAN_POINT('',(0.,0.));
#11057 = VECTOR('',#11058,1.);
#11058 = DIRECTION('',(1.,0.));
#11059 = ( GEOMETRIC_REPRESENTATION_CONTEXT(2) 
PARAMETRIC_REPRESENTATION_CONTEXT() REPRESENTATION_CONTEXT('2D SPACE',''
  ) );
#11060 = PCURVE('',#10787,#11061);
#11061 = DEFINITIONAL_REPRESENTATION('',(#11062),#11066);
#11062 = LINE('',#11063,#11064);
#11063 = CARTESIAN_POINT('',(0.,1.));
#11064 = VECTOR('',#11065,1.);
#11065 = DIRECTION('',(1.,0.));
#11066 = ( GEOMETRIC_REPRESENTATION_CONTEXT(2) 
PARAMETRIC_REPRESENTATION_CONTEXT() REPRESENTATION_CONTEXT('2D SPACE',''
  ) );
#11067 = ORIENTED_EDGE('',*,*,#11068,.T.);
#11068 = EDGE_CURVE('',#11045,#5873,#11069,.T.);
#11069 = SURFACE_CURVE('',#11070,(#11076,#11085),.PCURVE_S1.);
#11070 = B_SPLINE_CURVE_WITH_KNOTS('',4,(#11071,#11072,#11073,#11074,
    #11075),.UNSPECIFIED.,.F.,.F.,(5,5),(0.,1.),
  .PIECEWISE_BEZIER_KNOTS.);
#11071 = CARTESIAN_POINT('',(0.695441329221,-20.98853067248,
    7.509950989769));
#11072 = CARTESIAN_POINT('',(0.543170188288,-20.87174137483,
    7.631718867519));
#11073 = CARTESIAN_POINT('',(0.393202224237,-20.75307162866,
    7.753893161363));
#11074 = CARTESIAN_POINT('',(0.24606882981,-20.63241804148,
    7.876611079311));
#11075 = CARTESIAN_POINT('',(0.102326553382,-20.50974473942,8.));
#11076 = PCURVE('',#2653,#11077);
#11077 = DEFINITIONAL_REPRESENTATION('',(#11078),#11084);
#11078 = B_SPLINE_CURVE_WITH_KNOTS('',4,(#11079,#11080,#11081,#11082,
    #11083),.UNSPECIFIED.,.F.,.F.,(5,5),(0.,1.),
  .PIECEWISE_BEZIER_KNOTS.);
#11079 = CARTESIAN_POINT('',(0.938743935879,0.));
#11080 = CARTESIAN_POINT('',(0.953964908317,5.833552086386E-02));
#11081 = CARTESIAN_POINT('',(0.969236680722,0.116357722305));
#11082 = CARTESIAN_POINT('',(0.984576403913,0.174154222244));
#11083 = CARTESIAN_POINT('',(1.,0.231786024198));
#11084 = ( GEOMETRIC_REPRESENTATION_CONTEXT(2) 
PARAMETRIC_REPRESENTATION_CONTEXT() REPRESENTATION_CONTEXT('2D SPACE',''
  ) );
#11085 = PCURVE('',#5893,#11086);
#11086 = DEFINITIONAL_REPRESENTATION('',(#11087),#11093);
#11087 = B_SPLINE_CURVE_WITH_KNOTS('',4,(#11088,#11089,#11090,#11091,
    #11092),.UNSPECIFIED.,.F.,.F.,(5,5),(0.,1.),
  .PIECEWISE_BEZIER_KNOTS.);
#11088 = CARTESIAN_POINT('',(-4.74551121284,-9.950989768963E-03));
#11089 = CARTESIAN_POINT('',(-4.738448371867,-0.131718867519));
#11090 = CARTESIAN_POINT('',(-4.731388913107,-0.253893161363));
#11091 = CARTESIAN_POINT('',(-4.724356578401,-0.376611079311));
#11092 = CARTESIAN_POINT('',(-4.717378106562,-0.5));
#11093 = ( GEOMETRIC_REPRESENTATION_CONTEXT(2) 
PARAMETRIC_REPRESENTATION_CONTEXT() REPRESENTATION_CONTEXT('2D SPACE',''
  ) );
#11094 = ORIENTED_EDGE('',*,*,#5905,.T.);
#11095 = ORIENTED_EDGE('',*,*,#11096,.F.);
#11096 = EDGE_CURVE('',#2594,#5906,#11097,.T.);
#11097 = SURFACE_CURVE('',#11098,(#11103,#11110),.PCURVE_S1.);
#11098 = B_SPLINE_CURVE_WITH_KNOTS('',3,(#11099,#11100,#11101,#11102),
  .UNSPECIFIED.,.F.,.F.,(4,4),(0.,1.),.PIECEWISE_BEZIER_KNOTS.);
#11099 = CARTESIAN_POINT('',(4.831261033273,-18.16226322494,0.));
#11100 = CARTESIAN_POINT('',(3.13566191805,-18.61365932376,
    2.666669690328));
#11101 = CARTESIAN_POINT('',(1.376599627837,-18.82566499622,
    5.333330309672));
#11102 = CARTESIAN_POINT('',(-0.377694206198,-18.79005683095,8.));
#11103 = PCURVE('',#2653,#11104);
#11104 = DEFINITIONAL_REPRESENTATION('',(#11105),#11109);
#11105 = LINE('',#11106,#11107);
#11106 = CARTESIAN_POINT('',(0.,1.));
#11107 = VECTOR('',#11108,1.);
#11108 = DIRECTION('',(1.,0.));
#11109 = ( GEOMETRIC_REPRESENTATION_CONTEXT(2) 
PARAMETRIC_REPRESENTATION_CONTEXT() REPRESENTATION_CONTEXT('2D SPACE',''
  ) );
#11110 = PCURVE('',#2611,#11111);
#11111 = DEFINITIONAL_REPRESENTATION('',(#11112),#11116);
#11112 = LINE('',#11113,#11114);
#11113 = CARTESIAN_POINT('',(0.,0.));
#11114 = VECTOR('',#11115,1.);
#11115 = DIRECTION('',(1.,0.));
#11116 = ( GEOMETRIC_REPRESENTATION_CONTEXT(2) 
PARAMETRIC_REPRESENTATION_CONTEXT() REPRESENTATION_CONTEXT('2D SPACE',''
  ) );
#11117 = ADVANCED_FACE('',(#11118),#1598,.T.);
#11118 = FACE_BOUND('',#11119,.T.);
#11119 = EDGE_LOOP('',(#11120,#11121,#11143,#11144));
#11120 = ORIENTED_EDGE('',*,*,#1580,.F.);
#11121 = ORIENTED_EDGE('',*,*,#11122,.T.);
#11122 = EDGE_CURVE('',#1581,#6609,#11123,.T.);
#11123 = SURFACE_CURVE('',#11124,(#11129,#11136),.PCURVE_S1.);
#11124 = B_SPLINE_CURVE_WITH_KNOTS('',3,(#11125,#11126,#11127,#11128),
  .UNSPECIFIED.,.F.,.F.,(4,4),(0.,1.),.PIECEWISE_BEZIER_KNOTS.);
#11125 = CARTESIAN_POINT('',(-16.25887692636,9.426442049744,0.));
#11126 = CARTESIAN_POINT('',(-15.37909253628,10.944596924765,
    2.666669690328));
#11127 = CARTESIAN_POINT('',(-14.28515831099,12.338352447351,
    5.333330309672));
#11128 = CARTESIAN_POINT('',(-13.01950646962,13.553646738464,8.));
#11129 = PCURVE('',#1598,#11130);
#11130 = DEFINITIONAL_REPRESENTATION('',(#11131),#11135);
#11131 = LINE('',#11132,#11133);
#11132 = CARTESIAN_POINT('',(0.,0.));
#11133 = VECTOR('',#11134,1.);
#11134 = DIRECTION('',(1.,0.));
#11135 = ( GEOMETRIC_REPRESENTATION_CONTEXT(2) 
PARAMETRIC_REPRESENTATION_CONTEXT() REPRESENTATION_CONTEXT('2D SPACE',''
  ) );
#11136 = PCURVE('',#1640,#11137);
#11137 = DEFINITIONAL_REPRESENTATION('',(#11138),#11142);
#11138 = LINE('',#11139,#11140);
#11139 = CARTESIAN_POINT('',(0.,1.));
#11140 = VECTOR('',#11141,1.);
#11141 = DIRECTION('',(1.,0.));
#11142 = ( GEOMETRIC_REPRESENTATION_CONTEXT(2) 
PARAMETRIC_REPRESENTATION_CONTEXT() REPRESENTATION_CONTEXT('2D SPACE',''
  ) );
#11143 = ORIENTED_EDGE('',*,*,#6633,.T.);
#11144 = ORIENTED_EDGE('',*,*,#10964,.F.);
#11145 = ADVANCED_FACE('',(#11146),#2611,.T.);
#11146 = FACE_BOUND('',#11147,.T.);
#11147 = EDGE_LOOP('',(#11148,#11149,#11150,#11151));
#11148 = ORIENTED_EDGE('',*,*,#2593,.F.);
#11149 = ORIENTED_EDGE('',*,*,#11096,.T.);
#11150 = ORIENTED_EDGE('',*,*,#5930,.T.);
#11151 = ORIENTED_EDGE('',*,*,#11152,.F.);
#11152 = EDGE_CURVE('',#2552,#5931,#11153,.T.);
#11153 = SURFACE_CURVE('',#11154,(#11159,#11166),.PCURVE_S1.);
#11154 = B_SPLINE_CURVE_WITH_KNOTS('',3,(#11155,#11156,#11157,#11158),
  .UNSPECIFIED.,.F.,.F.,(4,4),(0.,1.),.PIECEWISE_BEZIER_KNOTS.);
#11155 = CARTESIAN_POINT('',(3.940809857191,-18.37604163832,0.));
#11156 = CARTESIAN_POINT('',(2.225235325834,-18.74430625096,
    2.666669690328));
#11157 = CARTESIAN_POINT('',(0.457934087968,-18.87037321984,
    5.333330309672));
#11158 = CARTESIAN_POINT('',(-1.292542647676,-18.74935257889,8.));
#11159 = PCURVE('',#2611,#11160);
#11160 = DEFINITIONAL_REPRESENTATION('',(#11161),#11165);
#11161 = LINE('',#11162,#11163);
#11162 = CARTESIAN_POINT('',(0.,1.));
#11163 = VECTOR('',#11164,1.);
#11164 = DIRECTION('',(1.,0.));
#11165 = ( GEOMETRIC_REPRESENTATION_CONTEXT(2) 
PARAMETRIC_REPRESENTATION_CONTEXT() REPRESENTATION_CONTEXT('2D SPACE',''
  ) );
#11166 = PCURVE('',#2569,#11167);
#11167 = DEFINITIONAL_REPRESENTATION('',(#11168),#11172);
#11168 = LINE('',#11169,#11170);
#11169 = CARTESIAN_POINT('',(0.,0.));
#11170 = VECTOR('',#11171,1.);
#11171 = DIRECTION('',(1.,0.));
#11172 = ( GEOMETRIC_REPRESENTATION_CONTEXT(2) 
PARAMETRIC_REPRESENTATION_CONTEXT() REPRESENTATION_CONTEXT('2D SPACE',''
  ) );
#11173 = ADVANCED_FACE('',(#11174),#1640,.T.);
#11174 = FACE_BOUND('',#11175,.T.);
#11175 = EDGE_LOOP('',(#11176,#11177,#11206,#11247,#11274,#11275));
#11176 = ORIENTED_EDGE('',*,*,#1622,.F.);
#11177 = ORIENTED_EDGE('',*,*,#11178,.F.);
#11178 = EDGE_CURVE('',#11179,#1623,#11181,.T.);
#11179 = VERTEX_POINT('',#11180);
#11180 = CARTESIAN_POINT('',(-18.36337491638,10.187665096198,
    0.490049010231));
#11181 = SURFACE_CURVE('',#11182,(#11188,#11197),.PCURVE_S1.);
#11182 = B_SPLINE_CURVE_WITH_KNOTS('',4,(#11183,#11184,#11185,#11186,
    #11187),.UNSPECIFIED.,.F.,.F.,(5,5),(0.,1.),
  .PIECEWISE_BEZIER_KNOTS.);
#11183 = CARTESIAN_POINT('',(-18.36337491638,10.187665096198,
    0.490049010231));
#11184 = CARTESIAN_POINT('',(-18.27125532218,10.101201484506,
    0.367549821625));
#11185 = CARTESIAN_POINT('',(-18.17909908315,10.014601828891,
    0.245013308838));
#11186 = CARTESIAN_POINT('',(-18.08725273801,9.927321752017,
    0.122481298081));
#11187 = CARTESIAN_POINT('',(-17.99601160835,9.838885414111,
    -4.440892098501E-16));
#11188 = PCURVE('',#1640,#11189);
#11189 = DEFINITIONAL_REPRESENTATION('',(#11190),#11196);
#11190 = B_SPLINE_CURVE_WITH_KNOTS('',4,(#11191,#11192,#11193,#11194,
    #11195),.UNSPECIFIED.,.F.,.F.,(5,5),(0.,1.),
  .PIECEWISE_BEZIER_KNOTS.);
#11191 = CARTESIAN_POINT('',(6.125606412117E-02,0.));
#11192 = CARTESIAN_POINT('',(4.594367789993E-02,5.86858710587E-02));
#11193 = CARTESIAN_POINT('',(3.062662818737E-02,0.116875481688));
#11194 = CARTESIAN_POINT('',(1.531014340031E-02,0.174578149499));
#11195 = CARTESIAN_POINT('',(0.,0.231786024198));
#11196 = ( GEOMETRIC_REPRESENTATION_CONTEXT(2) 
PARAMETRIC_REPRESENTATION_CONTEXT() REPRESENTATION_CONTEXT('2D SPACE',''
  ) );
#11197 = PCURVE('',#1681,#11198);
#11198 = DEFINITIONAL_REPRESENTATION('',(#11199),#11205);
#11199 = B_SPLINE_CURVE_WITH_KNOTS('',4,(#11200,#11201,#11202,#11203,
    #11204),.UNSPECIFIED.,.F.,.F.,(5,5),(0.,1.),
  .PIECEWISE_BEZIER_KNOTS.);
#11200 = CARTESIAN_POINT('',(2.635085655004,0.500049010231));
#11201 = CARTESIAN_POINT('',(2.636557938707,0.377549821625));
#11202 = CARTESIAN_POINT('',(2.638057940294,0.255013308838));
#11203 = CARTESIAN_POINT('',(2.639617342016,0.132481298081));
#11204 = CARTESIAN_POINT('',(2.641266631653,9.999999999995E-03));
#11205 = ( GEOMETRIC_REPRESENTATION_CONTEXT(2) 
PARAMETRIC_REPRESENTATION_CONTEXT() REPRESENTATION_CONTEXT('2D SPACE',''
  ) );
#11206 = ORIENTED_EDGE('',*,*,#11207,.T.);
#11207 = EDGE_CURVE('',#11179,#11208,#11210,.T.);
#11208 = VERTEX_POINT('',#11209);
#11209 = CARTESIAN_POINT('',(-15.33288364546,14.349381085844,
    7.509950989769));
#11210 = SURFACE_CURVE('',#11211,(#11216,#11223),.PCURVE_S1.);
#11211 = B_SPLINE_CURVE_WITH_KNOTS('',3,(#11212,#11213,#11214,#11215),
  .UNSPECIFIED.,.F.,.F.,(4,4),(0.,1.),.PIECEWISE_BEZIER_KNOTS.);
#11212 = CARTESIAN_POINT('',(-18.53541058273,9.87109692635,0.));
#11213 = CARTESIAN_POINT('',(-17.61415350642,11.601804713519,
    2.666669951599));
#11214 = CARTESIAN_POINT('',(-16.44875240197,13.20222787173,
    5.333330048401));
#11215 = CARTESIAN_POINT('',(-15.08441092342,14.610289083153,8.));
#11216 = PCURVE('',#1640,#11217);
#11217 = DEFINITIONAL_REPRESENTATION('',(#11218),#11222);
#11218 = LINE('',#11219,#11220);
#11219 = CARTESIAN_POINT('',(0.,0.));
#11220 = VECTOR('',#11221,1.);
#11221 = DIRECTION('',(1.,0.));
#11222 = ( GEOMETRIC_REPRESENTATION_CONTEXT(2) 
PARAMETRIC_REPRESENTATION_CONTEXT() REPRESENTATION_CONTEXT('2D SPACE',''
  ) );
#11223 = PCURVE('',#11224,#11241);
#11224 = B_SPLINE_SURFACE_WITH_KNOTS('',3,3,(
    (#11225,#11226,#11227,#11228)
    ,(#11229,#11230,#11231,#11232)
    ,(#11233,#11234,#11235,#11236)
    ,(#11237,#11238,#11239,#11240
    )),.UNSPECIFIED.,.F.,.F.,.F.,(4,4),(4,4),(0.,1.),(0.,1.),
  .PIECEWISE_BEZIER_KNOTS.);
#11225 = CARTESIAN_POINT('',(-18.88072615225,9.193376961893,0.));
#11226 = CARTESIAN_POINT('',(-18.7697250525,9.421343642112,0.));
#11227 = CARTESIAN_POINT('',(-18.65459469176,9.647299697611,0.));
#11228 = CARTESIAN_POINT('',(-18.53541058273,9.87109692635,0.));
#11229 = CARTESIAN_POINT('',(-18.02274947472,10.956312222831,
    2.666670185642));
#11230 = CARTESIAN_POINT('',(-17.89046262062,11.173919667796,
    2.666670185642));
#11231 = CARTESIAN_POINT('',(-17.75423414813,11.389130929787,
    2.666670185642));
#11232 = CARTESIAN_POINT('',(-17.61415340796,11.601804854154,
    2.666670185642));
#11233 = CARTESIAN_POINT('',(-16.91607104702,12.597889366286,
    5.333329814358));
#11234 = CARTESIAN_POINT('',(-16.76396371999,12.802134740623,
    5.333329814358));
#11235 = CARTESIAN_POINT('',(-16.60815680885,13.003624915191,
    5.333329814358));
#11236 = CARTESIAN_POINT('',(-16.44875250559,13.202227734844,
    5.333329814358));
#11237 = CARTESIAN_POINT('',(-15.60361621588,14.054435633893,8.));
#11238 = CARTESIAN_POINT('',(-15.43392248499,14.242834384234,8.));
#11239 = CARTESIAN_POINT('',(-15.26081620801,14.42815938485,8.));
#11240 = CARTESIAN_POINT('',(-15.08441092342,14.610289083153,8.));
#11241 = DEFINITIONAL_REPRESENTATION('',(#11242),#11246);
#11242 = LINE('',#11243,#11244);
#11243 = CARTESIAN_POINT('',(0.,1.));
#11244 = VECTOR('',#11245,1.);
#11245 = DIRECTION('',(1.,0.));
#11246 = ( GEOMETRIC_REPRESENTATION_CONTEXT(2) 
PARAMETRIC_REPRESENTATION_CONTEXT() REPRESENTATION_CONTEXT('2D SPACE',''
  ) );
#11247 = ORIENTED_EDGE('',*,*,#11248,.T.);
#11248 = EDGE_CURVE('',#11208,#6576,#11249,.T.);
#11249 = SURFACE_CURVE('',#11250,(#11256,#11265),.PCURVE_S1.);
#11250 = B_SPLINE_CURVE_WITH_KNOTS('',4,(#11251,#11252,#11253,#11254,
    #11255),.UNSPECIFIED.,.F.,.F.,(5,5),(0.,1.),
  .PIECEWISE_BEZIER_KNOTS.);
#11251 = CARTESIAN_POINT('',(-15.33288364546,14.349381085844,
    7.509950989769));
#11252 = CARTESIAN_POINT('',(-15.14262918479,14.374470537837,
    7.631718867519));
#11253 = CARTESIAN_POINT('',(-14.95267363821,14.396601719946,
    7.753893161363));
#11254 = CARTESIAN_POINT('',(-14.76331964761,14.415325771215,
    7.876611079311));
#11255 = CARTESIAN_POINT('',(-14.57493538544,14.430223785862,8.));
#11256 = PCURVE('',#1640,#11257);
#11257 = DEFINITIONAL_REPRESENTATION('',(#11258),#11264);
#11258 = B_SPLINE_CURVE_WITH_KNOTS('',4,(#11259,#11260,#11261,#11262,
    #11263),.UNSPECIFIED.,.F.,.F.,(5,5),(0.,1.),
  .PIECEWISE_BEZIER_KNOTS.);
#11259 = CARTESIAN_POINT('',(0.938743935879,0.));
#11260 = CARTESIAN_POINT('',(0.953964908317,5.833552086386E-02));
#11261 = CARTESIAN_POINT('',(0.969236680722,0.116357722305));
#11262 = CARTESIAN_POINT('',(0.984576403913,0.174154222244));
#11263 = CARTESIAN_POINT('',(1.,0.231786024198));
#11264 = ( GEOMETRIC_REPRESENTATION_CONTEXT(2) 
PARAMETRIC_REPRESENTATION_CONTEXT() REPRESENTATION_CONTEXT('2D SPACE',''
  ) );
#11265 = PCURVE('',#6596,#11266);
#11266 = DEFINITIONAL_REPRESENTATION('',(#11267),#11273);
#11267 = B_SPLINE_CURVE_WITH_KNOTS('',4,(#11268,#11269,#11270,#11271,
    #11272),.UNSPECIFIED.,.F.,.F.,(5,5),(0.,1.),
  .PIECEWISE_BEZIER_KNOTS.);
#11268 = CARTESIAN_POINT('',(-2.389316722648,-9.950989768966E-03));
#11269 = CARTESIAN_POINT('',(-2.382253881674,-0.131718867519));
#11270 = CARTESIAN_POINT('',(-2.375194422915,-0.253893161363));
#11271 = CARTESIAN_POINT('',(-2.368162088208,-0.376611079311));
#11272 = CARTESIAN_POINT('',(-2.361183616369,-0.5));
#11273 = ( GEOMETRIC_REPRESENTATION_CONTEXT(2) 
PARAMETRIC_REPRESENTATION_CONTEXT() REPRESENTATION_CONTEXT('2D SPACE',''
  ) );
#11274 = ORIENTED_EDGE('',*,*,#6608,.T.);
#11275 = ORIENTED_EDGE('',*,*,#11122,.F.);
#11276 = ADVANCED_FACE('',(#11277),#2569,.T.);
#11277 = FACE_BOUND('',#11278,.T.);
#11278 = EDGE_LOOP('',(#11279,#11280,#11281,#11282,#11311,#11352));
#11279 = ORIENTED_EDGE('',*,*,#2551,.F.);
#11280 = ORIENTED_EDGE('',*,*,#11152,.T.);
#11281 = ORIENTED_EDGE('',*,*,#5955,.T.);
#11282 = ORIENTED_EDGE('',*,*,#11283,.T.);
#11283 = EDGE_CURVE('',#5956,#11284,#11286,.T.);
#11284 = VERTEX_POINT('',#11285);
#11285 = CARTESIAN_POINT('',(-1.840082435221,-20.91927711618,
    7.509950989769));
#11286 = SURFACE_CURVE('',#11287,(#11293,#11302),.PCURVE_S1.);
#11287 = B_SPLINE_CURVE_WITH_KNOTS('',4,(#11288,#11289,#11290,#11291,
    #11292),.UNSPECIFIED.,.F.,.F.,(5,5),(0.,1.),
  .PIECEWISE_BEZIER_KNOTS.);
#11288 = CARTESIAN_POINT('',(-1.923392082926,-20.41961466079,8.));
#11289 = CARTESIAN_POINT('',(-1.901200306907,-20.54472842775,
    7.877518701917));
#11290 = CARTESIAN_POINT('',(-1.880305426228,-20.6696962912,
    7.754986691164));
#11291 = CARTESIAN_POINT('',(-1.860147827937,-20.79453996935,
    7.632450178374));
#11292 = CARTESIAN_POINT('',(-1.840082435221,-20.91927711618,
    7.509950989769));
#11293 = PCURVE('',#2569,#11294);
#11294 = DEFINITIONAL_REPRESENTATION('',(#11295),#11301);
#11295 = B_SPLINE_CURVE_WITH_KNOTS('',4,(#11296,#11297,#11298,#11299,
    #11300),.UNSPECIFIED.,.F.,.F.,(5,5),(0.,1.),
  .PIECEWISE_BEZIER_KNOTS.);
#11296 = CARTESIAN_POINT('',(1.,0.768213975802));
#11297 = CARTESIAN_POINT('',(0.984689856599,0.825421850502));
#11298 = CARTESIAN_POINT('',(0.969373371813,0.883124518311));
#11299 = CARTESIAN_POINT('',(0.9540563221,0.941314128942));
#11300 = CARTESIAN_POINT('',(0.938743935879,1.));
#11301 = ( GEOMETRIC_REPRESENTATION_CONTEXT(2) 
PARAMETRIC_REPRESENTATION_CONTEXT() REPRESENTATION_CONTEXT('2D SPACE',''
  ) );
#11302 = PCURVE('',#6001,#11303);
#11303 = DEFINITIONAL_REPRESENTATION('',(#11304),#11310);
#11304 = B_SPLINE_CURVE_WITH_KNOTS('',4,(#11305,#11306,#11307,#11308,
    #11309),.UNSPECIFIED.,.F.,.F.,(5,5),(0.,1.),
  .PIECEWISE_BEZIER_KNOTS.);
#11305 = CARTESIAN_POINT('',(-4.618472721678,-0.5));
#11306 = CARTESIAN_POINT('',(-4.620122011316,-0.377518701917));
#11307 = CARTESIAN_POINT('',(-4.621681413037,-0.254986691164));
#11308 = CARTESIAN_POINT('',(-4.623181414625,-0.132450178374));
#11309 = CARTESIAN_POINT('',(-4.624653698328,-9.950989768972E-03));
#11310 = ( GEOMETRIC_REPRESENTATION_CONTEXT(2) 
PARAMETRIC_REPRESENTATION_CONTEXT() REPRESENTATION_CONTEXT('2D SPACE',''
  ) );
#11311 = ORIENTED_EDGE('',*,*,#11312,.F.);
#11312 = EDGE_CURVE('',#11313,#11284,#11315,.T.);
#11313 = VERTEX_POINT('',#11314);
#11314 = CARTESIAN_POINT('',(3.304917694606,-20.7383600476,
    0.490049010231));
#11315 = SURFACE_CURVE('',#11316,(#11321,#11328),.PCURVE_S1.);
#11316 = B_SPLINE_CURVE_WITH_KNOTS('',3,(#11317,#11318,#11319,#11320),
  .UNSPECIFIED.,.F.,.F.,(4,4),(0.,1.),.PIECEWISE_BEZIER_KNOTS.);
#11317 = CARTESIAN_POINT('',(3.660214187003,-20.67855972028,0.));
#11318 = CARTESIAN_POINT('',(1.729663734493,-21.02066934529,
    2.666669951599));
#11319 = CARTESIAN_POINT('',(-0.248889674068,-21.09024253745,
    5.333330048401));
#11320 = CARTESIAN_POINT('',(-2.198701780037,-20.88458068725,8.));
#11321 = PCURVE('',#2569,#11322);
#11322 = DEFINITIONAL_REPRESENTATION('',(#11323),#11327);
#11323 = LINE('',#11324,#11325);
#11324 = CARTESIAN_POINT('',(0.,1.));
#11325 = VECTOR('',#11326,1.);
#11326 = DIRECTION('',(1.,0.));
#11327 = ( GEOMETRIC_REPRESENTATION_CONTEXT(2) 
PARAMETRIC_REPRESENTATION_CONTEXT() REPRESENTATION_CONTEXT('2D SPACE',''
  ) );
#11328 = PCURVE('',#11329,#11346);
#11329 = B_SPLINE_SURFACE_WITH_KNOTS('',3,3,(
    (#11330,#11331,#11332,#11333)
    ,(#11334,#11335,#11336,#11337)
    ,(#11338,#11339,#11340,#11341)
    ,(#11342,#11343,#11344,#11345
    )),.UNSPECIFIED.,.F.,.F.,.F.,(4,4),(4,4),(0.,1.),(0.,1.),
  .PIECEWISE_BEZIER_KNOTS.);
#11330 = CARTESIAN_POINT('',(3.660214187003,-20.67855972028,0.));
#11331 = CARTESIAN_POINT('',(3.410540459134,-20.72275339683,0.));
#11332 = CARTESIAN_POINT('',(3.160066242116,-20.76242461551,0.));
#11333 = CARTESIAN_POINT('',(2.908955819179,-20.7975473564,0.));
#11334 = CARTESIAN_POINT('',(1.72966356306,-21.02066935451,
    2.666670185642));
#11335 = CARTESIAN_POINT('',(1.475859180068,-21.04155348835,
    2.666670185642));
#11336 = CARTESIAN_POINT('',(1.221676524659,-21.0578403449,
    2.666670185642));
#11337 = CARTESIAN_POINT('',(0.967282312384,-21.06951924181,
    2.666670185642));
#11338 = CARTESIAN_POINT('',(-0.248889502411,-21.0902425346,
    5.333329814358));
#11339 = CARTESIAN_POINT('',(-0.503533924861,-21.08723754096,
    5.333329814358));
#11340 = CARTESIAN_POINT('',(-0.758123904861,-21.07962005509,
    5.333329814358));
#11341 = CARTESIAN_POINT('',(-1.0124924597,-21.06739507324,
    5.333329814358));
#11342 = CARTESIAN_POINT('',(-2.198701780037,-20.88458068725,8.));
#11343 = CARTESIAN_POINT('',(-2.45086304321,-20.85803358212,8.));
#11344 = CARTESIAN_POINT('',(-2.702543434877,-20.82691896445,8.));
#11345 = CARTESIAN_POINT('',(-2.953577880693,-20.79125724199,8.));
#11346 = DEFINITIONAL_REPRESENTATION('',(#11347),#11351);
#11347 = LINE('',#11348,#11349);
#11348 = CARTESIAN_POINT('',(0.,0.));
#11349 = VECTOR('',#11350,1.);
#11350 = DIRECTION('',(1.,0.));
#11351 = ( GEOMETRIC_REPRESENTATION_CONTEXT(2) 
PARAMETRIC_REPRESENTATION_CONTEXT() REPRESENTATION_CONTEXT('2D SPACE',''
  ) );
#11352 = ORIENTED_EDGE('',*,*,#11353,.T.);
#11353 = EDGE_CURVE('',#11313,#2523,#11354,.T.);
#11354 = SURFACE_CURVE('',#11355,(#11361,#11370),.PCURVE_S1.);
#11355 = B_SPLINE_CURVE_WITH_KNOTS('',4,(#11356,#11357,#11358,#11359,
    #11360),.UNSPECIFIED.,.F.,.F.,(5,5),(0.,1.),
  .PIECEWISE_BEZIER_KNOTS.);
#11356 = CARTESIAN_POINT('',(3.304917694606,-20.7383600476,
    0.490049010231));
#11357 = CARTESIAN_POINT('',(3.432226011069,-20.59476745389,
    0.368281132481));
#11358 = CARTESIAN_POINT('',(3.556915828719,-20.44976625297,
    0.246106838637));
#11359 = CARTESIAN_POINT('',(3.678445790041,-20.30335589693,
    0.123388920689));
#11360 = CARTESIAN_POINT('',(3.796262668222,-20.15560690611,
    -8.881784197001E-16));
#11361 = PCURVE('',#2569,#11362);
#11362 = DEFINITIONAL_REPRESENTATION('',(#11363),#11369);
#11363 = B_SPLINE_CURVE_WITH_KNOTS('',4,(#11364,#11365,#11366,#11367,
    #11368),.UNSPECIFIED.,.F.,.F.,(5,5),(0.,1.),
  .PIECEWISE_BEZIER_KNOTS.);
#11364 = CARTESIAN_POINT('',(6.125606412117E-02,1.));
#11365 = CARTESIAN_POINT('',(4.603509168317E-02,0.941664479136));
#11366 = CARTESIAN_POINT('',(3.076331927809E-02,0.883642277695));
#11367 = CARTESIAN_POINT('',(1.542359608659E-02,0.825845777756));
#11368 = CARTESIAN_POINT('',(0.,0.768213975802));
#11369 = ( GEOMETRIC_REPRESENTATION_CONTEXT(2) 
PARAMETRIC_REPRESENTATION_CONTEXT() REPRESENTATION_CONTEXT('2D SPACE',''
  ) );
#11370 = PCURVE('',#2539,#11371);
#11371 = DEFINITIONAL_REPRESENTATION('',(#11372),#11378);
#11372 = B_SPLINE_CURVE_WITH_KNOTS('',4,(#11373,#11374,#11375,#11376,
    #11377),.UNSPECIFIED.,.F.,.F.,(5,5),(0.,1.),
  .PIECEWISE_BEZIER_KNOTS.);
#11373 = CARTESIAN_POINT('',(4.870422630684,0.500049010231));
#11374 = CARTESIAN_POINT('',(4.877485471657,0.378281132481));
#11375 = CARTESIAN_POINT('',(4.884544930417,0.256106838637));
#11376 = CARTESIAN_POINT('',(4.891577265123,0.133388920689));
#11377 = CARTESIAN_POINT('',(4.898555736962,9.999999999997E-03));
#11378 = ( GEOMETRIC_REPRESENTATION_CONTEXT(2) 
PARAMETRIC_REPRESENTATION_CONTEXT() REPRESENTATION_CONTEXT('2D SPACE',''
  ) );
#11379 = ADVANCED_FACE('',(#11380),#1681,.T.);
#11380 = FACE_BOUND('',#11381,.T.);
#11381 = EDGE_LOOP('',(#11382,#11383,#11384,#11413));
#11382 = ORIENTED_EDGE('',*,*,#11178,.T.);
#11383 = ORIENTED_EDGE('',*,*,#1664,.T.);
#11384 = ORIENTED_EDGE('',*,*,#11385,.F.);
#11385 = EDGE_CURVE('',#11386,#1665,#11388,.T.);
#11386 = VERTEX_POINT('',#11387);
#11387 = CARTESIAN_POINT('',(-18.7202675949,9.515967612765,
    0.490049010231));
#11388 = SURFACE_CURVE('',#11389,(#11395,#11404),.PCURVE_S1.);
#11389 = B_SPLINE_CURVE_WITH_KNOTS('',4,(#11390,#11391,#11392,#11393,
    #11394),.UNSPECIFIED.,.F.,.F.,(5,5),(0.,1.),
  .PIECEWISE_BEZIER_KNOTS.);
#11390 = CARTESIAN_POINT('',(-18.7202675949,9.515967612765,
    0.490049010231));
#11391 = CARTESIAN_POINT('',(-18.67892869724,9.328571412304,
    0.368281132481));
#11392 = CARTESIAN_POINT('',(-18.63491109741,9.142465663331,
    0.246106838637));
#11393 = CARTESIAN_POINT('',(-18.5878961502,8.958088011232,
    0.123388920689));
#11394 = CARTESIAN_POINT('',(-18.53761572919,8.775927476717,
    -8.881784197001E-16));
#11395 = PCURVE('',#1681,#11396);
#11396 = DEFINITIONAL_REPRESENTATION('',(#11397),#11403);
#11397 = B_SPLINE_CURVE_WITH_KNOTS('',4,(#11398,#11399,#11400,#11401,
    #11402),.UNSPECIFIED.,.F.,.F.,(5,5),(0.,1.),
  .PIECEWISE_BEZIER_KNOTS.);
#11398 = CARTESIAN_POINT('',(2.671307773171,0.500049010231));
#11399 = CARTESIAN_POINT('',(2.678370614144,0.378281132481));
#11400 = CARTESIAN_POINT('',(2.685430072904,0.256106838637));
#11401 = CARTESIAN_POINT('',(2.69246240761,0.133388920689));
#11402 = CARTESIAN_POINT('',(2.699440879449,1.E-02));
#11403 = ( GEOMETRIC_REPRESENTATION_CONTEXT(2) 
PARAMETRIC_REPRESENTATION_CONTEXT() REPRESENTATION_CONTEXT('2D SPACE',''
  ) );
#11404 = PCURVE('',#1711,#11405);
#11405 = DEFINITIONAL_REPRESENTATION('',(#11406),#11412);
#11406 = B_SPLINE_CURVE_WITH_KNOTS('',4,(#11407,#11408,#11409,#11410,
    #11411),.UNSPECIFIED.,.F.,.F.,(5,5),(0.,1.),
  .PIECEWISE_BEZIER_KNOTS.);
#11407 = CARTESIAN_POINT('',(6.125606412117E-02,1.));
#11408 = CARTESIAN_POINT('',(4.603509168317E-02,0.941664479136));
#11409 = CARTESIAN_POINT('',(3.076331927809E-02,0.883642277695));
#11410 = CARTESIAN_POINT('',(1.542359608659E-02,0.825845777756));
#11411 = CARTESIAN_POINT('',(0.,0.768213975802));
#11412 = ( GEOMETRIC_REPRESENTATION_CONTEXT(2) 
PARAMETRIC_REPRESENTATION_CONTEXT() REPRESENTATION_CONTEXT('2D SPACE',''
  ) );
#11413 = ORIENTED_EDGE('',*,*,#11414,.T.);
#11414 = EDGE_CURVE('',#11386,#11179,#11415,.T.);
#11415 = SURFACE_CURVE('',#11416,(#11422,#11431),.PCURVE_S1.);
#11416 = B_SPLINE_CURVE_WITH_KNOTS('',4,(#11417,#11418,#11419,#11420,
    #11421),.UNSPECIFIED.,.F.,.F.,(5,5),(0.,1.),
  .PIECEWISE_BEZIER_KNOTS.);
#11417 = CARTESIAN_POINT('',(-18.72026759351,9.515967609664,
    0.490049007589));
#11418 = CARTESIAN_POINT('',(-18.63409552206,9.685489617012,
    0.490049088273));
#11419 = CARTESIAN_POINT('',(-18.54587643156,9.853970911069,
    0.490048864155));
#11420 = CARTESIAN_POINT('',(-18.45562967028,10.021375079882,
    0.490049088273));
#11421 = CARTESIAN_POINT('',(-18.36337491511,10.187665093049,
    0.490049007589));
#11422 = PCURVE('',#1681,#11423);
#11423 = DEFINITIONAL_REPRESENTATION('',(#11424),#11430);
#11424 = B_SPLINE_CURVE_WITH_KNOTS('',4,(#11425,#11426,#11427,#11428,
    #11429),.UNSPECIFIED.,.F.,.F.,(5,5),(0.,1.),
  .PIECEWISE_BEZIER_KNOTS.);
#11425 = CARTESIAN_POINT('',(2.671307773273,0.500049007589));
#11426 = CARTESIAN_POINT('',(2.662252241885,0.500049088273));
#11427 = CARTESIAN_POINT('',(2.653196717366,0.500048864155));
#11428 = CARTESIAN_POINT('',(2.64414118292,0.500049088273));
#11429 = CARTESIAN_POINT('',(2.635085655105,0.500049007589));
#11430 = ( GEOMETRIC_REPRESENTATION_CONTEXT(2) 
PARAMETRIC_REPRESENTATION_CONTEXT() REPRESENTATION_CONTEXT('2D SPACE',''
  ) );
#11431 = PCURVE('',#11224,#11432);
#11432 = DEFINITIONAL_REPRESENTATION('',(#11433),#11439);
#11433 = B_SPLINE_CURVE_WITH_KNOTS('',4,(#11434,#11435,#11436,#11437,
    #11438),.UNSPECIFIED.,.F.,.F.,(5,5),(0.,1.),
  .PIECEWISE_BEZIER_KNOTS.);
#11434 = CARTESIAN_POINT('',(6.125605936233E-02,0.));
#11435 = CARTESIAN_POINT('',(6.125606944785E-02,0.249999970936));
#11436 = CARTESIAN_POINT('',(6.125604143309E-02,0.500000050941));
#11437 = CARTESIAN_POINT('',(6.125606944785E-02,0.749999971755));
#11438 = CARTESIAN_POINT('',(6.125605936233E-02,1.));
#11439 = ( GEOMETRIC_REPRESENTATION_CONTEXT(2) 
PARAMETRIC_REPRESENTATION_CONTEXT() REPRESENTATION_CONTEXT('2D SPACE',''
  ) );
#11440 = ADVANCED_FACE('',(#11441),#2539,.T.);
#11441 = FACE_BOUND('',#11442,.T.);
#11442 = EDGE_LOOP('',(#11443,#11472,#11473,#11474));
#11443 = ORIENTED_EDGE('',*,*,#11444,.T.);
#11444 = EDGE_CURVE('',#11445,#2481,#11447,.T.);
#11445 = VERTEX_POINT('',#11446);
#11446 = CARTESIAN_POINT('',(2.551726762346,-20.84444168027,
    0.490049010231));
#11447 = SURFACE_CURVE('',#11448,(#11454,#11463),.PCURVE_S1.);
#11448 = B_SPLINE_CURVE_WITH_KNOTS('',4,(#11449,#11450,#11451,#11452,
    #11453),.UNSPECIFIED.,.F.,.F.,(5,5),(0.,1.),
  .PIECEWISE_BEZIER_KNOTS.);
#11449 = CARTESIAN_POINT('',(2.551726762346,-20.84444168027,
    0.490049010231));
#11450 = CARTESIAN_POINT('',(2.567530754679,-20.71909332723,
    0.367549821625));
#11451 = CARTESIAN_POINT('',(2.583423269572,-20.5936353633,
    0.245013308838));
#11452 = CARTESIAN_POINT('',(2.600048407882,-20.4680281672,
    0.122481298081));
#11453 = CARTESIAN_POINT('',(2.617964717751,-20.34223096753,
    -4.440892098501E-16));
#11454 = PCURVE('',#2539,#11455);
#11455 = DEFINITIONAL_REPRESENTATION('',(#11456),#11462);
#11456 = B_SPLINE_CURVE_WITH_KNOTS('',4,(#11457,#11458,#11459,#11460,
    #11461),.UNSPECIFIED.,.F.,.F.,(5,5),(0.,1.),
  .PIECEWISE_BEZIER_KNOTS.);
#11457 = CARTESIAN_POINT('',(4.834200512517,0.500049010231));
#11458 = CARTESIAN_POINT('',(4.835672796219,0.377549821625));
#11459 = CARTESIAN_POINT('',(4.837172797807,0.255013308838));
#11460 = CARTESIAN_POINT('',(4.838732199529,0.132481298081));
#11461 = CARTESIAN_POINT('',(4.840381489166,9.999999999992E-03));
#11462 = ( GEOMETRIC_REPRESENTATION_CONTEXT(2) 
PARAMETRIC_REPRESENTATION_CONTEXT() REPRESENTATION_CONTEXT('2D SPACE',''
  ) );
#11463 = PCURVE('',#2498,#11464);
#11464 = DEFINITIONAL_REPRESENTATION('',(#11465),#11471);
#11465 = B_SPLINE_CURVE_WITH_KNOTS('',4,(#11466,#11467,#11468,#11469,
    #11470),.UNSPECIFIED.,.F.,.F.,(5,5),(0.,1.),
  .PIECEWISE_BEZIER_KNOTS.);
#11466 = CARTESIAN_POINT('',(6.125606412117E-02,0.));
#11467 = CARTESIAN_POINT('',(4.594367789993E-02,5.86858710587E-02));
#11468 = CARTESIAN_POINT('',(3.062662818737E-02,0.116875481688));
#11469 = CARTESIAN_POINT('',(1.531014340031E-02,0.174578149499));
#11470 = CARTESIAN_POINT('',(0.,0.231786024198));
#11471 = ( GEOMETRIC_REPRESENTATION_CONTEXT(2) 
PARAMETRIC_REPRESENTATION_CONTEXT() REPRESENTATION_CONTEXT('2D SPACE',''
  ) );
#11472 = ORIENTED_EDGE('',*,*,#2522,.T.);
#11473 = ORIENTED_EDGE('',*,*,#11353,.F.);
#11474 = ORIENTED_EDGE('',*,*,#11475,.T.);
#11475 = EDGE_CURVE('',#11313,#11445,#11476,.T.);
#11476 = SURFACE_CURVE('',#11477,(#11483,#11492),.PCURVE_S1.);
#11477 = B_SPLINE_CURVE_WITH_KNOTS('',4,(#11478,#11479,#11480,#11481,
    #11482),.UNSPECIFIED.,.F.,.F.,(5,5),(0.,1.),
  .PIECEWISE_BEZIER_KNOTS.);
#11478 = CARTESIAN_POINT('',(3.304917696299,-20.73836004465,
    0.490049007589));
#11479 = CARTESIAN_POINT('',(3.117120838675,-20.76828791027,
    0.490049088273));
#11480 = CARTESIAN_POINT('',(2.928962728178,-20.79594798675,
    0.490048864155));
#11481 = CARTESIAN_POINT('',(2.740484195332,-20.82133452479,
    0.490049088273));
#11482 = CARTESIAN_POINT('',(2.551726764144,-20.84444167739,
    0.490049007589));
#11483 = PCURVE('',#2539,#11484);
#11484 = DEFINITIONAL_REPRESENTATION('',(#11485),#11491);
#11485 = B_SPLINE_CURVE_WITH_KNOTS('',4,(#11486,#11487,#11488,#11489,
    #11490),.UNSPECIFIED.,.F.,.F.,(5,5),(0.,1.),
  .PIECEWISE_BEZIER_KNOTS.);
#11486 = CARTESIAN_POINT('',(4.870422630786,0.500049007589));
#11487 = CARTESIAN_POINT('',(4.861367099397,0.500049088273));
#11488 = CARTESIAN_POINT('',(4.852311574878,0.500048864155));
#11489 = CARTESIAN_POINT('',(4.843256040433,0.500049088273));
#11490 = CARTESIAN_POINT('',(4.834200512618,0.500049007589));
#11491 = ( GEOMETRIC_REPRESENTATION_CONTEXT(2) 
PARAMETRIC_REPRESENTATION_CONTEXT() REPRESENTATION_CONTEXT('2D SPACE',''
  ) );
#11492 = PCURVE('',#11329,#11493);
#11493 = DEFINITIONAL_REPRESENTATION('',(#11494),#11500);
#11494 = B_SPLINE_CURVE_WITH_KNOTS('',4,(#11495,#11496,#11497,#11498,
    #11499),.UNSPECIFIED.,.F.,.F.,(5,5),(0.,1.),
  .PIECEWISE_BEZIER_KNOTS.);
#11495 = CARTESIAN_POINT('',(6.125605936233E-02,0.));
#11496 = CARTESIAN_POINT('',(6.125606944785E-02,0.249999970936));
#11497 = CARTESIAN_POINT('',(6.125604143309E-02,0.500000050941));
#11498 = CARTESIAN_POINT('',(6.125606944785E-02,0.749999971755));
#11499 = CARTESIAN_POINT('',(6.125605936233E-02,1.));
#11500 = ( GEOMETRIC_REPRESENTATION_CONTEXT(2) 
PARAMETRIC_REPRESENTATION_CONTEXT() REPRESENTATION_CONTEXT('2D SPACE',''
  ) );
#11501 = ADVANCED_FACE('',(#11502),#1711,.T.);
#11502 = FACE_BOUND('',#11503,.T.);
#11503 = EDGE_LOOP('',(#11504,#11505,#11527,#11528,#11557,#11579));
#11504 = ORIENTED_EDGE('',*,*,#1693,.F.);
#11505 = ORIENTED_EDGE('',*,*,#11506,.T.);
#11506 = EDGE_CURVE('',#1694,#6526,#11507,.T.);
#11507 = SURFACE_CURVE('',#11508,(#11513,#11520),.PCURVE_S1.);
#11508 = B_SPLINE_CURVE_WITH_KNOTS('',3,(#11509,#11510,#11511,#11512),
  .UNSPECIFIED.,.F.,.F.,(4,4),(0.,1.),.PIECEWISE_BEZIER_KNOTS.);
#11509 = CARTESIAN_POINT('',(-17.18287989088,7.612984124449,0.));
#11510 = CARTESIAN_POINT('',(-16.4724228122,9.217373583688,
    2.666669690328));
#11511 = CARTESIAN_POINT('',(-15.53561952848,10.721250624412,
    5.333330309672));
#11512 = CARTESIAN_POINT('',(-14.40880736359,12.066281903831,8.));
#11513 = PCURVE('',#1711,#11514);
#11514 = DEFINITIONAL_REPRESENTATION('',(#11515),#11519);
#11515 = LINE('',#11516,#11517);
#11516 = CARTESIAN_POINT('',(0.,0.));
#11517 = VECTOR('',#11518,1.);
#11518 = DIRECTION('',(1.,0.));
#11519 = ( GEOMETRIC_REPRESENTATION_CONTEXT(2) 
PARAMETRIC_REPRESENTATION_CONTEXT() REPRESENTATION_CONTEXT('2D SPACE',''
  ) );
#11520 = PCURVE('',#1753,#11521);
#11521 = DEFINITIONAL_REPRESENTATION('',(#11522),#11526);
#11522 = LINE('',#11523,#11524);
#11523 = CARTESIAN_POINT('',(0.,1.));
#11524 = VECTOR('',#11525,1.);
#11525 = DIRECTION('',(1.,0.));
#11526 = ( GEOMETRIC_REPRESENTATION_CONTEXT(2) 
PARAMETRIC_REPRESENTATION_CONTEXT() REPRESENTATION_CONTEXT('2D SPACE',''
  ) );
#11527 = ORIENTED_EDGE('',*,*,#6550,.T.);
#11528 = ORIENTED_EDGE('',*,*,#11529,.T.);
#11529 = EDGE_CURVE('',#6551,#11530,#11532,.T.);
#11530 = VERTEX_POINT('',#11531);
#11531 = CARTESIAN_POINT('',(-15.8424773786,13.784700538657,
    7.509950989769));
#11532 = SURFACE_CURVE('',#11533,(#11539,#11548),.PCURVE_S1.);
#11533 = B_SPLINE_CURVE_WITH_KNOTS('',4,(#11534,#11535,#11536,#11537,
    #11538),.UNSPECIFIED.,.F.,.F.,(5,5),(0.,1.),
  .PIECEWISE_BEZIER_KNOTS.);
#11534 = CARTESIAN_POINT('',(-15.38927377845,13.558405237043,8.));
#11535 = CARTESIAN_POINT('',(-15.50353694081,13.613991740184,
    7.877518701917));
#11536 = CARTESIAN_POINT('',(-15.6169197688,13.670541693766,
    7.754986691164));
#11537 = CARTESIAN_POINT('',(-15.72976876507,13.727615127047,
    7.632450178374));
#11538 = CARTESIAN_POINT('',(-15.8424773786,13.784700538657,
    7.509950989769));
#11539 = PCURVE('',#1711,#11540);
#11540 = DEFINITIONAL_REPRESENTATION('',(#11541),#11547);
#11541 = B_SPLINE_CURVE_WITH_KNOTS('',4,(#11542,#11543,#11544,#11545,
    #11546),.UNSPECIFIED.,.F.,.F.,(5,5),(0.,1.),
  .PIECEWISE_BEZIER_KNOTS.);
#11542 = CARTESIAN_POINT('',(1.,0.768213975802));
#11543 = CARTESIAN_POINT('',(0.984689856599,0.825421850502));
#11544 = CARTESIAN_POINT('',(0.969373371813,0.883124518311));
#11545 = CARTESIAN_POINT('',(0.9540563221,0.941314128942));
#11546 = CARTESIAN_POINT('',(0.938743935879,1.));
#11547 = ( GEOMETRIC_REPRESENTATION_CONTEXT(2) 
PARAMETRIC_REPRESENTATION_CONTEXT() REPRESENTATION_CONTEXT('2D SPACE',''
  ) );
#11548 = PCURVE('',#6596,#11549);
#11549 = DEFINITIONAL_REPRESENTATION('',(#11550),#11556);
#11550 = B_SPLINE_CURVE_WITH_KNOTS('',4,(#11551,#11552,#11553,#11554,
    #11555),.UNSPECIFIED.,.F.,.F.,(5,5),(0.,1.),
  .PIECEWISE_BEZIER_KNOTS.);
#11551 = CARTESIAN_POINT('',(-2.419357864165,-0.5));
#11552 = CARTESIAN_POINT('',(-2.421007153803,-0.377518701917));
#11553 = CARTESIAN_POINT('',(-2.422566555524,-0.254986691164));
#11554 = CARTESIAN_POINT('',(-2.424066557112,-0.132450178374));
#11555 = CARTESIAN_POINT('',(-2.425538840815,-9.950989768973E-03));
#11556 = ( GEOMETRIC_REPRESENTATION_CONTEXT(2) 
PARAMETRIC_REPRESENTATION_CONTEXT() REPRESENTATION_CONTEXT('2D SPACE',''
  ) );
#11557 = ORIENTED_EDGE('',*,*,#11558,.F.);
#11558 = EDGE_CURVE('',#11386,#11530,#11559,.T.);
#11559 = SURFACE_CURVE('',#11560,(#11565,#11572),.PCURVE_S1.);
#11560 = B_SPLINE_CURVE_WITH_KNOTS('',3,(#11561,#11562,#11563,#11564),
  .UNSPECIFIED.,.F.,.F.,(4,4),(0.,1.),.PIECEWISE_BEZIER_KNOTS.);
#11561 = CARTESIAN_POINT('',(-18.88072615225,9.193376961893,0.));
#11562 = CARTESIAN_POINT('',(-18.02274956804,10.956312078723,
    2.666669951599));
#11563 = CARTESIAN_POINT('',(-16.91607094842,12.597889506835,
    5.333330048401));
#11564 = CARTESIAN_POINT('',(-15.60361621588,14.054435633893,8.));
#11565 = PCURVE('',#1711,#11566);
#11566 = DEFINITIONAL_REPRESENTATION('',(#11567),#11571);
#11567 = LINE('',#11568,#11569);
#11568 = CARTESIAN_POINT('',(0.,1.));
#11569 = VECTOR('',#11570,1.);
#11570 = DIRECTION('',(1.,0.));
#11571 = ( GEOMETRIC_REPRESENTATION_CONTEXT(2) 
PARAMETRIC_REPRESENTATION_CONTEXT() REPRESENTATION_CONTEXT('2D SPACE',''
  ) );
#11572 = PCURVE('',#11224,#11573);
#11573 = DEFINITIONAL_REPRESENTATION('',(#11574),#11578);
#11574 = LINE('',#11575,#11576);
#11575 = CARTESIAN_POINT('',(0.,0.));
#11576 = VECTOR('',#11577,1.);
#11577 = DIRECTION('',(1.,0.));
#11578 = ( GEOMETRIC_REPRESENTATION_CONTEXT(2) 
PARAMETRIC_REPRESENTATION_CONTEXT() REPRESENTATION_CONTEXT('2D SPACE',''
  ) );
#11579 = ORIENTED_EDGE('',*,*,#11385,.T.);
#11580 = ADVANCED_FACE('',(#11581),#2498,.T.);
#11581 = FACE_BOUND('',#11582,.T.);
#11582 = EDGE_LOOP('',(#11583,#11584,#11585,#11609,#11636,#11637));
#11583 = ORIENTED_EDGE('',*,*,#2480,.F.);
#11584 = ORIENTED_EDGE('',*,*,#11444,.F.);
#11585 = ORIENTED_EDGE('',*,*,#11586,.T.);
#11586 = EDGE_CURVE('',#11445,#11587,#11589,.T.);
#11587 = VERTEX_POINT('',#11588);
#11588 = CARTESIAN_POINT('',(-2.59645027529,-20.83891802373,
    7.509950989769));
#11589 = SURFACE_CURVE('',#11590,(#11595,#11602),.PCURVE_S1.);
#11590 = B_SPLINE_CURVE_WITH_KNOTS('',3,(#11591,#11592,#11593,#11594),
  .UNSPECIFIED.,.F.,.F.,(4,4),(0.,1.),.PIECEWISE_BEZIER_KNOTS.);
#11591 = CARTESIAN_POINT('',(2.908955819179,-20.7975473564,0.));
#11592 = CARTESIAN_POINT('',(0.967282484038,-21.06951923881,
    2.666669951599));
#11593 = CARTESIAN_POINT('',(-1.012492631347,-21.06739506987,
    5.333330048401));
#11594 = CARTESIAN_POINT('',(-2.953577880693,-20.79125724199,8.));
#11595 = PCURVE('',#2498,#11596);
#11596 = DEFINITIONAL_REPRESENTATION('',(#11597),#11601);
#11597 = LINE('',#11598,#11599);
#11598 = CARTESIAN_POINT('',(0.,0.));
#11599 = VECTOR('',#11600,1.);
#11600 = DIRECTION('',(1.,0.));
#11601 = ( GEOMETRIC_REPRESENTATION_CONTEXT(2) 
PARAMETRIC_REPRESENTATION_CONTEXT() REPRESENTATION_CONTEXT('2D SPACE',''
  ) );
#11602 = PCURVE('',#11329,#11603);
#11603 = DEFINITIONAL_REPRESENTATION('',(#11604),#11608);
#11604 = LINE('',#11605,#11606);
#11605 = CARTESIAN_POINT('',(0.,1.));
#11606 = VECTOR('',#11607,1.);
#11607 = DIRECTION('',(1.,0.));
#11608 = ( GEOMETRIC_REPRESENTATION_CONTEXT(2) 
PARAMETRIC_REPRESENTATION_CONTEXT() REPRESENTATION_CONTEXT('2D SPACE',''
  ) );
#11609 = ORIENTED_EDGE('',*,*,#11610,.T.);
#11610 = EDGE_CURVE('',#11587,#5981,#11611,.T.);
#11611 = SURFACE_CURVE('',#11612,(#11618,#11627),.PCURVE_S1.);
#11612 = B_SPLINE_CURVE_WITH_KNOTS('',4,(#11613,#11614,#11615,#11616,
    #11617),.UNSPECIFIED.,.F.,.F.,(5,5),(0.,1.),
  .PIECEWISE_BEZIER_KNOTS.);
#11613 = CARTESIAN_POINT('',(-2.59645027529,-20.83891802373,
    7.509950989769));
#11614 = CARTESIAN_POINT('',(-2.728576834498,-20.69974614166,
    7.631718867519));
#11615 = CARTESIAN_POINT('',(-2.858134405797,-20.55907725877,
    7.753893161363));
#11616 = CARTESIAN_POINT('',(-2.984581964619,-20.41689238361,
    7.876611079311));
#11617 = CARTESIAN_POINT('',(-3.107364202715,-20.27324314735,8.));
#11618 = PCURVE('',#2498,#11619);
#11619 = DEFINITIONAL_REPRESENTATION('',(#11620),#11626);
#11620 = B_SPLINE_CURVE_WITH_KNOTS('',4,(#11621,#11622,#11623,#11624,
    #11625),.UNSPECIFIED.,.F.,.F.,(5,5),(0.,1.),
  .PIECEWISE_BEZIER_KNOTS.);
#11621 = CARTESIAN_POINT('',(0.938743935879,0.));
#11622 = CARTESIAN_POINT('',(0.953964908317,5.833552086386E-02));
#11623 = CARTESIAN_POINT('',(0.969236680722,0.116357722305));
#11624 = CARTESIAN_POINT('',(0.984576403913,0.174154222244));
#11625 = CARTESIAN_POINT('',(1.,0.231786024198));
#11626 = ( GEOMETRIC_REPRESENTATION_CONTEXT(2) 
PARAMETRIC_REPRESENTATION_CONTEXT() REPRESENTATION_CONTEXT('2D SPACE',''
  ) );
#11627 = PCURVE('',#6001,#11628);
#11628 = DEFINITIONAL_REPRESENTATION('',(#11629),#11635);
#11629 = B_SPLINE_CURVE_WITH_KNOTS('',4,(#11630,#11631,#11632,#11633,
    #11634),.UNSPECIFIED.,.F.,.F.,(5,5),(0.,1.),
  .PIECEWISE_BEZIER_KNOTS.);
#11630 = CARTESIAN_POINT('',(-4.588431580161,-9.950989768974E-03));
#11631 = CARTESIAN_POINT('',(-4.581368739187,-0.131718867519));
#11632 = CARTESIAN_POINT('',(-4.574309280428,-0.253893161363));
#11633 = CARTESIAN_POINT('',(-4.567276945721,-0.376611079311));
#11634 = CARTESIAN_POINT('',(-4.560298473882,-0.5));
#11635 = ( GEOMETRIC_REPRESENTATION_CONTEXT(2) 
PARAMETRIC_REPRESENTATION_CONTEXT() REPRESENTATION_CONTEXT('2D SPACE',''
  ) );
#11636 = ORIENTED_EDGE('',*,*,#6013,.T.);
#11637 = ORIENTED_EDGE('',*,*,#11638,.F.);
#11638 = EDGE_CURVE('',#2439,#6014,#11639,.T.);
#11639 = SURFACE_CURVE('',#11640,(#11645,#11652),.PCURVE_S1.);
#11640 = B_SPLINE_CURVE_WITH_KNOTS('',3,(#11641,#11642,#11643,#11644),
  .UNSPECIFIED.,.F.,.F.,(4,4),(0.,1.),.PIECEWISE_BEZIER_KNOTS.);
#11641 = CARTESIAN_POINT('',(1.930576261421,-18.6944313613,0.));
#11642 = CARTESIAN_POINT('',(0.185238877753,-18.87501988458,
    2.666669690328));
#11643 = CARTESIAN_POINT('',(-1.585331430628,-18.80923744707,
    5.333330309672));
#11644 = CARTESIAN_POINT('',(-3.312456652197,-18.49963565995,8.));
#11645 = PCURVE('',#2498,#11646);
#11646 = DEFINITIONAL_REPRESENTATION('',(#11647),#11651);
#11647 = LINE('',#11648,#11649);
#11648 = CARTESIAN_POINT('',(0.,1.));
#11649 = VECTOR('',#11650,1.);
#11650 = DIRECTION('',(1.,0.));
#11651 = ( GEOMETRIC_REPRESENTATION_CONTEXT(2) 
PARAMETRIC_REPRESENTATION_CONTEXT() REPRESENTATION_CONTEXT('2D SPACE',''
  ) );
#11652 = PCURVE('',#2456,#11653);
#11653 = DEFINITIONAL_REPRESENTATION('',(#11654),#11658);
#11654 = LINE('',#11655,#11656);
#11655 = CARTESIAN_POINT('',(0.,0.));
#11656 = VECTOR('',#11657,1.);
#11657 = DIRECTION('',(1.,0.));
#11658 = ( GEOMETRIC_REPRESENTATION_CONTEXT(2) 
PARAMETRIC_REPRESENTATION_CONTEXT() REPRESENTATION_CONTEXT('2D SPACE',''
  ) );
#11659 = ADVANCED_FACE('',(#11660),#1753,.T.);
#11660 = FACE_BOUND('',#11661,.T.);
#11661 = EDGE_LOOP('',(#11662,#11663,#11685,#11686));
#11662 = ORIENTED_EDGE('',*,*,#1735,.F.);
#11663 = ORIENTED_EDGE('',*,*,#11664,.T.);
#11664 = EDGE_CURVE('',#1736,#6501,#11665,.T.);
#11665 = SURFACE_CURVE('',#11666,(#11671,#11678),.PCURVE_S1.);
#11666 = B_SPLINE_CURVE_WITH_KNOTS('',3,(#11667,#11668,#11669,#11670),
  .UNSPECIFIED.,.F.,.F.,(4,4),(0.,1.),.PIECEWISE_BEZIER_KNOTS.);
#11667 = CARTESIAN_POINT('',(-17.53332359062,6.766938191697,0.));
#11668 = CARTESIAN_POINT('',(-16.90186255203,8.404030661385,
    2.666669690328));
#11669 = CARTESIAN_POINT('',(-16.0394278719,9.951755756007,
    5.333330309672));
#11670 = CARTESIAN_POINT('',(-14.97947221723,11.350079326462,8.));
#11671 = PCURVE('',#1753,#11672);
#11672 = DEFINITIONAL_REPRESENTATION('',(#11673),#11677);
#11673 = LINE('',#11674,#11675);
#11674 = CARTESIAN_POINT('',(0.,0.));
#11675 = VECTOR('',#11676,1.);
#11676 = DIRECTION('',(1.,0.));
#11677 = ( GEOMETRIC_REPRESENTATION_CONTEXT(2) 
PARAMETRIC_REPRESENTATION_CONTEXT() REPRESENTATION_CONTEXT('2D SPACE',''
  ) );
#11678 = PCURVE('',#1795,#11679);
#11679 = DEFINITIONAL_REPRESENTATION('',(#11680),#11684);
#11680 = LINE('',#11681,#11682);
#11681 = CARTESIAN_POINT('',(0.,1.));
#11682 = VECTOR('',#11683,1.);
#11683 = DIRECTION('',(1.,0.));
#11684 = ( GEOMETRIC_REPRESENTATION_CONTEXT(2) 
PARAMETRIC_REPRESENTATION_CONTEXT() REPRESENTATION_CONTEXT('2D SPACE',''
  ) );
#11685 = ORIENTED_EDGE('',*,*,#6525,.T.);
#11686 = ORIENTED_EDGE('',*,*,#11506,.F.);
#11687 = ADVANCED_FACE('',(#11688),#2456,.T.);
#11688 = FACE_BOUND('',#11689,.T.);
#11689 = EDGE_LOOP('',(#11690,#11691,#11692,#11693));
#11690 = ORIENTED_EDGE('',*,*,#2438,.F.);
#11691 = ORIENTED_EDGE('',*,*,#11638,.T.);
#11692 = ORIENTED_EDGE('',*,*,#6038,.T.);
#11693 = ORIENTED_EDGE('',*,*,#11694,.T.);
#11694 = EDGE_CURVE('',#6039,#2399,#11695,.T.);
#11695 = SURFACE_CURVE('',#11696,(#11707,#11721),.PCURVE_S1.);
#11696 = B_SPLINE_CURVE_WITH_KNOTS('',5,(#11697,#11698,#11699,#11700,
    #11701,#11702,#11703,#11704,#11705,#11706),.UNSPECIFIED.,.F.,.F.,(6,
    4,6),(0.,0.500967496275,1.),.UNSPECIFIED.);
#11697 = CARTESIAN_POINT('',(-3.690804892839,-18.38403801074,8.));
#11698 = CARTESIAN_POINT('',(-3.187441315118,-18.48485133807,
    7.198456100659));
#11699 = CARTESIAN_POINT('',(-2.680620619384,-18.56837982616,
    6.39691108121));
#11700 = CARTESIAN_POINT('',(-2.171163629216,-18.63457859338,
    5.595361495286));
#11701 = CARTESIAN_POINT('',(-1.659856263727,-18.68341092966,
    4.793810986092));
#11702 = CARTESIAN_POINT('',(-0.637084047546,-18.74612301475,
    3.193805026155));
#11703 = CARTESIAN_POINT('',(-0.125628188869,-18.76013699718,
    2.395350528434));
#11704 = CARTESIAN_POINT('',(0.386113743592,-18.75682291657,
    1.596896971484));
#11705 = CARTESIAN_POINT('',(0.897366179865,-18.73612146614,
    0.79844792715));
#11706 = CARTESIAN_POINT('',(1.407318454078,-18.69797713942,
    -4.440892098501E-16));
#11707 = PCURVE('',#2456,#11708);
#11708 = DEFINITIONAL_REPRESENTATION('',(#11709),#11720);
#11709 = B_SPLINE_CURVE_WITH_KNOTS('',5,(#11710,#11711,#11712,#11713,
    #11714,#11715,#11716,#11717,#11718,#11719),.UNSPECIFIED.,.F.,.F.,(6,
    4,6),(0.,0.500967496275,1.),.UNSPECIFIED.);
#11710 = CARTESIAN_POINT('',(1.,0.430378744271));
#11711 = CARTESIAN_POINT('',(0.899807126188,0.444346367968));
#11712 = CARTESIAN_POINT('',(0.799614026995,0.458283745713));
#11713 = CARTESIAN_POINT('',(0.699420300133,0.472230835363));
#11714 = CARTESIAN_POINT('',(0.599226429516,0.48618279672));
#11715 = CARTESIAN_POINT('',(0.399225571137,0.514032761069));
#11716 = CARTESIAN_POINT('',(0.299418702502,0.527930776668));
#11717 = CARTESIAN_POINT('',(0.199611979811,0.541823921045));
#11718 = CARTESIAN_POINT('',(9.98058777266E-02,0.555707582178));
#11719 = CARTESIAN_POINT('',(0.,0.569621255729));
#11720 = ( GEOMETRIC_REPRESENTATION_CONTEXT(2) 
PARAMETRIC_REPRESENTATION_CONTEXT() REPRESENTATION_CONTEXT('2D SPACE',''
  ) );
#11721 = PCURVE('',#2418,#11722);
#11722 = DEFINITIONAL_REPRESENTATION('',(#11723),#11734);
#11723 = B_SPLINE_CURVE_WITH_KNOTS('',5,(#11724,#11725,#11726,#11727,
    #11728,#11729,#11730,#11731,#11732,#11733),.UNSPECIFIED.,.F.,.F.,(6,
    4,6),(0.,0.500967496275,1.),.UNSPECIFIED.);
#11724 = CARTESIAN_POINT('',(3.249136168936,8.099999999726));
#11725 = CARTESIAN_POINT('',(3.249374044121,7.298456101317));
#11726 = CARTESIAN_POINT('',(3.249670348859,6.496911080388));
#11727 = CARTESIAN_POINT('',(3.24990943702,5.695361495834));
#11728 = CARTESIAN_POINT('',(3.250028074268,4.893810985928));
#11729 = CARTESIAN_POINT('',(3.250026229131,3.293805026351));
#11730 = CARTESIAN_POINT('',(3.249906666039,2.495350527778));
#11731 = CARTESIAN_POINT('',(3.249668059334,1.696896972468));
#11732 = CARTESIAN_POINT('',(3.249373125777,0.898447926363));
#11733 = CARTESIAN_POINT('',(3.249136168936,0.100000000328));
#11734 = ( GEOMETRIC_REPRESENTATION_CONTEXT(2) 
PARAMETRIC_REPRESENTATION_CONTEXT() REPRESENTATION_CONTEXT('2D SPACE',''
  ) );
#11735 = ADVANCED_FACE('',(#11736),#1795,.T.);
#11736 = FACE_BOUND('',#11737,.T.);
#11737 = EDGE_LOOP('',(#11738,#11739,#11768,#11809,#11836,#11837));
#11738 = ORIENTED_EDGE('',*,*,#1777,.F.);
#11739 = ORIENTED_EDGE('',*,*,#11740,.F.);
#11740 = EDGE_CURVE('',#11741,#1778,#11743,.T.);
#11741 = VERTEX_POINT('',#11742);
#11742 = CARTESIAN_POINT('',(-19.73099323822,7.189573302024,
    0.490049010231));
#11743 = SURFACE_CURVE('',#11744,(#11750,#11759),.PCURVE_S1.);
#11744 = B_SPLINE_CURVE_WITH_KNOTS('',4,(#11745,#11746,#11747,#11748,
    #11749),.UNSPECIFIED.,.F.,.F.,(5,5),(0.,1.),
  .PIECEWISE_BEZIER_KNOTS.);
#11745 = CARTESIAN_POINT('',(-19.73099323822,7.189573302024,
    0.490049010231));
#11746 = CARTESIAN_POINT('',(-19.62648190025,7.118584880309,
    0.367549821625));
#11747 = CARTESIAN_POINT('',(-19.52191308665,7.047467822111,
    0.245013308838));
#11748 = CARTESIAN_POINT('',(-19.41754391029,6.975630241685,
    0.122481298081));
#11749 = CARTESIAN_POINT('',(-19.31359161913,6.902555959159,
    -4.440892098501E-16));
#11750 = PCURVE('',#1795,#11751);
#11751 = DEFINITIONAL_REPRESENTATION('',(#11752),#11758);
#11752 = B_SPLINE_CURVE_WITH_KNOTS('',4,(#11753,#11754,#11755,#11756,
    #11757),.UNSPECIFIED.,.F.,.F.,(5,5),(0.,1.),
  .PIECEWISE_BEZIER_KNOTS.);
#11753 = CARTESIAN_POINT('',(6.125606412117E-02,0.));
#11754 = CARTESIAN_POINT('',(4.594367789993E-02,5.86858710587E-02));
#11755 = CARTESIAN_POINT('',(3.062662818737E-02,0.116875481688));
#11756 = CARTESIAN_POINT('',(1.531014340031E-02,0.174578149499));
#11757 = CARTESIAN_POINT('',(0.,0.231786024198));
#11758 = ( GEOMETRIC_REPRESENTATION_CONTEXT(2) 
PARAMETRIC_REPRESENTATION_CONTEXT() REPRESENTATION_CONTEXT('2D SPACE',''
  ) );
#11759 = PCURVE('',#1836,#11760);
#11760 = DEFINITIONAL_REPRESENTATION('',(#11761),#11767);
#11761 = B_SPLINE_CURVE_WITH_KNOTS('',4,(#11762,#11763,#11764,#11765,
    #11766),.UNSPECIFIED.,.F.,.F.,(5,5),(0.,1.),
  .PIECEWISE_BEZIER_KNOTS.);
#11762 = CARTESIAN_POINT('',(2.792165287683,0.500049010231));
#11763 = CARTESIAN_POINT('',(2.793637571386,0.377549821625));
#11764 = CARTESIAN_POINT('',(2.795137572974,0.255013308838));
#11765 = CARTESIAN_POINT('',(2.796696974695,0.132481298081));
#11766 = CARTESIAN_POINT('',(2.798346264333,9.999999999992E-03));
#11767 = ( GEOMETRIC_REPRESENTATION_CONTEXT(2) 
PARAMETRIC_REPRESENTATION_CONTEXT() REPRESENTATION_CONTEXT('2D SPACE',''
  ) );
#11768 = ORIENTED_EDGE('',*,*,#11769,.T.);
#11769 = EDGE_CURVE('',#11741,#11770,#11772,.T.);
#11770 = VERTEX_POINT('',#11771);
#11771 = CARTESIAN_POINT('',(-17.38884815814,11.774124942642,
    7.509950989769));
#11772 = SURFACE_CURVE('',#11773,(#11778,#11785),.PCURVE_S1.);
#11773 = B_SPLINE_CURVE_WITH_KNOTS('',3,(#11774,#11775,#11776,#11777),
  .UNSPECIFIED.,.F.,.F.,(4,4),(0.,1.),.PIECEWISE_BEZIER_KNOTS.);
#11774 = CARTESIAN_POINT('',(-19.85138868774,6.849990304229,0.));
#11775 = CARTESIAN_POINT('',(-19.21221616161,8.70350656449,
    2.666669951599));
#11776 = CARTESIAN_POINT('',(-18.31152441922,10.466534756205,
    5.333330048401));
#11777 = CARTESIAN_POINT('',(-17.18424955061,12.070690426901,8.));
#11778 = PCURVE('',#1795,#11779);
#11779 = DEFINITIONAL_REPRESENTATION('',(#11780),#11784);
#11780 = LINE('',#11781,#11782);
#11781 = CARTESIAN_POINT('',(0.,0.));
#11782 = VECTOR('',#11783,1.);
#11783 = DIRECTION('',(1.,0.));
#11784 = ( GEOMETRIC_REPRESENTATION_CONTEXT(2) 
PARAMETRIC_REPRESENTATION_CONTEXT() REPRESENTATION_CONTEXT('2D SPACE',''
  ) );
#11785 = PCURVE('',#11786,#11803);
#11786 = B_SPLINE_SURFACE_WITH_KNOTS('',3,3,(
    (#11787,#11788,#11789,#11790)
    ,(#11791,#11792,#11793,#11794)
    ,(#11795,#11796,#11797,#11798)
    ,(#11799,#11800,#11801,#11802
    )),.UNSPECIFIED.,.F.,.F.,.F.,(4,4),(4,4),(0.,1.),(0.,1.),
  .PIECEWISE_BEZIER_KNOTS.);
#11787 = CARTESIAN_POINT('',(-20.0864340895,6.126594940758,0.));
#11788 = CARTESIAN_POINT('',(-20.01246144315,6.369119370513,0.));
#11789 = CARTESIAN_POINT('',(-19.93409584286,6.610303888409,0.));
#11790 = CARTESIAN_POINT('',(-19.85138868774,6.849990304229,0.));
#11791 = CARTESIAN_POINT('',(-19.51480436305,8.002042665777,
    2.666670185642));
#11792 = CARTESIAN_POINT('',(-19.41818748388,8.237665225248,
    2.666670185642));
#11793 = CARTESIAN_POINT('',(-19.31730266857,8.471537707701,
    2.666670185642));
#11794 = CARTESIAN_POINT('',(-19.21221608635,8.703506718797,
    2.666670185642));
#11795 = CARTESIAN_POINT('',(-18.67855022547,9.796531918365,
    5.333329814358));
#11796 = CARTESIAN_POINT('',(-18.56026660792,10.02205752155,
    5.333329814358));
#11797 = CARTESIAN_POINT('',(-18.43789794607,10.245440588509,
    5.333329814358));
#11798 = CARTESIAN_POINT('',(-18.31152450015,10.466534604796,
    5.333329814358));
#11799 = CARTESIAN_POINT('',(-17.61010792738,11.440458853816,8.));
#11800 = CARTESIAN_POINT('',(-17.47197546563,11.653084050923,8.));
#11801 = CARTESIAN_POINT('',(-17.3299916315,11.863207181086,8.));
#11802 = CARTESIAN_POINT('',(-17.18424955061,12.070690426901,8.));
#11803 = DEFINITIONAL_REPRESENTATION('',(#11804),#11808);
#11804 = LINE('',#11805,#11806);
#11805 = CARTESIAN_POINT('',(0.,1.));
#11806 = VECTOR('',#11807,1.);
#11807 = DIRECTION('',(1.,0.));
#11808 = ( GEOMETRIC_REPRESENTATION_CONTEXT(2) 
PARAMETRIC_REPRESENTATION_CONTEXT() REPRESENTATION_CONTEXT('2D SPACE',''
  ) );
#11809 = ORIENTED_EDGE('',*,*,#11810,.T.);
#11810 = EDGE_CURVE('',#11770,#6468,#11811,.T.);
#11811 = SURFACE_CURVE('',#11812,(#11818,#11827),.PCURVE_S1.);
#11812 = B_SPLINE_CURVE_WITH_KNOTS('',4,(#11813,#11814,#11815,#11816,
    #11817),.UNSPECIFIED.,.F.,.F.,(5,5),(0.,1.),
  .PIECEWISE_BEZIER_KNOTS.);
#11813 = CARTESIAN_POINT('',(-17.38884815814,11.774124942642,
    7.509950989769));
#11814 = CARTESIAN_POINT('',(-17.20486090059,11.828667856625,
    7.631718867519));
#11815 = CARTESIAN_POINT('',(-17.02070610164,11.880242161467,
    7.753893161363));
#11816 = CARTESIAN_POINT('',(-16.83661245982,11.928357178818,
    7.876611079311));
#11817 = CARTESIAN_POINT('',(-16.65287808348,11.972541565457,8.));
#11818 = PCURVE('',#1795,#11819);
#11819 = DEFINITIONAL_REPRESENTATION('',(#11820),#11826);
#11820 = B_SPLINE_CURVE_WITH_KNOTS('',4,(#11821,#11822,#11823,#11824,
    #11825),.UNSPECIFIED.,.F.,.F.,(5,5),(0.,1.),
  .PIECEWISE_BEZIER_KNOTS.);
#11821 = CARTESIAN_POINT('',(0.938743935879,0.));
#11822 = CARTESIAN_POINT('',(0.953964908317,5.833552086386E-02));
#11823 = CARTESIAN_POINT('',(0.969236680722,0.116357722305));
#11824 = CARTESIAN_POINT('',(0.984576403913,0.174154222244));
#11825 = CARTESIAN_POINT('',(1.,0.231786024198));
#11826 = ( GEOMETRIC_REPRESENTATION_CONTEXT(2) 
PARAMETRIC_REPRESENTATION_CONTEXT() REPRESENTATION_CONTEXT('2D SPACE',''
  ) );
#11827 = PCURVE('',#6488,#11828);
#11828 = DEFINITIONAL_REPRESENTATION('',(#11829),#11835);
#11829 = B_SPLINE_CURVE_WITH_KNOTS('',4,(#11830,#11831,#11832,#11833,
    #11834),.UNSPECIFIED.,.F.,.F.,(5,5),(0.,1.),
  .PIECEWISE_BEZIER_KNOTS.);
#11830 = CARTESIAN_POINT('',(-2.546396355327,-9.950989768969E-03));
#11831 = CARTESIAN_POINT('',(-2.539333514354,-0.131718867519));
#11832 = CARTESIAN_POINT('',(-2.532274055594,-0.253893161363));
#11833 = CARTESIAN_POINT('',(-2.525241720888,-0.376611079311));
#11834 = CARTESIAN_POINT('',(-2.518263249049,-0.5));
#11835 = ( GEOMETRIC_REPRESENTATION_CONTEXT(2) 
PARAMETRIC_REPRESENTATION_CONTEXT() REPRESENTATION_CONTEXT('2D SPACE',''
  ) );
#11836 = ORIENTED_EDGE('',*,*,#6500,.T.);
#11837 = ORIENTED_EDGE('',*,*,#11664,.F.);
#11838 = ADVANCED_FACE('',(#11839),#2418,.F.);
#11839 = FACE_BOUND('',#11840,.F.);
#11840 = EDGE_LOOP('',(#11841,#11842,#11864,#11865));
#11841 = ORIENTED_EDGE('',*,*,#2398,.F.);
#11842 = ORIENTED_EDGE('',*,*,#11843,.T.);
#11843 = EDGE_CURVE('',#2283,#6064,#11844,.T.);
#11844 = SURFACE_CURVE('',#11845,(#11851,#11858),.PCURVE_S1.);
#11845 = B_SPLINE_CURVE_WITH_KNOTS('',4,(#11846,#11847,#11848,#11849,
    #11850),.UNSPECIFIED.,.F.,.F.,(5,5),(0.,8.2),
  .PIECEWISE_BEZIER_KNOTS.);
#11846 = CARTESIAN_POINT('',(1.47032345394,-18.68223083415,-1.E-01));
#11847 = CARTESIAN_POINT('',(0.162179567875,-18.78518399076,1.95));
#11848 = CARTESIAN_POINT('',(-1.155598531929,-18.76600690116,4.));
#11849 = CARTESIAN_POINT('',(-2.465773216862,-18.62335636296,6.05));
#11850 = CARTESIAN_POINT('',(-3.751401897332,-18.36068037423,8.1));
#11851 = PCURVE('',#2418,#11852);
#11852 = DEFINITIONAL_REPRESENTATION('',(#11853),#11857);
#11853 = LINE('',#11854,#11855);
#11854 = CARTESIAN_POINT('',(3.26,0.));
#11855 = VECTOR('',#11856,1.);
#11856 = DIRECTION('',(0.,1.));
#11857 = ( GEOMETRIC_REPRESENTATION_CONTEXT(2) 
PARAMETRIC_REPRESENTATION_CONTEXT() REPRESENTATION_CONTEXT('2D SPACE',''
  ) );
#11858 = PCURVE('',#2336,#11859);
#11859 = DEFINITIONAL_REPRESENTATION('',(#11860),#11863);
#11860 = B_SPLINE_CURVE_WITH_KNOTS('',1,(#11861,#11862),.UNSPECIFIED.,
  .F.,.F.,(2,2),(0.,8.2),.PIECEWISE_BEZIER_KNOTS.);
#11861 = CARTESIAN_POINT('',(0.,0.));
#11862 = CARTESIAN_POINT('',(0.,8.2));
#11863 = ( GEOMETRIC_REPRESENTATION_CONTEXT(2) 
PARAMETRIC_REPRESENTATION_CONTEXT() REPRESENTATION_CONTEXT('2D SPACE',''
  ) );
#11864 = ORIENTED_EDGE('',*,*,#6063,.T.);
#11865 = ORIENTED_EDGE('',*,*,#11694,.T.);
#11866 = ADVANCED_FACE('',(#11867),#1836,.T.);
#11867 = FACE_BOUND('',#11868,.T.);
#11868 = EDGE_LOOP('',(#11869,#11870,#11871,#11900));
#11869 = ORIENTED_EDGE('',*,*,#11740,.T.);
#11870 = ORIENTED_EDGE('',*,*,#1819,.T.);
#11871 = ORIENTED_EDGE('',*,*,#11872,.F.);
#11872 = EDGE_CURVE('',#11873,#1820,#11875,.T.);
#11873 = VERTEX_POINT('',#11874);
#11874 = CARTESIAN_POINT('',(-19.97841533915,6.47031521399,
    0.490049010231));
#11875 = SURFACE_CURVE('',#11876,(#11882,#11891),.PCURVE_S1.);
#11876 = B_SPLINE_CURVE_WITH_KNOTS('',4,(#11877,#11878,#11879,#11880,
    #11881),.UNSPECIFIED.,.F.,.F.,(5,5),(0.,1.),
  .PIECEWISE_BEZIER_KNOTS.);
#11877 = CARTESIAN_POINT('',(-19.97841533915,6.47031521399,
    0.490049010231));
#11878 = CARTESIAN_POINT('',(-19.90827016755,6.291693000064,
    0.368281132481));
#11879 = CARTESIAN_POINT('',(-19.83568114413,6.114764391367,
    0.246106838637));
#11880 = CARTESIAN_POINT('',(-19.76040200957,5.940011492238,
    0.123388920689));
#11881 = CARTESIAN_POINT('',(-19.68224443821,5.767959246943,
    -8.881784197001E-16));
#11882 = PCURVE('',#1836,#11883);
#11883 = DEFINITIONAL_REPRESENTATION('',(#11884),#11890);
#11884 = B_SPLINE_CURVE_WITH_KNOTS('',4,(#11885,#11886,#11887,#11888,
    #11889),.UNSPECIFIED.,.F.,.F.,(5,5),(0.,1.),
  .PIECEWISE_BEZIER_KNOTS.);
#11885 = CARTESIAN_POINT('',(2.82838740585,0.500049010231));
#11886 = CARTESIAN_POINT('',(2.835450246824,0.378281132481));
#11887 = CARTESIAN_POINT('',(2.842509705584,0.256106838637));
#11888 = CARTESIAN_POINT('',(2.84954204029,0.133388920689));
#11889 = CARTESIAN_POINT('',(2.856520512129,9.999999999995E-03));
#11890 = ( GEOMETRIC_REPRESENTATION_CONTEXT(2) 
PARAMETRIC_REPRESENTATION_CONTEXT() REPRESENTATION_CONTEXT('2D SPACE',''
  ) );
#11891 = PCURVE('',#1866,#11892);
#11892 = DEFINITIONAL_REPRESENTATION('',(#11893),#11899);
#11893 = B_SPLINE_CURVE_WITH_KNOTS('',4,(#11894,#11895,#11896,#11897,
    #11898),.UNSPECIFIED.,.F.,.F.,(5,5),(0.,1.),
  .PIECEWISE_BEZIER_KNOTS.);
#11894 = CARTESIAN_POINT('',(6.125606412117E-02,1.));
#11895 = CARTESIAN_POINT('',(4.603509168317E-02,0.941664479136));
#11896 = CARTESIAN_POINT('',(3.076331927809E-02,0.883642277695));
#11897 = CARTESIAN_POINT('',(1.54235960866E-02,0.825845777756));
#11898 = CARTESIAN_POINT('',(0.,0.768213975802));
#11899 = ( GEOMETRIC_REPRESENTATION_CONTEXT(2) 
PARAMETRIC_REPRESENTATION_CONTEXT() REPRESENTATION_CONTEXT('2D SPACE',''
  ) );
#11900 = ORIENTED_EDGE('',*,*,#11901,.T.);
#11901 = EDGE_CURVE('',#11873,#11741,#11902,.T.);
#11902 = SURFACE_CURVE('',#11903,(#11909,#11918),.PCURVE_S1.);
#11903 = B_SPLINE_CURVE_WITH_KNOTS('',4,(#11904,#11905,#11906,#11907,
    #11908),.UNSPECIFIED.,.F.,.F.,(5,5),(0.,1.),
  .PIECEWISE_BEZIER_KNOTS.);
#11904 = CARTESIAN_POINT('',(-19.97841533729,6.470315211144,
    0.490049007589));
#11905 = CARTESIAN_POINT('',(-19.91982327157,6.651230403175,
    0.490049088273));
#11906 = CARTESIAN_POINT('',(-19.85904658556,6.831437919153,
    0.490048864155));
#11907 = CARTESIAN_POINT('',(-19.79609869326,7.010898768679,
    0.490049088273));
#11908 = CARTESIAN_POINT('',(-19.73099323647,7.189573299114,
    0.490049007589));
#11909 = PCURVE('',#1836,#11910);
#11910 = DEFINITIONAL_REPRESENTATION('',(#11911),#11917);
#11911 = B_SPLINE_CURVE_WITH_KNOTS('',4,(#11912,#11913,#11914,#11915,
    #11916),.UNSPECIFIED.,.F.,.F.,(5,5),(0.,1.),
  .PIECEWISE_BEZIER_KNOTS.);
#11912 = CARTESIAN_POINT('',(2.828387405952,0.500049007589));
#11913 = CARTESIAN_POINT('',(2.819331874564,0.500049088273));
#11914 = CARTESIAN_POINT('',(2.810276350045,0.500048864155));
#11915 = CARTESIAN_POINT('',(2.801220815599,0.500049088273));
#11916 = CARTESIAN_POINT('',(2.792165287785,0.500049007589));
#11917 = ( GEOMETRIC_REPRESENTATION_CONTEXT(2) 
PARAMETRIC_REPRESENTATION_CONTEXT() REPRESENTATION_CONTEXT('2D SPACE',''
  ) );
#11918 = PCURVE('',#11786,#11919);
#11919 = DEFINITIONAL_REPRESENTATION('',(#11920),#11926);
#11920 = B_SPLINE_CURVE_WITH_KNOTS('',4,(#11921,#11922,#11923,#11924,
    #11925),.UNSPECIFIED.,.F.,.F.,(5,5),(0.,1.),
  .PIECEWISE_BEZIER_KNOTS.);
#11921 = CARTESIAN_POINT('',(6.125605936233E-02,0.));
#11922 = CARTESIAN_POINT('',(6.125606944785E-02,0.249999970936));
#11923 = CARTESIAN_POINT('',(6.125604143309E-02,0.500000050941));
#11924 = CARTESIAN_POINT('',(6.125606944785E-02,0.749999971755));
#11925 = CARTESIAN_POINT('',(6.125605936233E-02,1.));
#11926 = ( GEOMETRIC_REPRESENTATION_CONTEXT(2) 
PARAMETRIC_REPRESENTATION_CONTEXT() REPRESENTATION_CONTEXT('2D SPACE',''
  ) );
#11927 = ADVANCED_FACE('',(#11928),#2336,.F.);
#11928 = FACE_BOUND('',#11929,.F.);
#11929 = EDGE_LOOP('',(#11930,#11931,#11932,#11954));
#11930 = ORIENTED_EDGE('',*,*,#11843,.F.);
#11931 = ORIENTED_EDGE('',*,*,#2282,.F.);
#11932 = ORIENTED_EDGE('',*,*,#11933,.T.);
#11933 = EDGE_CURVE('',#2243,#6093,#11934,.T.);
#11934 = SURFACE_CURVE('',#11935,(#11941,#11947),.PCURVE_S1.);
#11935 = B_SPLINE_CURVE_WITH_KNOTS('',4,(#11936,#11937,#11938,#11939,
    #11940),.UNSPECIFIED.,.F.,.F.,(5,5),(0.,8.2),
  .PIECEWISE_BEZIER_KNOTS.);
#11936 = CARTESIAN_POINT('',(-18.68223083415,-1.47032345394,-1.E-01));
#11937 = CARTESIAN_POINT('',(-18.78518399076,-0.162179567875,1.95));
#11938 = CARTESIAN_POINT('',(-18.76600690116,1.155598531929,4.));
#11939 = CARTESIAN_POINT('',(-18.62335636296,2.465773216862,6.05));
#11940 = CARTESIAN_POINT('',(-18.36068037423,3.751401897332,8.1));
#11941 = PCURVE('',#2336,#11942);
#11942 = DEFINITIONAL_REPRESENTATION('',(#11943),#11946);
#11943 = B_SPLINE_CURVE_WITH_KNOTS('',1,(#11944,#11945),.UNSPECIFIED.,
  .F.,.F.,(2,2),(0.,8.2),.PIECEWISE_BEZIER_KNOTS.);
#11944 = CARTESIAN_POINT('',(1.570796326795,0.));
#11945 = CARTESIAN_POINT('',(1.570796326795,8.2));
#11946 = ( GEOMETRIC_REPRESENTATION_CONTEXT(2) 
PARAMETRIC_REPRESENTATION_CONTEXT() REPRESENTATION_CONTEXT('2D SPACE',''
  ) );
#11947 = PCURVE('',#2262,#11948);
#11948 = DEFINITIONAL_REPRESENTATION('',(#11949),#11953);
#11949 = LINE('',#11950,#11951);
#11950 = CARTESIAN_POINT('',(0.,0.));
#11951 = VECTOR('',#11952,1.);
#11952 = DIRECTION('',(0.,1.));
#11953 = ( GEOMETRIC_REPRESENTATION_CONTEXT(2) 
PARAMETRIC_REPRESENTATION_CONTEXT() REPRESENTATION_CONTEXT('2D SPACE',''
  ) );
#11954 = ORIENTED_EDGE('',*,*,#6092,.T.);
#11955 = ADVANCED_FACE('',(#11956),#1866,.T.);
#11956 = FACE_BOUND('',#11957,.T.);
#11957 = EDGE_LOOP('',(#11958,#11959,#11981,#11982,#12011,#12033));
#11958 = ORIENTED_EDGE('',*,*,#1848,.F.);
#11959 = ORIENTED_EDGE('',*,*,#11960,.T.);
#11960 = EDGE_CURVE('',#1849,#6418,#11961,.T.);
#11961 = SURFACE_CURVE('',#11962,(#11967,#11974),.PCURVE_S1.);
#11962 = B_SPLINE_CURVE_WITH_KNOTS('',3,(#11963,#11964,#11965,#11966),
  .UNSPECIFIED.,.F.,.F.,(4,4),(0.,1.),.PIECEWISE_BEZIER_KNOTS.);
#11963 = CARTESIAN_POINT('',(-18.16226322494,4.831261033273,0.));
#11964 = CARTESIAN_POINT('',(-17.7115348586,6.527037768974,
    2.666669690328));
#11965 = CARTESIAN_POINT('',(-17.02152337819,8.158947908323,
    5.333330309672));
#11966 = CARTESIAN_POINT('',(-16.11899338955,9.663691878957,8.));
#11967 = PCURVE('',#1866,#11968);
#11968 = DEFINITIONAL_REPRESENTATION('',(#11969),#11973);
#11969 = LINE('',#11970,#11971);
#11970 = CARTESIAN_POINT('',(0.,0.));
#11971 = VECTOR('',#11972,1.);
#11972 = DIRECTION('',(1.,0.));
#11973 = ( GEOMETRIC_REPRESENTATION_CONTEXT(2) 
PARAMETRIC_REPRESENTATION_CONTEXT() REPRESENTATION_CONTEXT('2D SPACE',''
  ) );
#11974 = PCURVE('',#1908,#11975);
#11975 = DEFINITIONAL_REPRESENTATION('',(#11976),#11980);
#11976 = LINE('',#11977,#11978);
#11977 = CARTESIAN_POINT('',(0.,1.));
#11978 = VECTOR('',#11979,1.);
#11979 = DIRECTION('',(1.,0.));
#11980 = ( GEOMETRIC_REPRESENTATION_CONTEXT(2) 
PARAMETRIC_REPRESENTATION_CONTEXT() REPRESENTATION_CONTEXT('2D SPACE',''
  ) );
#11981 = ORIENTED_EDGE('',*,*,#6442,.T.);
#11982 = ORIENTED_EDGE('',*,*,#11983,.T.);
#11983 = EDGE_CURVE('',#6443,#11984,#11986,.T.);
#11984 = VERTEX_POINT('',#11985);
#11985 = CARTESIAN_POINT('',(-17.80383244749,11.136678526993,
    7.509950989769));
#11986 = SURFACE_CURVE('',#11987,(#11993,#12002),.PCURVE_S1.);
#11987 = B_SPLINE_CURVE_WITH_KNOTS('',4,(#11988,#11989,#11990,#11991,
    #11992),.UNSPECIFIED.,.F.,.F.,(5,5),(0.,1.),
  .PIECEWISE_BEZIER_KNOTS.);
#11988 = CARTESIAN_POINT('',(-17.32080815125,10.984065958802,8.));
#11989 = CARTESIAN_POINT('',(-17.44236018936,11.02109340317,
    7.877518701917));
#11990 = CARTESIAN_POINT('',(-17.56319344833,11.059210150943,
    7.754986691164));
#11991 = CARTESIAN_POINT('',(-17.6835813382,11.09792744319,
    7.632450178374));
#11992 = CARTESIAN_POINT('',(-17.80383244749,11.136678526993,
    7.509950989769));
#11993 = PCURVE('',#1866,#11994);
#11994 = DEFINITIONAL_REPRESENTATION('',(#11995),#12001);
#11995 = B_SPLINE_CURVE_WITH_KNOTS('',4,(#11996,#11997,#11998,#11999,
    #12000),.UNSPECIFIED.,.F.,.F.,(5,5),(0.,1.),
  .PIECEWISE_BEZIER_KNOTS.);
#11996 = CARTESIAN_POINT('',(1.,0.768213975802));
#11997 = CARTESIAN_POINT('',(0.984689856599,0.825421850502));
#11998 = CARTESIAN_POINT('',(0.969373371813,0.883124518311));
#11999 = CARTESIAN_POINT('',(0.9540563221,0.941314128942));
#12000 = CARTESIAN_POINT('',(0.938743935879,1.));
#12001 = ( GEOMETRIC_REPRESENTATION_CONTEXT(2) 
PARAMETRIC_REPRESENTATION_CONTEXT() REPRESENTATION_CONTEXT('2D SPACE',''
  ) );
#12002 = PCURVE('',#6488,#12003);
#12003 = DEFINITIONAL_REPRESENTATION('',(#12004),#12010);
#12004 = B_SPLINE_CURVE_WITH_KNOTS('',4,(#12005,#12006,#12007,#12008,
    #12009),.UNSPECIFIED.,.F.,.F.,(5,5),(0.,1.),
  .PIECEWISE_BEZIER_KNOTS.);
#12005 = CARTESIAN_POINT('',(-2.576437496845,-0.5));
#12006 = CARTESIAN_POINT('',(-2.578086786482,-0.377518701917));
#12007 = CARTESIAN_POINT('',(-2.579646188204,-0.254986691164));
#12008 = CARTESIAN_POINT('',(-2.581146189792,-0.132450178374));
#12009 = CARTESIAN_POINT('',(-2.582618473495,-9.950989768972E-03));
#12010 = ( GEOMETRIC_REPRESENTATION_CONTEXT(2) 
PARAMETRIC_REPRESENTATION_CONTEXT() REPRESENTATION_CONTEXT('2D SPACE',''
  ) );
#12011 = ORIENTED_EDGE('',*,*,#12012,.F.);
#12012 = EDGE_CURVE('',#11873,#11984,#12013,.T.);
#12013 = SURFACE_CURVE('',#12014,(#12019,#12026),.PCURVE_S1.);
#12014 = B_SPLINE_CURVE_WITH_KNOTS('',3,(#12015,#12016,#12017,#12018),
  .UNSPECIFIED.,.F.,.F.,(4,4),(0.,1.),.PIECEWISE_BEZIER_KNOTS.);
#12015 = CARTESIAN_POINT('',(-20.0864340895,6.126594940758,0.));
#12016 = CARTESIAN_POINT('',(-19.51480443266,8.002042508845,
    2.666669951599));
#12017 = CARTESIAN_POINT('',(-18.67855015008,9.796532072606,
    5.333330048401));
#12018 = CARTESIAN_POINT('',(-17.61010792738,11.440458853816,8.));
#12019 = PCURVE('',#1866,#12020);
#12020 = DEFINITIONAL_REPRESENTATION('',(#12021),#12025);
#12021 = LINE('',#12022,#12023);
#12022 = CARTESIAN_POINT('',(0.,1.));
#12023 = VECTOR('',#12024,1.);
#12024 = DIRECTION('',(1.,0.));
#12025 = ( GEOMETRIC_REPRESENTATION_CONTEXT(2) 
PARAMETRIC_REPRESENTATION_CONTEXT() REPRESENTATION_CONTEXT('2D SPACE',''
  ) );
#12026 = PCURVE('',#11786,#12027);
#12027 = DEFINITIONAL_REPRESENTATION('',(#12028),#12032);
#12028 = LINE('',#12029,#12030);
#12029 = CARTESIAN_POINT('',(0.,0.));
#12030 = VECTOR('',#12031,1.);
#12031 = DIRECTION('',(1.,0.));
#12032 = ( GEOMETRIC_REPRESENTATION_CONTEXT(2) 
PARAMETRIC_REPRESENTATION_CONTEXT() REPRESENTATION_CONTEXT('2D SPACE',''
  ) );
#12033 = ORIENTED_EDGE('',*,*,#11872,.T.);
#12034 = ADVANCED_FACE('',(#12035),#2262,.F.);
#12035 = FACE_BOUND('',#12036,.F.);
#12036 = EDGE_LOOP('',(#12037,#12038,#12039,#12081));
#12037 = ORIENTED_EDGE('',*,*,#11933,.F.);
#12038 = ORIENTED_EDGE('',*,*,#2242,.F.);
#12039 = ORIENTED_EDGE('',*,*,#12040,.T.);
#12040 = EDGE_CURVE('',#2201,#6173,#12041,.T.);
#12041 = SURFACE_CURVE('',#12042,(#12053,#12067),.PCURVE_S1.);
#12042 = B_SPLINE_CURVE_WITH_KNOTS('',5,(#12043,#12044,#12045,#12046,
    #12047,#12048,#12049,#12050,#12051,#12052),.UNSPECIFIED.,.F.,.F.,(6,
    4,6),(0.,0.499817696858,1.),.UNSPECIFIED.);
#12043 = CARTESIAN_POINT('',(-18.69797713942,-1.407318454078,
    -4.934921316546E-16));
#12044 = CARTESIAN_POINT('',(-18.73618148385,-0.896563805576,
    0.799704229323));
#12045 = CARTESIAN_POINT('',(-18.75688801703,-0.384504900725,
    1.599409578153));
#12046 = CARTESIAN_POINT('',(-18.76015251276,0.128043762007,
    2.399119460076));
#12047 = CARTESIAN_POINT('',(-18.74603455634,0.640303004447,
    3.198830276688));
#12048 = CARTESIAN_POINT('',(-18.68310452451,1.663061833451,
    4.798836236648));
#12049 = CARTESIAN_POINT('',(-18.63426719401,2.173559105236,
    5.599130427337));
#12050 = CARTESIAN_POINT('',(-18.5681179475,2.682209344099,6.39942368756
    ));
#12051 = CARTESIAN_POINT('',(-18.48469332769,3.188230263654,
    7.199712403266));
#12052 = CARTESIAN_POINT('',(-18.38403801074,3.690804892839,8.));
#12053 = PCURVE('',#2262,#12054);
#12054 = DEFINITIONAL_REPRESENTATION('',(#12055),#12066);
#12055 = B_SPLINE_CURVE_WITH_KNOTS('',5,(#12056,#12057,#12058,#12059,
    #12060,#12061,#12062,#12063,#12064,#12065),.UNSPECIFIED.,.F.,.F.,(6,
    4,6),(0.,0.499817696858,1.),.UNSPECIFIED.);
#12056 = CARTESIAN_POINT('',(1.086383106389E-02,0.1));
#12057 = CARTESIAN_POINT('',(1.062650157015E-02,0.899704229323));
#12058 = CARTESIAN_POINT('',(1.033101182441E-02,1.699409578154));
#12059 = CARTESIAN_POINT('',(1.009220891039E-02,2.499119460075));
#12060 = CARTESIAN_POINT('',(9.973019553404E-03,3.298830276688));
#12061 = CARTESIAN_POINT('',(9.972671877666E-03,4.898836236477));
#12062 = CARTESIAN_POINT('',(1.009168678065E-02,5.699130427909));
#12063 = CARTESIAN_POINT('',(1.033058041383E-02,6.499423686702));
#12064 = CARTESIAN_POINT('',(1.062632852879E-02,7.299712403952));
#12065 = CARTESIAN_POINT('',(1.086383106381E-02,8.099999999714));
#12066 = ( GEOMETRIC_REPRESENTATION_CONTEXT(2) 
PARAMETRIC_REPRESENTATION_CONTEXT() REPRESENTATION_CONTEXT('2D SPACE',''
  ) );
#12067 = PCURVE('',#2218,#12068);
#12068 = DEFINITIONAL_REPRESENTATION('',(#12069),#12080);
#12069 = B_SPLINE_CURVE_WITH_KNOTS('',5,(#12070,#12071,#12072,#12073,
    #12074,#12075,#12076,#12077,#12078,#12079),.UNSPECIFIED.,.F.,.F.,(6,
    4,6),(0.,0.499817696858,1.),.UNSPECIFIED.);
#12070 = CARTESIAN_POINT('',(0.,0.569621255729));
#12071 = CARTESIAN_POINT('',(9.996291532019E-02,0.555685689964));
#12072 = CARTESIAN_POINT('',(0.199926055556,0.541780231253));
#12073 = CARTESIAN_POINT('',(0.299889819091,0.527865196857));
#12074 = CARTESIAN_POINT('',(0.399853727809,0.513945290811));
#12075 = CARTESIAN_POINT('',(0.599854586192,0.486095326253));
#12076 = CARTESIAN_POINT('',(0.699891416774,0.472165255336));
#12077 = CARTESIAN_POINT('',(0.7999281027,0.458240056145));
#12078 = CARTESIAN_POINT('',(0.899964163836,0.444324475746));
#12079 = CARTESIAN_POINT('',(1.,0.430378744271));
#12080 = ( GEOMETRIC_REPRESENTATION_CONTEXT(2) 
PARAMETRIC_REPRESENTATION_CONTEXT() REPRESENTATION_CONTEXT('2D SPACE',''
  ) );
#12081 = ORIENTED_EDGE('',*,*,#6172,.T.);
#12082 = ADVANCED_FACE('',(#12083),#1908,.T.);
#12083 = FACE_BOUND('',#12084,.T.);
#12084 = EDGE_LOOP('',(#12085,#12086,#12108,#12109));
#12085 = ORIENTED_EDGE('',*,*,#1890,.F.);
#12086 = ORIENTED_EDGE('',*,*,#12087,.T.);
#12087 = EDGE_CURVE('',#1891,#6393,#12088,.T.);
#12088 = SURFACE_CURVE('',#12089,(#12094,#12101),.PCURVE_S1.);
#12089 = B_SPLINE_CURVE_WITH_KNOTS('',3,(#12090,#12091,#12092,#12093),
  .UNSPECIFIED.,.F.,.F.,(4,4),(0.,1.),.PIECEWISE_BEZIER_KNOTS.);
#12090 = CARTESIAN_POINT('',(-18.37604163832,3.940809857191,0.));
#12091 = CARTESIAN_POINT('',(-18.00845261767,5.656529271743,
    2.666669690328));
#12092 = CARTESIAN_POINT('',(-17.3987534868,7.320113809965,
    5.333330309672));
#12093 = CARTESIAN_POINT('',(-16.57059364482,8.867035292689,8.));
#12094 = PCURVE('',#1908,#12095);
#12095 = DEFINITIONAL_REPRESENTATION('',(#12096),#12100);
#12096 = LINE('',#12097,#12098);
#12097 = CARTESIAN_POINT('',(0.,0.));
#12098 = VECTOR('',#12099,1.);
#12099 = DIRECTION('',(1.,0.));
#12100 = ( GEOMETRIC_REPRESENTATION_CONTEXT(2) 
PARAMETRIC_REPRESENTATION_CONTEXT() REPRESENTATION_CONTEXT('2D SPACE',''
  ) );
#12101 = PCURVE('',#1950,#12102);
#12102 = DEFINITIONAL_REPRESENTATION('',(#12103),#12107);
#12103 = LINE('',#12104,#12105);
#12104 = CARTESIAN_POINT('',(0.,1.));
#12105 = VECTOR('',#12106,1.);
#12106 = DIRECTION('',(1.,0.));
#12107 = ( GEOMETRIC_REPRESENTATION_CONTEXT(2) 
PARAMETRIC_REPRESENTATION_CONTEXT() REPRESENTATION_CONTEXT('2D SPACE',''
  ) );
#12108 = ORIENTED_EDGE('',*,*,#6417,.T.);
#12109 = ORIENTED_EDGE('',*,*,#11960,.F.);
#12110 = ADVANCED_FACE('',(#12111),#2218,.T.);
#12111 = FACE_BOUND('',#12112,.T.);
#12112 = EDGE_LOOP('',(#12113,#12114,#12115,#12116));
#12113 = ORIENTED_EDGE('',*,*,#2200,.F.);
#12114 = ORIENTED_EDGE('',*,*,#12040,.T.);
#12115 = ORIENTED_EDGE('',*,*,#6201,.T.);
#12116 = ORIENTED_EDGE('',*,*,#12117,.F.);
#12117 = EDGE_CURVE('',#2159,#6202,#12118,.T.);
#12118 = SURFACE_CURVE('',#12119,(#12124,#12131),.PCURVE_S1.);
#12119 = B_SPLINE_CURVE_WITH_KNOTS('',3,(#12120,#12121,#12122,#12123),
  .UNSPECIFIED.,.F.,.F.,(4,4),(0.,1.),.PIECEWISE_BEZIER_KNOTS.);
#12120 = CARTESIAN_POINT('',(-18.76628055429,-1.017645705202,0.));
#12121 = CARTESIAN_POINT('',(-18.8616362344,0.734416534513,
    2.666669690328));
#12122 = CARTESIAN_POINT('',(-18.70968428599,2.499680580309,
    5.333330309672));
#12123 = CARTESIAN_POINT('',(-18.31631871825,4.209674243362,8.));
#12124 = PCURVE('',#2218,#12125);
#12125 = DEFINITIONAL_REPRESENTATION('',(#12126),#12130);
#12126 = LINE('',#12127,#12128);
#12127 = CARTESIAN_POINT('',(0.,1.));
#12128 = VECTOR('',#12129,1.);
#12129 = DIRECTION('',(1.,0.));
#12130 = ( GEOMETRIC_REPRESENTATION_CONTEXT(2) 
PARAMETRIC_REPRESENTATION_CONTEXT() REPRESENTATION_CONTEXT('2D SPACE',''
  ) );
#12131 = PCURVE('',#2176,#12132);
#12132 = DEFINITIONAL_REPRESENTATION('',(#12133),#12137);
#12133 = LINE('',#12134,#12135);
#12134 = CARTESIAN_POINT('',(0.,0.));
#12135 = VECTOR('',#12136,1.);
#12136 = DIRECTION('',(1.,0.));
#12137 = ( GEOMETRIC_REPRESENTATION_CONTEXT(2) 
PARAMETRIC_REPRESENTATION_CONTEXT() REPRESENTATION_CONTEXT('2D SPACE',''
  ) );
#12138 = ADVANCED_FACE('',(#12139),#1950,.T.);
#12139 = FACE_BOUND('',#12140,.T.);
#12140 = EDGE_LOOP('',(#12141,#12142,#12171,#12212,#12239,#12240));
#12141 = ORIENTED_EDGE('',*,*,#1932,.F.);
#12142 = ORIENTED_EDGE('',*,*,#12143,.F.);
#12143 = EDGE_CURVE('',#12144,#1933,#12146,.T.);
#12144 = VERTEX_POINT('',#12145);
#12145 = CARTESIAN_POINT('',(-20.61276902312,4.014450352329,
    0.490049010231));
#12146 = SURFACE_CURVE('',#12147,(#12153,#12162),.PCURVE_S1.);
#12147 = B_SPLINE_CURVE_WITH_KNOTS('',4,(#12148,#12149,#12150,#12151,
    #12152),.UNSPECIFIED.,.F.,.F.,(5,5),(0.,1.),
  .PIECEWISE_BEZIER_KNOTS.);
#12148 = CARTESIAN_POINT('',(-20.61276902312,4.014450352329,
    0.490049010231));
#12149 = CARTESIAN_POINT('',(-20.49843935737,3.960685091131,
    0.367549821625));
#12150 = CARTESIAN_POINT('',(-20.38403280043,3.906801768347,
    0.245013308838));
#12151 = CARTESIAN_POINT('',(-20.26971070836,3.852175564013,
    0.122481298081));
#12152 = CARTESIAN_POINT('',(-20.15560690611,3.796262668222,
    -4.440892098501E-16));
#12153 = PCURVE('',#1950,#12154);
#12154 = DEFINITIONAL_REPRESENTATION('',(#12155),#12161);
#12155 = B_SPLINE_CURVE_WITH_KNOTS('',4,(#12156,#12157,#12158,#12159,
    #12160),.UNSPECIFIED.,.F.,.F.,(5,5),(0.,1.),
  .PIECEWISE_BEZIER_KNOTS.);
#12156 = CARTESIAN_POINT('',(6.125606412117E-02,0.));
#12157 = CARTESIAN_POINT('',(4.594367789993E-02,5.86858710587E-02));
#12158 = CARTESIAN_POINT('',(3.062662818737E-02,0.116875481688));
#12159 = CARTESIAN_POINT('',(1.531014340031E-02,0.174578149499));
#12160 = CARTESIAN_POINT('',(0.,0.231786024198));
#12161 = ( GEOMETRIC_REPRESENTATION_CONTEXT(2) 
PARAMETRIC_REPRESENTATION_CONTEXT() REPRESENTATION_CONTEXT('2D SPACE',''
  ) );
#12162 = PCURVE('',#1991,#12163);
#12163 = DEFINITIONAL_REPRESENTATION('',(#12164),#12170);
#12164 = B_SPLINE_CURVE_WITH_KNOTS('',4,(#12165,#12166,#12167,#12168,
    #12169),.UNSPECIFIED.,.F.,.F.,(5,5),(0.,1.),
  .PIECEWISE_BEZIER_KNOTS.);
#12165 = CARTESIAN_POINT('',(2.949244920363,0.500049010231));
#12166 = CARTESIAN_POINT('',(2.950717204066,0.377549821625));
#12167 = CARTESIAN_POINT('',(2.952217205653,0.255013308838));
#12168 = CARTESIAN_POINT('',(2.953776607375,0.132481298081));
#12169 = CARTESIAN_POINT('',(2.955425897012,1.E-02));
#12170 = ( GEOMETRIC_REPRESENTATION_CONTEXT(2) 
PARAMETRIC_REPRESENTATION_CONTEXT() REPRESENTATION_CONTEXT('2D SPACE',''
  ) );
#12171 = ORIENTED_EDGE('',*,*,#12172,.T.);
#12172 = EDGE_CURVE('',#12144,#12173,#12175,.T.);
#12173 = VERTEX_POINT('',#12174);
#12174 = CARTESIAN_POINT('',(-19.0166415189,8.908950767273,
    7.509950989769));
#12175 = SURFACE_CURVE('',#12176,(#12181,#12188),.PCURVE_S1.);
#12176 = B_SPLINE_CURVE_WITH_KNOTS('',3,(#12177,#12178,#12179,#12180),
  .UNSPECIFIED.,.F.,.F.,(4,4),(0.,1.),.PIECEWISE_BEZIER_KNOTS.);
#12177 = CARTESIAN_POINT('',(-20.67855972028,3.660214187003,0.));
#12178 = CARTESIAN_POINT('',(-20.3372102932,5.59089919856,2.666669951599
    ));
#12179 = CARTESIAN_POINT('',(-19.7234059328,7.473120818546,
    5.333330048401));
#12180 = CARTESIAN_POINT('',(-18.86095492262,9.233871312015,8.));
#12181 = PCURVE('',#1950,#12182);
#12182 = DEFINITIONAL_REPRESENTATION('',(#12183),#12187);
#12183 = LINE('',#12184,#12185);
#12184 = CARTESIAN_POINT('',(0.,0.));
#12185 = VECTOR('',#12186,1.);
#12186 = DIRECTION('',(1.,0.));
#12187 = ( GEOMETRIC_REPRESENTATION_CONTEXT(2) 
PARAMETRIC_REPRESENTATION_CONTEXT() REPRESENTATION_CONTEXT('2D SPACE',''
  ) );
#12188 = PCURVE('',#12189,#12206);
#12189 = B_SPLINE_SURFACE_WITH_KNOTS('',3,3,(
    (#12190,#12191,#12192,#12193)
    ,(#12194,#12195,#12196,#12197)
    ,(#12198,#12199,#12200,#12201)
    ,(#12202,#12203,#12204,#12205
    )),.UNSPECIFIED.,.F.,.F.,.F.,(4,4),(4,4),(0.,1.),(0.,1.),
  .PIECEWISE_BEZIER_KNOTS.);
#12190 = CARTESIAN_POINT('',(-20.7975473564,2.908955819179,0.));
#12191 = CARTESIAN_POINT('',(-20.76242461551,3.160066242116,0.));
#12192 = CARTESIAN_POINT('',(-20.72275339683,3.410540459134,0.));
#12193 = CARTESIAN_POINT('',(-20.67855972028,3.660214187003,0.));
#12194 = CARTESIAN_POINT('',(-20.52634000202,4.850736261034,
    2.666670185642));
#12195 = CARTESIAN_POINT('',(-20.46777212601,5.098572125612,
    2.666670185642));
#12196 = CARTESIAN_POINT('',(-20.40471508687,5.345347111829,
    2.666670185642));
#12197 = CARTESIAN_POINT('',(-20.33721024301,5.59089936274,
    2.666670185642));
#12198 = CARTESIAN_POINT('',(-19.98110150681,6.753951341789,
    5.333329814358));
#12199 = CARTESIAN_POINT('',(-19.89955413397,6.995203984994,
    5.333329814358));
#12200 = CARTESIAN_POINT('',(-19.81363684398,7.23497951187,
    5.333329814358));
#12201 = CARTESIAN_POINT('',(-19.72340598904,7.47312065634,
    5.333329814358));
#12202 = CARTESIAN_POINT('',(-19.18298033711,8.544780008051,8.));
#12203 = CARTESIAN_POINT('',(-19.07981042414,8.77639611391,8.));
#12204 = CARTESIAN_POINT('',(-18.97244514608,9.006143444797,8.));
#12205 = CARTESIAN_POINT('',(-18.86095492262,9.233871312015,8.));
#12206 = DEFINITIONAL_REPRESENTATION('',(#12207),#12211);
#12207 = LINE('',#12208,#12209);
#12208 = CARTESIAN_POINT('',(0.,1.));
#12209 = VECTOR('',#12210,1.);
#12210 = DIRECTION('',(1.,0.));
#12211 = ( GEOMETRIC_REPRESENTATION_CONTEXT(2) 
PARAMETRIC_REPRESENTATION_CONTEXT() REPRESENTATION_CONTEXT('2D SPACE',''
  ) );
#12212 = ORIENTED_EDGE('',*,*,#12213,.T.);
#12213 = EDGE_CURVE('',#12173,#6360,#12214,.T.);
#12214 = SURFACE_CURVE('',#12215,(#12221,#12230),.PCURVE_S1.);
#12215 = B_SPLINE_CURVE_WITH_KNOTS('',4,(#12216,#12217,#12218,#12219,
    #12220),.UNSPECIFIED.,.F.,.F.,(5,5),(0.,1.),
  .PIECEWISE_BEZIER_KNOTS.);
#12216 = CARTESIAN_POINT('',(-19.0166415189,8.908950767273,
    7.509950989769));
#12217 = CARTESIAN_POINT('',(-18.84345184137,8.991604115684,
    7.631718867519));
#12218 = CARTESIAN_POINT('',(-18.66963229237,9.071351612709,
    7.753893161363));
#12219 = CARTESIAN_POINT('',(-18.49533199576,9.14767284473,
    7.876611079311));
#12220 = CARTESIAN_POINT('',(-18.32077165537,9.220055637122,8.));
#12221 = PCURVE('',#1950,#12222);
#12222 = DEFINITIONAL_REPRESENTATION('',(#12223),#12229);
#12223 = B_SPLINE_CURVE_WITH_KNOTS('',4,(#12224,#12225,#12226,#12227,
    #12228),.UNSPECIFIED.,.F.,.F.,(5,5),(0.,1.),
  .PIECEWISE_BEZIER_KNOTS.);
#12224 = CARTESIAN_POINT('',(0.938743935879,0.));
#12225 = CARTESIAN_POINT('',(0.953964908317,5.833552086386E-02));
#12226 = CARTESIAN_POINT('',(0.969236680722,0.116357722305));
#12227 = CARTESIAN_POINT('',(0.984576403913,0.174154222244));
#12228 = CARTESIAN_POINT('',(1.,0.231786024198));
#12229 = ( GEOMETRIC_REPRESENTATION_CONTEXT(2) 
PARAMETRIC_REPRESENTATION_CONTEXT() REPRESENTATION_CONTEXT('2D SPACE',''
  ) );
#12230 = PCURVE('',#6380,#12231);
#12231 = DEFINITIONAL_REPRESENTATION('',(#12232),#12238);
#12232 = B_SPLINE_CURVE_WITH_KNOTS('',4,(#12233,#12234,#12235,#12236,
    #12237),.UNSPECIFIED.,.F.,.F.,(5,5),(0.,1.),
  .PIECEWISE_BEZIER_KNOTS.);
#12233 = CARTESIAN_POINT('',(-2.703475988007,-9.950989768972E-03));
#12234 = CARTESIAN_POINT('',(-2.696413147033,-0.131718867519));
#12235 = CARTESIAN_POINT('',(-2.689353688274,-0.253893161363));
#12236 = CARTESIAN_POINT('',(-2.682321353567,-0.376611079311));
#12237 = CARTESIAN_POINT('',(-2.675342881728,-0.5));
#12238 = ( GEOMETRIC_REPRESENTATION_CONTEXT(2) 
PARAMETRIC_REPRESENTATION_CONTEXT() REPRESENTATION_CONTEXT('2D SPACE',''
  ) );
#12239 = ORIENTED_EDGE('',*,*,#6392,.T.);
#12240 = ORIENTED_EDGE('',*,*,#12087,.F.);
#12241 = ADVANCED_FACE('',(#12242),#2176,.T.);
#12242 = FACE_BOUND('',#12243,.T.);
#12243 = EDGE_LOOP('',(#12244,#12245,#12246,#12247,#12276,#12317));
#12244 = ORIENTED_EDGE('',*,*,#2158,.F.);
#12245 = ORIENTED_EDGE('',*,*,#12117,.T.);
#12246 = ORIENTED_EDGE('',*,*,#6226,.T.);
#12247 = ORIENTED_EDGE('',*,*,#12248,.T.);
#12248 = EDGE_CURVE('',#6227,#12249,#12251,.T.);
#12249 = VERTEX_POINT('',#12250);
#12250 = CARTESIAN_POINT('',(-20.37387378995,5.0899238917,7.509950989769
    ));
#12251 = SURFACE_CURVE('',#12252,(#12258,#12267),.PCURVE_S1.);
#12252 = B_SPLINE_CURVE_WITH_KNOTS('',4,(#12253,#12254,#12255,#12256,
    #12257),.UNSPECIFIED.,.F.,.F.,(5,5),(0.,1.),
  .PIECEWISE_BEZIER_KNOTS.);
#12253 = CARTESIAN_POINT('',(-19.86733050835,5.094043430488,8.));
#12254 = CARTESIAN_POINT('',(-19.99437547583,5.091696977259,
    7.877518701917));
#12255 = CARTESIAN_POINT('',(-20.12107345699,5.090608628101,
    7.754986691164));
#12256 = CARTESIAN_POINT('',(-20.24753344541,5.090229057301,
    7.632450178374));
#12257 = CARTESIAN_POINT('',(-20.37387378995,5.0899238917,7.509950989769
    ));
#12258 = PCURVE('',#2176,#12259);
#12259 = DEFINITIONAL_REPRESENTATION('',(#12260),#12266);
#12260 = B_SPLINE_CURVE_WITH_KNOTS('',4,(#12261,#12262,#12263,#12264,
    #12265),.UNSPECIFIED.,.F.,.F.,(5,5),(0.,1.),
  .PIECEWISE_BEZIER_KNOTS.);
#12261 = CARTESIAN_POINT('',(1.,0.768213975802));
#12262 = CARTESIAN_POINT('',(0.984689856599,0.825421850502));
#12263 = CARTESIAN_POINT('',(0.969373371813,0.883124518311));
#12264 = CARTESIAN_POINT('',(0.9540563221,0.941314128942));
#12265 = CARTESIAN_POINT('',(0.938743935879,1.));
#12266 = ( GEOMETRIC_REPRESENTATION_CONTEXT(2) 
PARAMETRIC_REPRESENTATION_CONTEXT() REPRESENTATION_CONTEXT('2D SPACE',''
  ) );
#12267 = PCURVE('',#6272,#12268);
#12268 = DEFINITIONAL_REPRESENTATION('',(#12269),#12275);
#12269 = B_SPLINE_CURVE_WITH_KNOTS('',4,(#12270,#12271,#12272,#12273,
    #12274),.UNSPECIFIED.,.F.,.F.,(5,5),(0.,1.),
  .PIECEWISE_BEZIER_KNOTS.);
#12270 = CARTESIAN_POINT('',(-2.890596762204,-0.5));
#12271 = CARTESIAN_POINT('',(-2.892246051841,-0.377518701917));
#12272 = CARTESIAN_POINT('',(-2.893805453563,-0.254986691164));
#12273 = CARTESIAN_POINT('',(-2.895305455151,-0.132450178374));
#12274 = CARTESIAN_POINT('',(-2.896777738854,-9.950989768975E-03));
#12275 = ( GEOMETRIC_REPRESENTATION_CONTEXT(2) 
PARAMETRIC_REPRESENTATION_CONTEXT() REPRESENTATION_CONTEXT('2D SPACE',''
  ) );
#12276 = ORIENTED_EDGE('',*,*,#12277,.F.);
#12277 = EDGE_CURVE('',#12278,#12249,#12280,.T.);
#12278 = VERTEX_POINT('',#12279);
#12279 = CARTESIAN_POINT('',(-21.00003945363,-2.003441373076E-02,
    0.490049010231));
#12280 = SURFACE_CURVE('',#12281,(#12286,#12293),.PCURVE_S1.);
#12281 = B_SPLINE_CURVE_WITH_KNOTS('',3,(#12282,#12283,#12284,#12285),
  .UNSPECIFIED.,.F.,.F.,(4,4),(0.,1.),.PIECEWISE_BEZIER_KNOTS.);
#12282 = CARTESIAN_POINT('',(-20.99655598429,-0.380311448939,0.));
#12283 = CARTESIAN_POINT('',(-21.03244904485,1.57998846011,
    2.666669951599));
#12284 = CARTESIAN_POINT('',(-20.79165173155,3.545066238087,
    5.333330048401));
#12285 = CARTESIAN_POINT('',(-20.28350410627,5.438700319989,8.));
#12286 = PCURVE('',#2176,#12287);
#12287 = DEFINITIONAL_REPRESENTATION('',(#12288),#12292);
#12288 = LINE('',#12289,#12290);
#12289 = CARTESIAN_POINT('',(0.,1.));
#12290 = VECTOR('',#12291,1.);
#12291 = DIRECTION('',(1.,0.));
#12292 = ( GEOMETRIC_REPRESENTATION_CONTEXT(2) 
PARAMETRIC_REPRESENTATION_CONTEXT() REPRESENTATION_CONTEXT('2D SPACE',''
  ) );
#12293 = PCURVE('',#12294,#12311);
#12294 = B_SPLINE_SURFACE_WITH_KNOTS('',3,3,(
    (#12295,#12296,#12297,#12298)
    ,(#12299,#12300,#12301,#12302)
    ,(#12303,#12304,#12305,#12306)
    ,(#12307,#12308,#12309,#12310
    )),.UNSPECIFIED.,.F.,.F.,.F.,(4,4),(4,4),(0.,1.),(0.,1.),
  .PIECEWISE_BEZIER_KNOTS.);
#12295 = CARTESIAN_POINT('',(-20.99655598429,-0.380311448939,0.));
#12296 = CARTESIAN_POINT('',(-21.0011479873,-0.12679820482,0.));
#12297 = CARTESIAN_POINT('',(-21.0011479873,0.12679820482,0.));
#12298 = CARTESIAN_POINT('',(-20.99655598429,0.380311448939,0.));
#12299 = CARTESIAN_POINT('',(-21.03244902714,1.579988630874,
    2.666670185642));
#12300 = CARTESIAN_POINT('',(-21.01337228976,1.833935259052,
    2.666670185642));
#12301 = CARTESIAN_POINT('',(-20.98969570036,2.087536329874,
    2.666670185642));
#12302 = CARTESIAN_POINT('',(-20.96143478816,2.340625509242,
    2.666670185642));
#12303 = CARTESIAN_POINT('',(-20.79165175559,3.545066068098,
    5.333329814358));
#12304 = CARTESIAN_POINT('',(-20.7488485944,3.796105310576,
    5.333329814358));
#12305 = CARTESIAN_POINT('',(-20.7014982451,4.046369228129,
    5.333329814358));
#12306 = CARTESIAN_POINT('',(-20.64963176426,4.29569367546,
    5.333329814358));
#12307 = CARTESIAN_POINT('',(-20.28350410627,5.438700319989,8.));
#12308 = CARTESIAN_POINT('',(-20.21783712775,5.683604177384,8.));
#12309 = CARTESIAN_POINT('',(-20.14773409523,5.927318567221,8.));
#12310 = CARTESIAN_POINT('',(-20.0732409885,6.169683639965,8.));
#12311 = DEFINITIONAL_REPRESENTATION('',(#12312),#12316);
#12312 = LINE('',#12313,#12314);
#12313 = CARTESIAN_POINT('',(0.,0.));
#12314 = VECTOR('',#12315,1.);
#12315 = DIRECTION('',(1.,0.));
#12316 = ( GEOMETRIC_REPRESENTATION_CONTEXT(2) 
PARAMETRIC_REPRESENTATION_CONTEXT() REPRESENTATION_CONTEXT('2D SPACE',''
  ) );
#12317 = ORIENTED_EDGE('',*,*,#12318,.T.);
#12318 = EDGE_CURVE('',#12278,#2130,#12319,.T.);
#12319 = SURFACE_CURVE('',#12320,(#12326,#12335),.PCURVE_S1.);
#12320 = B_SPLINE_CURVE_WITH_KNOTS('',4,(#12321,#12322,#12323,#12324,
    #12325),.UNSPECIFIED.,.F.,.F.,(5,5),(0.,1.),
  .PIECEWISE_BEZIER_KNOTS.);
#12321 = CARTESIAN_POINT('',(-21.00003945363,-2.003441373076E-02,
    0.490049010231));
#12322 = CARTESIAN_POINT('',(-20.87813013142,-0.16823818414,
    0.368281132482));
#12323 = CARTESIAN_POINT('',(-20.75441992042,-0.314076048429,
    0.246106839012));
#12324 = CARTESIAN_POINT('',(-20.6288235937,-0.457013400074,
    0.123388920692));
#12325 = CARTESIAN_POINT('',(-20.50132425844,-0.59649279132,
    -8.881784197001E-16));
#12326 = PCURVE('',#2176,#12327);
#12327 = DEFINITIONAL_REPRESENTATION('',(#12328),#12334);
#12328 = B_SPLINE_CURVE_WITH_KNOTS('',4,(#12329,#12330,#12331,#12332,
    #12333),.UNSPECIFIED.,.F.,.F.,(5,5),(0.,1.),
  .PIECEWISE_BEZIER_KNOTS.);
#12329 = CARTESIAN_POINT('',(6.125606412117E-02,1.));
#12330 = CARTESIAN_POINT('',(4.603509168336E-02,0.941664479137));
#12331 = CARTESIAN_POINT('',(3.076331932488E-02,0.883642277507));
#12332 = CARTESIAN_POINT('',(1.54235960869E-02,0.825845777757));
#12333 = CARTESIAN_POINT('',(0.,0.768213975802));
#12334 = ( GEOMETRIC_REPRESENTATION_CONTEXT(2) 
PARAMETRIC_REPRESENTATION_CONTEXT() REPRESENTATION_CONTEXT('2D SPACE',''
  ) );
#12335 = PCURVE('',#2146,#12336);
#12336 = DEFINITIONAL_REPRESENTATION('',(#12337),#12343);
#12337 = B_SPLINE_CURVE_WITH_KNOTS('',4,(#12338,#12339,#12340,#12341,
    #12342),.UNSPECIFIED.,.F.,.F.,(5,5),(0.,1.),
  .PIECEWISE_BEZIER_KNOTS.);
#12338 = CARTESIAN_POINT('',(3.142546671209,0.500049010231));
#12339 = CARTESIAN_POINT('',(3.149609512183,0.378281132482));
#12340 = CARTESIAN_POINT('',(3.156668970938,0.256106838627));
#12341 = CARTESIAN_POINT('',(3.163701305649,0.133388920692));
#12342 = CARTESIAN_POINT('',(3.170679777488,9.999999999991E-03));
#12343 = ( GEOMETRIC_REPRESENTATION_CONTEXT(2) 
PARAMETRIC_REPRESENTATION_CONTEXT() REPRESENTATION_CONTEXT('2D SPACE',''
  ) );
#12344 = ADVANCED_FACE('',(#12345),#1991,.T.);
#12345 = FACE_BOUND('',#12346,.T.);
#12346 = EDGE_LOOP('',(#12347,#12348,#12349,#12378));
#12347 = ORIENTED_EDGE('',*,*,#12143,.T.);
#12348 = ORIENTED_EDGE('',*,*,#1974,.T.);
#12349 = ORIENTED_EDGE('',*,*,#12350,.F.);
#12350 = EDGE_CURVE('',#12351,#1975,#12353,.T.);
#12351 = VERTEX_POINT('',#12352);
#12352 = CARTESIAN_POINT('',(-20.74462819319,3.265342180901,
    0.490049010231));
#12353 = SURFACE_CURVE('',#12354,(#12360,#12369),.PCURVE_S1.);
#12354 = B_SPLINE_CURVE_WITH_KNOTS('',4,(#12355,#12356,#12357,#12358,
    #12359),.UNSPECIFIED.,.F.,.F.,(5,5),(0.,1.),
  .PIECEWISE_BEZIER_KNOTS.);
#12355 = CARTESIAN_POINT('',(-20.74462819319,3.265342180901,
    0.490049010231));
#12356 = CARTESIAN_POINT('',(-20.64740395457,3.09989222523,
    0.368281132481));
#12357 = CARTESIAN_POINT('',(-20.54803089023,2.936497326348,
    0.246106838637));
#12358 = CARTESIAN_POINT('',(-20.44634119044,2.775672176538,
    0.123388920689));
#12359 = CARTESIAN_POINT('',(-20.34223096753,2.617964717751,
    -8.881784197001E-16));
#12360 = PCURVE('',#1991,#12361);
#12361 = DEFINITIONAL_REPRESENTATION('',(#12362),#12368);
#12362 = B_SPLINE_CURVE_WITH_KNOTS('',4,(#12363,#12364,#12365,#12366,
    #12367),.UNSPECIFIED.,.F.,.F.,(5,5),(0.,1.),
  .PIECEWISE_BEZIER_KNOTS.);
#12363 = CARTESIAN_POINT('',(2.98546703853,0.500049010231));
#12364 = CARTESIAN_POINT('',(2.992529879503,0.378281132481));
#12365 = CARTESIAN_POINT('',(2.999589338263,0.256106838637));
#12366 = CARTESIAN_POINT('',(3.006621672969,0.133388920689));
#12367 = CARTESIAN_POINT('',(3.013600144808,1.E-02));
#12368 = ( GEOMETRIC_REPRESENTATION_CONTEXT(2) 
PARAMETRIC_REPRESENTATION_CONTEXT() REPRESENTATION_CONTEXT('2D SPACE',''
  ) );
#12369 = PCURVE('',#2021,#12370);
#12370 = DEFINITIONAL_REPRESENTATION('',(#12371),#12377);
#12371 = B_SPLINE_CURVE_WITH_KNOTS('',4,(#12372,#12373,#12374,#12375,
    #12376),.UNSPECIFIED.,.F.,.F.,(5,5),(0.,1.),
  .PIECEWISE_BEZIER_KNOTS.);
#12372 = CARTESIAN_POINT('',(6.125606412117E-02,1.));
#12373 = CARTESIAN_POINT('',(4.603509168317E-02,0.941664479136));
#12374 = CARTESIAN_POINT('',(3.076331927809E-02,0.883642277695));
#12375 = CARTESIAN_POINT('',(1.542359608659E-02,0.825845777756));
#12376 = CARTESIAN_POINT('',(0.,0.768213975802));
#12377 = ( GEOMETRIC_REPRESENTATION_CONTEXT(2) 
PARAMETRIC_REPRESENTATION_CONTEXT() REPRESENTATION_CONTEXT('2D SPACE',''
  ) );
#12378 = ORIENTED_EDGE('',*,*,#12379,.T.);
#12379 = EDGE_CURVE('',#12351,#12144,#12380,.T.);
#12380 = SURFACE_CURVE('',#12381,(#12387,#12396),.PCURVE_S1.);
#12381 = B_SPLINE_CURVE_WITH_KNOTS('',4,(#12382,#12383,#12384,#12385,
    #12386),.UNSPECIFIED.,.F.,.F.,(5,5),(0.,1.),
  .PIECEWISE_BEZIER_KNOTS.);
#12382 = CARTESIAN_POINT('',(-20.74462819091,3.265342178381,
    0.490049007589));
#12383 = CARTESIAN_POINT('',(-20.71505886202,3.453195822644,
    0.490049088273));
#12384 = CARTESIAN_POINT('',(-20.68322110423,3.640692253425,
    0.490048864155));
#12385 = CARTESIAN_POINT('',(-20.64912206693,3.827790861953,
    0.490049088273));
#12386 = CARTESIAN_POINT('',(-20.61276902094,4.014450349728,
    0.490049007589));
#12387 = PCURVE('',#1991,#12388);
#12388 = DEFINITIONAL_REPRESENTATION('',(#12389),#12395);
#12389 = B_SPLINE_CURVE_WITH_KNOTS('',4,(#12390,#12391,#12392,#12393,
    #12394),.UNSPECIFIED.,.F.,.F.,(5,5),(0.,1.),
  .PIECEWISE_BEZIER_KNOTS.);
#12390 = CARTESIAN_POINT('',(2.985467038632,0.500049007589));
#12391 = CARTESIAN_POINT('',(2.976411507244,0.500049088273));
#12392 = CARTESIAN_POINT('',(2.967355982725,0.500048864155));
#12393 = CARTESIAN_POINT('',(2.958300448279,0.500049088273));
#12394 = CARTESIAN_POINT('',(2.949244920464,0.500049007589));
#12395 = ( GEOMETRIC_REPRESENTATION_CONTEXT(2) 
PARAMETRIC_REPRESENTATION_CONTEXT() REPRESENTATION_CONTEXT('2D SPACE',''
  ) );
#12396 = PCURVE('',#12189,#12397);
#12397 = DEFINITIONAL_REPRESENTATION('',(#12398),#12404);
#12398 = B_SPLINE_CURVE_WITH_KNOTS('',4,(#12399,#12400,#12401,#12402,
    #12403),.UNSPECIFIED.,.F.,.F.,(5,5),(0.,1.),
  .PIECEWISE_BEZIER_KNOTS.);
#12399 = CARTESIAN_POINT('',(6.125605936233E-02,0.));
#12400 = CARTESIAN_POINT('',(6.125606944785E-02,0.249999970936));
#12401 = CARTESIAN_POINT('',(6.125604143309E-02,0.500000050941));
#12402 = CARTESIAN_POINT('',(6.125606944785E-02,0.749999971755));
#12403 = CARTESIAN_POINT('',(6.125605936233E-02,1.));
#12404 = ( GEOMETRIC_REPRESENTATION_CONTEXT(2) 
PARAMETRIC_REPRESENTATION_CONTEXT() REPRESENTATION_CONTEXT('2D SPACE',''
  ) );
#12405 = ADVANCED_FACE('',(#12406),#2146,.T.);
#12406 = FACE_BOUND('',#12407,.T.);
#12407 = EDGE_LOOP('',(#12408,#12437,#12438,#12439));
#12408 = ORIENTED_EDGE('',*,*,#12409,.T.);
#12409 = EDGE_CURVE('',#12410,#2088,#12412,.T.);
#12410 = VERTEX_POINT('',#12411);
#12411 = CARTESIAN_POINT('',(-20.98699002482,0.740478311763,
    0.490049010231));
#12412 = SURFACE_CURVE('',#12413,(#12419,#12428),.PCURVE_S1.);
#12413 = B_SPLINE_CURVE_WITH_KNOTS('',4,(#12414,#12415,#12416,#12417,
    #12418),.UNSPECIFIED.,.F.,.F.,(5,5),(0.,1.),
  .PIECEWISE_BEZIER_KNOTS.);
#12414 = CARTESIAN_POINT('',(-20.98699002482,0.740478311763,
    0.490049010231));
#12415 = CARTESIAN_POINT('',(-20.86565720709,0.705260090249,
    0.367549821625));
#12416 = CARTESIAN_POINT('',(-20.74422997595,0.669937289114,
    0.245013308838));
#12417 = CARTESIAN_POINT('',(-20.62276995748,0.633867539318,
    0.122481298081));
#12418 = CARTESIAN_POINT('',(-20.50132425844,0.59649279132,
    -4.440892098501E-16));
#12419 = PCURVE('',#2146,#12420);
#12420 = DEFINITIONAL_REPRESENTATION('',(#12421),#12427);
#12421 = B_SPLINE_CURVE_WITH_KNOTS('',4,(#12422,#12423,#12424,#12425,
    #12426),.UNSPECIFIED.,.F.,.F.,(5,5),(0.,1.),
  .PIECEWISE_BEZIER_KNOTS.);
#12422 = CARTESIAN_POINT('',(3.106324553042,0.500049010231));
#12423 = CARTESIAN_POINT('',(3.107796836745,0.377549821625));
#12424 = CARTESIAN_POINT('',(3.109296838333,0.255013308838));
#12425 = CARTESIAN_POINT('',(3.110856240054,0.132481298081));
#12426 = CARTESIAN_POINT('',(3.112505529692,1.E-02));
#12427 = ( GEOMETRIC_REPRESENTATION_CONTEXT(2) 
PARAMETRIC_REPRESENTATION_CONTEXT() REPRESENTATION_CONTEXT('2D SPACE',''
  ) );
#12428 = PCURVE('',#2105,#12429);
#12429 = DEFINITIONAL_REPRESENTATION('',(#12430),#12436);
#12430 = B_SPLINE_CURVE_WITH_KNOTS('',4,(#12431,#12432,#12433,#12434,
    #12435),.UNSPECIFIED.,.F.,.F.,(5,5),(0.,1.),
  .PIECEWISE_BEZIER_KNOTS.);
#12431 = CARTESIAN_POINT('',(6.125606412117E-02,0.));
#12432 = CARTESIAN_POINT('',(4.594367789993E-02,5.86858710587E-02));
#12433 = CARTESIAN_POINT('',(3.062662818737E-02,0.116875481688));
#12434 = CARTESIAN_POINT('',(1.531014340031E-02,0.174578149499));
#12435 = CARTESIAN_POINT('',(0.,0.231786024198));
#12436 = ( GEOMETRIC_REPRESENTATION_CONTEXT(2) 
PARAMETRIC_REPRESENTATION_CONTEXT() REPRESENTATION_CONTEXT('2D SPACE',''
  ) );
#12437 = ORIENTED_EDGE('',*,*,#2129,.T.);
#12438 = ORIENTED_EDGE('',*,*,#12318,.F.);
#12439 = ORIENTED_EDGE('',*,*,#12440,.T.);
#12440 = EDGE_CURVE('',#12278,#12410,#12441,.T.);
#12441 = SURFACE_CURVE('',#12442,(#12448,#12457),.PCURVE_S1.);
#12442 = B_SPLINE_CURVE_WITH_KNOTS('',4,(#12443,#12444,#12445,#12446,
    #12447),.UNSPECIFIED.,.F.,.F.,(5,5),(0.,1.),
  .PIECEWISE_BEZIER_KNOTS.);
#12443 = CARTESIAN_POINT('',(-21.00003945099,-2.003441586344E-02,
    0.490049007589));
#12444 = CARTESIAN_POINT('',(-21.00022095396,0.170132100459,
    0.490049088273));
#12445 = CARTESIAN_POINT('',(-20.99810607564,0.360300661653,
    0.490048864155));
#12446 = CARTESIAN_POINT('',(-20.99369552481,0.550430040495,
    0.490049088273));
#12447 = CARTESIAN_POINT('',(-20.98699002225,0.740478309536,
    0.490049007589));
#12448 = PCURVE('',#2146,#12449);
#12449 = DEFINITIONAL_REPRESENTATION('',(#12450),#12456);
#12450 = B_SPLINE_CURVE_WITH_KNOTS('',4,(#12451,#12452,#12453,#12454,
    #12455),.UNSPECIFIED.,.F.,.F.,(5,5),(0.,1.),
  .PIECEWISE_BEZIER_KNOTS.);
#12451 = CARTESIAN_POINT('',(3.142546671311,0.500049007589));
#12452 = CARTESIAN_POINT('',(3.133491139923,0.500049088273));
#12453 = CARTESIAN_POINT('',(3.124435615404,0.500048864155));
#12454 = CARTESIAN_POINT('',(3.115380080958,0.500049088273));
#12455 = CARTESIAN_POINT('',(3.106324553144,0.500049007589));
#12456 = ( GEOMETRIC_REPRESENTATION_CONTEXT(2) 
PARAMETRIC_REPRESENTATION_CONTEXT() REPRESENTATION_CONTEXT('2D SPACE',''
  ) );
#12457 = PCURVE('',#12294,#12458);
#12458 = DEFINITIONAL_REPRESENTATION('',(#12459),#12465);
#12459 = B_SPLINE_CURVE_WITH_KNOTS('',4,(#12460,#12461,#12462,#12463,
    #12464),.UNSPECIFIED.,.F.,.F.,(5,5),(0.,1.),
  .PIECEWISE_BEZIER_KNOTS.);
#12460 = CARTESIAN_POINT('',(6.125605936233E-02,0.));
#12461 = CARTESIAN_POINT('',(6.125606944785E-02,0.249999970936));
#12462 = CARTESIAN_POINT('',(6.125604143309E-02,0.500000050941));
#12463 = CARTESIAN_POINT('',(6.125606944785E-02,0.749999971755));
#12464 = CARTESIAN_POINT('',(6.125605936233E-02,1.));
#12465 = ( GEOMETRIC_REPRESENTATION_CONTEXT(2) 
PARAMETRIC_REPRESENTATION_CONTEXT() REPRESENTATION_CONTEXT('2D SPACE',''
  ) );
#12466 = ADVANCED_FACE('',(#12467),#2021,.T.);
#12467 = FACE_BOUND('',#12468,.T.);
#12468 = EDGE_LOOP('',(#12469,#12470,#12492,#12493,#12522,#12544));
#12469 = ORIENTED_EDGE('',*,*,#2003,.F.);
#12470 = ORIENTED_EDGE('',*,*,#12471,.T.);
#12471 = EDGE_CURVE('',#2004,#6310,#12472,.T.);
#12472 = SURFACE_CURVE('',#12473,(#12478,#12485),.PCURVE_S1.);
#12473 = B_SPLINE_CURVE_WITH_KNOTS('',3,(#12474,#12475,#12476,#12477),
  .UNSPECIFIED.,.F.,.F.,(4,4),(0.,1.),.PIECEWISE_BEZIER_KNOTS.);
#12474 = CARTESIAN_POINT('',(-18.6944313613,1.930576261421,0.));
#12475 = CARTESIAN_POINT('',(-18.51453013557,3.675984622392,
    2.666669690328));
#12476 = CARTESIAN_POINT('',(-18.08830083114,5.395744816735,
    5.333330309672));
#12477 = CARTESIAN_POINT('',(-17.43227630238,7.023149688068,8.));
#12478 = PCURVE('',#2021,#12479);
#12479 = DEFINITIONAL_REPRESENTATION('',(#12480),#12484);
#12480 = LINE('',#12481,#12482);
#12481 = CARTESIAN_POINT('',(0.,0.));
#12482 = VECTOR('',#12483,1.);
#12483 = DIRECTION('',(1.,0.));
#12484 = ( GEOMETRIC_REPRESENTATION_CONTEXT(2) 
PARAMETRIC_REPRESENTATION_CONTEXT() REPRESENTATION_CONTEXT('2D SPACE',''
  ) );
#12485 = PCURVE('',#2063,#12486);
#12486 = DEFINITIONAL_REPRESENTATION('',(#12487),#12491);
#12487 = LINE('',#12488,#12489);
#12488 = CARTESIAN_POINT('',(0.,1.));
#12489 = VECTOR('',#12490,1.);
#12490 = DIRECTION('',(1.,0.));
#12491 = ( GEOMETRIC_REPRESENTATION_CONTEXT(2) 
PARAMETRIC_REPRESENTATION_CONTEXT() REPRESENTATION_CONTEXT('2D SPACE',''
  ) );
#12492 = ORIENTED_EDGE('',*,*,#6334,.T.);
#12493 = ORIENTED_EDGE('',*,*,#12494,.T.);
#12494 = EDGE_CURVE('',#6335,#12495,#12497,.T.);
#12495 = VERTEX_POINT('',#12496);
#12496 = CARTESIAN_POINT('',(-19.32679807399,8.214434529477,
    7.509950989769));
#12497 = SURFACE_CURVE('',#12498,(#12504,#12513),.PCURVE_S1.);
#12498 = B_SPLINE_CURVE_WITH_KNOTS('',4,(#12499,#12500,#12501,#12502,
    #12503),.UNSPECIFIED.,.F.,.F.,(5,5),(0.,1.),
  .PIECEWISE_BEZIER_KNOTS.);
#12499 = CARTESIAN_POINT('',(-18.82584674291,8.13926252263,8.));
#12500 = CARTESIAN_POINT('',(-18.95169464218,8.156819169659,
    7.877518701917));
#12501 = CARTESIAN_POINT('',(-19.07700301626,8.175564150789,
    7.754986691164));
#12502 = CARTESIAN_POINT('',(-19.20196545033,8.194971953773,
    7.632450178374));
#12503 = CARTESIAN_POINT('',(-19.32679807399,8.214434529477,
    7.509950989769));
#12504 = PCURVE('',#2021,#12505);
#12505 = DEFINITIONAL_REPRESENTATION('',(#12506),#12512);
#12506 = B_SPLINE_CURVE_WITH_KNOTS('',4,(#12507,#12508,#12509,#12510,
    #12511),.UNSPECIFIED.,.F.,.F.,(5,5),(0.,1.),
  .PIECEWISE_BEZIER_KNOTS.);
#12507 = CARTESIAN_POINT('',(1.,0.768213975802));
#12508 = CARTESIAN_POINT('',(0.984689856599,0.825421850502));
#12509 = CARTESIAN_POINT('',(0.969373371813,0.883124518311));
#12510 = CARTESIAN_POINT('',(0.9540563221,0.941314128942));
#12511 = CARTESIAN_POINT('',(0.938743935879,1.));
#12512 = ( GEOMETRIC_REPRESENTATION_CONTEXT(2) 
PARAMETRIC_REPRESENTATION_CONTEXT() REPRESENTATION_CONTEXT('2D SPACE',''
  ) );
#12513 = PCURVE('',#6380,#12514);
#12514 = DEFINITIONAL_REPRESENTATION('',(#12515),#12521);
#12515 = B_SPLINE_CURVE_WITH_KNOTS('',4,(#12516,#12517,#12518,#12519,
    #12520),.UNSPECIFIED.,.F.,.F.,(5,5),(0.,1.),
  .PIECEWISE_BEZIER_KNOTS.);
#12516 = CARTESIAN_POINT('',(-2.733517129524,-0.5));
#12517 = CARTESIAN_POINT('',(-2.735166419162,-0.377518701917));
#12518 = CARTESIAN_POINT('',(-2.736725820883,-0.254986691164));
#12519 = CARTESIAN_POINT('',(-2.738225822471,-0.132450178374));
#12520 = CARTESIAN_POINT('',(-2.739698106174,-9.950989768975E-03));
#12521 = ( GEOMETRIC_REPRESENTATION_CONTEXT(2) 
PARAMETRIC_REPRESENTATION_CONTEXT() REPRESENTATION_CONTEXT('2D SPACE',''
  ) );
#12522 = ORIENTED_EDGE('',*,*,#12523,.F.);
#12523 = EDGE_CURVE('',#12351,#12495,#12524,.T.);
#12524 = SURFACE_CURVE('',#12525,(#12530,#12537),.PCURVE_S1.);
#12525 = B_SPLINE_CURVE_WITH_KNOTS('',3,(#12526,#12527,#12528,#12529),
  .UNSPECIFIED.,.F.,.F.,(4,4),(0.,1.),.PIECEWISE_BEZIER_KNOTS.);
#12526 = CARTESIAN_POINT('',(-20.7975473564,2.908955819179,0.));
#12527 = CARTESIAN_POINT('',(-20.52634004624,4.850736095144,
    2.666669951599));
#12528 = CARTESIAN_POINT('',(-19.98110145648,6.753951505925,
    5.333330048401));
#12529 = CARTESIAN_POINT('',(-19.18298033711,8.544780008051,8.));
#12530 = PCURVE('',#2021,#12531);
#12531 = DEFINITIONAL_REPRESENTATION('',(#12532),#12536);
#12532 = LINE('',#12533,#12534);
#12533 = CARTESIAN_POINT('',(0.,1.));
#12534 = VECTOR('',#12535,1.);
#12535 = DIRECTION('',(1.,0.));
#12536 = ( GEOMETRIC_REPRESENTATION_CONTEXT(2) 
PARAMETRIC_REPRESENTATION_CONTEXT() REPRESENTATION_CONTEXT('2D SPACE',''
  ) );
#12537 = PCURVE('',#12189,#12538);
#12538 = DEFINITIONAL_REPRESENTATION('',(#12539),#12543);
#12539 = LINE('',#12540,#12541);
#12540 = CARTESIAN_POINT('',(0.,0.));
#12541 = VECTOR('',#12542,1.);
#12542 = DIRECTION('',(1.,0.));
#12543 = ( GEOMETRIC_REPRESENTATION_CONTEXT(2) 
PARAMETRIC_REPRESENTATION_CONTEXT() REPRESENTATION_CONTEXT('2D SPACE',''
  ) );
#12544 = ORIENTED_EDGE('',*,*,#12350,.T.);
#12545 = ADVANCED_FACE('',(#12546),#2105,.T.);
#12546 = FACE_BOUND('',#12547,.T.);
#12547 = EDGE_LOOP('',(#12548,#12549,#12550,#12574,#12601,#12602));
#12548 = ORIENTED_EDGE('',*,*,#2087,.F.);
#12549 = ORIENTED_EDGE('',*,*,#12409,.F.);
#12550 = ORIENTED_EDGE('',*,*,#12551,.T.);
#12551 = EDGE_CURVE('',#12410,#12552,#12554,.T.);
#12552 = VERTEX_POINT('',#12553);
#12553 = CARTESIAN_POINT('',(-20.17618205284,5.8244086569,7.509950989769
    ));
#12554 = SURFACE_CURVE('',#12555,(#12560,#12567),.PCURVE_S1.);
#12555 = B_SPLINE_CURVE_WITH_KNOTS('',3,(#12556,#12557,#12558,#12559),
  .UNSPECIFIED.,.F.,.F.,(4,4),(0.,1.),.PIECEWISE_BEZIER_KNOTS.);
#12556 = CARTESIAN_POINT('',(-20.99655598429,0.380311448939,0.));
#12557 = CARTESIAN_POINT('',(-20.96143481205,2.340625339232,
    2.666669951599));
#12558 = CARTESIAN_POINT('',(-20.64963173408,4.295693844467,
    5.333330048401));
#12559 = CARTESIAN_POINT('',(-20.0732409885,6.169683639965,8.));
#12560 = PCURVE('',#2105,#12561);
#12561 = DEFINITIONAL_REPRESENTATION('',(#12562),#12566);
#12562 = LINE('',#12563,#12564);
#12563 = CARTESIAN_POINT('',(0.,0.));
#12564 = VECTOR('',#12565,1.);
#12565 = DIRECTION('',(1.,0.));
#12566 = ( GEOMETRIC_REPRESENTATION_CONTEXT(2) 
PARAMETRIC_REPRESENTATION_CONTEXT() REPRESENTATION_CONTEXT('2D SPACE',''
  ) );
#12567 = PCURVE('',#12294,#12568);
#12568 = DEFINITIONAL_REPRESENTATION('',(#12569),#12573);
#12569 = LINE('',#12570,#12571);
#12570 = CARTESIAN_POINT('',(0.,1.));
#12571 = VECTOR('',#12572,1.);
#12572 = DIRECTION('',(1.,0.));
#12573 = ( GEOMETRIC_REPRESENTATION_CONTEXT(2) 
PARAMETRIC_REPRESENTATION_CONTEXT() REPRESENTATION_CONTEXT('2D SPACE',''
  ) );
#12574 = ORIENTED_EDGE('',*,*,#12575,.T.);
#12575 = EDGE_CURVE('',#12552,#6252,#12576,.T.);
#12576 = SURFACE_CURVE('',#12577,(#12583,#12592),.PCURVE_S1.);
#12577 = B_SPLINE_CURVE_WITH_KNOTS('',4,(#12578,#12579,#12580,#12581,
    #12582),.UNSPECIFIED.,.F.,.F.,(5,5),(0.,1.),
  .PIECEWISE_BEZIER_KNOTS.);
#12578 = CARTESIAN_POINT('',(-20.17618205284,5.8244086569,7.509950989769
    ));
#12579 = CARTESIAN_POINT('',(-20.01805445997,5.933137239992,
    7.631718867519));
#12580 = CARTESIAN_POINT('',(-19.8588501751,6.039094281157,
    7.753893161363));
#12581 = CARTESIAN_POINT('',(-19.69863507548,6.14174244582,
    7.876611079311));
#12582 = CARTESIAN_POINT('',(-19.53754702595,6.240541339391,8.));
#12583 = PCURVE('',#2105,#12584);
#12584 = DEFINITIONAL_REPRESENTATION('',(#12585),#12591);
#12585 = B_SPLINE_CURVE_WITH_KNOTS('',4,(#12586,#12587,#12588,#12589,
    #12590),.UNSPECIFIED.,.F.,.F.,(5,5),(0.,1.),
  .PIECEWISE_BEZIER_KNOTS.);
#12586 = CARTESIAN_POINT('',(0.938743935879,0.));
#12587 = CARTESIAN_POINT('',(0.953964908317,5.833552086386E-02));
#12588 = CARTESIAN_POINT('',(0.969236680722,0.116357722305));
#12589 = CARTESIAN_POINT('',(0.984576403913,0.174154222244));
#12590 = CARTESIAN_POINT('',(1.,0.231786024198));
#12591 = ( GEOMETRIC_REPRESENTATION_CONTEXT(2) 
PARAMETRIC_REPRESENTATION_CONTEXT() REPRESENTATION_CONTEXT('2D SPACE',''
  ) );
#12592 = PCURVE('',#6272,#12593);
#12593 = DEFINITIONAL_REPRESENTATION('',(#12594),#12600);
#12594 = B_SPLINE_CURVE_WITH_KNOTS('',4,(#12595,#12596,#12597,#12598,
    #12599),.UNSPECIFIED.,.F.,.F.,(5,5),(0.,1.),
  .PIECEWISE_BEZIER_KNOTS.);
#12595 = CARTESIAN_POINT('',(-2.860555620686,-9.950989768965E-03));
#12596 = CARTESIAN_POINT('',(-2.853492779713,-0.131718867519));
#12597 = CARTESIAN_POINT('',(-2.846433320953,-0.253893161363));
#12598 = CARTESIAN_POINT('',(-2.839400986247,-0.376611079311));
#12599 = CARTESIAN_POINT('',(-2.832422514408,-0.5));
#12600 = ( GEOMETRIC_REPRESENTATION_CONTEXT(2) 
PARAMETRIC_REPRESENTATION_CONTEXT() REPRESENTATION_CONTEXT('2D SPACE',''
  ) );
#12601 = ORIENTED_EDGE('',*,*,#6284,.T.);
#12602 = ORIENTED_EDGE('',*,*,#12603,.F.);
#12603 = EDGE_CURVE('',#2046,#6285,#12604,.T.);
#12604 = SURFACE_CURVE('',#12605,(#12610,#12617),.PCURVE_S1.);
#12605 = B_SPLINE_CURVE_WITH_KNOTS('',3,(#12606,#12607,#12608,#12609),
  .UNSPECIFIED.,.F.,.F.,(4,4),(0.,1.),.PIECEWISE_BEZIER_KNOTS.);
#12606 = CARTESIAN_POINT('',(-18.76628055429,1.017645705202,0.));
#12607 = CARTESIAN_POINT('',(-18.67161481325,2.769745358487,
    2.666669690328));
#12608 = CARTESIAN_POINT('',(-18.32966404769,4.508226367858,
    5.333330309672));
#12609 = CARTESIAN_POINT('',(-17.75369206224,6.165655422007,8.));
#12610 = PCURVE('',#2105,#12611);
#12611 = DEFINITIONAL_REPRESENTATION('',(#12612),#12616);
#12612 = LINE('',#12613,#12614);
#12613 = CARTESIAN_POINT('',(0.,1.));
#12614 = VECTOR('',#12615,1.);
#12615 = DIRECTION('',(1.,0.));
#12616 = ( GEOMETRIC_REPRESENTATION_CONTEXT(2) 
PARAMETRIC_REPRESENTATION_CONTEXT() REPRESENTATION_CONTEXT('2D SPACE',''
  ) );
#12617 = PCURVE('',#2063,#12618);
#12618 = DEFINITIONAL_REPRESENTATION('',(#12619),#12623);
#12619 = LINE('',#12620,#12621);
#12620 = CARTESIAN_POINT('',(0.,0.));
#12621 = VECTOR('',#12622,1.);
#12622 = DIRECTION('',(1.,0.));
#12623 = ( GEOMETRIC_REPRESENTATION_CONTEXT(2) 
PARAMETRIC_REPRESENTATION_CONTEXT() REPRESENTATION_CONTEXT('2D SPACE',''
  ) );
#12624 = ADVANCED_FACE('',(#12625),#2063,.T.);
#12625 = FACE_BOUND('',#12626,.T.);
#12626 = EDGE_LOOP('',(#12627,#12628,#12629,#12630));
#12627 = ORIENTED_EDGE('',*,*,#2045,.F.);
#12628 = ORIENTED_EDGE('',*,*,#12603,.T.);
#12629 = ORIENTED_EDGE('',*,*,#6309,.T.);
#12630 = ORIENTED_EDGE('',*,*,#12471,.F.);
#12631 = ADVANCED_FACE('',(#12632),#3787,.F.);
#12632 = FACE_BOUND('',#12633,.F.);
#12633 = EDGE_LOOP('',(#12634,#12657,#12658,#12681));
#12634 = ORIENTED_EDGE('',*,*,#12635,.F.);
#12635 = EDGE_CURVE('',#3769,#12636,#12638,.T.);
#12636 = VERTEX_POINT('',#12637);
#12637 = CARTESIAN_POINT('',(-2.013034011374,-11.48670666509,5.));
#12638 = SURFACE_CURVE('',#12639,(#12643,#12650),.PCURVE_S1.);
#12639 = LINE('',#12640,#12641);
#12640 = CARTESIAN_POINT('',(-2.013034011374,-11.48670666509,-0.1));
#12641 = VECTOR('',#12642,1.);
#12642 = DIRECTION('',(0.,0.,1.));
#12643 = PCURVE('',#3787,#12644);
#12644 = DEFINITIONAL_REPRESENTATION('',(#12645),#12649);
#12645 = LINE('',#12646,#12647);
#12646 = CARTESIAN_POINT('',(0.,0.));
#12647 = VECTOR('',#12648,1.);
#12648 = DIRECTION('',(0.,1.));
#12649 = ( GEOMETRIC_REPRESENTATION_CONTEXT(2) 
PARAMETRIC_REPRESENTATION_CONTEXT() REPRESENTATION_CONTEXT('2D SPACE',''
  ) );
#12650 = PCURVE('',#3814,#12651);
#12651 = DEFINITIONAL_REPRESENTATION('',(#12652),#12656);
#12652 = LINE('',#12653,#12654);
#12653 = CARTESIAN_POINT('',(4.026006950819,0.));
#12654 = VECTOR('',#12655,1.);
#12655 = DIRECTION('',(0.,-1.));
#12656 = ( GEOMETRIC_REPRESENTATION_CONTEXT(2) 
PARAMETRIC_REPRESENTATION_CONTEXT() REPRESENTATION_CONTEXT('2D SPACE',''
  ) );
#12657 = ORIENTED_EDGE('',*,*,#3768,.T.);
#12658 = ORIENTED_EDGE('',*,*,#12659,.T.);
#12659 = EDGE_CURVE('',#3771,#12660,#12662,.T.);
#12660 = VERTEX_POINT('',#12661);
#12661 = CARTESIAN_POINT('',(0.72003680812,-15.98369003093,5.));
#12662 = SURFACE_CURVE('',#12663,(#12667,#12674),.PCURVE_S1.);
#12663 = LINE('',#12664,#12665);
#12664 = CARTESIAN_POINT('',(0.72003680812,-15.98369003093,-0.1));
#12665 = VECTOR('',#12666,1.);
#12666 = DIRECTION('',(0.,0.,1.));
#12667 = PCURVE('',#3787,#12668);
#12668 = DEFINITIONAL_REPRESENTATION('',(#12669),#12673);
#12669 = LINE('',#12670,#12671);
#12670 = CARTESIAN_POINT('',(2.139421646195,0.));
#12671 = VECTOR('',#12672,1.);
#12672 = DIRECTION('',(0.,1.));
#12673 = ( GEOMETRIC_REPRESENTATION_CONTEXT(2) 
PARAMETRIC_REPRESENTATION_CONTEXT() REPRESENTATION_CONTEXT('2D SPACE',''
  ) );
#12674 = PCURVE('',#3990,#12675);
#12675 = DEFINITIONAL_REPRESENTATION('',(#12676),#12680);
#12676 = LINE('',#12677,#12678);
#12677 = CARTESIAN_POINT('',(-0.315936306204,0.));
#12678 = VECTOR('',#12679,1.);
#12679 = DIRECTION('',(-0.,-1.));
#12680 = ( GEOMETRIC_REPRESENTATION_CONTEXT(2) 
PARAMETRIC_REPRESENTATION_CONTEXT() REPRESENTATION_CONTEXT('2D SPACE',''
  ) );
#12681 = ORIENTED_EDGE('',*,*,#12682,.F.);
#12682 = EDGE_CURVE('',#12636,#12660,#12683,.T.);
#12683 = SURFACE_CURVE('',#12684,(#12689,#12696),.PCURVE_S1.);
#12684 = CIRCLE('',#12685,3.);
#12685 = AXIS2_PLACEMENT_3D('',#12686,#12687,#12688);
#12686 = CARTESIAN_POINT('',(0.585029062799,-12.98672941912,5.));
#12687 = DIRECTION('',(0.,0.,1.));
#12688 = DIRECTION('',(-0.866021024724,0.500007584678,0.));
#12689 = PCURVE('',#3787,#12690);
#12690 = DEFINITIONAL_REPRESENTATION('',(#12691),#12695);
#12691 = LINE('',#12692,#12693);
#12692 = CARTESIAN_POINT('',(0.,5.1));
#12693 = VECTOR('',#12694,1.);
#12694 = DIRECTION('',(1.,0.));
#12695 = ( GEOMETRIC_REPRESENTATION_CONTEXT(2) 
PARAMETRIC_REPRESENTATION_CONTEXT() REPRESENTATION_CONTEXT('2D SPACE',''
  ) );
#12696 = PCURVE('',#12697,#12702);
#12697 = PLANE('',#12698);
#12698 = AXIS2_PLACEMENT_3D('',#12699,#12700,#12701);
#12699 = CARTESIAN_POINT('',(-4.558133775131E-16,-1.70226710729E-17,5.)
  );
#12700 = DIRECTION('',(0.,0.,1.));
#12701 = DIRECTION('',(1.,0.,-0.));
#12702 = DEFINITIONAL_REPRESENTATION('',(#12703),#12707);
#12703 = CIRCLE('',#12704,3.);
#12704 = AXIS2_PLACEMENT_2D('',#12705,#12706);
#12705 = CARTESIAN_POINT('',(0.585029062799,-12.98672941912));
#12706 = DIRECTION('',(-0.866021024724,0.500007584678));
#12707 = ( GEOMETRIC_REPRESENTATION_CONTEXT(2) 
PARAMETRIC_REPRESENTATION_CONTEXT() REPRESENTATION_CONTEXT('2D SPACE',''
  ) );
#12708 = ADVANCED_FACE('',(#12709),#3990,.F.);
#12709 = FACE_BOUND('',#12710,.T.);
#12710 = EDGE_LOOP('',(#12711,#12712,#12713,#12741));
#12711 = ORIENTED_EDGE('',*,*,#3971,.T.);
#12712 = ORIENTED_EDGE('',*,*,#12659,.T.);
#12713 = ORIENTED_EDGE('',*,*,#12714,.F.);
#12714 = EDGE_CURVE('',#12715,#12660,#12717,.T.);
#12715 = VERTEX_POINT('',#12716);
#12716 = CARTESIAN_POINT('',(13.482263208944,-8.615415182958,5.));
#12717 = SURFACE_CURVE('',#12718,(#12723,#12730),.PCURVE_S1.);
#12718 = CIRCLE('',#12719,15.9999);
#12719 = AXIS2_PLACEMENT_3D('',#12720,#12721,#12722);
#12720 = CARTESIAN_POINT('',(3.885780586188E-16,6.730369402342E-16,5.));
#12721 = DIRECTION('',(0.,0.,-1.));
#12722 = DIRECTION('',(-0.26761656733,-0.963525491562,-0.));
#12723 = PCURVE('',#3990,#12724);
#12724 = DEFINITIONAL_REPRESENTATION('',(#12725),#12729);
#12725 = LINE('',#12726,#12727);
#12726 = CARTESIAN_POINT('',(-6.28318530718,-5.1));
#12727 = VECTOR('',#12728,1.);
#12728 = DIRECTION('',(1.,-0.));
#12729 = ( GEOMETRIC_REPRESENTATION_CONTEXT(2) 
PARAMETRIC_REPRESENTATION_CONTEXT() REPRESENTATION_CONTEXT('2D SPACE',''
  ) );
#12730 = PCURVE('',#12697,#12731);
#12731 = DEFINITIONAL_REPRESENTATION('',(#12732),#12740);
#12732 = ( BOUNDED_CURVE() B_SPLINE_CURVE(2,(#12733,#12734,#12735,#12736
    ,#12737,#12738,#12739),.UNSPECIFIED.,.T.,.F.) 
B_SPLINE_CURVE_WITH_KNOTS((1,2,2,2,2,1),(-2.094395102393,0.,
    2.094395102393,4.188790204786,6.28318530718,8.377580409573),
.UNSPECIFIED.) CURVE() GEOMETRIC_REPRESENTATION_ITEM() 
RATIONAL_B_SPLINE_CURVE((1.,0.5,1.,0.5,1.,0.5,1.)) REPRESENTATION_ITEM(
  '') );
#12733 = CARTESIAN_POINT('',(-4.28183831562,-15.41631151245));
#12734 = CARTESIAN_POINT('',(-30.98367312049,-7.99995));
#12735 = CARTESIAN_POINT('',(-11.20999824462,11.41633651245));
#12736 = CARTESIAN_POINT('',(8.563676631241,30.832623024899));
#12737 = CARTESIAN_POINT('',(15.491836560246,3.999975));
#12738 = CARTESIAN_POINT('',(22.419996489251,-22.83267302489));
#12739 = CARTESIAN_POINT('',(-4.28183831562,-15.41631151245));
#12740 = ( GEOMETRIC_REPRESENTATION_CONTEXT(2) 
PARAMETRIC_REPRESENTATION_CONTEXT() REPRESENTATION_CONTEXT('2D SPACE',''
  ) );
#12741 = ORIENTED_EDGE('',*,*,#12742,.F.);
#12742 = EDGE_CURVE('',#3943,#12715,#12743,.T.);
#12743 = SURFACE_CURVE('',#12744,(#12748,#12755),.PCURVE_S1.);
#12744 = LINE('',#12745,#12746);
#12745 = CARTESIAN_POINT('',(13.482263208944,-8.615415182958,-0.1));
#12746 = VECTOR('',#12747,1.);
#12747 = DIRECTION('',(0.,0.,1.));
#12748 = PCURVE('',#3990,#12749);
#12749 = DEFINITIONAL_REPRESENTATION('',(#12750),#12754);
#12750 = LINE('',#12751,#12752);
#12751 = CARTESIAN_POINT('',(-1.273098285905,0.));
#12752 = VECTOR('',#12753,1.);
#12753 = DIRECTION('',(-0.,-1.));
#12754 = ( GEOMETRIC_REPRESENTATION_CONTEXT(2) 
PARAMETRIC_REPRESENTATION_CONTEXT() REPRESENTATION_CONTEXT('2D SPACE',''
  ) );
#12755 = PCURVE('',#3959,#12756);
#12756 = DEFINITIONAL_REPRESENTATION('',(#12757),#12761);
#12757 = LINE('',#12758,#12759);
#12758 = CARTESIAN_POINT('',(3.700743415417E-17,0.));
#12759 = VECTOR('',#12760,1.);
#12760 = DIRECTION('',(0.,1.));
#12761 = ( GEOMETRIC_REPRESENTATION_CONTEXT(2) 
PARAMETRIC_REPRESENTATION_CONTEXT() REPRESENTATION_CONTEXT('2D SPACE',''
  ) );
#12762 = ADVANCED_FACE('',(#12763),#3959,.F.);
#12763 = FACE_BOUND('',#12764,.F.);
#12764 = EDGE_LOOP('',(#12765,#12766,#12767,#12790));
#12765 = ORIENTED_EDGE('',*,*,#12742,.F.);
#12766 = ORIENTED_EDGE('',*,*,#3942,.T.);
#12767 = ORIENTED_EDGE('',*,*,#12768,.T.);
#12768 = EDGE_CURVE('',#3917,#12769,#12771,.T.);
#12769 = VERTEX_POINT('',#12770);
#12770 = CARTESIAN_POINT('',(10.954296783481,-4.000014740016,5.));
#12771 = SURFACE_CURVE('',#12772,(#12776,#12783),.PCURVE_S1.);
#12772 = LINE('',#12773,#12774);
#12773 = CARTESIAN_POINT('',(10.954296783481,-4.000014740016,-0.1));
#12774 = VECTOR('',#12775,1.);
#12775 = DIRECTION('',(0.,0.,1.));
#12776 = PCURVE('',#3959,#12777);
#12777 = DEFINITIONAL_REPRESENTATION('',(#12778),#12782);
#12778 = LINE('',#12779,#12780);
#12779 = CARTESIAN_POINT('',(2.139421646195,0.));
#12780 = VECTOR('',#12781,1.);
#12781 = DIRECTION('',(0.,1.));
#12782 = ( GEOMETRIC_REPRESENTATION_CONTEXT(2) 
PARAMETRIC_REPRESENTATION_CONTEXT() REPRESENTATION_CONTEXT('2D SPACE',''
  ) );
#12783 = PCURVE('',#3931,#12784);
#12784 = DEFINITIONAL_REPRESENTATION('',(#12785),#12789);
#12785 = LINE('',#12786,#12787);
#12786 = CARTESIAN_POINT('',(4.537539776939,0.));
#12787 = VECTOR('',#12788,1.);
#12788 = DIRECTION('',(0.,-1.));
#12789 = ( GEOMETRIC_REPRESENTATION_CONTEXT(2) 
PARAMETRIC_REPRESENTATION_CONTEXT() REPRESENTATION_CONTEXT('2D SPACE',''
  ) );
#12790 = ORIENTED_EDGE('',*,*,#12791,.F.);
#12791 = EDGE_CURVE('',#12715,#12769,#12792,.T.);
#12792 = SURFACE_CURVE('',#12793,(#12798,#12805),.PCURVE_S1.);
#12793 = CIRCLE('',#12794,3.);
#12794 = AXIS2_PLACEMENT_3D('',#12795,#12796,#12797);
#12795 = CARTESIAN_POINT('',(10.954323057641,-7.000014739901,5.));
#12796 = DIRECTION('',(0.,0.,1.));
#12797 = DIRECTION('',(0.842646717101,-0.538466814352,0.));
#12798 = PCURVE('',#3959,#12799);
#12799 = DEFINITIONAL_REPRESENTATION('',(#12800),#12804);
#12800 = LINE('',#12801,#12802);
#12801 = CARTESIAN_POINT('',(0.,5.1));
#12802 = VECTOR('',#12803,1.);
#12803 = DIRECTION('',(1.,0.));
#12804 = ( GEOMETRIC_REPRESENTATION_CONTEXT(2) 
PARAMETRIC_REPRESENTATION_CONTEXT() REPRESENTATION_CONTEXT('2D SPACE',''
  ) );
#12805 = PCURVE('',#12697,#12806);
#12806 = DEFINITIONAL_REPRESENTATION('',(#12807),#12811);
#12807 = CIRCLE('',#12808,3.);
#12808 = AXIS2_PLACEMENT_2D('',#12809,#12810);
#12809 = CARTESIAN_POINT('',(10.954323057641,-7.000014739901));
#12810 = DIRECTION('',(0.842646717101,-0.538466814352));
#12811 = ( GEOMETRIC_REPRESENTATION_CONTEXT(2) 
PARAMETRIC_REPRESENTATION_CONTEXT() REPRESENTATION_CONTEXT('2D SPACE',''
  ) );
#12812 = ADVANCED_FACE('',(#12813),#3931,.T.);
#12813 = FACE_BOUND('',#12814,.T.);
#12814 = EDGE_LOOP('',(#12815,#12816,#12817,#12838));
#12815 = ORIENTED_EDGE('',*,*,#3916,.T.);
#12816 = ORIENTED_EDGE('',*,*,#12768,.T.);
#12817 = ORIENTED_EDGE('',*,*,#12818,.F.);
#12818 = EDGE_CURVE('',#12819,#12769,#12821,.T.);
#12819 = VERTEX_POINT('',#12820);
#12820 = CARTESIAN_POINT('',(8.485354738281,-4.000036363142,5.));
#12821 = SURFACE_CURVE('',#12822,(#12826,#12832),.PCURVE_S1.);
#12822 = LINE('',#12823,#12824);
#12823 = CARTESIAN_POINT('',(7.745935796715,-4.000042839013,5.));
#12824 = VECTOR('',#12825,1.);
#12825 = DIRECTION('',(0.999999999962,8.75805345385E-06,-0.));
#12826 = PCURVE('',#3931,#12827);
#12827 = DEFINITIONAL_REPRESENTATION('',(#12828),#12831);
#12828 = B_SPLINE_CURVE_WITH_KNOTS('',1,(#12829,#12830),.UNSPECIFIED.,
  .F.,.F.,(2,2),(0.739418941595,3.208360986889),
  .PIECEWISE_BEZIER_KNOTS.);
#12829 = CARTESIAN_POINT('',(7.006481822234,-5.1));
#12830 = CARTESIAN_POINT('',(4.537539776939,-5.1));
#12831 = ( GEOMETRIC_REPRESENTATION_CONTEXT(2) 
PARAMETRIC_REPRESENTATION_CONTEXT() REPRESENTATION_CONTEXT('2D SPACE',''
  ) );
#12832 = PCURVE('',#12697,#12833);
#12833 = DEFINITIONAL_REPRESENTATION('',(#12834),#12837);
#12834 = B_SPLINE_CURVE_WITH_KNOTS('',1,(#12835,#12836),.UNSPECIFIED.,
  .F.,.F.,(2,2),(0.739418941595,3.208360986889),
  .PIECEWISE_BEZIER_KNOTS.);
#12835 = CARTESIAN_POINT('',(8.485354738281,-4.000036363142));
#12836 = CARTESIAN_POINT('',(10.954296783481,-4.000014740016));
#12837 = ( GEOMETRIC_REPRESENTATION_CONTEXT(2) 
PARAMETRIC_REPRESENTATION_CONTEXT() REPRESENTATION_CONTEXT('2D SPACE',''
  ) );
#12838 = ORIENTED_EDGE('',*,*,#12839,.F.);
#12839 = EDGE_CURVE('',#3888,#12819,#12840,.T.);
#12840 = SURFACE_CURVE('',#12841,(#12845,#12852),.PCURVE_S1.);
#12841 = LINE('',#12842,#12843);
#12842 = CARTESIAN_POINT('',(8.485354738281,-4.000036363142,-0.1));
#12843 = VECTOR('',#12844,1.);
#12844 = DIRECTION('',(0.,0.,1.));
#12845 = PCURVE('',#3931,#12846);
#12846 = DEFINITIONAL_REPRESENTATION('',(#12847),#12851);
#12847 = LINE('',#12848,#12849);
#12848 = CARTESIAN_POINT('',(7.006481822234,0.));
#12849 = VECTOR('',#12850,1.);
#12850 = DIRECTION('',(0.,-1.));
#12851 = ( GEOMETRIC_REPRESENTATION_CONTEXT(2) 
PARAMETRIC_REPRESENTATION_CONTEXT() REPRESENTATION_CONTEXT('2D SPACE',''
  ) );
#12852 = PCURVE('',#3904,#12853);
#12853 = DEFINITIONAL_REPRESENTATION('',(#12854),#12858);
#12854 = LINE('',#12855,#12856);
#12855 = CARTESIAN_POINT('',(0.,0.));
#12856 = VECTOR('',#12857,1.);
#12857 = DIRECTION('',(0.,1.));
#12858 = ( GEOMETRIC_REPRESENTATION_CONTEXT(2) 
PARAMETRIC_REPRESENTATION_CONTEXT() REPRESENTATION_CONTEXT('2D SPACE',''
  ) );
#12859 = ADVANCED_FACE('',(#12860),#3904,.F.);
#12860 = FACE_BOUND('',#12861,.F.);
#12861 = EDGE_LOOP('',(#12862,#12863,#12864,#12887));
#12862 = ORIENTED_EDGE('',*,*,#12839,.F.);
#12863 = ORIENTED_EDGE('',*,*,#3887,.T.);
#12864 = ORIENTED_EDGE('',*,*,#12865,.T.);
#12865 = EDGE_CURVE('',#3855,#12866,#12868,.T.);
#12866 = VERTEX_POINT('',#12867);
#12867 = CARTESIAN_POINT('',(6.17120722881,-5.090952892051,5.));
#12868 = SURFACE_CURVE('',#12869,(#12873,#12880),.PCURVE_S1.);
#12869 = LINE('',#12870,#12871);
#12870 = CARTESIAN_POINT('',(6.17120722881,-5.090952892051,-0.1));
#12871 = VECTOR('',#12872,1.);
#12872 = DIRECTION('',(0.,0.,1.));
#12873 = PCURVE('',#3904,#12874);
#12874 = DEFINITIONAL_REPRESENTATION('',(#12875),#12879);
#12875 = LINE('',#12876,#12877);
#12876 = CARTESIAN_POINT('',(0.881015782116,0.));
#12877 = VECTOR('',#12878,1.);
#12878 = DIRECTION('',(0.,1.));
#12879 = ( GEOMETRIC_REPRESENTATION_CONTEXT(2) 
PARAMETRIC_REPRESENTATION_CONTEXT() REPRESENTATION_CONTEXT('2D SPACE',''
  ) );
#12880 = PCURVE('',#3875,#12881);
#12881 = DEFINITIONAL_REPRESENTATION('',(#12882),#12886);
#12882 = LINE('',#12883,#12884);
#12883 = CARTESIAN_POINT('',(0.166173011027,0.));
#12884 = VECTOR('',#12885,1.);
#12885 = DIRECTION('',(-0.,-1.));
#12886 = ( GEOMETRIC_REPRESENTATION_CONTEXT(2) 
PARAMETRIC_REPRESENTATION_CONTEXT() REPRESENTATION_CONTEXT('2D SPACE',''
  ) );
#12887 = ORIENTED_EDGE('',*,*,#12888,.F.);
#12888 = EDGE_CURVE('',#12819,#12866,#12889,.T.);
#12889 = SURFACE_CURVE('',#12890,(#12895,#12902),.PCURVE_S1.);
#12890 = CIRCLE('',#12891,3.);
#12891 = AXIS2_PLACEMENT_3D('',#12892,#12893,#12894);
#12892 = CARTESIAN_POINT('',(8.485381012441,-7.000036363027,5.));
#12893 = DIRECTION('',(0.,0.,1.));
#12894 = DIRECTION('',(-8.75805345385E-06,0.999999999962,0.));
#12895 = PCURVE('',#3904,#12896);
#12896 = DEFINITIONAL_REPRESENTATION('',(#12897),#12901);
#12897 = LINE('',#12898,#12899);
#12898 = CARTESIAN_POINT('',(0.,5.1));
#12899 = VECTOR('',#12900,1.);
#12900 = DIRECTION('',(1.,0.));
#12901 = ( GEOMETRIC_REPRESENTATION_CONTEXT(2) 
PARAMETRIC_REPRESENTATION_CONTEXT() REPRESENTATION_CONTEXT('2D SPACE',''
  ) );
#12902 = PCURVE('',#12697,#12903);
#12903 = DEFINITIONAL_REPRESENTATION('',(#12904),#12908);
#12904 = CIRCLE('',#12905,3.);
#12905 = AXIS2_PLACEMENT_2D('',#12906,#12907);
#12906 = CARTESIAN_POINT('',(8.485381012441,-7.000036363027));
#12907 = DIRECTION('',(-8.75805345385E-06,0.999999999962));
#12908 = ( GEOMETRIC_REPRESENTATION_CONTEXT(2) 
PARAMETRIC_REPRESENTATION_CONTEXT() REPRESENTATION_CONTEXT('2D SPACE',''
  ) );
#12909 = ADVANCED_FACE('',(#12910),#3875,.T.);
#12910 = FACE_BOUND('',#12911,.T.);
#12911 = EDGE_LOOP('',(#12912,#12913,#12914,#12942));
#12912 = ORIENTED_EDGE('',*,*,#3854,.F.);
#12913 = ORIENTED_EDGE('',*,*,#12865,.T.);
#12914 = ORIENTED_EDGE('',*,*,#12915,.T.);
#12915 = EDGE_CURVE('',#12866,#12916,#12918,.T.);
#12916 = VERTEX_POINT('',#12917);
#12917 = CARTESIAN_POINT('',(1.323290919581,-7.889898678193,5.));
#12918 = SURFACE_CURVE('',#12919,(#12924,#12931),.PCURVE_S1.);
#12919 = CIRCLE('',#12920,8.0001);
#12920 = AXIS2_PLACEMENT_3D('',#12921,#12922,#12923);
#12921 = CARTESIAN_POINT('',(7.691850745534E-16,-4.440892098501E-16,5.)
  );
#12922 = DIRECTION('',(0.,-0.,-1.));
#12923 = DIRECTION('',(0.866025403784,-0.5,0.));
#12924 = PCURVE('',#3875,#12925);
#12925 = DEFINITIONAL_REPRESENTATION('',(#12926),#12930);
#12926 = LINE('',#12927,#12928);
#12927 = CARTESIAN_POINT('',(0.,-5.1));
#12928 = VECTOR('',#12929,1.);
#12929 = DIRECTION('',(1.,0.));
#12930 = ( GEOMETRIC_REPRESENTATION_CONTEXT(2) 
PARAMETRIC_REPRESENTATION_CONTEXT() REPRESENTATION_CONTEXT('2D SPACE',''
  ) );
#12931 = PCURVE('',#12697,#12932);
#12932 = DEFINITIONAL_REPRESENTATION('',(#12933),#12941);
#12933 = ( BOUNDED_CURVE() B_SPLINE_CURVE(2,(#12934,#12935,#12936,#12937
    ,#12938,#12939,#12940),.UNSPECIFIED.,.T.,.F.) 
B_SPLINE_CURVE_WITH_KNOTS((1,2,2,2,2,1),(-2.094395102393,0.,
    2.094395102393,4.188790204786,6.28318530718,8.377580409573),
.UNSPECIFIED.) CURVE() GEOMETRIC_REPRESENTATION_ITEM() 
RATIONAL_B_SPLINE_CURVE((1.,0.5,1.,0.5,1.,0.5,1.)) REPRESENTATION_ITEM(
  '') );
#12934 = CARTESIAN_POINT('',(6.928289832816,-4.00005));
#12935 = CARTESIAN_POINT('',(-7.656785744935E-15,-16.0002));
#12936 = CARTESIAN_POINT('',(-6.928289832816,-4.00005));
#12937 = CARTESIAN_POINT('',(-13.85657966563,8.0001));
#12938 = CARTESIAN_POINT('',(3.001355291467E-15,8.0001));
#12939 = CARTESIAN_POINT('',(13.856579665632,8.0001));
#12940 = CARTESIAN_POINT('',(6.928289832816,-4.00005));
#12941 = ( GEOMETRIC_REPRESENTATION_CONTEXT(2) 
PARAMETRIC_REPRESENTATION_CONTEXT() REPRESENTATION_CONTEXT('2D SPACE',''
  ) );
#12942 = ORIENTED_EDGE('',*,*,#12943,.F.);
#12943 = EDGE_CURVE('',#3826,#12916,#12944,.T.);
#12944 = SURFACE_CURVE('',#12945,(#12949,#12956),.PCURVE_S1.);
#12945 = LINE('',#12946,#12947);
#12946 = CARTESIAN_POINT('',(1.323290919581,-7.889898678193,-0.1));
#12947 = VECTOR('',#12948,1.);
#12948 = DIRECTION('',(0.,0.,1.));
#12949 = PCURVE('',#3875,#12950);
#12950 = DEFINITIONAL_REPRESENTATION('',(#12951),#12955);
#12951 = LINE('',#12952,#12953);
#12952 = CARTESIAN_POINT('',(0.881024540169,0.));
#12953 = VECTOR('',#12954,1.);
#12954 = DIRECTION('',(-0.,-1.));
#12955 = ( GEOMETRIC_REPRESENTATION_CONTEXT(2) 
PARAMETRIC_REPRESENTATION_CONTEXT() REPRESENTATION_CONTEXT('2D SPACE',''
  ) );
#12956 = PCURVE('',#3842,#12957);
#12957 = DEFINITIONAL_REPRESENTATION('',(#12958),#12962);
#12958 = LINE('',#12959,#12960);
#12959 = CARTESIAN_POINT('',(-0.881015782116,0.));
#12960 = VECTOR('',#12961,1.);
#12961 = DIRECTION('',(-0.,1.));
#12962 = ( GEOMETRIC_REPRESENTATION_CONTEXT(2) 
PARAMETRIC_REPRESENTATION_CONTEXT() REPRESENTATION_CONTEXT('2D SPACE',''
  ) );
#12963 = ADVANCED_FACE('',(#12964),#3842,.F.);
#12964 = FACE_BOUND('',#12965,.T.);
#12965 = EDGE_LOOP('',(#12966,#12989,#12990,#12991));
#12966 = ORIENTED_EDGE('',*,*,#12967,.F.);
#12967 = EDGE_CURVE('',#3800,#12968,#12970,.T.);
#12968 = VERTEX_POINT('',#12969);
#12969 = CARTESIAN_POINT('',(-0.778544262598,-9.348550945045,5.));
#12970 = SURFACE_CURVE('',#12971,(#12975,#12982),.PCURVE_S1.);
#12971 = LINE('',#12972,#12973);
#12972 = CARTESIAN_POINT('',(-0.778544262598,-9.348550945045,-0.1));
#12973 = VECTOR('',#12974,1.);
#12974 = DIRECTION('',(0.,0.,1.));
#12975 = PCURVE('',#3842,#12976);
#12976 = DEFINITIONAL_REPRESENTATION('',(#12977),#12981);
#12977 = LINE('',#12978,#12979);
#12978 = CARTESIAN_POINT('',(-0.,0.));
#12979 = VECTOR('',#12980,1.);
#12980 = DIRECTION('',(-0.,1.));
#12981 = ( GEOMETRIC_REPRESENTATION_CONTEXT(2) 
PARAMETRIC_REPRESENTATION_CONTEXT() REPRESENTATION_CONTEXT('2D SPACE',''
  ) );
#12982 = PCURVE('',#3814,#12983);
#12983 = DEFINITIONAL_REPRESENTATION('',(#12984),#12988);
#12984 = LINE('',#12985,#12986);
#12985 = CARTESIAN_POINT('',(1.557064905525,0.));
#12986 = VECTOR('',#12987,1.);
#12987 = DIRECTION('',(0.,-1.));
#12988 = ( GEOMETRIC_REPRESENTATION_CONTEXT(2) 
PARAMETRIC_REPRESENTATION_CONTEXT() REPRESENTATION_CONTEXT('2D SPACE',''
  ) );
#12989 = ORIENTED_EDGE('',*,*,#3825,.F.);
#12990 = ORIENTED_EDGE('',*,*,#12943,.T.);
#12991 = ORIENTED_EDGE('',*,*,#12992,.T.);
#12992 = EDGE_CURVE('',#12916,#12968,#12993,.T.);
#12993 = SURFACE_CURVE('',#12994,(#12999,#13006),.PCURVE_S1.);
#12994 = CIRCLE('',#12995,3.);
#12995 = AXIS2_PLACEMENT_3D('',#12996,#12997,#12998);
#12996 = CARTESIAN_POINT('',(1.819518811576,-10.84857369907,5.));
#12997 = DIRECTION('',(0.,0.,1.));
#12998 = DIRECTION('',(-0.866021024724,0.500007584678,0.));
#12999 = PCURVE('',#3842,#13000);
#13000 = DEFINITIONAL_REPRESENTATION('',(#13001),#13005);
#13001 = LINE('',#13002,#13003);
#13002 = CARTESIAN_POINT('',(-6.28318530718,5.1));
#13003 = VECTOR('',#13004,1.);
#13004 = DIRECTION('',(1.,-0.));
#13005 = ( GEOMETRIC_REPRESENTATION_CONTEXT(2) 
PARAMETRIC_REPRESENTATION_CONTEXT() REPRESENTATION_CONTEXT('2D SPACE',''
  ) );
#13006 = PCURVE('',#12697,#13007);
#13007 = DEFINITIONAL_REPRESENTATION('',(#13008),#13012);
#13008 = CIRCLE('',#13009,3.);
#13009 = AXIS2_PLACEMENT_2D('',#13010,#13011);
#13010 = CARTESIAN_POINT('',(1.819518811576,-10.84857369907));
#13011 = DIRECTION('',(-0.866021024724,0.500007584678));
#13012 = ( GEOMETRIC_REPRESENTATION_CONTEXT(2) 
PARAMETRIC_REPRESENTATION_CONTEXT() REPRESENTATION_CONTEXT('2D SPACE',''
  ) );
#13013 = ADVANCED_FACE('',(#13014),#3814,.T.);
#13014 = FACE_BOUND('',#13015,.T.);
#13015 = EDGE_LOOP('',(#13016,#13017,#13018,#13037));
#13016 = ORIENTED_EDGE('',*,*,#3799,.T.);
#13017 = ORIENTED_EDGE('',*,*,#12967,.T.);
#13018 = ORIENTED_EDGE('',*,*,#13019,.F.);
#13019 = EDGE_CURVE('',#12636,#12968,#13020,.T.);
#13020 = SURFACE_CURVE('',#13021,(#13025,#13031),.PCURVE_S1.);
#13021 = LINE('',#13022,#13023);
#13022 = CARTESIAN_POINT('',(1.732089974264,-5.00009283932,5.));
#13023 = VECTOR('',#13024,1.);
#13024 = DIRECTION('',(0.500007584678,0.866021024724,-0.));
#13025 = PCURVE('',#3814,#13026);
#13026 = DEFINITIONAL_REPRESENTATION('',(#13027),#13030);
#13027 = B_SPLINE_CURVE_WITH_KNOTS('',1,(#13028,#13029),.UNSPECIFIED.,
  .F.,.F.,(2,2),(-7.490134350769,-5.021192305474),
  .PIECEWISE_BEZIER_KNOTS.);
#13028 = CARTESIAN_POINT('',(4.026006950819,-5.1));
#13029 = CARTESIAN_POINT('',(1.557064905525,-5.1));
#13030 = ( GEOMETRIC_REPRESENTATION_CONTEXT(2) 
PARAMETRIC_REPRESENTATION_CONTEXT() REPRESENTATION_CONTEXT('2D SPACE',''
  ) );
#13031 = PCURVE('',#12697,#13032);
#13032 = DEFINITIONAL_REPRESENTATION('',(#13033),#13036);
#13033 = B_SPLINE_CURVE_WITH_KNOTS('',1,(#13034,#13035),.UNSPECIFIED.,
  .F.,.F.,(2,2),(-7.490134350769,-5.021192305474),
  .PIECEWISE_BEZIER_KNOTS.);
#13034 = CARTESIAN_POINT('',(-2.013034011374,-11.48670666509));
#13035 = CARTESIAN_POINT('',(-0.778544262598,-9.348550945045));
#13036 = ( GEOMETRIC_REPRESENTATION_CONTEXT(2) 
PARAMETRIC_REPRESENTATION_CONTEXT() REPRESENTATION_CONTEXT('2D SPACE',''
  ) );
#13037 = ORIENTED_EDGE('',*,*,#12635,.F.);
#13038 = ADVANCED_FACE('',(#13039),#4021,.F.);
#13039 = FACE_BOUND('',#13040,.T.);
#13040 = EDGE_LOOP('',(#13041,#13042,#13065,#13092));
#13041 = ORIENTED_EDGE('',*,*,#4004,.F.);
#13042 = ORIENTED_EDGE('',*,*,#13043,.T.);
#13043 = EDGE_CURVE('',#4005,#13044,#13046,.T.);
#13044 = VERTEX_POINT('',#13045);
#13045 = CARTESIAN_POINT('',(2.5,0.,13.));
#13046 = SEAM_CURVE('',#13047,(#13051,#13058),.PCURVE_S1.);
#13047 = LINE('',#13048,#13049);
#13048 = CARTESIAN_POINT('',(2.5,0.,0.));
#13049 = VECTOR('',#13050,1.);
#13050 = DIRECTION('',(0.,0.,1.));
#13051 = PCURVE('',#4021,#13052);
#13052 = DEFINITIONAL_REPRESENTATION('',(#13053),#13057);
#13053 = LINE('',#13054,#13055);
#13054 = CARTESIAN_POINT('',(-6.28318530718,-42.18048527491));
#13055 = VECTOR('',#13056,1.);
#13056 = DIRECTION('',(0.,1.));
#13057 = ( GEOMETRIC_REPRESENTATION_CONTEXT(2) 
PARAMETRIC_REPRESENTATION_CONTEXT() REPRESENTATION_CONTEXT('2D SPACE',''
  ) );
#13058 = PCURVE('',#4021,#13059);
#13059 = DEFINITIONAL_REPRESENTATION('',(#13060),#13064);
#13060 = LINE('',#13061,#13062);
#13061 = CARTESIAN_POINT('',(-0.,-42.18048527491));
#13062 = VECTOR('',#13063,1.);
#13063 = DIRECTION('',(0.,1.));
#13064 = ( GEOMETRIC_REPRESENTATION_CONTEXT(2) 
PARAMETRIC_REPRESENTATION_CONTEXT() REPRESENTATION_CONTEXT('2D SPACE',''
  ) );
#13065 = ORIENTED_EDGE('',*,*,#13066,.T.);
#13066 = EDGE_CURVE('',#13044,#13044,#13067,.T.);
#13067 = SURFACE_CURVE('',#13068,(#13073,#13080),.PCURVE_S1.);
#13068 = CIRCLE('',#13069,2.5);
#13069 = AXIS2_PLACEMENT_3D('',#13070,#13071,#13072);
#13070 = CARTESIAN_POINT('',(0.,0.,13.));
#13071 = DIRECTION('',(0.,0.,1.));
#13072 = DIRECTION('',(1.,0.,0.));
#13073 = PCURVE('',#4021,#13074);
#13074 = DEFINITIONAL_REPRESENTATION('',(#13075),#13079);
#13075 = LINE('',#13076,#13077);
#13076 = CARTESIAN_POINT('',(-6.28318530718,-29.18048527491));
#13077 = VECTOR('',#13078,1.);
#13078 = DIRECTION('',(1.,-0.));
#13079 = ( GEOMETRIC_REPRESENTATION_CONTEXT(2) 
PARAMETRIC_REPRESENTATION_CONTEXT() REPRESENTATION_CONTEXT('2D SPACE',''
  ) );
#13080 = PCURVE('',#13081,#13086);
#13081 = PLANE('',#13082);
#13082 = AXIS2_PLACEMENT_3D('',#13083,#13084,#13085);
#13083 = CARTESIAN_POINT('',(-1.367440132539E-16,3.4690113325E-17,13.));
#13084 = DIRECTION('',(0.,0.,1.));
#13085 = DIRECTION('',(1.,0.,-0.));
#13086 = DEFINITIONAL_REPRESENTATION('',(#13087),#13091);
#13087 = CIRCLE('',#13088,2.5);
#13088 = AXIS2_PLACEMENT_2D('',#13089,#13090);
#13089 = CARTESIAN_POINT('',(1.367440132539E-16,-3.4690113325E-17));
#13090 = DIRECTION('',(1.,0.));
#13091 = ( GEOMETRIC_REPRESENTATION_CONTEXT(2) 
PARAMETRIC_REPRESENTATION_CONTEXT() REPRESENTATION_CONTEXT('2D SPACE',''
  ) );
#13092 = ORIENTED_EDGE('',*,*,#13043,.F.);
#13093 = ADVANCED_FACE('',(#13094),#4054,.F.);
#13094 = FACE_BOUND('',#13095,.F.);
#13095 = EDGE_LOOP('',(#13096,#13119,#13120,#13143));
#13096 = ORIENTED_EDGE('',*,*,#13097,.F.);
#13097 = EDGE_CURVE('',#4036,#13098,#13100,.T.);
#13098 = VERTEX_POINT('',#13099);
#13099 = CARTESIAN_POINT('',(-8.941262772106,7.486691925081,5.));
#13100 = SURFACE_CURVE('',#13101,(#13105,#13112),.PCURVE_S1.);
#13101 = LINE('',#13102,#13103);
#13102 = CARTESIAN_POINT('',(-8.941262772106,7.486691925081,-0.1));
#13103 = VECTOR('',#13104,1.);
#13104 = DIRECTION('',(0.,0.,1.));
#13105 = PCURVE('',#4054,#13106);
#13106 = DEFINITIONAL_REPRESENTATION('',(#13107),#13111);
#13107 = LINE('',#13108,#13109);
#13108 = CARTESIAN_POINT('',(0.,0.));
#13109 = VECTOR('',#13110,1.);
#13110 = DIRECTION('',(0.,1.));
#13111 = ( GEOMETRIC_REPRESENTATION_CONTEXT(2) 
PARAMETRIC_REPRESENTATION_CONTEXT() REPRESENTATION_CONTEXT('2D SPACE',''
  ) );
#13112 = PCURVE('',#4081,#13113);
#13113 = DEFINITIONAL_REPRESENTATION('',(#13114),#13118);
#13114 = LINE('',#13115,#13116);
#13115 = CARTESIAN_POINT('',(4.026006950819,0.));
#13116 = VECTOR('',#13117,1.);
#13117 = DIRECTION('',(0.,-1.));
#13118 = ( GEOMETRIC_REPRESENTATION_CONTEXT(2) 
PARAMETRIC_REPRESENTATION_CONTEXT() REPRESENTATION_CONTEXT('2D SPACE',''
  ) );
#13119 = ORIENTED_EDGE('',*,*,#4035,.T.);
#13120 = ORIENTED_EDGE('',*,*,#13121,.T.);
#13121 = EDGE_CURVE('',#4038,#13122,#13124,.T.);
#13122 = VERTEX_POINT('',#13123);
#13123 = CARTESIAN_POINT('',(-14.20230001706,7.368274847975,5.));
#13124 = SURFACE_CURVE('',#13125,(#13129,#13136),.PCURVE_S1.);
#13125 = LINE('',#13126,#13127);
#13126 = CARTESIAN_POINT('',(-14.20230001706,7.368274847975,-0.1));
#13127 = VECTOR('',#13128,1.);
#13128 = DIRECTION('',(0.,0.,1.));
#13129 = PCURVE('',#4054,#13130);
#13130 = DEFINITIONAL_REPRESENTATION('',(#13131),#13135);
#13131 = LINE('',#13132,#13133);
#13132 = CARTESIAN_POINT('',(2.139421646195,0.));
#13133 = VECTOR('',#13134,1.);
#13134 = DIRECTION('',(0.,1.));
#13135 = ( GEOMETRIC_REPRESENTATION_CONTEXT(2) 
PARAMETRIC_REPRESENTATION_CONTEXT() REPRESENTATION_CONTEXT('2D SPACE',''
  ) );
#13136 = PCURVE('',#4257,#13137);
#13137 = DEFINITIONAL_REPRESENTATION('',(#13138),#13142);
#13138 = LINE('',#13139,#13140);
#13139 = CARTESIAN_POINT('',(-0.315936306204,0.));
#13140 = VECTOR('',#13141,1.);
#13141 = DIRECTION('',(-0.,-1.));
#13142 = ( GEOMETRIC_REPRESENTATION_CONTEXT(2) 
PARAMETRIC_REPRESENTATION_CONTEXT() REPRESENTATION_CONTEXT('2D SPACE',''
  ) );
#13143 = ORIENTED_EDGE('',*,*,#13144,.F.);
#13144 = EDGE_CURVE('',#13098,#13122,#13145,.T.);
#13145 = SURFACE_CURVE('',#13146,(#13151,#13158),.PCURVE_S1.);
#13146 = CIRCLE('',#13147,3.);
#13147 = AXIS2_PLACEMENT_3D('',#13148,#13149,#13150);
#13148 = CARTESIAN_POINT('',(-11.53935212044,5.986714679229,5.));
#13149 = DIRECTION('',(0.,0.,1.));
#13150 = DIRECTION('',(0.866029782778,0.499992415284,-0.));
#13151 = PCURVE('',#4054,#13152);
#13152 = DEFINITIONAL_REPRESENTATION('',(#13153),#13157);
#13153 = LINE('',#13154,#13155);
#13154 = CARTESIAN_POINT('',(0.,5.1));
#13155 = VECTOR('',#13156,1.);
#13156 = DIRECTION('',(1.,0.));
#13157 = ( GEOMETRIC_REPRESENTATION_CONTEXT(2) 
PARAMETRIC_REPRESENTATION_CONTEXT() REPRESENTATION_CONTEXT('2D SPACE',''
  ) );
#13158 = PCURVE('',#12697,#13159);
#13159 = DEFINITIONAL_REPRESENTATION('',(#13160),#13164);
#13160 = CIRCLE('',#13161,3.);
#13161 = AXIS2_PLACEMENT_2D('',#13162,#13163);
#13162 = CARTESIAN_POINT('',(-11.53935212044,5.986714679229));
#13163 = DIRECTION('',(0.866029782778,0.499992415284));
#13164 = ( GEOMETRIC_REPRESENTATION_CONTEXT(2) 
PARAMETRIC_REPRESENTATION_CONTEXT() REPRESENTATION_CONTEXT('2D SPACE',''
  ) );
#13165 = ADVANCED_FACE('',(#13166),#4081,.T.);
#13166 = FACE_BOUND('',#13167,.T.);
#13167 = EDGE_LOOP('',(#13168,#13169,#13192,#13211));
#13168 = ORIENTED_EDGE('',*,*,#4066,.T.);
#13169 = ORIENTED_EDGE('',*,*,#13170,.T.);
#13170 = EDGE_CURVE('',#4067,#13171,#13173,.T.);
#13171 = VERTEX_POINT('',#13172);
#13172 = CARTESIAN_POINT('',(-7.706810475683,5.348514581903,5.));
#13173 = SURFACE_CURVE('',#13174,(#13178,#13185),.PCURVE_S1.);
#13174 = LINE('',#13175,#13176);
#13175 = CARTESIAN_POINT('',(-7.706810475683,5.348514581903,-0.1));
#13176 = VECTOR('',#13177,1.);
#13177 = DIRECTION('',(0.,0.,1.));
#13178 = PCURVE('',#4081,#13179);
#13179 = DEFINITIONAL_REPRESENTATION('',(#13180),#13184);
#13180 = LINE('',#13181,#13182);
#13181 = CARTESIAN_POINT('',(1.557064905525,0.));
#13182 = VECTOR('',#13183,1.);
#13183 = DIRECTION('',(0.,-1.));
#13184 = ( GEOMETRIC_REPRESENTATION_CONTEXT(2) 
PARAMETRIC_REPRESENTATION_CONTEXT() REPRESENTATION_CONTEXT('2D SPACE',''
  ) );
#13185 = PCURVE('',#4109,#13186);
#13186 = DEFINITIONAL_REPRESENTATION('',(#13187),#13191);
#13187 = LINE('',#13188,#13189);
#13188 = CARTESIAN_POINT('',(-0.,0.));
#13189 = VECTOR('',#13190,1.);
#13190 = DIRECTION('',(-0.,1.));
#13191 = ( GEOMETRIC_REPRESENTATION_CONTEXT(2) 
PARAMETRIC_REPRESENTATION_CONTEXT() REPRESENTATION_CONTEXT('2D SPACE',''
  ) );
#13192 = ORIENTED_EDGE('',*,*,#13193,.F.);
#13193 = EDGE_CURVE('',#13098,#13171,#13194,.T.);
#13194 = SURFACE_CURVE('',#13195,(#13199,#13205),.PCURVE_S1.);
#13195 = LINE('',#13196,#13197);
#13196 = CARTESIAN_POINT('',(-5.196252407264,1.000012500307,5.));
#13197 = VECTOR('',#13198,1.);
#13198 = DIRECTION('',(0.499992415284,-0.866029782778,0.));
#13199 = PCURVE('',#4081,#13200);
#13200 = DEFINITIONAL_REPRESENTATION('',(#13201),#13204);
#13201 = B_SPLINE_CURVE_WITH_KNOTS('',1,(#13202,#13203),.UNSPECIFIED.,
  .F.,.F.,(2,2),(-7.490134350769,-5.021192305474),
  .PIECEWISE_BEZIER_KNOTS.);
#13202 = CARTESIAN_POINT('',(4.026006950819,-5.1));
#13203 = CARTESIAN_POINT('',(1.557064905525,-5.1));
#13204 = ( GEOMETRIC_REPRESENTATION_CONTEXT(2) 
PARAMETRIC_REPRESENTATION_CONTEXT() REPRESENTATION_CONTEXT('2D SPACE',''
  ) );
#13205 = PCURVE('',#12697,#13206);
#13206 = DEFINITIONAL_REPRESENTATION('',(#13207),#13210);
#13207 = B_SPLINE_CURVE_WITH_KNOTS('',1,(#13208,#13209),.UNSPECIFIED.,
  .F.,.F.,(2,2),(-7.490134350769,-5.021192305474),
  .PIECEWISE_BEZIER_KNOTS.);
#13208 = CARTESIAN_POINT('',(-8.941262772106,7.486691925081));
#13209 = CARTESIAN_POINT('',(-7.706810475683,5.348514581903));
#13210 = ( GEOMETRIC_REPRESENTATION_CONTEXT(2) 
PARAMETRIC_REPRESENTATION_CONTEXT() REPRESENTATION_CONTEXT('2D SPACE',''
  ) );
#13211 = ORIENTED_EDGE('',*,*,#13097,.F.);
#13212 = ADVANCED_FACE('',(#13213),#4257,.F.);
#13213 = FACE_BOUND('',#13214,.T.);
#13214 = EDGE_LOOP('',(#13215,#13216,#13217,#13245));
#13215 = ORIENTED_EDGE('',*,*,#4238,.T.);
#13216 = ORIENTED_EDGE('',*,*,#13121,.T.);
#13217 = ORIENTED_EDGE('',*,*,#13218,.F.);
#13218 = EDGE_CURVE('',#13219,#13122,#13221,.T.);
#13219 = VERTEX_POINT('',#13220);
#13220 = CARTESIAN_POINT('',(-14.20230001706,-7.368274847975,5.));
#13221 = SURFACE_CURVE('',#13222,(#13227,#13234),.PCURVE_S1.);
#13222 = CIRCLE('',#13223,15.9999);
#13223 = AXIS2_PLACEMENT_3D('',#13224,#13225,#13226);
#13224 = CARTESIAN_POINT('',(3.885780586188E-16,-6.730369402342E-16,5.)
  );
#13225 = DIRECTION('',(0.,0.,-1.));
#13226 = DIRECTION('',(-0.700629269222,0.713525491562,0.));
#13227 = PCURVE('',#4257,#13228);
#13228 = DEFINITIONAL_REPRESENTATION('',(#13229),#13233);
#13229 = LINE('',#13230,#13231);
#13230 = CARTESIAN_POINT('',(-6.28318530718,-5.1));
#13231 = VECTOR('',#13232,1.);
#13232 = DIRECTION('',(1.,-0.));
#13233 = ( GEOMETRIC_REPRESENTATION_CONTEXT(2) 
PARAMETRIC_REPRESENTATION_CONTEXT() REPRESENTATION_CONTEXT('2D SPACE',''
  ) );
#13234 = PCURVE('',#12697,#13235);
#13235 = DEFINITIONAL_REPRESENTATION('',(#13236),#13244);
#13236 = ( BOUNDED_CURVE() B_SPLINE_CURVE(2,(#13237,#13238,#13239,#13240
    ,#13241,#13242,#13243),.UNSPECIFIED.,.T.,.F.) 
B_SPLINE_CURVE_WITH_KNOTS((1,2,2,2,2,1),(-2.094395102393,0.,
    2.094395102393,4.188790204786,6.28318530718,8.377580409573),
.UNSPECIFIED.) CURVE() GEOMETRIC_REPRESENTATION_ITEM() 
RATIONAL_B_SPLINE_CURVE((1.,0.5,1.,0.5,1.,0.5,1.)) REPRESENTATION_ITEM(
  '') );
#13237 = CARTESIAN_POINT('',(-11.20999824462,11.41633651245));
#13238 = CARTESIAN_POINT('',(8.563676631241,30.832623024899));
#13239 = CARTESIAN_POINT('',(15.491836560246,3.999975));
#13240 = CARTESIAN_POINT('',(22.419996489251,-22.83267302489));
#13241 = CARTESIAN_POINT('',(-4.28183831562,-15.41631151245));
#13242 = CARTESIAN_POINT('',(-30.98367312049,-7.99995));
#13243 = CARTESIAN_POINT('',(-11.20999824462,11.41633651245));
#13244 = ( GEOMETRIC_REPRESENTATION_CONTEXT(2) 
PARAMETRIC_REPRESENTATION_CONTEXT() REPRESENTATION_CONTEXT('2D SPACE',''
  ) );
#13245 = ORIENTED_EDGE('',*,*,#13246,.F.);
#13246 = EDGE_CURVE('',#4210,#13219,#13247,.T.);
#13247 = SURFACE_CURVE('',#13248,(#13252,#13259),.PCURVE_S1.);
#13248 = LINE('',#13249,#13250);
#13249 = CARTESIAN_POINT('',(-14.20230001706,-7.368274847975,-0.1));
#13250 = VECTOR('',#13251,1.);
#13251 = DIRECTION('',(0.,0.,1.));
#13252 = PCURVE('',#4257,#13253);
#13253 = DEFINITIONAL_REPRESENTATION('',(#13254),#13258);
#13254 = LINE('',#13255,#13256);
#13255 = CARTESIAN_POINT('',(-1.273098285905,0.));
#13256 = VECTOR('',#13257,1.);
#13257 = DIRECTION('',(-0.,-1.));
#13258 = ( GEOMETRIC_REPRESENTATION_CONTEXT(2) 
PARAMETRIC_REPRESENTATION_CONTEXT() REPRESENTATION_CONTEXT('2D SPACE',''
  ) );
#13259 = PCURVE('',#4226,#13260);
#13260 = DEFINITIONAL_REPRESENTATION('',(#13261),#13265);
#13261 = LINE('',#13262,#13263);
#13262 = CARTESIAN_POINT('',(3.700743415417E-17,0.));
#13263 = VECTOR('',#13264,1.);
#13264 = DIRECTION('',(0.,1.));
#13265 = ( GEOMETRIC_REPRESENTATION_CONTEXT(2) 
PARAMETRIC_REPRESENTATION_CONTEXT() REPRESENTATION_CONTEXT('2D SPACE',''
  ) );
#13266 = ADVANCED_FACE('',(#13267),#4109,.F.);
#13267 = FACE_BOUND('',#13268,.T.);
#13268 = EDGE_LOOP('',(#13269,#13270,#13271,#13294));
#13269 = ORIENTED_EDGE('',*,*,#13170,.F.);
#13270 = ORIENTED_EDGE('',*,*,#4092,.F.);
#13271 = ORIENTED_EDGE('',*,*,#13272,.T.);
#13272 = EDGE_CURVE('',#4093,#13273,#13275,.T.);
#13273 = VERTEX_POINT('',#13274);
#13274 = CARTESIAN_POINT('',(-7.494498148391,2.798945786142,5.));
#13275 = SURFACE_CURVE('',#13276,(#13280,#13287),.PCURVE_S1.);
#13276 = LINE('',#13277,#13278);
#13277 = CARTESIAN_POINT('',(-7.494498148391,2.798945786142,-0.1));
#13278 = VECTOR('',#13279,1.);
#13279 = DIRECTION('',(0.,0.,1.));
#13280 = PCURVE('',#4109,#13281);
#13281 = DEFINITIONAL_REPRESENTATION('',(#13282),#13286);
#13282 = LINE('',#13283,#13284);
#13283 = CARTESIAN_POINT('',(-0.881015782116,0.));
#13284 = VECTOR('',#13285,1.);
#13285 = DIRECTION('',(-0.,1.));
#13286 = ( GEOMETRIC_REPRESENTATION_CONTEXT(2) 
PARAMETRIC_REPRESENTATION_CONTEXT() REPRESENTATION_CONTEXT('2D SPACE',''
  ) );
#13287 = PCURVE('',#4142,#13288);
#13288 = DEFINITIONAL_REPRESENTATION('',(#13289),#13293);
#13289 = LINE('',#13290,#13291);
#13290 = CARTESIAN_POINT('',(0.881024540169,0.));
#13291 = VECTOR('',#13292,1.);
#13292 = DIRECTION('',(-0.,-1.));
#13293 = ( GEOMETRIC_REPRESENTATION_CONTEXT(2) 
PARAMETRIC_REPRESENTATION_CONTEXT() REPRESENTATION_CONTEXT('2D SPACE',''
  ) );
#13294 = ORIENTED_EDGE('',*,*,#13295,.T.);
#13295 = EDGE_CURVE('',#13273,#13171,#13296,.T.);
#13296 = SURFACE_CURVE('',#13297,(#13302,#13309),.PCURVE_S1.);
#13297 = CIRCLE('',#13298,3.);
#13298 = AXIS2_PLACEMENT_3D('',#13299,#13300,#13301);
#13299 = CARTESIAN_POINT('',(-10.30489982401,3.84853733605,5.));
#13300 = DIRECTION('',(0.,0.,1.));
#13301 = DIRECTION('',(0.866029782778,0.499992415284,-0.));
#13302 = PCURVE('',#4109,#13303);
#13303 = DEFINITIONAL_REPRESENTATION('',(#13304),#13308);
#13304 = LINE('',#13305,#13306);
#13305 = CARTESIAN_POINT('',(-6.28318530718,5.1));
#13306 = VECTOR('',#13307,1.);
#13307 = DIRECTION('',(1.,-0.));
#13308 = ( GEOMETRIC_REPRESENTATION_CONTEXT(2) 
PARAMETRIC_REPRESENTATION_CONTEXT() REPRESENTATION_CONTEXT('2D SPACE',''
  ) );
#13309 = PCURVE('',#12697,#13310);
#13310 = DEFINITIONAL_REPRESENTATION('',(#13311),#13315);
#13311 = CIRCLE('',#13312,3.);
#13312 = AXIS2_PLACEMENT_2D('',#13313,#13314);
#13313 = CARTESIAN_POINT('',(-10.30489982401,3.84853733605));
#13314 = DIRECTION('',(0.866029782778,0.499992415284));
#13315 = ( GEOMETRIC_REPRESENTATION_CONTEXT(2) 
PARAMETRIC_REPRESENTATION_CONTEXT() REPRESENTATION_CONTEXT('2D SPACE',''
  ) );
#13316 = ADVANCED_FACE('',(#13317),#4226,.F.);
#13317 = FACE_BOUND('',#13318,.F.);
#13318 = EDGE_LOOP('',(#13319,#13320,#13321,#13344));
#13319 = ORIENTED_EDGE('',*,*,#13246,.F.);
#13320 = ORIENTED_EDGE('',*,*,#4209,.T.);
#13321 = ORIENTED_EDGE('',*,*,#13322,.T.);
#13322 = EDGE_CURVE('',#4184,#13323,#13325,.T.);
#13323 = VERTEX_POINT('',#13324);
#13324 = CARTESIAN_POINT('',(-8.941262772106,-7.486691925081,5.));
#13325 = SURFACE_CURVE('',#13326,(#13330,#13337),.PCURVE_S1.);
#13326 = LINE('',#13327,#13328);
#13327 = CARTESIAN_POINT('',(-8.941262772106,-7.486691925081,-0.1));
#13328 = VECTOR('',#13329,1.);
#13329 = DIRECTION('',(0.,0.,1.));
#13330 = PCURVE('',#4226,#13331);
#13331 = DEFINITIONAL_REPRESENTATION('',(#13332),#13336);
#13332 = LINE('',#13333,#13334);
#13333 = CARTESIAN_POINT('',(2.139421646195,0.));
#13334 = VECTOR('',#13335,1.);
#13335 = DIRECTION('',(0.,1.));
#13336 = ( GEOMETRIC_REPRESENTATION_CONTEXT(2) 
PARAMETRIC_REPRESENTATION_CONTEXT() REPRESENTATION_CONTEXT('2D SPACE',''
  ) );
#13337 = PCURVE('',#4198,#13338);
#13338 = DEFINITIONAL_REPRESENTATION('',(#13339),#13343);
#13339 = LINE('',#13340,#13341);
#13340 = CARTESIAN_POINT('',(4.537539776939,0.));
#13341 = VECTOR('',#13342,1.);
#13342 = DIRECTION('',(0.,-1.));
#13343 = ( GEOMETRIC_REPRESENTATION_CONTEXT(2) 
PARAMETRIC_REPRESENTATION_CONTEXT() REPRESENTATION_CONTEXT('2D SPACE',''
  ) );
#13344 = ORIENTED_EDGE('',*,*,#13345,.F.);
#13345 = EDGE_CURVE('',#13219,#13323,#13346,.T.);
#13346 = SURFACE_CURVE('',#13347,(#13352,#13359),.PCURVE_S1.);
#13347 = CIRCLE('',#13348,3.);
#13348 = AXIS2_PLACEMENT_3D('',#13349,#13350,#13351);
#13349 = CARTESIAN_POINT('',(-11.53935212044,-5.986714679229,5.));
#13350 = DIRECTION('',(0.,0.,1.));
#13351 = DIRECTION('',(-0.887649298875,-0.460520056249,0.));
#13352 = PCURVE('',#4226,#13353);
#13353 = DEFINITIONAL_REPRESENTATION('',(#13354),#13358);
#13354 = LINE('',#13355,#13356);
#13355 = CARTESIAN_POINT('',(0.,5.1));
#13356 = VECTOR('',#13357,1.);
#13357 = DIRECTION('',(1.,0.));
#13358 = ( GEOMETRIC_REPRESENTATION_CONTEXT(2) 
PARAMETRIC_REPRESENTATION_CONTEXT() REPRESENTATION_CONTEXT('2D SPACE',''
  ) );
#13359 = PCURVE('',#12697,#13360);
#13360 = DEFINITIONAL_REPRESENTATION('',(#13361),#13365);
#13361 = CIRCLE('',#13362,3.);
#13362 = AXIS2_PLACEMENT_2D('',#13363,#13364);
#13363 = CARTESIAN_POINT('',(-11.53935212044,-5.986714679229));
#13364 = DIRECTION('',(-0.887649298875,-0.460520056249));
#13365 = ( GEOMETRIC_REPRESENTATION_CONTEXT(2) 
PARAMETRIC_REPRESENTATION_CONTEXT() REPRESENTATION_CONTEXT('2D SPACE',''
  ) );
#13366 = ADVANCED_FACE('',(#13367),#4142,.T.);
#13367 = FACE_BOUND('',#13368,.T.);
#13368 = EDGE_LOOP('',(#13369,#13370,#13393,#13419));
#13369 = ORIENTED_EDGE('',*,*,#4121,.F.);
#13370 = ORIENTED_EDGE('',*,*,#13371,.T.);
#13371 = EDGE_CURVE('',#4122,#13372,#13374,.T.);
#13372 = VERTEX_POINT('',#13373);
#13373 = CARTESIAN_POINT('',(-7.494498148391,-2.798945786142,5.));
#13374 = SURFACE_CURVE('',#13375,(#13379,#13386),.PCURVE_S1.);
#13375 = LINE('',#13376,#13377);
#13376 = CARTESIAN_POINT('',(-7.494498148391,-2.798945786142,-0.1));
#13377 = VECTOR('',#13378,1.);
#13378 = DIRECTION('',(0.,0.,1.));
#13379 = PCURVE('',#4142,#13380);
#13380 = DEFINITIONAL_REPRESENTATION('',(#13381),#13385);
#13381 = LINE('',#13382,#13383);
#13382 = CARTESIAN_POINT('',(0.166173011027,0.));
#13383 = VECTOR('',#13384,1.);
#13384 = DIRECTION('',(-0.,-1.));
#13385 = ( GEOMETRIC_REPRESENTATION_CONTEXT(2) 
PARAMETRIC_REPRESENTATION_CONTEXT() REPRESENTATION_CONTEXT('2D SPACE',''
  ) );
#13386 = PCURVE('',#4171,#13387);
#13387 = DEFINITIONAL_REPRESENTATION('',(#13388),#13392);
#13388 = LINE('',#13389,#13390);
#13389 = CARTESIAN_POINT('',(0.881015782116,0.));
#13390 = VECTOR('',#13391,1.);
#13391 = DIRECTION('',(0.,1.));
#13392 = ( GEOMETRIC_REPRESENTATION_CONTEXT(2) 
PARAMETRIC_REPRESENTATION_CONTEXT() REPRESENTATION_CONTEXT('2D SPACE',''
  ) );
#13393 = ORIENTED_EDGE('',*,*,#13394,.T.);
#13394 = EDGE_CURVE('',#13372,#13273,#13395,.T.);
#13395 = SURFACE_CURVE('',#13396,(#13401,#13408),.PCURVE_S1.);
#13396 = CIRCLE('',#13397,8.0001);
#13397 = AXIS2_PLACEMENT_3D('',#13398,#13399,#13400);
#13398 = CARTESIAN_POINT('',(-7.691850745534E-16,-4.440892098501E-16,5.)
  );
#13399 = DIRECTION('',(-0.,0.,-1.));
#13400 = DIRECTION('',(-0.866025403784,-0.5,0.));
#13401 = PCURVE('',#4142,#13402);
#13402 = DEFINITIONAL_REPRESENTATION('',(#13403),#13407);
#13403 = LINE('',#13404,#13405);
#13404 = CARTESIAN_POINT('',(0.,-5.1));
#13405 = VECTOR('',#13406,1.);
#13406 = DIRECTION('',(1.,0.));
#13407 = ( GEOMETRIC_REPRESENTATION_CONTEXT(2) 
PARAMETRIC_REPRESENTATION_CONTEXT() REPRESENTATION_CONTEXT('2D SPACE',''
  ) );
#13408 = PCURVE('',#12697,#13409);
#13409 = DEFINITIONAL_REPRESENTATION('',(#13410),#13418);
#13410 = ( BOUNDED_CURVE() B_SPLINE_CURVE(2,(#13411,#13412,#13413,#13414
    ,#13415,#13416,#13417),.UNSPECIFIED.,.T.,.F.) 
B_SPLINE_CURVE_WITH_KNOTS((1,2,2,2,2,1),(-2.094395102393,0.,
    2.094395102393,4.188790204786,6.28318530718,8.377580409573),
.UNSPECIFIED.) CURVE() GEOMETRIC_REPRESENTATION_ITEM() 
RATIONAL_B_SPLINE_CURVE((1.,0.5,1.,0.5,1.,0.5,1.)) REPRESENTATION_ITEM(
  '') );
#13411 = CARTESIAN_POINT('',(-6.928289832816,-4.00005));
#13412 = CARTESIAN_POINT('',(-13.85657966563,8.0001));
#13413 = CARTESIAN_POINT('',(1.90707435221E-15,8.0001));
#13414 = CARTESIAN_POINT('',(13.856579665632,8.0001));
#13415 = CARTESIAN_POINT('',(6.928289832816,-4.00005));
#13416 = CARTESIAN_POINT('',(4.12752040146E-15,-16.0002));
#13417 = CARTESIAN_POINT('',(-6.928289832816,-4.00005));
#13418 = ( GEOMETRIC_REPRESENTATION_CONTEXT(2) 
PARAMETRIC_REPRESENTATION_CONTEXT() REPRESENTATION_CONTEXT('2D SPACE',''
  ) );
#13419 = ORIENTED_EDGE('',*,*,#13272,.F.);
#13420 = ADVANCED_FACE('',(#13421),#4198,.T.);
#13421 = FACE_BOUND('',#13422,.T.);
#13422 = EDGE_LOOP('',(#13423,#13424,#13425,#13446));
#13423 = ORIENTED_EDGE('',*,*,#4183,.T.);
#13424 = ORIENTED_EDGE('',*,*,#13322,.T.);
#13425 = ORIENTED_EDGE('',*,*,#13426,.F.);
#13426 = EDGE_CURVE('',#13427,#13323,#13429,.T.);
#13427 = VERTEX_POINT('',#13428);
#13428 = CARTESIAN_POINT('',(-7.706810475683,-5.348514581903,5.));
#13429 = SURFACE_CURVE('',#13430,(#13434,#13440),.PCURVE_S1.);
#13430 = LINE('',#13431,#13432);
#13431 = CARTESIAN_POINT('',(-7.337106613169,-4.708155756532,5.));
#13432 = VECTOR('',#13433,1.);
#13433 = DIRECTION('',(-0.499992415284,-0.866029782778,0.));
#13434 = PCURVE('',#4198,#13435);
#13435 = DEFINITIONAL_REPRESENTATION('',(#13436),#13439);
#13436 = B_SPLINE_CURVE_WITH_KNOTS('',1,(#13437,#13438),.UNSPECIFIED.,
  .F.,.F.,(2,2),(0.739418941595,3.208360986889),
  .PIECEWISE_BEZIER_KNOTS.);
#13437 = CARTESIAN_POINT('',(7.006481822234,-5.1));
#13438 = CARTESIAN_POINT('',(4.537539776939,-5.1));
#13439 = ( GEOMETRIC_REPRESENTATION_CONTEXT(2) 
PARAMETRIC_REPRESENTATION_CONTEXT() REPRESENTATION_CONTEXT('2D SPACE',''
  ) );
#13440 = PCURVE('',#12697,#13441);
#13441 = DEFINITIONAL_REPRESENTATION('',(#13442),#13445);
#13442 = B_SPLINE_CURVE_WITH_KNOTS('',1,(#13443,#13444),.UNSPECIFIED.,
  .F.,.F.,(2,2),(0.739418941595,3.208360986889),
  .PIECEWISE_BEZIER_KNOTS.);
#13443 = CARTESIAN_POINT('',(-7.706810475683,-5.348514581903));
#13444 = CARTESIAN_POINT('',(-8.941262772106,-7.486691925081));
#13445 = ( GEOMETRIC_REPRESENTATION_CONTEXT(2) 
PARAMETRIC_REPRESENTATION_CONTEXT() REPRESENTATION_CONTEXT('2D SPACE',''
  ) );
#13446 = ORIENTED_EDGE('',*,*,#13447,.F.);
#13447 = EDGE_CURVE('',#4155,#13427,#13448,.T.);
#13448 = SURFACE_CURVE('',#13449,(#13453,#13460),.PCURVE_S1.);
#13449 = LINE('',#13450,#13451);
#13450 = CARTESIAN_POINT('',(-7.706810475683,-5.348514581903,-0.1));
#13451 = VECTOR('',#13452,1.);
#13452 = DIRECTION('',(0.,0.,1.));
#13453 = PCURVE('',#4198,#13454);
#13454 = DEFINITIONAL_REPRESENTATION('',(#13455),#13459);
#13455 = LINE('',#13456,#13457);
#13456 = CARTESIAN_POINT('',(7.006481822234,0.));
#13457 = VECTOR('',#13458,1.);
#13458 = DIRECTION('',(0.,-1.));
#13459 = ( GEOMETRIC_REPRESENTATION_CONTEXT(2) 
PARAMETRIC_REPRESENTATION_CONTEXT() REPRESENTATION_CONTEXT('2D SPACE',''
  ) );
#13460 = PCURVE('',#4171,#13461);
#13461 = DEFINITIONAL_REPRESENTATION('',(#13462),#13466);
#13462 = LINE('',#13463,#13464);
#13463 = CARTESIAN_POINT('',(0.,0.));
#13464 = VECTOR('',#13465,1.);
#13465 = DIRECTION('',(0.,1.));
#13466 = ( GEOMETRIC_REPRESENTATION_CONTEXT(2) 
PARAMETRIC_REPRESENTATION_CONTEXT() REPRESENTATION_CONTEXT('2D SPACE',''
  ) );
#13467 = ADVANCED_FACE('',(#13468),#4171,.F.);
#13468 = FACE_BOUND('',#13469,.F.);
#13469 = EDGE_LOOP('',(#13470,#13471,#13472,#13473));
#13470 = ORIENTED_EDGE('',*,*,#13447,.F.);
#13471 = ORIENTED_EDGE('',*,*,#4154,.T.);
#13472 = ORIENTED_EDGE('',*,*,#13371,.T.);
#13473 = ORIENTED_EDGE('',*,*,#13474,.F.);
#13474 = EDGE_CURVE('',#13427,#13372,#13475,.T.);
#13475 = SURFACE_CURVE('',#13476,(#13481,#13488),.PCURVE_S1.);
#13476 = CIRCLE('',#13477,3.);
#13477 = AXIS2_PLACEMENT_3D('',#13478,#13479,#13480);
#13478 = CARTESIAN_POINT('',(-10.30489982401,-3.84853733605,5.));
#13479 = DIRECTION('',(0.,0.,1.));
#13480 = DIRECTION('',(0.866029782778,-0.499992415284,0.));
#13481 = PCURVE('',#4171,#13482);
#13482 = DEFINITIONAL_REPRESENTATION('',(#13483),#13487);
#13483 = LINE('',#13484,#13485);
#13484 = CARTESIAN_POINT('',(0.,5.1));
#13485 = VECTOR('',#13486,1.);
#13486 = DIRECTION('',(1.,0.));
#13487 = ( GEOMETRIC_REPRESENTATION_CONTEXT(2) 
PARAMETRIC_REPRESENTATION_CONTEXT() REPRESENTATION_CONTEXT('2D SPACE',''
  ) );
#13488 = PCURVE('',#12697,#13489);
#13489 = DEFINITIONAL_REPRESENTATION('',(#13490),#13494);
#13490 = CIRCLE('',#13491,3.);
#13491 = AXIS2_PLACEMENT_2D('',#13492,#13493);
#13492 = CARTESIAN_POINT('',(-10.30489982401,-3.84853733605));
#13493 = DIRECTION('',(0.866029782778,-0.499992415284));
#13494 = ( GEOMETRIC_REPRESENTATION_CONTEXT(2) 
PARAMETRIC_REPRESENTATION_CONTEXT() REPRESENTATION_CONTEXT('2D SPACE',''
  ) );
#13495 = ADVANCED_FACE('',(#13496),#4290,.F.);
#13496 = FACE_BOUND('',#13497,.F.);
#13497 = EDGE_LOOP('',(#13498,#13521,#13522,#13545));
#13498 = ORIENTED_EDGE('',*,*,#13499,.F.);
#13499 = EDGE_CURVE('',#4272,#13500,#13502,.T.);
#13500 = VERTEX_POINT('',#13501);
#13501 = CARTESIAN_POINT('',(10.954296783481,4.000014740016,5.));
#13502 = SURFACE_CURVE('',#13503,(#13507,#13514),.PCURVE_S1.);
#13503 = LINE('',#13504,#13505);
#13504 = CARTESIAN_POINT('',(10.954296783481,4.000014740016,-0.1));
#13505 = VECTOR('',#13506,1.);
#13506 = DIRECTION('',(0.,0.,1.));
#13507 = PCURVE('',#4290,#13508);
#13508 = DEFINITIONAL_REPRESENTATION('',(#13509),#13513);
#13509 = LINE('',#13510,#13511);
#13510 = CARTESIAN_POINT('',(0.,0.));
#13511 = VECTOR('',#13512,1.);
#13512 = DIRECTION('',(0.,1.));
#13513 = ( GEOMETRIC_REPRESENTATION_CONTEXT(2) 
PARAMETRIC_REPRESENTATION_CONTEXT() REPRESENTATION_CONTEXT('2D SPACE',''
  ) );
#13514 = PCURVE('',#4317,#13515);
#13515 = DEFINITIONAL_REPRESENTATION('',(#13516),#13520);
#13516 = LINE('',#13517,#13518);
#13517 = CARTESIAN_POINT('',(4.026006950819,0.));
#13518 = VECTOR('',#13519,1.);
#13519 = DIRECTION('',(0.,-1.));
#13520 = ( GEOMETRIC_REPRESENTATION_CONTEXT(2) 
PARAMETRIC_REPRESENTATION_CONTEXT() REPRESENTATION_CONTEXT('2D SPACE',''
  ) );
#13521 = ORIENTED_EDGE('',*,*,#4271,.T.);
#13522 = ORIENTED_EDGE('',*,*,#13523,.T.);
#13523 = EDGE_CURVE('',#4274,#13524,#13526,.T.);
#13524 = VERTEX_POINT('',#13525);
#13525 = CARTESIAN_POINT('',(13.482263208944,8.615415182958,5.));
#13526 = SURFACE_CURVE('',#13527,(#13531,#13538),.PCURVE_S1.);
#13527 = LINE('',#13528,#13529);
#13528 = CARTESIAN_POINT('',(13.482263208944,8.615415182958,-0.1));
#13529 = VECTOR('',#13530,1.);
#13530 = DIRECTION('',(0.,0.,1.));
#13531 = PCURVE('',#4290,#13532);
#13532 = DEFINITIONAL_REPRESENTATION('',(#13533),#13537);
#13533 = LINE('',#13534,#13535);
#13534 = CARTESIAN_POINT('',(2.139421646195,0.));
#13535 = VECTOR('',#13536,1.);
#13536 = DIRECTION('',(0.,1.));
#13537 = ( GEOMETRIC_REPRESENTATION_CONTEXT(2) 
PARAMETRIC_REPRESENTATION_CONTEXT() REPRESENTATION_CONTEXT('2D SPACE',''
  ) );
#13538 = PCURVE('',#4493,#13539);
#13539 = DEFINITIONAL_REPRESENTATION('',(#13540),#13544);
#13540 = LINE('',#13541,#13542);
#13541 = CARTESIAN_POINT('',(-0.315936306204,0.));
#13542 = VECTOR('',#13543,1.);
#13543 = DIRECTION('',(-0.,-1.));
#13544 = ( GEOMETRIC_REPRESENTATION_CONTEXT(2) 
PARAMETRIC_REPRESENTATION_CONTEXT() REPRESENTATION_CONTEXT('2D SPACE',''
  ) );
#13545 = ORIENTED_EDGE('',*,*,#13546,.F.);
#13546 = EDGE_CURVE('',#13500,#13524,#13547,.T.);
#13547 = SURFACE_CURVE('',#13548,(#13553,#13560),.PCURVE_S1.);
#13548 = CIRCLE('',#13549,3.);
#13549 = AXIS2_PLACEMENT_3D('',#13550,#13551,#13552);
#13550 = CARTESIAN_POINT('',(10.954323057641,7.000014739901,5.));
#13551 = DIRECTION('',(0.,0.,1.));
#13552 = DIRECTION('',(-8.758053454267E-06,-0.999999999962,0.));
#13553 = PCURVE('',#4290,#13554);
#13554 = DEFINITIONAL_REPRESENTATION('',(#13555),#13559);
#13555 = LINE('',#13556,#13557);
#13556 = CARTESIAN_POINT('',(0.,5.1));
#13557 = VECTOR('',#13558,1.);
#13558 = DIRECTION('',(1.,0.));
#13559 = ( GEOMETRIC_REPRESENTATION_CONTEXT(2) 
PARAMETRIC_REPRESENTATION_CONTEXT() REPRESENTATION_CONTEXT('2D SPACE',''
  ) );
#13560 = PCURVE('',#12697,#13561);
#13561 = DEFINITIONAL_REPRESENTATION('',(#13562),#13566);
#13562 = CIRCLE('',#13563,3.);
#13563 = AXIS2_PLACEMENT_2D('',#13564,#13565);
#13564 = CARTESIAN_POINT('',(10.954323057641,7.000014739901));
#13565 = DIRECTION('',(-8.758053454267E-06,-0.999999999962));
#13566 = ( GEOMETRIC_REPRESENTATION_CONTEXT(2) 
PARAMETRIC_REPRESENTATION_CONTEXT() REPRESENTATION_CONTEXT('2D SPACE',''
  ) );
#13567 = ADVANCED_FACE('',(#13568),#4317,.T.);
#13568 = FACE_BOUND('',#13569,.T.);
#13569 = EDGE_LOOP('',(#13570,#13571,#13594,#13613));
#13570 = ORIENTED_EDGE('',*,*,#4302,.T.);
#13571 = ORIENTED_EDGE('',*,*,#13572,.T.);
#13572 = EDGE_CURVE('',#4303,#13573,#13575,.T.);
#13573 = VERTEX_POINT('',#13574);
#13574 = CARTESIAN_POINT('',(8.485354738281,4.000036363142,5.));
#13575 = SURFACE_CURVE('',#13576,(#13580,#13587),.PCURVE_S1.);
#13576 = LINE('',#13577,#13578);
#13577 = CARTESIAN_POINT('',(8.485354738281,4.000036363142,-0.1));
#13578 = VECTOR('',#13579,1.);
#13579 = DIRECTION('',(0.,0.,1.));
#13580 = PCURVE('',#4317,#13581);
#13581 = DEFINITIONAL_REPRESENTATION('',(#13582),#13586);
#13582 = LINE('',#13583,#13584);
#13583 = CARTESIAN_POINT('',(1.557064905525,0.));
#13584 = VECTOR('',#13585,1.);
#13585 = DIRECTION('',(0.,-1.));
#13586 = ( GEOMETRIC_REPRESENTATION_CONTEXT(2) 
PARAMETRIC_REPRESENTATION_CONTEXT() REPRESENTATION_CONTEXT('2D SPACE',''
  ) );
#13587 = PCURVE('',#4345,#13588);
#13588 = DEFINITIONAL_REPRESENTATION('',(#13589),#13593);
#13589 = LINE('',#13590,#13591);
#13590 = CARTESIAN_POINT('',(-0.,0.));
#13591 = VECTOR('',#13592,1.);
#13592 = DIRECTION('',(-0.,1.));
#13593 = ( GEOMETRIC_REPRESENTATION_CONTEXT(2) 
PARAMETRIC_REPRESENTATION_CONTEXT() REPRESENTATION_CONTEXT('2D SPACE',''
  ) );
#13594 = ORIENTED_EDGE('',*,*,#13595,.F.);
#13595 = EDGE_CURVE('',#13500,#13573,#13596,.T.);
#13596 = SURFACE_CURVE('',#13597,(#13601,#13607),.PCURVE_S1.);
#13597 = LINE('',#13598,#13599);
#13598 = CARTESIAN_POINT('',(3.464162433,4.000080339013,5.));
#13599 = VECTOR('',#13600,1.);
#13600 = DIRECTION('',(-0.999999999962,8.758053454267E-06,0.));
#13601 = PCURVE('',#4317,#13602);
#13602 = DEFINITIONAL_REPRESENTATION('',(#13603),#13606);
#13603 = B_SPLINE_CURVE_WITH_KNOTS('',1,(#13604,#13605),.UNSPECIFIED.,
  .F.,.F.,(2,2),(-7.490134350769,-5.021192305474),
  .PIECEWISE_BEZIER_KNOTS.);
#13604 = CARTESIAN_POINT('',(4.026006950819,-5.1));
#13605 = CARTESIAN_POINT('',(1.557064905525,-5.1));
#13606 = ( GEOMETRIC_REPRESENTATION_CONTEXT(2) 
PARAMETRIC_REPRESENTATION_CONTEXT() REPRESENTATION_CONTEXT('2D SPACE',''
  ) );
#13607 = PCURVE('',#12697,#13608);
#13608 = DEFINITIONAL_REPRESENTATION('',(#13609),#13612);
#13609 = B_SPLINE_CURVE_WITH_KNOTS('',1,(#13610,#13611),.UNSPECIFIED.,
  .F.,.F.,(2,2),(-7.490134350769,-5.021192305474),
  .PIECEWISE_BEZIER_KNOTS.);
#13610 = CARTESIAN_POINT('',(10.954296783481,4.000014740016));
#13611 = CARTESIAN_POINT('',(8.485354738281,4.000036363142));
#13612 = ( GEOMETRIC_REPRESENTATION_CONTEXT(2) 
PARAMETRIC_REPRESENTATION_CONTEXT() REPRESENTATION_CONTEXT('2D SPACE',''
  ) );
#13613 = ORIENTED_EDGE('',*,*,#13499,.F.);
#13614 = ADVANCED_FACE('',(#13615),#4493,.F.);
#13615 = FACE_BOUND('',#13616,.T.);
#13616 = EDGE_LOOP('',(#13617,#13618,#13619,#13647));
#13617 = ORIENTED_EDGE('',*,*,#4474,.T.);
#13618 = ORIENTED_EDGE('',*,*,#13523,.T.);
#13619 = ORIENTED_EDGE('',*,*,#13620,.F.);
#13620 = EDGE_CURVE('',#13621,#13524,#13623,.T.);
#13621 = VERTEX_POINT('',#13622);
#13622 = CARTESIAN_POINT('',(0.72003680812,15.983690030933,5.));
#13623 = SURFACE_CURVE('',#13624,(#13629,#13636),.PCURVE_S1.);
#13624 = CIRCLE('',#13625,15.9999);
#13625 = AXIS2_PLACEMENT_3D('',#13626,#13627,#13628);
#13626 = CARTESIAN_POINT('',(-7.771561172376E-16,0.,5.));
#13627 = DIRECTION('',(0.,-0.,-1.));
#13628 = DIRECTION('',(0.968245836552,0.25,-0.));
#13629 = PCURVE('',#4493,#13630);
#13630 = DEFINITIONAL_REPRESENTATION('',(#13631),#13635);
#13631 = LINE('',#13632,#13633);
#13632 = CARTESIAN_POINT('',(-6.28318530718,-5.1));
#13633 = VECTOR('',#13634,1.);
#13634 = DIRECTION('',(1.,-0.));
#13635 = ( GEOMETRIC_REPRESENTATION_CONTEXT(2) 
PARAMETRIC_REPRESENTATION_CONTEXT() REPRESENTATION_CONTEXT('2D SPACE',''
  ) );
#13636 = PCURVE('',#12697,#13637);
#13637 = DEFINITIONAL_REPRESENTATION('',(#13638),#13646);
#13638 = ( BOUNDED_CURVE() B_SPLINE_CURVE(2,(#13639,#13640,#13641,#13642
    ,#13643,#13644,#13645),.UNSPECIFIED.,.T.,.F.) 
B_SPLINE_CURVE_WITH_KNOTS((1,2,2,2,2,1),(-2.094395102393,0.,
    2.094395102393,4.188790204786,6.28318530718,8.377580409573),
.UNSPECIFIED.) CURVE() GEOMETRIC_REPRESENTATION_ITEM() 
RATIONAL_B_SPLINE_CURVE((1.,0.5,1.,0.5,1.,0.5,1.)) REPRESENTATION_ITEM(
  '') );
#13639 = CARTESIAN_POINT('',(15.491836560246,3.999975));
#13640 = CARTESIAN_POINT('',(22.419996489251,-22.83267302489));
#13641 = CARTESIAN_POINT('',(-4.28183831562,-15.41631151245));
#13642 = CARTESIAN_POINT('',(-30.98367312049,-7.99995));
#13643 = CARTESIAN_POINT('',(-11.20999824462,11.41633651245));
#13644 = CARTESIAN_POINT('',(8.563676631241,30.832623024899));
#13645 = CARTESIAN_POINT('',(15.491836560246,3.999975));
#13646 = ( GEOMETRIC_REPRESENTATION_CONTEXT(2) 
PARAMETRIC_REPRESENTATION_CONTEXT() REPRESENTATION_CONTEXT('2D SPACE',''
  ) );
#13647 = ORIENTED_EDGE('',*,*,#13648,.F.);
#13648 = EDGE_CURVE('',#4446,#13621,#13649,.T.);
#13649 = SURFACE_CURVE('',#13650,(#13654,#13661),.PCURVE_S1.);
#13650 = LINE('',#13651,#13652);
#13651 = CARTESIAN_POINT('',(0.72003680812,15.983690030933,-0.1));
#13652 = VECTOR('',#13653,1.);
#13653 = DIRECTION('',(0.,0.,1.));
#13654 = PCURVE('',#4493,#13655);
#13655 = DEFINITIONAL_REPRESENTATION('',(#13656),#13660);
#13656 = LINE('',#13657,#13658);
#13657 = CARTESIAN_POINT('',(-1.273098285905,0.));
#13658 = VECTOR('',#13659,1.);
#13659 = DIRECTION('',(-0.,-1.));
#13660 = ( GEOMETRIC_REPRESENTATION_CONTEXT(2) 
PARAMETRIC_REPRESENTATION_CONTEXT() REPRESENTATION_CONTEXT('2D SPACE',''
  ) );
#13661 = PCURVE('',#4462,#13662);
#13662 = DEFINITIONAL_REPRESENTATION('',(#13663),#13667);
#13663 = LINE('',#13664,#13665);
#13664 = CARTESIAN_POINT('',(3.700743415417E-17,0.));
#13665 = VECTOR('',#13666,1.);
#13666 = DIRECTION('',(0.,1.));
#13667 = ( GEOMETRIC_REPRESENTATION_CONTEXT(2) 
PARAMETRIC_REPRESENTATION_CONTEXT() REPRESENTATION_CONTEXT('2D SPACE',''
  ) );
#13668 = ADVANCED_FACE('',(#13669),#4345,.F.);
#13669 = FACE_BOUND('',#13670,.T.);
#13670 = EDGE_LOOP('',(#13671,#13672,#13673,#13696));
#13671 = ORIENTED_EDGE('',*,*,#13572,.F.);
#13672 = ORIENTED_EDGE('',*,*,#4328,.F.);
#13673 = ORIENTED_EDGE('',*,*,#13674,.T.);
#13674 = EDGE_CURVE('',#4329,#13675,#13677,.T.);
#13675 = VERTEX_POINT('',#13676);
#13676 = CARTESIAN_POINT('',(6.17120722881,5.090952892051,5.));
#13677 = SURFACE_CURVE('',#13678,(#13682,#13689),.PCURVE_S1.);
#13678 = LINE('',#13679,#13680);
#13679 = CARTESIAN_POINT('',(6.17120722881,5.090952892051,-0.1));
#13680 = VECTOR('',#13681,1.);
#13681 = DIRECTION('',(0.,0.,1.));
#13682 = PCURVE('',#4345,#13683);
#13683 = DEFINITIONAL_REPRESENTATION('',(#13684),#13688);
#13684 = LINE('',#13685,#13686);
#13685 = CARTESIAN_POINT('',(-0.881015782116,0.));
#13686 = VECTOR('',#13687,1.);
#13687 = DIRECTION('',(-0.,1.));
#13688 = ( GEOMETRIC_REPRESENTATION_CONTEXT(2) 
PARAMETRIC_REPRESENTATION_CONTEXT() REPRESENTATION_CONTEXT('2D SPACE',''
  ) );
#13689 = PCURVE('',#4378,#13690);
#13690 = DEFINITIONAL_REPRESENTATION('',(#13691),#13695);
#13691 = LINE('',#13692,#13693);
#13692 = CARTESIAN_POINT('',(0.881024540169,0.));
#13693 = VECTOR('',#13694,1.);
#13694 = DIRECTION('',(-0.,-1.));
#13695 = ( GEOMETRIC_REPRESENTATION_CONTEXT(2) 
PARAMETRIC_REPRESENTATION_CONTEXT() REPRESENTATION_CONTEXT('2D SPACE',''
  ) );
#13696 = ORIENTED_EDGE('',*,*,#13697,.T.);
#13697 = EDGE_CURVE('',#13675,#13573,#13698,.T.);
#13698 = SURFACE_CURVE('',#13699,(#13704,#13711),.PCURVE_S1.);
#13699 = CIRCLE('',#13700,3.);
#13700 = AXIS2_PLACEMENT_3D('',#13701,#13702,#13703);
#13701 = CARTESIAN_POINT('',(8.485381012441,7.000036363027,5.));
#13702 = DIRECTION('',(0.,0.,1.));
#13703 = DIRECTION('',(-8.758053454267E-06,-0.999999999962,0.));
#13704 = PCURVE('',#4345,#13705);
#13705 = DEFINITIONAL_REPRESENTATION('',(#13706),#13710);
#13706 = LINE('',#13707,#13708);
#13707 = CARTESIAN_POINT('',(-6.28318530718,5.1));
#13708 = VECTOR('',#13709,1.);
#13709 = DIRECTION('',(1.,-0.));
#13710 = ( GEOMETRIC_REPRESENTATION_CONTEXT(2) 
PARAMETRIC_REPRESENTATION_CONTEXT() REPRESENTATION_CONTEXT('2D SPACE',''
  ) );
#13711 = PCURVE('',#12697,#13712);
#13712 = DEFINITIONAL_REPRESENTATION('',(#13713),#13717);
#13713 = CIRCLE('',#13714,3.);
#13714 = AXIS2_PLACEMENT_2D('',#13715,#13716);
#13715 = CARTESIAN_POINT('',(8.485381012441,7.000036363027));
#13716 = DIRECTION('',(-8.758053454267E-06,-0.999999999962));
#13717 = ( GEOMETRIC_REPRESENTATION_CONTEXT(2) 
PARAMETRIC_REPRESENTATION_CONTEXT() REPRESENTATION_CONTEXT('2D SPACE',''
  ) );
#13718 = ADVANCED_FACE('',(#13719),#4462,.F.);
#13719 = FACE_BOUND('',#13720,.F.);
#13720 = EDGE_LOOP('',(#13721,#13722,#13723,#13746));
#13721 = ORIENTED_EDGE('',*,*,#13648,.F.);
#13722 = ORIENTED_EDGE('',*,*,#4445,.T.);
#13723 = ORIENTED_EDGE('',*,*,#13724,.T.);
#13724 = EDGE_CURVE('',#4420,#13725,#13727,.T.);
#13725 = VERTEX_POINT('',#13726);
#13726 = CARTESIAN_POINT('',(-2.013034011374,11.486706665097,5.));
#13727 = SURFACE_CURVE('',#13728,(#13732,#13739),.PCURVE_S1.);
#13728 = LINE('',#13729,#13730);
#13729 = CARTESIAN_POINT('',(-2.013034011374,11.486706665097,-0.1));
#13730 = VECTOR('',#13731,1.);
#13731 = DIRECTION('',(0.,0.,1.));
#13732 = PCURVE('',#4462,#13733);
#13733 = DEFINITIONAL_REPRESENTATION('',(#13734),#13738);
#13734 = LINE('',#13735,#13736);
#13735 = CARTESIAN_POINT('',(2.139421646195,0.));
#13736 = VECTOR('',#13737,1.);
#13737 = DIRECTION('',(0.,1.));
#13738 = ( GEOMETRIC_REPRESENTATION_CONTEXT(2) 
PARAMETRIC_REPRESENTATION_CONTEXT() REPRESENTATION_CONTEXT('2D SPACE',''
  ) );
#13739 = PCURVE('',#4434,#13740);
#13740 = DEFINITIONAL_REPRESENTATION('',(#13741),#13745);
#13741 = LINE('',#13742,#13743);
#13742 = CARTESIAN_POINT('',(4.537539776939,0.));
#13743 = VECTOR('',#13744,1.);
#13744 = DIRECTION('',(0.,-1.));
#13745 = ( GEOMETRIC_REPRESENTATION_CONTEXT(2) 
PARAMETRIC_REPRESENTATION_CONTEXT() REPRESENTATION_CONTEXT('2D SPACE',''
  ) );
#13746 = ORIENTED_EDGE('',*,*,#13747,.F.);
#13747 = EDGE_CURVE('',#13621,#13725,#13748,.T.);
#13748 = SURFACE_CURVE('',#13749,(#13754,#13761),.PCURVE_S1.);
#13749 = CIRCLE('',#13750,3.);
#13750 = AXIS2_PLACEMENT_3D('',#13751,#13752,#13753);
#13751 = CARTESIAN_POINT('',(0.585029062799,12.986729419129,5.));
#13752 = DIRECTION('',(0.,0.,1.));
#13753 = DIRECTION('',(4.500258177363E-02,0.998986870601,-0.));
#13754 = PCURVE('',#4462,#13755);
#13755 = DEFINITIONAL_REPRESENTATION('',(#13756),#13760);
#13756 = LINE('',#13757,#13758);
#13757 = CARTESIAN_POINT('',(0.,5.1));
#13758 = VECTOR('',#13759,1.);
#13759 = DIRECTION('',(1.,0.));
#13760 = ( GEOMETRIC_REPRESENTATION_CONTEXT(2) 
PARAMETRIC_REPRESENTATION_CONTEXT() REPRESENTATION_CONTEXT('2D SPACE',''
  ) );
#13761 = PCURVE('',#12697,#13762);
#13762 = DEFINITIONAL_REPRESENTATION('',(#13763),#13767);
#13763 = CIRCLE('',#13764,3.);
#13764 = AXIS2_PLACEMENT_2D('',#13765,#13766);
#13765 = CARTESIAN_POINT('',(0.585029062799,12.986729419129));
#13766 = DIRECTION('',(4.500258177363E-02,0.998986870601));
#13767 = ( GEOMETRIC_REPRESENTATION_CONTEXT(2) 
PARAMETRIC_REPRESENTATION_CONTEXT() REPRESENTATION_CONTEXT('2D SPACE',''
  ) );
#13768 = ADVANCED_FACE('',(#13769),#4378,.T.);
#13769 = FACE_BOUND('',#13770,.T.);
#13770 = EDGE_LOOP('',(#13771,#13772,#13795,#13821));
#13771 = ORIENTED_EDGE('',*,*,#4357,.F.);
#13772 = ORIENTED_EDGE('',*,*,#13773,.T.);
#13773 = EDGE_CURVE('',#4358,#13774,#13776,.T.);
#13774 = VERTEX_POINT('',#13775);
#13775 = CARTESIAN_POINT('',(1.323290919581,7.889898678193,5.));
#13776 = SURFACE_CURVE('',#13777,(#13781,#13788),.PCURVE_S1.);
#13777 = LINE('',#13778,#13779);
#13778 = CARTESIAN_POINT('',(1.323290919581,7.889898678193,-0.1));
#13779 = VECTOR('',#13780,1.);
#13780 = DIRECTION('',(0.,0.,1.));
#13781 = PCURVE('',#4378,#13782);
#13782 = DEFINITIONAL_REPRESENTATION('',(#13783),#13787);
#13783 = LINE('',#13784,#13785);
#13784 = CARTESIAN_POINT('',(0.166173011027,0.));
#13785 = VECTOR('',#13786,1.);
#13786 = DIRECTION('',(-0.,-1.));
#13787 = ( GEOMETRIC_REPRESENTATION_CONTEXT(2) 
PARAMETRIC_REPRESENTATION_CONTEXT() REPRESENTATION_CONTEXT('2D SPACE',''
  ) );
#13788 = PCURVE('',#4407,#13789);
#13789 = DEFINITIONAL_REPRESENTATION('',(#13790),#13794);
#13790 = LINE('',#13791,#13792);
#13791 = CARTESIAN_POINT('',(0.881015782116,0.));
#13792 = VECTOR('',#13793,1.);
#13793 = DIRECTION('',(0.,1.));
#13794 = ( GEOMETRIC_REPRESENTATION_CONTEXT(2) 
PARAMETRIC_REPRESENTATION_CONTEXT() REPRESENTATION_CONTEXT('2D SPACE',''
  ) );
#13795 = ORIENTED_EDGE('',*,*,#13796,.T.);
#13796 = EDGE_CURVE('',#13774,#13675,#13797,.T.);
#13797 = SURFACE_CURVE('',#13798,(#13803,#13810),.PCURVE_S1.);
#13798 = CIRCLE('',#13799,8.0001);
#13799 = AXIS2_PLACEMENT_3D('',#13800,#13801,#13802);
#13800 = CARTESIAN_POINT('',(0.,8.881784197001E-16,5.));
#13801 = DIRECTION('',(0.,0.,-1.));
#13802 = DIRECTION('',(2.832769448824E-16,1.,0.));
#13803 = PCURVE('',#4378,#13804);
#13804 = DEFINITIONAL_REPRESENTATION('',(#13805),#13809);
#13805 = LINE('',#13806,#13807);
#13806 = CARTESIAN_POINT('',(0.,-5.1));
#13807 = VECTOR('',#13808,1.);
#13808 = DIRECTION('',(1.,0.));
#13809 = ( GEOMETRIC_REPRESENTATION_CONTEXT(2) 
PARAMETRIC_REPRESENTATION_CONTEXT() REPRESENTATION_CONTEXT('2D SPACE',''
  ) );
#13810 = PCURVE('',#12697,#13811);
#13811 = DEFINITIONAL_REPRESENTATION('',(#13812),#13820);
#13812 = ( BOUNDED_CURVE() B_SPLINE_CURVE(2,(#13813,#13814,#13815,#13816
    ,#13817,#13818,#13819),.UNSPECIFIED.,.T.,.F.) 
B_SPLINE_CURVE_WITH_KNOTS((1,2,2,2,2,1),(-2.094395102393,0.,
    2.094395102393,4.188790204786,6.28318530718,8.377580409573),
.UNSPECIFIED.) CURVE() GEOMETRIC_REPRESENTATION_ITEM() 
RATIONAL_B_SPLINE_CURVE((1.,0.5,1.,0.5,1.,0.5,1.)) REPRESENTATION_ITEM(
  '') );
#13813 = CARTESIAN_POINT('',(2.722057264267E-15,8.0001));
#13814 = CARTESIAN_POINT('',(13.856579665632,8.0001));
#13815 = CARTESIAN_POINT('',(6.928289832816,-4.00005));
#13816 = CARTESIAN_POINT('',(-2.117215024422E-15,-16.0002));
#13817 = CARTESIAN_POINT('',(-6.928289832816,-4.00005));
#13818 = CARTESIAN_POINT('',(-13.85657966563,8.0001));
#13819 = CARTESIAN_POINT('',(2.722057264267E-15,8.0001));
#13820 = ( GEOMETRIC_REPRESENTATION_CONTEXT(2) 
PARAMETRIC_REPRESENTATION_CONTEXT() REPRESENTATION_CONTEXT('2D SPACE',''
  ) );
#13821 = ORIENTED_EDGE('',*,*,#13674,.F.);
#13822 = ADVANCED_FACE('',(#13823),#4434,.T.);
#13823 = FACE_BOUND('',#13824,.T.);
#13824 = EDGE_LOOP('',(#13825,#13826,#13827,#13848));
#13825 = ORIENTED_EDGE('',*,*,#4419,.T.);
#13826 = ORIENTED_EDGE('',*,*,#13724,.T.);
#13827 = ORIENTED_EDGE('',*,*,#13828,.F.);
#13828 = EDGE_CURVE('',#13829,#13725,#13831,.T.);
#13829 = VERTEX_POINT('',#13830);
#13830 = CARTESIAN_POINT('',(-0.778544262598,9.348550945045,5.));
#13831 = SURFACE_CURVE('',#13832,(#13836,#13842),.PCURVE_S1.);
#13832 = LINE('',#13833,#13834);
#13833 = CARTESIAN_POINT('',(-0.408829183546,8.708198595545,5.));
#13834 = VECTOR('',#13835,1.);
#13835 = DIRECTION('',(-0.500007584678,0.866021024724,0.));
#13836 = PCURVE('',#4434,#13837);
#13837 = DEFINITIONAL_REPRESENTATION('',(#13838),#13841);
#13838 = B_SPLINE_CURVE_WITH_KNOTS('',1,(#13839,#13840),.UNSPECIFIED.,
  .F.,.F.,(2,2),(0.739418941595,3.208360986889),
  .PIECEWISE_BEZIER_KNOTS.);
#13839 = CARTESIAN_POINT('',(7.006481822234,-5.1));
#13840 = CARTESIAN_POINT('',(4.537539776939,-5.1));
#13841 = ( GEOMETRIC_REPRESENTATION_CONTEXT(2) 
PARAMETRIC_REPRESENTATION_CONTEXT() REPRESENTATION_CONTEXT('2D SPACE',''
  ) );
#13842 = PCURVE('',#12697,#13843);
#13843 = DEFINITIONAL_REPRESENTATION('',(#13844),#13847);
#13844 = B_SPLINE_CURVE_WITH_KNOTS('',1,(#13845,#13846),.UNSPECIFIED.,
  .F.,.F.,(2,2),(0.739418941595,3.208360986889),
  .PIECEWISE_BEZIER_KNOTS.);
#13845 = CARTESIAN_POINT('',(-0.778544262598,9.348550945045));
#13846 = CARTESIAN_POINT('',(-2.013034011374,11.486706665097));
#13847 = ( GEOMETRIC_REPRESENTATION_CONTEXT(2) 
PARAMETRIC_REPRESENTATION_CONTEXT() REPRESENTATION_CONTEXT('2D SPACE',''
  ) );
#13848 = ORIENTED_EDGE('',*,*,#13849,.F.);
#13849 = EDGE_CURVE('',#4391,#13829,#13850,.T.);
#13850 = SURFACE_CURVE('',#13851,(#13855,#13862),.PCURVE_S1.);
#13851 = LINE('',#13852,#13853);
#13852 = CARTESIAN_POINT('',(-0.778544262598,9.348550945045,-0.1));
#13853 = VECTOR('',#13854,1.);
#13854 = DIRECTION('',(0.,0.,1.));
#13855 = PCURVE('',#4434,#13856);
#13856 = DEFINITIONAL_REPRESENTATION('',(#13857),#13861);
#13857 = LINE('',#13858,#13859);
#13858 = CARTESIAN_POINT('',(7.006481822234,0.));
#13859 = VECTOR('',#13860,1.);
#13860 = DIRECTION('',(0.,-1.));
#13861 = ( GEOMETRIC_REPRESENTATION_CONTEXT(2) 
PARAMETRIC_REPRESENTATION_CONTEXT() REPRESENTATION_CONTEXT('2D SPACE',''
  ) );
#13862 = PCURVE('',#4407,#13863);
#13863 = DEFINITIONAL_REPRESENTATION('',(#13864),#13868);
#13864 = LINE('',#13865,#13866);
#13865 = CARTESIAN_POINT('',(0.,0.));
#13866 = VECTOR('',#13867,1.);
#13867 = DIRECTION('',(0.,1.));
#13868 = ( GEOMETRIC_REPRESENTATION_CONTEXT(2) 
PARAMETRIC_REPRESENTATION_CONTEXT() REPRESENTATION_CONTEXT('2D SPACE',''
  ) );
#13869 = ADVANCED_FACE('',(#13870),#4407,.F.);
#13870 = FACE_BOUND('',#13871,.F.);
#13871 = EDGE_LOOP('',(#13872,#13873,#13874,#13875));
#13872 = ORIENTED_EDGE('',*,*,#13849,.F.);
#13873 = ORIENTED_EDGE('',*,*,#4390,.T.);
#13874 = ORIENTED_EDGE('',*,*,#13773,.T.);
#13875 = ORIENTED_EDGE('',*,*,#13876,.F.);
#13876 = EDGE_CURVE('',#13829,#13774,#13877,.T.);
#13877 = SURFACE_CURVE('',#13878,(#13883,#13890),.PCURVE_S1.);
#13878 = CIRCLE('',#13879,3.);
#13879 = AXIS2_PLACEMENT_3D('',#13880,#13881,#13882);
#13880 = CARTESIAN_POINT('',(1.819518811576,10.848573699078,5.));
#13881 = DIRECTION('',(0.,0.,1.));
#13882 = DIRECTION('',(-0.866021024724,-0.500007584678,0.));
#13883 = PCURVE('',#4407,#13884);
#13884 = DEFINITIONAL_REPRESENTATION('',(#13885),#13889);
#13885 = LINE('',#13886,#13887);
#13886 = CARTESIAN_POINT('',(0.,5.1));
#13887 = VECTOR('',#13888,1.);
#13888 = DIRECTION('',(1.,0.));
#13889 = ( GEOMETRIC_REPRESENTATION_CONTEXT(2) 
PARAMETRIC_REPRESENTATION_CONTEXT() REPRESENTATION_CONTEXT('2D SPACE',''
  ) );
#13890 = PCURVE('',#12697,#13891);
#13891 = DEFINITIONAL_REPRESENTATION('',(#13892),#13896);
#13892 = CIRCLE('',#13893,3.);
#13893 = AXIS2_PLACEMENT_2D('',#13894,#13895);
#13894 = CARTESIAN_POINT('',(1.819518811576,10.848573699078));
#13895 = DIRECTION('',(-0.866021024724,-0.500007584678));
#13896 = ( GEOMETRIC_REPRESENTATION_CONTEXT(2) 
PARAMETRIC_REPRESENTATION_CONTEXT() REPRESENTATION_CONTEXT('2D SPACE',''
  ) );
#13897 = ADVANCED_FACE('',(#13898),#4708,.T.);
#13898 = FACE_BOUND('',#13899,.T.);
#13899 = EDGE_LOOP('',(#13900,#13901,#13902,#13903));
#13900 = ORIENTED_EDGE('',*,*,#8819,.F.);
#13901 = ORIENTED_EDGE('',*,*,#4685,.F.);
#13902 = ORIENTED_EDGE('',*,*,#8538,.F.);
#13903 = ORIENTED_EDGE('',*,*,#13904,.F.);
#13904 = EDGE_CURVE('',#8820,#8498,#13905,.T.);
#13905 = SURFACE_CURVE('',#13906,(#13912,#13921),.PCURVE_S1.);
#13906 = B_SPLINE_CURVE_WITH_KNOTS('',4,(#13907,#13908,#13909,#13910,
    #13911),.UNSPECIFIED.,.F.,.F.,(5,5),(0.,1.),
  .PIECEWISE_BEZIER_KNOTS.);
#13907 = CARTESIAN_POINT('',(-1.455067955384,20.949578410229,
    7.509950992411));
#13908 = CARTESIAN_POINT('',(-1.265358470978,20.962754899062,
    7.509950911727));
#13909 = CARTESIAN_POINT('',(-1.075489735653,20.973640531853,
    7.509951135845));
#13910 = CARTESIAN_POINT('',(-0.885503627939,20.982233159787,
    7.509950911727));
#13911 = CARTESIAN_POINT('',(-0.695441327,20.988530669912,7.509950992411
    ));
#13912 = PCURVE('',#4708,#13913);
#13913 = DEFINITIONAL_REPRESENTATION('',(#13914),#13920);
#13914 = B_SPLINE_CURVE_WITH_KNOTS('',4,(#13915,#13916,#13917,#13918,
    #13919),.UNSPECIFIED.,.F.,.F.,(5,5),(0.,1.),
  .PIECEWISE_BEZIER_KNOTS.);
#13915 = CARTESIAN_POINT('',(-1.640140677316,-9.950992411107E-03));
#13916 = CARTESIAN_POINT('',(-1.631085149501,-9.950911726874E-03));
#13917 = CARTESIAN_POINT('',(-1.622029615056,-9.951135845153E-03));
#13918 = CARTESIAN_POINT('',(-1.612974090537,-9.950911726907E-03));
#13919 = CARTESIAN_POINT('',(-1.603918559149,-9.950992411101E-03));
#13920 = ( GEOMETRIC_REPRESENTATION_CONTEXT(2) 
PARAMETRIC_REPRESENTATION_CONTEXT() REPRESENTATION_CONTEXT('2D SPACE',''
  ) );
#13921 = PCURVE('',#8514,#13922);
#13922 = DEFINITIONAL_REPRESENTATION('',(#13923),#13929);
#13923 = B_SPLINE_CURVE_WITH_KNOTS('',4,(#13924,#13925,#13926,#13927,
    #13928),.UNSPECIFIED.,.F.,.F.,(5,5),(0.,1.),
  .PIECEWISE_BEZIER_KNOTS.);
#13924 = CARTESIAN_POINT('',(0.938743940638,0.));
#13925 = CARTESIAN_POINT('',(0.938743930552,0.250000028251));
#13926 = CARTESIAN_POINT('',(0.938743958567,0.499999949056));
#13927 = CARTESIAN_POINT('',(0.938743930552,0.750000029069));
#13928 = CARTESIAN_POINT('',(0.938743940638,1.));
#13929 = ( GEOMETRIC_REPRESENTATION_CONTEXT(2) 
PARAMETRIC_REPRESENTATION_CONTEXT() REPRESENTATION_CONTEXT('2D SPACE',''
  ) );
#13930 = ADVANCED_FACE('',(#13931),#4816,.T.);
#13931 = FACE_BOUND('',#13932,.T.);
#13932 = EDGE_LOOP('',(#13933,#13934,#13935,#13936));
#13933 = ORIENTED_EDGE('',*,*,#8277,.F.);
#13934 = ORIENTED_EDGE('',*,*,#4795,.F.);
#13935 = ORIENTED_EDGE('',*,*,#7996,.F.);
#13936 = ORIENTED_EDGE('',*,*,#13937,.F.);
#13937 = EDGE_CURVE('',#8278,#7956,#13938,.T.);
#13938 = SURFACE_CURVE('',#13939,(#13945,#13954),.PCURVE_S1.);
#13939 = B_SPLINE_CURVE_WITH_KNOTS('',4,(#13940,#13941,#13942,#13943,
    #13944),.UNSPECIFIED.,.F.,.F.,(5,5),(0.,1.),
  .PIECEWISE_BEZIER_KNOTS.);
#13940 = CARTESIAN_POINT('',(1.840082437116,20.919277113365,
    7.509950992411));
#13941 = CARTESIAN_POINT('',(2.029517539946,20.902614276048,
    7.509950911727));
#13942 = CARTESIAN_POINT('',(2.218751564212,20.883663874598,
    7.509951135845));
#13943 = CARTESIAN_POINT('',(2.407742810831,20.862430337898,
    7.509950911727));
#13944 = CARTESIAN_POINT('',(2.596450277083,20.838918020852,
    7.509950992411));
#13945 = PCURVE('',#4816,#13946);
#13946 = DEFINITIONAL_REPRESENTATION('',(#13947),#13953);
#13947 = B_SPLINE_CURVE_WITH_KNOTS('',4,(#13948,#13949,#13950,#13951,
    #13952),.UNSPECIFIED.,.F.,.F.,(5,5),(0.,1.),
  .PIECEWISE_BEZIER_KNOTS.);
#13948 = CARTESIAN_POINT('',(-1.483061044636,-9.950992411101E-03));
#13949 = CARTESIAN_POINT('',(-1.474005516822,-9.950911726871E-03));
#13950 = CARTESIAN_POINT('',(-1.464949982376,-9.95113584516E-03));
#13951 = CARTESIAN_POINT('',(-1.455894457857,-9.950911726909E-03));
#13952 = CARTESIAN_POINT('',(-1.446838926469,-9.950992411101E-03));
#13953 = ( GEOMETRIC_REPRESENTATION_CONTEXT(2) 
PARAMETRIC_REPRESENTATION_CONTEXT() REPRESENTATION_CONTEXT('2D SPACE',''
  ) );
#13954 = PCURVE('',#7972,#13955);
#13955 = DEFINITIONAL_REPRESENTATION('',(#13956),#13962);
#13956 = B_SPLINE_CURVE_WITH_KNOTS('',4,(#13957,#13958,#13959,#13960,
    #13961),.UNSPECIFIED.,.F.,.F.,(5,5),(0.,1.),
  .PIECEWISE_BEZIER_KNOTS.);
#13957 = CARTESIAN_POINT('',(0.938743940638,0.));
#13958 = CARTESIAN_POINT('',(0.938743930552,0.250000028251));
#13959 = CARTESIAN_POINT('',(0.938743958567,0.499999949056));
#13960 = CARTESIAN_POINT('',(0.938743930552,0.750000029069));
#13961 = CARTESIAN_POINT('',(0.938743940638,1.));
#13962 = ( GEOMETRIC_REPRESENTATION_CONTEXT(2) 
PARAMETRIC_REPRESENTATION_CONTEXT() REPRESENTATION_CONTEXT('2D SPACE',''
  ) );
#13963 = ADVANCED_FACE('',(#13964),#7028,.T.);
#13964 = FACE_BOUND('',#13965,.T.);
#13965 = EDGE_LOOP('',(#13966,#13967,#13968,#13969));
#13966 = ORIENTED_EDGE('',*,*,#9361,.F.);
#13967 = ORIENTED_EDGE('',*,*,#7007,.F.);
#13968 = ORIENTED_EDGE('',*,*,#9080,.F.);
#13969 = ORIENTED_EDGE('',*,*,#13970,.F.);
#13970 = EDGE_CURVE('',#9362,#9040,#13971,.T.);
#13971 = SURFACE_CURVE('',#13972,(#13978,#13987),.PCURVE_S1.);
#13972 = B_SPLINE_CURVE_WITH_KNOTS('',4,(#13973,#13974,#13975,#13976,
    #13977),.UNSPECIFIED.,.F.,.F.,(5,5),(0.,1.),
  .PIECEWISE_BEZIER_KNOTS.);
#13973 = CARTESIAN_POINT('',(-4.714389745729,20.46403155897,
    7.509950992411));
#13974 = CARTESIAN_POINT('',(-4.529077156862,20.506722925065,
    7.509950911727));
#13975 = CARTESIAN_POINT('',(-4.343248908881,20.547176551691,
    7.509951135845));
#13976 = CARTESIAN_POINT('',(-4.156946028571,20.585383765242,
    7.509950911727));
#13977 = CARTESIAN_POINT('',(-3.970208857574,20.621336036939,
    7.509950992411));
#13978 = PCURVE('',#7028,#13979);
#13979 = DEFINITIONAL_REPRESENTATION('',(#13980),#13986);
#13980 = B_SPLINE_CURVE_WITH_KNOTS('',4,(#13981,#13982,#13983,#13984,
    #13985),.UNSPECIFIED.,.F.,.F.,(5,5),(0.,1.),
  .PIECEWISE_BEZIER_KNOTS.);
#13981 = CARTESIAN_POINT('',(-1.797220309995,-9.950992411097E-03));
#13982 = CARTESIAN_POINT('',(-1.788164782181,-9.950911726863E-03));
#13983 = CARTESIAN_POINT('',(-1.779109247735,-9.951135845159E-03));
#13984 = CARTESIAN_POINT('',(-1.770053723216,-9.950911726904E-03));
#13985 = CARTESIAN_POINT('',(-1.760998191828,-9.950992411099E-03));
#13986 = ( GEOMETRIC_REPRESENTATION_CONTEXT(2) 
PARAMETRIC_REPRESENTATION_CONTEXT() REPRESENTATION_CONTEXT('2D SPACE',''
  ) );
#13987 = PCURVE('',#9056,#13988);
#13988 = DEFINITIONAL_REPRESENTATION('',(#13989),#13995);
#13989 = B_SPLINE_CURVE_WITH_KNOTS('',4,(#13990,#13991,#13992,#13993,
    #13994),.UNSPECIFIED.,.F.,.F.,(5,5),(0.,1.),
  .PIECEWISE_BEZIER_KNOTS.);
#13990 = CARTESIAN_POINT('',(0.938743940638,0.));
#13991 = CARTESIAN_POINT('',(0.938743930552,0.250000028251));
#13992 = CARTESIAN_POINT('',(0.938743958567,0.499999949056));
#13993 = CARTESIAN_POINT('',(0.938743930552,0.750000029069));
#13994 = CARTESIAN_POINT('',(0.938743940638,1.));
#13995 = ( GEOMETRIC_REPRESENTATION_CONTEXT(2) 
PARAMETRIC_REPRESENTATION_CONTEXT() REPRESENTATION_CONTEXT('2D SPACE',''
  ) );
#13996 = ADVANCED_FACE('',(#13997),#6920,.T.);
#13997 = FACE_BOUND('',#13998,.T.);
#13998 = EDGE_LOOP('',(#13999,#14000,#14001,#14002));
#13999 = ORIENTED_EDGE('',*,*,#9903,.F.);
#14000 = ORIENTED_EDGE('',*,*,#6899,.F.);
#14001 = ORIENTED_EDGE('',*,*,#9622,.F.);
#14002 = ORIENTED_EDGE('',*,*,#14003,.F.);
#14003 = EDGE_CURVE('',#9904,#9582,#14004,.T.);
#14004 = SURFACE_CURVE('',#14005,(#14011,#14020),.PCURVE_S1.);
#14005 = B_SPLINE_CURVE_WITH_KNOTS('',4,(#14006,#14007,#14008,#14009,
    #14010),.UNSPECIFIED.,.F.,.F.,(5,5),(0.,1.),
  .PIECEWISE_BEZIER_KNOTS.);
#14006 = CARTESIAN_POINT('',(-7.857627614372,19.474592334501,
    7.509950992411));
#14007 = CARTESIAN_POINT('',(-7.681274932,19.545747374742,7.509950911727
    ));
#14008 = CARTESIAN_POINT('',(-7.504062879555,19.614772892658,
    7.509951135845));
#14009 = CARTESIAN_POINT('',(-7.326030621866,19.681653903426,
    7.509950911727));
#14010 = CARTESIAN_POINT('',(-7.147216669707,19.746375672447,
    7.509950992411));
#14011 = PCURVE('',#6920,#14012);
#14012 = DEFINITIONAL_REPRESENTATION('',(#14013),#14019);
#14013 = B_SPLINE_CURVE_WITH_KNOTS('',4,(#14014,#14015,#14016,#14017,
    #14018),.UNSPECIFIED.,.F.,.F.,(5,5),(0.,1.),
  .PIECEWISE_BEZIER_KNOTS.);
#14014 = CARTESIAN_POINT('',(-1.954299942675,-9.950992411103E-03));
#14015 = CARTESIAN_POINT('',(-1.94524441486,-9.950911726875E-03));
#14016 = CARTESIAN_POINT('',(-1.936188880415,-9.951135845161E-03));
#14017 = CARTESIAN_POINT('',(-1.927133355896,-9.950911726913E-03));
#14018 = CARTESIAN_POINT('',(-1.918077824508,-9.950992411107E-03));
#14019 = ( GEOMETRIC_REPRESENTATION_CONTEXT(2) 
PARAMETRIC_REPRESENTATION_CONTEXT() REPRESENTATION_CONTEXT('2D SPACE',''
  ) );
#14020 = PCURVE('',#9598,#14021);
#14021 = DEFINITIONAL_REPRESENTATION('',(#14022),#14028);
#14022 = B_SPLINE_CURVE_WITH_KNOTS('',4,(#14023,#14024,#14025,#14026,
    #14027),.UNSPECIFIED.,.F.,.F.,(5,5),(0.,1.),
  .PIECEWISE_BEZIER_KNOTS.);
#14023 = CARTESIAN_POINT('',(0.938743940638,0.));
#14024 = CARTESIAN_POINT('',(0.938743930552,0.250000028251));
#14025 = CARTESIAN_POINT('',(0.938743958567,0.499999949056));
#14026 = CARTESIAN_POINT('',(0.938743930552,0.750000029069));
#14027 = CARTESIAN_POINT('',(0.938743940638,1.));
#14028 = ( GEOMETRIC_REPRESENTATION_CONTEXT(2) 
PARAMETRIC_REPRESENTATION_CONTEXT() REPRESENTATION_CONTEXT('2D SPACE',''
  ) );
#14029 = ADVANCED_FACE('',(#14030),#5087,.T.);
#14030 = FACE_BOUND('',#14031,.T.);
#14031 = EDGE_LOOP('',(#14032,#14033,#14034,#14035));
#14032 = ORIENTED_EDGE('',*,*,#7574,.F.);
#14033 = ORIENTED_EDGE('',*,*,#5066,.F.);
#14034 = ORIENTED_EDGE('',*,*,#7299,.F.);
#14035 = ORIENTED_EDGE('',*,*,#14036,.F.);
#14036 = EDGE_CURVE('',#7575,#7259,#14037,.T.);
#14037 = SURFACE_CURVE('',#14038,(#14044,#14053),.PCURVE_S1.);
#14038 = B_SPLINE_CURVE_WITH_KNOTS('',4,(#14039,#14040,#14041,#14042,
    #14043),.UNSPECIFIED.,.F.,.F.,(5,5),(0.,1.),
  .PIECEWISE_BEZIER_KNOTS.);
#14039 = CARTESIAN_POINT('',(20.373873786869,-5.089923893131,
    7.509950992411));
#14040 = CARTESIAN_POINT('',(20.327781917759,-5.274420093454,
    7.509950911727));
#14041 = CARTESIAN_POINT('',(20.279462103843,-5.458359836952,
    7.509951135845));
#14042 = CARTESIAN_POINT('',(20.228925242653,-5.641702630757,
    7.509950911727));
#14043 = CARTESIAN_POINT('',(20.176182049714,-5.824408658219,
    7.509950992411));
#14044 = PCURVE('',#5087,#14045);
#14045 = DEFINITIONAL_REPRESENTATION('',(#14046),#14052);
#14046 = B_SPLINE_CURVE_WITH_KNOTS('',4,(#14047,#14048,#14049,#14050,
    #14051),.UNSPECIFIED.,.F.,.F.,(5,5),(0.,1.),
  .PIECEWISE_BEZIER_KNOTS.);
#14047 = CARTESIAN_POINT('',(-6.038370392342,-9.950992411101E-03));
#14048 = CARTESIAN_POINT('',(-6.029314864527,-9.950911726866E-03));
#14049 = CARTESIAN_POINT('',(-6.020259330082,-9.951135845161E-03));
#14050 = CARTESIAN_POINT('',(-6.011203805562,-9.950911726908E-03));
#14051 = CARTESIAN_POINT('',(-6.002148274174,-9.950992411103E-03));
#14052 = ( GEOMETRIC_REPRESENTATION_CONTEXT(2) 
PARAMETRIC_REPRESENTATION_CONTEXT() REPRESENTATION_CONTEXT('2D SPACE',''
  ) );
#14053 = PCURVE('',#7275,#14054);
#14054 = DEFINITIONAL_REPRESENTATION('',(#14055),#14061);
#14055 = B_SPLINE_CURVE_WITH_KNOTS('',4,(#14056,#14057,#14058,#14059,
    #14060),.UNSPECIFIED.,.F.,.F.,(5,5),(0.,1.),
  .PIECEWISE_BEZIER_KNOTS.);
#14056 = CARTESIAN_POINT('',(0.938743940638,0.));
#14057 = CARTESIAN_POINT('',(0.938743930552,0.250000028251));
#14058 = CARTESIAN_POINT('',(0.938743958567,0.499999949056));
#14059 = CARTESIAN_POINT('',(0.938743930552,0.750000029069));
#14060 = CARTESIAN_POINT('',(0.938743940638,1.));
#14061 = ( GEOMETRIC_REPRESENTATION_CONTEXT(2) 
PARAMETRIC_REPRESENTATION_CONTEXT() REPRESENTATION_CONTEXT('2D SPACE',''
  ) );
#14062 = ADVANCED_FACE('',(#14063),#6812,.T.);
#14063 = FACE_BOUND('',#14064,.T.);
#14064 = EDGE_LOOP('',(#14065,#14066,#14067,#14068));
#14065 = ORIENTED_EDGE('',*,*,#10445,.F.);
#14066 = ORIENTED_EDGE('',*,*,#6791,.F.);
#14067 = ORIENTED_EDGE('',*,*,#10164,.F.);
#14068 = ORIENTED_EDGE('',*,*,#14069,.F.);
#14069 = EDGE_CURVE('',#10446,#10124,#14070,.T.);
#14070 = SURFACE_CURVE('',#14071,(#14077,#14086),.PCURVE_S1.);
#14071 = B_SPLINE_CURVE_WITH_KNOTS('',4,(#14072,#14073,#14074,#14075,
    #14076),.UNSPECIFIED.,.F.,.F.,(5,5),(0.,1.),
  .PIECEWISE_BEZIER_KNOTS.);
#14072 = CARTESIAN_POINT('',(-10.80738461317,18.00562401429,
    7.509950992411));
#14073 = CARTESIAN_POINT('',(-10.64433422562,18.103490655437,
    7.509950911727));
#14074 = CARTESIAN_POINT('',(-10.48010191757,18.199388427308,
    7.509951135845));
#14075 = CARTESIAN_POINT('',(-10.31472402754,18.293296402842,
    7.509950911727));
#14076 = CARTESIAN_POINT('',(-10.14823628717,18.385194004435,
    7.509950992411));
#14077 = PCURVE('',#6812,#14078);
#14078 = DEFINITIONAL_REPRESENTATION('',(#14079),#14085);
#14079 = B_SPLINE_CURVE_WITH_KNOTS('',4,(#14080,#14081,#14082,#14083,
    #14084),.UNSPECIFIED.,.F.,.F.,(5,5),(0.,1.),
  .PIECEWISE_BEZIER_KNOTS.);
#14080 = CARTESIAN_POINT('',(-2.111379575354,-9.950992411102E-03));
#14081 = CARTESIAN_POINT('',(-2.10232404754,-9.95091172687E-03));
#14082 = CARTESIAN_POINT('',(-2.093268513094,-9.951135845164E-03));
#14083 = CARTESIAN_POINT('',(-2.084212988575,-9.950911726908E-03));
#14084 = CARTESIAN_POINT('',(-2.075157457187,-9.9509924111E-03));
#14085 = ( GEOMETRIC_REPRESENTATION_CONTEXT(2) 
PARAMETRIC_REPRESENTATION_CONTEXT() REPRESENTATION_CONTEXT('2D SPACE',''
  ) );
#14086 = PCURVE('',#10140,#14087);
#14087 = DEFINITIONAL_REPRESENTATION('',(#14088),#14094);
#14088 = B_SPLINE_CURVE_WITH_KNOTS('',4,(#14089,#14090,#14091,#14092,
    #14093),.UNSPECIFIED.,.F.,.F.,(5,5),(0.,1.),
  .PIECEWISE_BEZIER_KNOTS.);
#14089 = CARTESIAN_POINT('',(0.938743940638,0.));
#14090 = CARTESIAN_POINT('',(0.938743930552,0.250000028251));
#14091 = CARTESIAN_POINT('',(0.938743958567,0.499999949056));
#14092 = CARTESIAN_POINT('',(0.938743930552,0.750000029069));
#14093 = CARTESIAN_POINT('',(0.938743940638,1.));
#14094 = ( GEOMETRIC_REPRESENTATION_CONTEXT(2) 
PARAMETRIC_REPRESENTATION_CONTEXT() REPRESENTATION_CONTEXT('2D SPACE',''
  ) );
#14095 = ADVANCED_FACE('',(#14096),#5195,.T.);
#14096 = FACE_BOUND('',#14097,.T.);
#14097 = EDGE_LOOP('',(#14098,#14099,#14100,#14101));
#14098 = ORIENTED_EDGE('',*,*,#7334,.F.);
#14099 = ORIENTED_EDGE('',*,*,#5174,.F.);
#14100 = ORIENTED_EDGE('',*,*,#7655,.F.);
#14101 = ORIENTED_EDGE('',*,*,#14102,.F.);
#14102 = EDGE_CURVE('',#7335,#7632,#14103,.T.);
#14103 = SURFACE_CURVE('',#14104,(#14110,#14119),.PCURVE_S1.);
#14104 = B_SPLINE_CURVE_WITH_KNOTS('',4,(#14105,#14106,#14107,#14108,
    #14109),.UNSPECIFIED.,.F.,.F.,(5,5),(0.,1.),
  .PIECEWISE_BEZIER_KNOTS.);
#14105 = CARTESIAN_POINT('',(19.32679807073,-8.214434530408,
    7.509950992411));
#14106 = CARTESIAN_POINT('',(19.252412104615,-8.389448919464,
    7.509950911727));
#14107 = CARTESIAN_POINT('',(19.175912672416,-8.563565175249,
    7.509951135845));
#14108 = CARTESIAN_POINT('',(19.097316871981,-8.736745008177,
    7.509950911727));
#14109 = CARTESIAN_POINT('',(19.016641515603,-8.908950768085,
    7.509950992411));
#14110 = PCURVE('',#5195,#14111);
#14111 = DEFINITIONAL_REPRESENTATION('',(#14112),#14118);
#14112 = B_SPLINE_CURVE_WITH_KNOTS('',4,(#14113,#14114,#14115,#14116,
    #14117),.UNSPECIFIED.,.F.,.F.,(5,5),(0.,1.),
  .PIECEWISE_BEZIER_KNOTS.);
#14113 = CARTESIAN_POINT('',(-5.881290759662,-9.950992411102E-03));
#14114 = CARTESIAN_POINT('',(-5.872235231848,-9.950911726868E-03));
#14115 = CARTESIAN_POINT('',(-5.863179697402,-9.951135845151E-03));
#14116 = CARTESIAN_POINT('',(-5.854124172883,-9.950911726905E-03));
#14117 = CARTESIAN_POINT('',(-5.845068641495,-9.950992411097E-03));
#14118 = ( GEOMETRIC_REPRESENTATION_CONTEXT(2) 
PARAMETRIC_REPRESENTATION_CONTEXT() REPRESENTATION_CONTEXT('2D SPACE',''
  ) );
#14119 = PCURVE('',#7380,#14120);
#14120 = DEFINITIONAL_REPRESENTATION('',(#14121),#14127);
#14121 = B_SPLINE_CURVE_WITH_KNOTS('',4,(#14122,#14123,#14124,#14125,
    #14126),.UNSPECIFIED.,.F.,.F.,(5,5),(0.,1.),
  .PIECEWISE_BEZIER_KNOTS.);
#14122 = CARTESIAN_POINT('',(0.938743940638,0.));
#14123 = CARTESIAN_POINT('',(0.938743930552,0.250000028251));
#14124 = CARTESIAN_POINT('',(0.938743958567,0.499999949056));
#14125 = CARTESIAN_POINT('',(0.938743930552,0.750000029069));
#14126 = CARTESIAN_POINT('',(0.938743940638,1.));
#14127 = ( GEOMETRIC_REPRESENTATION_CONTEXT(2) 
PARAMETRIC_REPRESENTATION_CONTEXT() REPRESENTATION_CONTEXT('2D SPACE',''
  ) );
#14128 = ADVANCED_FACE('',(#14129),#6704,.T.);
#14129 = FACE_BOUND('',#14130,.T.);
#14130 = EDGE_LOOP('',(#14131,#14132,#14133,#14134));
#14131 = ORIENTED_EDGE('',*,*,#10987,.F.);
#14132 = ORIENTED_EDGE('',*,*,#6683,.F.);
#14133 = ORIENTED_EDGE('',*,*,#10706,.F.);
#14134 = ORIENTED_EDGE('',*,*,#14135,.F.);
#14135 = EDGE_CURVE('',#10988,#10666,#14136,.T.);
#14136 = SURFACE_CURVE('',#14137,(#14143,#14152),.PCURVE_S1.);
#14137 = B_SPLINE_CURVE_WITH_KNOTS('',4,(#14138,#14139,#14140,#14141,
    #14142),.UNSPECIFIED.,.F.,.F.,(5,5),(0.,1.),
  .PIECEWISE_BEZIER_KNOTS.);
#14138 = CARTESIAN_POINT('',(-13.49102793515,16.093297473608,
    7.509950992411));
#14139 = CARTESIAN_POINT('',(-13.34529468408,16.215465914154,
    7.509950911727));
#14140 = CARTESIAN_POINT('',(-13.19808606492,16.335874618571,
    7.509951135845));
#14141 = CARTESIAN_POINT('',(-13.04943469506,16.454497232851,
    7.509950911727));
#14142 = CARTESIAN_POINT('',(-12.89937264719,16.571307843074,
    7.509950992411));
#14143 = PCURVE('',#6704,#14144);
#14144 = DEFINITIONAL_REPRESENTATION('',(#14145),#14151);
#14145 = B_SPLINE_CURVE_WITH_KNOTS('',4,(#14146,#14147,#14148,#14149,
    #14150),.UNSPECIFIED.,.F.,.F.,(5,5),(0.,1.),
  .PIECEWISE_BEZIER_KNOTS.);
#14146 = CARTESIAN_POINT('',(-2.268459208034,-9.950992411102E-03));
#14147 = CARTESIAN_POINT('',(-2.259403680219,-9.950911726868E-03));
#14148 = CARTESIAN_POINT('',(-2.250348145774,-9.951135845152E-03));
#14149 = CARTESIAN_POINT('',(-2.241292621254,-9.950911726907E-03));
#14150 = CARTESIAN_POINT('',(-2.232237089867,-9.950992411099E-03));
#14151 = ( GEOMETRIC_REPRESENTATION_CONTEXT(2) 
PARAMETRIC_REPRESENTATION_CONTEXT() REPRESENTATION_CONTEXT('2D SPACE',''
  ) );
#14152 = PCURVE('',#10682,#14153);
#14153 = DEFINITIONAL_REPRESENTATION('',(#14154),#14160);
#14154 = B_SPLINE_CURVE_WITH_KNOTS('',4,(#14155,#14156,#14157,#14158,
    #14159),.UNSPECIFIED.,.F.,.F.,(5,5),(0.,1.),
  .PIECEWISE_BEZIER_KNOTS.);
#14155 = CARTESIAN_POINT('',(0.938743940638,0.));
#14156 = CARTESIAN_POINT('',(0.938743930552,0.250000028251));
#14157 = CARTESIAN_POINT('',(0.938743958567,0.499999949056));
#14158 = CARTESIAN_POINT('',(0.938743930552,0.750000029069));
#14159 = CARTESIAN_POINT('',(0.938743940638,1.));
#14160 = ( GEOMETRIC_REPRESENTATION_CONTEXT(2) 
PARAMETRIC_REPRESENTATION_CONTEXT() REPRESENTATION_CONTEXT('2D SPACE',''
  ) );
#14161 = ADVANCED_FACE('',(#14162),#6596,.T.);
#14162 = FACE_BOUND('',#14163,.T.);
#14163 = EDGE_LOOP('',(#14164,#14165,#14166,#14167));
#14164 = ORIENTED_EDGE('',*,*,#11529,.F.);
#14165 = ORIENTED_EDGE('',*,*,#6575,.F.);
#14166 = ORIENTED_EDGE('',*,*,#11248,.F.);
#14167 = ORIENTED_EDGE('',*,*,#14168,.F.);
#14168 = EDGE_CURVE('',#11530,#11208,#14169,.T.);
#14169 = SURFACE_CURVE('',#14170,(#14176,#14185),.PCURVE_S1.);
#14170 = B_SPLINE_CURVE_WITH_KNOTS('',4,(#14171,#14172,#14173,#14174,
    #14175),.UNSPECIFIED.,.F.,.F.,(5,5),(0.,1.),
  .PIECEWISE_BEZIER_KNOTS.);
#14171 = CARTESIAN_POINT('',(-15.84247737521,13.784700538533,
    7.509950992411));
#14172 = CARTESIAN_POINT('',(-15.71764969693,13.928162586018,
    7.509950911727));
#14173 = CARTESIAN_POINT('',(-15.59108953141,14.070117361065,
    7.509951135845));
#14174 = CARTESIAN_POINT('',(-15.4628249718,14.210533731642,
    7.509950911727));
#14175 = CARTESIAN_POINT('',(-15.33288364207,14.349381085598,
    7.509950992411));
#14176 = PCURVE('',#6596,#14177);
#14177 = DEFINITIONAL_REPRESENTATION('',(#14178),#14184);
#14178 = B_SPLINE_CURVE_WITH_KNOTS('',4,(#14179,#14180,#14181,#14182,
    #14183),.UNSPECIFIED.,.F.,.F.,(5,5),(0.,1.),
  .PIECEWISE_BEZIER_KNOTS.);
#14179 = CARTESIAN_POINT('',(-2.425538840713,-9.950992411103E-03));
#14180 = CARTESIAN_POINT('',(-2.416483312899,-9.950911726878E-03));
#14181 = CARTESIAN_POINT('',(-2.407427778453,-9.951135845163E-03));
#14182 = CARTESIAN_POINT('',(-2.398372253934,-9.950911726912E-03));
#14183 = CARTESIAN_POINT('',(-2.389316722546,-9.950992411105E-03));
#14184 = ( GEOMETRIC_REPRESENTATION_CONTEXT(2) 
PARAMETRIC_REPRESENTATION_CONTEXT() REPRESENTATION_CONTEXT('2D SPACE',''
  ) );
#14185 = PCURVE('',#11224,#14186);
#14186 = DEFINITIONAL_REPRESENTATION('',(#14187),#14193);
#14187 = B_SPLINE_CURVE_WITH_KNOTS('',4,(#14188,#14189,#14190,#14191,
    #14192),.UNSPECIFIED.,.F.,.F.,(5,5),(0.,1.),
  .PIECEWISE_BEZIER_KNOTS.);
#14188 = CARTESIAN_POINT('',(0.938743940638,0.));
#14189 = CARTESIAN_POINT('',(0.938743930552,0.250000028251));
#14190 = CARTESIAN_POINT('',(0.938743958567,0.499999949056));
#14191 = CARTESIAN_POINT('',(0.938743930552,0.750000029069));
#14192 = CARTESIAN_POINT('',(0.938743940638,1.));
#14193 = ( GEOMETRIC_REPRESENTATION_CONTEXT(2) 
PARAMETRIC_REPRESENTATION_CONTEXT() REPRESENTATION_CONTEXT('2D SPACE',''
  ) );
#14194 = ADVANCED_FACE('',(#14195),#5353,.T.);
#14195 = FACE_BOUND('',#14196,.T.);
#14196 = EDGE_LOOP('',(#14197,#14198,#14199,#14200));
#14197 = ORIENTED_EDGE('',*,*,#8031,.F.);
#14198 = ORIENTED_EDGE('',*,*,#5332,.F.);
#14199 = ORIENTED_EDGE('',*,*,#8358,.F.);
#14200 = ORIENTED_EDGE('',*,*,#14201,.F.);
#14201 = EDGE_CURVE('',#8032,#8335,#14202,.T.);
#14202 = SURFACE_CURVE('',#14203,(#14209,#14218),.PCURVE_S1.);
#14203 = B_SPLINE_CURVE_WITH_KNOTS('',4,(#14204,#14205,#14206,#14207,
    #14208),.UNSPECIFIED.,.F.,.F.,(5,5),(0.,1.),
  .PIECEWISE_BEZIER_KNOTS.);
#14204 = CARTESIAN_POINT('',(15.842477375212,-13.78470053853,
    7.509950992411));
#14205 = CARTESIAN_POINT('',(15.717649696938,-13.92816258601,
    7.509950911727));
#14206 = CARTESIAN_POINT('',(15.591089531419,-14.07011736106,
    7.509951135845));
#14207 = CARTESIAN_POINT('',(15.462824971803,-14.21053373164,
    7.509950911727));
#14208 = CARTESIAN_POINT('',(15.332883642075,-14.34938108559,
    7.509950992411));
#14209 = PCURVE('',#5353,#14210);
#14210 = DEFINITIONAL_REPRESENTATION('',(#14211),#14217);
#14211 = B_SPLINE_CURVE_WITH_KNOTS('',4,(#14212,#14213,#14214,#14215,
    #14216),.UNSPECIFIED.,.F.,.F.,(5,5),(0.,1.),
  .PIECEWISE_BEZIER_KNOTS.);
#14212 = CARTESIAN_POINT('',(-5.567131494303,-9.950992411103E-03));
#14213 = CARTESIAN_POINT('',(-5.558075966489,-9.950911726877E-03));
#14214 = CARTESIAN_POINT('',(-5.549020432043,-9.951135845161E-03));
#14215 = CARTESIAN_POINT('',(-5.539964907524,-9.950911726912E-03));
#14216 = CARTESIAN_POINT('',(-5.530909376136,-9.950992411106E-03));
#14217 = ( GEOMETRIC_REPRESENTATION_CONTEXT(2) 
PARAMETRIC_REPRESENTATION_CONTEXT() REPRESENTATION_CONTEXT('2D SPACE',''
  ) );
#14218 = PCURVE('',#8077,#14219);
#14219 = DEFINITIONAL_REPRESENTATION('',(#14220),#14226);
#14220 = B_SPLINE_CURVE_WITH_KNOTS('',4,(#14221,#14222,#14223,#14224,
    #14225),.UNSPECIFIED.,.F.,.F.,(5,5),(0.,1.),
  .PIECEWISE_BEZIER_KNOTS.);
#14221 = CARTESIAN_POINT('',(0.938743940638,0.));
#14222 = CARTESIAN_POINT('',(0.938743930552,0.250000028251));
#14223 = CARTESIAN_POINT('',(0.938743958567,0.499999949056));
#14224 = CARTESIAN_POINT('',(0.938743930552,0.750000029069));
#14225 = CARTESIAN_POINT('',(0.938743940638,1.));
#14226 = ( GEOMETRIC_REPRESENTATION_CONTEXT(2) 
PARAMETRIC_REPRESENTATION_CONTEXT() REPRESENTATION_CONTEXT('2D SPACE',''
  ) );
#14227 = ADVANCED_FACE('',(#14228),#6488,.T.);
#14228 = FACE_BOUND('',#14229,.T.);
#14229 = EDGE_LOOP('',(#14230,#14231,#14232,#14233));
#14230 = ORIENTED_EDGE('',*,*,#11983,.F.);
#14231 = ORIENTED_EDGE('',*,*,#6467,.F.);
#14232 = ORIENTED_EDGE('',*,*,#11810,.F.);
#14233 = ORIENTED_EDGE('',*,*,#14234,.F.);
#14234 = EDGE_CURVE('',#11984,#11770,#14235,.T.);
#14235 = SURFACE_CURVE('',#14236,(#14242,#14251),.PCURVE_S1.);
#14236 = B_SPLINE_CURVE_WITH_KNOTS('',4,(#14237,#14238,#14239,#14240,
    #14241),.UNSPECIFIED.,.F.,.F.,(5,5),(0.,1.),
  .PIECEWISE_BEZIER_KNOTS.);
#14237 = CARTESIAN_POINT('',(-17.80383244412,11.136678527402,
    7.509950992411));
#14238 = CARTESIAN_POINT('',(-17.70298401036,11.297901670093,
    7.509950911727));
#14239 = CARTESIAN_POINT('',(-17.60018862978,11.457907118087,
    7.509951135845));
#14240 = CARTESIAN_POINT('',(-17.49546917955,11.616659727902,
    7.509950911727));
#14241 = CARTESIAN_POINT('',(-17.38884815476,11.774124942929,
    7.509950992411));
#14242 = PCURVE('',#6488,#14243);
#14243 = DEFINITIONAL_REPRESENTATION('',(#14244),#14250);
#14244 = B_SPLINE_CURVE_WITH_KNOTS('',4,(#14245,#14246,#14247,#14248,
    #14249),.UNSPECIFIED.,.F.,.F.,(5,5),(0.,1.),
  .PIECEWISE_BEZIER_KNOTS.);
#14245 = CARTESIAN_POINT('',(-2.582618473393,-9.950992411102E-03));
#14246 = CARTESIAN_POINT('',(-2.573562945578,-9.950911726868E-03));
#14247 = CARTESIAN_POINT('',(-2.564507411133,-9.951135845156E-03));
#14248 = CARTESIAN_POINT('',(-2.555451886613,-9.950911726903E-03));
#14249 = CARTESIAN_POINT('',(-2.546396355226,-9.950992411099E-03));
#14250 = ( GEOMETRIC_REPRESENTATION_CONTEXT(2) 
PARAMETRIC_REPRESENTATION_CONTEXT() REPRESENTATION_CONTEXT('2D SPACE',''
  ) );
#14251 = PCURVE('',#11786,#14252);
#14252 = DEFINITIONAL_REPRESENTATION('',(#14253),#14259);
#14253 = B_SPLINE_CURVE_WITH_KNOTS('',4,(#14254,#14255,#14256,#14257,
    #14258),.UNSPECIFIED.,.F.,.F.,(5,5),(0.,1.),
  .PIECEWISE_BEZIER_KNOTS.);
#14254 = CARTESIAN_POINT('',(0.938743940638,0.));
#14255 = CARTESIAN_POINT('',(0.938743930552,0.250000028251));
#14256 = CARTESIAN_POINT('',(0.938743958567,0.499999949056));
#14257 = CARTESIAN_POINT('',(0.938743930552,0.750000029069));
#14258 = CARTESIAN_POINT('',(0.938743940638,1.));
#14259 = ( GEOMETRIC_REPRESENTATION_CONTEXT(2) 
PARAMETRIC_REPRESENTATION_CONTEXT() REPRESENTATION_CONTEXT('2D SPACE',''
  ) );
#14260 = ADVANCED_FACE('',(#14261),#5461,.T.);
#14261 = FACE_BOUND('',#14262,.T.);
#14262 = EDGE_LOOP('',(#14263,#14264,#14265,#14266));
#14263 = ORIENTED_EDGE('',*,*,#8573,.F.);
#14264 = ORIENTED_EDGE('',*,*,#5440,.F.);
#14265 = ORIENTED_EDGE('',*,*,#8900,.F.);
#14266 = ORIENTED_EDGE('',*,*,#14267,.F.);
#14267 = EDGE_CURVE('',#8574,#8877,#14268,.T.);
#14268 = SURFACE_CURVE('',#14269,(#14275,#14284),.PCURVE_S1.);
#14269 = B_SPLINE_CURVE_WITH_KNOTS('',4,(#14270,#14271,#14272,#14273,
    #14274),.UNSPECIFIED.,.F.,.F.,(5,5),(0.,1.),
  .PIECEWISE_BEZIER_KNOTS.);
#14270 = CARTESIAN_POINT('',(13.491027935154,-16.0932974736,
    7.509950992411));
#14271 = CARTESIAN_POINT('',(13.345294684088,-16.21546591415,
    7.509950911727));
#14272 = CARTESIAN_POINT('',(13.198086064926,-16.33587461857,
    7.509951135845));
#14273 = CARTESIAN_POINT('',(13.049434695068,-16.45449723285,
    7.509950911727));
#14274 = CARTESIAN_POINT('',(12.899372647196,-16.57130784307,
    7.509950992411));
#14275 = PCURVE('',#5461,#14276);
#14276 = DEFINITIONAL_REPRESENTATION('',(#14277),#14283);
#14277 = B_SPLINE_CURVE_WITH_KNOTS('',4,(#14278,#14279,#14280,#14281,
    #14282),.UNSPECIFIED.,.F.,.F.,(5,5),(0.,1.),
  .PIECEWISE_BEZIER_KNOTS.);
#14278 = CARTESIAN_POINT('',(-5.410051861624,-9.950992411099E-03));
#14279 = CARTESIAN_POINT('',(-5.400996333809,-9.950911726871E-03));
#14280 = CARTESIAN_POINT('',(-5.391940799364,-9.951135845157E-03));
#14281 = CARTESIAN_POINT('',(-5.382885274844,-9.950911726904E-03));
#14282 = CARTESIAN_POINT('',(-5.373829743456,-9.950992411097E-03));
#14283 = ( GEOMETRIC_REPRESENTATION_CONTEXT(2) 
PARAMETRIC_REPRESENTATION_CONTEXT() REPRESENTATION_CONTEXT('2D SPACE',''
  ) );
#14284 = PCURVE('',#8619,#14285);
#14285 = DEFINITIONAL_REPRESENTATION('',(#14286),#14292);
#14286 = B_SPLINE_CURVE_WITH_KNOTS('',4,(#14287,#14288,#14289,#14290,
    #14291),.UNSPECIFIED.,.F.,.F.,(5,5),(0.,1.),
  .PIECEWISE_BEZIER_KNOTS.);
#14287 = CARTESIAN_POINT('',(0.938743940638,0.));
#14288 = CARTESIAN_POINT('',(0.938743930552,0.250000028251));
#14289 = CARTESIAN_POINT('',(0.938743958567,0.499999949056));
#14290 = CARTESIAN_POINT('',(0.938743930552,0.750000029069));
#14291 = CARTESIAN_POINT('',(0.938743940638,1.));
#14292 = ( GEOMETRIC_REPRESENTATION_CONTEXT(2) 
PARAMETRIC_REPRESENTATION_CONTEXT() REPRESENTATION_CONTEXT('2D SPACE',''
  ) );
#14293 = ADVANCED_FACE('',(#14294),#6380,.T.);
#14294 = FACE_BOUND('',#14295,.T.);
#14295 = EDGE_LOOP('',(#14296,#14297,#14298,#14299));
#14296 = ORIENTED_EDGE('',*,*,#12494,.F.);
#14297 = ORIENTED_EDGE('',*,*,#6359,.F.);
#14298 = ORIENTED_EDGE('',*,*,#12213,.F.);
#14299 = ORIENTED_EDGE('',*,*,#14300,.F.);
#14300 = EDGE_CURVE('',#12495,#12173,#14301,.T.);
#14301 = SURFACE_CURVE('',#14302,(#14308,#14317),.PCURVE_S1.);
#14302 = B_SPLINE_CURVE_WITH_KNOTS('',4,(#14303,#14304,#14305,#14306,
    #14307),.UNSPECIFIED.,.F.,.F.,(5,5),(0.,1.),
  .PIECEWISE_BEZIER_KNOTS.);
#14303 = CARTESIAN_POINT('',(-19.32679807073,8.214434530408,
    7.509950992411));
#14304 = CARTESIAN_POINT('',(-19.25241210461,8.389448919464,
    7.509950911727));
#14305 = CARTESIAN_POINT('',(-19.17591267241,8.563565175249,
    7.509951135845));
#14306 = CARTESIAN_POINT('',(-19.09731687198,8.736745008177,
    7.509950911727));
#14307 = CARTESIAN_POINT('',(-19.0166415156,8.908950768085,
    7.509950992411));
#14308 = PCURVE('',#6380,#14309);
#14309 = DEFINITIONAL_REPRESENTATION('',(#14310),#14316);
#14310 = B_SPLINE_CURVE_WITH_KNOTS('',4,(#14311,#14312,#14313,#14314,
    #14315),.UNSPECIFIED.,.F.,.F.,(5,5),(0.,1.),
  .PIECEWISE_BEZIER_KNOTS.);
#14311 = CARTESIAN_POINT('',(-2.739698106072,-9.950992411101E-03));
#14312 = CARTESIAN_POINT('',(-2.730642578258,-9.950911726867E-03));
#14313 = CARTESIAN_POINT('',(-2.721587043812,-9.951135845162E-03));
#14314 = CARTESIAN_POINT('',(-2.712531519293,-9.950911726909E-03));
#14315 = CARTESIAN_POINT('',(-2.703475987905,-9.950992411103E-03));
#14316 = ( GEOMETRIC_REPRESENTATION_CONTEXT(2) 
PARAMETRIC_REPRESENTATION_CONTEXT() REPRESENTATION_CONTEXT('2D SPACE',''
  ) );
#14317 = PCURVE('',#12189,#14318);
#14318 = DEFINITIONAL_REPRESENTATION('',(#14319),#14325);
#14319 = B_SPLINE_CURVE_WITH_KNOTS('',4,(#14320,#14321,#14322,#14323,
    #14324),.UNSPECIFIED.,.F.,.F.,(5,5),(0.,1.),
  .PIECEWISE_BEZIER_KNOTS.);
#14320 = CARTESIAN_POINT('',(0.938743940638,0.));
#14321 = CARTESIAN_POINT('',(0.938743930552,0.250000028251));
#14322 = CARTESIAN_POINT('',(0.938743958567,0.499999949056));
#14323 = CARTESIAN_POINT('',(0.938743930552,0.750000029069));
#14324 = CARTESIAN_POINT('',(0.938743940638,1.));
#14325 = ( GEOMETRIC_REPRESENTATION_CONTEXT(2) 
PARAMETRIC_REPRESENTATION_CONTEXT() REPRESENTATION_CONTEXT('2D SPACE',''
  ) );
#14326 = ADVANCED_FACE('',(#14327),#5569,.T.);
#14327 = FACE_BOUND('',#14328,.T.);
#14328 = EDGE_LOOP('',(#14329,#14330,#14331,#14332));
#14329 = ORIENTED_EDGE('',*,*,#9115,.F.);
#14330 = ORIENTED_EDGE('',*,*,#5548,.F.);
#14331 = ORIENTED_EDGE('',*,*,#9442,.F.);
#14332 = ORIENTED_EDGE('',*,*,#14333,.F.);
#14333 = EDGE_CURVE('',#9116,#9419,#14334,.T.);
#14334 = SURFACE_CURVE('',#14335,(#14341,#14350),.PCURVE_S1.);
#14335 = B_SPLINE_CURVE_WITH_KNOTS('',4,(#14336,#14337,#14338,#14339,
    #14340),.UNSPECIFIED.,.F.,.F.,(5,5),(0.,1.),
  .PIECEWISE_BEZIER_KNOTS.);
#14336 = CARTESIAN_POINT('',(10.807384613177,-18.00562401429,
    7.509950992411));
#14337 = CARTESIAN_POINT('',(10.644334225621,-18.10349065543,
    7.509950911727));
#14338 = CARTESIAN_POINT('',(10.480101917578,-18.1993884273,
    7.509951135845));
#14339 = CARTESIAN_POINT('',(10.314724027549,-18.29329640284,
    7.509950911727));
#14340 = CARTESIAN_POINT('',(10.148236287179,-18.38519400443,
    7.509950992411));
#14341 = PCURVE('',#5569,#14342);
#14342 = DEFINITIONAL_REPRESENTATION('',(#14343),#14349);
#14343 = B_SPLINE_CURVE_WITH_KNOTS('',4,(#14344,#14345,#14346,#14347,
    #14348),.UNSPECIFIED.,.F.,.F.,(5,5),(0.,1.),
  .PIECEWISE_BEZIER_KNOTS.);
#14344 = CARTESIAN_POINT('',(-5.252972228944,-9.950992411104E-03));
#14345 = CARTESIAN_POINT('',(-5.24391670113,-9.950911726876E-03));
#14346 = CARTESIAN_POINT('',(-5.234861166684,-9.951135845161E-03));
#14347 = CARTESIAN_POINT('',(-5.225805642165,-9.95091172691E-03));
#14348 = CARTESIAN_POINT('',(-5.216750110777,-9.950992411105E-03));
#14349 = ( GEOMETRIC_REPRESENTATION_CONTEXT(2) 
PARAMETRIC_REPRESENTATION_CONTEXT() REPRESENTATION_CONTEXT('2D SPACE',''
  ) );
#14350 = PCURVE('',#9161,#14351);
#14351 = DEFINITIONAL_REPRESENTATION('',(#14352),#14358);
#14352 = B_SPLINE_CURVE_WITH_KNOTS('',4,(#14353,#14354,#14355,#14356,
    #14357),.UNSPECIFIED.,.F.,.F.,(5,5),(0.,1.),
  .PIECEWISE_BEZIER_KNOTS.);
#14353 = CARTESIAN_POINT('',(0.938743940638,0.));
#14354 = CARTESIAN_POINT('',(0.938743930552,0.250000028251));
#14355 = CARTESIAN_POINT('',(0.938743958567,0.499999949056));
#14356 = CARTESIAN_POINT('',(0.938743930552,0.750000029069));
#14357 = CARTESIAN_POINT('',(0.938743940638,1.));
#14358 = ( GEOMETRIC_REPRESENTATION_CONTEXT(2) 
PARAMETRIC_REPRESENTATION_CONTEXT() REPRESENTATION_CONTEXT('2D SPACE',''
  ) );
#14359 = ADVANCED_FACE('',(#14360),#6272,.T.);
#14360 = FACE_BOUND('',#14361,.T.);
#14361 = EDGE_LOOP('',(#14362,#14363,#14364,#14365));
#14362 = ORIENTED_EDGE('',*,*,#12248,.F.);
#14363 = ORIENTED_EDGE('',*,*,#6251,.F.);
#14364 = ORIENTED_EDGE('',*,*,#12575,.F.);
#14365 = ORIENTED_EDGE('',*,*,#14366,.F.);
#14366 = EDGE_CURVE('',#12249,#12552,#14367,.T.);
#14367 = SURFACE_CURVE('',#14368,(#14374,#14383),.PCURVE_S1.);
#14368 = B_SPLINE_CURVE_WITH_KNOTS('',4,(#14369,#14370,#14371,#14372,
    #14373),.UNSPECIFIED.,.F.,.F.,(5,5),(0.,1.),
  .PIECEWISE_BEZIER_KNOTS.);
#14369 = CARTESIAN_POINT('',(-20.37387378686,5.089923893131,
    7.509950992411));
#14370 = CARTESIAN_POINT('',(-20.32778191775,5.274420093454,
    7.509950911727));
#14371 = CARTESIAN_POINT('',(-20.27946210384,5.458359836952,
    7.509951135845));
#14372 = CARTESIAN_POINT('',(-20.22892524265,5.641702630757,
    7.509950911727));
#14373 = CARTESIAN_POINT('',(-20.17618204971,5.824408658219,
    7.509950992411));
#14374 = PCURVE('',#6272,#14375);
#14375 = DEFINITIONAL_REPRESENTATION('',(#14376),#14382);
#14376 = B_SPLINE_CURVE_WITH_KNOTS('',4,(#14377,#14378,#14379,#14380,
    #14381),.UNSPECIFIED.,.F.,.F.,(5,5),(0.,1.),
  .PIECEWISE_BEZIER_KNOTS.);
#14377 = CARTESIAN_POINT('',(-2.896777738752,-9.950992411101E-03));
#14378 = CARTESIAN_POINT('',(-2.887722210937,-9.950911726866E-03));
#14379 = CARTESIAN_POINT('',(-2.878666676492,-9.951135845163E-03));
#14380 = CARTESIAN_POINT('',(-2.869611151972,-9.950911726906E-03));
#14381 = CARTESIAN_POINT('',(-2.860555620585,-9.950992411099E-03));
#14382 = ( GEOMETRIC_REPRESENTATION_CONTEXT(2) 
PARAMETRIC_REPRESENTATION_CONTEXT() REPRESENTATION_CONTEXT('2D SPACE',''
  ) );
#14383 = PCURVE('',#12294,#14384);
#14384 = DEFINITIONAL_REPRESENTATION('',(#14385),#14391);
#14385 = B_SPLINE_CURVE_WITH_KNOTS('',4,(#14386,#14387,#14388,#14389,
    #14390),.UNSPECIFIED.,.F.,.F.,(5,5),(0.,1.),
  .PIECEWISE_BEZIER_KNOTS.);
#14386 = CARTESIAN_POINT('',(0.938743940638,0.));
#14387 = CARTESIAN_POINT('',(0.938743930552,0.250000028251));
#14388 = CARTESIAN_POINT('',(0.938743958567,0.499999949056));
#14389 = CARTESIAN_POINT('',(0.938743930552,0.750000029069));
#14390 = CARTESIAN_POINT('',(0.938743940638,1.));
#14391 = ( GEOMETRIC_REPRESENTATION_CONTEXT(2) 
PARAMETRIC_REPRESENTATION_CONTEXT() REPRESENTATION_CONTEXT('2D SPACE',''
  ) );
#14392 = ADVANCED_FACE('',(#14393),#5677,.T.);
#14393 = FACE_BOUND('',#14394,.T.);
#14394 = EDGE_LOOP('',(#14395,#14396,#14397,#14398));
#14395 = ORIENTED_EDGE('',*,*,#9657,.F.);
#14396 = ORIENTED_EDGE('',*,*,#5656,.F.);
#14397 = ORIENTED_EDGE('',*,*,#9984,.F.);
#14398 = ORIENTED_EDGE('',*,*,#14399,.F.);
#14399 = EDGE_CURVE('',#9658,#9961,#14400,.T.);
#14400 = SURFACE_CURVE('',#14401,(#14407,#14416),.PCURVE_S1.);
#14401 = B_SPLINE_CURVE_WITH_KNOTS('',4,(#14402,#14403,#14404,#14405,
    #14406),.UNSPECIFIED.,.F.,.F.,(5,5),(0.,1.),
  .PIECEWISE_BEZIER_KNOTS.);
#14402 = CARTESIAN_POINT('',(7.857627614372,-19.4745923345,
    7.509950992411));
#14403 = CARTESIAN_POINT('',(7.681274932,-19.54574737474,7.509950911727)
  );
#14404 = CARTESIAN_POINT('',(7.504062879555,-19.61477289265,
    7.509951135845));
#14405 = CARTESIAN_POINT('',(7.326030621866,-19.68165390342,
    7.509950911727));
#14406 = CARTESIAN_POINT('',(7.147216669707,-19.74637567244,
    7.509950992411));
#14407 = PCURVE('',#5677,#14408);
#14408 = DEFINITIONAL_REPRESENTATION('',(#14409),#14415);
#14409 = B_SPLINE_CURVE_WITH_KNOTS('',4,(#14410,#14411,#14412,#14413,
    #14414),.UNSPECIFIED.,.F.,.F.,(5,5),(0.,1.),
  .PIECEWISE_BEZIER_KNOTS.);
#14410 = CARTESIAN_POINT('',(-5.095892596265,-9.950992411106E-03));
#14411 = CARTESIAN_POINT('',(-5.08683706845,-9.950911726872E-03));
#14412 = CARTESIAN_POINT('',(-5.077781534005,-9.951135845161E-03));
#14413 = CARTESIAN_POINT('',(-5.068726009485,-9.950911726908E-03));
#14414 = CARTESIAN_POINT('',(-5.059670478097,-9.950992411099E-03));
#14415 = ( GEOMETRIC_REPRESENTATION_CONTEXT(2) 
PARAMETRIC_REPRESENTATION_CONTEXT() REPRESENTATION_CONTEXT('2D SPACE',''
  ) );
#14416 = PCURVE('',#9703,#14417);
#14417 = DEFINITIONAL_REPRESENTATION('',(#14418),#14424);
#14418 = B_SPLINE_CURVE_WITH_KNOTS('',4,(#14419,#14420,#14421,#14422,
    #14423),.UNSPECIFIED.,.F.,.F.,(5,5),(0.,1.),
  .PIECEWISE_BEZIER_KNOTS.);
#14419 = CARTESIAN_POINT('',(0.938743940638,0.));
#14420 = CARTESIAN_POINT('',(0.938743930552,0.250000028251));
#14421 = CARTESIAN_POINT('',(0.938743958567,0.499999949056));
#14422 = CARTESIAN_POINT('',(0.938743930552,0.750000029069));
#14423 = CARTESIAN_POINT('',(0.938743940638,1.));
#14424 = ( GEOMETRIC_REPRESENTATION_CONTEXT(2) 
PARAMETRIC_REPRESENTATION_CONTEXT() REPRESENTATION_CONTEXT('2D SPACE',''
  ) );
#14425 = ADVANCED_FACE('',(#14426),#5785,.T.);
#14426 = FACE_BOUND('',#14427,.T.);
#14427 = EDGE_LOOP('',(#14428,#14429,#14430,#14431));
#14428 = ORIENTED_EDGE('',*,*,#10199,.F.);
#14429 = ORIENTED_EDGE('',*,*,#5764,.F.);
#14430 = ORIENTED_EDGE('',*,*,#10526,.F.);
#14431 = ORIENTED_EDGE('',*,*,#14432,.F.);
#14432 = EDGE_CURVE('',#10200,#10503,#14433,.T.);
#14433 = SURFACE_CURVE('',#14434,(#14440,#14449),.PCURVE_S1.);
#14434 = B_SPLINE_CURVE_WITH_KNOTS('',4,(#14435,#14436,#14437,#14438,
    #14439),.UNSPECIFIED.,.F.,.F.,(5,5),(0.,1.),
  .PIECEWISE_BEZIER_KNOTS.);
#14435 = CARTESIAN_POINT('',(4.714389745729,-20.46403155897,
    7.509950992411));
#14436 = CARTESIAN_POINT('',(4.529077156862,-20.50672292506,
    7.509950911727));
#14437 = CARTESIAN_POINT('',(4.343248908881,-20.54717655169,
    7.509951135845));
#14438 = CARTESIAN_POINT('',(4.15694602857,-20.58538376524,
    7.509950911727));
#14439 = CARTESIAN_POINT('',(3.970208857574,-20.62133603693,
    7.509950992411));
#14440 = PCURVE('',#5785,#14441);
#14441 = DEFINITIONAL_REPRESENTATION('',(#14442),#14448);
#14442 = B_SPLINE_CURVE_WITH_KNOTS('',4,(#14443,#14444,#14445,#14446,
    #14447),.UNSPECIFIED.,.F.,.F.,(5,5),(0.,1.),
  .PIECEWISE_BEZIER_KNOTS.);
#14443 = CARTESIAN_POINT('',(-4.938812963585,-9.950992411099E-03));
#14444 = CARTESIAN_POINT('',(-4.929757435771,-9.950911726867E-03));
#14445 = CARTESIAN_POINT('',(-4.920701901325,-9.951135845146E-03));
#14446 = CARTESIAN_POINT('',(-4.911646376806,-9.95091172691E-03));
#14447 = CARTESIAN_POINT('',(-4.902590845418,-9.950992411104E-03));
#14448 = ( GEOMETRIC_REPRESENTATION_CONTEXT(2) 
PARAMETRIC_REPRESENTATION_CONTEXT() REPRESENTATION_CONTEXT('2D SPACE',''
  ) );
#14449 = PCURVE('',#10245,#14450);
#14450 = DEFINITIONAL_REPRESENTATION('',(#14451),#14457);
#14451 = B_SPLINE_CURVE_WITH_KNOTS('',4,(#14452,#14453,#14454,#14455,
    #14456),.UNSPECIFIED.,.F.,.F.,(5,5),(0.,1.),
  .PIECEWISE_BEZIER_KNOTS.);
#14452 = CARTESIAN_POINT('',(0.938743940638,0.));
#14453 = CARTESIAN_POINT('',(0.938743930552,0.250000028251));
#14454 = CARTESIAN_POINT('',(0.938743958567,0.499999949056));
#14455 = CARTESIAN_POINT('',(0.938743930552,0.750000029069));
#14456 = CARTESIAN_POINT('',(0.938743940638,1.));
#14457 = ( GEOMETRIC_REPRESENTATION_CONTEXT(2) 
PARAMETRIC_REPRESENTATION_CONTEXT() REPRESENTATION_CONTEXT('2D SPACE',''
  ) );
#14458 = ADVANCED_FACE('',(#14459),#6001,.T.);
#14459 = FACE_BOUND('',#14460,.T.);
#14460 = EDGE_LOOP('',(#14461,#14462,#14463,#14464));
#14461 = ORIENTED_EDGE('',*,*,#11283,.F.);
#14462 = ORIENTED_EDGE('',*,*,#5980,.F.);
#14463 = ORIENTED_EDGE('',*,*,#11610,.F.);
#14464 = ORIENTED_EDGE('',*,*,#14465,.F.);
#14465 = EDGE_CURVE('',#11284,#11587,#14466,.T.);
#14466 = SURFACE_CURVE('',#14467,(#14473,#14482),.PCURVE_S1.);
#14467 = B_SPLINE_CURVE_WITH_KNOTS('',4,(#14468,#14469,#14470,#14471,
    #14472),.UNSPECIFIED.,.F.,.F.,(5,5),(0.,1.),
  .PIECEWISE_BEZIER_KNOTS.);
#14468 = CARTESIAN_POINT('',(-1.840082437116,-20.91927711336,
    7.509950992411));
#14469 = CARTESIAN_POINT('',(-2.029517539946,-20.90261427604,
    7.509950911727));
#14470 = CARTESIAN_POINT('',(-2.218751564212,-20.88366387459,
    7.509951135845));
#14471 = CARTESIAN_POINT('',(-2.407742810831,-20.86243033789,
    7.509950911727));
#14472 = CARTESIAN_POINT('',(-2.596450277083,-20.83891802085,
    7.509950992411));
#14473 = PCURVE('',#6001,#14474);
#14474 = DEFINITIONAL_REPRESENTATION('',(#14475),#14481);
#14475 = B_SPLINE_CURVE_WITH_KNOTS('',4,(#14476,#14477,#14478,#14479,
    #14480),.UNSPECIFIED.,.F.,.F.,(5,5),(0.,1.),
  .PIECEWISE_BEZIER_KNOTS.);
#14476 = CARTESIAN_POINT('',(-4.624653698226,-9.950992411103E-03));
#14477 = CARTESIAN_POINT('',(-4.615598170412,-9.950911726873E-03));
#14478 = CARTESIAN_POINT('',(-4.606542635966,-9.951135845157E-03));
#14479 = CARTESIAN_POINT('',(-4.597487111447,-9.950911726908E-03));
#14480 = CARTESIAN_POINT('',(-4.588431580059,-9.9509924111E-03));
#14481 = ( GEOMETRIC_REPRESENTATION_CONTEXT(2) 
PARAMETRIC_REPRESENTATION_CONTEXT() REPRESENTATION_CONTEXT('2D SPACE',''
  ) );
#14482 = PCURVE('',#11329,#14483);
#14483 = DEFINITIONAL_REPRESENTATION('',(#14484),#14490);
#14484 = B_SPLINE_CURVE_WITH_KNOTS('',4,(#14485,#14486,#14487,#14488,
    #14489),.UNSPECIFIED.,.F.,.F.,(5,5),(0.,1.),
  .PIECEWISE_BEZIER_KNOTS.);
#14485 = CARTESIAN_POINT('',(0.938743940638,0.));
#14486 = CARTESIAN_POINT('',(0.938743930552,0.250000028251));
#14487 = CARTESIAN_POINT('',(0.938743958567,0.499999949056));
#14488 = CARTESIAN_POINT('',(0.938743930552,0.750000029069));
#14489 = CARTESIAN_POINT('',(0.938743940638,1.));
#14490 = ( GEOMETRIC_REPRESENTATION_CONTEXT(2) 
PARAMETRIC_REPRESENTATION_CONTEXT() REPRESENTATION_CONTEXT('2D SPACE',''
  ) );
#14491 = ADVANCED_FACE('',(#14492),#5893,.T.);
#14492 = FACE_BOUND('',#14493,.T.);
#14493 = EDGE_LOOP('',(#14494,#14495,#14496,#14497));
#14494 = ORIENTED_EDGE('',*,*,#10741,.F.);
#14495 = ORIENTED_EDGE('',*,*,#5872,.F.);
#14496 = ORIENTED_EDGE('',*,*,#11068,.F.);
#14497 = ORIENTED_EDGE('',*,*,#14498,.F.);
#14498 = EDGE_CURVE('',#10742,#11045,#14499,.T.);
#14499 = SURFACE_CURVE('',#14500,(#14506,#14515),.PCURVE_S1.);
#14500 = B_SPLINE_CURVE_WITH_KNOTS('',4,(#14501,#14502,#14503,#14504,
    #14505),.UNSPECIFIED.,.F.,.F.,(5,5),(0.,1.),
  .PIECEWISE_BEZIER_KNOTS.);
#14501 = CARTESIAN_POINT('',(1.455067955384,-20.94957841022,
    7.509950992411));
#14502 = CARTESIAN_POINT('',(1.265358470978,-20.96275489906,
    7.509950911727));
#14503 = CARTESIAN_POINT('',(1.075489735653,-20.97364053185,
    7.509951135845));
#14504 = CARTESIAN_POINT('',(0.885503627939,-20.98223315978,
    7.509950911727));
#14505 = CARTESIAN_POINT('',(0.695441327,-20.98853066991,7.509950992411)
  );
#14506 = PCURVE('',#5893,#14507);
#14507 = DEFINITIONAL_REPRESENTATION('',(#14508),#14514);
#14508 = B_SPLINE_CURVE_WITH_KNOTS('',4,(#14509,#14510,#14511,#14512,
    #14513),.UNSPECIFIED.,.F.,.F.,(5,5),(0.,1.),
  .PIECEWISE_BEZIER_KNOTS.);
#14509 = CARTESIAN_POINT('',(-4.781733330906,-9.950992411108E-03));
#14510 = CARTESIAN_POINT('',(-4.772677803091,-9.950911726875E-03));
#14511 = CARTESIAN_POINT('',(-4.763622268646,-9.95113584515E-03));
#14512 = CARTESIAN_POINT('',(-4.754566744126,-9.950911726912E-03));
#14513 = CARTESIAN_POINT('',(-4.745511212738,-9.950992411107E-03));
#14514 = ( GEOMETRIC_REPRESENTATION_CONTEXT(2) 
PARAMETRIC_REPRESENTATION_CONTEXT() REPRESENTATION_CONTEXT('2D SPACE',''
  ) );
#14515 = PCURVE('',#10787,#14516);
#14516 = DEFINITIONAL_REPRESENTATION('',(#14517),#14523);
#14517 = B_SPLINE_CURVE_WITH_KNOTS('',4,(#14518,#14519,#14520,#14521,
    #14522),.UNSPECIFIED.,.F.,.F.,(5,5),(0.,1.),
  .PIECEWISE_BEZIER_KNOTS.);
#14518 = CARTESIAN_POINT('',(0.938743940638,0.));
#14519 = CARTESIAN_POINT('',(0.938743930552,0.250000028251));
#14520 = CARTESIAN_POINT('',(0.938743958567,0.499999949056));
#14521 = CARTESIAN_POINT('',(0.938743930552,0.750000029069));
#14522 = CARTESIAN_POINT('',(0.938743940638,1.));
#14523 = ( GEOMETRIC_REPRESENTATION_CONTEXT(2) 
PARAMETRIC_REPRESENTATION_CONTEXT() REPRESENTATION_CONTEXT('2D SPACE',''
  ) );
#14524 = ADVANCED_FACE('',(#14525),#7136,.F.);
#14525 = FACE_BOUND('',#14526,.F.);
#14526 = EDGE_LOOP('',(#14527,#14550,#14572,#14573));
#14527 = ORIENTED_EDGE('',*,*,#14528,.T.);
#14528 = EDGE_CURVE('',#7116,#14529,#14531,.T.);
#14529 = VERTEX_POINT('',#14530);
#14530 = CARTESIAN_POINT('',(17.,5.181040781584E-16,5.));
#14531 = SEAM_CURVE('',#14532,(#14536,#14543),.PCURVE_S1.);
#14532 = LINE('',#14533,#14534);
#14533 = CARTESIAN_POINT('',(17.,5.181040781584E-16,8.));
#14534 = VECTOR('',#14535,1.);
#14535 = DIRECTION('',(-0.,0.,-1.));
#14536 = PCURVE('',#7136,#14537);
#14537 = DEFINITIONAL_REPRESENTATION('',(#14538),#14542);
#14538 = LINE('',#14539,#14540);
#14539 = CARTESIAN_POINT('',(0.,0.));
#14540 = VECTOR('',#14541,1.);
#14541 = DIRECTION('',(0.,-1.));
#14542 = ( GEOMETRIC_REPRESENTATION_CONTEXT(2) 
PARAMETRIC_REPRESENTATION_CONTEXT() REPRESENTATION_CONTEXT('2D SPACE',''
  ) );
#14543 = PCURVE('',#7136,#14544);
#14544 = DEFINITIONAL_REPRESENTATION('',(#14545),#14549);
#14545 = LINE('',#14546,#14547);
#14546 = CARTESIAN_POINT('',(6.28318530718,0.));
#14547 = VECTOR('',#14548,1.);
#14548 = DIRECTION('',(0.,-1.));
#14549 = ( GEOMETRIC_REPRESENTATION_CONTEXT(2) 
PARAMETRIC_REPRESENTATION_CONTEXT() REPRESENTATION_CONTEXT('2D SPACE',''
  ) );
#14550 = ORIENTED_EDGE('',*,*,#14551,.T.);
#14551 = EDGE_CURVE('',#14529,#14529,#14552,.T.);
#14552 = SURFACE_CURVE('',#14553,(#14558,#14565),.PCURVE_S1.);
#14553 = CIRCLE('',#14554,17.);
#14554 = AXIS2_PLACEMENT_3D('',#14555,#14556,#14557);
#14555 = CARTESIAN_POINT('',(2.84217094304E-14,5.181040781584E-16,5.));
#14556 = DIRECTION('',(0.,0.,1.));
#14557 = DIRECTION('',(1.,0.,0.));
#14558 = PCURVE('',#7136,#14559);
#14559 = DEFINITIONAL_REPRESENTATION('',(#14560),#14564);
#14560 = LINE('',#14561,#14562);
#14561 = CARTESIAN_POINT('',(0.,-3.));
#14562 = VECTOR('',#14563,1.);
#14563 = DIRECTION('',(1.,0.));
#14564 = ( GEOMETRIC_REPRESENTATION_CONTEXT(2) 
PARAMETRIC_REPRESENTATION_CONTEXT() REPRESENTATION_CONTEXT('2D SPACE',''
  ) );
#14565 = PCURVE('',#12697,#14566);
#14566 = DEFINITIONAL_REPRESENTATION('',(#14567),#14571);
#14567 = CIRCLE('',#14568,17.);
#14568 = AXIS2_PLACEMENT_2D('',#14569,#14570);
#14569 = CARTESIAN_POINT('',(2.887752280792E-14,5.351267492313E-16));
#14570 = DIRECTION('',(1.,0.));
#14571 = ( GEOMETRIC_REPRESENTATION_CONTEXT(2) 
PARAMETRIC_REPRESENTATION_CONTEXT() REPRESENTATION_CONTEXT('2D SPACE',''
  ) );
#14572 = ORIENTED_EDGE('',*,*,#14528,.F.);
#14573 = ORIENTED_EDGE('',*,*,#7115,.F.);
#14574 = ADVANCED_FACE('',(#14575),#7275,.T.);
#14575 = FACE_BOUND('',#14576,.T.);
#14576 = EDGE_LOOP('',(#14577,#14578,#14579,#14580));
#14577 = ORIENTED_EDGE('',*,*,#7434,.F.);
#14578 = ORIENTED_EDGE('',*,*,#7603,.T.);
#14579 = ORIENTED_EDGE('',*,*,#14036,.T.);
#14580 = ORIENTED_EDGE('',*,*,#7258,.F.);
#14581 = ADVANCED_FACE('',(#14582),#7380,.T.);
#14582 = FACE_BOUND('',#14583,.T.);
#14583 = EDGE_LOOP('',(#14584,#14585,#14586,#14587));
#14584 = ORIENTED_EDGE('',*,*,#7520,.F.);
#14585 = ORIENTED_EDGE('',*,*,#7363,.T.);
#14586 = ORIENTED_EDGE('',*,*,#14102,.T.);
#14587 = ORIENTED_EDGE('',*,*,#7631,.F.);
#14588 = ADVANCED_FACE('',(#14589),#7972,.T.);
#14589 = FACE_BOUND('',#14590,.T.);
#14590 = EDGE_LOOP('',(#14591,#14592,#14593,#14594));
#14591 = ORIENTED_EDGE('',*,*,#8162,.F.);
#14592 = ORIENTED_EDGE('',*,*,#8306,.T.);
#14593 = ORIENTED_EDGE('',*,*,#13937,.T.);
#14594 = ORIENTED_EDGE('',*,*,#7955,.F.);
#14595 = ADVANCED_FACE('',(#14596),#8077,.T.);
#14596 = FACE_BOUND('',#14597,.T.);
#14597 = EDGE_LOOP('',(#14598,#14599,#14600,#14601));
#14598 = ORIENTED_EDGE('',*,*,#8223,.F.);
#14599 = ORIENTED_EDGE('',*,*,#8060,.T.);
#14600 = ORIENTED_EDGE('',*,*,#14201,.T.);
#14601 = ORIENTED_EDGE('',*,*,#8334,.F.);
#14602 = ADVANCED_FACE('',(#14603),#8514,.T.);
#14603 = FACE_BOUND('',#14604,.T.);
#14604 = EDGE_LOOP('',(#14605,#14606,#14607,#14608));
#14605 = ORIENTED_EDGE('',*,*,#8704,.F.);
#14606 = ORIENTED_EDGE('',*,*,#8848,.T.);
#14607 = ORIENTED_EDGE('',*,*,#13904,.T.);
#14608 = ORIENTED_EDGE('',*,*,#8497,.F.);
#14609 = ADVANCED_FACE('',(#14610),#8619,.T.);
#14610 = FACE_BOUND('',#14611,.T.);
#14611 = EDGE_LOOP('',(#14612,#14613,#14614,#14615));
#14612 = ORIENTED_EDGE('',*,*,#8765,.F.);
#14613 = ORIENTED_EDGE('',*,*,#8602,.T.);
#14614 = ORIENTED_EDGE('',*,*,#14267,.T.);
#14615 = ORIENTED_EDGE('',*,*,#8876,.F.);
#14616 = ADVANCED_FACE('',(#14617),#9056,.T.);
#14617 = FACE_BOUND('',#14618,.T.);
#14618 = EDGE_LOOP('',(#14619,#14620,#14621,#14622));
#14619 = ORIENTED_EDGE('',*,*,#9246,.F.);
#14620 = ORIENTED_EDGE('',*,*,#9390,.T.);
#14621 = ORIENTED_EDGE('',*,*,#13970,.T.);
#14622 = ORIENTED_EDGE('',*,*,#9039,.F.);
#14623 = ADVANCED_FACE('',(#14624),#9161,.T.);
#14624 = FACE_BOUND('',#14625,.T.);
#14625 = EDGE_LOOP('',(#14626,#14627,#14628,#14629));
#14626 = ORIENTED_EDGE('',*,*,#9307,.F.);
#14627 = ORIENTED_EDGE('',*,*,#9144,.T.);
#14628 = ORIENTED_EDGE('',*,*,#14333,.T.);
#14629 = ORIENTED_EDGE('',*,*,#9418,.F.);
#14630 = ADVANCED_FACE('',(#14631),#9598,.T.);
#14631 = FACE_BOUND('',#14632,.T.);
#14632 = EDGE_LOOP('',(#14633,#14634,#14635,#14636));
#14633 = ORIENTED_EDGE('',*,*,#9788,.F.);
#14634 = ORIENTED_EDGE('',*,*,#9932,.T.);
#14635 = ORIENTED_EDGE('',*,*,#14003,.T.);
#14636 = ORIENTED_EDGE('',*,*,#9581,.F.);
#14637 = ADVANCED_FACE('',(#14638),#9703,.T.);
#14638 = FACE_BOUND('',#14639,.T.);
#14639 = EDGE_LOOP('',(#14640,#14641,#14642,#14643));
#14640 = ORIENTED_EDGE('',*,*,#9849,.F.);
#14641 = ORIENTED_EDGE('',*,*,#9686,.T.);
#14642 = ORIENTED_EDGE('',*,*,#14399,.T.);
#14643 = ORIENTED_EDGE('',*,*,#9960,.F.);
#14644 = ADVANCED_FACE('',(#14645),#10140,.T.);
#14645 = FACE_BOUND('',#14646,.T.);
#14646 = EDGE_LOOP('',(#14647,#14648,#14649,#14650));
#14647 = ORIENTED_EDGE('',*,*,#10330,.F.);
#14648 = ORIENTED_EDGE('',*,*,#10474,.T.);
#14649 = ORIENTED_EDGE('',*,*,#14069,.T.);
#14650 = ORIENTED_EDGE('',*,*,#10123,.F.);
#14651 = ADVANCED_FACE('',(#14652),#10245,.T.);
#14652 = FACE_BOUND('',#14653,.T.);
#14653 = EDGE_LOOP('',(#14654,#14655,#14656,#14657));
#14654 = ORIENTED_EDGE('',*,*,#10391,.F.);
#14655 = ORIENTED_EDGE('',*,*,#10228,.T.);
#14656 = ORIENTED_EDGE('',*,*,#14432,.T.);
#14657 = ORIENTED_EDGE('',*,*,#10502,.F.);
#14658 = ADVANCED_FACE('',(#14659),#10682,.T.);
#14659 = FACE_BOUND('',#14660,.T.);
#14660 = EDGE_LOOP('',(#14661,#14662,#14663,#14664));
#14661 = ORIENTED_EDGE('',*,*,#10872,.F.);
#14662 = ORIENTED_EDGE('',*,*,#11016,.T.);
#14663 = ORIENTED_EDGE('',*,*,#14135,.T.);
#14664 = ORIENTED_EDGE('',*,*,#10665,.F.);
#14665 = ADVANCED_FACE('',(#14666),#10787,.T.);
#14666 = FACE_BOUND('',#14667,.T.);
#14667 = EDGE_LOOP('',(#14668,#14669,#14670,#14671));
#14668 = ORIENTED_EDGE('',*,*,#10933,.F.);
#14669 = ORIENTED_EDGE('',*,*,#10770,.T.);
#14670 = ORIENTED_EDGE('',*,*,#14498,.T.);
#14671 = ORIENTED_EDGE('',*,*,#11044,.F.);
#14672 = ADVANCED_FACE('',(#14673),#11224,.T.);
#14673 = FACE_BOUND('',#14674,.T.);
#14674 = EDGE_LOOP('',(#14675,#14676,#14677,#14678));
#14675 = ORIENTED_EDGE('',*,*,#11414,.F.);
#14676 = ORIENTED_EDGE('',*,*,#11558,.T.);
#14677 = ORIENTED_EDGE('',*,*,#14168,.T.);
#14678 = ORIENTED_EDGE('',*,*,#11207,.F.);
#14679 = ADVANCED_FACE('',(#14680),#11329,.T.);
#14680 = FACE_BOUND('',#14681,.T.);
#14681 = EDGE_LOOP('',(#14682,#14683,#14684,#14685));
#14682 = ORIENTED_EDGE('',*,*,#11475,.F.);
#14683 = ORIENTED_EDGE('',*,*,#11312,.T.);
#14684 = ORIENTED_EDGE('',*,*,#14465,.T.);
#14685 = ORIENTED_EDGE('',*,*,#11586,.F.);
#14686 = ADVANCED_FACE('',(#14687),#11786,.T.);
#14687 = FACE_BOUND('',#14688,.T.);
#14688 = EDGE_LOOP('',(#14689,#14690,#14691,#14692));
#14689 = ORIENTED_EDGE('',*,*,#11901,.F.);
#14690 = ORIENTED_EDGE('',*,*,#12012,.T.);
#14691 = ORIENTED_EDGE('',*,*,#14234,.T.);
#14692 = ORIENTED_EDGE('',*,*,#11769,.F.);
#14693 = ADVANCED_FACE('',(#14694),#12189,.T.);
#14694 = FACE_BOUND('',#14695,.T.);
#14695 = EDGE_LOOP('',(#14696,#14697,#14698,#14699));
#14696 = ORIENTED_EDGE('',*,*,#12379,.F.);
#14697 = ORIENTED_EDGE('',*,*,#12523,.T.);
#14698 = ORIENTED_EDGE('',*,*,#14300,.T.);
#14699 = ORIENTED_EDGE('',*,*,#12172,.F.);
#14700 = ADVANCED_FACE('',(#14701),#12294,.T.);
#14701 = FACE_BOUND('',#14702,.T.);
#14702 = EDGE_LOOP('',(#14703,#14704,#14705,#14706));
#14703 = ORIENTED_EDGE('',*,*,#12440,.F.);
#14704 = ORIENTED_EDGE('',*,*,#12277,.T.);
#14705 = ORIENTED_EDGE('',*,*,#14366,.T.);
#14706 = ORIENTED_EDGE('',*,*,#12551,.F.);
#14707 = ADVANCED_FACE('',(#14708,#14711,#14721,#14731,#14762),#12697,
  .T.);
#14708 = FACE_BOUND('',#14709,.T.);
#14709 = EDGE_LOOP('',(#14710));
#14710 = ORIENTED_EDGE('',*,*,#14551,.T.);
#14711 = FACE_BOUND('',#14712,.T.);
#14712 = EDGE_LOOP('',(#14713,#14714,#14715,#14716,#14717,#14718,#14719,
    #14720));
#14713 = ORIENTED_EDGE('',*,*,#12682,.F.);
#14714 = ORIENTED_EDGE('',*,*,#13019,.T.);
#14715 = ORIENTED_EDGE('',*,*,#12992,.F.);
#14716 = ORIENTED_EDGE('',*,*,#12915,.F.);
#14717 = ORIENTED_EDGE('',*,*,#12888,.F.);
#14718 = ORIENTED_EDGE('',*,*,#12818,.T.);
#14719 = ORIENTED_EDGE('',*,*,#12791,.F.);
#14720 = ORIENTED_EDGE('',*,*,#12714,.T.);
#14721 = FACE_BOUND('',#14722,.T.);
#14722 = EDGE_LOOP('',(#14723,#14724,#14725,#14726,#14727,#14728,#14729,
    #14730));
#14723 = ORIENTED_EDGE('',*,*,#13144,.F.);
#14724 = ORIENTED_EDGE('',*,*,#13193,.T.);
#14725 = ORIENTED_EDGE('',*,*,#13295,.F.);
#14726 = ORIENTED_EDGE('',*,*,#13394,.F.);
#14727 = ORIENTED_EDGE('',*,*,#13474,.F.);
#14728 = ORIENTED_EDGE('',*,*,#13426,.T.);
#14729 = ORIENTED_EDGE('',*,*,#13345,.F.);
#14730 = ORIENTED_EDGE('',*,*,#13218,.T.);
#14731 = FACE_BOUND('',#14732,.T.);
#14732 = EDGE_LOOP('',(#14733));
#14733 = ORIENTED_EDGE('',*,*,#14734,.F.);
#14734 = EDGE_CURVE('',#14735,#14735,#14737,.T.);
#14735 = VERTEX_POINT('',#14736);
#14736 = CARTESIAN_POINT('',(6.,0.,5.));
#14737 = SURFACE_CURVE('',#14738,(#14743,#14750),.PCURVE_S1.);
#14738 = CIRCLE('',#14739,6.);
#14739 = AXIS2_PLACEMENT_3D('',#14740,#14741,#14742);
#14740 = CARTESIAN_POINT('',(0.,0.,5.));
#14741 = DIRECTION('',(0.,0.,1.));
#14742 = DIRECTION('',(1.,0.,0.));
#14743 = PCURVE('',#12697,#14744);
#14744 = DEFINITIONAL_REPRESENTATION('',(#14745),#14749);
#14745 = CIRCLE('',#14746,6.);
#14746 = AXIS2_PLACEMENT_2D('',#14747,#14748);
#14747 = CARTESIAN_POINT('',(4.558133775131E-16,1.70226710729E-17));
#14748 = DIRECTION('',(1.,0.));
#14749 = ( GEOMETRIC_REPRESENTATION_CONTEXT(2) 
PARAMETRIC_REPRESENTATION_CONTEXT() REPRESENTATION_CONTEXT('2D SPACE',''
  ) );
#14750 = PCURVE('',#14751,#14756);
#14751 = CYLINDRICAL_SURFACE('',#14752,6.);
#14752 = AXIS2_PLACEMENT_3D('',#14753,#14754,#14755);
#14753 = CARTESIAN_POINT('',(0.,0.,8.));
#14754 = DIRECTION('',(0.,0.,1.));
#14755 = DIRECTION('',(1.,0.,0.));
#14756 = DEFINITIONAL_REPRESENTATION('',(#14757),#14761);
#14757 = LINE('',#14758,#14759);
#14758 = CARTESIAN_POINT('',(0.,-3.));
#14759 = VECTOR('',#14760,1.);
#14760 = DIRECTION('',(1.,0.));
#14761 = ( GEOMETRIC_REPRESENTATION_CONTEXT(2) 
PARAMETRIC_REPRESENTATION_CONTEXT() REPRESENTATION_CONTEXT('2D SPACE',''
  ) );
#14762 = FACE_BOUND('',#14763,.T.);
#14763 = EDGE_LOOP('',(#14764,#14765,#14766,#14767,#14768,#14769,#14770,
    #14771));
#14764 = ORIENTED_EDGE('',*,*,#13546,.F.);
#14765 = ORIENTED_EDGE('',*,*,#13595,.T.);
#14766 = ORIENTED_EDGE('',*,*,#13697,.F.);
#14767 = ORIENTED_EDGE('',*,*,#13796,.F.);
#14768 = ORIENTED_EDGE('',*,*,#13876,.F.);
#14769 = ORIENTED_EDGE('',*,*,#13828,.T.);
#14770 = ORIENTED_EDGE('',*,*,#13747,.F.);
#14771 = ORIENTED_EDGE('',*,*,#13620,.T.);
#14772 = ADVANCED_FACE('',(#14773,#14776),#13081,.T.);
#14773 = FACE_BOUND('',#14774,.T.);
#14774 = EDGE_LOOP('',(#14775));
#14775 = ORIENTED_EDGE('',*,*,#13066,.F.);
#14776 = FACE_BOUND('',#14777,.T.);
#14777 = EDGE_LOOP('',(#14778));
#14778 = ORIENTED_EDGE('',*,*,#14779,.T.);
#14779 = EDGE_CURVE('',#14780,#14780,#14782,.T.);
#14780 = VERTEX_POINT('',#14781);
#14781 = CARTESIAN_POINT('',(6.,6.661338147751E-17,13.));
#14782 = SURFACE_CURVE('',#14783,(#14788,#14795),.PCURVE_S1.);
#14783 = CIRCLE('',#14784,6.);
#14784 = AXIS2_PLACEMENT_3D('',#14785,#14786,#14787);
#14785 = CARTESIAN_POINT('',(1.1857181903E-14,6.661338147751E-17,13.));
#14786 = DIRECTION('',(0.,0.,1.));
#14787 = DIRECTION('',(1.,0.,0.));
#14788 = PCURVE('',#13081,#14789);
#14789 = DEFINITIONAL_REPRESENTATION('',(#14790),#14794);
#14790 = CIRCLE('',#14791,6.);
#14791 = AXIS2_PLACEMENT_2D('',#14792,#14793);
#14792 = CARTESIAN_POINT('',(1.199392591625E-14,3.192326815251E-17));
#14793 = DIRECTION('',(1.,0.));
#14794 = ( GEOMETRIC_REPRESENTATION_CONTEXT(2) 
PARAMETRIC_REPRESENTATION_CONTEXT() REPRESENTATION_CONTEXT('2D SPACE',''
  ) );
#14795 = PCURVE('',#14751,#14796);
#14796 = DEFINITIONAL_REPRESENTATION('',(#14797),#14801);
#14797 = LINE('',#14798,#14799);
#14798 = CARTESIAN_POINT('',(-0.,5.));
#14799 = VECTOR('',#14800,1.);
#14800 = DIRECTION('',(1.,-0.));
#14801 = ( GEOMETRIC_REPRESENTATION_CONTEXT(2) 
PARAMETRIC_REPRESENTATION_CONTEXT() REPRESENTATION_CONTEXT('2D SPACE',''
  ) );
#14802 = ADVANCED_FACE('',(#14803),#14751,.T.);
#14803 = FACE_BOUND('',#14804,.T.);
#14804 = EDGE_LOOP('',(#14805,#14806,#14827,#14828));
#14805 = ORIENTED_EDGE('',*,*,#14734,.T.);
#14806 = ORIENTED_EDGE('',*,*,#14807,.T.);
#14807 = EDGE_CURVE('',#14735,#14780,#14808,.T.);
#14808 = SEAM_CURVE('',#14809,(#14813,#14820),.PCURVE_S1.);
#14809 = LINE('',#14810,#14811);
#14810 = CARTESIAN_POINT('',(6.,0.,5.));
#14811 = VECTOR('',#14812,1.);
#14812 = DIRECTION('',(1.443289932013E-15,8.326672684689E-18,1.));
#14813 = PCURVE('',#14751,#14814);
#14814 = DEFINITIONAL_REPRESENTATION('',(#14815),#14819);
#14815 = LINE('',#14816,#14817);
#14816 = CARTESIAN_POINT('',(6.28318530718,-3.));
#14817 = VECTOR('',#14818,1.);
#14818 = DIRECTION('',(-0.,1.));
#14819 = ( GEOMETRIC_REPRESENTATION_CONTEXT(2) 
PARAMETRIC_REPRESENTATION_CONTEXT() REPRESENTATION_CONTEXT('2D SPACE',''
  ) );
#14820 = PCURVE('',#14751,#14821);
#14821 = DEFINITIONAL_REPRESENTATION('',(#14822),#14826);
#14822 = LINE('',#14823,#14824);
#14823 = CARTESIAN_POINT('',(0.,-3.));
#14824 = VECTOR('',#14825,1.);
#14825 = DIRECTION('',(-0.,1.));
#14826 = ( GEOMETRIC_REPRESENTATION_CONTEXT(2) 
PARAMETRIC_REPRESENTATION_CONTEXT() REPRESENTATION_CONTEXT('2D SPACE',''
  ) );
#14827 = ORIENTED_EDGE('',*,*,#14779,.F.);
#14828 = ORIENTED_EDGE('',*,*,#14807,.F.);
#14829 = ( GEOMETRIC_REPRESENTATION_CONTEXT(3) 
GLOBAL_UNCERTAINTY_ASSIGNED_CONTEXT((#14833)) 
GLOBAL_UNIT_ASSIGNED_CONTEXT((#14830,#14831,#14832)) 
REPRESENTATION_CONTEXT('Context #1',
  '3D Context with UNIT and UNCERTAINTY') );
#14830 = ( LENGTH_UNIT() NAMED_UNIT(*) SI_UNIT(.MILLI.,.METRE.) );
#14831 = ( NAMED_UNIT(*) PLANE_ANGLE_UNIT() SI_UNIT($,.RADIAN.) );
#14832 = ( NAMED_UNIT(*) SI_UNIT($,.STERADIAN.) SOLID_ANGLE_UNIT() );
#14833 = UNCERTAINTY_MEASURE_WITH_UNIT(LENGTH_MEASURE(2.E-06),#14830,
  'distance_accuracy_value','confusion accuracy');
#14834 = PRODUCT_RELATED_PRODUCT_CATEGORY('part',$,(#7));
ENDSEC;
END-ISO-10303-21;
