ISO-10303-21;
HEADER;
FILE_DESCRIPTION(('Open CASCADE Model'),'2;1');
FILE_NAME('Open CASCADE Shape Model','2026-09-14T09:30:41',('Author'),(
    'Open CASCADE'),'Open CASCADE STEP processor 7.9','Open CASCADE 7.9'
  ,'Unknown');
FILE_SCHEMA(('AUTOMOTIVE_DESIGN { 1 0 10303 214 1 1 1 1 }'));
ENDSEC;
DATA;
#1 = APPLICATION_PROTOCOL_DEFINITION('international standard',
  'automotive_design',2000,#2);
#2 = APPLICATION_CONTEXT(
  'core data for automotive mechanical design processes');
#3 = SHAPE_DEFINITION_REPRESENTATION(#4,#10);
#4 = PRODUCT_DEFINITION_SHAPE('','',#5);
#5 = PRODUCT_DEFINITION('design','',#6,#9);
#6 = PRODUCT_DEFINITION_FORMATION('','',#7);
#7 = PRODUCT('Open CASCADE STEP translator 7.9 1',
  'Open CASCADE STEP translator 7.9 1','',(#8));
#8 = PRODUCT_CONTEXT('',#2,'mechanical');
#9 = PRODUCT_DEFINITION_CONTEXT('part definition',#2,'design');
#10 = ADVANCED_BREP_SHAPE_REPRESENTATION('',(#11,#15),#2170);
#11 = AXIS2_PLACEMENT_3D('',#12,#13,#14);
#12 = CARTESIAN_POINT('',(0.,0.,0.));
#13 = DIRECTION('',(0.,0.,1.));
#14 = DIRECTION('',(1.,0.,-0.));
#15 = MANIFOLD_SOLID_BREP('',#16);
#16 = CLOSED_SHELL('',(#17,#1016,#1186,#1628,#1920,#2070,#2104,#2157,
    #2163));
#17 = ADVANCED_FACE('',(#18),#31,.T.);
#18 = FACE_BOUND('',#19,.T.);
#19 = EDGE_LOOP('',(#20,#279,#618,#679));
#20 = ORIENTED_EDGE('',*,*,#21,.F.);
#21 = EDGE_CURVE('',#22,#24,#26,.T.);
#22 = VERTEX_POINT('',#23);
#23 = CARTESIAN_POINT('',(3.000000024426,8.752135238765E-08,
    0.437499997494));
#24 = VERTEX_POINT('',#25);
#25 = CARTESIAN_POINT('',(3.000000024426,8.752135238839E-08,
    0.562499997494));
#26 = SURFACE_CURVE('',#27,(#30,#250),.PCURVE_S1.);
#27 = B_SPLINE_CURVE_WITH_KNOTS('',1,(#28,#29),.UNSPECIFIED.,.F.,.F.,(2,
    2),(0.,1.),.PIECEWISE_BEZIER_KNOTS.);
#28 = CARTESIAN_POINT('',(3.,-3.996802888651E-15,0.4375));
#29 = CARTESIAN_POINT('',(3.,-3.996802888651E-15,0.5625));
#30 = PCURVE('',#31,#244);
#31 = B_SPLINE_SURFACE_WITH_KNOTS('',14,1,(
    (#32,#33)
    ,(#34,#35)
    ,(#36,#37)
    ,(#38,#39)
    ,(#40,#41)
    ,(#42,#43)
    ,(#44,#45)
    ,(#46,#47)
    ,(#48,#49)
    ,(#50,#51)
    ,(#52,#53)
    ,(#54,#55)
    ,(#56,#57)
    ,(#58,#59)
    ,(#60,#61)
    ,(#62,#63)
    ,(#64,#65)
    ,(#66,#67)
    ,(#68,#69)
    ,(#70,#71)
    ,(#72,#73)
    ,(#74,#75)
    ,(#76,#77)
    ,(#78,#79)
    ,(#80,#81)
    ,(#82,#83)
    ,(#84,#85)
    ,(#86,#87)
    ,(#88,#89)
    ,(#90,#91)
    ,(#92,#93)
    ,(#94,#95)
    ,(#96,#97)
    ,(#98,#99)
    ,(#100,#101)
    ,(#102,#103)
    ,(#104,#105)
    ,(#106,#107)
    ,(#108,#109)
    ,(#110,#111)
    ,(#112,#113)
    ,(#114,#115)
    ,(#116,#117)
    ,(#118,#119)
    ,(#120,#121)
    ,(#122,#123)
    ,(#124,#125)
    ,(#126,#127)
    ,(#128,#129)
    ,(#130,#131)
    ,(#132,#133)
    ,(#134,#135)
    ,(#136,#137)
    ,(#138,#139)
    ,(#140,#141)
    ,(#142,#143)
    ,(#144,#145)
    ,(#146,#147)
    ,(#148,#149)
    ,(#150,#151)
    ,(#152,#153)
    ,(#154,#155)
    ,(#156,#157)
    ,(#158,#159)
    ,(#160,#161)
    ,(#162,#163)
    ,(#164,#165)
    ,(#166,#167)
    ,(#168,#169)
    ,(#170,#171)
    ,(#172,#173)
    ,(#174,#175)
    ,(#176,#177)
    ,(#178,#179)
    ,(#180,#181)
    ,(#182,#183)
    ,(#184,#185)
    ,(#186,#187)
    ,(#188,#189)
    ,(#190,#191)
    ,(#192,#193)
    ,(#194,#195)
    ,(#196,#197)
    ,(#198,#199)
    ,(#200,#201)
    ,(#202,#203)
    ,(#204,#205)
    ,(#206,#207)
    ,(#208,#209)
    ,(#210,#211)
    ,(#212,#213)
    ,(#214,#215)
    ,(#216,#217)
    ,(#218,#219)
    ,(#220,#221)
    ,(#222,#223)
    ,(#224,#225)
    ,(#226,#227)
    ,(#228,#229)
    ,(#230,#231)
    ,(#232,#233)
    ,(#234,#235)
    ,(#236,#237)
    ,(#238,#239)
    ,(#240,#241)
    ,(#242,#243
  )),.UNSPECIFIED.,.F.,.F.,.F.,(15,13,13,13,13,13,13,13,15),(2,2),(0.,
    7.952831414459,15.905662828918,23.858494243377,31.811325657837,
    39.764157072296,47.716988486755,55.669819901214,63.622651315673),(0.
    ,1.),.UNSPECIFIED.);
#32 = CARTESIAN_POINT('',(3.,-3.996802888651E-15,0.4375));
#33 = CARTESIAN_POINT('',(3.,-3.996802888651E-15,0.5625));
#34 = CARTESIAN_POINT('',(3.,1.682996064424,0.526785714286));
#35 = CARTESIAN_POINT('',(3.,1.682996064424,0.651785714286));
#36 = CARTESIAN_POINT('',(1.98320624476,3.366002637209,0.616071428572));
#37 = CARTESIAN_POINT('',(1.98320624476,3.366002637209,0.741071428572));
#38 = CARTESIAN_POINT('',(-5.029694706404E-02,4.383412355259,
    0.705357142855));
#39 = CARTESIAN_POINT('',(-5.029694706404E-02,4.383412355259,
    0.830357142855));
#40 = CARTESIAN_POINT('',(-2.625818979931,4.070459960371,0.794642857147)
  );
#41 = CARTESIAN_POINT('',(-2.625818979931,4.070459960371,0.919642857147)
  );
#42 = CARTESIAN_POINT('',(-4.791383712911,2.132012430727,0.883928571422)
  );
#43 = CARTESIAN_POINT('',(-4.791383712911,2.132012430727,1.008928571422)
  );
#44 = CARTESIAN_POINT('',(-5.451469191624,-0.969469884529,0.973214285724
    ));
#45 = CARTESIAN_POINT('',(-5.451469191624,-0.969469884529,1.098214285724
    ));
#46 = CARTESIAN_POINT('',(-4.00007301527,-4.000073015241,1.062499999989)
  );
#47 = CARTESIAN_POINT('',(-4.00007301527,-4.000073015241,1.187499999989)
  );
#48 = CARTESIAN_POINT('',(-0.969469884503,-5.451469191649,1.151785714296
    ));
#49 = CARTESIAN_POINT('',(-0.969469884503,-5.451469191649,1.276785714296
    ));
#50 = CARTESIAN_POINT('',(2.132012430707,-4.791383712893,1.241071428563)
  );
#51 = CARTESIAN_POINT('',(2.132012430707,-4.791383712893,1.366071428563)
  );
#52 = CARTESIAN_POINT('',(4.070459960384,-2.625818979941,1.330357142862)
  );
#53 = CARTESIAN_POINT('',(4.070459960384,-2.625818979941,1.455357142862)
  );
#54 = CARTESIAN_POINT('',(4.383412355252,-5.029694706013E-02,
    1.419642857141));
#55 = CARTESIAN_POINT('',(4.383412355252,-5.029694706013E-02,
    1.544642857141));
#56 = CARTESIAN_POINT('',(3.366002637211,1.983206244759,1.508928571429)
  );
#57 = CARTESIAN_POINT('',(3.366002637211,1.983206244759,1.633928571429)
  );
#58 = CARTESIAN_POINT('',(1.682996064423,3.,1.598214285714));
#59 = CARTESIAN_POINT('',(1.682996064423,3.,1.723214285714));
#60 = CARTESIAN_POINT('',(-1.682996064423,3.,1.776785714285));
#61 = CARTESIAN_POINT('',(-1.682996064423,3.,1.901785714285));
#62 = CARTESIAN_POINT('',(-3.366002637213,1.983206244758,1.866071428573)
  );
#63 = CARTESIAN_POINT('',(-3.366002637213,1.983206244758,1.991071428573)
  );
#64 = CARTESIAN_POINT('',(-4.383412355246,-5.029694705707E-02,
    1.955357142852));
#65 = CARTESIAN_POINT('',(-4.383412355246,-5.029694705707E-02,
    2.080357142852));
#66 = CARTESIAN_POINT('',(-4.070459960397,-2.625818979947,2.044642857154
    ));
#67 = CARTESIAN_POINT('',(-4.070459960397,-2.625818979947,2.169642857154
    ));
#68 = CARTESIAN_POINT('',(-2.132012430685,-4.791383712884,2.133928571411
    ));
#69 = CARTESIAN_POINT('',(-2.132012430685,-4.791383712884,2.258928571411
    ));
#70 = CARTESIAN_POINT('',(0.969469884471,-5.451469191661,2.223214285735)
  );
#71 = CARTESIAN_POINT('',(0.969469884471,-5.451469191661,2.348214285735)
  );
#72 = CARTESIAN_POINT('',(4.000073015306,-4.000073015226,2.31249999998)
  );
#73 = CARTESIAN_POINT('',(4.000073015306,-4.000073015226,2.43749999998)
  );
#74 = CARTESIAN_POINT('',(5.451469191589,-0.969469884546,2.401785714301)
  );
#75 = CARTESIAN_POINT('',(5.451469191589,-0.969469884546,2.526785714301)
  );
#76 = CARTESIAN_POINT('',(4.791383712939,2.132012430742,2.491071428562)
  );
#77 = CARTESIAN_POINT('',(4.791383712939,2.132012430742,2.616071428562)
  );
#78 = CARTESIAN_POINT('',(2.625818979913,4.070459960361,2.580357142861)
  );
#79 = CARTESIAN_POINT('',(2.625818979913,4.070459960361,2.705357142861)
  );
#80 = CARTESIAN_POINT('',(5.029694707345E-02,4.383412355263,
    2.669642857142));
#81 = CARTESIAN_POINT('',(5.029694707345E-02,4.383412355263,
    2.794642857142));
#82 = CARTESIAN_POINT('',(-1.983206244763,3.366002637207,2.758928571428)
  );
#83 = CARTESIAN_POINT('',(-1.983206244763,3.366002637207,2.883928571428)
  );
#84 = CARTESIAN_POINT('',(-2.999999999999,1.682996064424,2.848214285715)
  );
#85 = CARTESIAN_POINT('',(-2.999999999999,1.682996064424,2.973214285715)
  );
#86 = CARTESIAN_POINT('',(-3.000000000001,-1.682996064424,3.026785714285
    ));
#87 = CARTESIAN_POINT('',(-3.000000000001,-1.682996064424,3.151785714285
    ));
#88 = CARTESIAN_POINT('',(-1.983206244757,-3.366002637208,3.116071428576
    ));
#89 = CARTESIAN_POINT('',(-1.983206244757,-3.366002637208,3.241071428576
    ));
#90 = CARTESIAN_POINT('',(5.029694705438E-02,-4.383412355259,
    3.205357142843));
#91 = CARTESIAN_POINT('',(5.029694705438E-02,-4.383412355259,
    3.330357142843));
#92 = CARTESIAN_POINT('',(2.625818979954,-4.070459960373,3.294642857175)
  );
#93 = CARTESIAN_POINT('',(2.625818979954,-4.070459960373,3.419642857175)
  );
#94 = CARTESIAN_POINT('',(4.791383712871,-2.132012430719,3.383928571373)
  );
#95 = CARTESIAN_POINT('',(4.791383712871,-2.132012430719,3.508928571373)
  );
#96 = CARTESIAN_POINT('',(5.45146919168,0.969469884511,3.473214285789));
#97 = CARTESIAN_POINT('',(5.45146919168,0.969469884511,3.598214285789));
#98 = CARTESIAN_POINT('',(4.000073015204,4.00007301527,3.562499999918));
#99 = CARTESIAN_POINT('',(4.000073015204,4.00007301527,3.687499999918));
#100 = CARTESIAN_POINT('',(0.969469884564,5.451469191614,3.651785714358)
  );
#101 = CARTESIAN_POINT('',(0.969469884564,5.451469191614,3.776785714358)
  );
#102 = CARTESIAN_POINT('',(-2.132012430754,4.791383712924,3.741071428519
    ));
#103 = CARTESIAN_POINT('',(-2.132012430754,4.791383712924,3.866071428519
    ));
#104 = CARTESIAN_POINT('',(-4.070459960355,2.62581897992,3.830357142888)
  );
#105 = CARTESIAN_POINT('',(-4.070459960355,2.62581897992,3.955357142888)
  );
#106 = CARTESIAN_POINT('',(-4.383412355266,5.029694707133E-02,
    3.919642857129));
#107 = CARTESIAN_POINT('',(-4.383412355266,5.029694707133E-02,
    4.044642857129));
#108 = CARTESIAN_POINT('',(-3.366002637207,-1.983206244763,
    4.008928571433));
#109 = CARTESIAN_POINT('',(-3.366002637207,-1.983206244763,
    4.133928571433));
#110 = CARTESIAN_POINT('',(-1.682996064424,-3.,4.098214285714));
#111 = CARTESIAN_POINT('',(-1.682996064424,-3.,4.223214285714));
#112 = CARTESIAN_POINT('',(1.682996064424,-3.000000000001,4.276785714285
    ));
#113 = CARTESIAN_POINT('',(1.682996064424,-3.000000000001,4.401785714285
    ));
#114 = CARTESIAN_POINT('',(3.36600263721,-1.983206244757,4.366071428576)
  );
#115 = CARTESIAN_POINT('',(3.36600263721,-1.983206244757,4.491071428576)
  );
#116 = CARTESIAN_POINT('',(4.383412355256,5.029694705757E-02,
    4.455357142842));
#117 = CARTESIAN_POINT('',(4.383412355256,5.029694705757E-02,
    4.580357142842));
#118 = CARTESIAN_POINT('',(4.070459960376,2.625818979944,4.544642857176)
  );
#119 = CARTESIAN_POINT('',(4.070459960376,2.625818979944,4.669642857176)
  );
#120 = CARTESIAN_POINT('',(2.132012430719,4.791383712892,4.633928571376)
  );
#121 = CARTESIAN_POINT('',(2.132012430719,4.791383712892,4.758928571376)
  );
#122 = CARTESIAN_POINT('',(-0.969469884519,5.451469191648,4.723214285781
    ));
#123 = CARTESIAN_POINT('',(-0.969469884519,5.451469191648,4.848214285781
    ));
#124 = CARTESIAN_POINT('',(-4.000073015252,4.000073015244,4.812499999932
    ));
#125 = CARTESIAN_POINT('',(-4.000073015252,4.000073015244,4.937499999932
    ));
#126 = CARTESIAN_POINT('',(-5.451469191638,0.969469884527,4.901785714342
    ));
#127 = CARTESIAN_POINT('',(-5.451469191638,0.969469884527,5.026785714342
    ));
#128 = CARTESIAN_POINT('',(-4.791383712903,-2.132012430726,
    4.991071428533));
#129 = CARTESIAN_POINT('',(-4.791383712903,-2.132012430726,
    5.116071428533));
#130 = CARTESIAN_POINT('',(-2.625818979935,-4.070459960371,
    5.080357142878));
#131 = CARTESIAN_POINT('',(-2.625818979935,-4.070459960371,
    5.205357142878));
#132 = CARTESIAN_POINT('',(-5.029694706356E-02,-4.383412355258,
    5.169642857134));
#133 = CARTESIAN_POINT('',(-5.029694706356E-02,-4.383412355258,
    5.294642857134));
#134 = CARTESIAN_POINT('',(1.98320624476,-3.366002637209,5.258928571432)
  );
#135 = CARTESIAN_POINT('',(1.98320624476,-3.366002637209,5.383928571432)
  );
#136 = CARTESIAN_POINT('',(3.,-1.682996064423,5.348214285714));
#137 = CARTESIAN_POINT('',(3.,-1.682996064423,5.473214285714));
#138 = CARTESIAN_POINT('',(2.999999999999,1.682996064423,5.526785714287)
  );
#139 = CARTESIAN_POINT('',(2.999999999999,1.682996064423,5.651785714287)
  );
#140 = CARTESIAN_POINT('',(1.983206244765,3.366002637213,5.616071428567)
  );
#141 = CARTESIAN_POINT('',(1.983206244765,3.366002637213,5.741071428567)
  );
#142 = CARTESIAN_POINT('',(-5.029694708035E-02,4.383412355245,
    5.705357142871));
#143 = CARTESIAN_POINT('',(-5.029694708035E-02,4.383412355245,
    5.830357142871));
#144 = CARTESIAN_POINT('',(-2.625818979897,4.070459960402,5.794642857112
    ));
#145 = CARTESIAN_POINT('',(-2.625818979897,4.070459960402,5.919642857112
    ));
#146 = CARTESIAN_POINT('',(-4.791383712966,2.132012430672,5.883928571481
    ));
#147 = CARTESIAN_POINT('',(-4.791383712966,2.132012430672,6.008928571481
    ));
#148 = CARTESIAN_POINT('',(-5.451469191556,-0.969469884449,
    5.973214285642));
#149 = CARTESIAN_POINT('',(-5.451469191556,-0.969469884449,
    6.098214285642));
#150 = CARTESIAN_POINT('',(-4.000073015337,-4.000073015334,
    6.062500000081));
#151 = CARTESIAN_POINT('',(-4.000073015337,-4.000073015334,
    6.187500000081));
#152 = CARTESIAN_POINT('',(-0.969469884447,-5.451469191562,
    6.151785714213));
#153 = CARTESIAN_POINT('',(-0.969469884447,-5.451469191562,
    6.276785714213));
#154 = CARTESIAN_POINT('',(2.132012430667,-4.791383712957,6.241071428625
    ));
#155 = CARTESIAN_POINT('',(2.132012430667,-4.791383712957,6.366071428625
    ));
#156 = CARTESIAN_POINT('',(4.070459960407,-2.625818979905,6.330357142825
    ));
#157 = CARTESIAN_POINT('',(4.070459960407,-2.625818979905,6.455357142825
    ));
#158 = CARTESIAN_POINT('',(4.383412355241,-5.029694707532E-02,
    6.419642857158));
#159 = CARTESIAN_POINT('',(4.383412355241,-5.029694707532E-02,
    6.544642857158));
#160 = CARTESIAN_POINT('',(3.366002637215,1.983206244763,6.508928571424)
  );
#161 = CARTESIAN_POINT('',(3.366002637215,1.983206244763,6.633928571424)
  );
#162 = CARTESIAN_POINT('',(1.682996064422,3.,6.598214285715));
#163 = CARTESIAN_POINT('',(1.682996064422,3.,6.723214285715));
#164 = CARTESIAN_POINT('',(-1.682996064422,3.,6.776785714286));
#165 = CARTESIAN_POINT('',(-1.682996064422,3.,6.901785714286));
#166 = CARTESIAN_POINT('',(-3.366002637215,1.983206244764,6.86607142857)
  );
#167 = CARTESIAN_POINT('',(-3.366002637215,1.983206244764,6.99107142857)
  );
#168 = CARTESIAN_POINT('',(-4.383412355239,-5.029694707664E-02,
    6.955357142864));
#169 = CARTESIAN_POINT('',(-4.383412355239,-5.029694707664E-02,
    7.080357142864));
#170 = CARTESIAN_POINT('',(-4.070459960415,-2.625818979904,
    7.044642857124));
#171 = CARTESIAN_POINT('',(-4.070459960415,-2.625818979904,
    7.169642857124));
#172 = CARTESIAN_POINT('',(-2.132012430649,-4.791383712955,
    7.133928571466));
#173 = CARTESIAN_POINT('',(-2.132012430649,-4.791383712955,
    7.258928571466));
#174 = CARTESIAN_POINT('',(0.969469884418,-5.451469191567,7.22321428566)
  );
#175 = CARTESIAN_POINT('',(0.969469884418,-5.451469191567,7.34821428566)
  );
#176 = CARTESIAN_POINT('',(4.000073015365,-4.000073015327,7.312500000062
    ));
#177 = CARTESIAN_POINT('',(4.000073015365,-4.000073015327,7.437500000062
    ));
#178 = CARTESIAN_POINT('',(5.45146919154,-0.969469884454,7.401785714229)
  );
#179 = CARTESIAN_POINT('',(5.45146919154,-0.969469884454,7.526785714229)
  );
#180 = CARTESIAN_POINT('',(4.791383712969,2.132012430673,7.491071428613)
  );
#181 = CARTESIAN_POINT('',(4.791383712969,2.132012430673,7.616071428613)
  );
#182 = CARTESIAN_POINT('',(2.6258189799,4.070459960403,7.580357142834));
#183 = CARTESIAN_POINT('',(2.6258189799,4.070459960403,7.705357142834));
#184 = CARTESIAN_POINT('',(5.029694707719E-02,4.383412355243,
    7.669642857153));
#185 = CARTESIAN_POINT('',(5.029694707719E-02,4.383412355243,
    7.794642857153));
#186 = CARTESIAN_POINT('',(-1.983206244764,3.366002637214,7.758928571426
    ));
#187 = CARTESIAN_POINT('',(-1.983206244764,3.366002637214,7.883928571426
    ));
#188 = CARTESIAN_POINT('',(-3.,1.682996064423,7.848214285714));
#189 = CARTESIAN_POINT('',(-3.,1.682996064423,7.973214285714));
#190 = CARTESIAN_POINT('',(-3.,-1.682996064423,8.026785714286));
#191 = CARTESIAN_POINT('',(-3.,-1.682996064423,8.151785714286));
#192 = CARTESIAN_POINT('',(-1.983206244762,-3.366002637213,
    8.116071428568));
#193 = CARTESIAN_POINT('',(-1.983206244762,-3.366002637213,
    8.241071428568));
#194 = CARTESIAN_POINT('',(5.029694707239E-02,-4.383412355247,
    8.205357142869));
#195 = CARTESIAN_POINT('',(5.029694707239E-02,-4.383412355247,
    8.330357142869));
#196 = CARTESIAN_POINT('',(2.625818979915,-4.070459960396,8.294642857117
    ));
#197 = CARTESIAN_POINT('',(2.625818979915,-4.070459960396,8.419642857117
    ));
#198 = CARTESIAN_POINT('',(4.791383712935,-2.132012430683,8.383928571471
    ));
#199 = CARTESIAN_POINT('',(4.791383712935,-2.132012430683,8.508928571471
    ));
#200 = CARTESIAN_POINT('',(5.451469191597,0.969469884465,8.473214285659)
  );
#201 = CARTESIAN_POINT('',(5.451469191597,0.969469884465,8.598214285659)
  );
#202 = CARTESIAN_POINT('',(4.000073015293,4.000073015314,8.562500000058)
  );
#203 = CARTESIAN_POINT('',(4.000073015293,4.000073015314,8.687500000058)
  );
#204 = CARTESIAN_POINT('',(0.969469884484,5.451469191581,8.651785714237)
  );
#205 = CARTESIAN_POINT('',(0.969469884484,5.451469191581,8.776785714237)
  );
#206 = CARTESIAN_POINT('',(-2.132012430692,4.791383712943,8.741071428605
    ));
#207 = CARTESIAN_POINT('',(-2.132012430692,4.791383712943,8.866071428605
    ));
#208 = CARTESIAN_POINT('',(-4.070459960394,2.625818979912,8.830357142838
    ));
#209 = CARTESIAN_POINT('',(-4.070459960394,2.625818979912,8.955357142838
    ));
#210 = CARTESIAN_POINT('',(-4.383412355246,5.029694707264E-02,
    8.919642857151));
#211 = CARTESIAN_POINT('',(-4.383412355246,5.029694707264E-02,
    9.044642857151));
#212 = CARTESIAN_POINT('',(-3.366002637214,-1.983206244762,
    9.008928571426));
#213 = CARTESIAN_POINT('',(-3.366002637214,-1.983206244762,
    9.133928571426));
#214 = CARTESIAN_POINT('',(-1.682996064423,-3.,9.098214285714));
#215 = CARTESIAN_POINT('',(-1.682996064423,-3.,9.223214285714));
#216 = CARTESIAN_POINT('',(1.682996064422,-3.,9.276785714286));
#217 = CARTESIAN_POINT('',(1.682996064422,-3.,9.401785714286));
#218 = CARTESIAN_POINT('',(3.366002637215,-1.983206244763,9.366071428568
    ));
#219 = CARTESIAN_POINT('',(3.366002637215,-1.983206244763,9.491071428568
    ));
#220 = CARTESIAN_POINT('',(4.38341235524,5.029694707587E-02,
    9.45535714287));
#221 = CARTESIAN_POINT('',(4.38341235524,5.029694707587E-02,
    9.58035714287));
#222 = CARTESIAN_POINT('',(4.07045996041,2.625818979906,9.544642857109)
  );
#223 = CARTESIAN_POINT('',(4.07045996041,2.625818979906,9.669642857109)
  );
#224 = CARTESIAN_POINT('',(2.13201243066,4.791383712953,9.633928571493)
  );
#225 = CARTESIAN_POINT('',(2.13201243066,4.791383712953,9.758928571493)
  );
#226 = CARTESIAN_POINT('',(-0.969469884437,5.451469191569,9.723214285617
    ));
#227 = CARTESIAN_POINT('',(-0.969469884437,5.451469191569,9.848214285617
    ));
#228 = CARTESIAN_POINT('',(-4.000073015342,4.000073015326,9.812500000116
    ));
#229 = CARTESIAN_POINT('',(-4.000073015342,4.000073015326,9.937500000116
    ));
#230 = CARTESIAN_POINT('',(-5.45146919156,0.969469884454,9.901785714175)
  );
#231 = CARTESIAN_POINT('',(-5.45146919156,0.969469884454,10.026785714175
    ));
#232 = CARTESIAN_POINT('',(-4.791383712957,-2.132012430672,
    9.991071428658));
#233 = CARTESIAN_POINT('',(-4.791383712957,-2.132012430672,
    10.116071428658));
#234 = CARTESIAN_POINT('',(-2.625818979906,-4.070459960404,
    10.080357142803));
#235 = CARTESIAN_POINT('',(-2.625818979906,-4.070459960404,
    10.205357142803));
#236 = CARTESIAN_POINT('',(-5.029694707553E-02,-4.383412355243,
    10.169642857169));
#237 = CARTESIAN_POINT('',(-5.029694707553E-02,-4.383412355243,
    10.294642857169));
#238 = CARTESIAN_POINT('',(1.983206244763,-3.366002637214,
    10.258928571419));
#239 = CARTESIAN_POINT('',(1.983206244763,-3.366002637214,
    10.383928571419));
#240 = CARTESIAN_POINT('',(3.,-1.682996064423,10.348214285716));
#241 = CARTESIAN_POINT('',(3.,-1.682996064423,10.473214285716));
#242 = CARTESIAN_POINT('',(3.,-2.742349476052E-14,10.4375));
#243 = CARTESIAN_POINT('',(3.,-2.742349476052E-14,10.5625));
#244 = DEFINITIONAL_REPRESENTATION('',(#245),#249);
#245 = LINE('',#246,#247);
#246 = CARTESIAN_POINT('',(0.,0.));
#247 = VECTOR('',#248,1.);
#248 = DIRECTION('',(0.,1.));
#249 = ( GEOMETRIC_REPRESENTATION_CONTEXT(2) 
PARAMETRIC_REPRESENTATION_CONTEXT() REPRESENTATION_CONTEXT('2D SPACE',''
  ) );
#250 = PCURVE('',#251,#274);
#251 = B_SPLINE_SURFACE_WITH_KNOTS('',6,1,(
    (#252,#253)
    ,(#254,#255)
    ,(#256,#257)
    ,(#258,#259)
    ,(#260,#261)
    ,(#262,#263)
    ,(#264,#265)
    ,(#266,#267)
    ,(#268,#269)
    ,(#270,#271)
    ,(#272,#273
    )),.UNSPECIFIED.,.F.,.F.,.F.,(7,4,7),(2,2),(0.,0.514772540266,1.),(
    0.,1.),.UNSPECIFIED.);
#252 = CARTESIAN_POINT('',(3.000000048851,1.750427047753E-07,
    0.562499994988));
#253 = CARTESIAN_POINT('',(3.000000048851,1.750427047753E-07,
    0.437499994988));
#254 = CARTESIAN_POINT('',(2.935701098441,-0.355723413655,0.543628399905
    ));
#255 = CARTESIAN_POINT('',(2.935701098441,-0.355723413655,0.418628399905
    ));
#256 = CARTESIAN_POINT('',(2.819190953547,-0.701975588658,0.524287923505
    ));
#257 = CARTESIAN_POINT('',(2.819190953547,-0.701975588658,0.399287923505
    ));
#258 = CARTESIAN_POINT('',(2.652064317924,-1.029182043429,0.504420741693
    ));
#259 = CARTESIAN_POINT('',(2.652064317924,-1.029182043429,0.379420741693
    ));
#260 = CARTESIAN_POINT('',(2.438435858159,-1.327998448869,0.483971322601
    ));
#261 = CARTESIAN_POINT('',(2.438435858159,-1.327998448869,0.358971322601
    ));
#262 = CARTESIAN_POINT('',(1.946170829351,-1.838577394558,0.443035257682
    ));
#263 = CARTESIAN_POINT('',(1.946170829351,-1.838577394558,0.318035257682
    ));
#264 = CARTESIAN_POINT('',(1.333446574189,-2.193917707606,0.399877278437
    ));
#265 = CARTESIAN_POINT('',(1.333446574189,-2.193917707606,0.274877278437
    ));
#266 = CARTESIAN_POINT('',(1.014339254404,-2.32542202632,0.37844279296)
  );
#267 = CARTESIAN_POINT('',(1.014339254404,-2.32542202632,0.25344279296)
  );
#268 = CARTESIAN_POINT('',(0.680976971336,-2.413603498502,0.356598219434
    ));
#269 = CARTESIAN_POINT('',(0.680976971336,-2.413603498502,0.231598219434
    ));
#270 = CARTESIAN_POINT('',(0.340490814332,-2.457738109461,0.334548946287
    ));
#271 = CARTESIAN_POINT('',(0.340490814332,-2.457738109461,0.209548946287
    ));
#272 = CARTESIAN_POINT('',(-1.462485617054E-07,-2.457733647709,
    0.312500011203));
#273 = CARTESIAN_POINT('',(-1.462485617054E-07,-2.457733647709,
    0.187500011203));
#274 = DEFINITIONAL_REPRESENTATION('',(#275),#278);
#275 = B_SPLINE_CURVE_WITH_KNOTS('',1,(#276,#277),.UNSPECIFIED.,.F.,.F.,
  (2,2),(0.,1.),.PIECEWISE_BEZIER_KNOTS.);
#276 = CARTESIAN_POINT('',(0.,1.));
#277 = CARTESIAN_POINT('',(0.,0.));
#278 = ( GEOMETRIC_REPRESENTATION_CONTEXT(2) 
PARAMETRIC_REPRESENTATION_CONTEXT() REPRESENTATION_CONTEXT('2D SPACE',''
  ) );
#279 = ORIENTED_EDGE('',*,*,#280,.T.);
#280 = EDGE_CURVE('',#22,#281,#283,.T.);
#281 = VERTEX_POINT('',#282);
#282 = CARTESIAN_POINT('',(-2.771638673492,-1.148050376248,10.));
#283 = SURFACE_CURVE('',#284,(#391,#398),.PCURVE_S1.);
#284 = B_SPLINE_CURVE_WITH_KNOTS('',14,(#285,#286,#287,#288,#289,#290,
    #291,#292,#293,#294,#295,#296,#297,#298,#299,#300,#301,#302,#303,
    #304,#305,#306,#307,#308,#309,#310,#311,#312,#313,#314,#315,#316,
    #317,#318,#319,#320,#321,#322,#323,#324,#325,#326,#327,#328,#329,
    #330,#331,#332,#333,#334,#335,#336,#337,#338,#339,#340,#341,#342,
    #343,#344,#345,#346,#347,#348,#349,#350,#351,#352,#353,#354,#355,
    #356,#357,#358,#359,#360,#361,#362,#363,#364,#365,#366,#367,#368,
    #369,#370,#371,#372,#373,#374,#375,#376,#377,#378,#379,#380,#381,
    #382,#383,#384,#385,#386,#387,#388,#389,#390),.UNSPECIFIED.,.F.,.F.,
  (15,13,13,13,13,13,13,13,15),(0.,7.952831414459,15.905662828918,
    23.858494243377,31.811325657837,39.764157072296,47.716988486755,
    55.669819901214,63.622651315673),.UNSPECIFIED.);
#285 = CARTESIAN_POINT('',(3.,-3.996802888651E-15,0.4375));
#286 = CARTESIAN_POINT('',(3.,1.682996064424,0.526785714286));
#287 = CARTESIAN_POINT('',(1.98320624476,3.366002637209,0.616071428572)
  );
#288 = CARTESIAN_POINT('',(-5.029694706404E-02,4.383412355259,
    0.705357142855));
#289 = CARTESIAN_POINT('',(-2.625818979931,4.070459960371,0.794642857147
    ));
#290 = CARTESIAN_POINT('',(-4.791383712911,2.132012430727,0.883928571422
    ));
#291 = CARTESIAN_POINT('',(-5.451469191624,-0.969469884529,
    0.973214285724));
#292 = CARTESIAN_POINT('',(-4.00007301527,-4.000073015241,1.062499999989
    ));
#293 = CARTESIAN_POINT('',(-0.969469884503,-5.451469191649,
    1.151785714296));
#294 = CARTESIAN_POINT('',(2.132012430707,-4.791383712893,1.241071428563
    ));
#295 = CARTESIAN_POINT('',(4.070459960384,-2.625818979941,1.330357142862
    ));
#296 = CARTESIAN_POINT('',(4.383412355252,-5.029694706013E-02,
    1.419642857141));
#297 = CARTESIAN_POINT('',(3.366002637211,1.983206244759,1.508928571429)
  );
#298 = CARTESIAN_POINT('',(1.682996064423,3.,1.598214285714));
#299 = CARTESIAN_POINT('',(-1.682996064423,3.,1.776785714285));
#300 = CARTESIAN_POINT('',(-3.366002637213,1.983206244758,1.866071428573
    ));
#301 = CARTESIAN_POINT('',(-4.383412355246,-5.029694705707E-02,
    1.955357142852));
#302 = CARTESIAN_POINT('',(-4.070459960397,-2.625818979947,
    2.044642857154));
#303 = CARTESIAN_POINT('',(-2.132012430685,-4.791383712884,
    2.133928571411));
#304 = CARTESIAN_POINT('',(0.969469884471,-5.451469191661,2.223214285735
    ));
#305 = CARTESIAN_POINT('',(4.000073015306,-4.000073015226,2.31249999998)
  );
#306 = CARTESIAN_POINT('',(5.451469191589,-0.969469884546,2.401785714301
    ));
#307 = CARTESIAN_POINT('',(4.791383712939,2.132012430742,2.491071428562)
  );
#308 = CARTESIAN_POINT('',(2.625818979913,4.070459960361,2.580357142861)
  );
#309 = CARTESIAN_POINT('',(5.029694707345E-02,4.383412355263,
    2.669642857142));
#310 = CARTESIAN_POINT('',(-1.983206244763,3.366002637207,2.758928571428
    ));
#311 = CARTESIAN_POINT('',(-2.999999999999,1.682996064424,2.848214285715
    ));
#312 = CARTESIAN_POINT('',(-3.000000000001,-1.682996064424,
    3.026785714285));
#313 = CARTESIAN_POINT('',(-1.983206244757,-3.366002637208,
    3.116071428576));
#314 = CARTESIAN_POINT('',(5.029694705438E-02,-4.383412355259,
    3.205357142843));
#315 = CARTESIAN_POINT('',(2.625818979954,-4.070459960373,3.294642857175
    ));
#316 = CARTESIAN_POINT('',(4.791383712871,-2.132012430719,3.383928571373
    ));
#317 = CARTESIAN_POINT('',(5.45146919168,0.969469884511,3.473214285789)
  );
#318 = CARTESIAN_POINT('',(4.000073015204,4.00007301527,3.562499999918)
  );
#319 = CARTESIAN_POINT('',(0.969469884564,5.451469191614,3.651785714358)
  );
#320 = CARTESIAN_POINT('',(-2.132012430754,4.791383712924,3.741071428519
    ));
#321 = CARTESIAN_POINT('',(-4.070459960355,2.62581897992,3.830357142888)
  );
#322 = CARTESIAN_POINT('',(-4.383412355266,5.029694707133E-02,
    3.919642857129));
#323 = CARTESIAN_POINT('',(-3.366002637207,-1.983206244763,
    4.008928571433));
#324 = CARTESIAN_POINT('',(-1.682996064424,-3.,4.098214285714));
#325 = CARTESIAN_POINT('',(1.682996064424,-3.000000000001,4.276785714285
    ));
#326 = CARTESIAN_POINT('',(3.36600263721,-1.983206244757,4.366071428576)
  );
#327 = CARTESIAN_POINT('',(4.383412355256,5.029694705757E-02,
    4.455357142842));
#328 = CARTESIAN_POINT('',(4.070459960376,2.625818979944,4.544642857176)
  );
#329 = CARTESIAN_POINT('',(2.132012430719,4.791383712892,4.633928571376)
  );
#330 = CARTESIAN_POINT('',(-0.969469884519,5.451469191648,4.723214285781
    ));
#331 = CARTESIAN_POINT('',(-4.000073015252,4.000073015244,4.812499999932
    ));
#332 = CARTESIAN_POINT('',(-5.451469191638,0.969469884527,4.901785714342
    ));
#333 = CARTESIAN_POINT('',(-4.791383712903,-2.132012430726,
    4.991071428533));
#334 = CARTESIAN_POINT('',(-2.625818979935,-4.070459960371,
    5.080357142878));
#335 = CARTESIAN_POINT('',(-5.029694706356E-02,-4.383412355258,
    5.169642857134));
#336 = CARTESIAN_POINT('',(1.98320624476,-3.366002637209,5.258928571432)
  );
#337 = CARTESIAN_POINT('',(3.,-1.682996064423,5.348214285714));
#338 = CARTESIAN_POINT('',(2.999999999999,1.682996064423,5.526785714287)
  );
#339 = CARTESIAN_POINT('',(1.983206244765,3.366002637213,5.616071428567)
  );
#340 = CARTESIAN_POINT('',(-5.029694708035E-02,4.383412355245,
    5.705357142871));
#341 = CARTESIAN_POINT('',(-2.625818979897,4.070459960402,5.794642857112
    ));
#342 = CARTESIAN_POINT('',(-4.791383712966,2.132012430672,5.883928571481
    ));
#343 = CARTESIAN_POINT('',(-5.451469191556,-0.969469884449,
    5.973214285642));
#344 = CARTESIAN_POINT('',(-4.000073015337,-4.000073015334,
    6.062500000081));
#345 = CARTESIAN_POINT('',(-0.969469884447,-5.451469191562,
    6.151785714213));
#346 = CARTESIAN_POINT('',(2.132012430667,-4.791383712957,6.241071428625
    ));
#347 = CARTESIAN_POINT('',(4.070459960407,-2.625818979905,6.330357142825
    ));
#348 = CARTESIAN_POINT('',(4.383412355241,-5.029694707532E-02,
    6.419642857158));
#349 = CARTESIAN_POINT('',(3.366002637215,1.983206244763,6.508928571424)
  );
#350 = CARTESIAN_POINT('',(1.682996064422,3.,6.598214285715));
#351 = CARTESIAN_POINT('',(-1.682996064422,3.,6.776785714286));
#352 = CARTESIAN_POINT('',(-3.366002637215,1.983206244764,6.86607142857)
  );
#353 = CARTESIAN_POINT('',(-4.383412355239,-5.029694707664E-02,
    6.955357142864));
#354 = CARTESIAN_POINT('',(-4.070459960415,-2.625818979904,
    7.044642857124));
#355 = CARTESIAN_POINT('',(-2.132012430649,-4.791383712955,
    7.133928571466));
#356 = CARTESIAN_POINT('',(0.969469884418,-5.451469191567,7.22321428566)
  );
#357 = CARTESIAN_POINT('',(4.000073015365,-4.000073015327,7.312500000062
    ));
#358 = CARTESIAN_POINT('',(5.45146919154,-0.969469884454,7.401785714229)
  );
#359 = CARTESIAN_POINT('',(4.791383712969,2.132012430673,7.491071428613)
  );
#360 = CARTESIAN_POINT('',(2.6258189799,4.070459960403,7.580357142834));
#361 = CARTESIAN_POINT('',(5.029694707719E-02,4.383412355243,
    7.669642857153));
#362 = CARTESIAN_POINT('',(-1.983206244764,3.366002637214,7.758928571426
    ));
#363 = CARTESIAN_POINT('',(-3.,1.682996064423,7.848214285714));
#364 = CARTESIAN_POINT('',(-3.,-1.682996064423,8.026785714286));
#365 = CARTESIAN_POINT('',(-1.983206244762,-3.366002637213,
    8.116071428568));
#366 = CARTESIAN_POINT('',(5.029694707239E-02,-4.383412355247,
    8.205357142869));
#367 = CARTESIAN_POINT('',(2.625818979915,-4.070459960396,8.294642857117
    ));
#368 = CARTESIAN_POINT('',(4.791383712935,-2.132012430683,8.383928571471
    ));
#369 = CARTESIAN_POINT('',(5.451469191597,0.969469884465,8.473214285659)
  );
#370 = CARTESIAN_POINT('',(4.000073015293,4.000073015314,8.562500000058)
  );
#371 = CARTESIAN_POINT('',(0.969469884484,5.451469191581,8.651785714237)
  );
#372 = CARTESIAN_POINT('',(-2.132012430692,4.791383712943,8.741071428605
    ));
#373 = CARTESIAN_POINT('',(-4.070459960394,2.625818979912,8.830357142838
    ));
#374 = CARTESIAN_POINT('',(-4.383412355246,5.029694707264E-02,
    8.919642857151));
#375 = CARTESIAN_POINT('',(-3.366002637214,-1.983206244762,
    9.008928571426));
#376 = CARTESIAN_POINT('',(-1.682996064423,-3.,9.098214285714));
#377 = CARTESIAN_POINT('',(1.682996064422,-3.,9.276785714286));
#378 = CARTESIAN_POINT('',(3.366002637215,-1.983206244763,9.366071428568
    ));
#379 = CARTESIAN_POINT('',(4.38341235524,5.029694707587E-02,
    9.45535714287));
#380 = CARTESIAN_POINT('',(4.07045996041,2.625818979906,9.544642857109)
  );
#381 = CARTESIAN_POINT('',(2.13201243066,4.791383712953,9.633928571493)
  );
#382 = CARTESIAN_POINT('',(-0.969469884437,5.451469191569,9.723214285617
    ));
#383 = CARTESIAN_POINT('',(-4.000073015342,4.000073015326,9.812500000116
    ));
#384 = CARTESIAN_POINT('',(-5.45146919156,0.969469884454,9.901785714175)
  );
#385 = CARTESIAN_POINT('',(-4.791383712957,-2.132012430672,
    9.991071428658));
#386 = CARTESIAN_POINT('',(-2.625818979906,-4.070459960404,
    10.080357142803));
#387 = CARTESIAN_POINT('',(-5.029694707553E-02,-4.383412355243,
    10.169642857169));
#388 = CARTESIAN_POINT('',(1.983206244763,-3.366002637214,
    10.258928571419));
#389 = CARTESIAN_POINT('',(3.,-1.682996064423,10.348214285716));
#390 = CARTESIAN_POINT('',(3.,-2.742349476052E-14,10.4375));
#391 = PCURVE('',#31,#392);
#392 = DEFINITIONAL_REPRESENTATION('',(#393),#397);
#393 = LINE('',#394,#395);
#394 = CARTESIAN_POINT('',(0.,0.));
#395 = VECTOR('',#396,1.);
#396 = DIRECTION('',(1.,0.));
#397 = ( GEOMETRIC_REPRESENTATION_CONTEXT(2) 
PARAMETRIC_REPRESENTATION_CONTEXT() REPRESENTATION_CONTEXT('2D SPACE',''
  ) );
#398 = PCURVE('',#399,#612);
#399 = B_SPLINE_SURFACE_WITH_KNOTS('',14,1,(
    (#400,#401)
    ,(#402,#403)
    ,(#404,#405)
    ,(#406,#407)
    ,(#408,#409)
    ,(#410,#411)
    ,(#412,#413)
    ,(#414,#415)
    ,(#416,#417)
    ,(#418,#419)
    ,(#420,#421)
    ,(#422,#423)
    ,(#424,#425)
    ,(#426,#427)
    ,(#428,#429)
    ,(#430,#431)
    ,(#432,#433)
    ,(#434,#435)
    ,(#436,#437)
    ,(#438,#439)
    ,(#440,#441)
    ,(#442,#443)
    ,(#444,#445)
    ,(#446,#447)
    ,(#448,#449)
    ,(#450,#451)
    ,(#452,#453)
    ,(#454,#455)
    ,(#456,#457)
    ,(#458,#459)
    ,(#460,#461)
    ,(#462,#463)
    ,(#464,#465)
    ,(#466,#467)
    ,(#468,#469)
    ,(#470,#471)
    ,(#472,#473)
    ,(#474,#475)
    ,(#476,#477)
    ,(#478,#479)
    ,(#480,#481)
    ,(#482,#483)
    ,(#484,#485)
    ,(#486,#487)
    ,(#488,#489)
    ,(#490,#491)
    ,(#492,#493)
    ,(#494,#495)
    ,(#496,#497)
    ,(#498,#499)
    ,(#500,#501)
    ,(#502,#503)
    ,(#504,#505)
    ,(#506,#507)
    ,(#508,#509)
    ,(#510,#511)
    ,(#512,#513)
    ,(#514,#515)
    ,(#516,#517)
    ,(#518,#519)
    ,(#520,#521)
    ,(#522,#523)
    ,(#524,#525)
    ,(#526,#527)
    ,(#528,#529)
    ,(#530,#531)
    ,(#532,#533)
    ,(#534,#535)
    ,(#536,#537)
    ,(#538,#539)
    ,(#540,#541)
    ,(#542,#543)
    ,(#544,#545)
    ,(#546,#547)
    ,(#548,#549)
    ,(#550,#551)
    ,(#552,#553)
    ,(#554,#555)
    ,(#556,#557)
    ,(#558,#559)
    ,(#560,#561)
    ,(#562,#563)
    ,(#564,#565)
    ,(#566,#567)
    ,(#568,#569)
    ,(#570,#571)
    ,(#572,#573)
    ,(#574,#575)
    ,(#576,#577)
    ,(#578,#579)
    ,(#580,#581)
    ,(#582,#583)
    ,(#584,#585)
    ,(#586,#587)
    ,(#588,#589)
    ,(#590,#591)
    ,(#592,#593)
    ,(#594,#595)
    ,(#596,#597)
    ,(#598,#599)
    ,(#600,#601)
    ,(#602,#603)
    ,(#604,#605)
    ,(#606,#607)
    ,(#608,#609)
    ,(#610,#611
  )),.UNSPECIFIED.,.F.,.F.,.F.,(15,13,13,13,13,13,13,13,15),(2,2),(0.,
    7.952831414459,15.905662828918,23.858494243377,31.811325657837,
    39.764157072296,47.716988486755,55.669819901214,63.622651315673),(0.
    ,1.),.UNSPECIFIED.);
#400 = CARTESIAN_POINT('',(2.457734122635,3.330669073875E-15,0.125));
#401 = CARTESIAN_POINT('',(3.,-3.996802888651E-15,0.4375));
#402 = CARTESIAN_POINT('',(2.457734122635,1.378785618598,0.214285714286)
  );
#403 = CARTESIAN_POINT('',(3.,1.682996064424,0.526785714286));
#404 = CARTESIAN_POINT('',(1.62473121999,2.757579846116,0.303571428572)
  );
#405 = CARTESIAN_POINT('',(1.98320624476,3.366002637209,0.616071428572)
  );
#406 = CARTESIAN_POINT('',(-4.120550768855E-02,3.59108737303,
    0.392857142855));
#407 = CARTESIAN_POINT('',(-5.029694706404E-02,4.383412355259,
    0.705357142855));
#408 = CARTESIAN_POINT('',(-2.151188302278,3.334702779813,0.482142857147
    ));
#409 = CARTESIAN_POINT('',(-2.625818979931,4.070459960371,0.794642857147
    ));
#410 = CARTESIAN_POINT('',(-3.925315748621,1.746639900284,0.571428571422
    ));
#411 = CARTESIAN_POINT('',(-4.791383712911,2.132012430727,0.883928571422
    ));
#412 = CARTESIAN_POINT('',(-4.466087283579,-0.794233072012,
    0.660714285724));
#413 = CARTESIAN_POINT('',(-5.451469191624,-0.969469884529,
    0.973214285724));
#414 = CARTESIAN_POINT('',(-3.277038647556,-3.277038647545,
    0.749999999989));
#415 = CARTESIAN_POINT('',(-4.00007301527,-4.000073015241,1.062499999989
    ));
#416 = CARTESIAN_POINT('',(-0.794233072001,-4.466087283588,
    0.839285714296));
#417 = CARTESIAN_POINT('',(-0.969469884503,-5.451469191649,
    1.151785714296));
#418 = CARTESIAN_POINT('',(1.746639900275,-3.925315748616,0.928571428563
    ));
#419 = CARTESIAN_POINT('',(2.132012430707,-4.791383712893,1.241071428563
    ));
#420 = CARTESIAN_POINT('',(3.334702779819,-2.151188302281,1.017857142862
    ));
#421 = CARTESIAN_POINT('',(4.070459960384,-2.625818979941,1.330357142862
    ));
#422 = CARTESIAN_POINT('',(3.591087373027,-4.120550768811E-02,
    1.107142857141));
#423 = CARTESIAN_POINT('',(4.383412355252,-5.029694706013E-02,
    1.419642857141));
#424 = CARTESIAN_POINT('',(2.757579846117,1.62473121999,1.196428571429)
  );
#425 = CARTESIAN_POINT('',(3.366002637211,1.983206244759,1.508928571429)
  );
#426 = CARTESIAN_POINT('',(1.378785618598,2.457734122635,1.285714285714)
  );
#427 = CARTESIAN_POINT('',(1.682996064423,3.,1.598214285714));
#428 = CARTESIAN_POINT('',(-1.378785618598,2.457734122635,1.464285714285
    ));
#429 = CARTESIAN_POINT('',(-1.682996064423,3.,1.776785714285));
#430 = CARTESIAN_POINT('',(-2.757579846117,1.624731219988,1.553571428573
    ));
#431 = CARTESIAN_POINT('',(-3.366002637213,1.983206244758,1.866071428573
    ));
#432 = CARTESIAN_POINT('',(-3.591087373028,-4.120550768176E-02,
    1.642857142852));
#433 = CARTESIAN_POINT('',(-4.383412355246,-5.029694705707E-02,
    1.955357142852));
#434 = CARTESIAN_POINT('',(-3.334702779817,-2.151188302293,
    1.732142857154));
#435 = CARTESIAN_POINT('',(-4.070459960397,-2.625818979947,
    2.044642857154));
#436 = CARTESIAN_POINT('',(-1.746639900277,-3.925315748596,
    1.821428571411));
#437 = CARTESIAN_POINT('',(-2.132012430685,-4.791383712884,
    2.133928571411));
#438 = CARTESIAN_POINT('',(0.794233072002,-4.466087283615,1.910714285735
    ));
#439 = CARTESIAN_POINT('',(0.969469884471,-5.451469191661,2.223214285735
    ));
#440 = CARTESIAN_POINT('',(3.277038647556,-3.277038647513,1.99999999998)
  );
#441 = CARTESIAN_POINT('',(4.000073015306,-4.000073015226,2.31249999998)
  );
#442 = CARTESIAN_POINT('',(4.466087283577,-0.794233072042,2.089285714301
    ));
#443 = CARTESIAN_POINT('',(5.451469191589,-0.969469884546,2.401785714301
    ));
#444 = CARTESIAN_POINT('',(3.925315748624,1.746639900308,2.178571428562)
  );
#445 = CARTESIAN_POINT('',(4.791383712939,2.132012430742,2.491071428562)
  );
#446 = CARTESIAN_POINT('',(2.151188302276,3.334702779797,2.267857142861)
  );
#447 = CARTESIAN_POINT('',(2.625818979913,4.070459960361,2.580357142861)
  );
#448 = CARTESIAN_POINT('',(4.120550769002E-02,3.591087373038,
    2.357142857142));
#449 = CARTESIAN_POINT('',(5.029694707345E-02,4.383412355263,
    2.669642857142));
#450 = CARTESIAN_POINT('',(-1.62473121999,2.757579846114,2.446428571428)
  );
#451 = CARTESIAN_POINT('',(-1.983206244763,3.366002637207,2.758928571428
    ));
#452 = CARTESIAN_POINT('',(-2.457734122635,1.378785618598,2.535714285715
    ));
#453 = CARTESIAN_POINT('',(-2.999999999999,1.682996064424,2.848214285715
    ));
#454 = CARTESIAN_POINT('',(-2.457734122635,-1.378785618598,
    2.714285714285));
#455 = CARTESIAN_POINT('',(-3.000000000001,-1.682996064424,
    3.026785714285));
#456 = CARTESIAN_POINT('',(-1.624731219988,-2.757579846114,
    2.803571428576));
#457 = CARTESIAN_POINT('',(-1.983206244757,-3.366002637208,
    3.116071428576));
#458 = CARTESIAN_POINT('',(4.120550768135E-02,-3.591087373036,
    2.892857142843));
#459 = CARTESIAN_POINT('',(5.029694705438E-02,-4.383412355259,
    3.205357142843));
#460 = CARTESIAN_POINT('',(2.151188302295,-3.334702779803,2.982142857175
    ));
#461 = CARTESIAN_POINT('',(2.625818979954,-4.070459960373,3.294642857175
    ));
#462 = CARTESIAN_POINT('',(3.925315748592,-1.746639900297,3.071428571373
    ));
#463 = CARTESIAN_POINT('',(4.791383712871,-2.132012430719,3.383928571373
    ));
#464 = CARTESIAN_POINT('',(4.466087283619,0.794233072022,3.160714285789)
  );
#465 = CARTESIAN_POINT('',(5.45146919168,0.969469884511,3.473214285789)
  );
#466 = CARTESIAN_POINT('',(3.277038647511,3.27703864754,3.249999999918)
  );
#467 = CARTESIAN_POINT('',(4.000073015204,4.00007301527,3.562499999918)
  );
#468 = CARTESIAN_POINT('',(0.794233072041,4.466087283587,3.339285714358)
  );
#469 = CARTESIAN_POINT('',(0.969469884564,5.451469191614,3.651785714358)
  );
#470 = CARTESIAN_POINT('',(-1.746639900305,3.925315748621,3.428571428519
    ));
#471 = CARTESIAN_POINT('',(-2.132012430754,4.791383712924,3.741071428519
    ));
#472 = CARTESIAN_POINT('',(-3.334702779801,2.151188302276,3.517857142888
    ));
#473 = CARTESIAN_POINT('',(-4.070459960355,2.62581897992,3.830357142888)
  );
#474 = CARTESIAN_POINT('',(-3.591087373035,4.120550769145E-02,
    3.607142857129));
#475 = CARTESIAN_POINT('',(-4.383412355266,5.029694707133E-02,
    3.919642857129));
#476 = CARTESIAN_POINT('',(-2.757579846115,-1.624731219991,
    3.696428571433));
#477 = CARTESIAN_POINT('',(-3.366002637207,-1.983206244763,
    4.008928571433));
#478 = CARTESIAN_POINT('',(-1.378785618598,-2.457734122634,
    3.785714285714));
#479 = CARTESIAN_POINT('',(-1.682996064424,-3.,4.098214285714));
#480 = CARTESIAN_POINT('',(1.378785618598,-2.457734122635,3.964285714285
    ));
#481 = CARTESIAN_POINT('',(1.682996064424,-3.000000000001,4.276785714285
    ));
#482 = CARTESIAN_POINT('',(2.757579846118,-1.624731219988,4.053571428576
    ));
#483 = CARTESIAN_POINT('',(3.36600263721,-1.983206244757,4.366071428576)
  );
#484 = CARTESIAN_POINT('',(3.591087373024,4.120550768235E-02,
    4.142857142842));
#485 = CARTESIAN_POINT('',(4.383412355256,5.029694705757E-02,
    4.455357142842));
#486 = CARTESIAN_POINT('',(3.334702779826,2.151188302291,4.232142857176)
  );
#487 = CARTESIAN_POINT('',(4.070459960376,2.625818979944,4.544642857176)
  );
#488 = CARTESIAN_POINT('',(1.746639900263,3.925315748601,4.321428571376)
  );
#489 = CARTESIAN_POINT('',(2.132012430719,4.791383712892,4.633928571376)
  );
#490 = CARTESIAN_POINT('',(-0.794233071984,4.466087283605,4.410714285781
    ));
#491 = CARTESIAN_POINT('',(-0.969469884519,5.451469191648,4.723214285781
    ));
#492 = CARTESIAN_POINT('',(-3.277038647575,3.277038647527,4.499999999932
    ));
#493 = CARTESIAN_POINT('',(-4.000073015252,4.000073015244,4.812499999932
    ));
#494 = CARTESIAN_POINT('',(-4.466087283559,0.794233072028,4.589285714342
    ));
#495 = CARTESIAN_POINT('',(-5.451469191638,0.969469884527,4.901785714342
    ));
#496 = CARTESIAN_POINT('',(-3.925315748638,-1.746639900297,
    4.678571428533));
#497 = CARTESIAN_POINT('',(-4.791383712903,-2.132012430726,
    4.991071428533));
#498 = CARTESIAN_POINT('',(-2.151188302267,-3.334702779805,
    4.767857142878));
#499 = CARTESIAN_POINT('',(-2.625818979935,-4.070459960371,
    5.080357142878));
#500 = CARTESIAN_POINT('',(-4.120550769464E-02,-3.591087373034,
    4.857142857134));
#501 = CARTESIAN_POINT('',(-5.029694706356E-02,-4.383412355258,
    5.169642857134));
#502 = CARTESIAN_POINT('',(1.624731219992,-2.757579846115,4.946428571432
    ));
#503 = CARTESIAN_POINT('',(1.98320624476,-3.366002637209,5.258928571432)
  );
#504 = CARTESIAN_POINT('',(2.457734122635,-1.378785618598,5.035714285714
    ));
#505 = CARTESIAN_POINT('',(3.,-1.682996064423,5.348214285714));
#506 = CARTESIAN_POINT('',(2.457734122634,1.378785618598,5.214285714287)
  );
#507 = CARTESIAN_POINT('',(2.999999999999,1.682996064423,5.526785714287)
  );
#508 = CARTESIAN_POINT('',(1.624731219994,2.757579846119,5.303571428567)
  );
#509 = CARTESIAN_POINT('',(1.983206244765,3.366002637213,5.616071428567)
  );
#510 = CARTESIAN_POINT('',(-4.120550770244E-02,3.591087373022,
    5.392857142871));
#511 = CARTESIAN_POINT('',(-5.029694708035E-02,4.383412355245,
    5.705357142871));
#512 = CARTESIAN_POINT('',(-2.151188302249,3.33470277983,5.482142857112)
  );
#513 = CARTESIAN_POINT('',(-2.625818979897,4.070459960402,5.794642857112
    ));
#514 = CARTESIAN_POINT('',(-3.925315748666,1.746639900254,5.571428571481
    ));
#515 = CARTESIAN_POINT('',(-4.791383712966,2.132012430672,5.883928571481
    ));
#516 = CARTESIAN_POINT('',(-4.466087283526,-0.794233071971,
    5.660714285642));
#517 = CARTESIAN_POINT('',(-5.451469191556,-0.969469884449,
    5.973214285642));
#518 = CARTESIAN_POINT('',(-3.277038647605,-3.27703864759,5.750000000081
    ));
#519 = CARTESIAN_POINT('',(-4.000073015337,-4.000073015334,
    6.062500000081));
#520 = CARTESIAN_POINT('',(-0.794233071962,-4.466087283548,
    5.839285714213));
#521 = CARTESIAN_POINT('',(-0.969469884447,-5.451469191562,
    6.151785714213));
#522 = CARTESIAN_POINT('',(1.746639900249,-3.925315748643,5.928571428625
    ));
#523 = CARTESIAN_POINT('',(2.132012430667,-4.791383712957,6.241071428625
    ));
#524 = CARTESIAN_POINT('',(3.334702779833,-2.151188302268,6.017857142825
    ));
#525 = CARTESIAN_POINT('',(4.070459960407,-2.625818979905,6.330357142825
    ));
#526 = CARTESIAN_POINT('',(3.59108737302,-4.120550769244E-02,
    6.107142857158));
#527 = CARTESIAN_POINT('',(4.383412355241,-5.029694707532E-02,
    6.419642857158));
#528 = CARTESIAN_POINT('',(2.75757984612,1.62473121999,6.196428571424));
#529 = CARTESIAN_POINT('',(3.366002637215,1.983206244763,6.508928571424)
  );
#530 = CARTESIAN_POINT('',(1.378785618597,2.457734122635,6.285714285715)
  );
#531 = CARTESIAN_POINT('',(1.682996064422,3.,6.598214285715));
#532 = CARTESIAN_POINT('',(-1.378785618597,2.457734122634,6.464285714286
    ));
#533 = CARTESIAN_POINT('',(-1.682996064422,3.,6.776785714286));
#534 = CARTESIAN_POINT('',(-2.757579846121,1.624731219993,6.55357142857)
  );
#535 = CARTESIAN_POINT('',(-3.366002637215,1.983206244764,6.86607142857)
  );
#536 = CARTESIAN_POINT('',(-3.591087373015,-4.120550769844E-02,
    6.642857142864));
#537 = CARTESIAN_POINT('',(-4.383412355239,-5.029694707664E-02,
    6.955357142864));
#538 = CARTESIAN_POINT('',(-3.334702779847,-2.151188302258,
    6.732142857124));
#539 = CARTESIAN_POINT('',(-4.070459960415,-2.625818979904,
    7.044642857124));
#540 = CARTESIAN_POINT('',(-1.746639900224,-3.925315748654,
    6.821428571466));
#541 = CARTESIAN_POINT('',(-2.132012430649,-4.791383712955,
    7.133928571466));
#542 = CARTESIAN_POINT('',(0.794233071927,-4.466087283539,6.91071428566)
  );
#543 = CARTESIAN_POINT('',(0.969469884418,-5.451469191567,7.22321428566)
  );
#544 = CARTESIAN_POINT('',(3.277038647638,-3.277038647594,7.000000000062
    ));
#545 = CARTESIAN_POINT('',(4.000073015365,-4.000073015327,7.312500000062
    ));
#546 = CARTESIAN_POINT('',(4.466087283507,-0.79423307197,7.089285714229)
  );
#547 = CARTESIAN_POINT('',(5.45146919154,-0.969469884454,7.401785714229)
  );
#548 = CARTESIAN_POINT('',(3.925315748672,1.746639900256,7.178571428613)
  );
#549 = CARTESIAN_POINT('',(4.791383712969,2.132012430673,7.491071428613)
  );
#550 = CARTESIAN_POINT('',(2.151188302251,3.334702779829,7.267857142834)
  );
#551 = CARTESIAN_POINT('',(2.6258189799,4.070459960403,7.580357142834));
#552 = CARTESIAN_POINT('',(4.120550769988E-02,3.591087373023,
    7.357142857153));
#553 = CARTESIAN_POINT('',(5.029694707719E-02,4.383412355243,
    7.669642857153));
#554 = CARTESIAN_POINT('',(-1.624731219993,2.757579846119,7.446428571426
    ));
#555 = CARTESIAN_POINT('',(-1.983206244764,3.366002637214,7.758928571426
    ));
#556 = CARTESIAN_POINT('',(-2.457734122634,1.378785618597,7.535714285714
    ));
#557 = CARTESIAN_POINT('',(-3.,1.682996064423,7.848214285714));
#558 = CARTESIAN_POINT('',(-2.457734122635,-1.378785618597,
    7.714285714286));
#559 = CARTESIAN_POINT('',(-3.,-1.682996064423,8.026785714286));
#560 = CARTESIAN_POINT('',(-1.624731219991,-2.757579846119,
    7.803571428568));
#561 = CARTESIAN_POINT('',(-1.983206244762,-3.366002637213,
    8.116071428568));
#562 = CARTESIAN_POINT('',(4.120550769276E-02,-3.591087373023,
    7.892857142869));
#563 = CARTESIAN_POINT('',(5.029694707239E-02,-4.383412355247,
    8.205357142869));
#564 = CARTESIAN_POINT('',(2.151188302271,-3.334702779829,7.982142857117
    ));
#565 = CARTESIAN_POINT('',(2.625818979915,-4.070459960396,8.294642857117
    ));
#566 = CARTESIAN_POINT('',(3.92531574863,-1.746639900255,8.071428571471)
  );
#567 = CARTESIAN_POINT('',(4.791383712935,-2.132012430683,8.383928571471
    ));
#568 = CARTESIAN_POINT('',(4.466087283574,0.794233071971,8.160714285659)
  );
#569 = CARTESIAN_POINT('',(5.451469191597,0.969469884465,8.473214285659)
  );
#570 = CARTESIAN_POINT('',(3.277038647556,3.27703864759,8.250000000058)
  );
#571 = CARTESIAN_POINT('',(4.000073015293,4.000073015314,8.562500000058)
  );
#572 = CARTESIAN_POINT('',(0.794233072004,4.466087283547,8.339285714237)
  );
#573 = CARTESIAN_POINT('',(0.969469884484,5.451469191581,8.651785714237)
  );
#574 = CARTESIAN_POINT('',(-1.746639900277,3.925315748645,8.428571428605
    ));
#575 = CARTESIAN_POINT('',(-2.132012430692,4.791383712943,8.741071428605
    ));
#576 = CARTESIAN_POINT('',(-3.334702779818,2.151188302264,8.517857142838
    ));
#577 = CARTESIAN_POINT('',(-4.070459960394,2.625818979912,8.830357142838
    ));
#578 = CARTESIAN_POINT('',(-3.591087373026,4.120550769476E-02,
    8.607142857151));
#579 = CARTESIAN_POINT('',(-4.383412355246,5.029694707264E-02,
    8.919642857151));
#580 = CARTESIAN_POINT('',(-2.757579846118,-1.624731219991,
    8.696428571426));
#581 = CARTESIAN_POINT('',(-3.366002637214,-1.983206244762,
    9.008928571426));
#582 = CARTESIAN_POINT('',(-1.378785618597,-2.457734122635,
    8.785714285714));
#583 = CARTESIAN_POINT('',(-1.682996064423,-3.,9.098214285714));
#584 = CARTESIAN_POINT('',(1.378785618597,-2.457734122634,8.964285714286
    ));
#585 = CARTESIAN_POINT('',(1.682996064422,-3.,9.276785714286));
#586 = CARTESIAN_POINT('',(2.75757984612,-1.624731219995,9.053571428568)
  );
#587 = CARTESIAN_POINT('',(3.366002637215,-1.983206244763,9.366071428568
    ));
#588 = CARTESIAN_POINT('',(3.59108737302,4.12055077057E-02,9.14285714287
    ));
#589 = CARTESIAN_POINT('',(4.38341235524,5.029694707587E-02,
    9.45535714287));
#590 = CARTESIAN_POINT('',(3.334702779835,2.151188302242,9.232142857109)
  );
#591 = CARTESIAN_POINT('',(4.07045996041,2.625818979906,9.544642857109)
  );
#592 = CARTESIAN_POINT('',(1.746639900246,3.925315748681,9.321428571493)
  );
#593 = CARTESIAN_POINT('',(2.13201243066,4.791383712953,9.633928571493)
  );
#594 = CARTESIAN_POINT('',(-0.794233071958,4.466087283501,9.410714285617
    ));
#595 = CARTESIAN_POINT('',(-0.969469884437,5.451469191569,9.723214285617
    ));
#596 = CARTESIAN_POINT('',(-3.277038647603,3.277038647638,9.500000000116
    ));
#597 = CARTESIAN_POINT('',(-4.000073015342,4.000073015326,9.812500000116
    ));
#598 = CARTESIAN_POINT('',(-4.466087283538,0.794233071929,9.589285714175
    ));
#599 = CARTESIAN_POINT('',(-5.45146919156,0.969469884454,9.901785714175)
  );
#600 = CARTESIAN_POINT('',(-3.92531574865,-1.746639900223,9.678571428658
    ));
#601 = CARTESIAN_POINT('',(-4.791383712957,-2.132012430672,
    9.991071428658));
#602 = CARTESIAN_POINT('',(-2.151188302262,-3.334702779849,
    9.767857142803));
#603 = CARTESIAN_POINT('',(-2.625818979906,-4.070459960404,
    10.080357142803));
#604 = CARTESIAN_POINT('',(-4.12055076956E-02,-3.591087373013,
    9.857142857169));
#605 = CARTESIAN_POINT('',(-5.029694707553E-02,-4.383412355243,
    10.169642857169));
#606 = CARTESIAN_POINT('',(1.624731219992,-2.757579846122,9.946428571419
    ));
#607 = CARTESIAN_POINT('',(1.983206244763,-3.366002637214,
    10.258928571419));
#608 = CARTESIAN_POINT('',(2.457734122635,-1.378785618597,
    10.035714285716));
#609 = CARTESIAN_POINT('',(3.,-1.682996064423,10.348214285716));
#610 = CARTESIAN_POINT('',(2.457734122635,-1.966782530553E-14,10.125));
#611 = CARTESIAN_POINT('',(3.,-2.742349476052E-14,10.4375));
#612 = DEFINITIONAL_REPRESENTATION('',(#613),#617);
#613 = LINE('',#614,#615);
#614 = CARTESIAN_POINT('',(0.,1.));
#615 = VECTOR('',#616,1.);
#616 = DIRECTION('',(1.,0.));
#617 = ( GEOMETRIC_REPRESENTATION_CONTEXT(2) 
PARAMETRIC_REPRESENTATION_CONTEXT() REPRESENTATION_CONTEXT('2D SPACE',''
  ) );
#618 = ORIENTED_EDGE('',*,*,#619,.T.);
#619 = EDGE_CURVE('',#281,#620,#622,.T.);
#620 = VERTEX_POINT('',#621);
#621 = CARTESIAN_POINT('',(-2.771638521246,1.148050374046,10.));
#622 = SURFACE_CURVE('',#623,(#638,#656),.PCURVE_S1.);
#623 = B_SPLINE_CURVE_WITH_KNOTS('',4,(#624,#625,#626,#627,#628,#629,
    #630,#631,#632,#633,#634,#635,#636,#637),.UNSPECIFIED.,.F.,.F.,(5,3,
    3,3,5),(0.,0.249999997308,0.500000002574,0.750000007168,1.),
  .UNSPECIFIED.);
#624 = CARTESIAN_POINT('',(-2.771638673492,-1.148050376248,10.));
#625 = CARTESIAN_POINT('',(-2.827993416435,-1.011997986252,10.));
#626 = CARTESIAN_POINT('',(-2.875443833298,-0.872256391452,10.));
#627 = CARTESIAN_POINT('',(-2.913626506615,-0.729703457507,10.));
#628 = CARTESIAN_POINT('',(-2.971085282236,-0.440838552487,10.));
#629 = CARTESIAN_POINT('',(-2.990361712554,-0.29452492897,10.));
#630 = CARTESIAN_POINT('',(-3.000000014519,-0.14726203355,10.));
#631 = CARTESIAN_POINT('',(-2.999999985477,0.147262070258,10.));
#632 = CARTESIAN_POINT('',(-2.990361654492,0.294524963301,10.));
#633 = CARTESIAN_POINT('',(-2.971085198113,0.440838582563,10.));
#634 = CARTESIAN_POINT('',(-2.913626380606,0.729703475498,10.));
#635 = CARTESIAN_POINT('',(-2.875443691716,0.872256401626,10.));
#636 = CARTESIAN_POINT('',(-2.827993266244,1.011997989283,10.));
#637 = CARTESIAN_POINT('',(-2.771638521246,1.148050374046,10.));
#638 = PCURVE('',#31,#639);
#639 = DEFINITIONAL_REPRESENTATION('',(#640),#655);
#640 = B_SPLINE_CURVE_WITH_KNOTS('',4,(#641,#642,#643,#644,#645,#646,
    #647,#648,#649,#650,#651,#652,#653,#654),.UNSPECIFIED.,.F.,.F.,(5,3,
    3,3,5),(0.,0.249999997308,0.500000002574,0.750000007168,1.),
  .UNSPECIFIED.);
#641 = CARTESIAN_POINT('',(60.839160320613,0.));
#642 = CARTESIAN_POINT('',(60.789455162931,6.249995139025E-02));
#643 = CARTESIAN_POINT('',(60.739749926589,0.125000001688));
#644 = CARTESIAN_POINT('',(60.690044690991,0.187500051051));
#645 = CARTESIAN_POINT('',(60.590634377929,0.312499950938));
#646 = CARTESIAN_POINT('',(60.540929141915,0.375000000824));
#647 = CARTESIAN_POINT('',(60.49122390628,0.437500050234));
#648 = CARTESIAN_POINT('',(60.391813593635,0.562499949596));
#649 = CARTESIAN_POINT('',(60.342108358082,0.624999998902));
#650 = CARTESIAN_POINT('',(60.292403122077,0.687500048777));
#651 = CARTESIAN_POINT('',(60.192992809319,0.812499948281));
#652 = CARTESIAN_POINT('',(60.143287574023,0.874999997264));
#653 = CARTESIAN_POINT('',(60.093582337562,0.937500047713));
#654 = CARTESIAN_POINT('',(60.043877179167,1.));
#655 = ( GEOMETRIC_REPRESENTATION_CONTEXT(2) 
PARAMETRIC_REPRESENTATION_CONTEXT() REPRESENTATION_CONTEXT('2D SPACE',''
  ) );
#656 = PCURVE('',#657,#662);
#657 = PLANE('',#658);
#658 = AXIS2_PLACEMENT_3D('',#659,#660,#661);
#659 = CARTESIAN_POINT('',(-6.,-6.,10.));
#660 = DIRECTION('',(0.,0.,1.));
#661 = DIRECTION('',(1.,0.,-0.));
#662 = DEFINITIONAL_REPRESENTATION('',(#663),#678);
#663 = B_SPLINE_CURVE_WITH_KNOTS('',4,(#664,#665,#666,#667,#668,#669,
    #670,#671,#672,#673,#674,#675,#676,#677),.UNSPECIFIED.,.F.,.F.,(5,3,
    3,3,5),(0.,0.249999997308,0.500000002574,0.750000007168,1.),
  .UNSPECIFIED.);
#664 = CARTESIAN_POINT('',(3.228361326508,4.851949623752));
#665 = CARTESIAN_POINT('',(3.172006583565,4.988002013748));
#666 = CARTESIAN_POINT('',(3.124556166702,5.127743608548));
#667 = CARTESIAN_POINT('',(3.086373493385,5.270296542493));
#668 = CARTESIAN_POINT('',(3.028914717764,5.559161447513));
#669 = CARTESIAN_POINT('',(3.009638287446,5.70547507103));
#670 = CARTESIAN_POINT('',(2.999999985481,5.85273796645));
#671 = CARTESIAN_POINT('',(3.000000014523,6.147262070258));
#672 = CARTESIAN_POINT('',(3.009638345508,6.294524963301));
#673 = CARTESIAN_POINT('',(3.028914801887,6.440838582563));
#674 = CARTESIAN_POINT('',(3.086373619394,6.729703475498));
#675 = CARTESIAN_POINT('',(3.124556308284,6.872256401626));
#676 = CARTESIAN_POINT('',(3.172006733756,7.011997989283));
#677 = CARTESIAN_POINT('',(3.228361478754,7.148050374046));
#678 = ( GEOMETRIC_REPRESENTATION_CONTEXT(2) 
PARAMETRIC_REPRESENTATION_CONTEXT() REPRESENTATION_CONTEXT('2D SPACE',''
  ) );
#679 = ORIENTED_EDGE('',*,*,#680,.F.);
#680 = EDGE_CURVE('',#24,#620,#681,.T.);
#681 = SURFACE_CURVE('',#682,(#789,#796),.PCURVE_S1.);
#682 = B_SPLINE_CURVE_WITH_KNOTS('',14,(#683,#684,#685,#686,#687,#688,
    #689,#690,#691,#692,#693,#694,#695,#696,#697,#698,#699,#700,#701,
    #702,#703,#704,#705,#706,#707,#708,#709,#710,#711,#712,#713,#714,
    #715,#716,#717,#718,#719,#720,#721,#722,#723,#724,#725,#726,#727,
    #728,#729,#730,#731,#732,#733,#734,#735,#736,#737,#738,#739,#740,
    #741,#742,#743,#744,#745,#746,#747,#748,#749,#750,#751,#752,#753,
    #754,#755,#756,#757,#758,#759,#760,#761,#762,#763,#764,#765,#766,
    #767,#768,#769,#770,#771,#772,#773,#774,#775,#776,#777,#778,#779,
    #780,#781,#782,#783,#784,#785,#786,#787,#788),.UNSPECIFIED.,.F.,.F.,
  (15,13,13,13,13,13,13,13,15),(0.,7.952831414459,15.905662828918,
    23.858494243377,31.811325657837,39.764157072296,47.716988486755,
    55.669819901214,63.622651315673),.UNSPECIFIED.);
#683 = CARTESIAN_POINT('',(3.,-3.996802888651E-15,0.5625));
#684 = CARTESIAN_POINT('',(3.,1.682996064424,0.651785714286));
#685 = CARTESIAN_POINT('',(1.98320624476,3.366002637209,0.741071428572)
  );
#686 = CARTESIAN_POINT('',(-5.029694706404E-02,4.383412355259,
    0.830357142855));
#687 = CARTESIAN_POINT('',(-2.625818979931,4.070459960371,0.919642857147
    ));
#688 = CARTESIAN_POINT('',(-4.791383712911,2.132012430727,1.008928571422
    ));
#689 = CARTESIAN_POINT('',(-5.451469191624,-0.969469884529,
    1.098214285724));
#690 = CARTESIAN_POINT('',(-4.00007301527,-4.000073015241,1.187499999989
    ));
#691 = CARTESIAN_POINT('',(-0.969469884503,-5.451469191649,
    1.276785714296));
#692 = CARTESIAN_POINT('',(2.132012430707,-4.791383712893,1.366071428563
    ));
#693 = CARTESIAN_POINT('',(4.070459960384,-2.625818979941,1.455357142862
    ));
#694 = CARTESIAN_POINT('',(4.383412355252,-5.029694706013E-02,
    1.544642857141));
#695 = CARTESIAN_POINT('',(3.366002637211,1.983206244759,1.633928571429)
  );
#696 = CARTESIAN_POINT('',(1.682996064423,3.,1.723214285714));
#697 = CARTESIAN_POINT('',(-1.682996064423,3.,1.901785714285));
#698 = CARTESIAN_POINT('',(-3.366002637213,1.983206244758,1.991071428573
    ));
#699 = CARTESIAN_POINT('',(-4.383412355246,-5.029694705707E-02,
    2.080357142852));
#700 = CARTESIAN_POINT('',(-4.070459960397,-2.625818979947,
    2.169642857154));
#701 = CARTESIAN_POINT('',(-2.132012430685,-4.791383712884,
    2.258928571411));
#702 = CARTESIAN_POINT('',(0.969469884471,-5.451469191661,2.348214285735
    ));
#703 = CARTESIAN_POINT('',(4.000073015306,-4.000073015226,2.43749999998)
  );
#704 = CARTESIAN_POINT('',(5.451469191589,-0.969469884546,2.526785714301
    ));
#705 = CARTESIAN_POINT('',(4.791383712939,2.132012430742,2.616071428562)
  );
#706 = CARTESIAN_POINT('',(2.625818979913,4.070459960361,2.705357142861)
  );
#707 = CARTESIAN_POINT('',(5.029694707345E-02,4.383412355263,
    2.794642857142));
#708 = CARTESIAN_POINT('',(-1.983206244763,3.366002637207,2.883928571428
    ));
#709 = CARTESIAN_POINT('',(-2.999999999999,1.682996064424,2.973214285715
    ));
#710 = CARTESIAN_POINT('',(-3.000000000001,-1.682996064424,
    3.151785714285));
#711 = CARTESIAN_POINT('',(-1.983206244757,-3.366002637208,
    3.241071428576));
#712 = CARTESIAN_POINT('',(5.029694705438E-02,-4.383412355259,
    3.330357142843));
#713 = CARTESIAN_POINT('',(2.625818979954,-4.070459960373,3.419642857175
    ));
#714 = CARTESIAN_POINT('',(4.791383712871,-2.132012430719,3.508928571373
    ));
#715 = CARTESIAN_POINT('',(5.45146919168,0.969469884511,3.598214285789)
  );
#716 = CARTESIAN_POINT('',(4.000073015204,4.00007301527,3.687499999918)
  );
#717 = CARTESIAN_POINT('',(0.969469884564,5.451469191614,3.776785714358)
  );
#718 = CARTESIAN_POINT('',(-2.132012430754,4.791383712924,3.866071428519
    ));
#719 = CARTESIAN_POINT('',(-4.070459960355,2.62581897992,3.955357142888)
  );
#720 = CARTESIAN_POINT('',(-4.383412355266,5.029694707133E-02,
    4.044642857129));
#721 = CARTESIAN_POINT('',(-3.366002637207,-1.983206244763,
    4.133928571433));
#722 = CARTESIAN_POINT('',(-1.682996064424,-3.,4.223214285714));
#723 = CARTESIAN_POINT('',(1.682996064424,-3.000000000001,4.401785714285
    ));
#724 = CARTESIAN_POINT('',(3.36600263721,-1.983206244757,4.491071428576)
  );
#725 = CARTESIAN_POINT('',(4.383412355256,5.029694705757E-02,
    4.580357142842));
#726 = CARTESIAN_POINT('',(4.070459960376,2.625818979944,4.669642857176)
  );
#727 = CARTESIAN_POINT('',(2.132012430719,4.791383712892,4.758928571376)
  );
#728 = CARTESIAN_POINT('',(-0.969469884519,5.451469191648,4.848214285781
    ));
#729 = CARTESIAN_POINT('',(-4.000073015252,4.000073015244,4.937499999932
    ));
#730 = CARTESIAN_POINT('',(-5.451469191638,0.969469884527,5.026785714342
    ));
#731 = CARTESIAN_POINT('',(-4.791383712903,-2.132012430726,
    5.116071428533));
#732 = CARTESIAN_POINT('',(-2.625818979935,-4.070459960371,
    5.205357142878));
#733 = CARTESIAN_POINT('',(-5.029694706356E-02,-4.383412355258,
    5.294642857134));
#734 = CARTESIAN_POINT('',(1.98320624476,-3.366002637209,5.383928571432)
  );
#735 = CARTESIAN_POINT('',(3.,-1.682996064423,5.473214285714));
#736 = CARTESIAN_POINT('',(2.999999999999,1.682996064423,5.651785714287)
  );
#737 = CARTESIAN_POINT('',(1.983206244765,3.366002637213,5.741071428567)
  );
#738 = CARTESIAN_POINT('',(-5.029694708035E-02,4.383412355245,
    5.830357142871));
#739 = CARTESIAN_POINT('',(-2.625818979897,4.070459960402,5.919642857112
    ));
#740 = CARTESIAN_POINT('',(-4.791383712966,2.132012430672,6.008928571481
    ));
#741 = CARTESIAN_POINT('',(-5.451469191556,-0.969469884449,
    6.098214285642));
#742 = CARTESIAN_POINT('',(-4.000073015337,-4.000073015334,
    6.187500000081));
#743 = CARTESIAN_POINT('',(-0.969469884447,-5.451469191562,
    6.276785714213));
#744 = CARTESIAN_POINT('',(2.132012430667,-4.791383712957,6.366071428625
    ));
#745 = CARTESIAN_POINT('',(4.070459960407,-2.625818979905,6.455357142825
    ));
#746 = CARTESIAN_POINT('',(4.383412355241,-5.029694707532E-02,
    6.544642857158));
#747 = CARTESIAN_POINT('',(3.366002637215,1.983206244763,6.633928571424)
  );
#748 = CARTESIAN_POINT('',(1.682996064422,3.,6.723214285715));
#749 = CARTESIAN_POINT('',(-1.682996064422,3.,6.901785714286));
#750 = CARTESIAN_POINT('',(-3.366002637215,1.983206244764,6.99107142857)
  );
#751 = CARTESIAN_POINT('',(-4.383412355239,-5.029694707664E-02,
    7.080357142864));
#752 = CARTESIAN_POINT('',(-4.070459960415,-2.625818979904,
    7.169642857124));
#753 = CARTESIAN_POINT('',(-2.132012430649,-4.791383712955,
    7.258928571466));
#754 = CARTESIAN_POINT('',(0.969469884418,-5.451469191567,7.34821428566)
  );
#755 = CARTESIAN_POINT('',(4.000073015365,-4.000073015327,7.437500000062
    ));
#756 = CARTESIAN_POINT('',(5.45146919154,-0.969469884454,7.526785714229)
  );
#757 = CARTESIAN_POINT('',(4.791383712969,2.132012430673,7.616071428613)
  );
#758 = CARTESIAN_POINT('',(2.6258189799,4.070459960403,7.705357142834));
#759 = CARTESIAN_POINT('',(5.029694707719E-02,4.383412355243,
    7.794642857153));
#760 = CARTESIAN_POINT('',(-1.983206244764,3.366002637214,7.883928571426
    ));
#761 = CARTESIAN_POINT('',(-3.,1.682996064423,7.973214285714));
#762 = CARTESIAN_POINT('',(-3.,-1.682996064423,8.151785714286));
#763 = CARTESIAN_POINT('',(-1.983206244762,-3.366002637213,
    8.241071428568));
#764 = CARTESIAN_POINT('',(5.029694707239E-02,-4.383412355247,
    8.330357142869));
#765 = CARTESIAN_POINT('',(2.625818979915,-4.070459960396,8.419642857117
    ));
#766 = CARTESIAN_POINT('',(4.791383712935,-2.132012430683,8.508928571471
    ));
#767 = CARTESIAN_POINT('',(5.451469191597,0.969469884465,8.598214285659)
  );
#768 = CARTESIAN_POINT('',(4.000073015293,4.000073015314,8.687500000058)
  );
#769 = CARTESIAN_POINT('',(0.969469884484,5.451469191581,8.776785714237)
  );
#770 = CARTESIAN_POINT('',(-2.132012430692,4.791383712943,8.866071428605
    ));
#771 = CARTESIAN_POINT('',(-4.070459960394,2.625818979912,8.955357142838
    ));
#772 = CARTESIAN_POINT('',(-4.383412355246,5.029694707264E-02,
    9.044642857151));
#773 = CARTESIAN_POINT('',(-3.366002637214,-1.983206244762,
    9.133928571426));
#774 = CARTESIAN_POINT('',(-1.682996064423,-3.,9.223214285714));
#775 = CARTESIAN_POINT('',(1.682996064422,-3.,9.401785714286));
#776 = CARTESIAN_POINT('',(3.366002637215,-1.983206244763,9.491071428568
    ));
#777 = CARTESIAN_POINT('',(4.38341235524,5.029694707587E-02,
    9.58035714287));
#778 = CARTESIAN_POINT('',(4.07045996041,2.625818979906,9.669642857109)
  );
#779 = CARTESIAN_POINT('',(2.13201243066,4.791383712953,9.758928571493)
  );
#780 = CARTESIAN_POINT('',(-0.969469884437,5.451469191569,9.848214285617
    ));
#781 = CARTESIAN_POINT('',(-4.000073015342,4.000073015326,9.937500000116
    ));
#782 = CARTESIAN_POINT('',(-5.45146919156,0.969469884454,10.026785714175
    ));
#783 = CARTESIAN_POINT('',(-4.791383712957,-2.132012430672,
    10.116071428658));
#784 = CARTESIAN_POINT('',(-2.625818979906,-4.070459960404,
    10.205357142803));
#785 = CARTESIAN_POINT('',(-5.029694707553E-02,-4.383412355243,
    10.294642857169));
#786 = CARTESIAN_POINT('',(1.983206244763,-3.366002637214,
    10.383928571419));
#787 = CARTESIAN_POINT('',(3.,-1.682996064423,10.473214285716));
#788 = CARTESIAN_POINT('',(3.,-2.742349476052E-14,10.5625));
#789 = PCURVE('',#31,#790);
#790 = DEFINITIONAL_REPRESENTATION('',(#791),#795);
#791 = LINE('',#792,#793);
#792 = CARTESIAN_POINT('',(0.,1.));
#793 = VECTOR('',#794,1.);
#794 = DIRECTION('',(1.,0.));
#795 = ( GEOMETRIC_REPRESENTATION_CONTEXT(2) 
PARAMETRIC_REPRESENTATION_CONTEXT() REPRESENTATION_CONTEXT('2D SPACE',''
  ) );
#796 = PCURVE('',#797,#1010);
#797 = B_SPLINE_SURFACE_WITH_KNOTS('',14,1,(
    (#798,#799)
    ,(#800,#801)
    ,(#802,#803)
    ,(#804,#805)
    ,(#806,#807)
    ,(#808,#809)
    ,(#810,#811)
    ,(#812,#813)
    ,(#814,#815)
    ,(#816,#817)
    ,(#818,#819)
    ,(#820,#821)
    ,(#822,#823)
    ,(#824,#825)
    ,(#826,#827)
    ,(#828,#829)
    ,(#830,#831)
    ,(#832,#833)
    ,(#834,#835)
    ,(#836,#837)
    ,(#838,#839)
    ,(#840,#841)
    ,(#842,#843)
    ,(#844,#845)
    ,(#846,#847)
    ,(#848,#849)
    ,(#850,#851)
    ,(#852,#853)
    ,(#854,#855)
    ,(#856,#857)
    ,(#858,#859)
    ,(#860,#861)
    ,(#862,#863)
    ,(#864,#865)
    ,(#866,#867)
    ,(#868,#869)
    ,(#870,#871)
    ,(#872,#873)
    ,(#874,#875)
    ,(#876,#877)
    ,(#878,#879)
    ,(#880,#881)
    ,(#882,#883)
    ,(#884,#885)
    ,(#886,#887)
    ,(#888,#889)
    ,(#890,#891)
    ,(#892,#893)
    ,(#894,#895)
    ,(#896,#897)
    ,(#898,#899)
    ,(#900,#901)
    ,(#902,#903)
    ,(#904,#905)
    ,(#906,#907)
    ,(#908,#909)
    ,(#910,#911)
    ,(#912,#913)
    ,(#914,#915)
    ,(#916,#917)
    ,(#918,#919)
    ,(#920,#921)
    ,(#922,#923)
    ,(#924,#925)
    ,(#926,#927)
    ,(#928,#929)
    ,(#930,#931)
    ,(#932,#933)
    ,(#934,#935)
    ,(#936,#937)
    ,(#938,#939)
    ,(#940,#941)
    ,(#942,#943)
    ,(#944,#945)
    ,(#946,#947)
    ,(#948,#949)
    ,(#950,#951)
    ,(#952,#953)
    ,(#954,#955)
    ,(#956,#957)
    ,(#958,#959)
    ,(#960,#961)
    ,(#962,#963)
    ,(#964,#965)
    ,(#966,#967)
    ,(#968,#969)
    ,(#970,#971)
    ,(#972,#973)
    ,(#974,#975)
    ,(#976,#977)
    ,(#978,#979)
    ,(#980,#981)
    ,(#982,#983)
    ,(#984,#985)
    ,(#986,#987)
    ,(#988,#989)
    ,(#990,#991)
    ,(#992,#993)
    ,(#994,#995)
    ,(#996,#997)
    ,(#998,#999)
    ,(#1000,#1001)
    ,(#1002,#1003)
    ,(#1004,#1005)
    ,(#1006,#1007)
    ,(#1008,#1009
    )),.UNSPECIFIED.,.F.,.F.,.F.,(15,13,13,13,13,13,13,13,15),(2,2),(0.,
    7.952831414459,15.905662828918,23.858494243377,31.811325657837,
    39.764157072296,47.716988486755,55.669819901214,63.622651315673),(0.
    ,1.),.UNSPECIFIED.);
#798 = CARTESIAN_POINT('',(3.,-3.996802888651E-15,0.5625));
#799 = CARTESIAN_POINT('',(2.457734122635,3.330669073875E-15,0.875));
#800 = CARTESIAN_POINT('',(3.,1.682996064424,0.651785714286));
#801 = CARTESIAN_POINT('',(2.457734122635,1.378785618598,0.964285714286)
  );
#802 = CARTESIAN_POINT('',(1.98320624476,3.366002637209,0.741071428572)
  );
#803 = CARTESIAN_POINT('',(1.62473121999,2.757579846116,1.053571428572)
  );
#804 = CARTESIAN_POINT('',(-5.029694706404E-02,4.383412355259,
    0.830357142855));
#805 = CARTESIAN_POINT('',(-4.120550768855E-02,3.59108737303,
    1.142857142855));
#806 = CARTESIAN_POINT('',(-2.625818979931,4.070459960371,0.919642857147
    ));
#807 = CARTESIAN_POINT('',(-2.151188302278,3.334702779813,1.232142857147
    ));
#808 = CARTESIAN_POINT('',(-4.791383712911,2.132012430727,1.008928571422
    ));
#809 = CARTESIAN_POINT('',(-3.925315748621,1.746639900284,1.321428571422
    ));
#810 = CARTESIAN_POINT('',(-5.451469191624,-0.969469884529,
    1.098214285724));
#811 = CARTESIAN_POINT('',(-4.466087283579,-0.794233072012,
    1.410714285724));
#812 = CARTESIAN_POINT('',(-4.00007301527,-4.000073015241,1.187499999989
    ));
#813 = CARTESIAN_POINT('',(-3.277038647556,-3.277038647545,
    1.499999999989));
#814 = CARTESIAN_POINT('',(-0.969469884503,-5.451469191649,
    1.276785714296));
#815 = CARTESIAN_POINT('',(-0.794233072001,-4.466087283588,
    1.589285714296));
#816 = CARTESIAN_POINT('',(2.132012430707,-4.791383712893,1.366071428563
    ));
#817 = CARTESIAN_POINT('',(1.746639900275,-3.925315748616,1.678571428563
    ));
#818 = CARTESIAN_POINT('',(4.070459960384,-2.625818979941,1.455357142862
    ));
#819 = CARTESIAN_POINT('',(3.334702779819,-2.151188302281,1.767857142862
    ));
#820 = CARTESIAN_POINT('',(4.383412355252,-5.029694706013E-02,
    1.544642857141));
#821 = CARTESIAN_POINT('',(3.591087373027,-4.120550768811E-02,
    1.857142857141));
#822 = CARTESIAN_POINT('',(3.366002637211,1.983206244759,1.633928571429)
  );
#823 = CARTESIAN_POINT('',(2.757579846117,1.62473121999,1.946428571429)
  );
#824 = CARTESIAN_POINT('',(1.682996064423,3.,1.723214285714));
#825 = CARTESIAN_POINT('',(1.378785618598,2.457734122635,2.035714285714)
  );
#826 = CARTESIAN_POINT('',(-1.682996064423,3.,1.901785714285));
#827 = CARTESIAN_POINT('',(-1.378785618598,2.457734122635,2.214285714285
    ));
#828 = CARTESIAN_POINT('',(-3.366002637213,1.983206244758,1.991071428573
    ));
#829 = CARTESIAN_POINT('',(-2.757579846117,1.624731219988,2.303571428573
    ));
#830 = CARTESIAN_POINT('',(-4.383412355246,-5.029694705707E-02,
    2.080357142852));
#831 = CARTESIAN_POINT('',(-3.591087373028,-4.120550768176E-02,
    2.392857142852));
#832 = CARTESIAN_POINT('',(-4.070459960397,-2.625818979947,
    2.169642857154));
#833 = CARTESIAN_POINT('',(-3.334702779817,-2.151188302293,
    2.482142857154));
#834 = CARTESIAN_POINT('',(-2.132012430685,-4.791383712884,
    2.258928571411));
#835 = CARTESIAN_POINT('',(-1.746639900277,-3.925315748596,
    2.571428571411));
#836 = CARTESIAN_POINT('',(0.969469884471,-5.451469191661,2.348214285735
    ));
#837 = CARTESIAN_POINT('',(0.794233072002,-4.466087283615,2.660714285735
    ));
#838 = CARTESIAN_POINT('',(4.000073015306,-4.000073015226,2.43749999998)
  );
#839 = CARTESIAN_POINT('',(3.277038647556,-3.277038647513,2.74999999998)
  );
#840 = CARTESIAN_POINT('',(5.451469191589,-0.969469884546,2.526785714301
    ));
#841 = CARTESIAN_POINT('',(4.466087283577,-0.794233072042,2.839285714301
    ));
#842 = CARTESIAN_POINT('',(4.791383712939,2.132012430742,2.616071428562)
  );
#843 = CARTESIAN_POINT('',(3.925315748624,1.746639900308,2.928571428562)
  );
#844 = CARTESIAN_POINT('',(2.625818979913,4.070459960361,2.705357142861)
  );
#845 = CARTESIAN_POINT('',(2.151188302276,3.334702779797,3.017857142861)
  );
#846 = CARTESIAN_POINT('',(5.029694707345E-02,4.383412355263,
    2.794642857142));
#847 = CARTESIAN_POINT('',(4.120550769002E-02,3.591087373038,
    3.107142857142));
#848 = CARTESIAN_POINT('',(-1.983206244763,3.366002637207,2.883928571428
    ));
#849 = CARTESIAN_POINT('',(-1.62473121999,2.757579846114,3.196428571428)
  );
#850 = CARTESIAN_POINT('',(-2.999999999999,1.682996064424,2.973214285715
    ));
#851 = CARTESIAN_POINT('',(-2.457734122635,1.378785618598,3.285714285715
    ));
#852 = CARTESIAN_POINT('',(-3.000000000001,-1.682996064424,
    3.151785714285));
#853 = CARTESIAN_POINT('',(-2.457734122635,-1.378785618598,
    3.464285714285));
#854 = CARTESIAN_POINT('',(-1.983206244757,-3.366002637208,
    3.241071428576));
#855 = CARTESIAN_POINT('',(-1.624731219988,-2.757579846114,
    3.553571428576));
#856 = CARTESIAN_POINT('',(5.029694705438E-02,-4.383412355259,
    3.330357142843));
#857 = CARTESIAN_POINT('',(4.120550768135E-02,-3.591087373036,
    3.642857142843));
#858 = CARTESIAN_POINT('',(2.625818979954,-4.070459960373,3.419642857175
    ));
#859 = CARTESIAN_POINT('',(2.151188302295,-3.334702779803,3.732142857175
    ));
#860 = CARTESIAN_POINT('',(4.791383712871,-2.132012430719,3.508928571373
    ));
#861 = CARTESIAN_POINT('',(3.925315748592,-1.746639900297,3.821428571373
    ));
#862 = CARTESIAN_POINT('',(5.45146919168,0.969469884511,3.598214285789)
  );
#863 = CARTESIAN_POINT('',(4.466087283619,0.794233072022,3.910714285789)
  );
#864 = CARTESIAN_POINT('',(4.000073015204,4.00007301527,3.687499999918)
  );
#865 = CARTESIAN_POINT('',(3.277038647511,3.27703864754,3.999999999918)
  );
#866 = CARTESIAN_POINT('',(0.969469884564,5.451469191614,3.776785714358)
  );
#867 = CARTESIAN_POINT('',(0.794233072041,4.466087283587,4.089285714358)
  );
#868 = CARTESIAN_POINT('',(-2.132012430754,4.791383712924,3.866071428519
    ));
#869 = CARTESIAN_POINT('',(-1.746639900305,3.925315748621,4.178571428519
    ));
#870 = CARTESIAN_POINT('',(-4.070459960355,2.62581897992,3.955357142888)
  );
#871 = CARTESIAN_POINT('',(-3.334702779801,2.151188302276,4.267857142888
    ));
#872 = CARTESIAN_POINT('',(-4.383412355266,5.029694707133E-02,
    4.044642857129));
#873 = CARTESIAN_POINT('',(-3.591087373035,4.120550769145E-02,
    4.357142857129));
#874 = CARTESIAN_POINT('',(-3.366002637207,-1.983206244763,
    4.133928571433));
#875 = CARTESIAN_POINT('',(-2.757579846115,-1.624731219991,
    4.446428571433));
#876 = CARTESIAN_POINT('',(-1.682996064424,-3.,4.223214285714));
#877 = CARTESIAN_POINT('',(-1.378785618598,-2.457734122634,
    4.535714285714));
#878 = CARTESIAN_POINT('',(1.682996064424,-3.000000000001,4.401785714285
    ));
#879 = CARTESIAN_POINT('',(1.378785618598,-2.457734122635,4.714285714285
    ));
#880 = CARTESIAN_POINT('',(3.36600263721,-1.983206244757,4.491071428576)
  );
#881 = CARTESIAN_POINT('',(2.757579846118,-1.624731219988,4.803571428576
    ));
#882 = CARTESIAN_POINT('',(4.383412355256,5.029694705757E-02,
    4.580357142842));
#883 = CARTESIAN_POINT('',(3.591087373024,4.120550768235E-02,
    4.892857142842));
#884 = CARTESIAN_POINT('',(4.070459960376,2.625818979944,4.669642857176)
  );
#885 = CARTESIAN_POINT('',(3.334702779826,2.151188302291,4.982142857176)
  );
#886 = CARTESIAN_POINT('',(2.132012430719,4.791383712892,4.758928571376)
  );
#887 = CARTESIAN_POINT('',(1.746639900263,3.925315748601,5.071428571376)
  );
#888 = CARTESIAN_POINT('',(-0.969469884519,5.451469191648,4.848214285781
    ));
#889 = CARTESIAN_POINT('',(-0.794233071984,4.466087283605,5.160714285781
    ));
#890 = CARTESIAN_POINT('',(-4.000073015252,4.000073015244,4.937499999932
    ));
#891 = CARTESIAN_POINT('',(-3.277038647575,3.277038647527,5.249999999932
    ));
#892 = CARTESIAN_POINT('',(-5.451469191638,0.969469884527,5.026785714342
    ));
#893 = CARTESIAN_POINT('',(-4.466087283559,0.794233072028,5.339285714342
    ));
#894 = CARTESIAN_POINT('',(-4.791383712903,-2.132012430726,
    5.116071428533));
#895 = CARTESIAN_POINT('',(-3.925315748638,-1.746639900297,
    5.428571428533));
#896 = CARTESIAN_POINT('',(-2.625818979935,-4.070459960371,
    5.205357142878));
#897 = CARTESIAN_POINT('',(-2.151188302267,-3.334702779805,
    5.517857142878));
#898 = CARTESIAN_POINT('',(-5.029694706356E-02,-4.383412355258,
    5.294642857134));
#899 = CARTESIAN_POINT('',(-4.120550769464E-02,-3.591087373034,
    5.607142857134));
#900 = CARTESIAN_POINT('',(1.98320624476,-3.366002637209,5.383928571432)
  );
#901 = CARTESIAN_POINT('',(1.624731219992,-2.757579846115,5.696428571432
    ));
#902 = CARTESIAN_POINT('',(3.,-1.682996064423,5.473214285714));
#903 = CARTESIAN_POINT('',(2.457734122635,-1.378785618598,5.785714285714
    ));
#904 = CARTESIAN_POINT('',(2.999999999999,1.682996064423,5.651785714287)
  );
#905 = CARTESIAN_POINT('',(2.457734122634,1.378785618598,5.964285714287)
  );
#906 = CARTESIAN_POINT('',(1.983206244765,3.366002637213,5.741071428567)
  );
#907 = CARTESIAN_POINT('',(1.624731219994,2.757579846119,6.053571428567)
  );
#908 = CARTESIAN_POINT('',(-5.029694708035E-02,4.383412355245,
    5.830357142871));
#909 = CARTESIAN_POINT('',(-4.120550770244E-02,3.591087373022,
    6.142857142871));
#910 = CARTESIAN_POINT('',(-2.625818979897,4.070459960402,5.919642857112
    ));
#911 = CARTESIAN_POINT('',(-2.151188302249,3.33470277983,6.232142857112)
  );
#912 = CARTESIAN_POINT('',(-4.791383712966,2.132012430672,6.008928571481
    ));
#913 = CARTESIAN_POINT('',(-3.925315748666,1.746639900254,6.321428571481
    ));
#914 = CARTESIAN_POINT('',(-5.451469191556,-0.969469884449,
    6.098214285642));
#915 = CARTESIAN_POINT('',(-4.466087283526,-0.794233071971,
    6.410714285642));
#916 = CARTESIAN_POINT('',(-4.000073015337,-4.000073015334,
    6.187500000081));
#917 = CARTESIAN_POINT('',(-3.277038647605,-3.27703864759,6.500000000081
    ));
#918 = CARTESIAN_POINT('',(-0.969469884447,-5.451469191562,
    6.276785714213));
#919 = CARTESIAN_POINT('',(-0.794233071962,-4.466087283548,
    6.589285714213));
#920 = CARTESIAN_POINT('',(2.132012430667,-4.791383712957,6.366071428625
    ));
#921 = CARTESIAN_POINT('',(1.746639900249,-3.925315748643,6.678571428625
    ));
#922 = CARTESIAN_POINT('',(4.070459960407,-2.625818979905,6.455357142825
    ));
#923 = CARTESIAN_POINT('',(3.334702779833,-2.151188302268,6.767857142825
    ));
#924 = CARTESIAN_POINT('',(4.383412355241,-5.029694707532E-02,
    6.544642857158));
#925 = CARTESIAN_POINT('',(3.59108737302,-4.120550769244E-02,
    6.857142857158));
#926 = CARTESIAN_POINT('',(3.366002637215,1.983206244763,6.633928571424)
  );
#927 = CARTESIAN_POINT('',(2.75757984612,1.62473121999,6.946428571424));
#928 = CARTESIAN_POINT('',(1.682996064422,3.,6.723214285715));
#929 = CARTESIAN_POINT('',(1.378785618597,2.457734122635,7.035714285715)
  );
#930 = CARTESIAN_POINT('',(-1.682996064422,3.,6.901785714286));
#931 = CARTESIAN_POINT('',(-1.378785618597,2.457734122634,7.214285714286
    ));
#932 = CARTESIAN_POINT('',(-3.366002637215,1.983206244764,6.99107142857)
  );
#933 = CARTESIAN_POINT('',(-2.757579846121,1.624731219993,7.30357142857)
  );
#934 = CARTESIAN_POINT('',(-4.383412355239,-5.029694707664E-02,
    7.080357142864));
#935 = CARTESIAN_POINT('',(-3.591087373015,-4.120550769844E-02,
    7.392857142864));
#936 = CARTESIAN_POINT('',(-4.070459960415,-2.625818979904,
    7.169642857124));
#937 = CARTESIAN_POINT('',(-3.334702779847,-2.151188302258,
    7.482142857124));
#938 = CARTESIAN_POINT('',(-2.132012430649,-4.791383712955,
    7.258928571466));
#939 = CARTESIAN_POINT('',(-1.746639900224,-3.925315748654,
    7.571428571466));
#940 = CARTESIAN_POINT('',(0.969469884418,-5.451469191567,7.34821428566)
  );
#941 = CARTESIAN_POINT('',(0.794233071927,-4.466087283539,7.66071428566)
  );
#942 = CARTESIAN_POINT('',(4.000073015365,-4.000073015327,7.437500000062
    ));
#943 = CARTESIAN_POINT('',(3.277038647638,-3.277038647594,7.750000000062
    ));
#944 = CARTESIAN_POINT('',(5.45146919154,-0.969469884454,7.526785714229)
  );
#945 = CARTESIAN_POINT('',(4.466087283507,-0.79423307197,7.839285714229)
  );
#946 = CARTESIAN_POINT('',(4.791383712969,2.132012430673,7.616071428613)
  );
#947 = CARTESIAN_POINT('',(3.925315748672,1.746639900256,7.928571428613)
  );
#948 = CARTESIAN_POINT('',(2.6258189799,4.070459960403,7.705357142834));
#949 = CARTESIAN_POINT('',(2.151188302251,3.334702779829,8.017857142834)
  );
#950 = CARTESIAN_POINT('',(5.029694707719E-02,4.383412355243,
    7.794642857153));
#951 = CARTESIAN_POINT('',(4.120550769988E-02,3.591087373023,
    8.107142857153));
#952 = CARTESIAN_POINT('',(-1.983206244764,3.366002637214,7.883928571426
    ));
#953 = CARTESIAN_POINT('',(-1.624731219993,2.757579846119,8.196428571426
    ));
#954 = CARTESIAN_POINT('',(-3.,1.682996064423,7.973214285714));
#955 = CARTESIAN_POINT('',(-2.457734122634,1.378785618597,8.285714285714
    ));
#956 = CARTESIAN_POINT('',(-3.,-1.682996064423,8.151785714286));
#957 = CARTESIAN_POINT('',(-2.457734122635,-1.378785618597,
    8.464285714286));
#958 = CARTESIAN_POINT('',(-1.983206244762,-3.366002637213,
    8.241071428568));
#959 = CARTESIAN_POINT('',(-1.624731219991,-2.757579846119,
    8.553571428568));
#960 = CARTESIAN_POINT('',(5.029694707239E-02,-4.383412355247,
    8.330357142869));
#961 = CARTESIAN_POINT('',(4.120550769276E-02,-3.591087373023,
    8.642857142869));
#962 = CARTESIAN_POINT('',(2.625818979915,-4.070459960396,8.419642857117
    ));
#963 = CARTESIAN_POINT('',(2.151188302271,-3.334702779829,8.732142857117
    ));
#964 = CARTESIAN_POINT('',(4.791383712935,-2.132012430683,8.508928571471
    ));
#965 = CARTESIAN_POINT('',(3.92531574863,-1.746639900255,8.821428571471)
  );
#966 = CARTESIAN_POINT('',(5.451469191597,0.969469884465,8.598214285659)
  );
#967 = CARTESIAN_POINT('',(4.466087283574,0.794233071971,8.910714285659)
  );
#968 = CARTESIAN_POINT('',(4.000073015293,4.000073015314,8.687500000058)
  );
#969 = CARTESIAN_POINT('',(3.277038647556,3.27703864759,9.000000000058)
  );
#970 = CARTESIAN_POINT('',(0.969469884484,5.451469191581,8.776785714237)
  );
#971 = CARTESIAN_POINT('',(0.794233072004,4.466087283547,9.089285714237)
  );
#972 = CARTESIAN_POINT('',(-2.132012430692,4.791383712943,8.866071428605
    ));
#973 = CARTESIAN_POINT('',(-1.746639900277,3.925315748645,9.178571428605
    ));
#974 = CARTESIAN_POINT('',(-4.070459960394,2.625818979912,8.955357142838
    ));
#975 = CARTESIAN_POINT('',(-3.334702779818,2.151188302264,9.267857142838
    ));
#976 = CARTESIAN_POINT('',(-4.383412355246,5.029694707264E-02,
    9.044642857151));
#977 = CARTESIAN_POINT('',(-3.591087373026,4.120550769476E-02,
    9.357142857151));
#978 = CARTESIAN_POINT('',(-3.366002637214,-1.983206244762,
    9.133928571426));
#979 = CARTESIAN_POINT('',(-2.757579846118,-1.624731219991,
    9.446428571426));
#980 = CARTESIAN_POINT('',(-1.682996064423,-3.,9.223214285714));
#981 = CARTESIAN_POINT('',(-1.378785618597,-2.457734122635,
    9.535714285714));
#982 = CARTESIAN_POINT('',(1.682996064422,-3.,9.401785714286));
#983 = CARTESIAN_POINT('',(1.378785618597,-2.457734122634,9.714285714286
    ));
#984 = CARTESIAN_POINT('',(3.366002637215,-1.983206244763,9.491071428568
    ));
#985 = CARTESIAN_POINT('',(2.75757984612,-1.624731219995,9.803571428568)
  );
#986 = CARTESIAN_POINT('',(4.38341235524,5.029694707587E-02,
    9.58035714287));
#987 = CARTESIAN_POINT('',(3.59108737302,4.12055077057E-02,9.89285714287
    ));
#988 = CARTESIAN_POINT('',(4.07045996041,2.625818979906,9.669642857109)
  );
#989 = CARTESIAN_POINT('',(3.334702779835,2.151188302242,9.982142857109)
  );
#990 = CARTESIAN_POINT('',(2.13201243066,4.791383712953,9.758928571493)
  );
#991 = CARTESIAN_POINT('',(1.746639900246,3.925315748681,10.071428571493
    ));
#992 = CARTESIAN_POINT('',(-0.969469884437,5.451469191569,9.848214285617
    ));
#993 = CARTESIAN_POINT('',(-0.794233071958,4.466087283501,
    10.160714285617));
#994 = CARTESIAN_POINT('',(-4.000073015342,4.000073015326,9.937500000116
    ));
#995 = CARTESIAN_POINT('',(-3.277038647603,3.277038647638,
    10.250000000116));
#996 = CARTESIAN_POINT('',(-5.45146919156,0.969469884454,10.026785714175
    ));
#997 = CARTESIAN_POINT('',(-4.466087283538,0.794233071929,
    10.339285714175));
#998 = CARTESIAN_POINT('',(-4.791383712957,-2.132012430672,
    10.116071428658));
#999 = CARTESIAN_POINT('',(-3.92531574865,-1.746639900223,
    10.428571428658));
#1000 = CARTESIAN_POINT('',(-2.625818979906,-4.070459960404,
    10.205357142803));
#1001 = CARTESIAN_POINT('',(-2.151188302262,-3.334702779849,
    10.517857142803));
#1002 = CARTESIAN_POINT('',(-5.029694707553E-02,-4.383412355243,
    10.294642857169));
#1003 = CARTESIAN_POINT('',(-4.12055076956E-02,-3.591087373013,
    10.607142857169));
#1004 = CARTESIAN_POINT('',(1.983206244763,-3.366002637214,
    10.383928571419));
#1005 = CARTESIAN_POINT('',(1.624731219992,-2.757579846122,
    10.696428571419));
#1006 = CARTESIAN_POINT('',(3.,-1.682996064423,10.473214285716));
#1007 = CARTESIAN_POINT('',(2.457734122635,-1.378785618597,
    10.785714285716));
#1008 = CARTESIAN_POINT('',(3.,-2.742349476052E-14,10.5625));
#1009 = CARTESIAN_POINT('',(2.457734122635,-1.966782530553E-14,10.875));
#1010 = DEFINITIONAL_REPRESENTATION('',(#1011),#1015);
#1011 = LINE('',#1012,#1013);
#1012 = CARTESIAN_POINT('',(0.,0.));
#1013 = VECTOR('',#1014,1.);
#1014 = DIRECTION('',(1.,0.));
#1015 = ( GEOMETRIC_REPRESENTATION_CONTEXT(2) 
PARAMETRIC_REPRESENTATION_CONTEXT() REPRESENTATION_CONTEXT('2D SPACE',''
  ) );
#1016 = ADVANCED_FACE('',(#1017),#251,.T.);
#1017 = FACE_BOUND('',#1018,.T.);
#1018 = EDGE_LOOP('',(#1019,#1081,#1125,#1185));
#1019 = ORIENTED_EDGE('',*,*,#1020,.T.);
#1020 = EDGE_CURVE('',#24,#1021,#1023,.T.);
#1021 = VERTEX_POINT('',#1022);
#1022 = CARTESIAN_POINT('',(-9.554496238628E-08,-2.45773389795,
    0.312500005602));
#1023 = SURFACE_CURVE('',#1024,(#1036,#1043),.PCURVE_S1.);
#1024 = B_SPLINE_CURVE_WITH_KNOTS('',6,(#1025,#1026,#1027,#1028,#1029,
    #1030,#1031,#1032,#1033,#1034,#1035),.UNSPECIFIED.,.F.,.F.,(7,4,7),(
    0.,0.514772540266,1.),.UNSPECIFIED.);
#1025 = CARTESIAN_POINT('',(3.000000048851,1.750427047753E-07,
    0.562499994988));
#1026 = CARTESIAN_POINT('',(2.935701098441,-0.355723413655,
    0.543628399905));
#1027 = CARTESIAN_POINT('',(2.819190953547,-0.701975588658,
    0.524287923505));
#1028 = CARTESIAN_POINT('',(2.652064317924,-1.029182043429,
    0.504420741693));
#1029 = CARTESIAN_POINT('',(2.438435858159,-1.327998448869,
    0.483971322601));
#1030 = CARTESIAN_POINT('',(1.946170829351,-1.838577394558,
    0.443035257682));
#1031 = CARTESIAN_POINT('',(1.333446574189,-2.193917707606,
    0.399877278437));
#1032 = CARTESIAN_POINT('',(1.014339254404,-2.32542202632,0.37844279296)
  );
#1033 = CARTESIAN_POINT('',(0.680976971336,-2.413603498502,
    0.356598219434));
#1034 = CARTESIAN_POINT('',(0.340490814332,-2.457738109461,
    0.334548946287));
#1035 = CARTESIAN_POINT('',(-1.462485617054E-07,-2.457733647709,
    0.312500011203));
#1036 = PCURVE('',#251,#1037);
#1037 = DEFINITIONAL_REPRESENTATION('',(#1038),#1042);
#1038 = LINE('',#1039,#1040);
#1039 = CARTESIAN_POINT('',(0.,0.));
#1040 = VECTOR('',#1041,1.);
#1041 = DIRECTION('',(1.,0.));
#1042 = ( GEOMETRIC_REPRESENTATION_CONTEXT(2) 
PARAMETRIC_REPRESENTATION_CONTEXT() REPRESENTATION_CONTEXT('2D SPACE',''
  ) );
#1043 = PCURVE('',#1044,#1075);
#1044 = B_SPLINE_SURFACE_WITH_KNOTS('',6,1,(
    (#1045,#1046)
    ,(#1047,#1048)
    ,(#1049,#1050)
    ,(#1051,#1052)
    ,(#1053,#1054)
    ,(#1055,#1056)
    ,(#1057,#1058)
    ,(#1059,#1060)
    ,(#1061,#1062)
    ,(#1063,#1064)
    ,(#1065,#1066)
    ,(#1067,#1068)
    ,(#1069,#1070)
    ,(#1071,#1072)
    ,(#1073,#1074
    )),.UNSPECIFIED.,.F.,.F.,.F.,(7,4,4,7),(2,2),(0.,0.5,0.514772540266,
    1.),(0.,1.),.UNSPECIFIED.);
#1045 = CARTESIAN_POINT('',(2.457734148191,4.484145288419E-08,0.875));
#1046 = CARTESIAN_POINT('',(3.000000048851,1.750427047753E-07,
    0.562499994988));
#1047 = CARTESIAN_POINT('',(2.457733929429,-0.321717003371,0.828125));
#1048 = CARTESIAN_POINT('',(2.937546299495,-0.345515135967,
    0.544169962199));
#1049 = CARTESIAN_POINT('',(2.407199606017,-0.643432037192,0.78125));
#1050 = CARTESIAN_POINT('',(2.825834990304,-0.682094839748,
    0.525397573136));
#1051 = CARTESIAN_POINT('',(2.306127547897,-0.955230182415,0.734375));
#1052 = CARTESIAN_POINT('',(2.666327436517,-1.000965469749,
    0.506129840382));
#1053 = CARTESIAN_POINT('',(2.157122787118,-1.247170892562,0.6875));
#1054 = CARTESIAN_POINT('',(2.462727867595,-1.29355825278,0.486315816735
    ));
#1055 = CARTESIAN_POINT('',(1.959703035485,-1.518169389209,0.63924007435
    ));
#1056 = CARTESIAN_POINT('',(2.213922183844,-1.560483191306,
    0.465314402988));
#1057 = CARTESIAN_POINT('',(1.724406966372,-1.751291568376,0.5909801487)
  );
#1058 = CARTESIAN_POINT('',(1.932299916916,-1.786874765783,
    0.443720603887));
#1059 = CARTESIAN_POINT('',(1.717623612181,-1.757950153338,0.58959522305
    ));
#1060 = CARTESIAN_POINT('',(1.924191298889,-1.793338067199,
    0.443100434727));
#1061 = CARTESIAN_POINT('',(1.710809428911,-1.764577185511,0.5882102974)
  );
#1062 = CARTESIAN_POINT('',(1.916056022762,-1.799767736398,0.4424797791)
  );
#1063 = CARTESIAN_POINT('',(1.479135372796,-1.987805592141,0.5413352974)
  );
#1064 = CARTESIAN_POINT('',(1.63980870177,-2.016247551082,0.421456268059
    ));
#1065 = CARTESIAN_POINT('',(1.212566268119,-2.174480904869,0.4944602974)
  );
#1066 = CARTESIAN_POINT('',(1.333446574189,-2.193917707606,
    0.399877278437));
#1067 = CARTESIAN_POINT('',(0.927568164485,-2.314953749329,0.44897022305
    ));
#1068 = CARTESIAN_POINT('',(1.014339254404,-2.32542202632,0.37844279296)
  );
#1069 = CARTESIAN_POINT('',(0.624421842269,-2.410141575511,0.4034801487)
  );
#1070 = CARTESIAN_POINT('',(0.680976971336,-2.413603498502,
    0.356598219434));
#1071 = CARTESIAN_POINT('',(0.312211847273,-2.457733935892,0.35799007435
    ));
#1072 = CARTESIAN_POINT('',(0.340490814332,-2.457738109461,
    0.334548946287));
#1073 = CARTESIAN_POINT('',(-4.484136306715E-08,-2.457734148191,0.3125)
  );
#1074 = CARTESIAN_POINT('',(-1.462485617054E-07,-2.457733647709,
    0.312500011203));
#1075 = DEFINITIONAL_REPRESENTATION('',(#1076),#1080);
#1076 = LINE('',#1077,#1078);
#1077 = CARTESIAN_POINT('',(0.,1.));
#1078 = VECTOR('',#1079,1.);
#1079 = DIRECTION('',(1.,0.));
#1080 = ( GEOMETRIC_REPRESENTATION_CONTEXT(2) 
PARAMETRIC_REPRESENTATION_CONTEXT() REPRESENTATION_CONTEXT('2D SPACE',''
  ) );
#1081 = ORIENTED_EDGE('',*,*,#1082,.F.);
#1082 = EDGE_CURVE('',#1083,#1021,#1085,.T.);
#1083 = VERTEX_POINT('',#1084);
#1084 = CARTESIAN_POINT('',(-9.554491087194E-08,-2.45773389795,
    0.187500005602));
#1085 = SURFACE_CURVE('',#1086,(#1089,#1095),.PCURVE_S1.);
#1086 = B_SPLINE_CURVE_WITH_KNOTS('',1,(#1087,#1088),.UNSPECIFIED.,.F.,
  .F.,(2,2),(0.,1.),.PIECEWISE_BEZIER_KNOTS.);
#1087 = CARTESIAN_POINT('',(-4.484126003845E-08,-2.457734148191,0.1875)
  );
#1088 = CARTESIAN_POINT('',(-4.484136306715E-08,-2.457734148191,0.3125)
  );
#1089 = PCURVE('',#251,#1090);
#1090 = DEFINITIONAL_REPRESENTATION('',(#1091),#1094);
#1091 = B_SPLINE_CURVE_WITH_KNOTS('',1,(#1092,#1093),.UNSPECIFIED.,.F.,
  .F.,(2,2),(0.,1.),.PIECEWISE_BEZIER_KNOTS.);
#1092 = CARTESIAN_POINT('',(1.,1.));
#1093 = CARTESIAN_POINT('',(1.,0.));
#1094 = ( GEOMETRIC_REPRESENTATION_CONTEXT(2) 
PARAMETRIC_REPRESENTATION_CONTEXT() REPRESENTATION_CONTEXT('2D SPACE',''
  ) );
#1095 = PCURVE('',#1096,#1119);
#1096 = B_SPLINE_SURFACE_WITH_KNOTS('',6,1,(
    (#1097,#1098)
    ,(#1099,#1100)
    ,(#1101,#1102)
    ,(#1103,#1104)
    ,(#1105,#1106)
    ,(#1107,#1108)
    ,(#1109,#1110)
    ,(#1111,#1112)
    ,(#1113,#1114)
    ,(#1115,#1116)
    ,(#1117,#1118
  )),.UNSPECIFIED.,.F.,.F.,.F.,(7,4,7),(2,2),(0.,0.5,1.),(0.,1.),
  .UNSPECIFIED.);
#1097 = CARTESIAN_POINT('',(2.457734148191,4.484136040261E-08,0.125));
#1098 = CARTESIAN_POINT('',(2.457734148191,4.484145288419E-08,0.875));
#1099 = CARTESIAN_POINT('',(2.457733929428,-0.321717003371,
    0.130208333333));
#1100 = CARTESIAN_POINT('',(2.457733929429,-0.321717003371,0.828125));
#1101 = CARTESIAN_POINT('',(2.407199606019,-0.643432037192,
    0.135416666667));
#1102 = CARTESIAN_POINT('',(2.407199606017,-0.643432037192,0.78125));
#1103 = CARTESIAN_POINT('',(2.306127547895,-0.955230182415,0.140625));
#1104 = CARTESIAN_POINT('',(2.306127547897,-0.955230182415,0.734375));
#1105 = CARTESIAN_POINT('',(2.157122787119,-1.247170892563,
    0.145833333333));
#1106 = CARTESIAN_POINT('',(2.157122787118,-1.247170892562,0.6875));
#1107 = CARTESIAN_POINT('',(1.773614079502,-1.773614079503,0.15625));
#1108 = CARTESIAN_POINT('',(1.773614079503,-1.773614079503,0.59375));
#1109 = CARTESIAN_POINT('',(1.247170892563,-2.157122787118,
    0.166666666667));
#1110 = CARTESIAN_POINT('',(1.247170892563,-2.157122787118,0.5));
#1111 = CARTESIAN_POINT('',(0.955230182414,-2.306127547897,0.171875));
#1112 = CARTESIAN_POINT('',(0.955230182415,-2.306127547898,0.453125));
#1113 = CARTESIAN_POINT('',(0.643432037193,-2.407199606017,
    0.177083333333));
#1114 = CARTESIAN_POINT('',(0.643432037192,-2.407199606017,0.40625));
#1115 = CARTESIAN_POINT('',(0.32171700337,-2.457733929429,0.182291666667
    ));
#1116 = CARTESIAN_POINT('',(0.321717003371,-2.457733929429,0.359375));
#1117 = CARTESIAN_POINT('',(-4.484126003845E-08,-2.457734148191,0.1875)
  );
#1118 = CARTESIAN_POINT('',(-4.484136306715E-08,-2.457734148191,0.3125)
  );
#1119 = DEFINITIONAL_REPRESENTATION('',(#1120),#1124);
#1120 = LINE('',#1121,#1122);
#1121 = CARTESIAN_POINT('',(1.,0.));
#1122 = VECTOR('',#1123,1.);
#1123 = DIRECTION('',(0.,1.));
#1124 = ( GEOMETRIC_REPRESENTATION_CONTEXT(2) 
PARAMETRIC_REPRESENTATION_CONTEXT() REPRESENTATION_CONTEXT('2D SPACE',''
  ) );
#1125 = ORIENTED_EDGE('',*,*,#1126,.F.);
#1126 = EDGE_CURVE('',#22,#1083,#1127,.T.);
#1127 = SURFACE_CURVE('',#1128,(#1140,#1147),.PCURVE_S1.);
#1128 = B_SPLINE_CURVE_WITH_KNOTS('',6,(#1129,#1130,#1131,#1132,#1133,
    #1134,#1135,#1136,#1137,#1138,#1139),.UNSPECIFIED.,.F.,.F.,(7,4,7),(
    0.,0.514772540266,1.),.UNSPECIFIED.);
#1129 = CARTESIAN_POINT('',(3.000000048851,1.750427047753E-07,
    0.437499994988));
#1130 = CARTESIAN_POINT('',(2.935701098441,-0.355723413655,
    0.418628399905));
#1131 = CARTESIAN_POINT('',(2.819190953547,-0.701975588658,
    0.399287923505));
#1132 = CARTESIAN_POINT('',(2.652064317924,-1.029182043429,
    0.379420741693));
#1133 = CARTESIAN_POINT('',(2.438435858159,-1.327998448869,
    0.358971322601));
#1134 = CARTESIAN_POINT('',(1.946170829351,-1.838577394558,
    0.318035257682));
#1135 = CARTESIAN_POINT('',(1.333446574189,-2.193917707606,
    0.274877278437));
#1136 = CARTESIAN_POINT('',(1.014339254404,-2.32542202632,0.25344279296)
  );
#1137 = CARTESIAN_POINT('',(0.680976971336,-2.413603498502,
    0.231598219434));
#1138 = CARTESIAN_POINT('',(0.340490814332,-2.457738109461,
    0.209548946287));
#1139 = CARTESIAN_POINT('',(-1.462485617054E-07,-2.457733647709,
    0.187500011203));
#1140 = PCURVE('',#251,#1141);
#1141 = DEFINITIONAL_REPRESENTATION('',(#1142),#1146);
#1142 = LINE('',#1143,#1144);
#1143 = CARTESIAN_POINT('',(0.,1.));
#1144 = VECTOR('',#1145,1.);
#1145 = DIRECTION('',(1.,0.));
#1146 = ( GEOMETRIC_REPRESENTATION_CONTEXT(2) 
PARAMETRIC_REPRESENTATION_CONTEXT() REPRESENTATION_CONTEXT('2D SPACE',''
  ) );
#1147 = PCURVE('',#1148,#1179);
#1148 = B_SPLINE_SURFACE_WITH_KNOTS('',6,1,(
    (#1149,#1150)
    ,(#1151,#1152)
    ,(#1153,#1154)
    ,(#1155,#1156)
    ,(#1157,#1158)
    ,(#1159,#1160)
    ,(#1161,#1162)
    ,(#1163,#1164)
    ,(#1165,#1166)
    ,(#1167,#1168)
    ,(#1169,#1170)
    ,(#1171,#1172)
    ,(#1173,#1174)
    ,(#1175,#1176)
    ,(#1177,#1178
    )),.UNSPECIFIED.,.F.,.F.,.F.,(7,4,4,7),(2,2),(0.,0.5,0.514772540266,
    1.),(0.,1.),.UNSPECIFIED.);
#1149 = CARTESIAN_POINT('',(3.000000048851,1.750427047753E-07,
    0.437499994988));
#1150 = CARTESIAN_POINT('',(2.457734148191,4.484136040261E-08,0.125));
#1151 = CARTESIAN_POINT('',(2.937546299495,-0.345515135967,
    0.419169962199));
#1152 = CARTESIAN_POINT('',(2.457733929428,-0.321717003371,
    0.130208333333));
#1153 = CARTESIAN_POINT('',(2.825834990304,-0.682094839748,
    0.400397573136));
#1154 = CARTESIAN_POINT('',(2.407199606019,-0.643432037192,
    0.135416666667));
#1155 = CARTESIAN_POINT('',(2.666327436517,-1.000965469749,
    0.381129840382));
#1156 = CARTESIAN_POINT('',(2.306127547895,-0.955230182415,0.140625));
#1157 = CARTESIAN_POINT('',(2.462727867595,-1.29355825278,0.361315816735
    ));
#1158 = CARTESIAN_POINT('',(2.157122787119,-1.247170892563,
    0.145833333333));
#1159 = CARTESIAN_POINT('',(2.213922183844,-1.560483191306,
    0.340314402988));
#1160 = CARTESIAN_POINT('',(1.959703035485,-1.518169389209,
    0.151195547294));
#1161 = CARTESIAN_POINT('',(1.932299916916,-1.786874765783,
    0.318720603887));
#1162 = CARTESIAN_POINT('',(1.724406966372,-1.751291568376,
    0.156557761256));
#1163 = CARTESIAN_POINT('',(1.924191298889,-1.793338067199,
    0.318100434727));
#1164 = CARTESIAN_POINT('',(1.717623612181,-1.757950153338,
    0.156711641883));
#1165 = CARTESIAN_POINT('',(1.916056022762,-1.799767736398,0.3174797791)
  );
#1166 = CARTESIAN_POINT('',(1.710809428911,-1.764577185511,
    0.156865522511));
#1167 = CARTESIAN_POINT('',(1.63980870177,-2.016247551082,0.296456268059
    ));
#1168 = CARTESIAN_POINT('',(1.479135372796,-1.987805592141,
    0.162073855844));
#1169 = CARTESIAN_POINT('',(1.333446574189,-2.193917707606,
    0.274877278437));
#1170 = CARTESIAN_POINT('',(1.212566268119,-2.17448090487,0.167282189178
    ));
#1171 = CARTESIAN_POINT('',(1.014339254404,-2.32542202632,0.25344279296)
  );
#1172 = CARTESIAN_POINT('',(0.927568164484,-2.314953749328,
    0.172336641883));
#1173 = CARTESIAN_POINT('',(0.680976971336,-2.413603498502,
    0.231598219434));
#1174 = CARTESIAN_POINT('',(0.62442184227,-2.410141575512,0.177391094589
    ));
#1175 = CARTESIAN_POINT('',(0.340490814332,-2.457738109461,
    0.209548946287));
#1176 = CARTESIAN_POINT('',(0.312211847273,-2.457733935892,
    0.182445547294));
#1177 = CARTESIAN_POINT('',(-1.462485617054E-07,-2.457733647709,
    0.187500011203));
#1178 = CARTESIAN_POINT('',(-4.484126003845E-08,-2.457734148191,0.1875)
  );
#1179 = DEFINITIONAL_REPRESENTATION('',(#1180),#1184);
#1180 = LINE('',#1181,#1182);
#1181 = CARTESIAN_POINT('',(0.,0.));
#1182 = VECTOR('',#1183,1.);
#1183 = DIRECTION('',(1.,0.));
#1184 = ( GEOMETRIC_REPRESENTATION_CONTEXT(2) 
PARAMETRIC_REPRESENTATION_CONTEXT() REPRESENTATION_CONTEXT('2D SPACE',''
  ) );
#1185 = ORIENTED_EDGE('',*,*,#21,.T.);
#1186 = ADVANCED_FACE('',(#1187),#797,.T.);
#1187 = FACE_BOUND('',#1188,.T.);
#1188 = EDGE_LOOP('',(#1189,#1210,#1211,#1291));
#1189 = ORIENTED_EDGE('',*,*,#1190,.T.);
#1190 = EDGE_CURVE('',#1191,#24,#1193,.T.);
#1191 = VERTEX_POINT('',#1192);
#1192 = CARTESIAN_POINT('',(2.457734135413,2.24207264421E-08,0.875));
#1193 = SURFACE_CURVE('',#1194,(#1197,#1203),.PCURVE_S1.);
#1194 = B_SPLINE_CURVE_WITH_KNOTS('',1,(#1195,#1196),.UNSPECIFIED.,.F.,
  .F.,(2,2),(0.,1.),.PIECEWISE_BEZIER_KNOTS.);
#1195 = CARTESIAN_POINT('',(2.457734148191,4.484145288419E-08,0.875));
#1196 = CARTESIAN_POINT('',(3.000000048851,1.750427047753E-07,
    0.562499994988));
#1197 = PCURVE('',#797,#1198);
#1198 = DEFINITIONAL_REPRESENTATION('',(#1199),#1202);
#1199 = B_SPLINE_CURVE_WITH_KNOTS('',1,(#1200,#1201),.UNSPECIFIED.,.F.,
  .F.,(2,2),(0.,1.),.PIECEWISE_BEZIER_KNOTS.);
#1200 = CARTESIAN_POINT('',(0.,1.));
#1201 = CARTESIAN_POINT('',(0.,0.));
#1202 = ( GEOMETRIC_REPRESENTATION_CONTEXT(2) 
PARAMETRIC_REPRESENTATION_CONTEXT() REPRESENTATION_CONTEXT('2D SPACE',''
  ) );
#1203 = PCURVE('',#1044,#1204);
#1204 = DEFINITIONAL_REPRESENTATION('',(#1205),#1209);
#1205 = LINE('',#1206,#1207);
#1206 = CARTESIAN_POINT('',(0.,0.));
#1207 = VECTOR('',#1208,1.);
#1208 = DIRECTION('',(0.,1.));
#1209 = ( GEOMETRIC_REPRESENTATION_CONTEXT(2) 
PARAMETRIC_REPRESENTATION_CONTEXT() REPRESENTATION_CONTEXT('2D SPACE',''
  ) );
#1210 = ORIENTED_EDGE('',*,*,#680,.T.);
#1211 = ORIENTED_EDGE('',*,*,#1212,.T.);
#1212 = EDGE_CURVE('',#620,#1213,#1215,.T.);
#1213 = VERTEX_POINT('',#1214);
#1214 = CARTESIAN_POINT('',(1.737880479788,1.737880464754,10.));
#1215 = SURFACE_CURVE('',#1216,(#1239,#1265),.PCURVE_S1.);
#1216 = B_SPLINE_CURVE_WITH_KNOTS('',6,(#1217,#1218,#1219,#1220,#1221,
    #1222,#1223,#1224,#1225,#1226,#1227,#1228,#1229,#1230,#1231,#1232,
    #1233,#1234,#1235,#1236,#1237,#1238),.UNSPECIFIED.,.F.,.F.,(7,5,5,5,
    7),(0.,0.288669708051,0.547930514176,0.783876920955,1.),
  .UNSPECIFIED.);
#1217 = CARTESIAN_POINT('',(-2.771638521246,1.148050374046,10.));
#1218 = CARTESIAN_POINT('',(-2.649405814065,1.380281055836,10.));
#1219 = CARTESIAN_POINT('',(-2.502813454393,1.599399556241,10.));
#1220 = CARTESIAN_POINT('',(-2.333408859834,1.80196389448,10.));
#1221 = CARTESIAN_POINT('',(-2.143356610522,1.984886490949,10.));
#1222 = CARTESIAN_POINT('',(-1.93533517316,2.145366972825,10.));
#1223 = CARTESIAN_POINT('',(-1.512748077451,2.403011337174,10.));
#1224 = CARTESIAN_POINT('',(-1.300953391794,2.504993825556,10.));
#1225 = CARTESIAN_POINT('',(-1.079744450782,2.585359377111,10.));
#1226 = CARTESIAN_POINT('',(-0.851812949104,2.642863117745,10.));
#1227 = CARTESIAN_POINT('',(-0.620078833634,2.676642028332,10.));
#1228 = CARTESIAN_POINT('',(-0.176243538268,2.695264629202,10.));
#1229 = CARTESIAN_POINT('',(3.579521828577E-02,2.684237825926,10.));
#1230 = CARTESIAN_POINT('',(0.246005856318,2.65306618024,10.));
#1231 = CARTESIAN_POINT('',(0.451972411483,2.601903082953,10.));
#1232 = CARTESIAN_POINT('',(0.651262642844,2.531252715799,10.));
#1233 = CARTESIAN_POINT('',(1.015705674894,2.360415899161,10.));
#1234 = CARTESIAN_POINT('',(1.18235089545,2.263195230723,10.));
#1235 = CARTESIAN_POINT('',(1.339554294978,2.151167512336,10.));
#1236 = CARTESIAN_POINT('',(1.48558739307,2.025361364602,10.));
#1237 = CARTESIAN_POINT('',(1.61883781934,1.887063486065,10.));
#1238 = CARTESIAN_POINT('',(1.737880479788,1.737880464754,10.));
#1239 = PCURVE('',#797,#1240);
#1240 = DEFINITIONAL_REPRESENTATION('',(#1241),#1264);
#1241 = B_SPLINE_CURVE_WITH_KNOTS('',6,(#1242,#1243,#1244,#1245,#1246,
    #1247,#1248,#1249,#1250,#1251,#1252,#1253,#1254,#1255,#1256,#1257,
    #1258,#1259,#1260,#1261,#1262,#1263),.UNSPECIFIED.,.F.,.F.,(7,5,5,5,
    7),(0.,0.288669708051,0.547930514176,0.783876920955,1.),
  .UNSPECIFIED.);
#1242 = CARTESIAN_POINT('',(60.043877179167,0.));
#1243 = CARTESIAN_POINT('',(59.955670948932,4.436469259184E-02));
#1244 = CARTESIAN_POINT('',(59.866709770741,8.910909797643E-02));
#1245 = CARTESIAN_POINT('',(59.777005700377,0.134227152511));
#1246 = CARTESIAN_POINT('',(59.68652330495,0.179736677716));
#1247 = CARTESIAN_POINT('',(59.595215150634,0.225661531171));
#1248 = CARTESIAN_POINT('',(59.420340146363,0.313617628896));
#1249 = CARTESIAN_POINT('',(59.336909988874,0.355580121569));
#1250 = CARTESIAN_POINT('',(59.252799233368,0.397884931578));
#1251 = CARTESIAN_POINT('',(59.167978586706,0.440546792363));
#1252 = CARTESIAN_POINT('',(59.082409957827,0.483584862414));
#1253 = CARTESIAN_POINT('',(58.917535621139,0.566510969152));
#1254 = CARTESIAN_POINT('',(58.838341848002,0.60634270656));
#1255 = CARTESIAN_POINT('',(58.758511314931,0.64649471226));
#1256 = CARTESIAN_POINT('',(58.678018624723,0.68697976017));
#1257 = CARTESIAN_POINT('',(58.596831505728,0.727814081816));
#1258 = CARTESIAN_POINT('',(58.439938940756,0.806725632581));
#1259 = CARTESIAN_POINT('',(58.36433286466,0.844752882076));
#1260 = CARTESIAN_POINT('',(58.288125448362,0.883082584958));
#1261 = CARTESIAN_POINT('',(58.211294161237,0.921726073357));
#1262 = CARTESIAN_POINT('',(58.133810936173,0.960697464061));
#1263 = CARTESIAN_POINT('',(58.055669325552,1.));
#1264 = ( GEOMETRIC_REPRESENTATION_CONTEXT(2) 
PARAMETRIC_REPRESENTATION_CONTEXT() REPRESENTATION_CONTEXT('2D SPACE',''
  ) );
#1265 = PCURVE('',#657,#1266);
#1266 = DEFINITIONAL_REPRESENTATION('',(#1267),#1290);
#1267 = B_SPLINE_CURVE_WITH_KNOTS('',6,(#1268,#1269,#1270,#1271,#1272,
    #1273,#1274,#1275,#1276,#1277,#1278,#1279,#1280,#1281,#1282,#1283,
    #1284,#1285,#1286,#1287,#1288,#1289),.UNSPECIFIED.,.F.,.F.,(7,5,5,5,
    7),(0.,0.288669708051,0.547930514176,0.783876920955,1.),
  .UNSPECIFIED.);
#1268 = CARTESIAN_POINT('',(3.228361478754,7.148050374046));
#1269 = CARTESIAN_POINT('',(3.350594185935,7.380281055836));
#1270 = CARTESIAN_POINT('',(3.497186545607,7.599399556241));
#1271 = CARTESIAN_POINT('',(3.666591140166,7.80196389448));
#1272 = CARTESIAN_POINT('',(3.856643389478,7.984886490949));
#1273 = CARTESIAN_POINT('',(4.06466482684,8.145366972825));
#1274 = CARTESIAN_POINT('',(4.487251922549,8.403011337174));
#1275 = CARTESIAN_POINT('',(4.699046608206,8.504993825556));
#1276 = CARTESIAN_POINT('',(4.920255549218,8.585359377111));
#1277 = CARTESIAN_POINT('',(5.148187050896,8.642863117745));
#1278 = CARTESIAN_POINT('',(5.379921166366,8.676642028332));
#1279 = CARTESIAN_POINT('',(5.823756461732,8.695264629202));
#1280 = CARTESIAN_POINT('',(6.035795218286,8.684237825926));
#1281 = CARTESIAN_POINT('',(6.246005856318,8.65306618024));
#1282 = CARTESIAN_POINT('',(6.451972411483,8.601903082953));
#1283 = CARTESIAN_POINT('',(6.651262642844,8.531252715799));
#1284 = CARTESIAN_POINT('',(7.015705674894,8.360415899161));
#1285 = CARTESIAN_POINT('',(7.18235089545,8.263195230723));
#1286 = CARTESIAN_POINT('',(7.339554294978,8.151167512336));
#1287 = CARTESIAN_POINT('',(7.48558739307,8.025361364602));
#1288 = CARTESIAN_POINT('',(7.61883781934,7.887063486065));
#1289 = CARTESIAN_POINT('',(7.737880479788,7.737880464754));
#1290 = ( GEOMETRIC_REPRESENTATION_CONTEXT(2) 
PARAMETRIC_REPRESENTATION_CONTEXT() REPRESENTATION_CONTEXT('2D SPACE',''
  ) );
#1291 = ORIENTED_EDGE('',*,*,#1292,.F.);
#1292 = EDGE_CURVE('',#1191,#1213,#1293,.T.);
#1293 = SURFACE_CURVE('',#1294,(#1401,#1408),.PCURVE_S1.);
#1294 = B_SPLINE_CURVE_WITH_KNOTS('',14,(#1295,#1296,#1297,#1298,#1299,
    #1300,#1301,#1302,#1303,#1304,#1305,#1306,#1307,#1308,#1309,#1310,
    #1311,#1312,#1313,#1314,#1315,#1316,#1317,#1318,#1319,#1320,#1321,
    #1322,#1323,#1324,#1325,#1326,#1327,#1328,#1329,#1330,#1331,#1332,
    #1333,#1334,#1335,#1336,#1337,#1338,#1339,#1340,#1341,#1342,#1343,
    #1344,#1345,#1346,#1347,#1348,#1349,#1350,#1351,#1352,#1353,#1354,
    #1355,#1356,#1357,#1358,#1359,#1360,#1361,#1362,#1363,#1364,#1365,
    #1366,#1367,#1368,#1369,#1370,#1371,#1372,#1373,#1374,#1375,#1376,
    #1377,#1378,#1379,#1380,#1381,#1382,#1383,#1384,#1385,#1386,#1387,
    #1388,#1389,#1390,#1391,#1392,#1393,#1394,#1395,#1396,#1397,#1398,
    #1399,#1400),.UNSPECIFIED.,.F.,.F.,(15,13,13,13,13,13,13,13,15),(0.,
    7.952831414459,15.905662828918,23.858494243377,31.811325657837,
    39.764157072296,47.716988486755,55.669819901214,63.622651315673),
  .UNSPECIFIED.);
#1295 = CARTESIAN_POINT('',(2.457734122635,3.330669073875E-15,0.875));
#1296 = CARTESIAN_POINT('',(2.457734122635,1.378785618598,0.964285714286
    ));
#1297 = CARTESIAN_POINT('',(1.62473121999,2.757579846116,1.053571428572)
  );
#1298 = CARTESIAN_POINT('',(-4.120550768855E-02,3.59108737303,
    1.142857142855));
#1299 = CARTESIAN_POINT('',(-2.151188302278,3.334702779813,
    1.232142857147));
#1300 = CARTESIAN_POINT('',(-3.925315748621,1.746639900284,
    1.321428571422));
#1301 = CARTESIAN_POINT('',(-4.466087283579,-0.794233072012,
    1.410714285724));
#1302 = CARTESIAN_POINT('',(-3.277038647556,-3.277038647545,
    1.499999999989));
#1303 = CARTESIAN_POINT('',(-0.794233072001,-4.466087283588,
    1.589285714296));
#1304 = CARTESIAN_POINT('',(1.746639900275,-3.925315748616,
    1.678571428563));
#1305 = CARTESIAN_POINT('',(3.334702779819,-2.151188302281,
    1.767857142862));
#1306 = CARTESIAN_POINT('',(3.591087373027,-4.120550768811E-02,
    1.857142857141));
#1307 = CARTESIAN_POINT('',(2.757579846117,1.62473121999,1.946428571429)
  );
#1308 = CARTESIAN_POINT('',(1.378785618598,2.457734122635,2.035714285714
    ));
#1309 = CARTESIAN_POINT('',(-1.378785618598,2.457734122635,
    2.214285714285));
#1310 = CARTESIAN_POINT('',(-2.757579846117,1.624731219988,
    2.303571428573));
#1311 = CARTESIAN_POINT('',(-3.591087373028,-4.120550768176E-02,
    2.392857142852));
#1312 = CARTESIAN_POINT('',(-3.334702779817,-2.151188302293,
    2.482142857154));
#1313 = CARTESIAN_POINT('',(-1.746639900277,-3.925315748596,
    2.571428571411));
#1314 = CARTESIAN_POINT('',(0.794233072002,-4.466087283615,
    2.660714285735));
#1315 = CARTESIAN_POINT('',(3.277038647556,-3.277038647513,2.74999999998
    ));
#1316 = CARTESIAN_POINT('',(4.466087283577,-0.794233072042,
    2.839285714301));
#1317 = CARTESIAN_POINT('',(3.925315748624,1.746639900308,2.928571428562
    ));
#1318 = CARTESIAN_POINT('',(2.151188302276,3.334702779797,3.017857142861
    ));
#1319 = CARTESIAN_POINT('',(4.120550769002E-02,3.591087373038,
    3.107142857142));
#1320 = CARTESIAN_POINT('',(-1.62473121999,2.757579846114,3.196428571428
    ));
#1321 = CARTESIAN_POINT('',(-2.457734122635,1.378785618598,
    3.285714285715));
#1322 = CARTESIAN_POINT('',(-2.457734122635,-1.378785618598,
    3.464285714285));
#1323 = CARTESIAN_POINT('',(-1.624731219988,-2.757579846114,
    3.553571428576));
#1324 = CARTESIAN_POINT('',(4.120550768135E-02,-3.591087373036,
    3.642857142843));
#1325 = CARTESIAN_POINT('',(2.151188302295,-3.334702779803,
    3.732142857175));
#1326 = CARTESIAN_POINT('',(3.925315748592,-1.746639900297,
    3.821428571373));
#1327 = CARTESIAN_POINT('',(4.466087283619,0.794233072022,3.910714285789
    ));
#1328 = CARTESIAN_POINT('',(3.277038647511,3.27703864754,3.999999999918)
  );
#1329 = CARTESIAN_POINT('',(0.794233072041,4.466087283587,4.089285714358
    ));
#1330 = CARTESIAN_POINT('',(-1.746639900305,3.925315748621,
    4.178571428519));
#1331 = CARTESIAN_POINT('',(-3.334702779801,2.151188302276,
    4.267857142888));
#1332 = CARTESIAN_POINT('',(-3.591087373035,4.120550769145E-02,
    4.357142857129));
#1333 = CARTESIAN_POINT('',(-2.757579846115,-1.624731219991,
    4.446428571433));
#1334 = CARTESIAN_POINT('',(-1.378785618598,-2.457734122634,
    4.535714285714));
#1335 = CARTESIAN_POINT('',(1.378785618598,-2.457734122635,
    4.714285714285));
#1336 = CARTESIAN_POINT('',(2.757579846118,-1.624731219988,
    4.803571428576));
#1337 = CARTESIAN_POINT('',(3.591087373024,4.120550768235E-02,
    4.892857142842));
#1338 = CARTESIAN_POINT('',(3.334702779826,2.151188302291,4.982142857176
    ));
#1339 = CARTESIAN_POINT('',(1.746639900263,3.925315748601,5.071428571376
    ));
#1340 = CARTESIAN_POINT('',(-0.794233071984,4.466087283605,
    5.160714285781));
#1341 = CARTESIAN_POINT('',(-3.277038647575,3.277038647527,
    5.249999999932));
#1342 = CARTESIAN_POINT('',(-4.466087283559,0.794233072028,
    5.339285714342));
#1343 = CARTESIAN_POINT('',(-3.925315748638,-1.746639900297,
    5.428571428533));
#1344 = CARTESIAN_POINT('',(-2.151188302267,-3.334702779805,
    5.517857142878));
#1345 = CARTESIAN_POINT('',(-4.120550769464E-02,-3.591087373034,
    5.607142857134));
#1346 = CARTESIAN_POINT('',(1.624731219992,-2.757579846115,
    5.696428571432));
#1347 = CARTESIAN_POINT('',(2.457734122635,-1.378785618598,
    5.785714285714));
#1348 = CARTESIAN_POINT('',(2.457734122634,1.378785618598,5.964285714287
    ));
#1349 = CARTESIAN_POINT('',(1.624731219994,2.757579846119,6.053571428567
    ));
#1350 = CARTESIAN_POINT('',(-4.120550770244E-02,3.591087373022,
    6.142857142871));
#1351 = CARTESIAN_POINT('',(-2.151188302249,3.33470277983,6.232142857112
    ));
#1352 = CARTESIAN_POINT('',(-3.925315748666,1.746639900254,
    6.321428571481));
#1353 = CARTESIAN_POINT('',(-4.466087283526,-0.794233071971,
    6.410714285642));
#1354 = CARTESIAN_POINT('',(-3.277038647605,-3.27703864759,
    6.500000000081));
#1355 = CARTESIAN_POINT('',(-0.794233071962,-4.466087283548,
    6.589285714213));
#1356 = CARTESIAN_POINT('',(1.746639900249,-3.925315748643,
    6.678571428625));
#1357 = CARTESIAN_POINT('',(3.334702779833,-2.151188302268,
    6.767857142825));
#1358 = CARTESIAN_POINT('',(3.59108737302,-4.120550769244E-02,
    6.857142857158));
#1359 = CARTESIAN_POINT('',(2.75757984612,1.62473121999,6.946428571424)
  );
#1360 = CARTESIAN_POINT('',(1.378785618597,2.457734122635,7.035714285715
    ));
#1361 = CARTESIAN_POINT('',(-1.378785618597,2.457734122634,
    7.214285714286));
#1362 = CARTESIAN_POINT('',(-2.757579846121,1.624731219993,7.30357142857
    ));
#1363 = CARTESIAN_POINT('',(-3.591087373015,-4.120550769844E-02,
    7.392857142864));
#1364 = CARTESIAN_POINT('',(-3.334702779847,-2.151188302258,
    7.482142857124));
#1365 = CARTESIAN_POINT('',(-1.746639900224,-3.925315748654,
    7.571428571466));
#1366 = CARTESIAN_POINT('',(0.794233071927,-4.466087283539,7.66071428566
    ));
#1367 = CARTESIAN_POINT('',(3.277038647638,-3.277038647594,
    7.750000000062));
#1368 = CARTESIAN_POINT('',(4.466087283507,-0.79423307197,7.839285714229
    ));
#1369 = CARTESIAN_POINT('',(3.925315748672,1.746639900256,7.928571428613
    ));
#1370 = CARTESIAN_POINT('',(2.151188302251,3.334702779829,8.017857142834
    ));
#1371 = CARTESIAN_POINT('',(4.120550769988E-02,3.591087373023,
    8.107142857153));
#1372 = CARTESIAN_POINT('',(-1.624731219993,2.757579846119,
    8.196428571426));
#1373 = CARTESIAN_POINT('',(-2.457734122634,1.378785618597,
    8.285714285714));
#1374 = CARTESIAN_POINT('',(-2.457734122635,-1.378785618597,
    8.464285714286));
#1375 = CARTESIAN_POINT('',(-1.624731219991,-2.757579846119,
    8.553571428568));
#1376 = CARTESIAN_POINT('',(4.120550769276E-02,-3.591087373023,
    8.642857142869));
#1377 = CARTESIAN_POINT('',(2.151188302271,-3.334702779829,
    8.732142857117));
#1378 = CARTESIAN_POINT('',(3.92531574863,-1.746639900255,8.821428571471
    ));
#1379 = CARTESIAN_POINT('',(4.466087283574,0.794233071971,8.910714285659
    ));
#1380 = CARTESIAN_POINT('',(3.277038647556,3.27703864759,9.000000000058)
  );
#1381 = CARTESIAN_POINT('',(0.794233072004,4.466087283547,9.089285714237
    ));
#1382 = CARTESIAN_POINT('',(-1.746639900277,3.925315748645,
    9.178571428605));
#1383 = CARTESIAN_POINT('',(-3.334702779818,2.151188302264,
    9.267857142838));
#1384 = CARTESIAN_POINT('',(-3.591087373026,4.120550769476E-02,
    9.357142857151));
#1385 = CARTESIAN_POINT('',(-2.757579846118,-1.624731219991,
    9.446428571426));
#1386 = CARTESIAN_POINT('',(-1.378785618597,-2.457734122635,
    9.535714285714));
#1387 = CARTESIAN_POINT('',(1.378785618597,-2.457734122634,
    9.714285714286));
#1388 = CARTESIAN_POINT('',(2.75757984612,-1.624731219995,9.803571428568
    ));
#1389 = CARTESIAN_POINT('',(3.59108737302,4.12055077057E-02,
    9.89285714287));
#1390 = CARTESIAN_POINT('',(3.334702779835,2.151188302242,9.982142857109
    ));
#1391 = CARTESIAN_POINT('',(1.746639900246,3.925315748681,
    10.071428571493));
#1392 = CARTESIAN_POINT('',(-0.794233071958,4.466087283501,
    10.160714285617));
#1393 = CARTESIAN_POINT('',(-3.277038647603,3.277038647638,
    10.250000000116));
#1394 = CARTESIAN_POINT('',(-4.466087283538,0.794233071929,
    10.339285714175));
#1395 = CARTESIAN_POINT('',(-3.92531574865,-1.746639900223,
    10.428571428658));
#1396 = CARTESIAN_POINT('',(-2.151188302262,-3.334702779849,
    10.517857142803));
#1397 = CARTESIAN_POINT('',(-4.12055076956E-02,-3.591087373013,
    10.607142857169));
#1398 = CARTESIAN_POINT('',(1.624731219992,-2.757579846122,
    10.696428571419));
#1399 = CARTESIAN_POINT('',(2.457734122635,-1.378785618597,
    10.785714285716));
#1400 = CARTESIAN_POINT('',(2.457734122635,-1.966782530553E-14,10.875));
#1401 = PCURVE('',#797,#1402);
#1402 = DEFINITIONAL_REPRESENTATION('',(#1403),#1407);
#1403 = LINE('',#1404,#1405);
#1404 = CARTESIAN_POINT('',(0.,1.));
#1405 = VECTOR('',#1406,1.);
#1406 = DIRECTION('',(1.,0.));
#1407 = ( GEOMETRIC_REPRESENTATION_CONTEXT(2) 
PARAMETRIC_REPRESENTATION_CONTEXT() REPRESENTATION_CONTEXT('2D SPACE',''
  ) );
#1408 = PCURVE('',#1409,#1622);
#1409 = B_SPLINE_SURFACE_WITH_KNOTS('',14,1,(
    (#1410,#1411)
    ,(#1412,#1413)
    ,(#1414,#1415)
    ,(#1416,#1417)
    ,(#1418,#1419)
    ,(#1420,#1421)
    ,(#1422,#1423)
    ,(#1424,#1425)
    ,(#1426,#1427)
    ,(#1428,#1429)
    ,(#1430,#1431)
    ,(#1432,#1433)
    ,(#1434,#1435)
    ,(#1436,#1437)
    ,(#1438,#1439)
    ,(#1440,#1441)
    ,(#1442,#1443)
    ,(#1444,#1445)
    ,(#1446,#1447)
    ,(#1448,#1449)
    ,(#1450,#1451)
    ,(#1452,#1453)
    ,(#1454,#1455)
    ,(#1456,#1457)
    ,(#1458,#1459)
    ,(#1460,#1461)
    ,(#1462,#1463)
    ,(#1464,#1465)
    ,(#1466,#1467)
    ,(#1468,#1469)
    ,(#1470,#1471)
    ,(#1472,#1473)
    ,(#1474,#1475)
    ,(#1476,#1477)
    ,(#1478,#1479)
    ,(#1480,#1481)
    ,(#1482,#1483)
    ,(#1484,#1485)
    ,(#1486,#1487)
    ,(#1488,#1489)
    ,(#1490,#1491)
    ,(#1492,#1493)
    ,(#1494,#1495)
    ,(#1496,#1497)
    ,(#1498,#1499)
    ,(#1500,#1501)
    ,(#1502,#1503)
    ,(#1504,#1505)
    ,(#1506,#1507)
    ,(#1508,#1509)
    ,(#1510,#1511)
    ,(#1512,#1513)
    ,(#1514,#1515)
    ,(#1516,#1517)
    ,(#1518,#1519)
    ,(#1520,#1521)
    ,(#1522,#1523)
    ,(#1524,#1525)
    ,(#1526,#1527)
    ,(#1528,#1529)
    ,(#1530,#1531)
    ,(#1532,#1533)
    ,(#1534,#1535)
    ,(#1536,#1537)
    ,(#1538,#1539)
    ,(#1540,#1541)
    ,(#1542,#1543)
    ,(#1544,#1545)
    ,(#1546,#1547)
    ,(#1548,#1549)
    ,(#1550,#1551)
    ,(#1552,#1553)
    ,(#1554,#1555)
    ,(#1556,#1557)
    ,(#1558,#1559)
    ,(#1560,#1561)
    ,(#1562,#1563)
    ,(#1564,#1565)
    ,(#1566,#1567)
    ,(#1568,#1569)
    ,(#1570,#1571)
    ,(#1572,#1573)
    ,(#1574,#1575)
    ,(#1576,#1577)
    ,(#1578,#1579)
    ,(#1580,#1581)
    ,(#1582,#1583)
    ,(#1584,#1585)
    ,(#1586,#1587)
    ,(#1588,#1589)
    ,(#1590,#1591)
    ,(#1592,#1593)
    ,(#1594,#1595)
    ,(#1596,#1597)
    ,(#1598,#1599)
    ,(#1600,#1601)
    ,(#1602,#1603)
    ,(#1604,#1605)
    ,(#1606,#1607)
    ,(#1608,#1609)
    ,(#1610,#1611)
    ,(#1612,#1613)
    ,(#1614,#1615)
    ,(#1616,#1617)
    ,(#1618,#1619)
    ,(#1620,#1621
    )),.UNSPECIFIED.,.F.,.F.,.F.,(15,13,13,13,13,13,13,13,15),(2,2),(0.,
    7.952831414459,15.905662828918,23.858494243377,31.811325657837,
    39.764157072296,47.716988486755,55.669819901214,63.622651315673),(0.
    ,1.),.UNSPECIFIED.);
#1410 = CARTESIAN_POINT('',(2.457734122635,3.330669073875E-15,0.875));
#1411 = CARTESIAN_POINT('',(2.457734122635,3.330669073875E-15,0.125));
#1412 = CARTESIAN_POINT('',(2.457734122635,1.378785618598,0.964285714286
    ));
#1413 = CARTESIAN_POINT('',(2.457734122635,1.378785618598,0.214285714286
    ));
#1414 = CARTESIAN_POINT('',(1.62473121999,2.757579846116,1.053571428572)
  );
#1415 = CARTESIAN_POINT('',(1.62473121999,2.757579846116,0.303571428572)
  );
#1416 = CARTESIAN_POINT('',(-4.120550768855E-02,3.59108737303,
    1.142857142855));
#1417 = CARTESIAN_POINT('',(-4.120550768855E-02,3.59108737303,
    0.392857142855));
#1418 = CARTESIAN_POINT('',(-2.151188302278,3.334702779813,
    1.232142857147));
#1419 = CARTESIAN_POINT('',(-2.151188302278,3.334702779813,
    0.482142857147));
#1420 = CARTESIAN_POINT('',(-3.925315748621,1.746639900284,
    1.321428571422));
#1421 = CARTESIAN_POINT('',(-3.925315748621,1.746639900284,
    0.571428571422));
#1422 = CARTESIAN_POINT('',(-4.466087283579,-0.794233072012,
    1.410714285724));
#1423 = CARTESIAN_POINT('',(-4.466087283579,-0.794233072012,
    0.660714285724));
#1424 = CARTESIAN_POINT('',(-3.277038647556,-3.277038647545,
    1.499999999989));
#1425 = CARTESIAN_POINT('',(-3.277038647556,-3.277038647545,
    0.749999999989));
#1426 = CARTESIAN_POINT('',(-0.794233072001,-4.466087283588,
    1.589285714296));
#1427 = CARTESIAN_POINT('',(-0.794233072001,-4.466087283588,
    0.839285714296));
#1428 = CARTESIAN_POINT('',(1.746639900275,-3.925315748616,
    1.678571428563));
#1429 = CARTESIAN_POINT('',(1.746639900275,-3.925315748616,
    0.928571428563));
#1430 = CARTESIAN_POINT('',(3.334702779819,-2.151188302281,
    1.767857142862));
#1431 = CARTESIAN_POINT('',(3.334702779819,-2.151188302281,
    1.017857142862));
#1432 = CARTESIAN_POINT('',(3.591087373027,-4.120550768811E-02,
    1.857142857141));
#1433 = CARTESIAN_POINT('',(3.591087373027,-4.120550768811E-02,
    1.107142857141));
#1434 = CARTESIAN_POINT('',(2.757579846117,1.62473121999,1.946428571429)
  );
#1435 = CARTESIAN_POINT('',(2.757579846117,1.62473121999,1.196428571429)
  );
#1436 = CARTESIAN_POINT('',(1.378785618598,2.457734122635,2.035714285714
    ));
#1437 = CARTESIAN_POINT('',(1.378785618598,2.457734122635,1.285714285714
    ));
#1438 = CARTESIAN_POINT('',(-1.378785618598,2.457734122635,
    2.214285714285));
#1439 = CARTESIAN_POINT('',(-1.378785618598,2.457734122635,
    1.464285714285));
#1440 = CARTESIAN_POINT('',(-2.757579846117,1.624731219988,
    2.303571428573));
#1441 = CARTESIAN_POINT('',(-2.757579846117,1.624731219988,
    1.553571428573));
#1442 = CARTESIAN_POINT('',(-3.591087373028,-4.120550768176E-02,
    2.392857142852));
#1443 = CARTESIAN_POINT('',(-3.591087373028,-4.120550768176E-02,
    1.642857142852));
#1444 = CARTESIAN_POINT('',(-3.334702779817,-2.151188302293,
    2.482142857154));
#1445 = CARTESIAN_POINT('',(-3.334702779817,-2.151188302293,
    1.732142857154));
#1446 = CARTESIAN_POINT('',(-1.746639900277,-3.925315748596,
    2.571428571411));
#1447 = CARTESIAN_POINT('',(-1.746639900277,-3.925315748596,
    1.821428571411));
#1448 = CARTESIAN_POINT('',(0.794233072002,-4.466087283615,
    2.660714285735));
#1449 = CARTESIAN_POINT('',(0.794233072002,-4.466087283615,
    1.910714285735));
#1450 = CARTESIAN_POINT('',(3.277038647556,-3.277038647513,2.74999999998
    ));
#1451 = CARTESIAN_POINT('',(3.277038647556,-3.277038647513,1.99999999998
    ));
#1452 = CARTESIAN_POINT('',(4.466087283577,-0.794233072042,
    2.839285714301));
#1453 = CARTESIAN_POINT('',(4.466087283577,-0.794233072042,
    2.089285714301));
#1454 = CARTESIAN_POINT('',(3.925315748624,1.746639900308,2.928571428562
    ));
#1455 = CARTESIAN_POINT('',(3.925315748624,1.746639900308,2.178571428562
    ));
#1456 = CARTESIAN_POINT('',(2.151188302276,3.334702779797,3.017857142861
    ));
#1457 = CARTESIAN_POINT('',(2.151188302276,3.334702779797,2.267857142861
    ));
#1458 = CARTESIAN_POINT('',(4.120550769002E-02,3.591087373038,
    3.107142857142));
#1459 = CARTESIAN_POINT('',(4.120550769002E-02,3.591087373038,
    2.357142857142));
#1460 = CARTESIAN_POINT('',(-1.62473121999,2.757579846114,3.196428571428
    ));
#1461 = CARTESIAN_POINT('',(-1.62473121999,2.757579846114,2.446428571428
    ));
#1462 = CARTESIAN_POINT('',(-2.457734122635,1.378785618598,
    3.285714285715));
#1463 = CARTESIAN_POINT('',(-2.457734122635,1.378785618598,
    2.535714285715));
#1464 = CARTESIAN_POINT('',(-2.457734122635,-1.378785618598,
    3.464285714285));
#1465 = CARTESIAN_POINT('',(-2.457734122635,-1.378785618598,
    2.714285714285));
#1466 = CARTESIAN_POINT('',(-1.624731219988,-2.757579846114,
    3.553571428576));
#1467 = CARTESIAN_POINT('',(-1.624731219988,-2.757579846114,
    2.803571428576));
#1468 = CARTESIAN_POINT('',(4.120550768135E-02,-3.591087373036,
    3.642857142843));
#1469 = CARTESIAN_POINT('',(4.120550768135E-02,-3.591087373036,
    2.892857142843));
#1470 = CARTESIAN_POINT('',(2.151188302295,-3.334702779803,
    3.732142857175));
#1471 = CARTESIAN_POINT('',(2.151188302295,-3.334702779803,
    2.982142857175));
#1472 = CARTESIAN_POINT('',(3.925315748592,-1.746639900297,
    3.821428571373));
#1473 = CARTESIAN_POINT('',(3.925315748592,-1.746639900297,
    3.071428571373));
#1474 = CARTESIAN_POINT('',(4.466087283619,0.794233072022,3.910714285789
    ));
#1475 = CARTESIAN_POINT('',(4.466087283619,0.794233072022,3.160714285789
    ));
#1476 = CARTESIAN_POINT('',(3.277038647511,3.27703864754,3.999999999918)
  );
#1477 = CARTESIAN_POINT('',(3.277038647511,3.27703864754,3.249999999918)
  );
#1478 = CARTESIAN_POINT('',(0.794233072041,4.466087283587,4.089285714358
    ));
#1479 = CARTESIAN_POINT('',(0.794233072041,4.466087283587,3.339285714358
    ));
#1480 = CARTESIAN_POINT('',(-1.746639900305,3.925315748621,
    4.178571428519));
#1481 = CARTESIAN_POINT('',(-1.746639900305,3.925315748621,
    3.428571428519));
#1482 = CARTESIAN_POINT('',(-3.334702779801,2.151188302276,
    4.267857142888));
#1483 = CARTESIAN_POINT('',(-3.334702779801,2.151188302276,
    3.517857142888));
#1484 = CARTESIAN_POINT('',(-3.591087373035,4.120550769145E-02,
    4.357142857129));
#1485 = CARTESIAN_POINT('',(-3.591087373035,4.120550769145E-02,
    3.607142857129));
#1486 = CARTESIAN_POINT('',(-2.757579846115,-1.624731219991,
    4.446428571433));
#1487 = CARTESIAN_POINT('',(-2.757579846115,-1.624731219991,
    3.696428571433));
#1488 = CARTESIAN_POINT('',(-1.378785618598,-2.457734122634,
    4.535714285714));
#1489 = CARTESIAN_POINT('',(-1.378785618598,-2.457734122634,
    3.785714285714));
#1490 = CARTESIAN_POINT('',(1.378785618598,-2.457734122635,
    4.714285714285));
#1491 = CARTESIAN_POINT('',(1.378785618598,-2.457734122635,
    3.964285714285));
#1492 = CARTESIAN_POINT('',(2.757579846118,-1.624731219988,
    4.803571428576));
#1493 = CARTESIAN_POINT('',(2.757579846118,-1.624731219988,
    4.053571428576));
#1494 = CARTESIAN_POINT('',(3.591087373024,4.120550768235E-02,
    4.892857142842));
#1495 = CARTESIAN_POINT('',(3.591087373024,4.120550768235E-02,
    4.142857142842));
#1496 = CARTESIAN_POINT('',(3.334702779826,2.151188302291,4.982142857176
    ));
#1497 = CARTESIAN_POINT('',(3.334702779826,2.151188302291,4.232142857176
    ));
#1498 = CARTESIAN_POINT('',(1.746639900263,3.925315748601,5.071428571376
    ));
#1499 = CARTESIAN_POINT('',(1.746639900263,3.925315748601,4.321428571376
    ));
#1500 = CARTESIAN_POINT('',(-0.794233071984,4.466087283605,
    5.160714285781));
#1501 = CARTESIAN_POINT('',(-0.794233071984,4.466087283605,
    4.410714285781));
#1502 = CARTESIAN_POINT('',(-3.277038647575,3.277038647527,
    5.249999999932));
#1503 = CARTESIAN_POINT('',(-3.277038647575,3.277038647527,
    4.499999999932));
#1504 = CARTESIAN_POINT('',(-4.466087283559,0.794233072028,
    5.339285714342));
#1505 = CARTESIAN_POINT('',(-4.466087283559,0.794233072028,
    4.589285714342));
#1506 = CARTESIAN_POINT('',(-3.925315748638,-1.746639900297,
    5.428571428533));
#1507 = CARTESIAN_POINT('',(-3.925315748638,-1.746639900297,
    4.678571428533));
#1508 = CARTESIAN_POINT('',(-2.151188302267,-3.334702779805,
    5.517857142878));
#1509 = CARTESIAN_POINT('',(-2.151188302267,-3.334702779805,
    4.767857142878));
#1510 = CARTESIAN_POINT('',(-4.120550769464E-02,-3.591087373034,
    5.607142857134));
#1511 = CARTESIAN_POINT('',(-4.120550769464E-02,-3.591087373034,
    4.857142857134));
#1512 = CARTESIAN_POINT('',(1.624731219992,-2.757579846115,
    5.696428571432));
#1513 = CARTESIAN_POINT('',(1.624731219992,-2.757579846115,
    4.946428571432));
#1514 = CARTESIAN_POINT('',(2.457734122635,-1.378785618598,
    5.785714285714));
#1515 = CARTESIAN_POINT('',(2.457734122635,-1.378785618598,
    5.035714285714));
#1516 = CARTESIAN_POINT('',(2.457734122634,1.378785618598,5.964285714287
    ));
#1517 = CARTESIAN_POINT('',(2.457734122634,1.378785618598,5.214285714287
    ));
#1518 = CARTESIAN_POINT('',(1.624731219994,2.757579846119,6.053571428567
    ));
#1519 = CARTESIAN_POINT('',(1.624731219994,2.757579846119,5.303571428567
    ));
#1520 = CARTESIAN_POINT('',(-4.120550770244E-02,3.591087373022,
    6.142857142871));
#1521 = CARTESIAN_POINT('',(-4.120550770244E-02,3.591087373022,
    5.392857142871));
#1522 = CARTESIAN_POINT('',(-2.151188302249,3.33470277983,6.232142857112
    ));
#1523 = CARTESIAN_POINT('',(-2.151188302249,3.33470277983,5.482142857112
    ));
#1524 = CARTESIAN_POINT('',(-3.925315748666,1.746639900254,
    6.321428571481));
#1525 = CARTESIAN_POINT('',(-3.925315748666,1.746639900254,
    5.571428571481));
#1526 = CARTESIAN_POINT('',(-4.466087283526,-0.794233071971,
    6.410714285642));
#1527 = CARTESIAN_POINT('',(-4.466087283526,-0.794233071971,
    5.660714285642));
#1528 = CARTESIAN_POINT('',(-3.277038647605,-3.27703864759,
    6.500000000081));
#1529 = CARTESIAN_POINT('',(-3.277038647605,-3.27703864759,
    5.750000000081));
#1530 = CARTESIAN_POINT('',(-0.794233071962,-4.466087283548,
    6.589285714213));
#1531 = CARTESIAN_POINT('',(-0.794233071962,-4.466087283548,
    5.839285714213));
#1532 = CARTESIAN_POINT('',(1.746639900249,-3.925315748643,
    6.678571428625));
#1533 = CARTESIAN_POINT('',(1.746639900249,-3.925315748643,
    5.928571428625));
#1534 = CARTESIAN_POINT('',(3.334702779833,-2.151188302268,
    6.767857142825));
#1535 = CARTESIAN_POINT('',(3.334702779833,-2.151188302268,
    6.017857142825));
#1536 = CARTESIAN_POINT('',(3.59108737302,-4.120550769244E-02,
    6.857142857158));
#1537 = CARTESIAN_POINT('',(3.59108737302,-4.120550769244E-02,
    6.107142857158));
#1538 = CARTESIAN_POINT('',(2.75757984612,1.62473121999,6.946428571424)
  );
#1539 = CARTESIAN_POINT('',(2.75757984612,1.62473121999,6.196428571424)
  );
#1540 = CARTESIAN_POINT('',(1.378785618597,2.457734122635,7.035714285715
    ));
#1541 = CARTESIAN_POINT('',(1.378785618597,2.457734122635,6.285714285715
    ));
#1542 = CARTESIAN_POINT('',(-1.378785618597,2.457734122634,
    7.214285714286));
#1543 = CARTESIAN_POINT('',(-1.378785618597,2.457734122634,
    6.464285714286));
#1544 = CARTESIAN_POINT('',(-2.757579846121,1.624731219993,7.30357142857
    ));
#1545 = CARTESIAN_POINT('',(-2.757579846121,1.624731219993,6.55357142857
    ));
#1546 = CARTESIAN_POINT('',(-3.591087373015,-4.120550769844E-02,
    7.392857142864));
#1547 = CARTESIAN_POINT('',(-3.591087373015,-4.120550769844E-02,
    6.642857142864));
#1548 = CARTESIAN_POINT('',(-3.334702779847,-2.151188302258,
    7.482142857124));
#1549 = CARTESIAN_POINT('',(-3.334702779847,-2.151188302258,
    6.732142857124));
#1550 = CARTESIAN_POINT('',(-1.746639900224,-3.925315748654,
    7.571428571466));
#1551 = CARTESIAN_POINT('',(-1.746639900224,-3.925315748654,
    6.821428571466));
#1552 = CARTESIAN_POINT('',(0.794233071927,-4.466087283539,7.66071428566
    ));
#1553 = CARTESIAN_POINT('',(0.794233071927,-4.466087283539,6.91071428566
    ));
#1554 = CARTESIAN_POINT('',(3.277038647638,-3.277038647594,
    7.750000000062));
#1555 = CARTESIAN_POINT('',(3.277038647638,-3.277038647594,
    7.000000000062));
#1556 = CARTESIAN_POINT('',(4.466087283507,-0.79423307197,7.839285714229
    ));
#1557 = CARTESIAN_POINT('',(4.466087283507,-0.79423307197,7.089285714229
    ));
#1558 = CARTESIAN_POINT('',(3.925315748672,1.746639900256,7.928571428613
    ));
#1559 = CARTESIAN_POINT('',(3.925315748672,1.746639900256,7.178571428613
    ));
#1560 = CARTESIAN_POINT('',(2.151188302251,3.334702779829,8.017857142834
    ));
#1561 = CARTESIAN_POINT('',(2.151188302251,3.334702779829,7.267857142834
    ));
#1562 = CARTESIAN_POINT('',(4.120550769988E-02,3.591087373023,
    8.107142857153));
#1563 = CARTESIAN_POINT('',(4.120550769988E-02,3.591087373023,
    7.357142857153));
#1564 = CARTESIAN_POINT('',(-1.624731219993,2.757579846119,
    8.196428571426));
#1565 = CARTESIAN_POINT('',(-1.624731219993,2.757579846119,
    7.446428571426));
#1566 = CARTESIAN_POINT('',(-2.457734122634,1.378785618597,
    8.285714285714));
#1567 = CARTESIAN_POINT('',(-2.457734122634,1.378785618597,
    7.535714285714));
#1568 = CARTESIAN_POINT('',(-2.457734122635,-1.378785618597,
    8.464285714286));
#1569 = CARTESIAN_POINT('',(-2.457734122635,-1.378785618597,
    7.714285714286));
#1570 = CARTESIAN_POINT('',(-1.624731219991,-2.757579846119,
    8.553571428568));
#1571 = CARTESIAN_POINT('',(-1.624731219991,-2.757579846119,
    7.803571428568));
#1572 = CARTESIAN_POINT('',(4.120550769276E-02,-3.591087373023,
    8.642857142869));
#1573 = CARTESIAN_POINT('',(4.120550769276E-02,-3.591087373023,
    7.892857142869));
#1574 = CARTESIAN_POINT('',(2.151188302271,-3.334702779829,
    8.732142857117));
#1575 = CARTESIAN_POINT('',(2.151188302271,-3.334702779829,
    7.982142857117));
#1576 = CARTESIAN_POINT('',(3.92531574863,-1.746639900255,8.821428571471
    ));
#1577 = CARTESIAN_POINT('',(3.92531574863,-1.746639900255,8.071428571471
    ));
#1578 = CARTESIAN_POINT('',(4.466087283574,0.794233071971,8.910714285659
    ));
#1579 = CARTESIAN_POINT('',(4.466087283574,0.794233071971,8.160714285659
    ));
#1580 = CARTESIAN_POINT('',(3.277038647556,3.27703864759,9.000000000058)
  );
#1581 = CARTESIAN_POINT('',(3.277038647556,3.27703864759,8.250000000058)
  );
#1582 = CARTESIAN_POINT('',(0.794233072004,4.466087283547,9.089285714237
    ));
#1583 = CARTESIAN_POINT('',(0.794233072004,4.466087283547,8.339285714237
    ));
#1584 = CARTESIAN_POINT('',(-1.746639900277,3.925315748645,
    9.178571428605));
#1585 = CARTESIAN_POINT('',(-1.746639900277,3.925315748645,
    8.428571428605));
#1586 = CARTESIAN_POINT('',(-3.334702779818,2.151188302264,
    9.267857142838));
#1587 = CARTESIAN_POINT('',(-3.334702779818,2.151188302264,
    8.517857142838));
#1588 = CARTESIAN_POINT('',(-3.591087373026,4.120550769476E-02,
    9.357142857151));
#1589 = CARTESIAN_POINT('',(-3.591087373026,4.120550769476E-02,
    8.607142857151));
#1590 = CARTESIAN_POINT('',(-2.757579846118,-1.624731219991,
    9.446428571426));
#1591 = CARTESIAN_POINT('',(-2.757579846118,-1.624731219991,
    8.696428571426));
#1592 = CARTESIAN_POINT('',(-1.378785618597,-2.457734122635,
    9.535714285714));
#1593 = CARTESIAN_POINT('',(-1.378785618597,-2.457734122635,
    8.785714285714));
#1594 = CARTESIAN_POINT('',(1.378785618597,-2.457734122634,
    9.714285714286));
#1595 = CARTESIAN_POINT('',(1.378785618597,-2.457734122634,
    8.964285714286));
#1596 = CARTESIAN_POINT('',(2.75757984612,-1.624731219995,9.803571428568
    ));
#1597 = CARTESIAN_POINT('',(2.75757984612,-1.624731219995,9.053571428568
    ));
#1598 = CARTESIAN_POINT('',(3.59108737302,4.12055077057E-02,
    9.89285714287));
#1599 = CARTESIAN_POINT('',(3.59108737302,4.12055077057E-02,
    9.14285714287));
#1600 = CARTESIAN_POINT('',(3.334702779835,2.151188302242,9.982142857109
    ));
#1601 = CARTESIAN_POINT('',(3.334702779835,2.151188302242,9.232142857109
    ));
#1602 = CARTESIAN_POINT('',(1.746639900246,3.925315748681,
    10.071428571493));
#1603 = CARTESIAN_POINT('',(1.746639900246,3.925315748681,9.321428571493
    ));
#1604 = CARTESIAN_POINT('',(-0.794233071958,4.466087283501,
    10.160714285617));
#1605 = CARTESIAN_POINT('',(-0.794233071958,4.466087283501,
    9.410714285617));
#1606 = CARTESIAN_POINT('',(-3.277038647603,3.277038647638,
    10.250000000116));
#1607 = CARTESIAN_POINT('',(-3.277038647603,3.277038647638,
    9.500000000116));
#1608 = CARTESIAN_POINT('',(-4.466087283538,0.794233071929,
    10.339285714175));
#1609 = CARTESIAN_POINT('',(-4.466087283538,0.794233071929,
    9.589285714175));
#1610 = CARTESIAN_POINT('',(-3.92531574865,-1.746639900223,
    10.428571428658));
#1611 = CARTESIAN_POINT('',(-3.92531574865,-1.746639900223,
    9.678571428658));
#1612 = CARTESIAN_POINT('',(-2.151188302262,-3.334702779849,
    10.517857142803));
#1613 = CARTESIAN_POINT('',(-2.151188302262,-3.334702779849,
    9.767857142803));
#1614 = CARTESIAN_POINT('',(-4.12055076956E-02,-3.591087373013,
    10.607142857169));
#1615 = CARTESIAN_POINT('',(-4.12055076956E-02,-3.591087373013,
    9.857142857169));
#1616 = CARTESIAN_POINT('',(1.624731219992,-2.757579846122,
    10.696428571419));
#1617 = CARTESIAN_POINT('',(1.624731219992,-2.757579846122,
    9.946428571419));
#1618 = CARTESIAN_POINT('',(2.457734122635,-1.378785618597,
    10.785714285716));
#1619 = CARTESIAN_POINT('',(2.457734122635,-1.378785618597,
    10.035714285716));
#1620 = CARTESIAN_POINT('',(2.457734122635,-1.966782530553E-14,10.875));
#1621 = CARTESIAN_POINT('',(2.457734122635,-1.966782530553E-14,10.125));
#1622 = DEFINITIONAL_REPRESENTATION('',(#1623),#1627);
#1623 = LINE('',#1624,#1625);
#1624 = CARTESIAN_POINT('',(0.,0.));
#1625 = VECTOR('',#1626,1.);
#1626 = DIRECTION('',(1.,0.));
#1627 = ( GEOMETRIC_REPRESENTATION_CONTEXT(2) 
PARAMETRIC_REPRESENTATION_CONTEXT() REPRESENTATION_CONTEXT('2D SPACE',''
  ) );
#1628 = ADVANCED_FACE('',(#1629),#657,.T.);
#1629 = FACE_BOUND('',#1630,.T.);
#1630 = EDGE_LOOP('',(#1631,#1632,#1712,#1919));
#1631 = ORIENTED_EDGE('',*,*,#619,.F.);
#1632 = ORIENTED_EDGE('',*,*,#1633,.F.);
#1633 = EDGE_CURVE('',#1634,#281,#1636,.T.);
#1634 = VERTEX_POINT('',#1635);
#1635 = CARTESIAN_POINT('',(1.737880533736,-1.737880385281,10.));
#1636 = SURFACE_CURVE('',#1637,(#1660,#1686),.PCURVE_S1.);
#1637 = B_SPLINE_CURVE_WITH_KNOTS('',6,(#1638,#1639,#1640,#1641,#1642,
    #1643,#1644,#1645,#1646,#1647,#1648,#1649,#1650,#1651,#1652,#1653,
    #1654,#1655,#1656,#1657,#1658,#1659),.UNSPECIFIED.,.F.,.F.,(7,5,5,5,
    7),(0.,0.216123105243,0.452069473204,0.71133027162,1.),
  .UNSPECIFIED.);
#1638 = CARTESIAN_POINT('',(1.737880533735,-1.737880385281,10.));
#1639 = CARTESIAN_POINT('',(1.618837833227,-1.887063415003,10.));
#1640 = CARTESIAN_POINT('',(1.485587365607,-2.025361301834,10.));
#1641 = CARTESIAN_POINT('',(1.33955423371,-2.151167466055,10.));
#1642 = CARTESIAN_POINT('',(1.182350809466,-2.263195207521,10.));
#1643 = CARTESIAN_POINT('',(1.015705567894,-2.360415899763,10.));
#1644 = CARTESIAN_POINT('',(0.651262543437,-2.531252732198,10.));
#1645 = CARTESIAN_POINT('',(0.451972346501,-2.601903100704,10.));
#1646 = CARTESIAN_POINT('',(0.246005827657,-2.653066196283,10.));
#1647 = CARTESIAN_POINT('',(3.579522532777E-02,-2.684237834116,10.));
#1648 = CARTESIAN_POINT('',(-0.176243496213,-2.695264627395,10.));
#1649 = CARTESIAN_POINT('',(-0.620078748542,-2.676642011637,10.));
#1650 = CARTESIAN_POINT('',(-0.851812855966,-2.64286309042,10.));
#1651 = CARTESIAN_POINT('',(-1.07974435258,-2.585359344497,10.));
#1652 = CARTESIAN_POINT('',(-1.300953294771,-2.504993799667,10.));
#1653 = CARTESIAN_POINT('',(-1.512747989492,-2.403011329494,10.));
#1654 = CARTESIAN_POINT('',(-1.935335144618,-2.145367000637,10.));
#1655 = CARTESIAN_POINT('',(-2.143356631464,-1.984886532274,10.));
#1656 = CARTESIAN_POINT('',(-2.333408933296,-1.80196394488,10.));
#1657 = CARTESIAN_POINT('',(-2.502813572606,-1.599399603492,10.));
#1658 = CARTESIAN_POINT('',(-2.649405959774,-1.380281085071,10.));
#1659 = CARTESIAN_POINT('',(-2.771638673492,-1.148050376248,10.));
#1660 = PCURVE('',#657,#1661);
#1661 = DEFINITIONAL_REPRESENTATION('',(#1662),#1685);
#1662 = B_SPLINE_CURVE_WITH_KNOTS('',6,(#1663,#1664,#1665,#1666,#1667,
    #1668,#1669,#1670,#1671,#1672,#1673,#1674,#1675,#1676,#1677,#1678,
    #1679,#1680,#1681,#1682,#1683,#1684),.UNSPECIFIED.,.F.,.F.,(7,5,5,5,
    7),(0.,0.216123105243,0.452069473204,0.71133027162,1.),
  .UNSPECIFIED.);
#1663 = CARTESIAN_POINT('',(7.737880533735,4.262119614719));
#1664 = CARTESIAN_POINT('',(7.618837833227,4.112936584997));
#1665 = CARTESIAN_POINT('',(7.485587365607,3.974638698166));
#1666 = CARTESIAN_POINT('',(7.33955423371,3.848832533945));
#1667 = CARTESIAN_POINT('',(7.182350809466,3.736804792479));
#1668 = CARTESIAN_POINT('',(7.015705567894,3.639584100237));
#1669 = CARTESIAN_POINT('',(6.651262543437,3.468747267802));
#1670 = CARTESIAN_POINT('',(6.451972346501,3.398096899296));
#1671 = CARTESIAN_POINT('',(6.246005827657,3.346933803717));
#1672 = CARTESIAN_POINT('',(6.035795225328,3.315762165884));
#1673 = CARTESIAN_POINT('',(5.823756503787,3.304735372605));
#1674 = CARTESIAN_POINT('',(5.379921251458,3.323357988363));
#1675 = CARTESIAN_POINT('',(5.148187144034,3.35713690958));
#1676 = CARTESIAN_POINT('',(4.92025564742,3.414640655503));
#1677 = CARTESIAN_POINT('',(4.699046705229,3.495006200333));
#1678 = CARTESIAN_POINT('',(4.487252010508,3.596988670506));
#1679 = CARTESIAN_POINT('',(4.064664855382,3.854632999363));
#1680 = CARTESIAN_POINT('',(3.856643368536,4.015113467726));
#1681 = CARTESIAN_POINT('',(3.666591066704,4.19803605512));
#1682 = CARTESIAN_POINT('',(3.497186427394,4.400600396508));
#1683 = CARTESIAN_POINT('',(3.350594040226,4.619718914929));
#1684 = CARTESIAN_POINT('',(3.228361326508,4.851949623752));
#1685 = ( GEOMETRIC_REPRESENTATION_CONTEXT(2) 
PARAMETRIC_REPRESENTATION_CONTEXT() REPRESENTATION_CONTEXT('2D SPACE',''
  ) );
#1686 = PCURVE('',#399,#1687);
#1687 = DEFINITIONAL_REPRESENTATION('',(#1688),#1711);
#1688 = B_SPLINE_CURVE_WITH_KNOTS('',6,(#1689,#1690,#1691,#1692,#1693,
    #1694,#1695,#1696,#1697,#1698,#1699,#1700,#1701,#1702,#1703,#1704,
    #1705,#1706,#1707,#1708,#1709,#1710),.UNSPECIFIED.,.F.,.F.,(7,5,5,5,
    7),(0.,0.216123105243,0.452069473204,0.71133027162,1.),
  .UNSPECIFIED.);
#1689 = CARTESIAN_POINT('',(62.827368174228,0.));
#1690 = CARTESIAN_POINT('',(62.749226560128,3.930253768853E-02));
#1691 = CARTESIAN_POINT('',(62.671743340712,7.827392555204E-02));
#1692 = CARTESIAN_POINT('',(62.59491206143,0.116917410005));
#1693 = CARTESIAN_POINT('',(62.518704648588,0.15524711115));
#1694 = CARTESIAN_POINT('',(62.443098569385,0.193274362207));
#1695 = CARTESIAN_POINT('',(62.286206006139,0.272185912104));
#1696 = CARTESIAN_POINT('',(62.205018890601,0.313020232012));
#1697 = CARTESIAN_POINT('',(62.124526197086,0.353505281585));
#1698 = CARTESIAN_POINT('',(62.044695658017,0.393657290302));
#1699 = CARTESIAN_POINT('',(61.965501879832,0.433489030248));
#1700 = CARTESIAN_POINT('',(61.80062752901,0.516415144096));
#1701 = CARTESIAN_POINT('',(61.715058891951,0.559453218261));
#1702 = CARTESIAN_POINT('',(61.630238243458,0.602115079967));
#1703 = CARTESIAN_POINT('',(61.546127492297,0.644419887791));
#1704 = CARTESIAN_POINT('',(61.462697343479,0.686382376102));
#1705 = CARTESIAN_POINT('',(61.287822350984,0.774338467905));
#1706 = CARTESIAN_POINT('',(61.196514200233,0.820263319567));
#1707 = CARTESIAN_POINT('',(61.106031807673,0.86577284333));
#1708 = CARTESIAN_POINT('',(61.016327737644,0.910890897695));
#1709 = CARTESIAN_POINT('',(60.927366556279,0.955635304676));
#1710 = CARTESIAN_POINT('',(60.839160320613,1.));
#1711 = ( GEOMETRIC_REPRESENTATION_CONTEXT(2) 
PARAMETRIC_REPRESENTATION_CONTEXT() REPRESENTATION_CONTEXT('2D SPACE',''
  ) );
#1712 = ORIENTED_EDGE('',*,*,#1713,.F.);
#1713 = EDGE_CURVE('',#1213,#1634,#1714,.T.);
#1714 = SURFACE_CURVE('',#1715,(#1781,#1850),.PCURVE_S1.);
#1715 = B_SPLINE_CURVE_WITH_KNOTS('',8,(#1716,#1717,#1718,#1719,#1720,
    #1721,#1722,#1723,#1724,#1725,#1726,#1727,#1728,#1729,#1730,#1731,
    #1732,#1733,#1734,#1735,#1736,#1737,#1738,#1739,#1740,#1741,#1742,
    #1743,#1744,#1745,#1746,#1747,#1748,#1749,#1750,#1751,#1752,#1753,
    #1754,#1755,#1756,#1757,#1758,#1759,#1760,#1761,#1762,#1763,#1764,
    #1765,#1766,#1767,#1768,#1769,#1770,#1771,#1772,#1773,#1774,#1775,
    #1776,#1777,#1778,#1779,#1780),.UNSPECIFIED.,.F.,.F.,(9,7,7,7,7,7,7,
    7,7,9),(0.,0.14102402533,0.17203266604,0.201040750938,0.330066839566
    ,0.460092823364,0.699954985248,0.79897991247,0.966990802352,1.),
  .UNSPECIFIED.);
#1716 = CARTESIAN_POINT('',(1.737880479788,1.737880464754,10.));
#1717 = CARTESIAN_POINT('',(1.593555012991,1.882205976179,10.));
#1718 = CARTESIAN_POINT('',(1.435489760586,2.012874816545,10.));
#1719 = CARTESIAN_POINT('',(1.265252347452,2.128294100819,10.));
#1720 = CARTESIAN_POINT('',(1.084577624007,2.227165600586,10.));
#1721 = CARTESIAN_POINT('',(0.895331919766,2.308436708345,10.));
#1722 = CARTESIAN_POINT('',(0.699494732644,2.371287206097,10.));
#1723 = CARTESIAN_POINT('',(0.499157854013,2.415151838201,10.));
#1724 = CARTESIAN_POINT('',(0.251990340569,2.445193688918,10.));
#1725 = CARTESIAN_POINT('',(0.207325710601,2.449678938455,10.));
#1726 = CARTESIAN_POINT('',(0.16257072857,2.45323168127,10.));
#1727 = CARTESIAN_POINT('',(0.117748115364,2.455849827193,10.));
#1728 = CARTESIAN_POINT('',(7.288062378863E-02,2.457531951745,10.));
#1729 = CARTESIAN_POINT('',(2.799103856122E-02,2.458277296142,10.));
#1730 = CARTESIAN_POINT('',(-1.689782368481E-02,2.458085767288,10.));
#1731 = CARTESIAN_POINT('',(-0.103733872626,2.455902871406,10.));
#1732 = CARTESIAN_POINT('',(-0.145684057853,2.454028418972,10.));
#1733 = CARTESIAN_POINT('',(-0.187594970048,2.451335051794,10.));
#1734 = CARTESIAN_POINT('',(-0.229447956813,2.447823749343,10.));
#1735 = CARTESIAN_POINT('',(-0.27122441338,2.44349599925,10.));
#1736 = CARTESIAN_POINT('',(-0.312905782619,2.438353797302,10.));
#1737 = CARTESIAN_POINT('',(-0.354473555031,2.432399647446,10.));
#1738 = CARTESIAN_POINT('',(-0.580212647939,2.395554793452,10.));
#1739 = CARTESIAN_POINT('',(-0.761941105186,2.349462652817,10.));
#1740 = CARTESIAN_POINT('',(-0.939415104916,2.287623477116,10.));
#1741 = CARTESIAN_POINT('',(-1.111047267549,2.210513022057,10.));
#1742 = CARTESIAN_POINT('',(-1.275332307318,2.11878490892,10.));
#1743 = CARTESIAN_POINT('',(-1.430847566139,2.013257153388,10.));
#1744 = CARTESIAN_POINT('',(-1.576264143563,1.894919776122,10.));
#1745 = CARTESIAN_POINT('',(-1.845512352477,1.634000110262,10.));
#1746 = CARTESIAN_POINT('',(-1.969223704877,1.491183028084,10.));
#1747 = CARTESIAN_POINT('',(-2.080244816744,1.33771568534,10.));
#1748 = CARTESIAN_POINT('',(-2.177521613295,1.174926953693,10.));
#1749 = CARTESIAN_POINT('',(-2.260174444465,1.004247557485,10.));
#1750 = CARTESIAN_POINT('',(-2.327490452437,0.827198217082,10.));
#1751 = CARTESIAN_POINT('',(-2.37893767042,0.645389517761,10.));
#1752 = CARTESIAN_POINT('',(-2.479251720937,0.119525024297,10.));
#1753 = CARTESIAN_POINT('',(-2.48940788711,-0.232798100625,10.));
#1754 = CARTESIAN_POINT('',(-2.441983750466,-0.584805522642,10.));
#1755 = CARTESIAN_POINT('',(-2.338089810973,-0.925715239856,10.));
#1756 = CARTESIAN_POINT('',(-2.18045652068,-1.245348036507,10.));
#1757 = CARTESIAN_POINT('',(-1.974061580779,-1.534414450688,10.));
#1758 = CARTESIAN_POINT('',(-1.725476265198,-1.784294561421,10.));
#1759 = CARTESIAN_POINT('',(-1.328670791882,-2.07259052809,10.));
#1760 = CARTESIAN_POINT('',(-1.20709925858,-2.149110951804,10.));
#1761 = CARTESIAN_POINT('',(-1.080516911998,-2.217462710821,10.));
#1762 = CARTESIAN_POINT('',(-0.949567483988,-2.277267446163,10.));
#1763 = CARTESIAN_POINT('',(-0.814922483083,-2.328209400433,10.));
#1764 = CARTESIAN_POINT('',(-0.677278818656,-2.370033732994,10.));
#1765 = CARTESIAN_POINT('',(-0.537358325755,-2.40254939339,10.));
#1766 = CARTESIAN_POINT('',(-0.155919162519,-2.464807440039,10.));
#1767 = CARTESIAN_POINT('',(8.863702939104E-02,-2.47686364251,10.));
#1768 = CARTESIAN_POINT('',(0.333977885063,-2.461136206138,10.));
#1769 = CARTESIAN_POINT('',(0.576417462038,-2.417675393586,10.));
#1770 = CARTESIAN_POINT('',(0.81238647043,-2.347074972292,10.));
#1771 = CARTESIAN_POINT('',(1.038431672071,-2.250415469633,10.));
#1772 = CARTESIAN_POINT('',(1.25124094827,-2.129315091859,10.));
#1773 = CARTESIAN_POINT('',(1.486347959271,-1.957934932251,10.));
#1774 = CARTESIAN_POINT('',(1.524329363801,-1.928935166395,10.));
#1775 = CARTESIAN_POINT('',(1.561663329155,-1.899093953529,10.));
#1776 = CARTESIAN_POINT('',(1.598328126587,-1.868428191912,10.));
#1777 = CARTESIAN_POINT('',(1.63430258368,-1.836955430154,10.));
#1778 = CARTESIAN_POINT('',(1.669566084349,-1.804693867206,10.));
#1779 = CARTESIAN_POINT('',(1.704098568842,-1.771662352367,10.));
#1780 = CARTESIAN_POINT('',(1.737880533736,-1.737880385281,10.));
#1781 = PCURVE('',#657,#1782);
#1782 = DEFINITIONAL_REPRESENTATION('',(#1783),#1849);
#1783 = B_SPLINE_CURVE_WITH_KNOTS('',8,(#1784,#1785,#1786,#1787,#1788,
    #1789,#1790,#1791,#1792,#1793,#1794,#1795,#1796,#1797,#1798,#1799,
    #1800,#1801,#1802,#1803,#1804,#1805,#1806,#1807,#1808,#1809,#1810,
    #1811,#1812,#1813,#1814,#1815,#1816,#1817,#1818,#1819,#1820,#1821,
    #1822,#1823,#1824,#1825,#1826,#1827,#1828,#1829,#1830,#1831,#1832,
    #1833,#1834,#1835,#1836,#1837,#1838,#1839,#1840,#1841,#1842,#1843,
    #1844,#1845,#1846,#1847,#1848),.UNSPECIFIED.,.F.,.F.,(9,7,7,7,7,7,7,
    7,7,9),(0.,0.14102402533,0.17203266604,0.201040750938,0.330066839566
    ,0.460092823364,0.699954985248,0.79897991247,0.966990802352,1.),
  .UNSPECIFIED.);
#1784 = CARTESIAN_POINT('',(7.737880479788,7.737880464754));
#1785 = CARTESIAN_POINT('',(7.593555012991,7.882205976179));
#1786 = CARTESIAN_POINT('',(7.435489760586,8.012874816545));
#1787 = CARTESIAN_POINT('',(7.265252347452,8.128294100819));
#1788 = CARTESIAN_POINT('',(7.084577624007,8.227165600586));
#1789 = CARTESIAN_POINT('',(6.895331919766,8.308436708345));
#1790 = CARTESIAN_POINT('',(6.699494732644,8.371287206097));
#1791 = CARTESIAN_POINT('',(6.499157854013,8.415151838201));
#1792 = CARTESIAN_POINT('',(6.251990340569,8.445193688918));
#1793 = CARTESIAN_POINT('',(6.207325710601,8.449678938455));
#1794 = CARTESIAN_POINT('',(6.16257072857,8.45323168127));
#1795 = CARTESIAN_POINT('',(6.117748115364,8.455849827193));
#1796 = CARTESIAN_POINT('',(6.072880623789,8.457531951745));
#1797 = CARTESIAN_POINT('',(6.027991038561,8.458277296142));
#1798 = CARTESIAN_POINT('',(5.983102176315,8.458085767288));
#1799 = CARTESIAN_POINT('',(5.896266127374,8.455902871406));
#1800 = CARTESIAN_POINT('',(5.854315942147,8.454028418972));
#1801 = CARTESIAN_POINT('',(5.812405029952,8.451335051794));
#1802 = CARTESIAN_POINT('',(5.770552043187,8.447823749343));
#1803 = CARTESIAN_POINT('',(5.72877558662,8.44349599925));
#1804 = CARTESIAN_POINT('',(5.687094217381,8.438353797302));
#1805 = CARTESIAN_POINT('',(5.645526444969,8.432399647446));
#1806 = CARTESIAN_POINT('',(5.419787352061,8.395554793452));
#1807 = CARTESIAN_POINT('',(5.238058894814,8.349462652817));
#1808 = CARTESIAN_POINT('',(5.060584895084,8.287623477116));
#1809 = CARTESIAN_POINT('',(4.888952732451,8.210513022057));
#1810 = CARTESIAN_POINT('',(4.724667692682,8.11878490892));
#1811 = CARTESIAN_POINT('',(4.569152433861,8.013257153388));
#1812 = CARTESIAN_POINT('',(4.423735856437,7.894919776122));
#1813 = CARTESIAN_POINT('',(4.154487647523,7.634000110262));
#1814 = CARTESIAN_POINT('',(4.030776295123,7.491183028084));
#1815 = CARTESIAN_POINT('',(3.919755183256,7.33771568534));
#1816 = CARTESIAN_POINT('',(3.822478386705,7.174926953693));
#1817 = CARTESIAN_POINT('',(3.739825555535,7.004247557485));
#1818 = CARTESIAN_POINT('',(3.672509547563,6.827198217082));
#1819 = CARTESIAN_POINT('',(3.62106232958,6.645389517761));
#1820 = CARTESIAN_POINT('',(3.520748279063,6.119525024297));
#1821 = CARTESIAN_POINT('',(3.51059211289,5.767201899375));
#1822 = CARTESIAN_POINT('',(3.558016249534,5.415194477358));
#1823 = CARTESIAN_POINT('',(3.661910189027,5.074284760144));
#1824 = CARTESIAN_POINT('',(3.81954347932,4.754651963493));
#1825 = CARTESIAN_POINT('',(4.025938419221,4.465585549312));
#1826 = CARTESIAN_POINT('',(4.274523734802,4.215705438579));
#1827 = CARTESIAN_POINT('',(4.671329208118,3.92740947191));
#1828 = CARTESIAN_POINT('',(4.79290074142,3.850889048196));
#1829 = CARTESIAN_POINT('',(4.919483088002,3.782537289179));
#1830 = CARTESIAN_POINT('',(5.050432516012,3.722732553837));
#1831 = CARTESIAN_POINT('',(5.185077516917,3.671790599567));
#1832 = CARTESIAN_POINT('',(5.322721181344,3.629966267006));
#1833 = CARTESIAN_POINT('',(5.462641674245,3.59745060661));
#1834 = CARTESIAN_POINT('',(5.844080837481,3.535192559961));
#1835 = CARTESIAN_POINT('',(6.088637029391,3.52313635749));
#1836 = CARTESIAN_POINT('',(6.333977885063,3.538863793862));
#1837 = CARTESIAN_POINT('',(6.576417462038,3.582324606414));
#1838 = CARTESIAN_POINT('',(6.81238647043,3.652925027708));
#1839 = CARTESIAN_POINT('',(7.038431672071,3.749584530367));
#1840 = CARTESIAN_POINT('',(7.25124094827,3.870684908141));
#1841 = CARTESIAN_POINT('',(7.486347959271,4.042065067749));
#1842 = CARTESIAN_POINT('',(7.524329363801,4.071064833605));
#1843 = CARTESIAN_POINT('',(7.561663329155,4.100906046471));
#1844 = CARTESIAN_POINT('',(7.598328126587,4.131571808088));
#1845 = CARTESIAN_POINT('',(7.63430258368,4.163044569846));
#1846 = CARTESIAN_POINT('',(7.669566084349,4.195306132794));
#1847 = CARTESIAN_POINT('',(7.704098568842,4.228337647633));
#1848 = CARTESIAN_POINT('',(7.737880533736,4.262119614719));
#1849 = ( GEOMETRIC_REPRESENTATION_CONTEXT(2) 
PARAMETRIC_REPRESENTATION_CONTEXT() REPRESENTATION_CONTEXT('2D SPACE',''
  ) );
#1850 = PCURVE('',#1409,#1851);
#1851 = DEFINITIONAL_REPRESENTATION('',(#1852),#1918);
#1852 = B_SPLINE_CURVE_WITH_KNOTS('',8,(#1853,#1854,#1855,#1856,#1857,
    #1858,#1859,#1860,#1861,#1862,#1863,#1864,#1865,#1866,#1867,#1868,
    #1869,#1870,#1871,#1872,#1873,#1874,#1875,#1876,#1877,#1878,#1879,
    #1880,#1881,#1882,#1883,#1884,#1885,#1886,#1887,#1888,#1889,#1890,
    #1891,#1892,#1893,#1894,#1895,#1896,#1897,#1898,#1899,#1900,#1901,
    #1902,#1903,#1904,#1905,#1906,#1907,#1908,#1909,#1910,#1911,#1912,
    #1913,#1914,#1915,#1916,#1917),.UNSPECIFIED.,.F.,.F.,(9,7,7,7,7,7,7,
    7,7,9),(0.,0.14102402533,0.17203266604,0.201040750938,0.330066839566
    ,0.460092823364,0.699954985248,0.79897991247,0.966990802352,1.),
  .UNSPECIFIED.);
#1853 = CARTESIAN_POINT('',(58.055669325552,0.));
#1854 = CARTESIAN_POINT('',(58.139761393794,1.762308789999E-02));
#1855 = CARTESIAN_POINT('',(58.223877060567,3.52511213195E-02));
#1856 = CARTESIAN_POINT('',(58.307982166719,5.287694156091E-02));
#1857 = CARTESIAN_POINT('',(58.392074104017,7.050000201895E-02));
#1858 = CARTESIAN_POINT('',(58.476166039804,8.812306216035E-02));
#1859 = CARTESIAN_POINT('',(58.56027114167,0.105748881503));
#1860 = CARTESIAN_POINT('',(58.644386802115,0.123376913597));
#1861 = CARTESIAN_POINT('',(58.746969191393,0.144874998981));
#1862 = CARTESIAN_POINT('',(58.765459523778,0.148749998844));
#1863 = CARTESIAN_POINT('',(58.78394985896,0.152624999293));
#1864 = CARTESIAN_POINT('',(58.802440195529,0.156500000033));
#1865 = CARTESIAN_POINT('',(58.820930532078,0.160375000769));
#1866 = CARTESIAN_POINT('',(58.839420867198,0.164250001205));
#1867 = CARTESIAN_POINT('',(58.857911199482,0.168125001047));
#1868 = CARTESIAN_POINT('',(58.893698932163,0.175624999227));
#1869 = CARTESIAN_POINT('',(58.910996339867,0.179249999097));
#1870 = CARTESIAN_POINT('',(58.928293749632,0.182874999398));
#1871 = CARTESIAN_POINT('',(58.945591160451,0.186499999921));
#1872 = CARTESIAN_POINT('',(58.962888571318,0.190125000453));
#1873 = CARTESIAN_POINT('',(58.980185981225,0.193750000784));
#1874 = CARTESIAN_POINT('',(58.997483389167,0.197375000704));
#1875 = CARTESIAN_POINT('',(59.091718534576,0.217123762811));
#1876 = CARTESIAN_POINT('',(59.16867150539,0.233250717435));
#1877 = CARTESIAN_POINT('',(59.245617672221,0.249376246156));
#1878 = CARTESIAN_POINT('',(59.32255535102,0.265499996049));
#1879 = CARTESIAN_POINT('',(59.399493032693,0.281623746543));
#1880 = CARTESIAN_POINT('',(59.476439207736,0.297749276985));
#1881 = CARTESIAN_POINT('',(59.553392190862,0.31387623419));
#1882 = CARTESIAN_POINT('',(59.70786393397,0.346248717871));
#1883 = CARTESIAN_POINT('',(59.785413741658,0.362500750982));
#1884 = CARTESIAN_POINT('',(59.862956476916,0.378751301932));
#1885 = CARTESIAN_POINT('',(59.94049038916,0.395000003852));
#1886 = CARTESIAN_POINT('',(60.018024298595,0.411248705183));
#1887 = CARTESIAN_POINT('',(60.095567025828,0.427499254452));
#1888 = CARTESIAN_POINT('',(60.173116821503,0.443751285046));
#1889 = CARTESIAN_POINT('',(60.393679644375,0.489974408061));
#1890 = CARTESIAN_POINT('',(60.537048247894,0.520020018243));
#1891 = CARTESIAN_POINT('',(60.680201887643,0.550020578693));
#1892 = CARTESIAN_POINT('',(60.823254635643,0.579999995359));
#1893 = CARTESIAN_POINT('',(60.96630738813,0.609979412969));
#1894 = CARTESIAN_POINT('',(61.109461040191,0.639979975997));
#1895 = CARTESIAN_POINT('',(61.252829658998,0.670025589384));
#1896 = CARTESIAN_POINT('',(61.454906692974,0.71237466471));
#1897 = CARTESIAN_POINT('',(61.513958986942,0.724750192974));
#1898 = CARTESIAN_POINT('',(61.573009443716,0.737125336219));
#1899 = CARTESIAN_POINT('',(61.632057606957,0.74949999881));
#1900 = CARTESIAN_POINT('',(61.691105771011,0.761874661572));
#1901 = CARTESIAN_POINT('',(61.750156230137,0.77424980531));
#1902 = CARTESIAN_POINT('',(61.809208527743,0.786625334336));
#1903 = CARTESIAN_POINT('',(61.968440944036,0.81999550738));
#1904 = CARTESIAN_POINT('',(62.068682376509,0.841003000864));
#1905 = CARTESIAN_POINT('',(62.168893185692,0.862004076657));
#1906 = CARTESIAN_POINT('',(62.269079455066,0.883000009668));
#1907 = CARTESIAN_POINT('',(62.369265715552,0.903995940816));
#1908 = CARTESIAN_POINT('',(62.469476500738,0.92499701158));
#1909 = CARTESIAN_POINT('',(62.569717901679,0.946004498457));
#1910 = CARTESIAN_POINT('',(62.689585362574,0.97112499845));
#1911 = CARTESIAN_POINT('',(62.70926861876,0.975249998122));
#1912 = CARTESIAN_POINT('',(62.728951878922,0.979374998627));
#1913 = CARTESIAN_POINT('',(62.748635141199,0.983499999575));
#1914 = CARTESIAN_POINT('',(62.768318403728,0.987625000577));
#1915 = CARTESIAN_POINT('',(62.78800166465,0.991750001241));
#1916 = CARTESIAN_POINT('',(62.807684922103,0.995875001179));
#1917 = CARTESIAN_POINT('',(62.827368174228,1.));
#1918 = ( GEOMETRIC_REPRESENTATION_CONTEXT(2) 
PARAMETRIC_REPRESENTATION_CONTEXT() REPRESENTATION_CONTEXT('2D SPACE',''
  ) );
#1919 = ORIENTED_EDGE('',*,*,#1212,.F.);
#1920 = ADVANCED_FACE('',(#1921),#399,.T.);
#1921 = FACE_BOUND('',#1922,.T.);
#1922 = EDGE_LOOP('',(#1923,#1944,#2068,#2069));
#1923 = ORIENTED_EDGE('',*,*,#1924,.T.);
#1924 = EDGE_CURVE('',#22,#1925,#1927,.T.);
#1925 = VERTEX_POINT('',#1926);
#1926 = CARTESIAN_POINT('',(2.457734135413,2.242068020131E-08,0.125));
#1927 = SURFACE_CURVE('',#1928,(#1931,#1937),.PCURVE_S1.);
#1928 = B_SPLINE_CURVE_WITH_KNOTS('',1,(#1929,#1930),.UNSPECIFIED.,.F.,
  .F.,(2,2),(0.,1.),.PIECEWISE_BEZIER_KNOTS.);
#1929 = CARTESIAN_POINT('',(3.000000048851,1.750427047753E-07,
    0.437499994988));
#1930 = CARTESIAN_POINT('',(2.457734148191,4.484136040261E-08,0.125));
#1931 = PCURVE('',#399,#1932);
#1932 = DEFINITIONAL_REPRESENTATION('',(#1933),#1936);
#1933 = B_SPLINE_CURVE_WITH_KNOTS('',1,(#1934,#1935),.UNSPECIFIED.,.F.,
  .F.,(2,2),(0.,1.),.PIECEWISE_BEZIER_KNOTS.);
#1934 = CARTESIAN_POINT('',(0.,1.));
#1935 = CARTESIAN_POINT('',(0.,0.));
#1936 = ( GEOMETRIC_REPRESENTATION_CONTEXT(2) 
PARAMETRIC_REPRESENTATION_CONTEXT() REPRESENTATION_CONTEXT('2D SPACE',''
  ) );
#1937 = PCURVE('',#1148,#1938);
#1938 = DEFINITIONAL_REPRESENTATION('',(#1939),#1943);
#1939 = LINE('',#1940,#1941);
#1940 = CARTESIAN_POINT('',(0.,0.));
#1941 = VECTOR('',#1942,1.);
#1942 = DIRECTION('',(0.,1.));
#1943 = ( GEOMETRIC_REPRESENTATION_CONTEXT(2) 
PARAMETRIC_REPRESENTATION_CONTEXT() REPRESENTATION_CONTEXT('2D SPACE',''
  ) );
#1944 = ORIENTED_EDGE('',*,*,#1945,.T.);
#1945 = EDGE_CURVE('',#1925,#1634,#1946,.T.);
#1946 = SURFACE_CURVE('',#1947,(#2054,#2061),.PCURVE_S1.);
#1947 = B_SPLINE_CURVE_WITH_KNOTS('',14,(#1948,#1949,#1950,#1951,#1952,
    #1953,#1954,#1955,#1956,#1957,#1958,#1959,#1960,#1961,#1962,#1963,
    #1964,#1965,#1966,#1967,#1968,#1969,#1970,#1971,#1972,#1973,#1974,
    #1975,#1976,#1977,#1978,#1979,#1980,#1981,#1982,#1983,#1984,#1985,
    #1986,#1987,#1988,#1989,#1990,#1991,#1992,#1993,#1994,#1995,#1996,
    #1997,#1998,#1999,#2000,#2001,#2002,#2003,#2004,#2005,#2006,#2007,
    #2008,#2009,#2010,#2011,#2012,#2013,#2014,#2015,#2016,#2017,#2018,
    #2019,#2020,#2021,#2022,#2023,#2024,#2025,#2026,#2027,#2028,#2029,
    #2030,#2031,#2032,#2033,#2034,#2035,#2036,#2037,#2038,#2039,#2040,
    #2041,#2042,#2043,#2044,#2045,#2046,#2047,#2048,#2049,#2050,#2051,
    #2052,#2053),.UNSPECIFIED.,.F.,.F.,(15,13,13,13,13,13,13,13,15),(0.,
    7.952831414459,15.905662828918,23.858494243377,31.811325657837,
    39.764157072296,47.716988486755,55.669819901214,63.622651315673),
  .UNSPECIFIED.);
#1948 = CARTESIAN_POINT('',(2.457734122635,3.330669073875E-15,0.125));
#1949 = CARTESIAN_POINT('',(2.457734122635,1.378785618598,0.214285714286
    ));
#1950 = CARTESIAN_POINT('',(1.62473121999,2.757579846116,0.303571428572)
  );
#1951 = CARTESIAN_POINT('',(-4.120550768855E-02,3.59108737303,
    0.392857142855));
#1952 = CARTESIAN_POINT('',(-2.151188302278,3.334702779813,
    0.482142857147));
#1953 = CARTESIAN_POINT('',(-3.925315748621,1.746639900284,
    0.571428571422));
#1954 = CARTESIAN_POINT('',(-4.466087283579,-0.794233072012,
    0.660714285724));
#1955 = CARTESIAN_POINT('',(-3.277038647556,-3.277038647545,
    0.749999999989));
#1956 = CARTESIAN_POINT('',(-0.794233072001,-4.466087283588,
    0.839285714296));
#1957 = CARTESIAN_POINT('',(1.746639900275,-3.925315748616,
    0.928571428563));
#1958 = CARTESIAN_POINT('',(3.334702779819,-2.151188302281,
    1.017857142862));
#1959 = CARTESIAN_POINT('',(3.591087373027,-4.120550768811E-02,
    1.107142857141));
#1960 = CARTESIAN_POINT('',(2.757579846117,1.62473121999,1.196428571429)
  );
#1961 = CARTESIAN_POINT('',(1.378785618598,2.457734122635,1.285714285714
    ));
#1962 = CARTESIAN_POINT('',(-1.378785618598,2.457734122635,
    1.464285714285));
#1963 = CARTESIAN_POINT('',(-2.757579846117,1.624731219988,
    1.553571428573));
#1964 = CARTESIAN_POINT('',(-3.591087373028,-4.120550768176E-02,
    1.642857142852));
#1965 = CARTESIAN_POINT('',(-3.334702779817,-2.151188302293,
    1.732142857154));
#1966 = CARTESIAN_POINT('',(-1.746639900277,-3.925315748596,
    1.821428571411));
#1967 = CARTESIAN_POINT('',(0.794233072002,-4.466087283615,
    1.910714285735));
#1968 = CARTESIAN_POINT('',(3.277038647556,-3.277038647513,1.99999999998
    ));
#1969 = CARTESIAN_POINT('',(4.466087283577,-0.794233072042,
    2.089285714301));
#1970 = CARTESIAN_POINT('',(3.925315748624,1.746639900308,2.178571428562
    ));
#1971 = CARTESIAN_POINT('',(2.151188302276,3.334702779797,2.267857142861
    ));
#1972 = CARTESIAN_POINT('',(4.120550769002E-02,3.591087373038,
    2.357142857142));
#1973 = CARTESIAN_POINT('',(-1.62473121999,2.757579846114,2.446428571428
    ));
#1974 = CARTESIAN_POINT('',(-2.457734122635,1.378785618598,
    2.535714285715));
#1975 = CARTESIAN_POINT('',(-2.457734122635,-1.378785618598,
    2.714285714285));
#1976 = CARTESIAN_POINT('',(-1.624731219988,-2.757579846114,
    2.803571428576));
#1977 = CARTESIAN_POINT('',(4.120550768135E-02,-3.591087373036,
    2.892857142843));
#1978 = CARTESIAN_POINT('',(2.151188302295,-3.334702779803,
    2.982142857175));
#1979 = CARTESIAN_POINT('',(3.925315748592,-1.746639900297,
    3.071428571373));
#1980 = CARTESIAN_POINT('',(4.466087283619,0.794233072022,3.160714285789
    ));
#1981 = CARTESIAN_POINT('',(3.277038647511,3.27703864754,3.249999999918)
  );
#1982 = CARTESIAN_POINT('',(0.794233072041,4.466087283587,3.339285714358
    ));
#1983 = CARTESIAN_POINT('',(-1.746639900305,3.925315748621,
    3.428571428519));
#1984 = CARTESIAN_POINT('',(-3.334702779801,2.151188302276,
    3.517857142888));
#1985 = CARTESIAN_POINT('',(-3.591087373035,4.120550769145E-02,
    3.607142857129));
#1986 = CARTESIAN_POINT('',(-2.757579846115,-1.624731219991,
    3.696428571433));
#1987 = CARTESIAN_POINT('',(-1.378785618598,-2.457734122634,
    3.785714285714));
#1988 = CARTESIAN_POINT('',(1.378785618598,-2.457734122635,
    3.964285714285));
#1989 = CARTESIAN_POINT('',(2.757579846118,-1.624731219988,
    4.053571428576));
#1990 = CARTESIAN_POINT('',(3.591087373024,4.120550768235E-02,
    4.142857142842));
#1991 = CARTESIAN_POINT('',(3.334702779826,2.151188302291,4.232142857176
    ));
#1992 = CARTESIAN_POINT('',(1.746639900263,3.925315748601,4.321428571376
    ));
#1993 = CARTESIAN_POINT('',(-0.794233071984,4.466087283605,
    4.410714285781));
#1994 = CARTESIAN_POINT('',(-3.277038647575,3.277038647527,
    4.499999999932));
#1995 = CARTESIAN_POINT('',(-4.466087283559,0.794233072028,
    4.589285714342));
#1996 = CARTESIAN_POINT('',(-3.925315748638,-1.746639900297,
    4.678571428533));
#1997 = CARTESIAN_POINT('',(-2.151188302267,-3.334702779805,
    4.767857142878));
#1998 = CARTESIAN_POINT('',(-4.120550769464E-02,-3.591087373034,
    4.857142857134));
#1999 = CARTESIAN_POINT('',(1.624731219992,-2.757579846115,
    4.946428571432));
#2000 = CARTESIAN_POINT('',(2.457734122635,-1.378785618598,
    5.035714285714));
#2001 = CARTESIAN_POINT('',(2.457734122634,1.378785618598,5.214285714287
    ));
#2002 = CARTESIAN_POINT('',(1.624731219994,2.757579846119,5.303571428567
    ));
#2003 = CARTESIAN_POINT('',(-4.120550770244E-02,3.591087373022,
    5.392857142871));
#2004 = CARTESIAN_POINT('',(-2.151188302249,3.33470277983,5.482142857112
    ));
#2005 = CARTESIAN_POINT('',(-3.925315748666,1.746639900254,
    5.571428571481));
#2006 = CARTESIAN_POINT('',(-4.466087283526,-0.794233071971,
    5.660714285642));
#2007 = CARTESIAN_POINT('',(-3.277038647605,-3.27703864759,
    5.750000000081));
#2008 = CARTESIAN_POINT('',(-0.794233071962,-4.466087283548,
    5.839285714213));
#2009 = CARTESIAN_POINT('',(1.746639900249,-3.925315748643,
    5.928571428625));
#2010 = CARTESIAN_POINT('',(3.334702779833,-2.151188302268,
    6.017857142825));
#2011 = CARTESIAN_POINT('',(3.59108737302,-4.120550769244E-02,
    6.107142857158));
#2012 = CARTESIAN_POINT('',(2.75757984612,1.62473121999,6.196428571424)
  );
#2013 = CARTESIAN_POINT('',(1.378785618597,2.457734122635,6.285714285715
    ));
#2014 = CARTESIAN_POINT('',(-1.378785618597,2.457734122634,
    6.464285714286));
#2015 = CARTESIAN_POINT('',(-2.757579846121,1.624731219993,6.55357142857
    ));
#2016 = CARTESIAN_POINT('',(-3.591087373015,-4.120550769844E-02,
    6.642857142864));
#2017 = CARTESIAN_POINT('',(-3.334702779847,-2.151188302258,
    6.732142857124));
#2018 = CARTESIAN_POINT('',(-1.746639900224,-3.925315748654,
    6.821428571466));
#2019 = CARTESIAN_POINT('',(0.794233071927,-4.466087283539,6.91071428566
    ));
#2020 = CARTESIAN_POINT('',(3.277038647638,-3.277038647594,
    7.000000000062));
#2021 = CARTESIAN_POINT('',(4.466087283507,-0.79423307197,7.089285714229
    ));
#2022 = CARTESIAN_POINT('',(3.925315748672,1.746639900256,7.178571428613
    ));
#2023 = CARTESIAN_POINT('',(2.151188302251,3.334702779829,7.267857142834
    ));
#2024 = CARTESIAN_POINT('',(4.120550769988E-02,3.591087373023,
    7.357142857153));
#2025 = CARTESIAN_POINT('',(-1.624731219993,2.757579846119,
    7.446428571426));
#2026 = CARTESIAN_POINT('',(-2.457734122634,1.378785618597,
    7.535714285714));
#2027 = CARTESIAN_POINT('',(-2.457734122635,-1.378785618597,
    7.714285714286));
#2028 = CARTESIAN_POINT('',(-1.624731219991,-2.757579846119,
    7.803571428568));
#2029 = CARTESIAN_POINT('',(4.120550769276E-02,-3.591087373023,
    7.892857142869));
#2030 = CARTESIAN_POINT('',(2.151188302271,-3.334702779829,
    7.982142857117));
#2031 = CARTESIAN_POINT('',(3.92531574863,-1.746639900255,8.071428571471
    ));
#2032 = CARTESIAN_POINT('',(4.466087283574,0.794233071971,8.160714285659
    ));
#2033 = CARTESIAN_POINT('',(3.277038647556,3.27703864759,8.250000000058)
  );
#2034 = CARTESIAN_POINT('',(0.794233072004,4.466087283547,8.339285714237
    ));
#2035 = CARTESIAN_POINT('',(-1.746639900277,3.925315748645,
    8.428571428605));
#2036 = CARTESIAN_POINT('',(-3.334702779818,2.151188302264,
    8.517857142838));
#2037 = CARTESIAN_POINT('',(-3.591087373026,4.120550769476E-02,
    8.607142857151));
#2038 = CARTESIAN_POINT('',(-2.757579846118,-1.624731219991,
    8.696428571426));
#2039 = CARTESIAN_POINT('',(-1.378785618597,-2.457734122635,
    8.785714285714));
#2040 = CARTESIAN_POINT('',(1.378785618597,-2.457734122634,
    8.964285714286));
#2041 = CARTESIAN_POINT('',(2.75757984612,-1.624731219995,9.053571428568
    ));
#2042 = CARTESIAN_POINT('',(3.59108737302,4.12055077057E-02,
    9.14285714287));
#2043 = CARTESIAN_POINT('',(3.334702779835,2.151188302242,9.232142857109
    ));
#2044 = CARTESIAN_POINT('',(1.746639900246,3.925315748681,9.321428571493
    ));
#2045 = CARTESIAN_POINT('',(-0.794233071958,4.466087283501,
    9.410714285617));
#2046 = CARTESIAN_POINT('',(-3.277038647603,3.277038647638,
    9.500000000116));
#2047 = CARTESIAN_POINT('',(-4.466087283538,0.794233071929,
    9.589285714175));
#2048 = CARTESIAN_POINT('',(-3.92531574865,-1.746639900223,
    9.678571428658));
#2049 = CARTESIAN_POINT('',(-2.151188302262,-3.334702779849,
    9.767857142803));
#2050 = CARTESIAN_POINT('',(-4.12055076956E-02,-3.591087373013,
    9.857142857169));
#2051 = CARTESIAN_POINT('',(1.624731219992,-2.757579846122,
    9.946428571419));
#2052 = CARTESIAN_POINT('',(2.457734122635,-1.378785618597,
    10.035714285716));
#2053 = CARTESIAN_POINT('',(2.457734122635,-1.966782530553E-14,10.125));
#2054 = PCURVE('',#399,#2055);
#2055 = DEFINITIONAL_REPRESENTATION('',(#2056),#2060);
#2056 = LINE('',#2057,#2058);
#2057 = CARTESIAN_POINT('',(0.,0.));
#2058 = VECTOR('',#2059,1.);
#2059 = DIRECTION('',(1.,0.));
#2060 = ( GEOMETRIC_REPRESENTATION_CONTEXT(2) 
PARAMETRIC_REPRESENTATION_CONTEXT() REPRESENTATION_CONTEXT('2D SPACE',''
  ) );
#2061 = PCURVE('',#1409,#2062);
#2062 = DEFINITIONAL_REPRESENTATION('',(#2063),#2067);
#2063 = LINE('',#2064,#2065);
#2064 = CARTESIAN_POINT('',(0.,1.));
#2065 = VECTOR('',#2066,1.);
#2066 = DIRECTION('',(1.,0.));
#2067 = ( GEOMETRIC_REPRESENTATION_CONTEXT(2) 
PARAMETRIC_REPRESENTATION_CONTEXT() REPRESENTATION_CONTEXT('2D SPACE',''
  ) );
#2068 = ORIENTED_EDGE('',*,*,#1633,.T.);
#2069 = ORIENTED_EDGE('',*,*,#280,.F.);
#2070 = ADVANCED_FACE('',(#2071),#1044,.T.);
#2071 = FACE_BOUND('',#2072,.T.);
#2072 = EDGE_LOOP('',(#2073,#2102,#2103));
#2073 = ORIENTED_EDGE('',*,*,#2074,.T.);
#2074 = EDGE_CURVE('',#1191,#1021,#2075,.T.);
#2075 = SURFACE_CURVE('',#2076,(#2088,#2095),.PCURVE_S1.);
#2076 = B_SPLINE_CURVE_WITH_KNOTS('',6,(#2077,#2078,#2079,#2080,#2081,
    #2082,#2083,#2084,#2085,#2086,#2087),.UNSPECIFIED.,.F.,.F.,(7,4,7),(
    0.,0.5,1.),.UNSPECIFIED.);
#2077 = CARTESIAN_POINT('',(2.457734148191,4.484145288419E-08,0.875));
#2078 = CARTESIAN_POINT('',(2.457733929429,-0.321717003371,0.828125));
#2079 = CARTESIAN_POINT('',(2.407199606017,-0.643432037192,0.78125));
#2080 = CARTESIAN_POINT('',(2.306127547897,-0.955230182415,0.734375));
#2081 = CARTESIAN_POINT('',(2.157122787118,-1.247170892562,0.6875));
#2082 = CARTESIAN_POINT('',(1.773614079503,-1.773614079503,0.59375));
#2083 = CARTESIAN_POINT('',(1.247170892563,-2.157122787118,0.5));
#2084 = CARTESIAN_POINT('',(0.955230182415,-2.306127547898,0.453125));
#2085 = CARTESIAN_POINT('',(0.643432037192,-2.407199606017,0.40625));
#2086 = CARTESIAN_POINT('',(0.321717003371,-2.457733929429,0.359375));
#2087 = CARTESIAN_POINT('',(-4.484136306715E-08,-2.457734148191,0.3125)
  );
#2088 = PCURVE('',#1044,#2089);
#2089 = DEFINITIONAL_REPRESENTATION('',(#2090),#2094);
#2090 = LINE('',#2091,#2092);
#2091 = CARTESIAN_POINT('',(0.,0.));
#2092 = VECTOR('',#2093,1.);
#2093 = DIRECTION('',(1.,0.));
#2094 = ( GEOMETRIC_REPRESENTATION_CONTEXT(2) 
PARAMETRIC_REPRESENTATION_CONTEXT() REPRESENTATION_CONTEXT('2D SPACE',''
  ) );
#2095 = PCURVE('',#1096,#2096);
#2096 = DEFINITIONAL_REPRESENTATION('',(#2097),#2101);
#2097 = LINE('',#2098,#2099);
#2098 = CARTESIAN_POINT('',(0.,1.));
#2099 = VECTOR('',#2100,1.);
#2100 = DIRECTION('',(1.,0.));
#2101 = ( GEOMETRIC_REPRESENTATION_CONTEXT(2) 
PARAMETRIC_REPRESENTATION_CONTEXT() REPRESENTATION_CONTEXT('2D SPACE',''
  ) );
#2102 = ORIENTED_EDGE('',*,*,#1020,.F.);
#2103 = ORIENTED_EDGE('',*,*,#1190,.F.);
#2104 = ADVANCED_FACE('',(#2105),#1096,.T.);
#2105 = FACE_BOUND('',#2106,.T.);
#2106 = EDGE_LOOP('',(#2107,#2136,#2137,#2138));
#2107 = ORIENTED_EDGE('',*,*,#2108,.T.);
#2108 = EDGE_CURVE('',#1925,#1083,#2109,.T.);
#2109 = SURFACE_CURVE('',#2110,(#2122,#2129),.PCURVE_S1.);
#2110 = B_SPLINE_CURVE_WITH_KNOTS('',6,(#2111,#2112,#2113,#2114,#2115,
    #2116,#2117,#2118,#2119,#2120,#2121),.UNSPECIFIED.,.F.,.F.,(7,4,7),(
    0.,0.5,1.),.UNSPECIFIED.);
#2111 = CARTESIAN_POINT('',(2.457734148191,4.484136040261E-08,0.125));
#2112 = CARTESIAN_POINT('',(2.457733929428,-0.321717003371,
    0.130208333333));
#2113 = CARTESIAN_POINT('',(2.407199606019,-0.643432037192,
    0.135416666667));
#2114 = CARTESIAN_POINT('',(2.306127547895,-0.955230182415,0.140625));
#2115 = CARTESIAN_POINT('',(2.157122787119,-1.247170892563,
    0.145833333333));
#2116 = CARTESIAN_POINT('',(1.773614079502,-1.773614079503,0.15625));
#2117 = CARTESIAN_POINT('',(1.247170892563,-2.157122787118,
    0.166666666667));
#2118 = CARTESIAN_POINT('',(0.955230182414,-2.306127547897,0.171875));
#2119 = CARTESIAN_POINT('',(0.643432037193,-2.407199606017,
    0.177083333333));
#2120 = CARTESIAN_POINT('',(0.32171700337,-2.457733929429,0.182291666667
    ));
#2121 = CARTESIAN_POINT('',(-4.484126003845E-08,-2.457734148191,0.1875)
  );
#2122 = PCURVE('',#1096,#2123);
#2123 = DEFINITIONAL_REPRESENTATION('',(#2124),#2128);
#2124 = LINE('',#2125,#2126);
#2125 = CARTESIAN_POINT('',(0.,0.));
#2126 = VECTOR('',#2127,1.);
#2127 = DIRECTION('',(1.,0.));
#2128 = ( GEOMETRIC_REPRESENTATION_CONTEXT(2) 
PARAMETRIC_REPRESENTATION_CONTEXT() REPRESENTATION_CONTEXT('2D SPACE',''
  ) );
#2129 = PCURVE('',#1148,#2130);
#2130 = DEFINITIONAL_REPRESENTATION('',(#2131),#2135);
#2131 = LINE('',#2132,#2133);
#2132 = CARTESIAN_POINT('',(0.,1.));
#2133 = VECTOR('',#2134,1.);
#2134 = DIRECTION('',(1.,0.));
#2135 = ( GEOMETRIC_REPRESENTATION_CONTEXT(2) 
PARAMETRIC_REPRESENTATION_CONTEXT() REPRESENTATION_CONTEXT('2D SPACE',''
  ) );
#2136 = ORIENTED_EDGE('',*,*,#1082,.T.);
#2137 = ORIENTED_EDGE('',*,*,#2074,.F.);
#2138 = ORIENTED_EDGE('',*,*,#2139,.T.);
#2139 = EDGE_CURVE('',#1191,#1925,#2140,.T.);
#2140 = SURFACE_CURVE('',#2141,(#2144,#2150),.PCURVE_S1.);
#2141 = B_SPLINE_CURVE_WITH_KNOTS('',1,(#2142,#2143),.UNSPECIFIED.,.F.,
  .F.,(2,2),(0.,1.),.PIECEWISE_BEZIER_KNOTS.);
#2142 = CARTESIAN_POINT('',(2.457734122635,3.330669073875E-15,0.875));
#2143 = CARTESIAN_POINT('',(2.457734122635,3.330669073875E-15,0.125));
#2144 = PCURVE('',#1096,#2145);
#2145 = DEFINITIONAL_REPRESENTATION('',(#2146),#2149);
#2146 = B_SPLINE_CURVE_WITH_KNOTS('',1,(#2147,#2148),.UNSPECIFIED.,.F.,
  .F.,(2,2),(0.,1.),.PIECEWISE_BEZIER_KNOTS.);
#2147 = CARTESIAN_POINT('',(0.,1.));
#2148 = CARTESIAN_POINT('',(0.,0.));
#2149 = ( GEOMETRIC_REPRESENTATION_CONTEXT(2) 
PARAMETRIC_REPRESENTATION_CONTEXT() REPRESENTATION_CONTEXT('2D SPACE',''
  ) );
#2150 = PCURVE('',#1409,#2151);
#2151 = DEFINITIONAL_REPRESENTATION('',(#2152),#2156);
#2152 = LINE('',#2153,#2154);
#2153 = CARTESIAN_POINT('',(0.,0.));
#2154 = VECTOR('',#2155,1.);
#2155 = DIRECTION('',(0.,1.));
#2156 = ( GEOMETRIC_REPRESENTATION_CONTEXT(2) 
PARAMETRIC_REPRESENTATION_CONTEXT() REPRESENTATION_CONTEXT('2D SPACE',''
  ) );
#2157 = ADVANCED_FACE('',(#2158),#1148,.T.);
#2158 = FACE_BOUND('',#2159,.T.);
#2159 = EDGE_LOOP('',(#2160,#2161,#2162));
#2160 = ORIENTED_EDGE('',*,*,#1126,.T.);
#2161 = ORIENTED_EDGE('',*,*,#2108,.F.);
#2162 = ORIENTED_EDGE('',*,*,#1924,.F.);
#2163 = ADVANCED_FACE('',(#2164),#1409,.T.);
#2164 = FACE_BOUND('',#2165,.T.);
#2165 = EDGE_LOOP('',(#2166,#2167,#2168,#2169));
#2166 = ORIENTED_EDGE('',*,*,#2139,.F.);
#2167 = ORIENTED_EDGE('',*,*,#1292,.T.);
#2168 = ORIENTED_EDGE('',*,*,#1713,.T.);
#2169 = ORIENTED_EDGE('',*,*,#1945,.F.);
#2170 = ( GEOMETRIC_REPRESENTATION_CONTEXT(3) 
GLOBAL_UNCERTAINTY_ASSIGNED_CONTEXT((#2174)) 
GLOBAL_UNIT_ASSIGNED_CONTEXT((#2171,#2172,#2173)) REPRESENTATION_CONTEXT
('Context #1','3D Context with UNIT and UNCERTAINTY') );
#2171 = ( LENGTH_UNIT() NAMED_UNIT(*) SI_UNIT(.MILLI.,.METRE.) );
#2172 = ( NAMED_UNIT(*) PLANE_ANGLE_UNIT() SI_UNIT($,.RADIAN.) );
#2173 = ( NAMED_UNIT(*) SI_UNIT($,.STERADIAN.) SOLID_ANGLE_UNIT() );
#2174 = UNCERTAINTY_MEASURE_WITH_UNIT(LENGTH_MEASURE(2.E-06),#2171,
  'distance_accuracy_value','confusion accuracy');
#2175 = PRODUCT_RELATED_PRODUCT_CATEGORY('part',$,(#7));
ENDSEC;
END-ISO-10303-21;
