ISO-10303-21;
HEADER;
FILE_DESCRIPTION(('Open CASCADE Model'),'2;1');
FILE_NAME('Open CASCADE Shape Model','2026-09-12T10:15:32',('Author'),(
    'Open CASCADE'),'Open CASCADE STEP processor 7.9','Open CASCADE 7.9'
  ,'Unknown');
FILE_SCHEMA(('AUTOMOTIVE_DESIGN { 1 0 10303 214 1 1 1 1 }'));
ENDSEC;
DATA;
#1 = APPLICATION_PROTOCOL_DEFINITION('international standard',
  'automotive_design',2000,#2);
#2 = APPLICATION_CONTEXT(
  'core data for automotive mechanical design processes');
#3 = SHAPE_DEFINITION_REPRESENTATION(#4,#10);
#4 = PRODUCT_DEFINITION_SHAPE('','',#5);
#5 = PRODUCT_DEFINITION('design','',#6,#9);
#6 = PRODUCT_DEFINITION_FORMATION('','',#7);
#7 = PRODUCT('Open CASCADE STEP translator 7.9 9',
  'Open CASCADE STEP translator 7.9 9','',(#8));
#8 = PRODUCT_CONTEXT('',#2,'mechanical');
#9 = PRODUCT_DEFINITION_CONTEXT('part definition',#2,'design');
#10 = ADVANCED_BREP_SHAPE_REPRESENTATION('',(#11,#15),#12445);
#11 = AXIS2_PLACEMENT_3D('',#12,#13,#14);
#12 = CARTESIAN_POINT('',(0.,0.,0.));
#13 = DIRECTION('',(0.,0.,1.));
#14 = DIRECTION('',(1.,0.,-0.));
#15 = MANIFOLD_SOLID_BREP('',#16);
#16 = CLOSED_SHELL('',(#17,#222,#6076,#6178,#6233,#6308,#6488,#6569,
    #6624,#6699,#6879,#6960,#7015,#7090,#7270,#7351,#7406,#7481,#7661,
    #7742,#7797,#7872,#8052,#8133,#8188,#8263,#8443,#8524,#8579,#8654,
    #8834,#8915,#8970,#9045,#9225,#9306,#9361,#9436,#9616,#9697,#9752,
    #9827,#10007,#10088,#10143,#10218,#10398,#10479,#10534,#10609,#10705
    ,#10885,#10966,#11021,#11096,#11276,#11357,#11412,#11487,#11667,
    #11748,#11803,#11878,#12037,#12076,#12131,#12161,#12320,#12438));
#17 = ADVANCED_FACE('',(#18),#31,.F.);
#18 = FACE_BOUND('',#19,.F.);
#19 = EDGE_LOOP('',(#20,#62,#132,#163));
#20 = ORIENTED_EDGE('',*,*,#21,.F.);
#21 = EDGE_CURVE('',#22,#24,#26,.T.);
#22 = VERTEX_POINT('',#23);
#23 = CARTESIAN_POINT('',(-8.569076679499,-1.340496248851,1.56558078759)
  );
#24 = VERTEX_POINT('',#25);
#25 = CARTESIAN_POINT('',(-4.782044036636,-0.748075006527,4.77609800971)
  );
#26 = SURFACE_CURVE('',#27,(#30,#46),.PCURVE_S1.);
#27 = B_SPLINE_CURVE_WITH_KNOTS('',1,(#28,#29),.UNSPECIFIED.,.F.,.F.,(2,
    2),(0.,1.),.PIECEWISE_BEZIER_KNOTS.);
#28 = CARTESIAN_POINT('',(-10.41579019556,-1.629385312816,
    1.7763568394E-15));
#29 = CARTESIAN_POINT('',(-3.926616357649,-0.614256902461,5.501300445142
    ));
#30 = PCURVE('',#31,#40);
#31 = B_SPLINE_SURFACE_WITH_KNOTS('',1,3,(
    (#32,#33,#34,#35)
    ,(#36,#37,#38,#39
    )),.UNSPECIFIED.,.F.,.F.,.F.,(2,2),(4,4),(0.,1.),(0.,1.),
  .PIECEWISE_BEZIER_KNOTS.);
#32 = CARTESIAN_POINT('',(-9.110157191085,-0.708154601973,
    -1.446944832201));
#33 = CARTESIAN_POINT('',(-9.644594420179,-0.827378235869,
    -0.965203855702));
#34 = CARTESIAN_POINT('',(-10.07198585103,-1.222483078848,
    -0.481716056663));
#35 = CARTESIAN_POINT('',(-10.41579019556,-1.629385312816,
    1.7763568394E-15));
#36 = CARTESIAN_POINT('',(-3.434409831191,-0.266965001372,4.955821212164
    ));
#37 = CARTESIAN_POINT('',(-3.635885660341,-0.311910748386,5.137431244908
    ));
#38 = CARTESIAN_POINT('',(-3.797006626872,-0.460860094551,5.31969980685)
  );
#39 = CARTESIAN_POINT('',(-3.926616357649,-0.614256902461,5.501300445142
    ));
#40 = DEFINITIONAL_REPRESENTATION('',(#41),#45);
#41 = LINE('',#42,#43);
#42 = CARTESIAN_POINT('',(0.,1.));
#43 = VECTOR('',#44,1.);
#44 = DIRECTION('',(1.,0.));
#45 = ( GEOMETRIC_REPRESENTATION_CONTEXT(2) 
PARAMETRIC_REPRESENTATION_CONTEXT() REPRESENTATION_CONTEXT('2D SPACE',''
  ) );
#46 = PCURVE('',#47,#56);
#47 = B_SPLINE_SURFACE_WITH_KNOTS('',1,3,(
    (#48,#49,#50,#51)
    ,(#52,#53,#54,#55
    )),.UNSPECIFIED.,.F.,.F.,.F.,(2,2),(4,4),(0.,1.),(0.,1.),
  .PIECEWISE_BEZIER_KNOTS.);
#48 = CARTESIAN_POINT('',(-10.41579019556,-1.629385312816,
    1.7763568394E-15));
#49 = CARTESIAN_POINT('',(-10.37106711177,-1.915285430065,
    1.7763568394E-15));
#50 = CARTESIAN_POINT('',(-10.3145646372,-2.199342551869,
    -1.7763568394E-15));
#51 = CARTESIAN_POINT('',(-10.24647414076,-2.480594601748,
    1.7763568394E-15));
#52 = CARTESIAN_POINT('',(-3.926616357649,-0.614256902461,5.501300445142
    ));
#53 = CARTESIAN_POINT('',(-3.90975634136,-0.722037498649,5.501300445142)
  );
#54 = CARTESIAN_POINT('',(-3.888455649168,-0.829123309715,5.501300445142
    ));
#55 = CARTESIAN_POINT('',(-3.862786424644,-0.935151645438,5.501300445142
    ));
#56 = DEFINITIONAL_REPRESENTATION('',(#57),#61);
#57 = LINE('',#58,#59);
#58 = CARTESIAN_POINT('',(0.,0.));
#59 = VECTOR('',#60,1.);
#60 = DIRECTION('',(1.,0.));
#61 = ( GEOMETRIC_REPRESENTATION_CONTEXT(2) 
PARAMETRIC_REPRESENTATION_CONTEXT() REPRESENTATION_CONTEXT('2D SPACE',''
  ) );
#62 = ORIENTED_EDGE('',*,*,#63,.F.);
#63 = EDGE_CURVE('',#64,#22,#66,.T.);
#64 = VERTEX_POINT('',#65);
#65 = CARTESIAN_POINT('',(-7.494931643876,-0.582599204795,0.375178428735
    ));
#66 = SURFACE_CURVE('',#67,(#85,#106),.PCURVE_S1.);
#67 = B_SPLINE_CURVE_WITH_KNOTS('',6,(#68,#69,#70,#71,#72,#73,#74,#75,
    #76,#77,#78,#79,#80,#81,#82,#83,#84),.UNSPECIFIED.,.F.,.F.,(7,5,5,7)
  ,(0.,0.313908525897,0.858662629882,1.),.UNSPECIFIED.);
#68 = CARTESIAN_POINT('',(-7.494931643876,-0.582599204795,0.375178428735
    ));
#69 = CARTESIAN_POINT('',(-7.563690344329,-0.597940178776,0.437186830728
    ));
#70 = CARTESIAN_POINT('',(-7.631012399846,-0.617787991524,0.499482410371
    ));
#71 = CARTESIAN_POINT('',(-7.696764592645,-0.641846144095,0.561920218919
    ));
#72 = CARTESIAN_POINT('',(-7.760868695574,-0.669755732921,0.624398714552
    ));
#73 = CARTESIAN_POINT('',(-7.82329175262,-0.701135362034,0.686854813742)
  );
#74 = CARTESIAN_POINT('',(-7.989452017572,-0.79546722505,0.857554520807)
  );
#75 = CARTESIAN_POINT('',(-8.089784506937,-0.864650260019,0.96566428721)
  );
#76 = CARTESIAN_POINT('',(-8.185124489606,-0.941287397922,1.07350716896)
  );
#77 = CARTESIAN_POINT('',(-8.275740127096,-1.02357982701,1.181175909488)
  );
#78 = CARTESIAN_POINT('',(-8.362016572166,-1.110015341613,1.288866809862
    ));
#79 = CARTESIAN_POINT('',(-8.46585159577,-1.222407618611,1.424960831625)
  );
#80 = CARTESIAN_POINT('',(-8.486982472699,-1.245747807746,1.453019337594
    ));
#81 = CARTESIAN_POINT('',(-8.507861903288,-1.26925072839,1.481105389738)
  );
#82 = CARTESIAN_POINT('',(-8.528498256354,-1.292892326944,1.50922408896)
  );
#83 = CARTESIAN_POINT('',(-8.548900195577,-1.316648730901,1.537380727232
    ));
#84 = CARTESIAN_POINT('',(-8.569076679499,-1.340496248851,1.56558078759)
  );
#85 = PCURVE('',#31,#86);
#86 = DEFINITIONAL_REPRESENTATION('',(#87),#105);
#87 = B_SPLINE_CURVE_WITH_KNOTS('',6,(#88,#89,#90,#91,#92,#93,#94,#95,
    #96,#97,#98,#99,#100,#101,#102,#103,#104),.UNSPECIFIED.,.F.,.F.,(7,5
    ,5,7),(0.,0.313908525897,0.858662629882,1.),.UNSPECIFIED.);
#88 = CARTESIAN_POINT('',(0.284583764003,0.));
#89 = CARTESIAN_POINT('',(0.284586316756,5.213860417911E-02));
#90 = CARTESIAN_POINT('',(0.284588892036,0.104495213237));
#91 = CARTESIAN_POINT('',(0.284589889891,0.156959847684));
#92 = CARTESIAN_POINT('',(0.284589163556,0.209451328937));
#93 = CARTESIAN_POINT('',(0.28458734336,0.261916872721));
#94 = CARTESIAN_POINT('',(0.284581372758,0.40529188378));
#95 = CARTESIAN_POINT('',(0.28457648384,0.49607472007));
#96 = CARTESIAN_POINT('',(0.284574427,0.586611430337));
#97 = CARTESIAN_POINT('',(0.284579888235,0.676977634007));
#98 = CARTESIAN_POINT('',(0.284590396924,0.767373233147));
#99 = CARTESIAN_POINT('',(0.284593694126,0.881724125328));
#100 = CARTESIAN_POINT('',(0.284593839661,0.905305919445));
#101 = CARTESIAN_POINT('',(0.284593227561,0.928918309784));
#102 = CARTESIAN_POINT('',(0.284591577754,0.952567194797));
#103 = CARTESIAN_POINT('',(0.284588554021,0.976258864405));
#104 = CARTESIAN_POINT('',(0.284583764003,1.));
#105 = ( GEOMETRIC_REPRESENTATION_CONTEXT(2) 
PARAMETRIC_REPRESENTATION_CONTEXT() REPRESENTATION_CONTEXT('2D SPACE',''
  ) );
#106 = PCURVE('',#107,#112);
#107 = SPHERICAL_SURFACE('',#108,11.313708498985);
#108 = AXIS2_PLACEMENT_3D('',#109,#110,#111);
#109 = CARTESIAN_POINT('',(7.984583925661E-15,-1.027188335223E-13,
    8.830151983997));
#110 = DIRECTION('',(1.220963622102E-16,9.490846202742E-18,1.));
#111 = DIRECTION('',(7.749864050068E-02,-0.996992457705,0.));
#112 = DEFINITIONAL_REPRESENTATION('',(#113),#131);
#113 = B_SPLINE_CURVE_WITH_KNOTS('',6,(#114,#115,#116,#117,#118,#119,
    #120,#121,#122,#123,#124,#125,#126,#127,#128,#129,#130),
  .UNSPECIFIED.,.F.,.F.,(7,5,5,7),(0.,0.313908525897,0.858662629882,1.),
  .UNSPECIFIED.);
#114 = CARTESIAN_POINT('',(-1.570796326795,-0.844021272475));
#115 = CARTESIAN_POINT('',(-1.569470610102,-0.835772777087));
#116 = CARTESIAN_POINT('',(-1.567561861519,-0.827577916632));
#117 = CARTESIAN_POINT('',(-1.565131675743,-0.819452676873));
#118 = CARTESIAN_POINT('',(-1.56224399307,-0.811406291918));
#119 = CARTESIAN_POINT('',(-1.5589606589,-0.803442636122));
#120 = CARTESIAN_POINT('',(-1.549048488265,-0.781884962721));
#121 = CARTESIAN_POINT('',(-1.541736941905,-0.768460855417));
#122 = CARTESIAN_POINT('',(-1.533690403338,-0.755278999845));
#123 = CARTESIAN_POINT('',(-1.525148770611,-0.742309817667));
#124 = CARTESIAN_POINT('',(-1.516299161241,-0.729515812682));
#125 = CARTESIAN_POINT('',(-1.504964452296,-0.713559552912));
#126 = CARTESIAN_POINT('',(-1.502619534073,-0.710281150143));
#127 = CARTESIAN_POINT('',(-1.500267521685,-0.707010642182));
#128 = CARTESIAN_POINT('',(-1.497911181499,-0.703747274372));
#129 = CARTESIAN_POINT('',(-1.495553213974,-0.700490288093));
#130 = CARTESIAN_POINT('',(-1.493196253663,-0.697238920763));
#131 = ( GEOMETRIC_REPRESENTATION_CONTEXT(2) 
PARAMETRIC_REPRESENTATION_CONTEXT() REPRESENTATION_CONTEXT('2D SPACE',''
  ) );
#132 = ORIENTED_EDGE('',*,*,#133,.T.);
#133 = EDGE_CURVE('',#64,#134,#136,.T.);
#134 = VERTEX_POINT('',#135);
#135 = CARTESIAN_POINT('',(-4.18260852518,-0.32512429953,4.111784138534)
  );
#136 = SURFACE_CURVE('',#137,(#140,#147),.PCURVE_S1.);
#137 = B_SPLINE_CURVE_WITH_KNOTS('',1,(#138,#139),.UNSPECIFIED.,.F.,.F.,
  (2,2),(0.,1.),.PIECEWISE_BEZIER_KNOTS.);
#138 = CARTESIAN_POINT('',(-9.110157191085,-0.708154601973,
    -1.446944832201));
#139 = CARTESIAN_POINT('',(-3.434409831191,-0.266965001372,
    4.955821212164));
#140 = PCURVE('',#31,#141);
#141 = DEFINITIONAL_REPRESENTATION('',(#142),#146);
#142 = LINE('',#143,#144);
#143 = CARTESIAN_POINT('',(0.,0.));
#144 = VECTOR('',#145,1.);
#145 = DIRECTION('',(1.,0.));
#146 = ( GEOMETRIC_REPRESENTATION_CONTEXT(2) 
PARAMETRIC_REPRESENTATION_CONTEXT() REPRESENTATION_CONTEXT('2D SPACE',''
  ) );
#147 = PCURVE('',#148,#157);
#148 = B_SPLINE_SURFACE_WITH_KNOTS('',1,3,(
    (#149,#150,#151,#152)
    ,(#153,#154,#155,#156
    )),.UNSPECIFIED.,.F.,.F.,.F.,(2,2),(4,4),(0.,1.),(0.,1.),
  .PIECEWISE_BEZIER_KNOTS.);
#149 = CARTESIAN_POINT('',(-9.110157191085,0.708154601973,
    -1.446944832201));
#150 = CARTESIAN_POINT('',(-8.42884439174,0.641667996651,-2.052873367937
    ));
#151 = CARTESIAN_POINT('',(-8.42884439174,-0.641667996651,
    -2.052873367937));
#152 = CARTESIAN_POINT('',(-9.110157191085,-0.708154601973,
    -1.446944832201));
#153 = CARTESIAN_POINT('',(-3.434409831191,0.266965001372,4.955821212164
    ));
#154 = CARTESIAN_POINT('',(-3.177563837526,0.241900422774,4.727394097628
    ));
#155 = CARTESIAN_POINT('',(-3.177563837526,-0.241900422774,
    4.727394097628));
#156 = CARTESIAN_POINT('',(-3.434409831191,-0.266965001372,
    4.955821212164));
#157 = DEFINITIONAL_REPRESENTATION('',(#158),#162);
#158 = LINE('',#159,#160);
#159 = CARTESIAN_POINT('',(0.,1.));
#160 = VECTOR('',#161,1.);
#161 = DIRECTION('',(1.,0.));
#162 = ( GEOMETRIC_REPRESENTATION_CONTEXT(2) 
PARAMETRIC_REPRESENTATION_CONTEXT() REPRESENTATION_CONTEXT('2D SPACE',''
  ) );
#163 = ORIENTED_EDGE('',*,*,#164,.T.);
#164 = EDGE_CURVE('',#134,#24,#165,.T.);
#165 = SURFACE_CURVE('',#166,(#181,#199),.PCURVE_S1.);
#166 = B_SPLINE_CURVE_WITH_KNOTS('',7,(#167,#168,#169,#170,#171,#172,
    #173,#174,#175,#176,#177,#178,#179,#180),.UNSPECIFIED.,.F.,.F.,(8,6,
    8),(0.,0.850488669162,1.),.UNSPECIFIED.);
#167 = CARTESIAN_POINT('',(-4.18260852518,-0.32512429953,4.111784138534)
  );
#168 = CARTESIAN_POINT('',(-4.271893427021,-0.345044940075,
    4.192303608054));
#169 = CARTESIAN_POINT('',(-4.356567914644,-0.378116573633,
    4.273314981564));
#170 = CARTESIAN_POINT('',(-4.436290274796,-0.422349369655,
    4.354277795808));
#171 = CARTESIAN_POINT('',(-4.511048833899,-0.475277171583,
    4.435014620311));
#172 = CARTESIAN_POINT('',(-4.581041441929,-0.534604622843,4.51553502348
    ));
#173 = CARTESIAN_POINT('',(-4.646655775183,-0.598378706586,4.59598191841
    ));
#174 = CARTESIAN_POINT('',(-4.719301155997,-0.67655909103,4.690848277191
    ));
#175 = CARTESIAN_POINT('',(-4.730042613227,-0.688330301091,
    4.705037211256));
#176 = CARTESIAN_POINT('',(-4.740666763536,-0.700173929449,
    4.719232515079));
#177 = CARTESIAN_POINT('',(-4.75117623242,-0.712080070507,4.733435218672
    ));
#178 = CARTESIAN_POINT('',(-4.76157372745,-0.724038851508,4.747646350815
    ));
#179 = CARTESIAN_POINT('',(-4.771862038278,-0.736040432539,
    4.761866939056));
#180 = CARTESIAN_POINT('',(-4.782044036636,-0.748075006527,4.77609800971
    ));
#181 = PCURVE('',#31,#182);
#182 = DEFINITIONAL_REPRESENTATION('',(#183),#198);
#183 = B_SPLINE_CURVE_WITH_KNOTS('',7,(#184,#185,#186,#187,#188,#189,
    #190,#191,#192,#193,#194,#195,#196,#197),.UNSPECIFIED.,.F.,.F.,(8,6,
    8),(0.,0.850488669162,1.),.UNSPECIFIED.);
#184 = CARTESIAN_POINT('',(0.868176180766,0.));
#185 = CARTESIAN_POINT('',(0.868179495579,0.121319391663));
#186 = CARTESIAN_POINT('',(0.86818288786,0.243256137338));
#187 = CARTESIAN_POINT('',(0.868175989237,0.365136107599));
#188 = CARTESIAN_POINT('',(0.868168348892,0.48663432347));
#189 = CARTESIAN_POINT('',(0.868169537288,0.607730112298));
#190 = CARTESIAN_POINT('',(0.868178832591,0.728696895796));
#191 = CARTESIAN_POINT('',(0.868181617035,0.871521278561));
#192 = CARTESIAN_POINT('',(0.868181817795,0.892887782173));
#193 = CARTESIAN_POINT('',(0.868181721624,0.914269386705));
#194 = CARTESIAN_POINT('',(0.868181231161,0.935668666407));
#195 = CARTESIAN_POINT('',(0.868180233068,0.957088308926));
#196 = CARTESIAN_POINT('',(0.868178598033,0.978531115309));
#197 = CARTESIAN_POINT('',(0.868176180766,1.));
#198 = ( GEOMETRIC_REPRESENTATION_CONTEXT(2) 
PARAMETRIC_REPRESENTATION_CONTEXT() REPRESENTATION_CONTEXT('2D SPACE',''
  ) );
#199 = PCURVE('',#200,#205);
#200 = SPHERICAL_SURFACE('',#201,6.313708498985);
#201 = AXIS2_PLACEMENT_3D('',#202,#203,#204);
#202 = CARTESIAN_POINT('',(3.44163100244E-16,-4.427535927687E-15,
    8.830151983997));
#203 = DIRECTION('',(1.220963622102E-16,9.490846202742E-18,1.));
#204 = DIRECTION('',(7.749864050068E-02,-0.996992457705,0.));
#205 = DEFINITIONAL_REPRESENTATION('',(#206),#221);
#206 = B_SPLINE_CURVE_WITH_KNOTS('',7,(#207,#208,#209,#210,#211,#212,
    #213,#214,#215,#216,#217,#218,#219,#220),.UNSPECIFIED.,.F.,.F.,(8,6,
    8),(0.,0.850488669162,1.),.UNSPECIFIED.);
#207 = CARTESIAN_POINT('',(-1.570796326795,-0.844021272475));
#208 = CARTESIAN_POINT('',(-1.567711565605,-0.824828153319));
#209 = CARTESIAN_POINT('',(-1.561571600557,-0.806001163206));
#210 = CARTESIAN_POINT('',(-1.553109718437,-0.787624249174));
#211 = CARTESIAN_POINT('',(-1.543029842877,-0.769685293673));
#212 = CARTESIAN_POINT('',(-1.531887446879,-0.752142172856));
#213 = CARTESIAN_POINT('',(-1.520121040784,-0.734930933361));
#214 = CARTESIAN_POINT('',(-1.505977420214,-0.714980701572));
#215 = CARTESIAN_POINT('',(-1.503854971696,-0.71200585948));
#216 = CARTESIAN_POINT('',(-1.50172676396,-0.709038614354));
#217 = CARTESIAN_POINT('',(-1.499594819274,-0.706078626697));
#218 = CARTESIAN_POINT('',(-1.497461124403,-0.703125564158));
#219 = CARTESIAN_POINT('',(-1.495327630611,-0.700179101532));
#220 = CARTESIAN_POINT('',(-1.493196253663,-0.697238920763));
#221 = ( GEOMETRIC_REPRESENTATION_CONTEXT(2) 
PARAMETRIC_REPRESENTATION_CONTEXT() REPRESENTATION_CONTEXT('2D SPACE',''
  ) );
#222 = ADVANCED_FACE('',(#223),#107,.T.);
#223 = FACE_BOUND('',#224,.F.);
#224 = EDGE_LOOP('',(#225,#258,#282,#356,#394,#453,#650,#724,#762,#821,
    #1018,#1092,#1130,#1189,#1386,#1460,#1498,#1557,#1754,#1828,#1866,
    #1925,#2122,#2196,#2234,#2293,#2490,#2564,#2602,#2661,#2858,#2932,
    #2970,#3029,#3226,#3300,#3338,#3397,#3594,#3668,#3706,#3765,#3962,
    #4036,#4074,#4133,#4330,#4404,#4442,#4501,#4687,#4688,#4717,#4776,
    #4973,#5047,#5085,#5144,#5341,#5415,#5453,#5512,#5709,#5783,#5821,
    #5880,#6075));
#225 = ORIENTED_EDGE('',*,*,#226,.F.);
#226 = EDGE_CURVE('',#227,#227,#229,.T.);
#227 = VERTEX_POINT('',#228);
#228 = CARTESIAN_POINT('',(0.54815383901,-7.051804259073,
    -2.13162820728E-14));
#229 = SURFACE_CURVE('',#230,(#235,#242),.PCURVE_S1.);
#230 = CIRCLE('',#231,7.073076836816);
#231 = AXIS2_PLACEMENT_3D('',#232,#233,#234);
#232 = CARTESIAN_POINT('',(6.906454490651E-15,-1.028026391368E-13,
    -1.95399252334E-14));
#233 = DIRECTION('',(1.220963622102E-16,9.490846202742E-18,1.));
#234 = DIRECTION('',(7.749864050068E-02,-0.996992457705,0.));
#235 = PCURVE('',#107,#236);
#236 = DEFINITIONAL_REPRESENTATION('',(#237),#241);
#237 = LINE('',#238,#239);
#238 = CARTESIAN_POINT('',(-6.28318530718,-0.895437295856));
#239 = VECTOR('',#240,1.);
#240 = DIRECTION('',(1.,-0.));
#241 = ( GEOMETRIC_REPRESENTATION_CONTEXT(2) 
PARAMETRIC_REPRESENTATION_CONTEXT() REPRESENTATION_CONTEXT('2D SPACE',''
  ) );
#242 = PCURVE('',#243,#248);
#243 = PLANE('',#244);
#244 = AXIS2_PLACEMENT_3D('',#245,#246,#247);
#245 = CARTESIAN_POINT('',(-9.894523726701E-16,-3.90507770782E-16,
    -1.95399252334E-14));
#246 = DIRECTION('',(-1.220963622102E-16,-9.490846202742E-18,-1.));
#247 = DIRECTION('',(7.749864050068E-02,-0.996992457705,0.));
#248 = DEFINITIONAL_REPRESENTATION('',(#249),#257);
#249 = ( BOUNDED_CURVE() B_SPLINE_CURVE(2,(#250,#251,#252,#253,#254,#255
,#256),.UNSPECIFIED.,.T.,.F.) B_SPLINE_CURVE_WITH_KNOTS((1,2,2,2,2,1),(
    -2.094395102393,0.,2.094395102393,4.188790204786,6.28318530718,
8.377580409573),.UNSPECIFIED.) CURVE() GEOMETRIC_REPRESENTATION_ITEM() 
RATIONAL_B_SPLINE_CURVE((1.,0.5,1.,0.5,1.,0.5,1.)) REPRESENTATION_ITEM(
  '') );
#250 = CARTESIAN_POINT('',(7.073076836816,6.464136216783E-17));
#251 = CARTESIAN_POINT('',(7.073076836816,-12.2509284472));
#252 = CARTESIAN_POINT('',(-3.536538418408,-6.125464223602));
#253 = CARTESIAN_POINT('',(-14.14615367363,-1.667762819498E-15));
#254 = CARTESIAN_POINT('',(-3.536538418408,6.125464223602));
#255 = CARTESIAN_POINT('',(7.073076836816,12.250928447204));
#256 = CARTESIAN_POINT('',(7.073076836816,6.464136216783E-17));
#257 = ( GEOMETRIC_REPRESENTATION_CONTEXT(2) 
PARAMETRIC_REPRESENTATION_CONTEXT() REPRESENTATION_CONTEXT('2D SPACE',''
  ) );
#258 = ORIENTED_EDGE('',*,*,#259,.T.);
#259 = EDGE_CURVE('',#227,#260,#262,.T.);
#260 = VERTEX_POINT('',#261);
#261 = CARTESIAN_POINT('',(0.582599204795,-7.494931643876,0.375178428735
    ));
#262 = SEAM_CURVE('',#263,(#268,#275),.PCURVE_S1.);
#263 = CIRCLE('',#264,11.313708498985);
#264 = AXIS2_PLACEMENT_3D('',#265,#266,#267);
#265 = CARTESIAN_POINT('',(7.984583925661E-15,-1.027188335223E-13,
    8.830151983997));
#266 = DIRECTION('',(-0.996992457705,-7.749864050068E-02,
    1.249000902703E-16));
#267 = DIRECTION('',(4.804081032833E-02,-0.618027945393,-0.784686905241)
  );
#268 = PCURVE('',#107,#269);
#269 = DEFINITIONAL_REPRESENTATION('',(#270),#274);
#270 = LINE('',#271,#272);
#271 = CARTESIAN_POINT('',(-0.,-0.902190886165));
#272 = VECTOR('',#273,1.);
#273 = DIRECTION('',(-0.,1.));
#274 = ( GEOMETRIC_REPRESENTATION_CONTEXT(2) 
PARAMETRIC_REPRESENTATION_CONTEXT() REPRESENTATION_CONTEXT('2D SPACE',''
  ) );
#275 = PCURVE('',#107,#276);
#276 = DEFINITIONAL_REPRESENTATION('',(#277),#281);
#277 = LINE('',#278,#279);
#278 = CARTESIAN_POINT('',(-6.28318530718,-0.902190886165));
#279 = VECTOR('',#280,1.);
#280 = DIRECTION('',(-0.,1.));
#281 = ( GEOMETRIC_REPRESENTATION_CONTEXT(2) 
PARAMETRIC_REPRESENTATION_CONTEXT() REPRESENTATION_CONTEXT('2D SPACE',''
  ) );
#282 = ORIENTED_EDGE('',*,*,#283,.T.);
#283 = EDGE_CURVE('',#260,#284,#286,.T.);
#284 = VERTEX_POINT('',#285);
#285 = CARTESIAN_POINT('',(1.340496248851,-8.5690766795,1.56558078759));
#286 = SURFACE_CURVE('',#287,(#305,#326),.PCURVE_S1.);
#287 = B_SPLINE_CURVE_WITH_KNOTS('',6,(#288,#289,#290,#291,#292,#293,
    #294,#295,#296,#297,#298,#299,#300,#301,#302,#303,#304),
  .UNSPECIFIED.,.F.,.F.,(7,5,5,7),(0.,0.313908525987,0.858662631823,1.),
  .UNSPECIFIED.);
#288 = CARTESIAN_POINT('',(0.582599204795,-7.494931643876,0.375178428735
    ));
#289 = CARTESIAN_POINT('',(0.597940178781,-7.563690344349,0.437186830746
    ));
#290 = CARTESIAN_POINT('',(0.617787991535,-7.631012399884,0.499482410407
    ));
#291 = CARTESIAN_POINT('',(0.641846144115,-7.696764592702,0.561920218973
    ));
#292 = CARTESIAN_POINT('',(0.669755732953,-7.760868695648,0.624398714624
    ));
#293 = CARTESIAN_POINT('',(0.701135362078,-7.82329175271,0.686854813832)
  );
#294 = CARTESIAN_POINT('',(0.79546722532,-7.98945201803,0.857554521283)
  );
#295 = CARTESIAN_POINT('',(0.864650260562,-8.089784507715,0.965664288051
    ));
#296 = CARTESIAN_POINT('',(0.941287398782,-8.18512449067,1.073507170165)
  );
#297 = CARTESIAN_POINT('',(1.023579828211,-8.275740128416,1.181175911058
    ));
#298 = CARTESIAN_POINT('',(1.110015343167,-8.362016573717,1.288866811799
    ));
#299 = CARTESIAN_POINT('',(1.222407620214,-8.46585159722,1.424960833551)
  );
#300 = CARTESIAN_POINT('',(1.245747809037,-8.486982473846,1.453019339137
    ));
#301 = CARTESIAN_POINT('',(1.269250729364,-8.507861904139,1.481105390896
    ));
#302 = CARTESIAN_POINT('',(1.292892327596,-8.528498256915,1.509224089733
    ));
#303 = CARTESIAN_POINT('',(1.316648731229,-8.548900195854,1.537380727619
    ));
#304 = CARTESIAN_POINT('',(1.340496248851,-8.5690766795,1.56558078759));
#305 = PCURVE('',#107,#306);
#306 = DEFINITIONAL_REPRESENTATION('',(#307),#325);
#307 = B_SPLINE_CURVE_WITH_KNOTS('',6,(#308,#309,#310,#311,#312,#313,
    #314,#315,#316,#317,#318,#319,#320,#321,#322,#323,#324),
  .UNSPECIFIED.,.F.,.F.,(7,5,5,7),(0.,0.313908525987,0.858662631823,1.),
  .UNSPECIFIED.);
#308 = CARTESIAN_POINT('',(-6.28318530718,-0.844021272475));
#309 = CARTESIAN_POINT('',(-6.281859590487,-0.835772777084));
#310 = CARTESIAN_POINT('',(-6.279950841903,-0.827577916627));
#311 = CARTESIAN_POINT('',(-6.277520656125,-0.819452676866));
#312 = CARTESIAN_POINT('',(-6.274632973451,-0.811406291909));
#313 = CARTESIAN_POINT('',(-6.27134963928,-0.80344263611));
#314 = CARTESIAN_POINT('',(-6.261437468621,-0.781884962661));
#315 = CARTESIAN_POINT('',(-6.254125922233,-0.768460855313));
#316 = CARTESIAN_POINT('',(-6.246079383633,-0.755278999698));
#317 = CARTESIAN_POINT('',(-6.237537750871,-0.742309817478));
#318 = CARTESIAN_POINT('',(-6.228688141467,-0.729515812452));
#319 = CARTESIAN_POINT('',(-6.217353432519,-0.713559552687));
#320 = CARTESIAN_POINT('',(-6.215008514329,-0.710281149964));
#321 = CARTESIAN_POINT('',(-6.212656501973,-0.707010642048));
#322 = CARTESIAN_POINT('',(-6.210300161819,-0.703747274283));
#323 = CARTESIAN_POINT('',(-6.207942194326,-0.700490288049));
#324 = CARTESIAN_POINT('',(-6.205585234048,-0.697238920763));
#325 = ( GEOMETRIC_REPRESENTATION_CONTEXT(2) 
PARAMETRIC_REPRESENTATION_CONTEXT() REPRESENTATION_CONTEXT('2D SPACE',''
  ) );
#326 = PCURVE('',#327,#336);
#327 = B_SPLINE_SURFACE_WITH_KNOTS('',1,3,(
    (#328,#329,#330,#331)
    ,(#332,#333,#334,#335
    )),.UNSPECIFIED.,.F.,.F.,.F.,(2,2),(4,4),(0.,1.),(0.,1.),
  .PIECEWISE_BEZIER_KNOTS.);
#328 = CARTESIAN_POINT('',(0.708154601973,-9.110157191085,
    -1.446944832201));
#329 = CARTESIAN_POINT('',(0.827378235869,-9.644594420179,
    -0.965203855702));
#330 = CARTESIAN_POINT('',(1.222483078848,-10.07198585103,
    -0.481716056663));
#331 = CARTESIAN_POINT('',(1.629385312816,-10.41579019556,0.));
#332 = CARTESIAN_POINT('',(0.266965001372,-3.434409831191,4.955821212164
    ));
#333 = CARTESIAN_POINT('',(0.311910748386,-3.635885660341,5.137431244908
    ));
#334 = CARTESIAN_POINT('',(0.460860094551,-3.797006626872,5.31969980685)
  );
#335 = CARTESIAN_POINT('',(0.614256902461,-3.926616357649,5.501300445142
    ));
#336 = DEFINITIONAL_REPRESENTATION('',(#337),#355);
#337 = B_SPLINE_CURVE_WITH_KNOTS('',6,(#338,#339,#340,#341,#342,#343,
    #344,#345,#346,#347,#348,#349,#350,#351,#352,#353,#354),
  .UNSPECIFIED.,.F.,.F.,(7,5,5,7),(0.,0.313908525987,0.858662631823,1.),
  .UNSPECIFIED.);
#338 = CARTESIAN_POINT('',(0.284583764003,0.));
#339 = CARTESIAN_POINT('',(0.284586316756,5.213860419405E-02));
#340 = CARTESIAN_POINT('',(0.284588892036,0.104495213267));
#341 = CARTESIAN_POINT('',(0.284589889891,0.156959847729));
#342 = CARTESIAN_POINT('',(0.284589163556,0.209451328997));
#343 = CARTESIAN_POINT('',(0.28458734336,0.261916872796));
#344 = CARTESIAN_POINT('',(0.284581372758,0.405291884179));
#345 = CARTESIAN_POINT('',(0.28457648384,0.496074720776));
#346 = CARTESIAN_POINT('',(0.284574427,0.58661143135));
#347 = CARTESIAN_POINT('',(0.284579888235,0.676977635325));
#348 = CARTESIAN_POINT('',(0.284590396924,0.767373234772));
#349 = CARTESIAN_POINT('',(0.284593694126,0.881724126947));
#350 = CARTESIAN_POINT('',(0.284593839661,0.905305920742));
#351 = CARTESIAN_POINT('',(0.284593227561,0.928918310758));
#352 = CARTESIAN_POINT('',(0.284591577754,0.952567195448));
#353 = CARTESIAN_POINT('',(0.284588554021,0.976258864731));
#354 = CARTESIAN_POINT('',(0.284583764003,1.));
#355 = ( GEOMETRIC_REPRESENTATION_CONTEXT(2) 
PARAMETRIC_REPRESENTATION_CONTEXT() REPRESENTATION_CONTEXT('2D SPACE',''
  ) );
#356 = ORIENTED_EDGE('',*,*,#357,.T.);
#357 = EDGE_CURVE('',#284,#358,#360,.T.);
#358 = VERTEX_POINT('',#359);
#359 = CARTESIAN_POINT('',(2.040786628189,-8.429780262292,1.56558078759)
  );
#360 = SURFACE_CURVE('',#361,(#367,#376),.PCURVE_S1.);
#361 = B_SPLINE_CURVE_WITH_KNOTS('',4,(#362,#363,#364,#365,#366),
  .UNSPECIFIED.,.F.,.F.,(5,5),(0.,1.),.PIECEWISE_BEZIER_KNOTS.);
#362 = CARTESIAN_POINT('',(1.340496248851,-8.5690766795,1.56558078759));
#363 = CARTESIAN_POINT('',(1.516903801402,-8.541480884616,1.565581225341
    ));
#364 = CARTESIAN_POINT('',(1.692553603659,-8.509041574247,1.565580009348
    ));
#365 = CARTESIAN_POINT('',(1.86724684752,-8.471793319917,1.565581225341)
  );
#366 = CARTESIAN_POINT('',(2.040786628189,-8.429780262292,1.56558078759)
  );
#367 = PCURVE('',#107,#368);
#368 = DEFINITIONAL_REPRESENTATION('',(#369),#375);
#369 = B_SPLINE_CURVE_WITH_KNOTS('',4,(#370,#371,#372,#373,#374),
  .UNSPECIFIED.,.F.,.F.,(5,5),(0.,1.),.PIECEWISE_BEZIER_KNOTS.);
#370 = CARTESIAN_POINT('',(-6.205585234048,-0.697238920763));
#371 = CARTESIAN_POINT('',(-6.184998710846,-0.697238870292));
#372 = CARTESIAN_POINT('',(-6.164412193899,-0.697239010492));
#373 = CARTESIAN_POINT('',(-6.143825676948,-0.697238870292));
#374 = CARTESIAN_POINT('',(-6.123239153748,-0.697238920763));
#375 = ( GEOMETRIC_REPRESENTATION_CONTEXT(2) 
PARAMETRIC_REPRESENTATION_CONTEXT() REPRESENTATION_CONTEXT('2D SPACE',''
  ) );
#376 = PCURVE('',#377,#386);
#377 = B_SPLINE_SURFACE_WITH_KNOTS('',1,3,(
    (#378,#379,#380,#381)
    ,(#382,#383,#384,#385
    )),.UNSPECIFIED.,.F.,.F.,.F.,(2,2),(4,4),(0.,1.),(0.,1.),
  .PIECEWISE_BEZIER_KNOTS.);
#378 = CARTESIAN_POINT('',(1.629385312816,-10.41579019556,0.));
#379 = CARTESIAN_POINT('',(1.915285430065,-10.37106711177,0.));
#380 = CARTESIAN_POINT('',(2.199342551869,-10.3145646372,
    -3.552713678801E-15));
#381 = CARTESIAN_POINT('',(2.480594601748,-10.24647414076,0.));
#382 = CARTESIAN_POINT('',(0.614256902461,-3.926616357649,5.501300445142
    ));
#383 = CARTESIAN_POINT('',(0.722037498649,-3.90975634136,5.501300445142)
  );
#384 = CARTESIAN_POINT('',(0.829123309715,-3.888455649168,5.501300445142
    ));
#385 = CARTESIAN_POINT('',(0.935151645438,-3.862786424644,5.501300445142
    ));
#386 = DEFINITIONAL_REPRESENTATION('',(#387),#393);
#387 = B_SPLINE_CURVE_WITH_KNOTS('',4,(#388,#389,#390,#391,#392),
  .UNSPECIFIED.,.F.,.F.,(5,5),(0.,1.),.PIECEWISE_BEZIER_KNOTS.);
#388 = CARTESIAN_POINT('',(0.284583764003,0.));
#389 = CARTESIAN_POINT('',(0.284583843575,0.249999983278));
#390 = CARTESIAN_POINT('',(0.284583622538,0.499999999991));
#391 = CARTESIAN_POINT('',(0.284583843575,0.750000016749));
#392 = CARTESIAN_POINT('',(0.284583764003,1.));
#393 = ( GEOMETRIC_REPRESENTATION_CONTEXT(2) 
PARAMETRIC_REPRESENTATION_CONTEXT() REPRESENTATION_CONTEXT('2D SPACE',''
  ) );
#394 = ORIENTED_EDGE('',*,*,#395,.T.);
#395 = EDGE_CURVE('',#358,#396,#398,.T.);
#396 = VERTEX_POINT('',#397);
#397 = CARTESIAN_POINT('',(2.329934685853,-7.147365006733,0.375178428735
    ));
#398 = SURFACE_CURVE('',#399,(#412,#428),.PCURVE_S1.);
#399 = B_SPLINE_CURVE_WITH_KNOTS('',6,(#400,#401,#402,#403,#404,#405,
    #406,#407,#408,#409,#410,#411),.UNSPECIFIED.,.F.,.F.,(7,5,7),(0.,
    0.732820839915,1.),.UNSPECIFIED.);
#400 = CARTESIAN_POINT('',(2.040786628189,-8.429780262292,1.56558078759)
  );
#401 = CARTESIAN_POINT('',(2.114998909611,-8.285791339252,1.419344551323
    ));
#402 = CARTESIAN_POINT('',(2.184562698824,-8.137265518634,1.274405571897
    ));
#403 = CARTESIAN_POINT('',(2.246081872219,-7.984074291148,1.129729062764
    ));
#404 = CARTESIAN_POINT('',(2.296058448083,-7.826579815968,0.984798905674
    ));
#405 = CARTESIAN_POINT('',(2.330125214883,-7.665828384401,0.839319367804
    ));
#406 = CARTESIAN_POINT('',(2.349012002757,-7.444222397828,0.640399164045
    ));
#407 = CARTESIAN_POINT('',(2.351367860419,-7.384814183162,0.587230007269
    ));
#408 = CARTESIAN_POINT('',(2.350826951243,-7.325301066716,0.53406664455)
  );
#409 = CARTESIAN_POINT('',(2.347186875054,-7.265798070486,0.480955211483
    ));
#410 = CARTESIAN_POINT('',(2.340268420532,-7.206437331557,0.427962555292
    ));
#411 = CARTESIAN_POINT('',(2.329934685853,-7.147365006733,0.375178428735
    ));
#412 = PCURVE('',#107,#413);
#413 = DEFINITIONAL_REPRESENTATION('',(#414),#427);
#414 = B_SPLINE_CURVE_WITH_KNOTS('',6,(#415,#416,#417,#418,#419,#420,
    #421,#422,#423,#424,#425,#426),.UNSPECIFIED.,.F.,.F.,(7,5,7),(0.,
    0.732820839915,1.),.UNSPECIFIED.);
#415 = CARTESIAN_POINT('',(-6.123239153748,-0.697238920763));
#416 = CARTESIAN_POINT('',(-6.111016732926,-0.714099442162));
#417 = CARTESIAN_POINT('',(-6.098777831039,-0.731096058326));
#418 = CARTESIAN_POINT('',(-6.086870521102,-0.748365765524));
#419 = CARTESIAN_POINT('',(-6.075694137141,-0.76600001593));
#420 = CARTESIAN_POINT('',(-6.065821299729,-0.784079287667));
#421 = CARTESIAN_POINT('',(-6.055122285164,-0.809383914607));
#422 = CARTESIAN_POINT('',(-6.052534824017,-0.816204337547));
#423 = CARTESIAN_POINT('',(-6.050254060768,-0.823083215541));
#424 = CARTESIAN_POINT('',(-6.048318544057,-0.830017152088));
#425 = CARTESIAN_POINT('',(-6.046767585713,-0.836999810697));
#426 = CARTESIAN_POINT('',(-6.045639080616,-0.844021272475));
#427 = ( GEOMETRIC_REPRESENTATION_CONTEXT(2) 
PARAMETRIC_REPRESENTATION_CONTEXT() REPRESENTATION_CONTEXT('2D SPACE',''
  ) );
#428 = PCURVE('',#429,#438);
#429 = B_SPLINE_SURFACE_WITH_KNOTS('',1,3,(
    (#430,#431,#432,#433)
    ,(#434,#435,#436,#437
    )),.UNSPECIFIED.,.F.,.F.,.F.,(2,2),(4,4),(0.,1.),(0.,1.),
  .PIECEWISE_BEZIER_KNOTS.);
#430 = CARTESIAN_POINT('',(2.480594601748,-10.24647414076,0.));
#431 = CARTESIAN_POINT('',(2.724955020816,-9.773125600132,
    -0.481716056663));
#432 = CARTESIAN_POINT('',(2.926428678718,-9.227067327343,
    -0.965203855702));
#433 = CARTESIAN_POINT('',(2.832056680653,-8.687686800532,
    -1.446944832201));
#434 = CARTESIAN_POINT('',(0.935151645438,-3.862786424644,5.501300445142
    ));
#435 = CARTESIAN_POINT('',(1.027272319977,-3.6843402302,5.31969980685));
#436 = CARTESIAN_POINT('',(1.103225247782,-3.478483419924,5.137431244908
    ));
#437 = CARTESIAN_POINT('',(1.067648241684,-3.27514403234,4.955821212164)
  );
#438 = DEFINITIONAL_REPRESENTATION('',(#439),#452);
#439 = B_SPLINE_CURVE_WITH_KNOTS('',6,(#440,#441,#442,#443,#444,#445,
    #446,#447,#448,#449,#450,#451),.UNSPECIFIED.,.F.,.F.,(7,5,7),(0.,
    0.732820839915,1.),.UNSPECIFIED.);
#440 = CARTESIAN_POINT('',(0.284583764003,0.));
#441 = CARTESIAN_POINT('',(0.28460860346,0.123113719267));
#442 = CARTESIAN_POINT('',(0.284586033956,0.244788796206));
#443 = CARTESIAN_POINT('',(0.284570522195,0.366182029078));
#444 = CARTESIAN_POINT('',(0.284574414159,0.487848510772));
#445 = CARTESIAN_POINT('',(0.284582841003,0.610014284279));
#446 = CARTESIAN_POINT('',(0.284588436331,0.777109268169));
#447 = CARTESIAN_POINT('',(0.284589369445,0.82177709142));
#448 = CARTESIAN_POINT('',(0.284589345135,0.866445483059));
#449 = CARTESIAN_POINT('',(0.284588126381,0.911076577278));
#450 = CARTESIAN_POINT('',(0.284585937012,0.955617455166));
#451 = CARTESIAN_POINT('',(0.284583764003,1.));
#452 = ( GEOMETRIC_REPRESENTATION_CONTEXT(2) 
PARAMETRIC_REPRESENTATION_CONTEXT() REPRESENTATION_CONTEXT('2D SPACE',''
  ) );
#453 = ORIENTED_EDGE('',*,*,#454,.T.);
#454 = EDGE_CURVE('',#396,#455,#457,.T.);
#455 = VERTEX_POINT('',#456);
#456 = CARTESIAN_POINT('',(3.406437647788,-6.701462879964,0.375178428735
    ));
#457 = SURFACE_CURVE('',#458,(#517,#579),.PCURVE_S1.);
#458 = B_SPLINE_CURVE_WITH_KNOTS('',5,(#459,#460,#461,#462,#463,#464,
    #465,#466,#467,#468,#469,#470,#471,#472,#473,#474,#475,#476,#477,
    #478,#479,#480,#481,#482,#483,#484,#485,#486,#487,#488,#489,#490,
    #491,#492,#493,#494,#495,#496,#497,#498,#499,#500,#501,#502,#503,
    #504,#505,#506,#507,#508,#509,#510,#511,#512,#513,#514,#515,#516),
  .UNSPECIFIED.,.F.,.F.,(6,4,4,4,4,4,4,4,4,4,4,4,4,4,6),(0.,
    6.762764427189E-02,0.108763492702,0.204619724303,0.292448119598,
    0.34107984225,0.392327180726,0.500328651639,0.607505615035,
    0.658752479592,0.707383034423,0.795218731873,0.891063069753,
    0.93219145622,1.),.UNSPECIFIED.);
#459 = CARTESIAN_POINT('',(2.329934685853,-7.147365006733,0.375178428735
    ));
#460 = CARTESIAN_POINT('',(2.324394251606,-7.129156993715,0.358259609997
    ));
#461 = CARTESIAN_POINT('',(2.31982043444,-7.110678091684,0.341474038793)
  );
#462 = CARTESIAN_POINT('',(2.316273038792,-7.091955435566,0.324859551315
    ));
#463 = CARTESIAN_POINT('',(2.313809431807,-7.073026146024,0.30846122666)
  );
#464 = CARTESIAN_POINT('',(2.311662892869,-7.042329015288,0.282517899591
    ));
#465 = CARTESIAN_POINT('',(2.311268686119,-7.030660524111,0.27280456071)
  );
#466 = CARTESIAN_POINT('',(2.311302429199,-7.018944648579,0.26320154208)
  );
#467 = CARTESIAN_POINT('',(2.311772284638,-7.007193750666,0.253720825929
    ));
#468 = CARTESIAN_POINT('',(2.314809415896,-6.967989460001,0.222596489878
    ));
#469 = CARTESIAN_POINT('',(2.319335412463,-6.940437984161,0.201546833121
    ));
#470 = CARTESIAN_POINT('',(2.326336856271,-6.912949067455,0.181389746427
    ));
#471 = CARTESIAN_POINT('',(2.335809478458,-6.885718506226,0.162277200782
    ));
#472 = CARTESIAN_POINT('',(2.35850875656,-6.834425006589,0.127907407746)
  );
#473 = CARTESIAN_POINT('',(2.371356324689,-6.810283891463,0.112458735174
    ));
#474 = CARTESIAN_POINT('',(2.386124381882,-6.786682326082,
    9.809525323305E-02));
#475 = CARTESIAN_POINT('',(2.402688127526,-6.76375394655,
    8.488536964339E-02));
#476 = CARTESIAN_POINT('',(2.430978618326,-6.729357951929,
    6.622702779924E-02));
#477 = CARTESIAN_POINT('',(2.441565455511,-6.71734179704,
    5.994556434749E-02));
#478 = CARTESIAN_POINT('',(2.452631563524,-6.705586741212,
    5.403967671756E-02));
#479 = CARTESIAN_POINT('',(2.464150535997,-6.694109978111,
    4.851501312508E-02));
#480 = CARTESIAN_POINT('',(2.488681779626,-6.671141943452,
    3.795915094281E-02));
#481 = CARTESIAN_POINT('',(2.501741181652,-6.65968314993,
    3.297055810093E-02));
#482 = CARTESIAN_POINT('',(2.515241262532,-6.648567954335,
    2.841382511132E-02));
#483 = CARTESIAN_POINT('',(2.52915030734,-6.637812225606,
    2.429182964223E-02));
#484 = CARTESIAN_POINT('',(2.573544873798,-6.605550138854,
    1.283835051602E-02));
#485 = CARTESIAN_POINT('',(2.605327664316,-6.585330915006,
    7.008639911126E-03));
#486 = CARTESIAN_POINT('',(2.638496017666,-6.566901742568,
    3.13023363354E-03));
#487 = CARTESIAN_POINT('',(2.672765807962,-6.550375600738,
    1.202711685197E-03));
#488 = CARTESIAN_POINT('',(2.742704447002,-6.521463299423,
    1.250034545587E-03));
#489 = CARTESIAN_POINT('',(2.778357336014,-6.509047853743,
    3.1951979292E-03));
#490 = CARTESIAN_POINT('',(2.81456547852,-6.498725835609,
    7.061569256139E-03));
#491 = CARTESIAN_POINT('',(2.851054399805,-6.490615473728,
    1.284949692143E-02));
#492 = CARTESIAN_POINT('',(2.904978130024,-6.482059543811,
    2.422604724515E-02));
#493 = CARTESIAN_POINT('',(2.922418943236,-6.47982278301,
    2.834232480646E-02));
#494 = CARTESIAN_POINT('',(2.939825082338,-6.478129259464,
    3.289335389587E-02));
#495 = CARTESIAN_POINT('',(2.957162910646,-6.476990184982,
    3.787626633018E-02));
#496 = CARTESIAN_POINT('',(2.990752053774,-6.475870453173,
    4.842105218707E-02));
#497 = CARTESIAN_POINT('',(3.007013697696,-6.475833499617,
    5.394030487013E-02));
#498 = CARTESIAN_POINT('',(3.023152224753,-6.476313450411,
    5.984081389549E-02));
#499 = CARTESIAN_POINT('',(3.039136812403,-6.477316834203,
    6.611694485297E-02));
#500 = CARTESIAN_POINT('',(3.083472066695,-6.481613707794,
    8.476178506903E-02));
#501 = CARTESIAN_POINT('',(3.111405199467,-6.486101323509,
    9.79638962058E-02));
#502 = CARTESIAN_POINT('',(3.138545536974,-6.492334964289,0.11232015055)
  );
#503 = CARTESIAN_POINT('',(3.164710238943,-6.500308544551,0.127762230356
    ));
#504 = CARTESIAN_POINT('',(3.217047192574,-6.52050131861,0.162115985267)
  );
#505 = CARTESIAN_POINT('',(3.243007358205,-6.53304312557,0.181218729744)
  );
#506 = CARTESIAN_POINT('',(3.267404110128,-6.547515119247,0.201366521543
    ));
#507 = CARTESIAN_POINT('',(3.290095766725,-6.563782128471,0.222407509972
    ));
#508 = CARTESIAN_POINT('',(3.319979136554,-6.589335844427,0.253519875532
    ));
#509 = CARTESIAN_POINT('',(3.328624598957,-6.59730640048,0.262996729507)
  );
#510 = CARTESIAN_POINT('',(3.336937088165,-6.605560651957,0.272595998056
    ));
#511 = CARTESIAN_POINT('',(3.344913615108,-6.61408409857,0.282305701516)
  );
#512 = CARTESIAN_POINT('',(3.365149802352,-6.637333270985,0.30828578785)
  );
#513 = CARTESIAN_POINT('',(3.376831282156,-6.652495802012,0.324726233391
    ));
#514 = CARTESIAN_POINT('',(3.387595331563,-6.668282258927,0.341384243655
    ));
#515 = CARTESIAN_POINT('',(3.397456358458,-6.684625275882,0.358214356652
    ));
#516 = CARTESIAN_POINT('',(3.406437647788,-6.701462879964,0.375178428735
    ));
#517 = PCURVE('',#107,#518);
#518 = DEFINITIONAL_REPRESENTATION('',(#519),#578);
#519 = B_SPLINE_CURVE_WITH_KNOTS('',5,(#520,#521,#522,#523,#524,#525,
    #526,#527,#528,#529,#530,#531,#532,#533,#534,#535,#536,#537,#538,
    #539,#540,#541,#542,#543,#544,#545,#546,#547,#548,#549,#550,#551,
    #552,#553,#554,#555,#556,#557,#558,#559,#560,#561,#562,#563,#564,
    #565,#566,#567,#568,#569,#570,#571,#572,#573,#574,#575,#576,#577),
  .UNSPECIFIED.,.F.,.F.,(6,4,4,4,4,4,4,4,4,4,4,4,4,4,6),(0.,
    6.762764427189E-02,0.108763492702,0.204619724303,0.292448119598,
    0.34107984225,0.392327180726,0.500328651639,0.607505615035,
    0.658752479592,0.707383034423,0.795218731873,0.891063069753,
    0.93219145622,1.),.UNSPECIFIED.);
#520 = CARTESIAN_POINT('',(-6.045639080616,-0.844021272475));
#521 = CARTESIAN_POINT('',(-6.045589110624,-0.84627185133));
#522 = CARTESIAN_POINT('',(-6.045405405487,-0.848511826097));
#523 = CARTESIAN_POINT('',(-6.045079833874,-0.850736053925));
#524 = CARTESIAN_POINT('',(-6.0446047756,-0.852938295243));
#525 = CARTESIAN_POINT('',(-6.043591361564,-0.856433139432));
#526 = CARTESIAN_POINT('',(-6.043150706147,-0.857744142056));
#527 = CARTESIAN_POINT('',(-6.042651404039,-0.859042718089));
#528 = CARTESIAN_POINT('',(-6.042092520183,-0.860327151841));
#529 = CARTESIAN_POINT('',(-6.040030913235,-0.864551526721));
#530 = CARTESIAN_POINT('',(-6.038261467539,-0.867421233768));
#531 = CARTESIAN_POINT('',(-6.0361582637,-0.870181098771));
#532 = CARTESIAN_POINT('',(-6.033725984124,-0.872808291653));
#533 = CARTESIAN_POINT('',(-6.028472368034,-0.877549214704));
#534 = CARTESIAN_POINT('',(-6.025700274129,-0.87968788045));
#535 = CARTESIAN_POINT('',(-6.022682854772,-0.881682831583));
#536 = CARTESIAN_POINT('',(-6.019442359575,-0.883522690748));
#537 = CARTESIAN_POINT('',(-6.014102424014,-0.886127473485));
#538 = CARTESIAN_POINT('',(-6.012139080843,-0.887005709743));
#539 = CARTESIAN_POINT('',(-6.010119906656,-0.887832546273));
#540 = CARTESIAN_POINT('',(-6.008049542095,-0.888606931253));
#541 = CARTESIAN_POINT('',(-6.003702221203,-0.890088062961));
#542 = CARTESIAN_POINT('',(-6.001420122841,-0.89078892129));
#543 = CARTESIAN_POINT('',(-5.99909211628,-0.891429796265));
#544 = CARTESIAN_POINT('',(-5.996723822688,-0.892010045545));
#545 = CARTESIAN_POINT('',(-5.98925678011,-0.893623501306));
#546 = CARTESIAN_POINT('',(-5.984039058119,-0.894446593148));
#547 = CARTESIAN_POINT('',(-5.978719440879,-0.894994817611));
#548 = CARTESIAN_POINT('',(-5.973350096857,-0.895267273087));
#549 = CARTESIAN_POINT('',(-5.962652806712,-0.895260583972));
#550 = CARTESIAN_POINT('',(-5.957325362048,-0.894985634833));
#551 = CARTESIAN_POINT('',(-5.952047433173,-0.894439123093));
#552 = CARTESIAN_POINT('',(-5.94686999719,-0.893621942536));
#553 = CARTESIAN_POINT('',(-5.939440241982,-0.892019306937));
#554 = CARTESIAN_POINT('',(-5.937071463777,-0.891439855771));
#555 = CARTESIAN_POINT('',(-5.934742916581,-0.89079977472));
#556 = CARTESIAN_POINT('',(-5.932460221466,-0.890099704527));
#557 = CARTESIAN_POINT('',(-5.928111660088,-0.888620104318));
#558 = CARTESIAN_POINT('',(-5.926040656025,-0.887846465055));
#559 = CARTESIAN_POINT('',(-5.924020790869,-0.887020367023));
#560 = CARTESIAN_POINT('',(-5.922056706109,-0.886142859946));
#561 = CARTESIAN_POINT('',(-5.91671418374,-0.883539910846));
#562 = CARTESIAN_POINT('',(-5.913471774976,-0.881701094887));
#563 = CARTESIAN_POINT('',(-5.91045234221,-0.879707101843));
#564 = CARTESIAN_POINT('',(-5.907678164159,-0.877569297117));
#565 = CARTESIAN_POINT('',(-5.902420682081,-0.872830468028));
#566 = CARTESIAN_POINT('',(-5.899986485247,-0.870204551797));
#567 = CARTESIAN_POINT('',(-5.897881226343,-0.86744588029));
#568 = CARTESIAN_POINT('',(-5.896109637699,-0.864577268645));
#569 = CARTESIAN_POINT('',(-5.894044943675,-0.860354386902));
#570 = CARTESIAN_POINT('',(-5.893485143017,-0.859070435553));
#571 = CARTESIAN_POINT('',(-5.892984913143,-0.857772324564));
#572 = CARTESIAN_POINT('',(-5.892543322461,-0.856461769437));
#573 = CARTESIAN_POINT('',(-5.891525619657,-0.852961856402));
#574 = CARTESIAN_POINT('',(-5.891048087752,-0.850753901725));
#575 = CARTESIAN_POINT('',(-5.890720884329,-0.848523808988));
#576 = CARTESIAN_POINT('',(-5.890536329129,-0.84627787103));
#577 = CARTESIAN_POINT('',(-5.890486225481,-0.844021272475));
#578 = ( GEOMETRIC_REPRESENTATION_CONTEXT(2) 
PARAMETRIC_REPRESENTATION_CONTEXT() REPRESENTATION_CONTEXT('2D SPACE',''
  ) );
#579 = PCURVE('',#580,#589);
#580 = B_SPLINE_SURFACE_WITH_KNOTS('',1,3,(
    (#581,#582,#583,#584)
    ,(#585,#586,#587,#588
    )),.UNSPECIFIED.,.F.,.F.,.F.,(2,2),(4,4),(0.,1.),(0.,1.),
  .PIECEWISE_BEZIER_KNOTS.);
#581 = CARTESIAN_POINT('',(2.832056680653,-8.687686800532,
    -1.446944832201));
#582 = CARTESIAN_POINT('',(2.632755173929,-8.032792527648,
    -2.052873367937));
#583 = CARTESIAN_POINT('',(3.818403031476,-7.541681104854,
    -2.052873367937));
#584 = CARTESIAN_POINT('',(4.140555765887,-8.145688733075,
    -1.446944832201));
#585 = CARTESIAN_POINT('',(1.067648241684,-3.27514403234,4.955821212164)
  );
#586 = CARTESIAN_POINT('',(0.992514186397,-3.028257476816,4.727394097628
    ));
#587 = CARTESIAN_POINT('',(1.43948788541,-2.843114908661,4.727394097628)
  );
#588 = CARTESIAN_POINT('',(1.560935243013,-3.070817866247,4.955821212164
    ));
#589 = DEFINITIONAL_REPRESENTATION('',(#590),#649);
#590 = B_SPLINE_CURVE_WITH_KNOTS('',5,(#591,#592,#593,#594,#595,#596,
    #597,#598,#599,#600,#601,#602,#603,#604,#605,#606,#607,#608,#609,
    #610,#611,#612,#613,#614,#615,#616,#617,#618,#619,#620,#621,#622,
    #623,#624,#625,#626,#627,#628,#629,#630,#631,#632,#633,#634,#635,
    #636,#637,#638,#639,#640,#641,#642,#643,#644,#645,#646,#647,#648),
  .UNSPECIFIED.,.F.,.F.,(6,4,4,4,4,4,4,4,4,4,4,4,4,4,6),(0.,
    6.762764427189E-02,0.108763492702,0.204619724303,0.292448119598,
    0.34107984225,0.392327180726,0.500328651639,0.607505615035,
    0.658752479592,0.707383034423,0.795218731873,0.891063069753,
    0.93219145622,1.),.UNSPECIFIED.);
#591 = CARTESIAN_POINT('',(0.284583764003,0.));
#592 = CARTESIAN_POINT('',(0.284577436635,1.128611294804E-02));
#593 = CARTESIAN_POINT('',(0.284573453755,2.281147710789E-02));
#594 = CARTESIAN_POINT('',(0.284571395006,3.457605057929E-02));
#595 = CARTESIAN_POINT('',(0.284570828464,4.657619987667E-02));
#596 = CARTESIAN_POINT('',(0.284571677356,6.623994768875E-02));
#597 = CARTESIAN_POINT('',(0.28457240357,7.37608685619E-02));
#598 = CARTESIAN_POINT('',(0.284573444612,8.136356746054E-02));
#599 = CARTESIAN_POINT('',(0.284574717245,8.904534548438E-02));
#600 = CARTESIAN_POINT('',(0.28457947306,0.11487965862));
#601 = CARTESIAN_POINT('',(0.284583647947,0.133370021465));
#602 = CARTESIAN_POINT('',(0.284587706794,0.152225291767));
#603 = CARTESIAN_POINT('',(0.284590998674,0.171392073616));
#604 = CARTESIAN_POINT('',(0.284595394638,0.20858799474));
#605 = CARTESIAN_POINT('',(0.284596658401,0.226580756747));
#606 = CARTESIAN_POINT('',(0.28459689554,0.244731135138));
#607 = CARTESIAN_POINT('',(0.284596200335,0.262998586397));
#608 = CARTESIAN_POINT('',(0.284594010507,0.291506704452));
#609 = CARTESIAN_POINT('',(0.284593010502,0.301691633601));
#610 = CARTESIAN_POINT('',(0.284591829416,0.311896189309));
#611 = CARTESIAN_POINT('',(0.284590511622,0.322115815868));
#612 = CARTESIAN_POINT('',(0.284587627565,0.343128393094));
#613 = CARTESIAN_POINT('',(0.28458605077,0.353922604964));
#614 = CARTESIAN_POINT('',(0.284584435484,0.364725567713));
#615 = CARTESIAN_POINT('',(0.284582836969,0.375534318592));
#616 = CARTESIAN_POINT('',(0.284578083368,0.409134141135));
#617 = CARTESIAN_POINT('',(0.284575162078,0.431937146228));
#618 = CARTESIAN_POINT('',(0.28457302094,0.454741844866));
#619 = CARTESIAN_POINT('',(0.284571961223,0.477543880645));
#620 = CARTESIAN_POINT('',(0.284571987268,0.522975970642));
#621 = CARTESIAN_POINT('',(0.284573056744,0.545603971062));
#622 = CARTESIAN_POINT('',(0.284575187685,0.568234545502));
#623 = CARTESIAN_POINT('',(0.284578084914,0.590863400626));
#624 = CARTESIAN_POINT('',(0.284582811122,0.624289311449));
#625 = CARTESIAN_POINT('',(0.284584409218,0.63509802994));
#626 = CARTESIAN_POINT('',(0.284586024626,0.645900985412));
#627 = CARTESIAN_POINT('',(0.284587602109,0.656695222393));
#628 = CARTESIAN_POINT('',(0.284590488573,0.677707776795));
#629 = CARTESIAN_POINT('',(0.284591808032,0.687927351585));
#630 = CARTESIAN_POINT('',(0.284592991284,0.698131899779));
#631 = CARTESIAN_POINT('',(0.284593993917,0.708316873184));
#632 = CARTESIAN_POINT('',(0.284596192372,0.736827248297));
#633 = CARTESIAN_POINT('',(0.284596894307,0.755097027051));
#634 = CARTESIAN_POINT('',(0.284596664542,0.773249944956));
#635 = CARTESIAN_POINT('',(0.284595407937,0.7912454759));
#636 = CARTESIAN_POINT('',(0.284591024994,0.828443637344));
#637 = CARTESIAN_POINT('',(0.284587739174,0.847610034581));
#638 = CARTESIAN_POINT('',(0.284583684068,0.866465318702));
#639 = CARTESIAN_POINT('',(0.284579508874,0.884956077738));
#640 = CARTESIAN_POINT('',(0.284574745018,0.910790987837));
#641 = CARTESIAN_POINT('',(0.28457346902,0.918472703779));
#642 = CARTESIAN_POINT('',(0.284572423486,0.926075406945));
#643 = CARTESIAN_POINT('',(0.284571691546,0.93359639417));
#644 = CARTESIAN_POINT('',(0.284570822466,0.953295398563));
#645 = CARTESIAN_POINT('',(0.284571378529,0.965329540571));
#646 = CARTESIAN_POINT('',(0.284573432464,0.977126865031));
#647 = CARTESIAN_POINT('',(0.284577419711,0.988683699698));
#648 = CARTESIAN_POINT('',(0.284583764003,1.));
#649 = ( GEOMETRIC_REPRESENTATION_CONTEXT(2) 
PARAMETRIC_REPRESENTATION_CONTEXT() REPRESENTATION_CONTEXT('2D SPACE',''
  ) );
#650 = ORIENTED_EDGE('',*,*,#651,.T.);
#651 = EDGE_CURVE('',#455,#652,#654,.T.);
#652 = VERTEX_POINT('',#653);
#653 = CARTESIAN_POINT('',(4.517700723632,-7.403808851127,1.56558078759)
  );
#654 = SURFACE_CURVE('',#655,(#673,#694),.PCURVE_S1.);
#655 = B_SPLINE_CURVE_WITH_KNOTS('',6,(#656,#657,#658,#659,#660,#661,
    #662,#663,#664,#665,#666,#667,#668,#669,#670,#671,#672),
  .UNSPECIFIED.,.F.,.F.,(7,5,5,7),(0.,0.313908525988,0.858662627542,1.),
  .UNSPECIFIED.);
#656 = CARTESIAN_POINT('',(3.406437647788,-6.701462879964,0.375178428735
    ));
#657 = CARTESIAN_POINT('',(3.446923675164,-6.759116899432,0.437186830746
    ));
#658 = CARTESIAN_POINT('',(3.491023698419,-6.813718939518,0.499482410407
    ));
#659 = CARTESIAN_POINT('',(3.538412808011,-6.865259388275,0.561920218973
    ));
#660 = CARTESIAN_POINT('',(3.588729484043,-6.913803319684,0.624398714624
    ));
#661 = CARTESIAN_POINT('',(3.641608750865,-6.95946624028,0.686854813832)
  );
#662 = CARTESIAN_POINT('',(3.792346808482,-7.076879066735,0.857554520432
    ));
#663 = CARTESIAN_POINT('',(3.894659179413,-7.143098998557,0.965664286353
    ));
#664 = CARTESIAN_POINT('',(4.001947693842,-7.201853893994,1.073507167624
    ));
#665 = CARTESIAN_POINT('',(4.1126530874,-7.254079877425,1.181175907675)
  );
#666 = CARTESIAN_POINT('',(4.225525655815,-7.300711479644,1.288866807568
    ));
#667 = CARTESIAN_POINT('',(4.36909852333,-7.353631870494,1.424960829303)
  );
#668 = CARTESIAN_POINT('',(4.398748483356,-7.364222351697,1.453019335734
    ));
#669 = CARTESIAN_POINT('',(4.428452563347,-7.374518252111,1.481105388341
    ));
#670 = CARTESIAN_POINT('',(4.458191743281,-7.384536508428,1.509224088028
    ));
#671 = CARTESIAN_POINT('',(4.487947283284,-7.394294260457,1.537380726765
    ));
#672 = CARTESIAN_POINT('',(4.517700723632,-7.403808851127,1.56558078759)
  );
#673 = PCURVE('',#107,#674);
#674 = DEFINITIONAL_REPRESENTATION('',(#675),#693);
#675 = B_SPLINE_CURVE_WITH_KNOTS('',6,(#676,#677,#678,#679,#680,#681,
    #682,#683,#684,#685,#686,#687,#688,#689,#690,#691,#692),
  .UNSPECIFIED.,.F.,.F.,(7,5,5,7),(0.,0.313908525988,0.858662627542,1.),
  .UNSPECIFIED.);
#676 = CARTESIAN_POINT('',(-5.890486225481,-0.844021272475));
#677 = CARTESIAN_POINT('',(-5.889160508788,-0.835772777084));
#678 = CARTESIAN_POINT('',(-5.887251760204,-0.827577916627));
#679 = CARTESIAN_POINT('',(-5.884821574427,-0.819452676866));
#680 = CARTESIAN_POINT('',(-5.881933891752,-0.811406291909));
#681 = CARTESIAN_POINT('',(-5.878650557581,-0.80344263611));
#682 = CARTESIAN_POINT('',(-5.868738386972,-0.781884962768));
#683 = CARTESIAN_POINT('',(-5.861426840649,-0.768460855524));
#684 = CARTESIAN_POINT('',(-5.853380302123,-0.755279000008));
#685 = CARTESIAN_POINT('',(-5.844838669441,-0.742309817886));
#686 = CARTESIAN_POINT('',(-5.835989060116,-0.729515812955));
#687 = CARTESIAN_POINT('',(-5.824654351176,-0.713559553183));
#688 = CARTESIAN_POINT('',(-5.822309432915,-0.71028115036));
#689 = CARTESIAN_POINT('',(-5.819957420488,-0.707010642344));
#690 = CARTESIAN_POINT('',(-5.817601080263,-0.70374727448));
#691 = CARTESIAN_POINT('',(-5.815243112699,-0.700490288147));
#692 = CARTESIAN_POINT('',(-5.812886152349,-0.697238920763));
#693 = ( GEOMETRIC_REPRESENTATION_CONTEXT(2) 
PARAMETRIC_REPRESENTATION_CONTEXT() REPRESENTATION_CONTEXT('2D SPACE',''
  ) );
#694 = PCURVE('',#695,#704);
#695 = B_SPLINE_SURFACE_WITH_KNOTS('',1,3,(
    (#696,#697,#698,#699)
    ,(#700,#701,#702,#703
    )),.UNSPECIFIED.,.F.,.F.,.F.,(2,2),(4,4),(0.,1.),(0.,1.),
  .PIECEWISE_BEZIER_KNOTS.);
#696 = CARTESIAN_POINT('',(4.140555765887,-8.145688733075,
    -1.446944832201));
#697 = CARTESIAN_POINT('',(4.455224314248,-8.593819441009,
    -0.965203855702));
#698 = CARTESIAN_POINT('',(4.983809211594,-8.837477558889,
    -0.481716056663));
#699 = CARTESIAN_POINT('',(5.491306083917,-8.999396612458,0.));
#700 = CARTESIAN_POINT('',(1.560935243013,-3.070817866247,4.955821212164
    ));
#701 = CARTESIAN_POINT('',(1.67956116059,-3.239757268356,5.137431244908)
  );
#702 = CARTESIAN_POINT('',(1.878830737392,-3.331613184554,5.31969980685)
  );
#703 = CARTESIAN_POINT('',(2.070150405214,-3.392654545068,5.501300445142
    ));
#704 = DEFINITIONAL_REPRESENTATION('',(#705),#723);
#705 = B_SPLINE_CURVE_WITH_KNOTS('',6,(#706,#707,#708,#709,#710,#711,
    #712,#713,#714,#715,#716,#717,#718,#719,#720,#721,#722),
  .UNSPECIFIED.,.F.,.F.,(7,5,5,7),(0.,0.313908525988,0.858662627542,1.),
  .UNSPECIFIED.);
#706 = CARTESIAN_POINT('',(0.284583764003,0.));
#707 = CARTESIAN_POINT('',(0.284586316756,5.213860419415E-02));
#708 = CARTESIAN_POINT('',(0.284588892036,0.104495213268));
#709 = CARTESIAN_POINT('',(0.284589889891,0.156959847729));
#710 = CARTESIAN_POINT('',(0.284589163556,0.209451328998));
#711 = CARTESIAN_POINT('',(0.28458734336,0.261916872796));
#712 = CARTESIAN_POINT('',(0.284581372758,0.405291883464));
#713 = CARTESIAN_POINT('',(0.28457648384,0.49607471935));
#714 = CARTESIAN_POINT('',(0.284574427,0.586611429216));
#715 = CARTESIAN_POINT('',(0.284579888235,0.676977632485));
#716 = CARTESIAN_POINT('',(0.284590396924,0.767373231221));
#717 = CARTESIAN_POINT('',(0.284593694126,0.881724123376));
#718 = CARTESIAN_POINT('',(0.284593839661,0.905305917881));
#719 = CARTESIAN_POINT('',(0.284593227561,0.92891830861));
#720 = CARTESIAN_POINT('',(0.284591577754,0.952567194013));
#721 = CARTESIAN_POINT('',(0.284588554021,0.976258864012));
#722 = CARTESIAN_POINT('',(0.284583764003,1.));
#723 = ( GEOMETRIC_REPRESENTATION_CONTEXT(2) 
PARAMETRIC_REPRESENTATION_CONTEXT() REPRESENTATION_CONTEXT('2D SPACE',''
  ) );
#724 = ORIENTED_EDGE('',*,*,#725,.T.);
#725 = EDGE_CURVE('',#652,#726,#728,.T.);
#726 = VERTEX_POINT('',#727);
#727 = CARTESIAN_POINT('',(5.111378240864,-7.007126216299,1.56558078759)
  );
#728 = SURFACE_CURVE('',#729,(#735,#744),.PCURVE_S1.);
#729 = B_SPLINE_CURVE_WITH_KNOTS('',4,(#730,#731,#732,#733,#734),
  .UNSPECIFIED.,.F.,.F.,(5,5),(0.,1.),.PIECEWISE_BEZIER_KNOTS.);
#730 = CARTESIAN_POINT('',(4.517700723632,-7.403808851127,1.56558078759)
  );
#731 = CARTESIAN_POINT('',(4.67011959731,-7.310805413345,1.565581225341)
  );
#732 = CARTESIAN_POINT('',(4.819984867869,-7.213617129224,1.565580009348
    ));
#733 = CARTESIAN_POINT('',(4.967126090523,-7.112352019255,1.565581225341
    ));
#734 = CARTESIAN_POINT('',(5.111378240864,-7.007126216299,1.56558078759)
  );
#735 = PCURVE('',#107,#736);
#736 = DEFINITIONAL_REPRESENTATION('',(#737),#743);
#737 = B_SPLINE_CURVE_WITH_KNOTS('',4,(#738,#739,#740,#741,#742),
  .UNSPECIFIED.,.F.,.F.,(5,5),(0.,1.),.PIECEWISE_BEZIER_KNOTS.);
#738 = CARTESIAN_POINT('',(-5.812886152349,-0.697238920763));
#739 = CARTESIAN_POINT('',(-5.792299629147,-0.697238870292));
#740 = CARTESIAN_POINT('',(-5.7717131122,-0.697239010492));
#741 = CARTESIAN_POINT('',(-5.751126595249,-0.697238870292));
#742 = CARTESIAN_POINT('',(-5.730540072049,-0.697238920763));
#743 = ( GEOMETRIC_REPRESENTATION_CONTEXT(2) 
PARAMETRIC_REPRESENTATION_CONTEXT() REPRESENTATION_CONTEXT('2D SPACE',''
  ) );
#744 = PCURVE('',#745,#754);
#745 = B_SPLINE_SURFACE_WITH_KNOTS('',1,3,(
    (#746,#747,#748,#749)
    ,(#750,#751,#752,#753
    )),.UNSPECIFIED.,.F.,.F.,.F.,(2,2),(4,4),(0.,1.),(0.,1.),
  .PIECEWISE_BEZIER_KNOTS.);
#746 = CARTESIAN_POINT('',(5.491306083917,-8.999396612458,0.));
#747 = CARTESIAN_POINT('',(5.738328567378,-8.848668632535,0.));
#748 = CARTESIAN_POINT('',(5.979140567371,-8.687763198385,
    -3.552713678801E-15));
#749 = CARTESIAN_POINT('',(6.212926474841,-8.517225282556,0.));
#750 = CARTESIAN_POINT('',(2.070150405214,-3.392654545068,5.501300445142
    ));
#751 = CARTESIAN_POINT('',(2.16327464313,-3.335832072609,5.501300445142)
  );
#752 = CARTESIAN_POINT('',(2.254057610197,-3.275172833328,5.501300445142
    ));
#753 = CARTESIAN_POINT('',(2.34219183249,-3.210882274733,5.501300445142)
  );
#754 = DEFINITIONAL_REPRESENTATION('',(#755),#761);
#755 = B_SPLINE_CURVE_WITH_KNOTS('',4,(#756,#757,#758,#759,#760),
  .UNSPECIFIED.,.F.,.F.,(5,5),(0.,1.),.PIECEWISE_BEZIER_KNOTS.);
#756 = CARTESIAN_POINT('',(0.284583764003,0.));
#757 = CARTESIAN_POINT('',(0.284583843575,0.249999983278));
#758 = CARTESIAN_POINT('',(0.284583622538,0.499999999991));
#759 = CARTESIAN_POINT('',(0.284583843575,0.750000016749));
#760 = CARTESIAN_POINT('',(0.284583764003,1.));
#761 = ( GEOMETRIC_REPRESENTATION_CONTEXT(2) 
PARAMETRIC_REPRESENTATION_CONTEXT() REPRESENTATION_CONTEXT('2D SPACE',''
  ) );
#762 = ORIENTED_EDGE('',*,*,#763,.T.);
#763 = EDGE_CURVE('',#726,#764,#766,.T.);
#764 = VERTEX_POINT('',#765);
#765 = CARTESIAN_POINT('',(4.88775714149,-5.711676838339,0.375178428735)
  );
#766 = SURFACE_CURVE('',#767,(#780,#796),.PCURVE_S1.);
#767 = B_SPLINE_CURVE_WITH_KNOTS('',6,(#768,#769,#770,#771,#772,#773,
    #774,#775,#776,#777,#778,#779),.UNSPECIFIED.,.F.,.F.,(7,5,7),(0.,
    0.732820781984,1.),.UNSPECIFIED.);
#768 = CARTESIAN_POINT('',(5.111378240864,-7.007126216299,1.56558078759)
  );
#769 = CARTESIAN_POINT('',(5.124839272375,-6.845697999587,1.419344562892
    ));
#770 = CARTESIAN_POINT('',(5.132269462495,-6.681857137367,1.274405594804
    ));
#771 = CARTESIAN_POINT('',(5.130482024506,-6.516784542541,1.129729097064
    ));
#772 = CARTESIAN_POINT('',(5.116383837741,-6.352153425782,0.984798951508
    ));
#773 = CARTESIAN_POINT('',(5.086340524168,-6.190601692897,0.839319425327
    ));
#774 = CARTESIAN_POINT('',(5.018984711742,-5.978636793399,0.640399221673
    ));
#775 = CARTESIAN_POINT('',(4.998426698818,-5.922849199139,0.587230053366
    ));
#776 = CARTESIAN_POINT('',(4.975152277042,-5.868073233267,0.534066679088
    ));
#777 = CARTESIAN_POINT('',(4.949018469946,-5.814492617562,0.480955234457
    ));
#778 = CARTESIAN_POINT('',(4.919910274446,-5.762298012101,0.427962566735
    ));
#779 = CARTESIAN_POINT('',(4.88775714149,-5.711676838339,0.375178428735)
  );
#780 = PCURVE('',#107,#781);
#781 = DEFINITIONAL_REPRESENTATION('',(#782),#795);
#782 = B_SPLINE_CURVE_WITH_KNOTS('',6,(#783,#784,#785,#786,#787,#788,
    #789,#790,#791,#792,#793,#794),.UNSPECIFIED.,.F.,.F.,(7,5,7),(0.,
    0.732820781984,1.),.UNSPECIFIED.);
#783 = CARTESIAN_POINT('',(-5.730540072049,-0.697238920763));
#784 = CARTESIAN_POINT('',(-5.718317652194,-0.714099440828));
#785 = CARTESIAN_POINT('',(-5.706078751275,-0.73109605564));
#786 = CARTESIAN_POINT('',(-5.694171442226,-0.74836576143));
#787 = CARTESIAN_POINT('',(-5.682995058978,-0.766000010354));
#788 = CARTESIAN_POINT('',(-5.673122221933,-0.784079280518));
#789 = CARTESIAN_POINT('',(-5.66242320627,-0.809383907215));
#790 = CARTESIAN_POINT('',(-5.659835744296,-0.816204331583));
#791 = CARTESIAN_POINT('',(-5.657554980328,-0.823083211032));
#792 = CARTESIAN_POINT('',(-5.655619463031,-0.830017149061));
#793 = CARTESIAN_POINT('',(-5.654068504258,-0.836999809175));
#794 = CARTESIAN_POINT('',(-5.652939998917,-0.844021272475));
#795 = ( GEOMETRIC_REPRESENTATION_CONTEXT(2) 
PARAMETRIC_REPRESENTATION_CONTEXT() REPRESENTATION_CONTEXT('2D SPACE',''
  ) );
#796 = PCURVE('',#797,#806);
#797 = B_SPLINE_SURFACE_WITH_KNOTS('',1,3,(
    (#798,#799,#800,#801)
    ,(#802,#803,#804,#805
    )),.UNSPECIFIED.,.F.,.F.,.F.,(2,2),(4,4),(0.,1.),(0.,1.),
  .PIECEWISE_BEZIER_KNOTS.);
#798 = CARTESIAN_POINT('',(6.212926474841,-8.517225282556,0.));
#799 = CARTESIAN_POINT('',(6.25754342034,-7.986395570218,-0.481716056663
    ));
#800 = CARTESIAN_POINT('',(6.234713355113,-7.404802877492,
    -0.965203855702));
#801 = CARTESIAN_POINT('',(5.941113006308,-6.942594848675,
    -1.446944832201));
#802 = CARTESIAN_POINT('',(2.34219183249,-3.210882274733,5.501300445142)
  );
#803 = CARTESIAN_POINT('',(2.359011836036,-3.010766432107,5.31969980685)
  );
#804 = CARTESIAN_POINT('',(2.350405200737,-2.791513611354,5.137431244908
    ));
#805 = CARTESIAN_POINT('',(2.239721718199,-2.617267243819,4.955821212164
    ));
#806 = DEFINITIONAL_REPRESENTATION('',(#807),#820);
#807 = B_SPLINE_CURVE_WITH_KNOTS('',6,(#808,#809,#810,#811,#812,#813,
    #814,#815,#816,#817,#818,#819),.UNSPECIFIED.,.F.,.F.,(7,5,7),(0.,
    0.732820781984,1.),.UNSPECIFIED.);
#808 = CARTESIAN_POINT('',(0.284583764003,0.));
#809 = CARTESIAN_POINT('',(0.284608603458,0.123113709528));
#810 = CARTESIAN_POINT('',(0.28458603396,0.244788776976));
#811 = CARTESIAN_POINT('',(0.284570522199,0.366182000299));
#812 = CARTESIAN_POINT('',(0.284574414158,0.487848472295));
#813 = CARTESIAN_POINT('',(0.284582841,0.610014235974));
#814 = CARTESIAN_POINT('',(0.28458843633,0.777109219756));
#815 = CARTESIAN_POINT('',(0.284589369445,0.821777052689));
#816 = CARTESIAN_POINT('',(0.284589345136,0.866445454035));
#817 = CARTESIAN_POINT('',(0.284588126382,0.911076557968));
#818 = CARTESIAN_POINT('',(0.284585937012,0.955617445545));
#819 = CARTESIAN_POINT('',(0.284583764003,1.));
#820 = ( GEOMETRIC_REPRESENTATION_CONTEXT(2) 
PARAMETRIC_REPRESENTATION_CONTEXT() REPRESENTATION_CONTEXT('2D SPACE',''
  ) );
#821 = ORIENTED_EDGE('',*,*,#822,.T.);
#822 = EDGE_CURVE('',#764,#823,#825,.T.);
#823 = VERTEX_POINT('',#824);
#824 = CARTESIAN_POINT('',(5.711676838339,-4.88775714149,0.375178428735)
  );
#825 = SURFACE_CURVE('',#826,(#885,#947),.PCURVE_S1.);
#826 = B_SPLINE_CURVE_WITH_KNOTS('',5,(#827,#828,#829,#830,#831,#832,
    #833,#834,#835,#836,#837,#838,#839,#840,#841,#842,#843,#844,#845,
    #846,#847,#848,#849,#850,#851,#852,#853,#854,#855,#856,#857,#858,
    #859,#860,#861,#862,#863,#864,#865,#866,#867,#868,#869,#870,#871,
    #872,#873,#874,#875,#876,#877,#878,#879,#880,#881,#882,#883,#884),
  .UNSPECIFIED.,.F.,.F.,(6,4,4,4,4,4,4,4,4,4,4,4,4,4,6),(0.,
    6.762764427225E-02,0.108763492702,0.204619724304,0.292448118683,
    0.341079841342,0.392327179821,0.500328650734,0.607505629095,
    0.658752493692,0.707383048622,0.795218772662,0.891063113548,
    0.9321915019,1.),.UNSPECIFIED.);
#827 = CARTESIAN_POINT('',(4.88775714149,-5.711676838339,0.375178428735)
  );
#828 = CARTESIAN_POINT('',(4.87567054277,-5.696975060179,0.358259609997)
  );
#829 = CARTESIAN_POINT('',(4.86437331705,-5.681653104861,0.341474038793)
  );
#830 = CARTESIAN_POINT('',(4.85393110051,-5.665713155622,0.324859551315)
  );
#831 = CARTESIAN_POINT('',(4.844411098947,-5.649167554027,0.308461226659
    ));
#832 = CARTESIAN_POINT('',(4.830680672202,-5.621628548121,0.282517899591
    ));
#833 = CARTESIAN_POINT('',(4.8258511344,-5.610999124339,0.27280456071));
#834 = CARTESIAN_POINT('',(4.821398837479,-5.600162153812,0.26320154208)
  );
#835 = CARTESIAN_POINT('',(4.817336053356,-5.589125933849,0.253720825929
    ));
#836 = CARTESIAN_POINT('',(4.805139164248,-5.551743632303,0.222596489878
    ));
#837 = CARTESIAN_POINT('',(4.798777146499,-5.524557363783,0.201546833121
    ));
#838 = CARTESIAN_POINT('',(4.794726084134,-5.49648157972,0.181389746427)
  );
#839 = CARTESIAN_POINT('',(4.793056961255,-5.46769880597,0.162277200782)
  );
#840 = CARTESIAN_POINT('',(4.794399187191,-5.411623154127,0.127907407917
    ));
#841 = CARTESIAN_POINT('',(4.797030387582,-5.384403120789,0.112458735497
    ));
#842 = CARTESIAN_POINT('',(4.801642365219,-5.356946627074,
    9.809525368269E-02));
#843 = CARTESIAN_POINT('',(4.808170959695,-5.329424895764,
    8.488537019475E-02));
#844 = CARTESIAN_POINT('',(4.821145187625,-5.286820838489,
    6.622702839721E-02));
#845 = CARTESIAN_POINT('',(4.826327766377,-5.271667951729,
    5.994556491651E-02));
#846 = CARTESIAN_POINT('',(4.832053051923,-5.256572880042,
    5.403967725737E-02));
#847 = CARTESIAN_POINT('',(4.838303227692,-5.241561613581,
    4.85150136355E-02));
#848 = CARTESIAN_POINT('',(4.852177655174,-5.210954215926,
    3.79591513931E-02));
#849 = CARTESIAN_POINT('',(4.859857878938,-5.195370054321,
    3.297055852038E-02));
#850 = CARTESIAN_POINT('',(4.868076726112,-5.17993469531,
    2.84138254998E-02));
#851 = CARTESIAN_POINT('',(4.876810968703,-5.164674936659,
    2.429182999966E-02));
#852 = CARTESIAN_POINT('',(4.905480033807,-5.117879589917,
    1.28383507772E-02));
#853 = CARTESIAN_POINT('',(4.927105941404,-5.087036715439,
    7.008640106793E-03));
#854 = CARTESIAN_POINT('',(4.950696965165,-5.057317400875,
    3.130233763638E-03));
#855 = CARTESIAN_POINT('',(4.976033842266,-5.028934755663,
    1.202711749745E-03));
#856 = CARTESIAN_POINT('',(5.029584464323,-4.975458909975,
    1.250034482855E-03));
#857 = CARTESIAN_POINT('',(5.05777225749,-4.950344760534,
    3.195198341288E-03));
#858 = CARTESIAN_POINT('',(5.087274158378,-4.926952200145,
    7.06157067933E-03));
#859 = CARTESIAN_POINT('',(5.117881829495,-4.905495494909,
    1.284949989274E-02));
#860 = CARTESIAN_POINT('',(5.164426652623,-4.876955127175,
    2.422605277347E-02));
#861 = CARTESIAN_POINT('',(5.179683891891,-4.86821431994,
    2.834233081566E-02));
#862 = CARTESIAN_POINT('',(5.195116984335,-4.859988667714,
    3.289336038476E-02));
#863 = CARTESIAN_POINT('',(5.210699144283,-4.85230140106,
    3.787627329679E-02));
#864 = CARTESIAN_POINT('',(5.241302963623,-4.838412896361,
    4.842106008519E-02));
#865 = CARTESIAN_POINT('',(5.256312622228,-4.832155694606,
    5.39403132233E-02));
#866 = CARTESIAN_POINT('',(5.271406346392,-4.826423165003,
    5.9840822701E-02));
#867 = CARTESIAN_POINT('',(5.286558158202,-4.821233134511,
    6.611695410694E-02));
#868 = CARTESIAN_POINT('',(5.329162942978,-4.808236560077,
    8.47617991753E-02));
#869 = CARTESIAN_POINT('',(5.356687137162,-4.801693029053,
    9.79639154277E-02));
#870 = CARTESIAN_POINT('',(5.384147058718,-4.79706600569,0.112320175541)
  );
#871 = CARTESIAN_POINT('',(5.41137145625,-4.794419837618,0.127762261693)
  );
#872 = CARTESIAN_POINT('',(5.467451944052,-4.793047050728,0.162116025972
    ));
#873 = CARTESIAN_POINT('',(5.496235551264,-4.794699648365,0.181218772925
    ));
#874 = CARTESIAN_POINT('',(5.524313402717,-4.798733798625,0.201366567071
    ));
#875 = CARTESIAN_POINT('',(5.551502873922,-4.805078838758,0.222407557689
    ));
#876 = CARTESIAN_POINT('',(5.588890490059,-4.817251529484,0.253519926272
    ));
#877 = CARTESIAN_POINT('',(5.599928055231,-4.821306889733,0.262996781223
    ));
#878 = CARTESIAN_POINT('',(5.610766558774,-4.8257517737,0.272596050719)
  );
#879 = CARTESIAN_POINT('',(5.621397690132,-4.830573928728,0.282305755097
    ));
#880 = CARTESIAN_POINT('',(5.648990548836,-4.844309308434,0.308285832151
    ));
#881 = CARTESIAN_POINT('',(5.665585265943,-4.853847347174,0.324726267057
    ));
#882 = CARTESIAN_POINT('',(5.681571154788,-4.864312902344,0.34138426633)
  );
#883 = CARTESIAN_POINT('',(5.696935746759,-4.875638222493,0.35821436808)
  );
#884 = CARTESIAN_POINT('',(5.711676838339,-4.88775714149,0.375178428735)
  );
#885 = PCURVE('',#107,#886);
#886 = DEFINITIONAL_REPRESENTATION('',(#887),#946);
#887 = B_SPLINE_CURVE_WITH_KNOTS('',5,(#888,#889,#890,#891,#892,#893,
    #894,#895,#896,#897,#898,#899,#900,#901,#902,#903,#904,#905,#906,
    #907,#908,#909,#910,#911,#912,#913,#914,#915,#916,#917,#918,#919,
    #920,#921,#922,#923,#924,#925,#926,#927,#928,#929,#930,#931,#932,
    #933,#934,#935,#936,#937,#938,#939,#940,#941,#942,#943,#944,#945),
  .UNSPECIFIED.,.F.,.F.,(6,4,4,4,4,4,4,4,4,4,4,4,4,4,6),(0.,
    6.762764427225E-02,0.108763492702,0.204619724304,0.292448118683,
    0.341079841342,0.392327179821,0.500328650734,0.607505629095,
    0.658752493692,0.707383048622,0.795218772662,0.891063113548,
    0.9321915019,1.),.UNSPECIFIED.);
#888 = CARTESIAN_POINT('',(-5.652939998917,-0.844021272475));
#889 = CARTESIAN_POINT('',(-5.652890028926,-0.84627185133));
#890 = CARTESIAN_POINT('',(-5.652706323789,-0.848511826097));
#891 = CARTESIAN_POINT('',(-5.652380752175,-0.850736053925));
#892 = CARTESIAN_POINT('',(-5.651905693901,-0.852938295243));
#893 = CARTESIAN_POINT('',(-5.650892279866,-0.856433139432));
#894 = CARTESIAN_POINT('',(-5.650451624448,-0.857744142056));
#895 = CARTESIAN_POINT('',(-5.64995232234,-0.859042718089));
#896 = CARTESIAN_POINT('',(-5.649393438484,-0.860327151841));
#897 = CARTESIAN_POINT('',(-5.647331831536,-0.864551526721));
#898 = CARTESIAN_POINT('',(-5.64556238584,-0.867421233768));
#899 = CARTESIAN_POINT('',(-5.643459182001,-0.870181098771));
#900 = CARTESIAN_POINT('',(-5.641026902425,-0.872808291653));
#901 = CARTESIAN_POINT('',(-5.635773286361,-0.877549214681));
#902 = CARTESIAN_POINT('',(-5.633001192488,-0.879687880405));
#903 = CARTESIAN_POINT('',(-5.629983773168,-0.881682831521));
#904 = CARTESIAN_POINT('',(-5.626743278012,-0.883522690671));
#905 = CARTESIAN_POINT('',(-5.621403342499,-0.886127473401));
#906 = CARTESIAN_POINT('',(-5.619439999332,-0.887005709663));
#907 = CARTESIAN_POINT('',(-5.617420825148,-0.887832546198));
#908 = CARTESIAN_POINT('',(-5.615350460591,-0.888606931182));
#909 = CARTESIAN_POINT('',(-5.611003139706,-0.890088062898));
#910 = CARTESIAN_POINT('',(-5.608721041347,-0.890788921231));
#911 = CARTESIAN_POINT('',(-5.606393034789,-0.89142979621));
#912 = CARTESIAN_POINT('',(-5.6040247412,-0.892010045495));
#913 = CARTESIAN_POINT('',(-5.596557698629,-0.893623501269));
#914 = CARTESIAN_POINT('',(-5.591339976642,-0.89444659312));
#915 = CARTESIAN_POINT('',(-5.586020359405,-0.894994817592));
#916 = CARTESIAN_POINT('',(-5.580651015384,-0.895267273078));
#917 = CARTESIAN_POINT('',(-5.569953724494,-0.895260583981));
#918 = CARTESIAN_POINT('',(-5.564626279086,-0.894985634774));
#919 = CARTESIAN_POINT('',(-5.559348349485,-0.894439122891));
#920 = CARTESIAN_POINT('',(-5.554170912818,-0.893621942116));
#921 = CARTESIAN_POINT('',(-5.546741157024,-0.892019306158));
#922 = CARTESIAN_POINT('',(-5.544372378859,-0.891439854926));
#923 = CARTESIAN_POINT('',(-5.542043831708,-0.890799773808));
#924 = CARTESIAN_POINT('',(-5.539761136644,-0.890099703549));
#925 = CARTESIAN_POINT('',(-5.53541257537,-0.888620103211));
#926 = CARTESIAN_POINT('',(-5.533341571361,-0.887846463885));
#927 = CARTESIAN_POINT('',(-5.531321706262,-0.887020365791));
#928 = CARTESIAN_POINT('',(-5.529357621565,-0.886142858653));
#929 = CARTESIAN_POINT('',(-5.524015098348,-0.88353990888));
#930 = CARTESIAN_POINT('',(-5.520772688802,-0.881701092213));
#931 = CARTESIAN_POINT('',(-5.517753255408,-0.879707098374));
#932 = CARTESIAN_POINT('',(-5.514979076901,-0.87756929278));
#933 = CARTESIAN_POINT('',(-5.509721594985,-0.872830462429));
#934 = CARTESIAN_POINT('',(-5.507287398636,-0.870204545875));
#935 = CARTESIAN_POINT('',(-5.505182140251,-0.867445874067));
#936 = CARTESIAN_POINT('',(-5.503410552148,-0.864577262145));
#937 = CARTESIAN_POINT('',(-5.501345858903,-0.860354380025));
#938 = CARTESIAN_POINT('',(-5.500786058477,-0.859070428554));
#939 = CARTESIAN_POINT('',(-5.500285828837,-0.857772317447));
#940 = CARTESIAN_POINT('',(-5.499844238391,-0.856461762207));
#941 = CARTESIAN_POINT('',(-5.498826536672,-0.852961850452));
#942 = CARTESIAN_POINT('',(-5.498349005392,-0.850753897218));
#943 = CARTESIAN_POINT('',(-5.498021802381,-0.848523805962));
#944 = CARTESIAN_POINT('',(-5.497837247396,-0.84627786951));
#945 = CARTESIAN_POINT('',(-5.497787143782,-0.844021272475));
#946 = ( GEOMETRIC_REPRESENTATION_CONTEXT(2) 
PARAMETRIC_REPRESENTATION_CONTEXT() REPRESENTATION_CONTEXT('2D SPACE',''
  ) );
#947 = PCURVE('',#948,#957);
#948 = B_SPLINE_SURFACE_WITH_KNOTS('',1,3,(
    (#949,#950,#951,#952)
    ,(#953,#954,#955,#956
    )),.UNSPECIFIED.,.F.,.F.,.F.,(2,2),(4,4),(0.,1.),(0.,1.),
  .PIECEWISE_BEZIER_KNOTS.);
#949 = CARTESIAN_POINT('',(5.941113006308,-6.942594848675,
    -1.446944832201));
#950 = CARTESIAN_POINT('',(5.506365235263,-6.413820818668,
    -2.052873367937));
#951 = CARTESIAN_POINT('',(6.413820818668,-5.506365235263,
    -2.052873367937));
#952 = CARTESIAN_POINT('',(6.942594848675,-5.941113006308,
    -1.446944832201));
#953 = CARTESIAN_POINT('',(2.239721718199,-2.617267243819,4.955821212164
    ));
#954 = CARTESIAN_POINT('',(2.075827507853,-2.417926366483,4.727394097628
    ));
#955 = CARTESIAN_POINT('',(2.417926366483,-2.075827507853,4.727394097628
    ));
#956 = CARTESIAN_POINT('',(2.617267243819,-2.239721718199,4.955821212164
    ));
#957 = DEFINITIONAL_REPRESENTATION('',(#958),#1017);
#958 = B_SPLINE_CURVE_WITH_KNOTS('',5,(#959,#960,#961,#962,#963,#964,
    #965,#966,#967,#968,#969,#970,#971,#972,#973,#974,#975,#976,#977,
    #978,#979,#980,#981,#982,#983,#984,#985,#986,#987,#988,#989,#990,
    #991,#992,#993,#994,#995,#996,#997,#998,#999,#1000,#1001,#1002,#1003
    ,#1004,#1005,#1006,#1007,#1008,#1009,#1010,#1011,#1012,#1013,#1014,
    #1015,#1016),.UNSPECIFIED.,.F.,.F.,(6,4,4,4,4,4,4,4,4,4,4,4,4,4,6),(
    0.,6.762764427225E-02,0.108763492702,0.204619724304,0.292448118683,
    0.341079841342,0.392327179821,0.500328650734,0.607505629095,
    0.658752493692,0.707383048622,0.795218772662,0.891063113548,
    0.9321915019,1.),.UNSPECIFIED.);
#959 = CARTESIAN_POINT('',(0.284583764003,0.));
#960 = CARTESIAN_POINT('',(0.284577436635,1.128611294804E-02));
#961 = CARTESIAN_POINT('',(0.284573453755,2.281147710792E-02));
#962 = CARTESIAN_POINT('',(0.284571395006,3.45760505793E-02));
#963 = CARTESIAN_POINT('',(0.284570828464,4.65761998767E-02));
#964 = CARTESIAN_POINT('',(0.284571677356,6.623994768878E-02));
#965 = CARTESIAN_POINT('',(0.28457240357,7.376086856193E-02));
#966 = CARTESIAN_POINT('',(0.284573444612,8.136356746057E-02));
#967 = CARTESIAN_POINT('',(0.284574717245,8.904534548441E-02));
#968 = CARTESIAN_POINT('',(0.28457947306,0.11487965862));
#969 = CARTESIAN_POINT('',(0.284583647947,0.133370021465));
#970 = CARTESIAN_POINT('',(0.284587706794,0.152225291767));
#971 = CARTESIAN_POINT('',(0.284590998674,0.171392073616));
#972 = CARTESIAN_POINT('',(0.284595394638,0.208587994555));
#973 = CARTESIAN_POINT('',(0.284596658401,0.226580756372));
#974 = CARTESIAN_POINT('',(0.28459689554,0.244731134569));
#975 = CARTESIAN_POINT('',(0.284596200335,0.262998585635));
#976 = CARTESIAN_POINT('',(0.284594010507,0.291506703494));
#977 = CARTESIAN_POINT('',(0.284593010503,0.301691632642));
#978 = CARTESIAN_POINT('',(0.284591829416,0.311896188351));
#979 = CARTESIAN_POINT('',(0.284590511622,0.32211581491));
#980 = CARTESIAN_POINT('',(0.284587627566,0.343128392136));
#981 = CARTESIAN_POINT('',(0.28458605077,0.353922604006));
#982 = CARTESIAN_POINT('',(0.284584435485,0.364725566756));
#983 = CARTESIAN_POINT('',(0.284582836969,0.375534317634));
#984 = CARTESIAN_POINT('',(0.284578083368,0.409134140177));
#985 = CARTESIAN_POINT('',(0.284575162078,0.43193714527));
#986 = CARTESIAN_POINT('',(0.28457302094,0.454741843909));
#987 = CARTESIAN_POINT('',(0.284571961223,0.477543879688));
#988 = CARTESIAN_POINT('',(0.284571987268,0.522975972844));
#989 = CARTESIAN_POINT('',(0.284573056744,0.545603976423));
#990 = CARTESIAN_POINT('',(0.284575187685,0.568234554023));
#991 = CARTESIAN_POINT('',(0.284578084915,0.590863412305));
#992 = CARTESIAN_POINT('',(0.284582811124,0.624289326281));
#993 = CARTESIAN_POINT('',(0.284584409221,0.635098044775));
#994 = CARTESIAN_POINT('',(0.284586024629,0.645901000248));
#995 = CARTESIAN_POINT('',(0.284587602112,0.656695237227));
#996 = CARTESIAN_POINT('',(0.284590488574,0.677707791631));
#997 = CARTESIAN_POINT('',(0.284591808034,0.687927366425));
#998 = CARTESIAN_POINT('',(0.284592991285,0.69813191462));
#999 = CARTESIAN_POINT('',(0.284593993918,0.708316888021));
#1000 = CARTESIAN_POINT('',(0.284596192373,0.736827268627));
#1001 = CARTESIAN_POINT('',(0.284596894308,0.755097052821));
#1002 = CARTESIAN_POINT('',(0.284596664542,0.773249976062));
#1003 = CARTESIAN_POINT('',(0.284595407934,0.7912455122));
#1004 = CARTESIAN_POINT('',(0.284591024987,0.828443678836));
#1005 = CARTESIAN_POINT('',(0.284587739166,0.84761007617));
#1006 = CARTESIAN_POINT('',(0.284583684059,0.866465360287));
#1007 = CARTESIAN_POINT('',(0.284579508865,0.884956119223));
#1008 = CARTESIAN_POINT('',(0.284574745011,0.910791029172));
#1009 = CARTESIAN_POINT('',(0.284573469014,0.91847274513));
#1010 = CARTESIAN_POINT('',(0.284572423481,0.926075448294));
#1011 = CARTESIAN_POINT('',(0.284571691543,0.933596435502));
#1012 = CARTESIAN_POINT('',(0.284570822468,0.953295430991));
#1013 = CARTESIAN_POINT('',(0.284571378533,0.965329564413));
#1014 = CARTESIAN_POINT('',(0.28457343247,0.977126880602));
#1015 = CARTESIAN_POINT('',(0.284577419716,0.988683707322));
#1016 = CARTESIAN_POINT('',(0.284583764003,1.));
#1017 = ( GEOMETRIC_REPRESENTATION_CONTEXT(2) 
PARAMETRIC_REPRESENTATION_CONTEXT() REPRESENTATION_CONTEXT('2D SPACE',''
  ) );
#1018 = ORIENTED_EDGE('',*,*,#1019,.T.);
#1019 = EDGE_CURVE('',#823,#1020,#1022,.T.);
#1020 = VERTEX_POINT('',#1021);
#1021 = CARTESIAN_POINT('',(7.007126216299,-5.111378240864,1.56558078759
    ));
#1022 = SURFACE_CURVE('',#1023,(#1041,#1062),.PCURVE_S1.);
#1023 = B_SPLINE_CURVE_WITH_KNOTS('',6,(#1024,#1025,#1026,#1027,#1028,
    #1029,#1030,#1031,#1032,#1033,#1034,#1035,#1036,#1037,#1038,#1039,
    #1040),.UNSPECIFIED.,.F.,.F.,(7,5,5,7),(0.,0.31390852383,
    0.858662655764,1.),.UNSPECIFIED.);
#1024 = CARTESIAN_POINT('',(5.711676838339,-4.88775714149,0.375178428735
    ));
#1025 = CARTESIAN_POINT('',(5.771144288036,-4.925529177865,0.43718683032
    ));
#1026 = CARTESIAN_POINT('',(5.832782692581,-4.959098536666,
    0.499482409552));
#1027 = CARTESIAN_POINT('',(5.896288196372,-4.988580675107,
    0.561920217688));
#1028 = CARTESIAN_POINT('',(5.961351701315,-5.014174061379,0.62439871291
    ));
#1029 = CARTESIAN_POINT('',(6.027680216322,-5.036125079733,
    0.686854811689));
#1030 = CARTESIAN_POINT('',(6.211875971917,-5.086915431659,
    0.857554523906));
#1031 = CARTESIAN_POINT('',(6.331741554953,-5.108941422871,
    0.965664295847));
#1032 = CARTESIAN_POINT('',(6.453347749514,-5.122166331159,
    1.073507183106));
#1033 = CARTESIAN_POINT('',(6.575612222284,-5.128051727562,
    1.181175929136));
#1034 = CARTESIAN_POINT('',(6.697738026405,-5.127939247289,1.28886683504
    ));
#1035 = CARTESIAN_POINT('',(6.850633817173,-5.121888353963,
    1.424960857314));
#1036 = CARTESIAN_POINT('',(6.882079603749,-5.120326134392,
    1.453019358166));
#1037 = CARTESIAN_POINT('',(6.913462659484,-5.118471046976,
    1.481105405184));
#1038 = CARTESIAN_POINT('',(6.944771893567,-5.116346017811,
    1.509224099272));
#1039 = CARTESIAN_POINT('',(6.975996551741,-5.113974053443,
    1.537380732396));
#1040 = CARTESIAN_POINT('',(7.007126216299,-5.111378240864,1.56558078759
    ));
#1041 = PCURVE('',#107,#1042);
#1042 = DEFINITIONAL_REPRESENTATION('',(#1043),#1061);
#1043 = B_SPLINE_CURVE_WITH_KNOTS('',6,(#1044,#1045,#1046,#1047,#1048,
    #1049,#1050,#1051,#1052,#1053,#1054,#1055,#1056,#1057,#1058,#1059,
    #1060),.UNSPECIFIED.,.F.,.F.,(7,5,5,7),(0.,0.31390852383,
    0.858662655764,1.),.UNSPECIFIED.);
#1044 = CARTESIAN_POINT('',(-5.497787143782,-0.844021272475));
#1045 = CARTESIAN_POINT('',(-5.496461427098,-0.835772777141));
#1046 = CARTESIAN_POINT('',(-5.494552678532,-0.82757791674));
#1047 = CARTESIAN_POINT('',(-5.492122492778,-0.819452677033));
#1048 = CARTESIAN_POINT('',(-5.489234810133,-0.81140629213));
#1049 = CARTESIAN_POINT('',(-5.485951475995,-0.803442636383));
#1050 = CARTESIAN_POINT('',(-5.476039305092,-0.781884962325));
#1051 = CARTESIAN_POINT('',(-5.46872775832,-0.768460854341));
#1052 = CARTESIAN_POINT('',(-5.460681219276,-0.755278998114));
#1053 = CARTESIAN_POINT('',(-5.452139586042,-0.742309815299));
#1054 = CARTESIAN_POINT('',(-5.44328997616,-0.72951580969));
#1055 = CARTESIAN_POINT('',(-5.431955267136,-0.713559549911));
#1056 = CARTESIAN_POINT('',(-5.429610349338,-0.710281147748));
#1057 = CARTESIAN_POINT('',(-5.427258337378,-0.707010640389));
#1058 = CARTESIAN_POINT('',(-5.424901997623,-0.703747273179));
#1059 = CARTESIAN_POINT('',(-5.42254403053,-0.700490287498));
#1060 = CARTESIAN_POINT('',(-5.42018707065,-0.697238920763));
#1061 = ( GEOMETRIC_REPRESENTATION_CONTEXT(2) 
PARAMETRIC_REPRESENTATION_CONTEXT() REPRESENTATION_CONTEXT('2D SPACE',''
  ) );
#1062 = PCURVE('',#1063,#1072);
#1063 = B_SPLINE_SURFACE_WITH_KNOTS('',1,3,(
    (#1064,#1065,#1066,#1067)
    ,(#1068,#1069,#1070,#1071
    )),.UNSPECIFIED.,.F.,.F.,.F.,(2,2),(4,4),(0.,1.),(0.,1.),
  .PIECEWISE_BEZIER_KNOTS.);
#1064 = CARTESIAN_POINT('',(6.942594848675,-5.941113006308,
    -1.446944832201));
#1065 = CARTESIAN_POINT('',(7.404802877492,-6.234713355113,
    -0.965203855702));
#1066 = CARTESIAN_POINT('',(7.986395570218,-6.25754342034,
    -0.481716056663));
#1067 = CARTESIAN_POINT('',(8.517225282556,-6.212926474841,
    -1.7763568394E-15));
#1068 = CARTESIAN_POINT('',(2.617267243819,-2.239721718199,
    4.955821212164));
#1069 = CARTESIAN_POINT('',(2.791513611354,-2.350405200737,
    5.137431244908));
#1070 = CARTESIAN_POINT('',(3.010766432107,-2.359011836036,5.31969980685
    ));
#1071 = CARTESIAN_POINT('',(3.210882274733,-2.34219183249,5.501300445142
    ));
#1072 = DEFINITIONAL_REPRESENTATION('',(#1073),#1091);
#1073 = B_SPLINE_CURVE_WITH_KNOTS('',6,(#1074,#1075,#1076,#1077,#1078,
    #1079,#1080,#1081,#1082,#1083,#1084,#1085,#1086,#1087,#1088,#1089,
    #1090),.UNSPECIFIED.,.F.,.F.,(7,5,5,7),(0.,0.31390852383,
    0.858662655764,1.),.UNSPECIFIED.);
#1074 = CARTESIAN_POINT('',(0.284583764003,0.));
#1075 = CARTESIAN_POINT('',(0.284586316756,5.213860383636E-02));
#1076 = CARTESIAN_POINT('',(0.284588892036,0.104495212549));
#1077 = CARTESIAN_POINT('',(0.284589889891,0.156959846649));
#1078 = CARTESIAN_POINT('',(0.284589163556,0.209451327557));
#1079 = CARTESIAN_POINT('',(0.28458734336,0.261916870996));
#1080 = CARTESIAN_POINT('',(0.284581372758,0.405291886383));
#1081 = CARTESIAN_POINT('',(0.28457648384,0.496074727323));
#1082 = CARTESIAN_POINT('',(0.284574427,0.586611442213));
#1083 = CARTESIAN_POINT('',(0.284579888236,0.676977650497));
#1084 = CARTESIAN_POINT('',(0.284590396926,0.76737325428));
#1085 = CARTESIAN_POINT('',(0.284593694127,0.881724146918));
#1086 = CARTESIAN_POINT('',(0.28459383966,0.90530593674));
#1087 = CARTESIAN_POINT('',(0.28459322756,0.928918322776));
#1088 = CARTESIAN_POINT('',(0.284591577753,0.952567203473));
#1089 = CARTESIAN_POINT('',(0.28458855402,0.976258868752));
#1090 = CARTESIAN_POINT('',(0.284583764003,1.));
#1091 = ( GEOMETRIC_REPRESENTATION_CONTEXT(2) 
PARAMETRIC_REPRESENTATION_CONTEXT() REPRESENTATION_CONTEXT('2D SPACE',''
  ) );
#1092 = ORIENTED_EDGE('',*,*,#1093,.T.);
#1093 = EDGE_CURVE('',#1020,#1094,#1096,.T.);
#1094 = VERTEX_POINT('',#1095);
#1095 = CARTESIAN_POINT('',(7.403808851127,-4.517700723632,1.56558078759
    ));
#1096 = SURFACE_CURVE('',#1097,(#1103,#1112),.PCURVE_S1.);
#1097 = B_SPLINE_CURVE_WITH_KNOTS('',4,(#1098,#1099,#1100,#1101,#1102),
  .UNSPECIFIED.,.F.,.F.,(5,5),(0.,1.),.PIECEWISE_BEZIER_KNOTS.);
#1098 = CARTESIAN_POINT('',(7.007126216299,-5.111378240864,1.56558078759
    ));
#1099 = CARTESIAN_POINT('',(7.112352019266,-4.967126090508,
    1.565581225341));
#1100 = CARTESIAN_POINT('',(7.213617129217,-4.819984867879,
    1.565580009348));
#1101 = CARTESIAN_POINT('',(7.310805413355,-4.670119597294,
    1.565581225341));
#1102 = CARTESIAN_POINT('',(7.403808851127,-4.517700723632,1.56558078759
    ));
#1103 = PCURVE('',#107,#1104);
#1104 = DEFINITIONAL_REPRESENTATION('',(#1105),#1111);
#1105 = B_SPLINE_CURVE_WITH_KNOTS('',4,(#1106,#1107,#1108,#1109,#1110),
  .UNSPECIFIED.,.F.,.F.,(5,5),(0.,1.),.PIECEWISE_BEZIER_KNOTS.);
#1106 = CARTESIAN_POINT('',(-5.42018707065,-0.697238920763));
#1107 = CARTESIAN_POINT('',(-5.399600547448,-0.697238870292));
#1108 = CARTESIAN_POINT('',(-5.379014030501,-0.697239010492));
#1109 = CARTESIAN_POINT('',(-5.35842751355,-0.697238870292));
#1110 = CARTESIAN_POINT('',(-5.33784099035,-0.697238920763));
#1111 = ( GEOMETRIC_REPRESENTATION_CONTEXT(2) 
PARAMETRIC_REPRESENTATION_CONTEXT() REPRESENTATION_CONTEXT('2D SPACE',''
  ) );
#1112 = PCURVE('',#1113,#1122);
#1113 = B_SPLINE_SURFACE_WITH_KNOTS('',1,3,(
    (#1114,#1115,#1116,#1117)
    ,(#1118,#1119,#1120,#1121
    )),.UNSPECIFIED.,.F.,.F.,.F.,(2,2),(4,4),(0.,1.),(0.,1.),
  .PIECEWISE_BEZIER_KNOTS.);
#1114 = CARTESIAN_POINT('',(8.517225282556,-6.212926474841,
    -1.7763568394E-15));
#1115 = CARTESIAN_POINT('',(8.687763198385,-5.979140567371,
    -1.7763568394E-15));
#1116 = CARTESIAN_POINT('',(8.848668632535,-5.738328567378,
    -5.329070518201E-15));
#1117 = CARTESIAN_POINT('',(8.999396612458,-5.491306083917,
    -1.7763568394E-15));
#1118 = CARTESIAN_POINT('',(3.210882274733,-2.34219183249,5.501300445142
    ));
#1119 = CARTESIAN_POINT('',(3.275172833328,-2.254057610197,
    5.501300445142));
#1120 = CARTESIAN_POINT('',(3.335832072609,-2.16327464313,5.501300445142
    ));
#1121 = CARTESIAN_POINT('',(3.392654545068,-2.070150405214,
    5.501300445142));
#1122 = DEFINITIONAL_REPRESENTATION('',(#1123),#1129);
#1123 = B_SPLINE_CURVE_WITH_KNOTS('',4,(#1124,#1125,#1126,#1127,#1128),
  .UNSPECIFIED.,.F.,.F.,(5,5),(0.,1.),.PIECEWISE_BEZIER_KNOTS.);
#1124 = CARTESIAN_POINT('',(0.284583764003,0.));
#1125 = CARTESIAN_POINT('',(0.284583843575,0.249999983278));
#1126 = CARTESIAN_POINT('',(0.284583622538,0.499999999991));
#1127 = CARTESIAN_POINT('',(0.284583843575,0.750000016749));
#1128 = CARTESIAN_POINT('',(0.284583764003,1.));
#1129 = ( GEOMETRIC_REPRESENTATION_CONTEXT(2) 
PARAMETRIC_REPRESENTATION_CONTEXT() REPRESENTATION_CONTEXT('2D SPACE',''
  ) );
#1130 = ORIENTED_EDGE('',*,*,#1131,.T.);
#1131 = EDGE_CURVE('',#1094,#1132,#1134,.T.);
#1132 = VERTEX_POINT('',#1133);
#1133 = CARTESIAN_POINT('',(6.701462879964,-3.406437647788,
    0.375178428735));
#1134 = SURFACE_CURVE('',#1135,(#1148,#1164),.PCURVE_S1.);
#1135 = B_SPLINE_CURVE_WITH_KNOTS('',6,(#1136,#1137,#1138,#1139,#1140,
    #1141,#1142,#1143,#1144,#1145,#1146,#1147),.UNSPECIFIED.,.F.,.F.,(7,
    5,7),(0.,0.732820772416,1.),.UNSPECIFIED.);
#1136 = CARTESIAN_POINT('',(7.403808851127,-4.517700723632,1.56558078759
    ));
#1137 = CARTESIAN_POINT('',(7.354469319218,-4.363409186516,
    1.419344564802));
#1138 = CARTESIAN_POINT('',(7.29863473709,-4.209196558673,1.274405598587
    ));
#1139 = CARTESIAN_POINT('',(7.23381281362,-4.057373391759,1.129729102729
    ));
#1140 = CARTESIAN_POINT('',(7.157786188018,-3.910669216791,
    0.984798959077));
#1141 = CARTESIAN_POINT('',(7.068206615755,-3.772911957026,
    0.839319434828));
#1142 = CARTESIAN_POINT('',(6.924862505349,-3.602857877081,
    0.640399231191));
#1143 = CARTESIAN_POINT('',(6.884520388784,-3.559184069678,
    0.587230060979));
#1144 = CARTESIAN_POINT('',(6.842055770958,-3.517484409818,
    0.534066684792));
#1145 = CARTESIAN_POINT('',(6.797406866109,-3.477983349041,
    0.480955238251));
#1146 = CARTESIAN_POINT('',(6.750540387691,-3.440901044091,
    0.427962568625));
#1147 = CARTESIAN_POINT('',(6.701462879964,-3.406437647788,
    0.375178428735));
#1148 = PCURVE('',#107,#1149);
#1149 = DEFINITIONAL_REPRESENTATION('',(#1150),#1163);
#1150 = B_SPLINE_CURVE_WITH_KNOTS('',6,(#1151,#1152,#1153,#1154,#1155,
    #1156,#1157,#1158,#1159,#1160,#1161,#1162),.UNSPECIFIED.,.F.,.F.,(7,
    5,7),(0.,0.732820772416,1.),.UNSPECIFIED.);
#1151 = CARTESIAN_POINT('',(-5.33784099035,-0.697238920763));
#1152 = CARTESIAN_POINT('',(-5.325618570655,-0.714099440608));
#1153 = CARTESIAN_POINT('',(-5.313379669896,-0.731096055196));
#1154 = CARTESIAN_POINT('',(-5.301472360993,-0.748365760754));
#1155 = CARTESIAN_POINT('',(-5.290295977863,-0.766000009433));
#1156 = CARTESIAN_POINT('',(-5.280423140879,-0.784079279337));
#1157 = CARTESIAN_POINT('',(-5.269724125035,-0.809383905994));
#1158 = CARTESIAN_POINT('',(-5.267136662923,-0.816204330598));
#1159 = CARTESIAN_POINT('',(-5.264855898837,-0.823083210287));
#1160 = CARTESIAN_POINT('',(-5.262920381443,-0.830017148561));
#1161 = CARTESIAN_POINT('',(-5.2613694226,-0.836999808924));
#1162 = CARTESIAN_POINT('',(-5.260240917219,-0.844021272475));
#1163 = ( GEOMETRIC_REPRESENTATION_CONTEXT(2) 
PARAMETRIC_REPRESENTATION_CONTEXT() REPRESENTATION_CONTEXT('2D SPACE',''
  ) );
#1164 = PCURVE('',#1165,#1174);
#1165 = B_SPLINE_SURFACE_WITH_KNOTS('',1,3,(
    (#1166,#1167,#1168,#1169)
    ,(#1170,#1171,#1172,#1173
    )),.UNSPECIFIED.,.F.,.F.,.F.,(2,2),(4,4),(0.,1.),(0.,1.),
  .PIECEWISE_BEZIER_KNOTS.);
#1166 = CARTESIAN_POINT('',(8.999396612458,-5.491306083917,
    -1.7763568394E-15));
#1167 = CARTESIAN_POINT('',(8.837477558889,-4.983809211594,
    -0.481716056663));
#1168 = CARTESIAN_POINT('',(8.593819441009,-4.455224314248,
    -0.965203855702));
#1169 = CARTESIAN_POINT('',(8.145688733075,-4.140555765887,
    -1.446944832201));
#1170 = CARTESIAN_POINT('',(3.392654545068,-2.070150405214,
    5.501300445142));
#1171 = CARTESIAN_POINT('',(3.331613184554,-1.878830737392,5.31969980685
    ));
#1172 = CARTESIAN_POINT('',(3.239757268356,-1.67956116059,5.137431244908
    ));
#1173 = CARTESIAN_POINT('',(3.070817866247,-1.560935243013,
    4.955821212164));
#1174 = DEFINITIONAL_REPRESENTATION('',(#1175),#1188);
#1175 = B_SPLINE_CURVE_WITH_KNOTS('',6,(#1176,#1177,#1178,#1179,#1180,
    #1181,#1182,#1183,#1184,#1185,#1186,#1187),.UNSPECIFIED.,.F.,.F.,(7,
    5,7),(0.,0.732820772416,1.),.UNSPECIFIED.);
#1176 = CARTESIAN_POINT('',(0.284583764003,0.));
#1177 = CARTESIAN_POINT('',(0.284608603457,0.123113707919));
#1178 = CARTESIAN_POINT('',(0.28458603396,0.2447887738));
#1179 = CARTESIAN_POINT('',(0.2845705222,0.366181995546));
#1180 = CARTESIAN_POINT('',(0.284574414158,0.48784846594));
#1181 = CARTESIAN_POINT('',(0.284582841,0.610014227996));
#1182 = CARTESIAN_POINT('',(0.28458843633,0.77710921176));
#1183 = CARTESIAN_POINT('',(0.284589369445,0.821777046293));
#1184 = CARTESIAN_POINT('',(0.284589345136,0.866445449242));
#1185 = CARTESIAN_POINT('',(0.284588126382,0.911076554779));
#1186 = CARTESIAN_POINT('',(0.284585937013,0.955617443956));
#1187 = CARTESIAN_POINT('',(0.284583764003,1.));
#1188 = ( GEOMETRIC_REPRESENTATION_CONTEXT(2) 
PARAMETRIC_REPRESENTATION_CONTEXT() REPRESENTATION_CONTEXT('2D SPACE',''
  ) );
#1189 = ORIENTED_EDGE('',*,*,#1190,.T.);
#1190 = EDGE_CURVE('',#1132,#1191,#1193,.T.);
#1191 = VERTEX_POINT('',#1192);
#1192 = CARTESIAN_POINT('',(7.147365006733,-2.329934685852,
    0.375178428735));
#1193 = SURFACE_CURVE('',#1194,(#1253,#1315),.PCURVE_S1.);
#1194 = B_SPLINE_CURVE_WITH_KNOTS('',5,(#1195,#1196,#1197,#1198,#1199,
    #1200,#1201,#1202,#1203,#1204,#1205,#1206,#1207,#1208,#1209,#1210,
    #1211,#1212,#1213,#1214,#1215,#1216,#1217,#1218,#1219,#1220,#1221,
    #1222,#1223,#1224,#1225,#1226,#1227,#1228,#1229,#1230,#1231,#1232,
    #1233,#1234,#1235,#1236,#1237,#1238,#1239,#1240,#1241,#1242,#1243,
    #1244,#1245,#1246,#1247,#1248,#1249,#1250,#1251,#1252),
  .UNSPECIFIED.,.F.,.F.,(6,4,4,4,4,4,4,4,4,4,4,4,4,4,6),(0.,
    6.762764427183E-02,0.108763492702,0.204619724303,0.29244811985,
    0.3410798425,0.392327180976,0.500328651888,0.607505610952,
    0.658752475498,0.7073830303,0.795218720452,0.891063057491,
    0.932191443429,1.),.UNSPECIFIED.);
#1195 = CARTESIAN_POINT('',(6.701462879964,-3.406437647788,
    0.375178428735));
#1196 = CARTESIAN_POINT('',(6.684670191861,-3.397480316938,
    0.358259609997));
#1197 = CARTESIAN_POINT('',(6.668369457792,-3.387647937137,
    0.341474038793));
#1198 = CARTESIAN_POINT('',(6.652622153171,-3.376917407552,
    0.324859551315));
#1199 = CARTESIAN_POINT('',(6.637495090968,-3.36527441176,0.308461226659
    ));
#1200 = CARTESIAN_POINT('',(6.614271109422,-3.345086094692,
    0.282517899591));
#1201 = CARTESIAN_POINT('',(6.605741493918,-3.337113971721,0.27280456071
    ));
#1202 = CARTESIAN_POINT('',(6.597480978842,-3.328805736724,0.26320154208
    ));
#1203 = CARTESIAN_POINT('',(6.58950407721,-3.320164359157,0.253720825929
    ));
#1204 = CARTESIAN_POINT('',(6.563930033538,-3.290295163268,
    0.222596489878));
#1205 = CARTESIAN_POINT('',(6.547648561004,-3.267612965006,
    0.201546833121));
#1206 = CARTESIAN_POINT('',(6.533161729988,-3.243224597201,
    0.181389746427));
#1207 = CARTESIAN_POINT('',(6.520604970872,-3.217271527317,
    0.162277200782));
#1208 = CARTESIAN_POINT('',(6.500385802893,-3.164950732346,
    0.127907407698));
#1209 = CARTESIAN_POINT('',(6.49240005921,-3.138795783511,0.112458735085
    ));
#1210 = CARTESIAN_POINT('',(6.486153825661,-3.111664363114,
    9.809525310898E-02));
#1211 = CARTESIAN_POINT('',(6.481653349881,-3.083739213511,
    8.488536949126E-02));
#1212 = CARTESIAN_POINT('',(6.47733610675,-3.039413174489,
    6.622702763427E-02));
#1213 = CARTESIAN_POINT('',(6.47632542652,-3.023430445515,
    5.994556419051E-02));
#1214 = CARTESIAN_POINT('',(6.475838266858,-3.007293445807,
    5.403967656864E-02));
#1215 = CARTESIAN_POINT('',(6.475868113402,-2.991033005242,
    4.851501298426E-02));
#1216 = CARTESIAN_POINT('',(6.476973469087,-2.95744594346,
    3.795915081858E-02));
#1217 = CARTESIAN_POINT('',(6.478105270225,-2.940108961124,
    3.297055798522E-02));
#1218 = CARTESIAN_POINT('',(6.479791638793,-2.922703332207,
    2.841382500415E-02));
#1219 = CARTESIAN_POINT('',(6.482021369986,-2.905262703583,
    2.429182954362E-02));
#1220 = CARTESIAN_POINT('',(6.490600328691,-2.851058264275,
    1.283835044398E-02));
#1221 = CARTESIAN_POINT('',(6.49877700512,-2.814287287283,
    7.008639857164E-03));
#1222 = CARTESIAN_POINT('',(6.509199179912,-2.77780232691,
    3.130233597668E-03));
#1223 = CARTESIAN_POINT('',(6.521745834084,-2.741884178853,
    1.202711667412E-03));
#1224 = CARTESIAN_POINT('',(6.55075583515,-2.671986010024,
    1.250034562879E-03));
#1225 = CARTESIAN_POINT('',(6.567187188181,-2.637996565953,
    3.195197808152E-03));
#1226 = CARTESIAN_POINT('',(6.585491441389,-2.605094775088,
    7.061568841502E-03));
#1227 = CARTESIAN_POINT('',(6.605558112176,-2.573558320648,
    1.284949605774E-02));
#1228 = CARTESIAN_POINT('',(6.637637990169,-2.529378530119,
    2.422604563992E-02));
#1229 = CARTESIAN_POINT('',(6.648388878612,-2.515464383973,
    2.83423230616E-02));
#1230 = CARTESIAN_POINT('',(6.659499375506,-2.501958882864,
    3.289335201173E-02));
#1231 = CARTESIAN_POINT('',(6.670953624073,-2.488893739465,
    3.787626430731E-02));
#1232 = CARTESIAN_POINT('',(6.693912964786,-2.464350858346,
    4.842104989373E-02));
#1233 = CARTESIAN_POINT('',(6.705385553263,-2.452826009402,
    5.394030244465E-02));
#1234 = CARTESIAN_POINT('',(6.717136591547,-2.441753723792,
    5.984081133867E-02));
#1235 = CARTESIAN_POINT('',(6.729148901258,-2.431160412796,
    6.611694216593E-02));
#1236 = CARTESIAN_POINT('',(6.763537006591,-2.402849003334,
    8.476178103082E-02));
#1237 = CARTESIAN_POINT('',(6.786461935595,-2.386270520147,
    9.796389075152E-02));
#1238 = CARTESIAN_POINT('',(6.81006089977,-2.3714872537,0.1123201435));
#1239 = CARTESIAN_POINT('',(6.834200308399,-2.35862418841,0.127762221554
    ));
#1240 = CARTESIAN_POINT('',(6.885486567992,-2.335894819898,
    0.162115973869));
#1241 = CARTESIAN_POINT('',(6.912711573507,-2.326406606387,
    0.181218717653));
#1242 = CARTESIAN_POINT('',(6.940195926775,-2.319388741369,
    0.201366508795));
#1243 = CARTESIAN_POINT('',(6.967743863313,-2.314845828449,
    0.222407496611));
#1244 = CARTESIAN_POINT('',(7.006943802292,-2.31178429911,0.253519861324
    ));
#1245 = CARTESIAN_POINT('',(7.018693101506,-2.311307067732,
    0.262996715027));
#1246 = CARTESIAN_POINT('',(7.030407556086,-2.311265886912,0.27259598331
    ));
#1247 = CARTESIAN_POINT('',(7.042074799188,-2.31165261699,0.282305686513
    ));
#1248 = CARTESIAN_POINT('',(7.072823595539,-2.3137831181,0.308285775446)
  );
#1249 = CARTESIAN_POINT('',(7.091805181329,-2.316244592873,
    0.324726223965));
#1250 = CARTESIAN_POINT('',(7.110579228027,-2.319795971561,
    0.341384237305));
#1251 = CARTESIAN_POINT('',(7.129108288674,-2.324379431368,
    0.358214353452));
#1252 = CARTESIAN_POINT('',(7.147365006733,-2.329934685852,
    0.375178428735));
#1253 = PCURVE('',#107,#1254);
#1254 = DEFINITIONAL_REPRESENTATION('',(#1255),#1314);
#1255 = B_SPLINE_CURVE_WITH_KNOTS('',5,(#1256,#1257,#1258,#1259,#1260,
    #1261,#1262,#1263,#1264,#1265,#1266,#1267,#1268,#1269,#1270,#1271,
    #1272,#1273,#1274,#1275,#1276,#1277,#1278,#1279,#1280,#1281,#1282,
    #1283,#1284,#1285,#1286,#1287,#1288,#1289,#1290,#1291,#1292,#1293,
    #1294,#1295,#1296,#1297,#1298,#1299,#1300,#1301,#1302,#1303,#1304,
    #1305,#1306,#1307,#1308,#1309,#1310,#1311,#1312,#1313),
  .UNSPECIFIED.,.F.,.F.,(6,4,4,4,4,4,4,4,4,4,4,4,4,4,6),(0.,
    6.762764427183E-02,0.108763492702,0.204619724303,0.29244811985,
    0.3410798425,0.392327180976,0.500328651888,0.607505610952,
    0.658752475498,0.7073830303,0.795218720452,0.891063057491,
    0.932191443429,1.),.UNSPECIFIED.);
#1256 = CARTESIAN_POINT('',(-5.260240917219,-0.844021272475));
#1257 = CARTESIAN_POINT('',(-5.260190947227,-0.84627185133));
#1258 = CARTESIAN_POINT('',(-5.26000724209,-0.848511826097));
#1259 = CARTESIAN_POINT('',(-5.259681670476,-0.850736053925));
#1260 = CARTESIAN_POINT('',(-5.259206612203,-0.852938295243));
#1261 = CARTESIAN_POINT('',(-5.258193198167,-0.856433139432));
#1262 = CARTESIAN_POINT('',(-5.257752542749,-0.857744142056));
#1263 = CARTESIAN_POINT('',(-5.257253240642,-0.859042718089));
#1264 = CARTESIAN_POINT('',(-5.256694356785,-0.860327151841));
#1265 = CARTESIAN_POINT('',(-5.254632749838,-0.864551526721));
#1266 = CARTESIAN_POINT('',(-5.252863304142,-0.867421233768));
#1267 = CARTESIAN_POINT('',(-5.250760100303,-0.870181098771));
#1268 = CARTESIAN_POINT('',(-5.248327820726,-0.872808291653));
#1269 = CARTESIAN_POINT('',(-5.243074204629,-0.877549214711));
#1270 = CARTESIAN_POINT('',(-5.240302110716,-0.879687880462));
#1271 = CARTESIAN_POINT('',(-5.237284691349,-0.881682831601));
#1272 = CARTESIAN_POINT('',(-5.234044196141,-0.883522690769));
#1273 = CARTESIAN_POINT('',(-5.228704260566,-0.886127473508));
#1274 = CARTESIAN_POINT('',(-5.226740917393,-0.887005709765));
#1275 = CARTESIAN_POINT('',(-5.224721743206,-0.887832546294));
#1276 = CARTESIAN_POINT('',(-5.222651378643,-0.888606931273));
#1277 = CARTESIAN_POINT('',(-5.21830405775,-0.890088062979));
#1278 = CARTESIAN_POINT('',(-5.216021959387,-0.890788921307));
#1279 = CARTESIAN_POINT('',(-5.213693952825,-0.89142979628));
#1280 = CARTESIAN_POINT('',(-5.211325659233,-0.892010045559));
#1281 = CARTESIAN_POINT('',(-5.203858616652,-0.893623501316));
#1282 = CARTESIAN_POINT('',(-5.19864089466,-0.894446593156));
#1283 = CARTESIAN_POINT('',(-5.19332127742,-0.894994817616));
#1284 = CARTESIAN_POINT('',(-5.187951933398,-0.895267273089));
#1285 = CARTESIAN_POINT('',(-5.177254643467,-0.89526058397));
#1286 = CARTESIAN_POINT('',(-5.171927199019,-0.89498563485));
#1287 = CARTESIAN_POINT('',(-5.166649270354,-0.894439123151));
#1288 = CARTESIAN_POINT('',(-5.16147183457,-0.893621942658));
#1289 = CARTESIAN_POINT('',(-5.154042079531,-0.892019307163));
#1290 = CARTESIAN_POINT('',(-5.151673301314,-0.891439856017));
#1291 = CARTESIAN_POINT('',(-5.149344754105,-0.890799774985));
#1292 = CARTESIAN_POINT('',(-5.147062058976,-0.890099704811));
#1293 = CARTESIAN_POINT('',(-5.142713497568,-0.88862010464));
#1294 = CARTESIAN_POINT('',(-5.140642493489,-0.887846465395));
#1295 = CARTESIAN_POINT('',(-5.138622628315,-0.887020367381));
#1296 = CARTESIAN_POINT('',(-5.136658543538,-0.886142860322));
#1297 = CARTESIAN_POINT('',(-5.131316021398,-0.883539911409));
#1298 = CARTESIAN_POINT('',(-5.128073612846,-0.881701095646));
#1299 = CARTESIAN_POINT('',(-5.12505418025,-0.879707102821));
#1300 = CARTESIAN_POINT('',(-5.122280002322,-0.877569298335));
#1301 = CARTESIAN_POINT('',(-5.117022520194,-0.872830469596));
#1302 = CARTESIAN_POINT('',(-5.114588323225,-0.870204553455));
#1303 = CARTESIAN_POINT('',(-5.112483064176,-0.867445882033));
#1304 = CARTESIAN_POINT('',(-5.11071147538,-0.864577270465));
#1305 = CARTESIAN_POINT('',(-5.108646781137,-0.860354388828));
#1306 = CARTESIAN_POINT('',(-5.108086980415,-0.859070437512));
#1307 = CARTESIAN_POINT('',(-5.107586750476,-0.857772326556));
#1308 = CARTESIAN_POINT('',(-5.107145159727,-0.856461771461));
#1309 = CARTESIAN_POINT('',(-5.10612745662,-0.852961858067));
#1310 = CARTESIAN_POINT('',(-5.10564992454,-0.850753902987));
#1311 = CARTESIAN_POINT('',(-5.105322721001,-0.848523809835));
#1312 = CARTESIAN_POINT('',(-5.105138165741,-0.846277871456));
#1313 = CARTESIAN_POINT('',(-5.105088062083,-0.844021272475));
#1314 = ( GEOMETRIC_REPRESENTATION_CONTEXT(2) 
PARAMETRIC_REPRESENTATION_CONTEXT() REPRESENTATION_CONTEXT('2D SPACE',''
  ) );
#1315 = PCURVE('',#1316,#1325);
#1316 = B_SPLINE_SURFACE_WITH_KNOTS('',1,3,(
    (#1317,#1318,#1319,#1320)
    ,(#1321,#1322,#1323,#1324
    )),.UNSPECIFIED.,.F.,.F.,.F.,(2,2),(4,4),(0.,1.),(0.,1.),
  .PIECEWISE_BEZIER_KNOTS.);
#1317 = CARTESIAN_POINT('',(8.145688733075,-4.140555765887,
    -1.446944832201));
#1318 = CARTESIAN_POINT('',(7.541681104854,-3.818403031476,
    -2.052873367937));
#1319 = CARTESIAN_POINT('',(8.032792527648,-2.632755173929,
    -2.052873367937));
#1320 = CARTESIAN_POINT('',(8.687686800532,-2.832056680653,
    -1.446944832201));
#1321 = CARTESIAN_POINT('',(3.070817866247,-1.560935243013,
    4.955821212164));
#1322 = CARTESIAN_POINT('',(2.843114908661,-1.43948788541,4.727394097628
    ));
#1323 = CARTESIAN_POINT('',(3.028257476816,-0.992514186397,
    4.727394097628));
#1324 = CARTESIAN_POINT('',(3.27514403234,-1.067648241684,4.955821212164
    ));
#1325 = DEFINITIONAL_REPRESENTATION('',(#1326),#1385);
#1326 = B_SPLINE_CURVE_WITH_KNOTS('',5,(#1327,#1328,#1329,#1330,#1331,
    #1332,#1333,#1334,#1335,#1336,#1337,#1338,#1339,#1340,#1341,#1342,
    #1343,#1344,#1345,#1346,#1347,#1348,#1349,#1350,#1351,#1352,#1353,
    #1354,#1355,#1356,#1357,#1358,#1359,#1360,#1361,#1362,#1363,#1364,
    #1365,#1366,#1367,#1368,#1369,#1370,#1371,#1372,#1373,#1374,#1375,
    #1376,#1377,#1378,#1379,#1380,#1381,#1382,#1383,#1384),
  .UNSPECIFIED.,.F.,.F.,(6,4,4,4,4,4,4,4,4,4,4,4,4,4,6),(0.,
    6.762764427183E-02,0.108763492702,0.204619724303,0.29244811985,
    0.3410798425,0.392327180976,0.500328651888,0.607505610952,
    0.658752475498,0.7073830303,0.795218720452,0.891063057491,
    0.932191443429,1.),.UNSPECIFIED.);
#1327 = CARTESIAN_POINT('',(0.284583764003,0.));
#1328 = CARTESIAN_POINT('',(0.284577436635,1.128611294805E-02));
#1329 = CARTESIAN_POINT('',(0.284573453755,2.281147710792E-02));
#1330 = CARTESIAN_POINT('',(0.284571395006,3.457605057933E-02));
#1331 = CARTESIAN_POINT('',(0.284570828464,4.657619987672E-02));
#1332 = CARTESIAN_POINT('',(0.284571677356,6.623994768881E-02));
#1333 = CARTESIAN_POINT('',(0.28457240357,7.376086856197E-02));
#1334 = CARTESIAN_POINT('',(0.284573444612,8.13635674606E-02));
#1335 = CARTESIAN_POINT('',(0.284574717245,8.904534548445E-02));
#1336 = CARTESIAN_POINT('',(0.28457947306,0.11487965862));
#1337 = CARTESIAN_POINT('',(0.284583647947,0.133370021465));
#1338 = CARTESIAN_POINT('',(0.284587706794,0.152225291767));
#1339 = CARTESIAN_POINT('',(0.284590998674,0.171392073616));
#1340 = CARTESIAN_POINT('',(0.284595394638,0.208587994791));
#1341 = CARTESIAN_POINT('',(0.284596658401,0.226580756851));
#1342 = CARTESIAN_POINT('',(0.28459689554,0.244731135294));
#1343 = CARTESIAN_POINT('',(0.284596200335,0.262998586608));
#1344 = CARTESIAN_POINT('',(0.284594010507,0.291506704716));
#1345 = CARTESIAN_POINT('',(0.284593010502,0.301691633865));
#1346 = CARTESIAN_POINT('',(0.284591829416,0.311896189574));
#1347 = CARTESIAN_POINT('',(0.284590511622,0.322115816133));
#1348 = CARTESIAN_POINT('',(0.284587627565,0.343128393358));
#1349 = CARTESIAN_POINT('',(0.28458605077,0.353922605229));
#1350 = CARTESIAN_POINT('',(0.284584435484,0.364725567978));
#1351 = CARTESIAN_POINT('',(0.284582836969,0.375534318856));
#1352 = CARTESIAN_POINT('',(0.284578083368,0.409134141399));
#1353 = CARTESIAN_POINT('',(0.284575162078,0.431937146492));
#1354 = CARTESIAN_POINT('',(0.28457302094,0.45474184513));
#1355 = CARTESIAN_POINT('',(0.284571961223,0.47754388091));
#1356 = CARTESIAN_POINT('',(0.284571987268,0.522975969992));
#1357 = CARTESIAN_POINT('',(0.284573056744,0.545603969497));
#1358 = CARTESIAN_POINT('',(0.284575187684,0.568234543023));
#1359 = CARTESIAN_POINT('',(0.284578084913,0.590863397231));
#1360 = CARTESIAN_POINT('',(0.284582811122,0.624289307142));
#1361 = CARTESIAN_POINT('',(0.284584409218,0.635098025632));
#1362 = CARTESIAN_POINT('',(0.284586024626,0.645900981104));
#1363 = CARTESIAN_POINT('',(0.284587602109,0.656695218086));
#1364 = CARTESIAN_POINT('',(0.284590488572,0.677707772487));
#1365 = CARTESIAN_POINT('',(0.284591808031,0.687927347276));
#1366 = CARTESIAN_POINT('',(0.284592991283,0.69813189547));
#1367 = CARTESIAN_POINT('',(0.284593993916,0.708316868876));
#1368 = CARTESIAN_POINT('',(0.284596192372,0.736827242482));
#1369 = CARTESIAN_POINT('',(0.284596894307,0.755097019745));
#1370 = CARTESIAN_POINT('',(0.284596664543,0.773249936186));
#1371 = CARTESIAN_POINT('',(0.284595407938,0.791245465707));
#1372 = CARTESIAN_POINT('',(0.284591024996,0.828443625727));
#1373 = CARTESIAN_POINT('',(0.284587739176,0.847610022937));
#1374 = CARTESIAN_POINT('',(0.284583684071,0.866465307058));
#1375 = CARTESIAN_POINT('',(0.284579508876,0.884956066122));
#1376 = CARTESIAN_POINT('',(0.28457474502,0.910790976264));
#1377 = CARTESIAN_POINT('',(0.284573469022,0.918472692201));
#1378 = CARTESIAN_POINT('',(0.284572423487,0.926075395367));
#1379 = CARTESIAN_POINT('',(0.284571691547,0.933596382597));
#1380 = CARTESIAN_POINT('',(0.284570822466,0.953295389483));
#1381 = CARTESIAN_POINT('',(0.284571378527,0.965329533895));
#1382 = CARTESIAN_POINT('',(0.284573432463,0.977126860671));
#1383 = CARTESIAN_POINT('',(0.28457741971,0.988683697564));
#1384 = CARTESIAN_POINT('',(0.284583764003,1.));
#1385 = ( GEOMETRIC_REPRESENTATION_CONTEXT(2) 
PARAMETRIC_REPRESENTATION_CONTEXT() REPRESENTATION_CONTEXT('2D SPACE',''
  ) );
#1386 = ORIENTED_EDGE('',*,*,#1387,.T.);
#1387 = EDGE_CURVE('',#1191,#1388,#1390,.T.);
#1388 = VERTEX_POINT('',#1389);
#1389 = CARTESIAN_POINT('',(8.429780262292,-2.040786628189,1.56558078759
    ));
#1390 = SURFACE_CURVE('',#1391,(#1409,#1430),.PCURVE_S1.);
#1391 = B_SPLINE_CURVE_WITH_KNOTS('',6,(#1392,#1393,#1394,#1395,#1396,
    #1397,#1398,#1399,#1400,#1401,#1402,#1403,#1404,#1405,#1406,#1407,
    #1408),.UNSPECIFIED.,.F.,.F.,(7,5,5,7),(0.,0.313908526163,
    0.85866262595,1.),.UNSPECIFIED.);
#1392 = CARTESIAN_POINT('',(7.147365006733,-2.329934685852,
    0.375178428735));
#1393 = CARTESIAN_POINT('',(7.216760499401,-2.342074289487,0.43718683078
    ));
#1394 = CARTESIAN_POINT('',(7.286553397745,-2.349500336806,
    0.499482410477));
#1395 = CARTESIAN_POINT('',(7.356507159353,-2.352435776877,
    0.561920219078));
#1396 = CARTESIAN_POINT('',(7.426412165306,-2.351182257125,
    0.624398714764));
#1397 = CARTESIAN_POINT('',(7.4960920143,-2.346079529762,0.686854814006)
  );
#1398 = CARTESIAN_POINT('',(7.685703322453,-2.322515032839,
    0.857554520289));
#1399 = CARTESIAN_POINT('',(7.804873656194,-2.296993824498,0.96566428586
    ));
#1400 = CARTESIAN_POINT('',(7.922284076909,-2.26267537355,1.073507166782
    ));
#1401 = CARTESIAN_POINT('',(8.03749395809,-2.221324186281,1.181175906485
    ));
#1402 = CARTESIAN_POINT('',(8.150280438434,-2.174484750107,
    1.288866806028));
#1403 = CARTESIAN_POINT('',(8.289222153891,-2.110383769216,
    1.424960827722));
#1404 = CARTESIAN_POINT('',(8.317676443091,-2.096906682354,
    1.453019334469));
#1405 = CARTESIAN_POINT('',(8.345960700807,-2.083183026817,
    1.481105387391));
#1406 = CARTESIAN_POINT('',(8.374073453903,-2.069238227844,
    1.509224087394));
#1407 = CARTESIAN_POINT('',(8.402013570963,-2.055097656201,
    1.537380726448));
#1408 = CARTESIAN_POINT('',(8.429780262292,-2.040786628189,1.56558078759
    ));
#1409 = PCURVE('',#107,#1410);
#1410 = DEFINITIONAL_REPRESENTATION('',(#1411),#1429);
#1411 = B_SPLINE_CURVE_WITH_KNOTS('',6,(#1412,#1413,#1414,#1415,#1416,
    #1417,#1418,#1419,#1420,#1421,#1422,#1423,#1424,#1425,#1426,#1427,
    #1428),.UNSPECIFIED.,.F.,.F.,(7,5,5,7),(0.,0.313908526163,
    0.85866262595,1.),.UNSPECIFIED.);
#1412 = CARTESIAN_POINT('',(-5.105088062083,-0.844021272475));
#1413 = CARTESIAN_POINT('',(-5.10376234539,-0.83577277708));
#1414 = CARTESIAN_POINT('',(-5.101853596804,-0.827577916618));
#1415 = CARTESIAN_POINT('',(-5.099423411025,-0.819452676853));
#1416 = CARTESIAN_POINT('',(-5.096535728348,-0.811406291891));
#1417 = CARTESIAN_POINT('',(-5.093252394174,-0.803442636088));
#1418 = CARTESIAN_POINT('',(-5.083340223581,-0.781884962787));
#1419 = CARTESIAN_POINT('',(-5.076028677284,-0.768460855585));
#1420 = CARTESIAN_POINT('',(-5.067982138788,-0.755279000112));
#1421 = CARTESIAN_POINT('',(-5.059440506138,-0.742309818029));
#1422 = CARTESIAN_POINT('',(-5.050590896845,-0.729515813138));
#1423 = CARTESIAN_POINT('',(-5.03925618791,-0.713559553368));
#1424 = CARTESIAN_POINT('',(-5.036911269624,-0.710281150507));
#1425 = CARTESIAN_POINT('',(-5.03455925717,-0.707010642454));
#1426 = CARTESIAN_POINT('',(-5.032202916919,-0.703747274553));
#1427 = CARTESIAN_POINT('',(-5.029844949328,-0.700490288184));
#1428 = CARTESIAN_POINT('',(-5.027487988952,-0.697238920763));
#1429 = ( GEOMETRIC_REPRESENTATION_CONTEXT(2) 
PARAMETRIC_REPRESENTATION_CONTEXT() REPRESENTATION_CONTEXT('2D SPACE',''
  ) );
#1430 = PCURVE('',#1431,#1440);
#1431 = B_SPLINE_SURFACE_WITH_KNOTS('',1,3,(
    (#1432,#1433,#1434,#1435)
    ,(#1436,#1437,#1438,#1439
    )),.UNSPECIFIED.,.F.,.F.,.F.,(2,2),(4,4),(0.,1.),(0.,1.),
  .PIECEWISE_BEZIER_KNOTS.);
#1432 = CARTESIAN_POINT('',(8.687686800532,-2.832056680653,
    -1.446944832201));
#1433 = CARTESIAN_POINT('',(9.227067327343,-2.926428678718,
    -0.965203855702));
#1434 = CARTESIAN_POINT('',(9.773125600132,-2.724955020816,
    -0.481716056663));
#1435 = CARTESIAN_POINT('',(10.246474140766,-2.480594601748,
    -1.7763568394E-15));
#1436 = CARTESIAN_POINT('',(3.27514403234,-1.067648241684,4.955821212164
    ));
#1437 = CARTESIAN_POINT('',(3.478483419924,-1.103225247782,
    5.137431244908));
#1438 = CARTESIAN_POINT('',(3.6843402302,-1.027272319977,5.31969980685)
  );
#1439 = CARTESIAN_POINT('',(3.862786424644,-0.935151645438,
    5.501300445142));
#1440 = DEFINITIONAL_REPRESENTATION('',(#1441),#1459);
#1441 = B_SPLINE_CURVE_WITH_KNOTS('',6,(#1442,#1443,#1444,#1445,#1446,
    #1447,#1448,#1449,#1450,#1451,#1452,#1453,#1454,#1455,#1456,#1457,
    #1458),.UNSPECIFIED.,.F.,.F.,(7,5,5,7),(0.,0.313908526163,
    0.85866262595,1.),.UNSPECIFIED.);
#1442 = CARTESIAN_POINT('',(0.284583764003,0.));
#1443 = CARTESIAN_POINT('',(0.284586316756,5.213860422323E-02));
#1444 = CARTESIAN_POINT('',(0.284588892036,0.104495213326));
#1445 = CARTESIAN_POINT('',(0.284589889891,0.156959847817));
#1446 = CARTESIAN_POINT('',(0.284589163556,0.209451329115));
#1447 = CARTESIAN_POINT('',(0.28458734336,0.261916872943));
#1448 = CARTESIAN_POINT('',(0.284581372758,0.405291883344));
#1449 = CARTESIAN_POINT('',(0.28457648384,0.496074718936));
#1450 = CARTESIAN_POINT('',(0.284574427,0.586611428509));
#1451 = CARTESIAN_POINT('',(0.284579888235,0.676977631486));
#1452 = CARTESIAN_POINT('',(0.284590396923,0.767373229928));
#1453 = CARTESIAN_POINT('',(0.284593694126,0.881724122048));
#1454 = CARTESIAN_POINT('',(0.284593839661,0.905305916817));
#1455 = CARTESIAN_POINT('',(0.284593227561,0.928918307811));
#1456 = CARTESIAN_POINT('',(0.284591577754,0.952567193479));
#1457 = CARTESIAN_POINT('',(0.284588554021,0.976258863744));
#1458 = CARTESIAN_POINT('',(0.284583764003,1.));
#1459 = ( GEOMETRIC_REPRESENTATION_CONTEXT(2) 
PARAMETRIC_REPRESENTATION_CONTEXT() REPRESENTATION_CONTEXT('2D SPACE',''
  ) );
#1460 = ORIENTED_EDGE('',*,*,#1461,.T.);
#1461 = EDGE_CURVE('',#1388,#1462,#1464,.T.);
#1462 = VERTEX_POINT('',#1463);
#1463 = CARTESIAN_POINT('',(8.5690766795,-1.340496248851,1.56558078759)
  );
#1464 = SURFACE_CURVE('',#1465,(#1471,#1480),.PCURVE_S1.);
#1465 = B_SPLINE_CURVE_WITH_KNOTS('',4,(#1466,#1467,#1468,#1469,#1470),
  .UNSPECIFIED.,.F.,.F.,(5,5),(0.,1.),.PIECEWISE_BEZIER_KNOTS.);
#1466 = CARTESIAN_POINT('',(8.429780262292,-2.040786628189,1.56558078759
    ));
#1467 = CARTESIAN_POINT('',(8.471793319921,-1.867246847501,
    1.565581225341));
#1468 = CARTESIAN_POINT('',(8.509041574244,-1.692553603671,
    1.565580009348));
#1469 = CARTESIAN_POINT('',(8.541480884619,-1.516903801384,
    1.565581225341));
#1470 = CARTESIAN_POINT('',(8.5690766795,-1.340496248851,1.56558078759)
  );
#1471 = PCURVE('',#107,#1472);
#1472 = DEFINITIONAL_REPRESENTATION('',(#1473),#1479);
#1473 = B_SPLINE_CURVE_WITH_KNOTS('',4,(#1474,#1475,#1476,#1477,#1478),
  .UNSPECIFIED.,.F.,.F.,(5,5),(0.,1.),.PIECEWISE_BEZIER_KNOTS.);
#1474 = CARTESIAN_POINT('',(-5.027487988952,-0.697238920763));
#1475 = CARTESIAN_POINT('',(-5.006901465749,-0.697238870292));
#1476 = CARTESIAN_POINT('',(-4.986314948802,-0.697239010492));
#1477 = CARTESIAN_POINT('',(-4.965728431852,-0.697238870292));
#1478 = CARTESIAN_POINT('',(-4.945141908652,-0.697238920763));
#1479 = ( GEOMETRIC_REPRESENTATION_CONTEXT(2) 
PARAMETRIC_REPRESENTATION_CONTEXT() REPRESENTATION_CONTEXT('2D SPACE',''
  ) );
#1480 = PCURVE('',#1481,#1490);
#1481 = B_SPLINE_SURFACE_WITH_KNOTS('',1,3,(
    (#1482,#1483,#1484,#1485)
    ,(#1486,#1487,#1488,#1489
    )),.UNSPECIFIED.,.F.,.F.,.F.,(2,2),(4,4),(0.,1.),(0.,1.),
  .PIECEWISE_BEZIER_KNOTS.);
#1482 = CARTESIAN_POINT('',(10.246474140766,-2.480594601748,
    -1.7763568394E-15));
#1483 = CARTESIAN_POINT('',(10.314564637207,-2.199342551869,
    -1.7763568394E-15));
#1484 = CARTESIAN_POINT('',(10.371067111776,-1.915285430065,
    -5.329070518201E-15));
#1485 = CARTESIAN_POINT('',(10.415790195563,-1.629385312816,
    -1.7763568394E-15));
#1486 = CARTESIAN_POINT('',(3.862786424644,-0.935151645438,
    5.501300445142));
#1487 = CARTESIAN_POINT('',(3.888455649168,-0.829123309715,
    5.501300445142));
#1488 = CARTESIAN_POINT('',(3.90975634136,-0.722037498649,5.501300445142
    ));
#1489 = CARTESIAN_POINT('',(3.926616357649,-0.614256902461,
    5.501300445142));
#1490 = DEFINITIONAL_REPRESENTATION('',(#1491),#1497);
#1491 = B_SPLINE_CURVE_WITH_KNOTS('',4,(#1492,#1493,#1494,#1495,#1496),
  .UNSPECIFIED.,.F.,.F.,(5,5),(0.,1.),.PIECEWISE_BEZIER_KNOTS.);
#1492 = CARTESIAN_POINT('',(0.284583764003,0.));
#1493 = CARTESIAN_POINT('',(0.284583843575,0.249999983278));
#1494 = CARTESIAN_POINT('',(0.284583622538,0.499999999991));
#1495 = CARTESIAN_POINT('',(0.284583843575,0.750000016749));
#1496 = CARTESIAN_POINT('',(0.284583764003,1.));
#1497 = ( GEOMETRIC_REPRESENTATION_CONTEXT(2) 
PARAMETRIC_REPRESENTATION_CONTEXT() REPRESENTATION_CONTEXT('2D SPACE',''
  ) );
#1498 = ORIENTED_EDGE('',*,*,#1499,.T.);
#1499 = EDGE_CURVE('',#1462,#1500,#1502,.T.);
#1500 = VERTEX_POINT('',#1501);
#1501 = CARTESIAN_POINT('',(7.494931643876,-0.582599204795,
    0.375178428735));
#1502 = SURFACE_CURVE('',#1503,(#1516,#1532),.PCURVE_S1.);
#1503 = B_SPLINE_CURVE_WITH_KNOTS('',6,(#1504,#1505,#1506,#1507,#1508,
    #1509,#1510,#1511,#1512,#1513,#1514,#1515),.UNSPECIFIED.,.F.,.F.,(7,
    5,7),(0.,0.732820726895,1.),.UNSPECIFIED.);
#1504 = CARTESIAN_POINT('',(8.5690766795,-1.340496248851,1.56558078759)
  );
#1505 = CARTESIAN_POINT('',(8.464448087321,-1.216830884779,
    1.419344573893));
#1506 = CARTESIAN_POINT('',(8.353849049182,-1.095723971146,
    1.274405616586));
#1507 = CARTESIAN_POINT('',(8.235861198445,-0.980263937307,
    1.129729129681));
#1508 = CARTESIAN_POINT('',(8.109480507332,-0.873821087704,
    0.984798995092));
#1509 = CARTESIAN_POINT('',(7.974002363678,-0.78083059557,0.839319480028
    ));
#1510 = CARTESIAN_POINT('',(7.776492798848,-0.678576520195,
    0.640399276473));
#1511 = CARTESIAN_POINT('',(7.72250829216,-0.653665437025,0.5872300972)
  );
#1512 = CARTESIAN_POINT('',(7.667318323131,-0.631390475212,
    0.534066711931));
#1513 = CARTESIAN_POINT('',(7.610951703054,-0.611982645451,
    0.480955256304));
#1514 = CARTESIAN_POINT('',(7.553461929531,-0.595658084376,
    0.427962577617));
#1515 = CARTESIAN_POINT('',(7.494931643876,-0.582599204795,
    0.375178428735));
#1516 = PCURVE('',#107,#1517);
#1517 = DEFINITIONAL_REPRESENTATION('',(#1518),#1531);
#1518 = B_SPLINE_CURVE_WITH_KNOTS('',6,(#1519,#1520,#1521,#1522,#1523,
    #1524,#1525,#1526,#1527,#1528,#1529,#1530),.UNSPECIFIED.,.F.,.F.,(7,
    5,7),(0.,0.732820726895,1.),.UNSPECIFIED.);
#1519 = CARTESIAN_POINT('',(-4.945141908652,-0.697238920763));
#1520 = CARTESIAN_POINT('',(-4.932919489716,-0.71409943956));
#1521 = CARTESIAN_POINT('',(-4.920680589717,-0.731096053085));
#1522 = CARTESIAN_POINT('',(-4.908773281512,-0.748365757537));
#1523 = CARTESIAN_POINT('',(-4.897596898942,-0.766000005051));
#1524 = CARTESIAN_POINT('',(-4.887724062247,-0.78407927372));
#1525 = CARTESIAN_POINT('',(-4.87702504554,-0.809383900185));
#1526 = CARTESIAN_POINT('',(-4.874437582779,-0.816204325911));
#1527 = CARTESIAN_POINT('',(-4.872156818127,-0.823083206744));
#1528 = CARTESIAN_POINT('',(-4.870221300273,-0.830017146183));
#1529 = CARTESIAN_POINT('',(-4.868670341094,-0.836999807728));
#1530 = CARTESIAN_POINT('',(-4.86754183552,-0.844021272475));
#1531 = ( GEOMETRIC_REPRESENTATION_CONTEXT(2) 
PARAMETRIC_REPRESENTATION_CONTEXT() REPRESENTATION_CONTEXT('2D SPACE',''
  ) );
#1532 = PCURVE('',#1533,#1542);
#1533 = B_SPLINE_SURFACE_WITH_KNOTS('',1,3,(
    (#1534,#1535,#1536,#1537)
    ,(#1538,#1539,#1540,#1541
    )),.UNSPECIFIED.,.F.,.F.,.F.,(2,2),(4,4),(0.,1.),(0.,1.),
  .PIECEWISE_BEZIER_KNOTS.);
#1534 = CARTESIAN_POINT('',(10.415790195563,-1.629385312816,
    -1.7763568394E-15));
#1535 = CARTESIAN_POINT('',(10.071985851031,-1.222483078848,
    -0.481716056663));
#1536 = CARTESIAN_POINT('',(9.644594420179,-0.827378235869,
    -0.965203855702));
#1537 = CARTESIAN_POINT('',(9.110157191085,-0.708154601973,
    -1.446944832201));
#1538 = CARTESIAN_POINT('',(3.926616357649,-0.614256902461,
    5.501300445142));
#1539 = CARTESIAN_POINT('',(3.797006626872,-0.460860094551,5.31969980685
    ));
#1540 = CARTESIAN_POINT('',(3.635885660341,-0.311910748386,
    5.137431244908));
#1541 = CARTESIAN_POINT('',(3.434409831191,-0.266965001372,
    4.955821212164));
#1542 = DEFINITIONAL_REPRESENTATION('',(#1543),#1556);
#1543 = B_SPLINE_CURVE_WITH_KNOTS('',6,(#1544,#1545,#1546,#1547,#1548,
    #1549,#1550,#1551,#1552,#1553,#1554,#1555),.UNSPECIFIED.,.F.,.F.,(7,
    5,7),(0.,0.732820726895,1.),.UNSPECIFIED.);
#1544 = CARTESIAN_POINT('',(0.284583764003,0.));
#1545 = CARTESIAN_POINT('',(0.284608603456,0.123113700266));
#1546 = CARTESIAN_POINT('',(0.284586033963,0.24478875869));
#1547 = CARTESIAN_POINT('',(0.284570522202,0.366181972932));
#1548 = CARTESIAN_POINT('',(0.284574414156,0.487848435706));
#1549 = CARTESIAN_POINT('',(0.284582840997,0.61001419004));
#1550 = CARTESIAN_POINT('',(0.284588436329,0.777109173718));
#1551 = CARTESIAN_POINT('',(0.284589369445,0.821777015859));
#1552 = CARTESIAN_POINT('',(0.284589345137,0.866445426436));
#1553 = CARTESIAN_POINT('',(0.284588126383,0.911076539605));
#1554 = CARTESIAN_POINT('',(0.284585937013,0.955617436395));
#1555 = CARTESIAN_POINT('',(0.284583764003,1.));
#1556 = ( GEOMETRIC_REPRESENTATION_CONTEXT(2) 
PARAMETRIC_REPRESENTATION_CONTEXT() REPRESENTATION_CONTEXT('2D SPACE',''
  ) );
#1557 = ORIENTED_EDGE('',*,*,#1558,.T.);
#1558 = EDGE_CURVE('',#1500,#1559,#1561,.T.);
#1559 = VERTEX_POINT('',#1560);
#1560 = CARTESIAN_POINT('',(7.494931643876,0.582599204795,0.375178428735
    ));
#1561 = SURFACE_CURVE('',#1562,(#1621,#1683),.PCURVE_S1.);
#1562 = B_SPLINE_CURVE_WITH_KNOTS('',5,(#1563,#1564,#1565,#1566,#1567,
    #1568,#1569,#1570,#1571,#1572,#1573,#1574,#1575,#1576,#1577,#1578,
    #1579,#1580,#1581,#1582,#1583,#1584,#1585,#1586,#1587,#1588,#1589,
    #1590,#1591,#1592,#1593,#1594,#1595,#1596,#1597,#1598,#1599,#1600,
    #1601,#1602,#1603,#1604,#1605,#1606,#1607,#1608,#1609,#1610,#1611,
    #1612,#1613,#1614,#1615,#1616,#1617,#1618,#1619,#1620),
  .UNSPECIFIED.,.F.,.F.,(6,4,4,4,4,4,4,4,4,4,4,4,4,4,6),(0.,
    6.762764437063E-02,0.108763492797,0.204619724393,0.292448117769,
    0.341079840435,0.392327178917,0.500328649831,0.607505643534,
    0.658752508174,0.707383063204,0.795218814009,0.891063157941,
    0.932191548203,1.),.UNSPECIFIED.);
#1563 = CARTESIAN_POINT('',(7.494931643876,-0.582599204795,
    0.375178428735));
#1564 = CARTESIAN_POINT('',(7.4759894009,-0.580749993676,0.358259609973)
  );
#1565 = CARTESIAN_POINT('',(7.457166797451,-0.57790408008,0.341474038744
    ));
#1566 = CARTESIAN_POINT('',(7.4385117891,-0.574016595998,0.324859551243)
  );
#1567 = CARTESIAN_POINT('',(7.420080624325,-0.569048746562,
    0.308461226565));
#1568 = CARTESIAN_POINT('',(7.39089872862,-0.55928460658,0.282517899476)
  );
#1569 = CARTESIAN_POINT('',(7.379967592056,-0.55518346787,0.272804560597
    ));
#1570 = CARTESIAN_POINT('',(7.369156447366,-0.550668821864,
    0.263201541969));
#1571 = CARTESIAN_POINT('',(7.35847983919,-0.54573785809,0.25372082582)
  );
#1572 = CARTESIAN_POINT('',(7.32342205728,-0.527929082157,0.222596489775
    ));
#1573 = CARTESIAN_POINT('',(7.299699836567,-0.513204113216,
    0.201546833024));
#1574 = CARTESIAN_POINT('',(7.276982725605,-0.49621606958,0.181389746334
    ));
#1575 = CARTESIAN_POINT('',(7.255449983005,-0.477043823179,
    0.162277200695));
#1576 = CARTESIAN_POINT('',(7.216747606611,-0.436443252649,
    0.127907408027));
#1577 = CARTESIAN_POINT('',(7.199360676284,-0.415335243107,
    0.112458735776));
#1578 = CARTESIAN_POINT('',(7.183207164213,-0.392659409841,
    9.809525410558E-02));
#1579 = CARTESIAN_POINT('',(7.168362774929,-0.368582193893,
    8.488537073359E-02));
#1580 = CARTESIAN_POINT('',(7.147411321739,-0.329282411904,
    6.622702899456E-02));
#1581 = CARTESIAN_POINT('',(7.140361249303,-0.314903066367,
    5.994556548493E-02));
#1582 = CARTESIAN_POINT('',(7.133735809951,-0.300180850603,
    5.403967779663E-02));
#1583 = CARTESIAN_POINT('',(7.12754078328,-0.285146740645,
    4.851501414541E-02));
#1584 = CARTESIAN_POINT('',(7.115708786533,-0.253693340491,
    3.795915184293E-02));
#1585 = CARTESIAN_POINT('',(7.110119858453,-0.237242935856,
    3.297055893941E-02));
#1586 = CARTESIAN_POINT('',(7.105017013962,-0.220516886277,
    2.841382588788E-02));
#1587 = CARTESIAN_POINT('',(7.10040277727,-0.203550565306,
    2.429183035673E-02));
#1588 = CARTESIAN_POINT('',(7.087585560498,-0.150189167995,
    1.283835103813E-02));
#1589 = CARTESIAN_POINT('',(7.081068180642,-0.113088136412,
    7.008640302267E-03));
#1590 = CARTESIAN_POINT('',(7.076734824584,-7.539203468964E-02,
    3.130233893632E-03));
#1591 = CARTESIAN_POINT('',(7.074581141226,-3.740659618719E-02,
    1.202711814248E-03));
#1592 = CARTESIAN_POINT('',(7.074634015962,3.827255031773E-02,
    1.2500344203E-03));
#1593 = CARTESIAN_POINT('',(7.076807410829,7.59627207875E-02,
    3.195198767294E-03));
#1594 = CARTESIAN_POINT('',(7.081127368084,0.11336475833,
    7.061572143744E-03));
#1595 = CARTESIAN_POINT('',(7.087598079891,0.150179836949,
    1.284950294617E-02));
#1596 = CARTESIAN_POINT('',(7.100329155333,0.203273089014,
    2.422605845117E-02));
#1597 = CARTESIAN_POINT('',(7.104936969168,0.220242270184,
    2.834233698721E-02));
#1598 = CARTESIAN_POINT('',(7.110033399575,0.236971528698,
    3.289336704897E-02));
#1599 = CARTESIAN_POINT('',(7.115615932713,0.253425497735,
    3.787628045162E-02));
#1600 = CARTESIAN_POINT('',(7.127435446123,0.284886321133,
    4.842106819669E-02));
#1601 = CARTESIAN_POINT('',(7.133624368241,0.299924261978,
    5.394032180215E-02));
#1602 = CARTESIAN_POINT('',(7.14024373292,0.314650646883,
    5.98408317444E-02));
#1603 = CARTESIAN_POINT('',(7.147287776563,0.329034501126,
    6.611696361092E-02));
#1604 = CARTESIAN_POINT('',(7.168223948398,0.368350605751,
    8.476181358817E-02));
#1605 = CARTESIAN_POINT('',(7.183059523407,0.392440131339,
    9.796393500501E-02));
#1606 = CARTESIAN_POINT('',(7.199204827117,0.415129032753,0.11232020094)
  );
#1607 = CARTESIAN_POINT('',(7.21658426706,0.436250716189,0.127762293493)
  );
#1608 = CARTESIAN_POINT('',(7.255268464048,0.476876316252,0.162116067233
    ));
#1609 = CARTESIAN_POINT('',(7.276790113731,0.496060833961,0.181218816695
    ));
#1610 = CARTESIAN_POINT('',(7.299496730588,0.513062294684,0.20136661322)
  );
#1611 = CARTESIAN_POINT('',(7.323209213453,0.527801529591,0.222407606058
    ));
#1612 = CARTESIAN_POINT('',(7.358253645933,0.545631168994,0.253519977705
    ));
#1613 = CARTESIAN_POINT('',(7.368925956947,0.550568331855,0.262996833645
    ));
#1614 = CARTESIAN_POINT('',(7.379732944959,0.555089301994,0.272596104101
    ));
#1615 = CARTESIAN_POINT('',(7.390660069581,0.559196866903,0.282305809409
    ));
#1616 = CARTESIAN_POINT('',(7.419883536572,0.568995575411,0.308285877057
    ));
#1617 = CARTESIAN_POINT('',(7.438362173286,0.573985394905,0.324726301182
    ));
#1618 = CARTESIAN_POINT('',(7.45706615618,0.577888856185,0.341384289315)
  );
#1619 = CARTESIAN_POINT('',(7.475938761224,0.580745050046,0.358214379664
    ));
#1620 = CARTESIAN_POINT('',(7.494931643876,0.582599204795,0.375178428735
    ));
#1621 = PCURVE('',#107,#1622);
#1622 = DEFINITIONAL_REPRESENTATION('',(#1623),#1682);
#1623 = B_SPLINE_CURVE_WITH_KNOTS('',5,(#1624,#1625,#1626,#1627,#1628,
    #1629,#1630,#1631,#1632,#1633,#1634,#1635,#1636,#1637,#1638,#1639,
    #1640,#1641,#1642,#1643,#1644,#1645,#1646,#1647,#1648,#1649,#1650,
    #1651,#1652,#1653,#1654,#1655,#1656,#1657,#1658,#1659,#1660,#1661,
    #1662,#1663,#1664,#1665,#1666,#1667,#1668,#1669,#1670,#1671,#1672,
    #1673,#1674,#1675,#1676,#1677,#1678,#1679,#1680,#1681),
  .UNSPECIFIED.,.F.,.F.,(6,4,4,4,4,4,4,4,4,4,4,4,4,4,6),(0.,
    6.762764437063E-02,0.108763492797,0.204619724393,0.292448117769,
    0.341079840435,0.392327178917,0.500328649831,0.607505643534,
    0.658752508174,0.707383063204,0.795218814009,0.891063157941,
    0.932191548203,1.),.UNSPECIFIED.);
#1624 = CARTESIAN_POINT('',(-4.86754183552,-0.844021272475));
#1625 = CARTESIAN_POINT('',(-4.867491865528,-0.846271851333));
#1626 = CARTESIAN_POINT('',(-4.867308160391,-0.848511826104));
#1627 = CARTESIAN_POINT('',(-4.866982588776,-0.850736053935));
#1628 = CARTESIAN_POINT('',(-4.866507530501,-0.852938295255));
#1629 = CARTESIAN_POINT('',(-4.865494116463,-0.856433139447));
#1630 = CARTESIAN_POINT('',(-4.865053461045,-0.857744142071));
#1631 = CARTESIAN_POINT('',(-4.864554158937,-0.859042718104));
#1632 = CARTESIAN_POINT('',(-4.86399527508,-0.860327151856));
#1633 = CARTESIAN_POINT('',(-4.861933668131,-0.864551526735));
#1634 = CARTESIAN_POINT('',(-4.860164222434,-0.867421233782));
#1635 = CARTESIAN_POINT('',(-4.858061018593,-0.870181098784));
#1636 = CARTESIAN_POINT('',(-4.855628739016,-0.872808291665));
#1637 = CARTESIAN_POINT('',(-4.850375122979,-0.877549214666));
#1638 = CARTESIAN_POINT('',(-4.84760302914,-0.879687880367));
#1639 = CARTESIAN_POINT('',(-4.844585609858,-0.881682831462));
#1640 = CARTESIAN_POINT('',(-4.841345114746,-0.883522690596));
#1641 = CARTESIAN_POINT('',(-4.836005179285,-0.886127473318));
#1642 = CARTESIAN_POINT('',(-4.834041836122,-0.887005709584));
#1643 = CARTESIAN_POINT('',(-4.832022661942,-0.887832546122));
#1644 = CARTESIAN_POINT('',(-4.829952297388,-0.88860693111));
#1645 = CARTESIAN_POINT('',(-4.82560497651,-0.890088062835));
#1646 = CARTESIAN_POINT('',(-4.823322878154,-0.890788921173));
#1647 = CARTESIAN_POINT('',(-4.820994871599,-0.891429796156));
#1648 = CARTESIAN_POINT('',(-4.818626578013,-0.892010045444));
#1649 = CARTESIAN_POINT('',(-4.811159535449,-0.893623501232));
#1650 = CARTESIAN_POINT('',(-4.805941813466,-0.894446593093));
#1651 = CARTESIAN_POINT('',(-4.800622196231,-0.894994817574));
#1652 = CARTESIAN_POINT('',(-4.795252852212,-0.895267273068));
#1653 = CARTESIAN_POINT('',(-4.784555560559,-0.89526058399));
#1654 = CARTESIAN_POINT('',(-4.779228114387,-0.894985634714));
#1655 = CARTESIAN_POINT('',(-4.773950184042,-0.894439122684));
#1656 = CARTESIAN_POINT('',(-4.768772746674,-0.893621941685));
#1657 = CARTESIAN_POINT('',(-4.761342990278,-0.892019305359));
#1658 = CARTESIAN_POINT('',(-4.758974212155,-0.891439854057));
#1659 = CARTESIAN_POINT('',(-4.756645665052,-0.890799772871));
#1660 = CARTESIAN_POINT('',(-4.754362970038,-0.890099702544));
#1661 = CARTESIAN_POINT('',(-4.750014408872,-0.888620102074));
#1662 = CARTESIAN_POINT('',(-4.747943404918,-0.887846462684));
#1663 = CARTESIAN_POINT('',(-4.745923539879,-0.887020364526));
#1664 = CARTESIAN_POINT('',(-4.743959455246,-0.886142857324));
#1665 = CARTESIAN_POINT('',(-4.73861693118,-0.883539906871));
#1666 = CARTESIAN_POINT('',(-4.735374520848,-0.881701089489));
#1667 = CARTESIAN_POINT('',(-4.732355086826,-0.879707094848));
#1668 = CARTESIAN_POINT('',(-4.729580907863,-0.877569288379));
#1669 = CARTESIAN_POINT('',(-4.724323426117,-0.872830456753));
#1670 = CARTESIAN_POINT('',(-4.721889230259,-0.870204539873));
#1671 = CARTESIAN_POINT('',(-4.7197839724,-0.867445867759));
#1672 = CARTESIAN_POINT('',(-4.718012384845,-0.864577255557));
#1673 = CARTESIAN_POINT('',(-4.71594769239,-0.860354373054));
#1674 = CARTESIAN_POINT('',(-4.715387892199,-0.859070421459));
#1675 = CARTESIAN_POINT('',(-4.714887662797,-0.857772310234));
#1676 = CARTESIAN_POINT('',(-4.71444607259,-0.856461754879));
#1677 = CARTESIAN_POINT('',(-4.71342837197,-0.852961844421));
#1678 = CARTESIAN_POINT('',(-4.712950841325,-0.850753892649));
#1679 = CARTESIAN_POINT('',(-4.712623638732,-0.848523802894));
#1680 = CARTESIAN_POINT('',(-4.712439083965,-0.846277867969));
#1681 = CARTESIAN_POINT('',(-4.712388980385,-0.844021272475));
#1682 = ( GEOMETRIC_REPRESENTATION_CONTEXT(2) 
PARAMETRIC_REPRESENTATION_CONTEXT() REPRESENTATION_CONTEXT('2D SPACE',''
  ) );
#1683 = PCURVE('',#1684,#1693);
#1684 = B_SPLINE_SURFACE_WITH_KNOTS('',1,3,(
    (#1685,#1686,#1687,#1688)
    ,(#1689,#1690,#1691,#1692
    )),.UNSPECIFIED.,.F.,.F.,.F.,(2,2),(4,4),(0.,1.),(0.,1.),
  .PIECEWISE_BEZIER_KNOTS.);
#1685 = CARTESIAN_POINT('',(9.110157191085,-0.708154601973,
    -1.446944832201));
#1686 = CARTESIAN_POINT('',(8.42884439174,-0.641667996651,
    -2.052873367937));
#1687 = CARTESIAN_POINT('',(8.42884439174,0.641667996651,-2.052873367937
    ));
#1688 = CARTESIAN_POINT('',(9.110157191085,0.708154601973,
    -1.446944832201));
#1689 = CARTESIAN_POINT('',(3.434409831191,-0.266965001372,
    4.955821212164));
#1690 = CARTESIAN_POINT('',(3.177563837526,-0.241900422774,
    4.727394097628));
#1691 = CARTESIAN_POINT('',(3.177563837526,0.241900422774,4.727394097628
    ));
#1692 = CARTESIAN_POINT('',(3.434409831191,0.266965001372,4.955821212164
    ));
#1693 = DEFINITIONAL_REPRESENTATION('',(#1694),#1753);
#1694 = B_SPLINE_CURVE_WITH_KNOTS('',5,(#1695,#1696,#1697,#1698,#1699,
    #1700,#1701,#1702,#1703,#1704,#1705,#1706,#1707,#1708,#1709,#1710,
    #1711,#1712,#1713,#1714,#1715,#1716,#1717,#1718,#1719,#1720,#1721,
    #1722,#1723,#1724,#1725,#1726,#1727,#1728,#1729,#1730,#1731,#1732,
    #1733,#1734,#1735,#1736,#1737,#1738,#1739,#1740,#1741,#1742,#1743,
    #1744,#1745,#1746,#1747,#1748,#1749,#1750,#1751,#1752),
  .UNSPECIFIED.,.F.,.F.,(6,4,4,4,4,4,4,4,4,4,4,4,4,4,6),(0.,
    6.762764437063E-02,0.108763492797,0.204619724393,0.292448117769,
    0.341079840435,0.392327178917,0.500328649831,0.607505643534,
    0.658752508174,0.707383063204,0.795218814009,0.891063157941,
    0.932191548203,1.),.UNSPECIFIED.);
#1695 = CARTESIAN_POINT('',(0.284583764003,0.));
#1696 = CARTESIAN_POINT('',(0.284577436635,1.128611296439E-02));
#1697 = CARTESIAN_POINT('',(0.284573453755,2.28114771413E-02));
#1698 = CARTESIAN_POINT('',(0.284571395006,3.457605063043E-02));
#1699 = CARTESIAN_POINT('',(0.284570828464,4.657619994623E-02));
#1700 = CARTESIAN_POINT('',(0.284571677356,6.623994777741E-02));
#1701 = CARTESIAN_POINT('',(0.28457240357,7.37608686506E-02));
#1702 = CARTESIAN_POINT('',(0.284573444612,8.136356754923E-02));
#1703 = CARTESIAN_POINT('',(0.284574717245,8.904534557305E-02));
#1704 = CARTESIAN_POINT('',(0.28457947306,0.114879658709));
#1705 = CARTESIAN_POINT('',(0.284583647947,0.133370021554));
#1706 = CARTESIAN_POINT('',(0.284587706794,0.152225291856));
#1707 = CARTESIAN_POINT('',(0.284590998674,0.171392073705));
#1708 = CARTESIAN_POINT('',(0.284595394638,0.208587994441));
#1709 = CARTESIAN_POINT('',(0.284596658401,0.226580756051));
#1710 = CARTESIAN_POINT('',(0.28459689554,0.244731134038));
#1711 = CARTESIAN_POINT('',(0.284596200335,0.262998584892));
#1712 = CARTESIAN_POINT('',(0.284594010507,0.291506702537));
#1713 = CARTESIAN_POINT('',(0.284593010503,0.301691631685));
#1714 = CARTESIAN_POINT('',(0.284591829416,0.311896187394));
#1715 = CARTESIAN_POINT('',(0.284590511622,0.322115813954));
#1716 = CARTESIAN_POINT('',(0.284587627566,0.343128391179));
#1717 = CARTESIAN_POINT('',(0.28458605077,0.35392260305));
#1718 = CARTESIAN_POINT('',(0.284584435485,0.364725565799));
#1719 = CARTESIAN_POINT('',(0.284582836969,0.375534316678));
#1720 = CARTESIAN_POINT('',(0.284578083368,0.40913413922));
#1721 = CARTESIAN_POINT('',(0.284575162078,0.431937144314));
#1722 = CARTESIAN_POINT('',(0.28457302094,0.454741842952));
#1723 = CARTESIAN_POINT('',(0.284571961223,0.477543878731));
#1724 = CARTESIAN_POINT('',(0.284571987268,0.522975975127));
#1725 = CARTESIAN_POINT('',(0.284573056744,0.545603981944));
#1726 = CARTESIAN_POINT('',(0.284575187686,0.568234562785));
#1727 = CARTESIAN_POINT('',(0.284578084917,0.590863424306));
#1728 = CARTESIAN_POINT('',(0.284582811127,0.624289341515));
#1729 = CARTESIAN_POINT('',(0.284584409223,0.635098060011));
#1730 = CARTESIAN_POINT('',(0.284586024631,0.645901015485));
#1731 = CARTESIAN_POINT('',(0.284587602114,0.656695252461));
#1732 = CARTESIAN_POINT('',(0.284590488576,0.677707806867));
#1733 = CARTESIAN_POINT('',(0.284591808036,0.687927381666));
#1734 = CARTESIAN_POINT('',(0.284592991287,0.698131929861));
#1735 = CARTESIAN_POINT('',(0.28459399392,0.708316903259));
#1736 = CARTESIAN_POINT('',(0.284596192374,0.736827289393));
#1737 = CARTESIAN_POINT('',(0.284596894308,0.755097079059));
#1738 = CARTESIAN_POINT('',(0.284596664541,0.77325000767));
#1739 = CARTESIAN_POINT('',(0.284595407932,0.791245549033));
#1740 = CARTESIAN_POINT('',(0.284591024981,0.828443720894));
#1741 = CARTESIAN_POINT('',(0.284587739157,0.847610118327));
#1742 = CARTESIAN_POINT('',(0.28458368405,0.86646540244));
#1743 = CARTESIAN_POINT('',(0.284579508856,0.884956161275));
#1744 = CARTESIAN_POINT('',(0.284574745004,0.910791071071));
#1745 = CARTESIAN_POINT('',(0.284573469008,0.918472787044));
#1746 = CARTESIAN_POINT('',(0.284572423476,0.926075490208));
#1747 = CARTESIAN_POINT('',(0.284571691539,0.933596477399));
#1748 = CARTESIAN_POINT('',(0.284570822469,0.953295463861));
#1749 = CARTESIAN_POINT('',(0.284571378537,0.965329588581));
#1750 = CARTESIAN_POINT('',(0.284573432475,0.977126896385));
#1751 = CARTESIAN_POINT('',(0.28457741972,0.988683715049));
#1752 = CARTESIAN_POINT('',(0.284583764003,1.));
#1753 = ( GEOMETRIC_REPRESENTATION_CONTEXT(2) 
PARAMETRIC_REPRESENTATION_CONTEXT() REPRESENTATION_CONTEXT('2D SPACE',''
  ) );
#1754 = ORIENTED_EDGE('',*,*,#1755,.T.);
#1755 = EDGE_CURVE('',#1559,#1756,#1758,.T.);
#1756 = VERTEX_POINT('',#1757);
#1757 = CARTESIAN_POINT('',(8.569076679499,1.340496248851,1.56558078759)
  );
#1758 = SURFACE_CURVE('',#1759,(#1777,#1798),.PCURVE_S1.);
#1759 = B_SPLINE_CURVE_WITH_KNOTS('',6,(#1760,#1761,#1762,#1763,#1764,
    #1765,#1766,#1767,#1768,#1769,#1770,#1771,#1772,#1773,#1774,#1775,
    #1776),.UNSPECIFIED.,.F.,.F.,(7,5,5,7),(0.,0.313908526164,
    0.858662625787,1.),.UNSPECIFIED.);
#1760 = CARTESIAN_POINT('',(7.494931643876,0.582599204795,0.375178428735
    ));
#1761 = CARTESIAN_POINT('',(7.563690344387,0.597940178789,0.437186830781
    ));
#1762 = CARTESIAN_POINT('',(7.63101239996,0.617787991557,0.499482410477)
  );
#1763 = CARTESIAN_POINT('',(7.696764592813,0.641846144156,0.561920219079
    ));
#1764 = CARTESIAN_POINT('',(7.760868695792,0.669755733016,0.624398714765
    ));
#1765 = CARTESIAN_POINT('',(7.823291752885,0.701135362167,0.686854814007
    ));
#1766 = CARTESIAN_POINT('',(7.989452017025,0.795467224769,0.857554520258
    ));
#1767 = CARTESIAN_POINT('',(8.089784505615,0.864650259129,0.965664285796
    ));
#1768 = CARTESIAN_POINT('',(8.185124487589,0.941287396315,1.073507166686
    ));
#1769 = CARTESIAN_POINT('',(8.275740124455,1.02357982462,1.181175906356)
  );
#1770 = CARTESIAN_POINT('',(8.362016568963,1.110015338407,1.288866805867
    ));
#1771 = CARTESIAN_POINT('',(8.465851592708,1.22240761523,1.42496082756)
  );
#1772 = CARTESIAN_POINT('',(8.486982470279,1.245747805023,1.453019334339
    ));
#1773 = CARTESIAN_POINT('',(8.507861901495,1.269250726336,1.481105387293
    ));
#1774 = CARTESIAN_POINT('',(8.528498255172,1.292892325567,1.509224087329
    ));
#1775 = CARTESIAN_POINT('',(8.548900194992,1.316648730211,1.537380726415
    ));
#1776 = CARTESIAN_POINT('',(8.569076679499,1.340496248851,1.56558078759)
  );
#1777 = PCURVE('',#107,#1778);
#1778 = DEFINITIONAL_REPRESENTATION('',(#1779),#1797);
#1779 = B_SPLINE_CURVE_WITH_KNOTS('',6,(#1780,#1781,#1782,#1783,#1784,
    #1785,#1786,#1787,#1788,#1789,#1790,#1791,#1792,#1793,#1794,#1795,
    #1796),.UNSPECIFIED.,.F.,.F.,(7,5,5,7),(0.,0.313908526164,
    0.858662625787,1.),.UNSPECIFIED.);
#1780 = CARTESIAN_POINT('',(-4.712388980385,-0.844021272475));
#1781 = CARTESIAN_POINT('',(-4.711063263691,-0.83577277708));
#1782 = CARTESIAN_POINT('',(-4.709154515106,-0.827577916618));
#1783 = CARTESIAN_POINT('',(-4.706724329326,-0.819452676852));
#1784 = CARTESIAN_POINT('',(-4.70383664665,-0.811406291891));
#1785 = CARTESIAN_POINT('',(-4.700553312475,-0.803442636088));
#1786 = CARTESIAN_POINT('',(-4.690641141884,-0.78188496279));
#1787 = CARTESIAN_POINT('',(-4.683329595589,-0.768460855593));
#1788 = CARTESIAN_POINT('',(-4.675283057097,-0.755279000123));
#1789 = CARTESIAN_POINT('',(-4.666741424449,-0.742309818045));
#1790 = CARTESIAN_POINT('',(-4.65789181516,-0.729515813157));
#1791 = CARTESIAN_POINT('',(-4.646557106225,-0.713559553387));
#1792 = CARTESIAN_POINT('',(-4.644212187936,-0.710281150522));
#1793 = CARTESIAN_POINT('',(-4.64186017548,-0.707010642466));
#1794 = CARTESIAN_POINT('',(-4.639503835225,-0.703747274561));
#1795 = CARTESIAN_POINT('',(-4.637145867632,-0.700490288188));
#1796 = CARTESIAN_POINT('',(-4.634788907253,-0.697238920763));
#1797 = ( GEOMETRIC_REPRESENTATION_CONTEXT(2) 
PARAMETRIC_REPRESENTATION_CONTEXT() REPRESENTATION_CONTEXT('2D SPACE',''
  ) );
#1798 = PCURVE('',#1799,#1808);
#1799 = B_SPLINE_SURFACE_WITH_KNOTS('',1,3,(
    (#1800,#1801,#1802,#1803)
    ,(#1804,#1805,#1806,#1807
    )),.UNSPECIFIED.,.F.,.F.,.F.,(2,2),(4,4),(0.,1.),(0.,1.),
  .PIECEWISE_BEZIER_KNOTS.);
#1800 = CARTESIAN_POINT('',(9.110157191085,0.708154601973,
    -1.446944832201));
#1801 = CARTESIAN_POINT('',(9.644594420179,0.827378235869,
    -0.965203855702));
#1802 = CARTESIAN_POINT('',(10.071985851031,1.222483078848,
    -0.481716056663));
#1803 = CARTESIAN_POINT('',(10.415790195563,1.629385312816,
    -1.7763568394E-15));
#1804 = CARTESIAN_POINT('',(3.434409831191,0.266965001372,4.955821212164
    ));
#1805 = CARTESIAN_POINT('',(3.635885660341,0.311910748386,5.137431244908
    ));
#1806 = CARTESIAN_POINT('',(3.797006626872,0.460860094551,5.31969980685)
  );
#1807 = CARTESIAN_POINT('',(3.926616357649,0.614256902461,5.501300445142
    ));
#1808 = DEFINITIONAL_REPRESENTATION('',(#1809),#1827);
#1809 = B_SPLINE_CURVE_WITH_KNOTS('',6,(#1810,#1811,#1812,#1813,#1814,
    #1815,#1816,#1817,#1818,#1819,#1820,#1821,#1822,#1823,#1824,#1825,
    #1826),.UNSPECIFIED.,.F.,.F.,(7,5,5,7),(0.,0.313908526164,
    0.858662625787,1.),.UNSPECIFIED.);
#1810 = CARTESIAN_POINT('',(0.284583764003,0.));
#1811 = CARTESIAN_POINT('',(0.284586316756,5.21386042234E-02));
#1812 = CARTESIAN_POINT('',(0.284588892036,0.104495213326));
#1813 = CARTESIAN_POINT('',(0.284589889891,0.156959847817));
#1814 = CARTESIAN_POINT('',(0.284589163556,0.209451329115));
#1815 = CARTESIAN_POINT('',(0.28458734336,0.261916872944));
#1816 = CARTESIAN_POINT('',(0.284581372758,0.405291883318));
#1817 = CARTESIAN_POINT('',(0.28457648384,0.496074718882));
#1818 = CARTESIAN_POINT('',(0.284574427,0.586611428428));
#1819 = CARTESIAN_POINT('',(0.284579888235,0.676977631378));
#1820 = CARTESIAN_POINT('',(0.284590396923,0.767373229793));
#1821 = CARTESIAN_POINT('',(0.284593694126,0.881724121912));
#1822 = CARTESIAN_POINT('',(0.284593839661,0.905305916708));
#1823 = CARTESIAN_POINT('',(0.284593227561,0.928918307729));
#1824 = CARTESIAN_POINT('',(0.284591577754,0.952567193424));
#1825 = CARTESIAN_POINT('',(0.284588554021,0.976258863717));
#1826 = CARTESIAN_POINT('',(0.284583764003,1.));
#1827 = ( GEOMETRIC_REPRESENTATION_CONTEXT(2) 
PARAMETRIC_REPRESENTATION_CONTEXT() REPRESENTATION_CONTEXT('2D SPACE',''
  ) );
#1828 = ORIENTED_EDGE('',*,*,#1829,.T.);
#1829 = EDGE_CURVE('',#1756,#1830,#1832,.T.);
#1830 = VERTEX_POINT('',#1831);
#1831 = CARTESIAN_POINT('',(8.429780262292,2.040786628189,1.56558078759)
  );
#1832 = SURFACE_CURVE('',#1833,(#1839,#1848),.PCURVE_S1.);
#1833 = B_SPLINE_CURVE_WITH_KNOTS('',4,(#1834,#1835,#1836,#1837,#1838),
  .UNSPECIFIED.,.F.,.F.,(5,5),(0.,1.),.PIECEWISE_BEZIER_KNOTS.);
#1834 = CARTESIAN_POINT('',(8.569076679499,1.340496248851,1.56558078759)
  );
#1835 = CARTESIAN_POINT('',(8.541480884616,1.516903801402,1.565581225341
    ));
#1836 = CARTESIAN_POINT('',(8.509041574247,1.692553603659,1.565580009348
    ));
#1837 = CARTESIAN_POINT('',(8.471793319917,1.86724684752,1.565581225341)
  );
#1838 = CARTESIAN_POINT('',(8.429780262292,2.040786628189,1.56558078759)
  );
#1839 = PCURVE('',#107,#1840);
#1840 = DEFINITIONAL_REPRESENTATION('',(#1841),#1847);
#1841 = B_SPLINE_CURVE_WITH_KNOTS('',4,(#1842,#1843,#1844,#1845,#1846),
  .UNSPECIFIED.,.F.,.F.,(5,5),(0.,1.),.PIECEWISE_BEZIER_KNOTS.);
#1842 = CARTESIAN_POINT('',(-4.634788907253,-0.697238920763));
#1843 = CARTESIAN_POINT('',(-4.614202384051,-0.697238870292));
#1844 = CARTESIAN_POINT('',(-4.593615867104,-0.697239010492));
#1845 = CARTESIAN_POINT('',(-4.573029350153,-0.697238870292));
#1846 = CARTESIAN_POINT('',(-4.552442826953,-0.697238920763));
#1847 = ( GEOMETRIC_REPRESENTATION_CONTEXT(2) 
PARAMETRIC_REPRESENTATION_CONTEXT() REPRESENTATION_CONTEXT('2D SPACE',''
  ) );
#1848 = PCURVE('',#1849,#1858);
#1849 = B_SPLINE_SURFACE_WITH_KNOTS('',1,3,(
    (#1850,#1851,#1852,#1853)
    ,(#1854,#1855,#1856,#1857
    )),.UNSPECIFIED.,.F.,.F.,.F.,(2,2),(4,4),(0.,1.),(0.,1.),
  .PIECEWISE_BEZIER_KNOTS.);
#1850 = CARTESIAN_POINT('',(10.415790195563,1.629385312816,
    -1.7763568394E-15));
#1851 = CARTESIAN_POINT('',(10.371067111776,1.915285430065,
    -1.7763568394E-15));
#1852 = CARTESIAN_POINT('',(10.314564637207,2.199342551869,
    -5.329070518201E-15));
#1853 = CARTESIAN_POINT('',(10.246474140766,2.480594601748,
    -1.7763568394E-15));
#1854 = CARTESIAN_POINT('',(3.926616357649,0.614256902461,5.501300445142
    ));
#1855 = CARTESIAN_POINT('',(3.90975634136,0.722037498649,5.501300445142)
  );
#1856 = CARTESIAN_POINT('',(3.888455649168,0.829123309715,5.501300445142
    ));
#1857 = CARTESIAN_POINT('',(3.862786424644,0.935151645438,5.501300445142
    ));
#1858 = DEFINITIONAL_REPRESENTATION('',(#1859),#1865);
#1859 = B_SPLINE_CURVE_WITH_KNOTS('',4,(#1860,#1861,#1862,#1863,#1864),
  .UNSPECIFIED.,.F.,.F.,(5,5),(0.,1.),.PIECEWISE_BEZIER_KNOTS.);
#1860 = CARTESIAN_POINT('',(0.284583764003,0.));
#1861 = CARTESIAN_POINT('',(0.284583843575,0.249999983278));
#1862 = CARTESIAN_POINT('',(0.284583622538,0.499999999991));
#1863 = CARTESIAN_POINT('',(0.284583843575,0.750000016749));
#1864 = CARTESIAN_POINT('',(0.284583764003,1.));
#1865 = ( GEOMETRIC_REPRESENTATION_CONTEXT(2) 
PARAMETRIC_REPRESENTATION_CONTEXT() REPRESENTATION_CONTEXT('2D SPACE',''
  ) );
#1866 = ORIENTED_EDGE('',*,*,#1867,.T.);
#1867 = EDGE_CURVE('',#1830,#1868,#1870,.T.);
#1868 = VERTEX_POINT('',#1869);
#1869 = CARTESIAN_POINT('',(7.147365006733,2.329934685852,0.375178428735
    ));
#1870 = SURFACE_CURVE('',#1871,(#1884,#1900),.PCURVE_S1.);
#1871 = B_SPLINE_CURVE_WITH_KNOTS('',6,(#1872,#1873,#1874,#1875,#1876,
    #1877,#1878,#1879,#1880,#1881,#1882,#1883),.UNSPECIFIED.,.F.,.F.,(7,
    5,7),(0.,0.73282082875,1.),.UNSPECIFIED.);
#1872 = CARTESIAN_POINT('',(8.429780262292,2.040786628189,1.56558078759)
  );
#1873 = CARTESIAN_POINT('',(8.285791341448,2.11499890848,1.419344553552)
  );
#1874 = CARTESIAN_POINT('',(8.137265523158,2.184562696705,1.274405576312
    ));
#1875 = CARTESIAN_POINT('',(7.984074298147,2.246081869408,1.129729069374
    ));
#1876 = CARTESIAN_POINT('',(7.826579825567,2.296058445036,0.984798914508
    ));
#1877 = CARTESIAN_POINT('',(7.665828396651,2.330125212288,0.83931937889)
  );
#1878 = CARTESIAN_POINT('',(7.444222410237,2.349012002265,0.640399175152
    ));
#1879 = CARTESIAN_POINT('',(7.384814193107,2.35136786051,0.587230016153)
  );
#1880 = CARTESIAN_POINT('',(7.325301074173,2.350826951699,0.534066651206
    ));
#1881 = CARTESIAN_POINT('',(7.265798075445,2.347186875632,0.480955215911
    ));
#1882 = CARTESIAN_POINT('',(7.206437334026,2.340268420963,0.427962557498
    ));
#1883 = CARTESIAN_POINT('',(7.147365006733,2.329934685852,0.375178428735
    ));
#1884 = PCURVE('',#107,#1885);
#1885 = DEFINITIONAL_REPRESENTATION('',(#1886),#1899);
#1886 = B_SPLINE_CURVE_WITH_KNOTS('',6,(#1887,#1888,#1889,#1890,#1891,
    #1892,#1893,#1894,#1895,#1896,#1897,#1898),.UNSPECIFIED.,.F.,.F.,(7,
    5,7),(0.,0.73282082875,1.),.UNSPECIFIED.);
#1887 = CARTESIAN_POINT('',(-4.552442826953,-0.697238920763));
#1888 = CARTESIAN_POINT('',(-4.540220406318,-0.714099441905));
#1889 = CARTESIAN_POINT('',(-4.527981504617,-0.731096057808));
#1890 = CARTESIAN_POINT('',(-4.516074194851,-0.748365764735));
#1891 = CARTESIAN_POINT('',(-4.504897811028,-0.766000014856));
#1892 = CARTESIAN_POINT('',(-4.495024973686,-0.784079286289));
#1893 = CARTESIAN_POINT('',(-4.48432595891,-0.809383913183));
#1894 = CARTESIAN_POINT('',(-4.481738497603,-0.816204336398));
#1895 = CARTESIAN_POINT('',(-4.479457734215,-0.823083214672));
#1896 = CARTESIAN_POINT('',(-4.477522217392,-0.830017151505));
#1897 = CARTESIAN_POINT('',(-4.475971258965,-0.836999810404));
#1898 = CARTESIAN_POINT('',(-4.474842753821,-0.844021272475));
#1899 = ( GEOMETRIC_REPRESENTATION_CONTEXT(2) 
PARAMETRIC_REPRESENTATION_CONTEXT() REPRESENTATION_CONTEXT('2D SPACE',''
  ) );
#1900 = PCURVE('',#1901,#1910);
#1901 = B_SPLINE_SURFACE_WITH_KNOTS('',1,3,(
    (#1902,#1903,#1904,#1905)
    ,(#1906,#1907,#1908,#1909
    )),.UNSPECIFIED.,.F.,.F.,.F.,(2,2),(4,4),(0.,1.),(0.,1.),
  .PIECEWISE_BEZIER_KNOTS.);
#1902 = CARTESIAN_POINT('',(10.246474140766,2.480594601748,
    -1.7763568394E-15));
#1903 = CARTESIAN_POINT('',(9.773125600132,2.724955020816,
    -0.481716056663));
#1904 = CARTESIAN_POINT('',(9.227067327343,2.926428678718,
    -0.965203855702));
#1905 = CARTESIAN_POINT('',(8.687686800532,2.832056680653,
    -1.446944832201));
#1906 = CARTESIAN_POINT('',(3.862786424644,0.935151645438,5.501300445142
    ));
#1907 = CARTESIAN_POINT('',(3.6843402302,1.027272319977,5.31969980685));
#1908 = CARTESIAN_POINT('',(3.478483419924,1.103225247782,5.137431244908
    ));
#1909 = CARTESIAN_POINT('',(3.27514403234,1.067648241684,4.955821212164)
  );
#1910 = DEFINITIONAL_REPRESENTATION('',(#1911),#1924);
#1911 = B_SPLINE_CURVE_WITH_KNOTS('',6,(#1912,#1913,#1914,#1915,#1916,
    #1917,#1918,#1919,#1920,#1921,#1922,#1923),.UNSPECIFIED.,.F.,.F.,(7,
    5,7),(0.,0.73282082875,1.),.UNSPECIFIED.);
#1912 = CARTESIAN_POINT('',(0.284583764003,0.));
#1913 = CARTESIAN_POINT('',(0.284608603459,0.12311371739));
#1914 = CARTESIAN_POINT('',(0.284586033957,0.2447887925));
#1915 = CARTESIAN_POINT('',(0.284570522196,0.366182023532));
#1916 = CARTESIAN_POINT('',(0.284574414159,0.487848503357));
#1917 = CARTESIAN_POINT('',(0.284582841003,0.61001427497));
#1918 = CARTESIAN_POINT('',(0.284588436331,0.777109258839));
#1919 = CARTESIAN_POINT('',(0.284589369445,0.821777083956));
#1920 = CARTESIAN_POINT('',(0.284589345135,0.866445477465));
#1921 = CARTESIAN_POINT('',(0.284588126381,0.911076573556));
#1922 = CARTESIAN_POINT('',(0.284585937012,0.955617453312));
#1923 = CARTESIAN_POINT('',(0.284583764003,1.));
#1924 = ( GEOMETRIC_REPRESENTATION_CONTEXT(2) 
PARAMETRIC_REPRESENTATION_CONTEXT() REPRESENTATION_CONTEXT('2D SPACE',''
  ) );
#1925 = ORIENTED_EDGE('',*,*,#1926,.T.);
#1926 = EDGE_CURVE('',#1868,#1927,#1929,.T.);
#1927 = VERTEX_POINT('',#1928);
#1928 = CARTESIAN_POINT('',(6.701462879964,3.406437647788,0.375178428735
    ));
#1929 = SURFACE_CURVE('',#1930,(#1989,#2051),.PCURVE_S1.);
#1930 = B_SPLINE_CURVE_WITH_KNOTS('',5,(#1931,#1932,#1933,#1934,#1935,
    #1936,#1937,#1938,#1939,#1940,#1941,#1942,#1943,#1944,#1945,#1946,
    #1947,#1948,#1949,#1950,#1951,#1952,#1953,#1954,#1955,#1956,#1957,
    #1958,#1959,#1960,#1961,#1962,#1963,#1964,#1965,#1966,#1967,#1968,
    #1969,#1970,#1971,#1972,#1973,#1974,#1975,#1976,#1977,#1978,#1979,
    #1980,#1981,#1982,#1983,#1984,#1985,#1986,#1987,#1988),
  .UNSPECIFIED.,.F.,.F.,(6,4,4,4,4,4,4,4,4,4,4,4,4,4,6),(0.,
    6.762764427253E-02,0.108763492703,0.204619724304,0.292448118505,
    0.341079841165,0.392327179645,0.500328650559,0.607505630806,
    0.658752495409,0.70738305035,0.795218777956,0.891063119232,
    0.932191507828,1.),.UNSPECIFIED.);
#1931 = CARTESIAN_POINT('',(7.147365006733,2.329934685852,0.375178428735
    ));
#1932 = CARTESIAN_POINT('',(7.129156993715,2.324394251606,0.358259609997
    ));
#1933 = CARTESIAN_POINT('',(7.110678091684,2.31982043444,0.341474038793)
  );
#1934 = CARTESIAN_POINT('',(7.091955435566,2.316273038792,0.324859551315
    ));
#1935 = CARTESIAN_POINT('',(7.073026146024,2.313809431807,0.308461226659
    ));
#1936 = CARTESIAN_POINT('',(7.042329015288,2.311662892869,0.282517899591
    ));
#1937 = CARTESIAN_POINT('',(7.030660524111,2.311268686119,0.27280456071)
  );
#1938 = CARTESIAN_POINT('',(7.018944648578,2.311302429199,0.26320154208)
  );
#1939 = CARTESIAN_POINT('',(7.007193750665,2.311772284638,0.253720825929
    ));
#1940 = CARTESIAN_POINT('',(6.967989460001,2.314809415896,0.222596489877
    ));
#1941 = CARTESIAN_POINT('',(6.940437984161,2.319335412463,0.201546833121
    ));
#1942 = CARTESIAN_POINT('',(6.912949067455,2.326336856271,0.181389746427
    ));
#1943 = CARTESIAN_POINT('',(6.885718506226,2.335809478458,0.162277200782
    ));
#1944 = CARTESIAN_POINT('',(6.834425006894,2.358508756425,0.12790740795)
  );
#1945 = CARTESIAN_POINT('',(6.810283892064,2.371356324369,0.112458735559
    ));
#1946 = CARTESIAN_POINT('',(6.786682326964,2.38612438133,9.809525377E-02
    ));
#1947 = CARTESIAN_POINT('',(6.763753947693,2.4026881267,
    8.488537030185E-02));
#1948 = CARTESIAN_POINT('',(6.729357953285,2.430978617148,
    6.622702851338E-02));
#1949 = CARTESIAN_POINT('',(6.717341798371,2.441565454291,
    5.994556502705E-02));
#1950 = CARTESIAN_POINT('',(6.705586742517,2.452631562263,
    5.403967736225E-02));
#1951 = CARTESIAN_POINT('',(6.694109979388,2.464150534698,
    4.851501373468E-02));
#1952 = CARTESIAN_POINT('',(6.671141944673,2.488681778252,
    3.795915148059E-02));
#1953 = CARTESIAN_POINT('',(6.659683151122,2.501741180241,
    3.297055860189E-02));
#1954 = CARTESIAN_POINT('',(6.648567955496,2.515241261085,
    2.841382557529E-02));
#1955 = CARTESIAN_POINT('',(6.637812226736,2.52915030586,
    2.429183006912E-02));
#1956 = CARTESIAN_POINT('',(6.605550139885,2.57354487222,
    1.283835082798E-02));
#1957 = CARTESIAN_POINT('',(6.585330915967,2.60532766268,
    7.008640144834E-03));
#1958 = CARTESIAN_POINT('',(6.566901743454,2.638496015981,
    3.130233788962E-03));
#1959 = CARTESIAN_POINT('',(6.550375601546,2.672765806235,
    1.202711762332E-03));
#1960 = CARTESIAN_POINT('',(6.521463297806,2.742704450686,
    1.2500344705E-03));
#1961 = CARTESIAN_POINT('',(6.509047850403,2.778357345406,
    3.1951983844E-03));
#1962 = CARTESIAN_POINT('',(6.498725831218,2.814565493763,
    7.061570845538E-03));
#1963 = CARTESIAN_POINT('',(6.490615469014,2.851054420909,
    1.284950024979E-02));
#1964 = CARTESIAN_POINT('',(6.482059540205,2.90497815687,
    2.422605344652E-02));
#1965 = CARTESIAN_POINT('',(6.479822780067,2.922418970064,
    2.834233154724E-02));
#1966 = CARTESIAN_POINT('',(6.478129257195,2.939825109119,
    3.289336117475E-02));
#1967 = CARTESIAN_POINT('',(6.4769901834,2.957162937347,
    3.787627414492E-02));
#1968 = CARTESIAN_POINT('',(6.475870452947,2.990752080279,
    4.842106104673E-02));
#1969 = CARTESIAN_POINT('',(6.47583350006,3.007013724087,
    5.394031424023E-02));
#1970 = CARTESIAN_POINT('',(6.476313451535,3.023152251001,
    5.9840823773E-02));
#1971 = CARTESIAN_POINT('',(6.477316836015,3.039136838475,
    6.611695523354E-02));
#1972 = CARTESIAN_POINT('',(6.481613712499,3.083472101919,
    8.476180093738E-02));
#1973 = CARTESIAN_POINT('',(6.486101331608,3.111405243537,
    9.796391786632E-02));
#1974 = CARTESIAN_POINT('',(6.492334976992,3.138545589177,0.112320178744
    ));
#1975 = CARTESIAN_POINT('',(6.500308563034,3.164710298385,0.127762265738
    ));
#1976 = CARTESIAN_POINT('',(6.520501348167,3.217047256592,0.162116031255
    ));
#1977 = CARTESIAN_POINT('',(6.533043159393,3.243007420199,0.181218778528
    ));
#1978 = CARTESIAN_POINT('',(6.547515157304,3.267404169731,0.201366572979
    ));
#1979 = CARTESIAN_POINT('',(6.563782170654,3.29009582363,0.222407563882)
  );
#1980 = CARTESIAN_POINT('',(6.589335892409,3.319979189416,0.253519932857
    ));
#1981 = CARTESIAN_POINT('',(6.597306450273,3.328624650654,0.262996787935
    ));
#1982 = CARTESIAN_POINT('',(6.605560703537,3.336937138648,0.272596057553
    ));
#1983 = CARTESIAN_POINT('',(6.61408415191,3.344913664334,0.28230576205)
  );
#1984 = CARTESIAN_POINT('',(6.637333317145,3.365149837914,0.3082858379)
  );
#1985 = CARTESIAN_POINT('',(6.652495838056,3.376831306733,0.324726271426
    ));
#1986 = CARTESIAN_POINT('',(6.668282283804,3.387595346573,0.341384269273
    ));
#1987 = CARTESIAN_POINT('',(6.684625288696,3.397456365293,0.358214369563
    ));
#1988 = CARTESIAN_POINT('',(6.701462879964,3.406437647788,0.375178428735
    ));
#1989 = PCURVE('',#107,#1990);
#1990 = DEFINITIONAL_REPRESENTATION('',(#1991),#2050);
#1991 = B_SPLINE_CURVE_WITH_KNOTS('',5,(#1992,#1993,#1994,#1995,#1996,
    #1997,#1998,#1999,#2000,#2001,#2002,#2003,#2004,#2005,#2006,#2007,
    #2008,#2009,#2010,#2011,#2012,#2013,#2014,#2015,#2016,#2017,#2018,
    #2019,#2020,#2021,#2022,#2023,#2024,#2025,#2026,#2027,#2028,#2029,
    #2030,#2031,#2032,#2033,#2034,#2035,#2036,#2037,#2038,#2039,#2040,
    #2041,#2042,#2043,#2044,#2045,#2046,#2047,#2048,#2049),
  .UNSPECIFIED.,.F.,.F.,(6,4,4,4,4,4,4,4,4,4,4,4,4,4,6),(0.,
    6.762764427253E-02,0.108763492703,0.204619724304,0.292448118505,
    0.341079841165,0.392327179645,0.500328650559,0.607505630806,
    0.658752495409,0.70738305035,0.795218777956,0.891063119232,
    0.932191507828,1.),.UNSPECIFIED.);
#1992 = CARTESIAN_POINT('',(-4.474842753821,-0.844021272475));
#1993 = CARTESIAN_POINT('',(-4.47479278383,-0.84627185133));
#1994 = CARTESIAN_POINT('',(-4.474609078692,-0.848511826097));
#1995 = CARTESIAN_POINT('',(-4.474283507079,-0.850736053925));
#1996 = CARTESIAN_POINT('',(-4.473808448805,-0.852938295243));
#1997 = CARTESIAN_POINT('',(-4.472795034769,-0.856433139432));
#1998 = CARTESIAN_POINT('',(-4.472354379352,-0.857744142056));
#1999 = CARTESIAN_POINT('',(-4.471855077244,-0.859042718089));
#2000 = CARTESIAN_POINT('',(-4.471296193388,-0.860327151841));
#2001 = CARTESIAN_POINT('',(-4.46923458644,-0.864551526721));
#2002 = CARTESIAN_POINT('',(-4.467465140744,-0.867421233768));
#2003 = CARTESIAN_POINT('',(-4.465361936905,-0.870181098771));
#2004 = CARTESIAN_POINT('',(-4.462929657329,-0.872808291653));
#2005 = CARTESIAN_POINT('',(-4.45767604127,-0.877549214676));
#2006 = CARTESIAN_POINT('',(-4.454903947403,-0.879687880396));
#2007 = CARTESIAN_POINT('',(-4.45188652809,-0.881682831509));
#2008 = CARTESIAN_POINT('',(-4.448646032942,-0.883522690656));
#2009 = CARTESIAN_POINT('',(-4.443306097438,-0.886127473385));
#2010 = CARTESIAN_POINT('',(-4.441342754272,-0.887005709648));
#2011 = CARTESIAN_POINT('',(-4.439323580089,-0.887832546183));
#2012 = CARTESIAN_POINT('',(-4.437253215532,-0.888606931168));
#2013 = CARTESIAN_POINT('',(-4.432905894649,-0.890088062886));
#2014 = CARTESIAN_POINT('',(-4.430623796291,-0.89078892122));
#2015 = CARTESIAN_POINT('',(-4.428295789733,-0.8914297962));
#2016 = CARTESIAN_POINT('',(-4.425927496145,-0.892010045485));
#2017 = CARTESIAN_POINT('',(-4.418460453575,-0.893623501262));
#2018 = CARTESIAN_POINT('',(-4.413242731589,-0.894446593115));
#2019 = CARTESIAN_POINT('',(-4.407923114352,-0.894994817589));
#2020 = CARTESIAN_POINT('',(-4.402553770332,-0.895267273076));
#2021 = CARTESIAN_POINT('',(-4.391856479348,-0.895260583983));
#2022 = CARTESIAN_POINT('',(-4.386529033846,-0.894985634768));
#2023 = CARTESIAN_POINT('',(-4.381251104153,-0.894439122868));
#2024 = CARTESIAN_POINT('',(-4.3760736674,-0.893621942066));
#2025 = CARTESIAN_POINT('',(-4.36864391153,-0.892019306063));
#2026 = CARTESIAN_POINT('',(-4.366275133371,-0.891439854823));
#2027 = CARTESIAN_POINT('',(-4.363946586226,-0.890799773696));
#2028 = CARTESIAN_POINT('',(-4.361663891167,-0.89009970343));
#2029 = CARTESIAN_POINT('',(-4.357315329907,-0.888620103076));
#2030 = CARTESIAN_POINT('',(-4.355244325904,-0.887846463743));
#2031 = CARTESIAN_POINT('',(-4.353224460812,-0.887020365641));
#2032 = CARTESIAN_POINT('',(-4.351260376123,-0.886142858495));
#2033 = CARTESIAN_POINT('',(-4.34591785279,-0.883539908634));
#2034 = CARTESIAN_POINT('',(-4.342675443136,-0.881701091874));
#2035 = CARTESIAN_POINT('',(-4.339656009657,-0.879707097929));
#2036 = CARTESIAN_POINT('',(-4.336881831087,-0.87756929222));
#2037 = CARTESIAN_POINT('',(-4.331624349189,-0.872830461702));
#2038 = CARTESIAN_POINT('',(-4.329190152902,-0.870204545107));
#2039 = CARTESIAN_POINT('',(-4.327084894584,-0.867445873259));
#2040 = CARTESIAN_POINT('',(-4.325313306552,-0.864577261302));
#2041 = CARTESIAN_POINT('',(-4.323248613408,-0.860354379133));
#2042 = CARTESIAN_POINT('',(-4.322688813012,-0.859070427645));
#2043 = CARTESIAN_POINT('',(-4.322188583403,-0.857772316524));
#2044 = CARTESIAN_POINT('',(-4.321746992987,-0.856461761269));
#2045 = CARTESIAN_POINT('',(-4.320729291408,-0.85296184968));
#2046 = CARTESIAN_POINT('',(-4.32025176021,-0.850753896633));
#2047 = CARTESIAN_POINT('',(-4.319924557253,-0.848523805569));
#2048 = CARTESIAN_POINT('',(-4.319740002296,-0.846277869313));
#2049 = CARTESIAN_POINT('',(-4.319689898686,-0.844021272475));
#2050 = ( GEOMETRIC_REPRESENTATION_CONTEXT(2) 
PARAMETRIC_REPRESENTATION_CONTEXT() REPRESENTATION_CONTEXT('2D SPACE',''
  ) );
#2051 = PCURVE('',#2052,#2061);
#2052 = B_SPLINE_SURFACE_WITH_KNOTS('',1,3,(
    (#2053,#2054,#2055,#2056)
    ,(#2057,#2058,#2059,#2060
    )),.UNSPECIFIED.,.F.,.F.,.F.,(2,2),(4,4),(0.,1.),(0.,1.),
  .PIECEWISE_BEZIER_KNOTS.);
#2053 = CARTESIAN_POINT('',(8.687686800532,2.832056680653,
    -1.446944832201));
#2054 = CARTESIAN_POINT('',(8.032792527648,2.632755173929,
    -2.052873367937));
#2055 = CARTESIAN_POINT('',(7.541681104854,3.818403031476,
    -2.052873367937));
#2056 = CARTESIAN_POINT('',(8.145688733075,4.140555765887,
    -1.446944832201));
#2057 = CARTESIAN_POINT('',(3.27514403234,1.067648241684,4.955821212164)
  );
#2058 = CARTESIAN_POINT('',(3.028257476816,0.992514186397,4.727394097628
    ));
#2059 = CARTESIAN_POINT('',(2.843114908661,1.43948788541,4.727394097628)
  );
#2060 = CARTESIAN_POINT('',(3.070817866247,1.560935243013,4.955821212164
    ));
#2061 = DEFINITIONAL_REPRESENTATION('',(#2062),#2121);
#2062 = B_SPLINE_CURVE_WITH_KNOTS('',5,(#2063,#2064,#2065,#2066,#2067,
    #2068,#2069,#2070,#2071,#2072,#2073,#2074,#2075,#2076,#2077,#2078,
    #2079,#2080,#2081,#2082,#2083,#2084,#2085,#2086,#2087,#2088,#2089,
    #2090,#2091,#2092,#2093,#2094,#2095,#2096,#2097,#2098,#2099,#2100,
    #2101,#2102,#2103,#2104,#2105,#2106,#2107,#2108,#2109,#2110,#2111,
    #2112,#2113,#2114,#2115,#2116,#2117,#2118,#2119,#2120),
  .UNSPECIFIED.,.F.,.F.,(6,4,4,4,4,4,4,4,4,4,4,4,4,4,6),(0.,
    6.762764427253E-02,0.108763492703,0.204619724304,0.292448118505,
    0.341079841165,0.392327179645,0.500328650559,0.607505630806,
    0.658752495409,0.70738305035,0.795218777956,0.891063119232,
    0.932191507828,1.),.UNSPECIFIED.);
#2063 = CARTESIAN_POINT('',(0.284583764003,0.));
#2064 = CARTESIAN_POINT('',(0.284577436635,1.128611294807E-02));
#2065 = CARTESIAN_POINT('',(0.284573453755,2.281147710799E-02));
#2066 = CARTESIAN_POINT('',(0.284571395006,3.457605057941E-02));
#2067 = CARTESIAN_POINT('',(0.284570828464,4.657619987685E-02));
#2068 = CARTESIAN_POINT('',(0.284571677356,6.623994768897E-02));
#2069 = CARTESIAN_POINT('',(0.28457240357,7.376086856212E-02));
#2070 = CARTESIAN_POINT('',(0.284573444612,8.136356746076E-02));
#2071 = CARTESIAN_POINT('',(0.284574717245,8.90453454846E-02));
#2072 = CARTESIAN_POINT('',(0.28457947306,0.11487965862));
#2073 = CARTESIAN_POINT('',(0.284583647947,0.133370021465));
#2074 = CARTESIAN_POINT('',(0.284587706794,0.152225291767));
#2075 = CARTESIAN_POINT('',(0.284590998674,0.171392073616));
#2076 = CARTESIAN_POINT('',(0.284595394638,0.208587994519));
#2077 = CARTESIAN_POINT('',(0.284596658401,0.226580756299));
#2078 = CARTESIAN_POINT('',(0.28459689554,0.244731134459));
#2079 = CARTESIAN_POINT('',(0.284596200335,0.262998585487));
#2080 = CARTESIAN_POINT('',(0.284594010507,0.291506703308));
#2081 = CARTESIAN_POINT('',(0.284593010503,0.301691632456));
#2082 = CARTESIAN_POINT('',(0.284591829416,0.311896188165));
#2083 = CARTESIAN_POINT('',(0.284590511622,0.322115814724));
#2084 = CARTESIAN_POINT('',(0.284587627566,0.34312839195));
#2085 = CARTESIAN_POINT('',(0.28458605077,0.35392260382));
#2086 = CARTESIAN_POINT('',(0.284584435485,0.36472556657));
#2087 = CARTESIAN_POINT('',(0.284582836969,0.375534317448));
#2088 = CARTESIAN_POINT('',(0.284578083368,0.409134139991));
#2089 = CARTESIAN_POINT('',(0.284575162078,0.431937145084));
#2090 = CARTESIAN_POINT('',(0.28457302094,0.454741843723));
#2091 = CARTESIAN_POINT('',(0.284571961223,0.477543879502));
#2092 = CARTESIAN_POINT('',(0.284571987268,0.522975973057));
#2093 = CARTESIAN_POINT('',(0.284573056744,0.545603977034));
#2094 = CARTESIAN_POINT('',(0.284575187686,0.568234555033));
#2095 = CARTESIAN_POINT('',(0.284578084915,0.590863413713));
#2096 = CARTESIAN_POINT('',(0.284582811125,0.624289328087));
#2097 = CARTESIAN_POINT('',(0.284584409221,0.635098046581));
#2098 = CARTESIAN_POINT('',(0.284586024629,0.645901002054));
#2099 = CARTESIAN_POINT('',(0.284587602112,0.656695239033));
#2100 = CARTESIAN_POINT('',(0.284590488575,0.677707793437));
#2101 = CARTESIAN_POINT('',(0.284591808034,0.687927368231));
#2102 = CARTESIAN_POINT('',(0.284592991286,0.698131916426));
#2103 = CARTESIAN_POINT('',(0.284593993918,0.708316889827));
#2104 = CARTESIAN_POINT('',(0.284596192373,0.736827271171));
#2105 = CARTESIAN_POINT('',(0.284596894308,0.755097056094));
#2106 = CARTESIAN_POINT('',(0.284596664542,0.773249980052));
#2107 = CARTESIAN_POINT('',(0.284595407934,0.791245516888));
#2108 = CARTESIAN_POINT('',(0.284591024987,0.828443684221));
#2109 = CARTESIAN_POINT('',(0.284587739165,0.847610081568));
#2110 = CARTESIAN_POINT('',(0.284583684058,0.866465365684));
#2111 = CARTESIAN_POINT('',(0.284579508864,0.884956124607));
#2112 = CARTESIAN_POINT('',(0.28457474501,0.910791034536));
#2113 = CARTESIAN_POINT('',(0.284573469013,0.918472750496));
#2114 = CARTESIAN_POINT('',(0.28457242348,0.92607545366));
#2115 = CARTESIAN_POINT('',(0.284571691542,0.933596440866));
#2116 = CARTESIAN_POINT('',(0.284570822468,0.953295435199));
#2117 = CARTESIAN_POINT('',(0.284571378533,0.965329567507));
#2118 = CARTESIAN_POINT('',(0.28457343247,0.977126882623));
#2119 = CARTESIAN_POINT('',(0.284577419716,0.988683708311));
#2120 = CARTESIAN_POINT('',(0.284583764003,1.));
#2121 = ( GEOMETRIC_REPRESENTATION_CONTEXT(2) 
PARAMETRIC_REPRESENTATION_CONTEXT() REPRESENTATION_CONTEXT('2D SPACE',''
  ) );
#2122 = ORIENTED_EDGE('',*,*,#2123,.T.);
#2123 = EDGE_CURVE('',#1927,#2124,#2126,.T.);
#2124 = VERTEX_POINT('',#2125);
#2125 = CARTESIAN_POINT('',(7.403808851127,4.517700723632,1.56558078759)
  );
#2126 = SURFACE_CURVE('',#2127,(#2145,#2166),.PCURVE_S1.);
#2127 = B_SPLINE_CURVE_WITH_KNOTS('',6,(#2128,#2129,#2130,#2131,#2132,
    #2133,#2134,#2135,#2136,#2137,#2138,#2139,#2140,#2141,#2142,#2143,
    #2144),.UNSPECIFIED.,.F.,.F.,(7,5,5,7),(0.,0.313908525553,
    0.858662636521,1.),.UNSPECIFIED.);
#2128 = CARTESIAN_POINT('',(6.701462879964,3.406437647788,0.375178428735
    ));
#2129 = CARTESIAN_POINT('',(6.759116899353,3.446923675108,0.43718683066)
  );
#2130 = CARTESIAN_POINT('',(6.813718939368,3.491023698297,0.499482410235
    ));
#2131 = CARTESIAN_POINT('',(6.865259388061,3.538412807815,0.561920218715
    ));
#2132 = CARTESIAN_POINT('',(6.913803319416,3.588729483765,0.62439871428)
  );
#2133 = CARTESIAN_POINT('',(6.959466239965,3.6416087505,0.686854813401)
  );
#2134 = CARTESIAN_POINT('',(7.076879067699,3.792346809652,0.857554521788
    ));
#2135 = CARTESIAN_POINT('',(7.143099000552,3.894659182444,0.965664289573
    ));
#2136 = CARTESIAN_POINT('',(7.201853896774,4.001947698882,1.073507172699
    ));
#2137 = CARTESIAN_POINT('',(7.254079880794,4.112653094519,1.181175914602
    ));
#2138 = CARTESIAN_POINT('',(7.300711483454,4.225525665027,1.288866816358
    ));
#2139 = CARTESIAN_POINT('',(7.353631873857,4.369098532747,1.424960838214
    ));
#2140 = CARTESIAN_POINT('',(7.364222354313,4.398748490903,1.453019342871
    ));
#2141 = CARTESIAN_POINT('',(7.37451825402,4.428452569014,1.4811053937));
#2142 = CARTESIAN_POINT('',(7.384536509667,4.458191747061,1.509224091605
    ));
#2143 = CARTESIAN_POINT('',(7.394294261062,4.487947285174,1.537380728557
    ));
#2144 = CARTESIAN_POINT('',(7.403808851127,4.517700723632,1.56558078759)
  );
#2145 = PCURVE('',#107,#2146);
#2146 = DEFINITIONAL_REPRESENTATION('',(#2147),#2165);
#2147 = B_SPLINE_CURVE_WITH_KNOTS('',6,(#2148,#2149,#2150,#2151,#2152,
    #2153,#2154,#2155,#2156,#2157,#2158,#2159,#2160,#2161,#2162,#2163,
    #2164),.UNSPECIFIED.,.F.,.F.,(7,5,5,7),(0.,0.313908525553,
    0.858662636521,1.),.UNSPECIFIED.);
#2148 = CARTESIAN_POINT('',(-4.319689898686,-0.844021272475));
#2149 = CARTESIAN_POINT('',(-4.318364181995,-0.835772777096));
#2150 = CARTESIAN_POINT('',(-4.316455433414,-0.82757791665));
#2151 = CARTESIAN_POINT('',(-4.314025247642,-0.8194526769));
#2152 = CARTESIAN_POINT('',(-4.311137564973,-0.811406291953));
#2153 = CARTESIAN_POINT('',(-4.307854230809,-0.803442636165));
#2154 = CARTESIAN_POINT('',(-4.297942060103,-0.781884962596));
#2155 = CARTESIAN_POINT('',(-4.290630513638,-0.768460855123));
#2156 = CARTESIAN_POINT('',(-4.282583974951,-0.755278999388));
#2157 = CARTESIAN_POINT('',(-4.274042342097,-0.742309817051));
#2158 = CARTESIAN_POINT('',(-4.265192732599,-0.72951581191));
#2159 = CARTESIAN_POINT('',(-4.253858023636,-0.713559552142));
#2160 = CARTESIAN_POINT('',(-4.251513105522,-0.710281149529));
#2161 = CARTESIAN_POINT('',(-4.249161093244,-0.707010641722));
#2162 = CARTESIAN_POINT('',(-4.246804753168,-0.703747274066));
#2163 = CARTESIAN_POINT('',(-4.244446785754,-0.700490287941));
#2164 = CARTESIAN_POINT('',(-4.242089825554,-0.697238920763));
#2165 = ( GEOMETRIC_REPRESENTATION_CONTEXT(2) 
PARAMETRIC_REPRESENTATION_CONTEXT() REPRESENTATION_CONTEXT('2D SPACE',''
  ) );
#2166 = PCURVE('',#2167,#2176);
#2167 = B_SPLINE_SURFACE_WITH_KNOTS('',1,3,(
    (#2168,#2169,#2170,#2171)
    ,(#2172,#2173,#2174,#2175
    )),.UNSPECIFIED.,.F.,.F.,.F.,(2,2),(4,4),(0.,1.),(0.,1.),
  .PIECEWISE_BEZIER_KNOTS.);
#2168 = CARTESIAN_POINT('',(8.145688733075,4.140555765887,
    -1.446944832201));
#2169 = CARTESIAN_POINT('',(8.593819441009,4.455224314248,
    -0.965203855702));
#2170 = CARTESIAN_POINT('',(8.837477558889,4.983809211594,
    -0.481716056663));
#2171 = CARTESIAN_POINT('',(8.999396612458,5.491306083917,
    -1.7763568394E-15));
#2172 = CARTESIAN_POINT('',(3.070817866247,1.560935243013,4.955821212164
    ));
#2173 = CARTESIAN_POINT('',(3.239757268356,1.67956116059,5.137431244908)
  );
#2174 = CARTESIAN_POINT('',(3.331613184554,1.878830737392,5.31969980685)
  );
#2175 = CARTESIAN_POINT('',(3.392654545068,2.070150405214,5.501300445142
    ));
#2176 = DEFINITIONAL_REPRESENTATION('',(#2177),#2195);
#2177 = B_SPLINE_CURVE_WITH_KNOTS('',6,(#2178,#2179,#2180,#2181,#2182,
    #2183,#2184,#2185,#2186,#2187,#2188,#2189,#2190,#2191,#2192,#2193,
    #2194),.UNSPECIFIED.,.F.,.F.,(7,5,5,7),(0.,0.313908525553,
    0.858662636521,1.),.UNSPECIFIED.);
#2178 = CARTESIAN_POINT('',(0.284583764003,0.));
#2179 = CARTESIAN_POINT('',(0.284586316756,5.213860412221E-02));
#2180 = CARTESIAN_POINT('',(0.284588892036,0.104495213123));
#2181 = CARTESIAN_POINT('',(0.284589889891,0.156959847512));
#2182 = CARTESIAN_POINT('',(0.284589163556,0.209451328708));
#2183 = CARTESIAN_POINT('',(0.28458734336,0.261916872435));
#2184 = CARTESIAN_POINT('',(0.284581372758,0.405291884603));
#2185 = CARTESIAN_POINT('',(0.28457648384,0.496074722055));
#2186 = CARTESIAN_POINT('',(0.284574427,0.586611433477));
#2187 = CARTESIAN_POINT('',(0.284579888235,0.676977638299));
#2188 = CARTESIAN_POINT('',(0.284590396924,0.767373238599));
#2189 = CARTESIAN_POINT('',(0.284593694126,0.881724130866));
#2190 = CARTESIAN_POINT('',(0.28459383966,0.905305923881));
#2191 = CARTESIAN_POINT('',(0.284593227561,0.928918313117));
#2192 = CARTESIAN_POINT('',(0.284591577753,0.952567197023));
#2193 = CARTESIAN_POINT('',(0.284588554021,0.97625886552));
#2194 = CARTESIAN_POINT('',(0.284583764003,1.));
#2195 = ( GEOMETRIC_REPRESENTATION_CONTEXT(2) 
PARAMETRIC_REPRESENTATION_CONTEXT() REPRESENTATION_CONTEXT('2D SPACE',''
  ) );
#2196 = ORIENTED_EDGE('',*,*,#2197,.T.);
#2197 = EDGE_CURVE('',#2124,#2198,#2200,.T.);
#2198 = VERTEX_POINT('',#2199);
#2199 = CARTESIAN_POINT('',(7.007126216299,5.111378240864,1.56558078759)
  );
#2200 = SURFACE_CURVE('',#2201,(#2207,#2216),.PCURVE_S1.);
#2201 = B_SPLINE_CURVE_WITH_KNOTS('',4,(#2202,#2203,#2204,#2205,#2206),
  .UNSPECIFIED.,.F.,.F.,(5,5),(0.,1.),.PIECEWISE_BEZIER_KNOTS.);
#2202 = CARTESIAN_POINT('',(7.403808851127,4.517700723632,1.56558078759)
  );
#2203 = CARTESIAN_POINT('',(7.310805413345,4.67011959731,1.565581225341)
  );
#2204 = CARTESIAN_POINT('',(7.213617129224,4.819984867869,1.565580009348
    ));
#2205 = CARTESIAN_POINT('',(7.112352019255,4.967126090523,1.565581225341
    ));
#2206 = CARTESIAN_POINT('',(7.007126216299,5.111378240864,1.56558078759)
  );
#2207 = PCURVE('',#107,#2208);
#2208 = DEFINITIONAL_REPRESENTATION('',(#2209),#2215);
#2209 = B_SPLINE_CURVE_WITH_KNOTS('',4,(#2210,#2211,#2212,#2213,#2214),
  .UNSPECIFIED.,.F.,.F.,(5,5),(0.,1.),.PIECEWISE_BEZIER_KNOTS.);
#2210 = CARTESIAN_POINT('',(-4.242089825554,-0.697238920763));
#2211 = CARTESIAN_POINT('',(-4.221503302352,-0.697238870292));
#2212 = CARTESIAN_POINT('',(-4.200916785405,-0.697239010492));
#2213 = CARTESIAN_POINT('',(-4.180330268454,-0.697238870292));
#2214 = CARTESIAN_POINT('',(-4.159743745254,-0.697238920763));
#2215 = ( GEOMETRIC_REPRESENTATION_CONTEXT(2) 
PARAMETRIC_REPRESENTATION_CONTEXT() REPRESENTATION_CONTEXT('2D SPACE',''
  ) );
#2216 = PCURVE('',#2217,#2226);
#2217 = B_SPLINE_SURFACE_WITH_KNOTS('',1,3,(
    (#2218,#2219,#2220,#2221)
    ,(#2222,#2223,#2224,#2225
    )),.UNSPECIFIED.,.F.,.F.,.F.,(2,2),(4,4),(0.,1.),(0.,1.),
  .PIECEWISE_BEZIER_KNOTS.);
#2218 = CARTESIAN_POINT('',(8.999396612458,5.491306083917,
    -1.7763568394E-15));
#2219 = CARTESIAN_POINT('',(8.848668632535,5.738328567378,
    -1.7763568394E-15));
#2220 = CARTESIAN_POINT('',(8.687763198385,5.979140567371,
    -5.329070518201E-15));
#2221 = CARTESIAN_POINT('',(8.517225282556,6.212926474841,
    -1.7763568394E-15));
#2222 = CARTESIAN_POINT('',(3.392654545068,2.070150405214,5.501300445142
    ));
#2223 = CARTESIAN_POINT('',(3.335832072609,2.16327464313,5.501300445142)
  );
#2224 = CARTESIAN_POINT('',(3.275172833328,2.254057610197,5.501300445142
    ));
#2225 = CARTESIAN_POINT('',(3.210882274733,2.34219183249,5.501300445142)
  );
#2226 = DEFINITIONAL_REPRESENTATION('',(#2227),#2233);
#2227 = B_SPLINE_CURVE_WITH_KNOTS('',4,(#2228,#2229,#2230,#2231,#2232),
  .UNSPECIFIED.,.F.,.F.,(5,5),(0.,1.),.PIECEWISE_BEZIER_KNOTS.);
#2228 = CARTESIAN_POINT('',(0.284583764003,0.));
#2229 = CARTESIAN_POINT('',(0.284583843575,0.249999983278));
#2230 = CARTESIAN_POINT('',(0.284583622538,0.499999999991));
#2231 = CARTESIAN_POINT('',(0.284583843575,0.750000016749));
#2232 = CARTESIAN_POINT('',(0.284583764003,1.));
#2233 = ( GEOMETRIC_REPRESENTATION_CONTEXT(2) 
PARAMETRIC_REPRESENTATION_CONTEXT() REPRESENTATION_CONTEXT('2D SPACE',''
  ) );
#2234 = ORIENTED_EDGE('',*,*,#2235,.T.);
#2235 = EDGE_CURVE('',#2198,#2236,#2238,.T.);
#2236 = VERTEX_POINT('',#2237);
#2237 = CARTESIAN_POINT('',(5.711676838339,4.88775714149,0.375178428735)
  );
#2238 = SURFACE_CURVE('',#2239,(#2252,#2268),.PCURVE_S1.);
#2239 = B_SPLINE_CURVE_WITH_KNOTS('',6,(#2240,#2241,#2242,#2243,#2244,
    #2245,#2246,#2247,#2248,#2249,#2250,#2251),.UNSPECIFIED.,.F.,.F.,(7,
    5,7),(0.,0.732820795383,1.),.UNSPECIFIED.);
#2240 = CARTESIAN_POINT('',(7.007126216299,5.111378240864,1.56558078759)
  );
#2241 = CARTESIAN_POINT('',(6.845697996633,5.124839272621,1.419344560216
    ));
#2242 = CARTESIAN_POINT('',(6.681857131378,5.132269462766,1.274405589506
    ));
#2243 = CARTESIAN_POINT('',(6.51678453349,5.130482024408,1.129729089131)
  );
#2244 = CARTESIAN_POINT('',(6.35215341374,5.116383836711,0.984798940907)
  );
#2245 = CARTESIAN_POINT('',(6.190601678123,5.086340521419,0.839319412023
    ));
#2246 = CARTESIAN_POINT('',(5.978636779414,5.018984706588,0.640399208345
    ));
#2247 = CARTESIAN_POINT('',(5.922849188154,4.99842669415,0.587230042704)
  );
#2248 = CARTESIAN_POINT('',(5.868073225208,4.975152273112,0.5340666711)
  );
#2249 = CARTESIAN_POINT('',(5.814492612328,4.949018467027,0.480955229144
    ));
#2250 = CARTESIAN_POINT('',(5.762298009563,4.919910272834,0.427962564089
    ));
#2251 = CARTESIAN_POINT('',(5.711676838339,4.88775714149,0.375178428735)
  );
#2252 = PCURVE('',#107,#2253);
#2253 = DEFINITIONAL_REPRESENTATION('',(#2254),#2267);
#2254 = B_SPLINE_CURVE_WITH_KNOTS('',6,(#2255,#2256,#2257,#2258,#2259,
    #2260,#2261,#2262,#2263,#2264,#2265,#2266),.UNSPECIFIED.,.F.,.F.,(7,
    5,7),(0.,0.732820795383,1.),.UNSPECIFIED.);
#2255 = CARTESIAN_POINT('',(-4.159743745254,-0.697238920763));
#2256 = CARTESIAN_POINT('',(-4.147521325176,-0.714099441137));
#2257 = CARTESIAN_POINT('',(-4.135282424032,-0.731096056261));
#2258 = CARTESIAN_POINT('',(-4.123375114778,-0.748365762377));
#2259 = CARTESIAN_POINT('',(-4.112198731365,-0.766000011644));
#2260 = CARTESIAN_POINT('',(-4.102325894236,-0.784079282171));
#2261 = CARTESIAN_POINT('',(-4.091626878827,-0.809383908925));
#2262 = CARTESIAN_POINT('',(-4.089039417043,-0.816204332962));
#2263 = CARTESIAN_POINT('',(-4.086758653242,-0.823083212075));
#2264 = CARTESIAN_POINT('',(-4.08482313608,-0.830017149761));
#2265 = CARTESIAN_POINT('',(-4.083272177407,-0.836999809527));
#2266 = CARTESIAN_POINT('',(-4.082143672122,-0.844021272475));
#2267 = ( GEOMETRIC_REPRESENTATION_CONTEXT(2) 
PARAMETRIC_REPRESENTATION_CONTEXT() REPRESENTATION_CONTEXT('2D SPACE',''
  ) );
#2268 = PCURVE('',#2269,#2278);
#2269 = B_SPLINE_SURFACE_WITH_KNOTS('',1,3,(
    (#2270,#2271,#2272,#2273)
    ,(#2274,#2275,#2276,#2277
    )),.UNSPECIFIED.,.F.,.F.,.F.,(2,2),(4,4),(0.,1.),(0.,1.),
  .PIECEWISE_BEZIER_KNOTS.);
#2270 = CARTESIAN_POINT('',(8.517225282556,6.212926474841,
    -1.7763568394E-15));
#2271 = CARTESIAN_POINT('',(7.986395570218,6.25754342034,-0.481716056663
    ));
#2272 = CARTESIAN_POINT('',(7.404802877492,6.234713355113,
    -0.965203855702));
#2273 = CARTESIAN_POINT('',(6.942594848675,5.941113006308,
    -1.446944832201));
#2274 = CARTESIAN_POINT('',(3.210882274733,2.34219183249,5.501300445142)
  );
#2275 = CARTESIAN_POINT('',(3.010766432107,2.359011836036,5.31969980685)
  );
#2276 = CARTESIAN_POINT('',(2.791513611354,2.350405200737,5.137431244908
    ));
#2277 = CARTESIAN_POINT('',(2.617267243819,2.239721718199,4.955821212164
    ));
#2278 = DEFINITIONAL_REPRESENTATION('',(#2279),#2292);
#2279 = B_SPLINE_CURVE_WITH_KNOTS('',6,(#2280,#2281,#2282,#2283,#2284,
    #2285,#2286,#2287,#2288,#2289,#2290,#2291),.UNSPECIFIED.,.F.,.F.,(7,
    5,7),(0.,0.732820795383,1.),.UNSPECIFIED.);
#2280 = CARTESIAN_POINT('',(0.284583764003,0.));
#2281 = CARTESIAN_POINT('',(0.284608603458,0.12311371178));
#2282 = CARTESIAN_POINT('',(0.284586033959,0.244788781423));
#2283 = CARTESIAN_POINT('',(0.284570522198,0.366182006955));
#2284 = CARTESIAN_POINT('',(0.284574414158,0.487848481194));
#2285 = CARTESIAN_POINT('',(0.284582841001,0.610014247147));
#2286 = CARTESIAN_POINT('',(0.284588436331,0.777109230953));
#2287 = CARTESIAN_POINT('',(0.284589369445,0.821777061647));
#2288 = CARTESIAN_POINT('',(0.284589345136,0.866445460748));
#2289 = CARTESIAN_POINT('',(0.284588126381,0.911076562434));
#2290 = CARTESIAN_POINT('',(0.284585937012,0.95561744777));
#2291 = CARTESIAN_POINT('',(0.284583764003,1.));
#2292 = ( GEOMETRIC_REPRESENTATION_CONTEXT(2) 
PARAMETRIC_REPRESENTATION_CONTEXT() REPRESENTATION_CONTEXT('2D SPACE',''
  ) );
#2293 = ORIENTED_EDGE('',*,*,#2294,.T.);
#2294 = EDGE_CURVE('',#2236,#2295,#2297,.T.);
#2295 = VERTEX_POINT('',#2296);
#2296 = CARTESIAN_POINT('',(4.88775714149,5.711676838339,0.375178428735)
  );
#2297 = SURFACE_CURVE('',#2298,(#2357,#2419),.PCURVE_S1.);
#2298 = B_SPLINE_CURVE_WITH_KNOTS('',5,(#2299,#2300,#2301,#2302,#2303,
    #2304,#2305,#2306,#2307,#2308,#2309,#2310,#2311,#2312,#2313,#2314,
    #2315,#2316,#2317,#2318,#2319,#2320,#2321,#2322,#2323,#2324,#2325,
    #2326,#2327,#2328,#2329,#2330,#2331,#2332,#2333,#2334,#2335,#2336,
    #2337,#2338,#2339,#2340,#2341,#2342,#2343,#2344,#2345,#2346,#2347,
    #2348,#2349,#2350,#2351,#2352,#2353,#2354,#2355,#2356),
  .UNSPECIFIED.,.F.,.F.,(6,4,4,4,4,4,4,4,4,4,4,4,4,4,6),(0.,
    6.762764430238E-02,0.108763492732,0.204619724333,0.292448116799,
    0.341079839471,0.392327177957,0.500328648872,0.607505658911,
    0.658752523594,0.707383078733,0.795218858682,0.891063205906,
    0.932191598233,1.),.UNSPECIFIED.);
#2299 = CARTESIAN_POINT('',(5.711676838339,4.88775714149,0.375178428735)
  );
#2300 = CARTESIAN_POINT('',(5.696975060172,4.875670542764,0.35825960999)
  );
#2301 = CARTESIAN_POINT('',(5.681653104848,4.86437331704,0.341474038778)
  );
#2302 = CARTESIAN_POINT('',(5.665713155602,4.853931100496,0.324859551293
    ));
#2303 = CARTESIAN_POINT('',(5.649167553998,4.84441109893,0.308461226631)
  );
#2304 = CARTESIAN_POINT('',(5.621628548083,4.830680672185,0.282517899556
    ));
#2305 = CARTESIAN_POINT('',(5.610999124302,4.825851134384,0.272804560676
    ));
#2306 = CARTESIAN_POINT('',(5.600162153774,4.821398837464,0.263201542047
    ));
#2307 = CARTESIAN_POINT('',(5.589125933811,4.817336053342,0.253720825897
    ));
#2308 = CARTESIAN_POINT('',(5.551743632264,4.805139164238,0.222596489847
    ));
#2309 = CARTESIAN_POINT('',(5.524557363743,4.798777146492,0.201546833092
    ));
#2310 = CARTESIAN_POINT('',(5.49648157968,4.794726084129,0.181389746399)
  );
#2311 = CARTESIAN_POINT('',(5.467698805929,4.793056961254,0.162277200756
    ));
#2312 = CARTESIAN_POINT('',(5.41162315467,4.79439918718,0.127907408252)
  );
#2313 = CARTESIAN_POINT('',(5.384403121934,4.797030387473,0.112458736148
    ));
#2314 = CARTESIAN_POINT('',(5.356946628828,4.801642364926,
    9.809525460086E-02));
#2315 = CARTESIAN_POINT('',(5.329424898121,4.808170959136,
    8.488537132669E-02));
#2316 = CARTESIAN_POINT('',(5.286820841426,4.821145186642,
    6.622702962868E-02));
#2317 = CARTESIAN_POINT('',(5.271667954655,4.826327765311,
    5.994556608836E-02));
#2318 = CARTESIAN_POINT('',(5.256572882952,4.832053050776,
    5.403967836909E-02));
#2319 = CARTESIAN_POINT('',(5.241561616473,4.838303226466,
    4.851501468672E-02));
#2320 = CARTESIAN_POINT('',(5.210954218778,4.852177653791,
    3.795915232046E-02));
#2321 = CARTESIAN_POINT('',(5.195370057151,4.859857877476,
    3.297055938423E-02));
#2322 = CARTESIAN_POINT('',(5.179934698115,4.868076724574,
    2.841382629987E-02));
#2323 = CARTESIAN_POINT('',(5.164674939435,4.876810967092,
    2.429183073579E-02));
#2324 = CARTESIAN_POINT('',(5.1178795926,4.905480031974,
    1.283835131512E-02));
#2325 = CARTESIAN_POINT('',(5.087036718048,4.927105939431,
    7.008640509774E-03));
#2326 = CARTESIAN_POINT('',(5.057317403398,4.950696963064,
    3.13023403163E-03));
#2327 = CARTESIAN_POINT('',(5.02893475809,4.976033840048,
    1.202711882723E-03));
#2328 = CARTESIAN_POINT('',(4.975458904317,5.029584469777,
    1.250034353907E-03));
#2329 = CARTESIAN_POINT('',(4.950344747788,5.057772271626,
    3.195199221272E-03));
#2330 = CARTESIAN_POINT('',(4.926952181374,5.087274181926,
    7.061573703504E-03));
#2331 = CARTESIAN_POINT('',(4.905495471374,5.117881862998,
    1.284950619797E-02));
#2332 = CARTESIAN_POINT('',(4.876955101453,5.164426696903,
    2.422606449731E-02));
#2333 = CARTESIAN_POINT('',(4.868214295389,5.179683936621,
    2.834234355926E-02));
#2334 = CARTESIAN_POINT('',(4.859988644377,5.195117029469,
    3.289337414564E-02));
#2335 = CARTESIAN_POINT('',(4.852301378979,5.210699189775,
    3.787628807075E-02));
#2336 = CARTESIAN_POINT('',(4.83841287679,5.241303009753,
    4.842107683458E-02));
#2337 = CARTESIAN_POINT('',(4.832155676287,5.256312668646,
    5.39403309377E-02));
#2338 = CARTESIAN_POINT('',(4.826423147976,5.27140639305,
    5.984084137466E-02));
#2339 = CARTESIAN_POINT('',(4.821233118813,5.286558205052,
    6.611697373165E-02));
#2340 = CARTESIAN_POINT('',(4.808236542915,5.329163007561,
    8.476182902438E-02));
#2341 = CARTESIAN_POINT('',(4.801693011479,5.356687219305,
    9.79639560465E-02));
#2342 = CARTESIAN_POINT('',(4.797065990283,5.384147158054,0.112320228304
    ));
#2343 = CARTESIAN_POINT('',(4.794419827028,5.411371572079,0.12776232781)
  );
#2344 = CARTESIAN_POINT('',(4.793047055971,5.467452075567,0.162116111815
    ));
#2345 = CARTESIAN_POINT('',(4.794699662409,5.496235682337,0.181218863987
    ));
#2346 = CARTESIAN_POINT('',(4.798733821678,5.52431353269,0.201366663084)
  );
#2347 = CARTESIAN_POINT('',(4.805078870855,5.55150300219,0.222407658319)
  );
#2348 = CARTESIAN_POINT('',(4.817251574472,5.588890615497,0.253520033278
    ));
#2349 = CARTESIAN_POINT('',(4.821306938675,5.599928179953,0.262996890286
    ));
#2350 = CARTESIAN_POINT('',(4.82575182659,5.61076668268,0.272596161779)
  );
#2351 = CARTESIAN_POINT('',(4.830573985551,5.621397813128,0.282305868093
    ));
#2352 = CARTESIAN_POINT('',(4.844309362635,5.648990643138,0.308285925577
    ));
#2353 = CARTESIAN_POINT('',(4.853847391778,5.665585334075,0.324726338054
    ));
#2354 = CARTESIAN_POINT('',(4.864312934523,5.681571198444,0.34138431415)
  );
#2355 = CARTESIAN_POINT('',(4.87563823971,5.696935767701,0.35821439218)
  );
#2356 = CARTESIAN_POINT('',(4.88775714149,5.711676838339,0.375178428735)
  );
#2357 = PCURVE('',#107,#2358);
#2358 = DEFINITIONAL_REPRESENTATION('',(#2359),#2418);
#2359 = B_SPLINE_CURVE_WITH_KNOTS('',5,(#2360,#2361,#2362,#2363,#2364,
    #2365,#2366,#2367,#2368,#2369,#2370,#2371,#2372,#2373,#2374,#2375,
    #2376,#2377,#2378,#2379,#2380,#2381,#2382,#2383,#2384,#2385,#2386,
    #2387,#2388,#2389,#2390,#2391,#2392,#2393,#2394,#2395,#2396,#2397,
    #2398,#2399,#2400,#2401,#2402,#2403,#2404,#2405,#2406,#2407,#2408,
    #2409,#2410,#2411,#2412,#2413,#2414,#2415,#2416,#2417),
  .UNSPECIFIED.,.F.,.F.,(6,4,4,4,4,4,4,4,4,4,4,4,4,4,6),(0.,
    6.762764430238E-02,0.108763492732,0.204619724333,0.292448116799,
    0.341079839471,0.392327177957,0.500328648872,0.607505658911,
    0.658752523594,0.707383078733,0.795218858682,0.891063205906,
    0.932191598233,1.),.UNSPECIFIED.);
#2360 = CARTESIAN_POINT('',(-4.082143672122,-0.844021272475));
#2361 = CARTESIAN_POINT('',(-4.082093702131,-0.846271851331));
#2362 = CARTESIAN_POINT('',(-4.081909996993,-0.848511826099));
#2363 = CARTESIAN_POINT('',(-4.08158442538,-0.850736053928));
#2364 = CARTESIAN_POINT('',(-4.081109367106,-0.852938295247));
#2365 = CARTESIAN_POINT('',(-4.080095953069,-0.856433139436));
#2366 = CARTESIAN_POINT('',(-4.079655297651,-0.85774414206));
#2367 = CARTESIAN_POINT('',(-4.079155995544,-0.859042718094));
#2368 = CARTESIAN_POINT('',(-4.078597111687,-0.860327151846));
#2369 = CARTESIAN_POINT('',(-4.076535504739,-0.864551526725));
#2370 = CARTESIAN_POINT('',(-4.074766059043,-0.867421233772));
#2371 = CARTESIAN_POINT('',(-4.072662855203,-0.870181098775));
#2372 = CARTESIAN_POINT('',(-4.070230575626,-0.872808291657));
#2373 = CARTESIAN_POINT('',(-4.064976959617,-0.877549214635));
#2374 = CARTESIAN_POINT('',(-4.06220486581,-0.879687880315));
#2375 = CARTESIAN_POINT('',(-4.059187446566,-0.881682831393));
#2376 = CARTESIAN_POINT('',(-4.055946951495,-0.883522690514));
#2377 = CARTESIAN_POINT('',(-4.050607016082,-0.886127473229));
#2378 = CARTESIAN_POINT('',(-4.048643672923,-0.887005709499));
#2379 = CARTESIAN_POINT('',(-4.046624498748,-0.887832546042));
#2380 = CARTESIAN_POINT('',(-4.044554134197,-0.888606931034));
#2381 = CARTESIAN_POINT('',(-4.040206813326,-0.890088062768));
#2382 = CARTESIAN_POINT('',(-4.037924714974,-0.89078892111));
#2383 = CARTESIAN_POINT('',(-4.035596708422,-0.891429796098));
#2384 = CARTESIAN_POINT('',(-4.033228414838,-0.892010045391));
#2385 = CARTESIAN_POINT('',(-4.025761372283,-0.893623501193));
#2386 = CARTESIAN_POINT('',(-4.020543650303,-0.894446593064));
#2387 = CARTESIAN_POINT('',(-4.015224033072,-0.894994817555));
#2388 = CARTESIAN_POINT('',(-4.009854689054,-0.895267273059));
#2389 = CARTESIAN_POINT('',(-3.999157396589,-0.895260583999));
#2390 = CARTESIAN_POINT('',(-3.993829949604,-0.89498563465));
#2391 = CARTESIAN_POINT('',(-3.988552018467,-0.894439122464));
#2392 = CARTESIAN_POINT('',(-3.983374580351,-0.893621941226));
#2393 = CARTESIAN_POINT('',(-3.975944823315,-0.892019304508));
#2394 = CARTESIAN_POINT('',(-3.973576045237,-0.891439853133));
#2395 = CARTESIAN_POINT('',(-3.971247498183,-0.890799771873));
#2396 = CARTESIAN_POINT('',(-3.968964803225,-0.890099701474));
#2397 = CARTESIAN_POINT('',(-3.964616242172,-0.888620100863));
#2398 = CARTESIAN_POINT('',(-3.962545238277,-0.887846461404));
#2399 = CARTESIAN_POINT('',(-3.960525373302,-0.887020363178));
#2400 = CARTESIAN_POINT('',(-3.958561288737,-0.88614285591));
#2401 = CARTESIAN_POINT('',(-3.953218763742,-0.883539904719));
#2402 = CARTESIAN_POINT('',(-3.949976352551,-0.881701086561));
#2403 = CARTESIAN_POINT('',(-3.946956917841,-0.87970709105));
#2404 = CARTESIAN_POINT('',(-3.944182738378,-0.877569283629));
#2405 = CARTESIAN_POINT('',(-3.938925256809,-0.87283045062));
#2406 = CARTESIAN_POINT('',(-3.936491061481,-0.870204533387));
#2407 = CARTESIAN_POINT('',(-3.93438580419,-0.867445860943));
#2408 = CARTESIAN_POINT('',(-3.932614217228,-0.864577248438));
#2409 = CARTESIAN_POINT('',(-3.930549525627,-0.860354365522));
#2410 = CARTESIAN_POINT('',(-3.92998972569,-0.859070413794));
#2411 = CARTESIAN_POINT('',(-3.929489496544,-0.85777230244));
#2412 = CARTESIAN_POINT('',(-3.929047906596,-0.856461746962));
#2413 = CARTESIAN_POINT('',(-3.928030207163,-0.852961837905));
#2414 = CARTESIAN_POINT('',(-3.927552677203,-0.850753887713));
#2415 = CARTESIAN_POINT('',(-3.927225475062,-0.84852379958));
#2416 = CARTESIAN_POINT('',(-3.92704092053,-0.846277866304));
#2417 = CARTESIAN_POINT('',(-3.926990816987,-0.844021272475));
#2418 = ( GEOMETRIC_REPRESENTATION_CONTEXT(2) 
PARAMETRIC_REPRESENTATION_CONTEXT() REPRESENTATION_CONTEXT('2D SPACE',''
  ) );
#2419 = PCURVE('',#2420,#2429);
#2420 = B_SPLINE_SURFACE_WITH_KNOTS('',1,3,(
    (#2421,#2422,#2423,#2424)
    ,(#2425,#2426,#2427,#2428
    )),.UNSPECIFIED.,.F.,.F.,.F.,(2,2),(4,4),(0.,1.),(0.,1.),
  .PIECEWISE_BEZIER_KNOTS.);
#2421 = CARTESIAN_POINT('',(6.942594848675,5.941113006308,
    -1.446944832201));
#2422 = CARTESIAN_POINT('',(6.413820818668,5.506365235263,
    -2.052873367937));
#2423 = CARTESIAN_POINT('',(5.506365235263,6.413820818668,
    -2.052873367937));
#2424 = CARTESIAN_POINT('',(5.941113006308,6.942594848675,
    -1.446944832201));
#2425 = CARTESIAN_POINT('',(2.617267243819,2.239721718199,4.955821212164
    ));
#2426 = CARTESIAN_POINT('',(2.417926366483,2.075827507853,4.727394097628
    ));
#2427 = CARTESIAN_POINT('',(2.075827507853,2.417926366483,4.727394097628
    ));
#2428 = CARTESIAN_POINT('',(2.239721718199,2.617267243819,4.955821212164
    ));
#2429 = DEFINITIONAL_REPRESENTATION('',(#2430),#2489);
#2430 = B_SPLINE_CURVE_WITH_KNOTS('',5,(#2431,#2432,#2433,#2434,#2435,
    #2436,#2437,#2438,#2439,#2440,#2441,#2442,#2443,#2444,#2445,#2446,
    #2447,#2448,#2449,#2450,#2451,#2452,#2453,#2454,#2455,#2456,#2457,
    #2458,#2459,#2460,#2461,#2462,#2463,#2464,#2465,#2466,#2467,#2468,
    #2469,#2470,#2471,#2472,#2473,#2474,#2475,#2476,#2477,#2478,#2479,
    #2480,#2481,#2482,#2483,#2484,#2485,#2486,#2487,#2488),
  .UNSPECIFIED.,.F.,.F.,(6,4,4,4,4,4,4,4,4,4,4,4,4,4,6),(0.,
    6.762764430238E-02,0.108763492732,0.204619724333,0.292448116799,
    0.341079839471,0.392327177957,0.500328648872,0.607505658911,
    0.658752523594,0.707383078733,0.795218858682,0.891063205906,
    0.932191598233,1.),.UNSPECIFIED.);
#2431 = CARTESIAN_POINT('',(0.284583764003,0.));
#2432 = CARTESIAN_POINT('',(0.284577436635,1.128611295294E-02));
#2433 = CARTESIAN_POINT('',(0.284573453755,2.281147711791E-02));
#2434 = CARTESIAN_POINT('',(0.284571395006,3.457605059462E-02));
#2435 = CARTESIAN_POINT('',(0.284570828464,4.657619989752E-02));
#2436 = CARTESIAN_POINT('',(0.284571677356,6.623994771532E-02));
#2437 = CARTESIAN_POINT('',(0.28457240357,7.376086858849E-02));
#2438 = CARTESIAN_POINT('',(0.284573444612,8.136356748712E-02));
#2439 = CARTESIAN_POINT('',(0.284574717245,8.904534551096E-02));
#2440 = CARTESIAN_POINT('',(0.28457947306,0.114879658646));
#2441 = CARTESIAN_POINT('',(0.284583647947,0.133370021491));
#2442 = CARTESIAN_POINT('',(0.284587706794,0.152225291793));
#2443 = CARTESIAN_POINT('',(0.284590998674,0.171392073643));
#2444 = CARTESIAN_POINT('',(0.284595394638,0.208587994194));
#2445 = CARTESIAN_POINT('',(0.284596658401,0.226580755615));
#2446 = CARTESIAN_POINT('',(0.28459689554,0.24473113341));
#2447 = CARTESIAN_POINT('',(0.284596200335,0.26299858407));
#2448 = CARTESIAN_POINT('',(0.284594010507,0.291506701521));
#2449 = CARTESIAN_POINT('',(0.284593010503,0.301691630669));
#2450 = CARTESIAN_POINT('',(0.284591829416,0.311896186378));
#2451 = CARTESIAN_POINT('',(0.284590511622,0.322115812938));
#2452 = CARTESIAN_POINT('',(0.284587627566,0.343128390164));
#2453 = CARTESIAN_POINT('',(0.28458605077,0.353922602034));
#2454 = CARTESIAN_POINT('',(0.284584435485,0.364725564783));
#2455 = CARTESIAN_POINT('',(0.284582836969,0.375534315662));
#2456 = CARTESIAN_POINT('',(0.284578083368,0.409134138204));
#2457 = CARTESIAN_POINT('',(0.284575162078,0.431937143298));
#2458 = CARTESIAN_POINT('',(0.28457302094,0.454741841936));
#2459 = CARTESIAN_POINT('',(0.284571961223,0.477543877716));
#2460 = CARTESIAN_POINT('',(0.284571987268,0.522975977561));
#2461 = CARTESIAN_POINT('',(0.284573056745,0.545603987826));
#2462 = CARTESIAN_POINT('',(0.284575187687,0.568234572117));
#2463 = CARTESIAN_POINT('',(0.284578084918,0.590863437086));
#2464 = CARTESIAN_POINT('',(0.284582811129,0.624289357736));
#2465 = CARTESIAN_POINT('',(0.284584409225,0.635098076236));
#2466 = CARTESIAN_POINT('',(0.284586024633,0.64590103171));
#2467 = CARTESIAN_POINT('',(0.284587602116,0.656695268684));
#2468 = CARTESIAN_POINT('',(0.284590488579,0.677707823092));
#2469 = CARTESIAN_POINT('',(0.284591808038,0.687927397896));
#2470 = CARTESIAN_POINT('',(0.284592991289,0.698131946092));
#2471 = CARTESIAN_POINT('',(0.284593993921,0.708316919485));
#2472 = CARTESIAN_POINT('',(0.284596192375,0.736827311641));
#2473 = CARTESIAN_POINT('',(0.284596894309,0.755097107269));
#2474 = CARTESIAN_POINT('',(0.28459666454,0.773250041729));
#2475 = CARTESIAN_POINT('',(0.284595407929,0.791245588785));
#2476 = CARTESIAN_POINT('',(0.284591024973,0.828443766337));
#2477 = CARTESIAN_POINT('',(0.284587739148,0.847610163876));
#2478 = CARTESIAN_POINT('',(0.28458368404,0.866465447986));
#2479 = CARTESIAN_POINT('',(0.284579508846,0.884956206711));
#2480 = CARTESIAN_POINT('',(0.284574744996,0.910791116342));
#2481 = CARTESIAN_POINT('',(0.284573469001,0.918472832332));
#2482 = CARTESIAN_POINT('',(0.28457242347,0.926075535494));
#2483 = CARTESIAN_POINT('',(0.284571691535,0.933596522667));
#2484 = CARTESIAN_POINT('',(0.284570822471,0.953295499376));
#2485 = CARTESIAN_POINT('',(0.284571378541,0.965329614694));
#2486 = CARTESIAN_POINT('',(0.284573432481,0.977126913439));
#2487 = CARTESIAN_POINT('',(0.284577419725,0.988683723398));
#2488 = CARTESIAN_POINT('',(0.284583764003,1.));
#2489 = ( GEOMETRIC_REPRESENTATION_CONTEXT(2) 
PARAMETRIC_REPRESENTATION_CONTEXT() REPRESENTATION_CONTEXT('2D SPACE',''
  ) );
#2490 = ORIENTED_EDGE('',*,*,#2491,.T.);
#2491 = EDGE_CURVE('',#2295,#2492,#2494,.T.);
#2492 = VERTEX_POINT('',#2493);
#2493 = CARTESIAN_POINT('',(5.111378240864,7.007126216299,1.56558078759)
  );
#2494 = SURFACE_CURVE('',#2495,(#2513,#2534),.PCURVE_S1.);
#2495 = B_SPLINE_CURVE_WITH_KNOTS('',6,(#2496,#2497,#2498,#2499,#2500,
    #2501,#2502,#2503,#2504,#2505,#2506,#2507,#2508,#2509,#2510,#2511,
    #2512),.UNSPECIFIED.,.F.,.F.,(7,5,5,7),(0.,0.313908525901,
    0.858662629871,1.),.UNSPECIFIED.);
#2496 = CARTESIAN_POINT('',(4.88775714149,5.711676838339,0.375178428735)
  );
#2497 = CARTESIAN_POINT('',(4.925529178114,5.771144288428,0.437186830729
    ));
#2498 = CARTESIAN_POINT('',(4.959098537108,5.832782693393,0.499482410373
    ));
#2499 = CARTESIAN_POINT('',(4.988580675689,5.896288197626,0.561920218922
    ));
#2500 = CARTESIAN_POINT('',(5.014174062053,5.961351703029,0.624398714555
    ));
#2501 = CARTESIAN_POINT('',(5.036125080456,6.027680218506,0.686854813746
    ));
#2502 = CARTESIAN_POINT('',(5.086915430545,6.211875968635,0.857554520809
    ));
#2503 = CARTESIAN_POINT('',(5.108941420978,6.331741545405,0.965664287209
    ));
#2504 = CARTESIAN_POINT('',(5.12216632934,6.453347733568,1.073507168956)
  );
#2505 = CARTESIAN_POINT('',(5.128051726442,6.575612199964,1.181175909481
    ));
#2506 = CARTESIAN_POINT('',(5.127939247298,6.697737997837,1.288866809852
    ));
#2507 = CARTESIAN_POINT('',(5.121888355394,6.85063378837,1.424960831614)
  );
#2508 = CARTESIAN_POINT('',(5.120326135752,6.882079580753,1.453019337585
    ));
#2509 = CARTESIAN_POINT('',(5.118471048144,6.913462642277,1.481105389731
    ));
#2510 = CARTESIAN_POINT('',(5.11634601868,6.944771882127,1.509224088956)
  );
#2511 = CARTESIAN_POINT('',(5.113974053919,6.975996546038,1.53738072723)
  );
#2512 = CARTESIAN_POINT('',(5.111378240864,7.007126216299,1.56558078759)
  );
#2513 = PCURVE('',#107,#2514);
#2514 = DEFINITIONAL_REPRESENTATION('',(#2515),#2533);
#2515 = B_SPLINE_CURVE_WITH_KNOTS('',6,(#2516,#2517,#2518,#2519,#2520,
    #2521,#2522,#2523,#2524,#2525,#2526,#2527,#2528,#2529,#2530,#2531,
    #2532),.UNSPECIFIED.,.F.,.F.,(7,5,5,7),(0.,0.313908525901,
    0.858662629871,1.),.UNSPECIFIED.);
#2516 = CARTESIAN_POINT('',(-3.926990816987,-0.844021272475));
#2517 = CARTESIAN_POINT('',(-3.925665100295,-0.835772777087));
#2518 = CARTESIAN_POINT('',(-3.923756351711,-0.827577916632));
#2519 = CARTESIAN_POINT('',(-3.921326165935,-0.819452676873));
#2520 = CARTESIAN_POINT('',(-3.918438483262,-0.811406291918));
#2521 = CARTESIAN_POINT('',(-3.915155149092,-0.803442636121));
#2522 = CARTESIAN_POINT('',(-3.905242978457,-0.78188496272));
#2523 = CARTESIAN_POINT('',(-3.897931432098,-0.768460855417));
#2524 = CARTESIAN_POINT('',(-3.889884893531,-0.755278999846));
#2525 = CARTESIAN_POINT('',(-3.881343260804,-0.742309817668));
#2526 = CARTESIAN_POINT('',(-3.872493651435,-0.729515812683));
#2527 = CARTESIAN_POINT('',(-3.861158942489,-0.713559552913));
#2528 = CARTESIAN_POINT('',(-3.858814024266,-0.710281150144));
#2529 = CARTESIAN_POINT('',(-3.856462011878,-0.707010642183));
#2530 = CARTESIAN_POINT('',(-3.854105671692,-0.703747274373));
#2531 = CARTESIAN_POINT('',(-3.851747704166,-0.700490288094));
#2532 = CARTESIAN_POINT('',(-3.849390743855,-0.697238920763));
#2533 = ( GEOMETRIC_REPRESENTATION_CONTEXT(2) 
PARAMETRIC_REPRESENTATION_CONTEXT() REPRESENTATION_CONTEXT('2D SPACE',''
  ) );
#2534 = PCURVE('',#2535,#2544);
#2535 = B_SPLINE_SURFACE_WITH_KNOTS('',1,3,(
    (#2536,#2537,#2538,#2539)
    ,(#2540,#2541,#2542,#2543
    )),.UNSPECIFIED.,.F.,.F.,.F.,(2,2),(4,4),(0.,1.),(0.,1.),
  .PIECEWISE_BEZIER_KNOTS.);
#2536 = CARTESIAN_POINT('',(5.941113006308,6.942594848675,
    -1.446944832201));
#2537 = CARTESIAN_POINT('',(6.234713355113,7.404802877492,
    -0.965203855702));
#2538 = CARTESIAN_POINT('',(6.25754342034,7.986395570218,-0.481716056663
    ));
#2539 = CARTESIAN_POINT('',(6.212926474841,8.517225282556,0.));
#2540 = CARTESIAN_POINT('',(2.239721718199,2.617267243819,4.955821212164
    ));
#2541 = CARTESIAN_POINT('',(2.350405200737,2.791513611354,5.137431244908
    ));
#2542 = CARTESIAN_POINT('',(2.359011836036,3.010766432107,5.31969980685)
  );
#2543 = CARTESIAN_POINT('',(2.34219183249,3.210882274733,5.501300445142)
  );
#2544 = DEFINITIONAL_REPRESENTATION('',(#2545),#2563);
#2545 = B_SPLINE_CURVE_WITH_KNOTS('',6,(#2546,#2547,#2548,#2549,#2550,
    #2551,#2552,#2553,#2554,#2555,#2556,#2557,#2558,#2559,#2560,#2561,
    #2562),.UNSPECIFIED.,.F.,.F.,(7,5,5,7),(0.,0.313908525901,
    0.858662629871,1.),.UNSPECIFIED.);
#2546 = CARTESIAN_POINT('',(0.284583764003,0.));
#2547 = CARTESIAN_POINT('',(0.284586316756,5.213860417974E-02));
#2548 = CARTESIAN_POINT('',(0.284588892036,0.104495213239));
#2549 = CARTESIAN_POINT('',(0.284589889891,0.156959847686));
#2550 = CARTESIAN_POINT('',(0.284589163556,0.20945132894));
#2551 = CARTESIAN_POINT('',(0.28458734336,0.261916872724));
#2552 = CARTESIAN_POINT('',(0.284581372758,0.405291883781));
#2553 = CARTESIAN_POINT('',(0.28457648384,0.496074720069));
#2554 = CARTESIAN_POINT('',(0.284574427,0.586611430334));
#2555 = CARTESIAN_POINT('',(0.284579888235,0.676977634001));
#2556 = CARTESIAN_POINT('',(0.284590396924,0.767373233138));
#2557 = CARTESIAN_POINT('',(0.284593694126,0.881724125319));
#2558 = CARTESIAN_POINT('',(0.284593839661,0.905305919437));
#2559 = CARTESIAN_POINT('',(0.284593227561,0.928918309779));
#2560 = CARTESIAN_POINT('',(0.284591577754,0.952567194793));
#2561 = CARTESIAN_POINT('',(0.284588554021,0.976258864403));
#2562 = CARTESIAN_POINT('',(0.284583764003,1.));
#2563 = ( GEOMETRIC_REPRESENTATION_CONTEXT(2) 
PARAMETRIC_REPRESENTATION_CONTEXT() REPRESENTATION_CONTEXT('2D SPACE',''
  ) );
#2564 = ORIENTED_EDGE('',*,*,#2565,.T.);
#2565 = EDGE_CURVE('',#2492,#2566,#2568,.T.);
#2566 = VERTEX_POINT('',#2567);
#2567 = CARTESIAN_POINT('',(4.517700723632,7.403808851127,1.56558078759)
  );
#2568 = SURFACE_CURVE('',#2569,(#2575,#2584),.PCURVE_S1.);
#2569 = B_SPLINE_CURVE_WITH_KNOTS('',4,(#2570,#2571,#2572,#2573,#2574),
  .UNSPECIFIED.,.F.,.F.,(5,5),(0.,1.),.PIECEWISE_BEZIER_KNOTS.);
#2570 = CARTESIAN_POINT('',(5.111378240864,7.007126216299,1.56558078759)
  );
#2571 = CARTESIAN_POINT('',(4.967126090508,7.112352019266,1.565581225341
    ));
#2572 = CARTESIAN_POINT('',(4.819984867879,7.213617129217,1.565580009348
    ));
#2573 = CARTESIAN_POINT('',(4.670119597294,7.310805413354,1.565581225341
    ));
#2574 = CARTESIAN_POINT('',(4.517700723632,7.403808851127,1.56558078759)
  );
#2575 = PCURVE('',#107,#2576);
#2576 = DEFINITIONAL_REPRESENTATION('',(#2577),#2583);
#2577 = B_SPLINE_CURVE_WITH_KNOTS('',4,(#2578,#2579,#2580,#2581,#2582),
  .UNSPECIFIED.,.F.,.F.,(5,5),(0.,1.),.PIECEWISE_BEZIER_KNOTS.);
#2578 = CARTESIAN_POINT('',(-3.849390743855,-0.697238920763));
#2579 = CARTESIAN_POINT('',(-3.828804220653,-0.697238870292));
#2580 = CARTESIAN_POINT('',(-3.808217703706,-0.697239010492));
#2581 = CARTESIAN_POINT('',(-3.787631186755,-0.697238870292));
#2582 = CARTESIAN_POINT('',(-3.767044663555,-0.697238920763));
#2583 = ( GEOMETRIC_REPRESENTATION_CONTEXT(2) 
PARAMETRIC_REPRESENTATION_CONTEXT() REPRESENTATION_CONTEXT('2D SPACE',''
  ) );
#2584 = PCURVE('',#2585,#2594);
#2585 = B_SPLINE_SURFACE_WITH_KNOTS('',1,3,(
    (#2586,#2587,#2588,#2589)
    ,(#2590,#2591,#2592,#2593
    )),.UNSPECIFIED.,.F.,.F.,.F.,(2,2),(4,4),(0.,1.),(0.,1.),
  .PIECEWISE_BEZIER_KNOTS.);
#2586 = CARTESIAN_POINT('',(6.212926474841,8.517225282556,0.));
#2587 = CARTESIAN_POINT('',(5.979140567371,8.687763198385,0.));
#2588 = CARTESIAN_POINT('',(5.738328567378,8.848668632535,
    -3.552713678801E-15));
#2589 = CARTESIAN_POINT('',(5.491306083917,8.999396612458,0.));
#2590 = CARTESIAN_POINT('',(2.34219183249,3.210882274733,5.501300445142)
  );
#2591 = CARTESIAN_POINT('',(2.254057610197,3.275172833328,5.501300445142
    ));
#2592 = CARTESIAN_POINT('',(2.16327464313,3.335832072609,5.501300445142)
  );
#2593 = CARTESIAN_POINT('',(2.070150405214,3.392654545068,5.501300445142
    ));
#2594 = DEFINITIONAL_REPRESENTATION('',(#2595),#2601);
#2595 = B_SPLINE_CURVE_WITH_KNOTS('',4,(#2596,#2597,#2598,#2599,#2600),
  .UNSPECIFIED.,.F.,.F.,(5,5),(0.,1.),.PIECEWISE_BEZIER_KNOTS.);
#2596 = CARTESIAN_POINT('',(0.284583764003,0.));
#2597 = CARTESIAN_POINT('',(0.284583843575,0.249999983278));
#2598 = CARTESIAN_POINT('',(0.284583622538,0.499999999991));
#2599 = CARTESIAN_POINT('',(0.284583843575,0.750000016749));
#2600 = CARTESIAN_POINT('',(0.284583764003,1.));
#2601 = ( GEOMETRIC_REPRESENTATION_CONTEXT(2) 
PARAMETRIC_REPRESENTATION_CONTEXT() REPRESENTATION_CONTEXT('2D SPACE',''
  ) );
#2602 = ORIENTED_EDGE('',*,*,#2603,.T.);
#2603 = EDGE_CURVE('',#2566,#2604,#2606,.T.);
#2604 = VERTEX_POINT('',#2605);
#2605 = CARTESIAN_POINT('',(3.406437647788,6.701462879964,0.375178428735
    ));
#2606 = SURFACE_CURVE('',#2607,(#2620,#2636),.PCURVE_S1.);
#2607 = B_SPLINE_CURVE_WITH_KNOTS('',6,(#2608,#2609,#2610,#2611,#2612,
    #2613,#2614,#2615,#2616,#2617,#2618,#2619),.UNSPECIFIED.,.F.,.F.,(7,
    5,7),(0.,0.7328207864,1.),.UNSPECIFIED.);
#2608 = CARTESIAN_POINT('',(4.517700723632,7.403808851127,1.56558078759)
  );
#2609 = CARTESIAN_POINT('',(4.363409183569,7.354469318276,1.41934456201)
  );
#2610 = CARTESIAN_POINT('',(4.20919655279,7.29863473496,1.274405593057)
  );
#2611 = CARTESIAN_POINT('',(4.05737338307,7.23381280991,1.129729094449)
  );
#2612 = CARTESIAN_POINT('',(3.91066920559,7.157786182215,0.984798948014)
  );
#2613 = CARTESIAN_POINT('',(3.772911943879,7.068206607204,0.839319420942
    ));
#2614 = CARTESIAN_POINT('',(3.602857865654,6.924862494794,0.64039921728)
  );
#2615 = CARTESIAN_POINT('',(3.55918406095,6.884520379896,0.587230049851)
  );
#2616 = CARTESIAN_POINT('',(3.517484403617,6.842055763949,0.534066676455
    ));
#2617 = CARTESIAN_POINT('',(3.47798334516,6.797406861204,0.480955232706)
  );
#2618 = CARTESIAN_POINT('',(3.440901042287,6.750540385123,0.427962565863
    ));
#2619 = CARTESIAN_POINT('',(3.406437647788,6.701462879964,0.375178428735
    ));
#2620 = PCURVE('',#107,#2621);
#2621 = DEFINITIONAL_REPRESENTATION('',(#2622),#2635);
#2622 = B_SPLINE_CURVE_WITH_KNOTS('',6,(#2623,#2624,#2625,#2626,#2627,
    #2628,#2629,#2630,#2631,#2632,#2633,#2634),.UNSPECIFIED.,.F.,.F.,(7,
    5,7),(0.,0.7328207864,1.),.UNSPECIFIED.);
#2623 = CARTESIAN_POINT('',(-3.767044663555,-0.697238920763));
#2624 = CARTESIAN_POINT('',(-3.754822243627,-0.71409944093));
#2625 = CARTESIAN_POINT('',(-3.742583342634,-0.731096055844));
#2626 = CARTESIAN_POINT('',(-3.730676033517,-0.748365761742));
#2627 = CARTESIAN_POINT('',(-3.719499650215,-0.766000010779));
#2628 = CARTESIAN_POINT('',(-3.709626813142,-0.784079281063));
#2629 = CARTESIAN_POINT('',(-3.698927797563,-0.809383907779));
#2630 = CARTESIAN_POINT('',(-3.696340335651,-0.816204332038));
#2631 = CARTESIAN_POINT('',(-3.694059571738,-0.823083211376));
#2632 = CARTESIAN_POINT('',(-3.692124054486,-0.830017149292));
#2633 = CARTESIAN_POINT('',(-3.690573095746,-0.836999809291));
#2634 = CARTESIAN_POINT('',(-3.689444590424,-0.844021272475));
#2635 = ( GEOMETRIC_REPRESENTATION_CONTEXT(2) 
PARAMETRIC_REPRESENTATION_CONTEXT() REPRESENTATION_CONTEXT('2D SPACE',''
  ) );
#2636 = PCURVE('',#2637,#2646);
#2637 = B_SPLINE_SURFACE_WITH_KNOTS('',1,3,(
    (#2638,#2639,#2640,#2641)
    ,(#2642,#2643,#2644,#2645
    )),.UNSPECIFIED.,.F.,.F.,.F.,(2,2),(4,4),(0.,1.),(0.,1.),
  .PIECEWISE_BEZIER_KNOTS.);
#2638 = CARTESIAN_POINT('',(5.491306083917,8.999396612458,0.));
#2639 = CARTESIAN_POINT('',(4.983809211594,8.837477558889,
    -0.481716056663));
#2640 = CARTESIAN_POINT('',(4.455224314248,8.593819441009,
    -0.965203855702));
#2641 = CARTESIAN_POINT('',(4.140555765887,8.145688733075,
    -1.446944832201));
#2642 = CARTESIAN_POINT('',(2.070150405214,3.392654545068,5.501300445142
    ));
#2643 = CARTESIAN_POINT('',(1.878830737392,3.331613184554,5.31969980685)
  );
#2644 = CARTESIAN_POINT('',(1.67956116059,3.239757268356,5.137431244908)
  );
#2645 = CARTESIAN_POINT('',(1.560935243013,3.070817866247,4.955821212164
    ));
#2646 = DEFINITIONAL_REPRESENTATION('',(#2647),#2660);
#2647 = B_SPLINE_CURVE_WITH_KNOTS('',6,(#2648,#2649,#2650,#2651,#2652,
    #2653,#2654,#2655,#2656,#2657,#2658,#2659),.UNSPECIFIED.,.F.,.F.,(7,
    5,7),(0.,0.7328207864,1.),.UNSPECIFIED.);
#2648 = CARTESIAN_POINT('',(0.284583764003,0.));
#2649 = CARTESIAN_POINT('',(0.284608603458,0.12311371027));
#2650 = CARTESIAN_POINT('',(0.284586033959,0.244788778442));
#2651 = CARTESIAN_POINT('',(0.284570522199,0.366182002493));
#2652 = CARTESIAN_POINT('',(0.284574414158,0.487848475228));
#2653 = CARTESIAN_POINT('',(0.284582841,0.610014239657));
#2654 = CARTESIAN_POINT('',(0.28458843633,0.777109223447));
#2655 = CARTESIAN_POINT('',(0.284589369445,0.821777055642));
#2656 = CARTESIAN_POINT('',(0.284589345136,0.866445456248));
#2657 = CARTESIAN_POINT('',(0.284588126382,0.91107655944));
#2658 = CARTESIAN_POINT('',(0.284585937012,0.955617446278));
#2659 = CARTESIAN_POINT('',(0.284583764003,1.));
#2660 = ( GEOMETRIC_REPRESENTATION_CONTEXT(2) 
PARAMETRIC_REPRESENTATION_CONTEXT() REPRESENTATION_CONTEXT('2D SPACE',''
  ) );
#2661 = ORIENTED_EDGE('',*,*,#2662,.T.);
#2662 = EDGE_CURVE('',#2604,#2663,#2665,.T.);
#2663 = VERTEX_POINT('',#2664);
#2664 = CARTESIAN_POINT('',(2.329934685852,7.147365006733,0.375178428735
    ));
#2665 = SURFACE_CURVE('',#2666,(#2725,#2787),.PCURVE_S1.);
#2666 = B_SPLINE_CURVE_WITH_KNOTS('',5,(#2667,#2668,#2669,#2670,#2671,
    #2672,#2673,#2674,#2675,#2676,#2677,#2678,#2679,#2680,#2681,#2682,
    #2683,#2684,#2685,#2686,#2687,#2688,#2689,#2690,#2691,#2692,#2693,
    #2694,#2695,#2696,#2697,#2698,#2699,#2700,#2701,#2702,#2703,#2704,
    #2705,#2706,#2707,#2708,#2709,#2710,#2711,#2712,#2713,#2714,#2715,
    #2716,#2717,#2718,#2719,#2720,#2721,#2722,#2723,#2724),
  .UNSPECIFIED.,.F.,.F.,(6,4,4,4,4,4,4,4,4,4,4,4,4,4,6),(0.,
    6.762764427265E-02,0.108763492703,0.204619724304,0.292448118757,
    0.341079841415,0.392327179894,0.500328650808,0.607505629676,
    0.658752494275,0.707383049208,0.795218774418,0.891063115433,
    0.932191503866,1.),.UNSPECIFIED.);
#2667 = CARTESIAN_POINT('',(3.406437647788,6.701462879964,0.375178428735
    ));
#2668 = CARTESIAN_POINT('',(3.397480316938,6.684670191861,0.358259609997
    ));
#2669 = CARTESIAN_POINT('',(3.387647937137,6.668369457792,0.341474038793
    ));
#2670 = CARTESIAN_POINT('',(3.376917407552,6.652622153171,0.324859551315
    ));
#2671 = CARTESIAN_POINT('',(3.365274411759,6.637495090967,0.308461226659
    ));
#2672 = CARTESIAN_POINT('',(3.345086094692,6.614271109422,0.28251789959)
  );
#2673 = CARTESIAN_POINT('',(3.33711397172,6.605741493918,0.272804560709)
  );
#2674 = CARTESIAN_POINT('',(3.328805736723,6.597480978842,0.263201542079
    ));
#2675 = CARTESIAN_POINT('',(3.320164359157,6.58950407721,0.253720825929)
  );
#2676 = CARTESIAN_POINT('',(3.290295163268,6.563930033537,0.222596489877
    ));
#2677 = CARTESIAN_POINT('',(3.267612965006,6.547648561003,0.201546833121
    ));
#2678 = CARTESIAN_POINT('',(3.243224597201,6.533161729987,0.181389746427
    ));
#2679 = CARTESIAN_POINT('',(3.217271527317,6.520604970871,0.162277200782
    ));
#2680 = CARTESIAN_POINT('',(3.164950732658,6.500385803014,0.127907407903
    ));
#2681 = CARTESIAN_POINT('',(3.138795784163,6.492400059409,0.112458735471
    ));
#2682 = CARTESIAN_POINT('',(3.111664364129,6.486153825895,
    9.809525364635E-02));
#2683 = CARTESIAN_POINT('',(3.083739214904,6.481653350105,
    8.488537015025E-02));
#2684 = CARTESIAN_POINT('',(3.039413176282,6.477336106875,
    6.622702834898E-02));
#2685 = CARTESIAN_POINT('',(3.02343044732,6.476325426598,
    5.994556487062E-02));
#2686 = CARTESIAN_POINT('',(3.007293447622,6.47583826689,
    5.403967721385E-02));
#2687 = CARTESIAN_POINT('',(2.991033007065,6.475868113387,
    4.851501359435E-02));
#2688 = CARTESIAN_POINT('',(2.957445945296,6.476973468979,
    3.79591513568E-02));
#2689 = CARTESIAN_POINT('',(2.940108962966,6.478105270069,
    3.297055848658E-02));
#2690 = CARTESIAN_POINT('',(2.922703334052,6.479791638591,
    2.84138254685E-02));
#2691 = CARTESIAN_POINT('',(2.905262705429,6.482021369738,
    2.429182997087E-02));
#2692 = CARTESIAN_POINT('',(2.851058266121,6.490600328304,
    1.283835075619E-02));
#2693 = CARTESIAN_POINT('',(2.814287289121,6.498777004642,
    7.008640091074E-03));
#2694 = CARTESIAN_POINT('',(2.777802328729,6.509199179346,
    3.130233753211E-03));
#2695 = CARTESIAN_POINT('',(2.741884180647,6.521745833434,
    1.202711744615E-03));
#2696 = CARTESIAN_POINT('',(2.671986005318,6.550755837009,
    1.250034488384E-03));
#2697 = CARTESIAN_POINT('',(2.637996555079,6.567187193365,
    3.195198370387E-03));
#2698 = CARTESIAN_POINT('',(2.605094758487,6.585491450574,
    7.061570750187E-03));
#2699 = CARTESIAN_POINT('',(2.573558298918,6.605558125975,
    1.284950002357E-02));
#2700 = CARTESIAN_POINT('',(2.529378504556,6.637638009677,
    2.422605300202E-02));
#2701 = CARTESIAN_POINT('',(2.515464358981,6.648388898662,
    2.834233106408E-02));
#2702 = CARTESIAN_POINT('',(2.501958858478,6.659499396083,
    3.289336065301E-02));
#2703 = CARTESIAN_POINT('',(2.488893715722,6.670953645159,
    3.787627358478E-02));
#2704 = CARTESIAN_POINT('',(2.464350835906,6.693912986846,
    4.842106041167E-02));
#2705 = CARTESIAN_POINT('',(2.45282598762,6.705385575791,
    5.394031356859E-02));
#2706 = CARTESIAN_POINT('',(2.441753702701,6.717136614524,
    5.984082306498E-02));
#2707 = CARTESIAN_POINT('',(2.43116039243,6.729148924666,
    6.611695448946E-02));
#2708 = CARTESIAN_POINT('',(2.402848977869,6.763537039923,
    8.476179976786E-02));
#2709 = CARTESIAN_POINT('',(2.38627049023,6.786461979001,
    9.796391624311E-02));
#2710 = CARTESIAN_POINT('',(2.371487220916,6.810060953657,0.112320176608
    ));
#2711 = CARTESIAN_POINT('',(2.358624154461,6.834200372997,0.127762263037
    ));
#2712 = CARTESIAN_POINT('',(2.335894791362,6.885486645479,0.162116027724
    ));
#2713 = CARTESIAN_POINT('',(2.326406583059,6.91271165285,0.181218774783)
  );
#2714 = CARTESIAN_POINT('',(2.319388723527,6.940196007643,0.20136656903)
  );
#2715 = CARTESIAN_POINT('',(2.314845816258,6.967743945364,0.222407559743
    ));
#2716 = CARTESIAN_POINT('',(2.311784295069,7.006943885798,0.253519928456
    ));
#2717 = CARTESIAN_POINT('',(2.311307066155,7.018693185546,0.262996783449
    ));
#2718 = CARTESIAN_POINT('',(2.31126588782,7.030407640601,0.272596052985)
  );
#2719 = CARTESIAN_POINT('',(2.311652620396,7.04207488412,0.282305757403)
  );
#2720 = CARTESIAN_POINT('',(2.313783126875,7.07282366321,0.308285834058)
  );
#2721 = CARTESIAN_POINT('',(2.316244602369,7.091805231528,0.324726268506
    ));
#2722 = CARTESIAN_POINT('',(2.319795979731,7.110579261056,0.341384267306
    ));
#2723 = CARTESIAN_POINT('',(2.324379436319,7.129108304946,0.358214368572
    ));
#2724 = CARTESIAN_POINT('',(2.329934685852,7.147365006733,0.375178428735
    ));
#2725 = PCURVE('',#107,#2726);
#2726 = DEFINITIONAL_REPRESENTATION('',(#2727),#2786);
#2727 = B_SPLINE_CURVE_WITH_KNOTS('',5,(#2728,#2729,#2730,#2731,#2732,
    #2733,#2734,#2735,#2736,#2737,#2738,#2739,#2740,#2741,#2742,#2743,
    #2744,#2745,#2746,#2747,#2748,#2749,#2750,#2751,#2752,#2753,#2754,
    #2755,#2756,#2757,#2758,#2759,#2760,#2761,#2762,#2763,#2764,#2765,
    #2766,#2767,#2768,#2769,#2770,#2771,#2772,#2773,#2774,#2775,#2776,
    #2777,#2778,#2779,#2780,#2781,#2782,#2783,#2784,#2785),
  .UNSPECIFIED.,.F.,.F.,(6,4,4,4,4,4,4,4,4,4,4,4,4,4,6),(0.,
    6.762764427265E-02,0.108763492703,0.204619724304,0.292448118757,
    0.341079841415,0.392327179894,0.500328650808,0.607505629676,
    0.658752494275,0.707383049208,0.795218774418,0.891063115433,
    0.932191503866,1.),.UNSPECIFIED.);
#2728 = CARTESIAN_POINT('',(-3.689444590424,-0.844021272475));
#2729 = CARTESIAN_POINT('',(-3.689394620432,-0.84627185133));
#2730 = CARTESIAN_POINT('',(-3.689210915295,-0.848511826097));
#2731 = CARTESIAN_POINT('',(-3.688885343681,-0.850736053925));
#2732 = CARTESIAN_POINT('',(-3.688410285408,-0.852938295243));
#2733 = CARTESIAN_POINT('',(-3.687396871372,-0.856433139432));
#2734 = CARTESIAN_POINT('',(-3.686956215954,-0.857744142056));
#2735 = CARTESIAN_POINT('',(-3.686456913847,-0.859042718089));
#2736 = CARTESIAN_POINT('',(-3.68589802999,-0.860327151841));
#2737 = CARTESIAN_POINT('',(-3.683836423043,-0.864551526721));
#2738 = CARTESIAN_POINT('',(-3.682066977347,-0.867421233768));
#2739 = CARTESIAN_POINT('',(-3.679963773508,-0.870181098771));
#2740 = CARTESIAN_POINT('',(-3.677531493931,-0.872808291653));
#2741 = CARTESIAN_POINT('',(-3.672277877866,-0.877549214683));
#2742 = CARTESIAN_POINT('',(-3.66950578399,-0.879687880409));
#2743 = CARTESIAN_POINT('',(-3.666488364667,-0.881682831526));
#2744 = CARTESIAN_POINT('',(-3.663247869507,-0.883522690677));
#2745 = CARTESIAN_POINT('',(-3.65790793399,-0.886127473408));
#2746 = CARTESIAN_POINT('',(-3.655944590823,-0.88700570967));
#2747 = CARTESIAN_POINT('',(-3.653925416639,-0.887832546204));
#2748 = CARTESIAN_POINT('',(-3.651855052081,-0.888606931187));
#2749 = CARTESIAN_POINT('',(-3.647507731196,-0.890088062903));
#2750 = CARTESIAN_POINT('',(-3.645225632837,-0.890788921236));
#2751 = CARTESIAN_POINT('',(-3.642897626278,-0.891429796215));
#2752 = CARTESIAN_POINT('',(-3.640529332689,-0.892010045499));
#2753 = CARTESIAN_POINT('',(-3.633062290118,-0.893623501272));
#2754 = CARTESIAN_POINT('',(-3.62784456813,-0.894446593123));
#2755 = CARTESIAN_POINT('',(-3.622524950893,-0.894994817594));
#2756 = CARTESIAN_POINT('',(-3.617155606872,-0.895267273078));
#2757 = CARTESIAN_POINT('',(-3.606458315957,-0.89526058398));
#2758 = CARTESIAN_POINT('',(-3.601130870524,-0.89498563477));
#2759 = CARTESIAN_POINT('',(-3.595852940898,-0.894439122881));
#2760 = CARTESIAN_POINT('',(-3.590675504209,-0.893621942098));
#2761 = CARTESIAN_POINT('',(-3.583245748395,-0.892019306126));
#2762 = CARTESIAN_POINT('',(-3.580876970232,-0.891439854891));
#2763 = CARTESIAN_POINT('',(-3.578548423084,-0.89079977377));
#2764 = CARTESIAN_POINT('',(-3.576265728021,-0.890099703508));
#2765 = CARTESIAN_POINT('',(-3.571917166752,-0.888620103165));
#2766 = CARTESIAN_POINT('',(-3.569846162745,-0.887846463837));
#2767 = CARTESIAN_POINT('',(-3.567826297649,-0.88702036574));
#2768 = CARTESIAN_POINT('',(-3.565862212954,-0.886142858599));
#2769 = CARTESIAN_POINT('',(-3.5605196897,-0.883539908797));
#2770 = CARTESIAN_POINT('',(-3.557277280118,-0.881701092099));
#2771 = CARTESIAN_POINT('',(-3.554257846696,-0.879707098226));
#2772 = CARTESIAN_POINT('',(-3.551483668169,-0.877569292594));
#2773 = CARTESIAN_POINT('',(-3.546226186259,-0.872830462188));
#2774 = CARTESIAN_POINT('',(-3.543791989931,-0.87020454562));
#2775 = CARTESIAN_POINT('',(-3.541686731568,-0.867445873799));
#2776 = CARTESIAN_POINT('',(-3.539915143488,-0.864577261866));
#2777 = CARTESIAN_POINT('',(-3.537850450277,-0.860354379729));
#2778 = CARTESIAN_POINT('',(-3.537290649861,-0.859070428253));
#2779 = CARTESIAN_POINT('',(-3.536790420231,-0.857772317141));
#2780 = CARTESIAN_POINT('',(-3.536348829796,-0.856461761896));
#2781 = CARTESIAN_POINT('',(-3.535331128123,-0.852961850196));
#2782 = CARTESIAN_POINT('',(-3.53485359687,-0.850753897024));
#2783 = CARTESIAN_POINT('',(-3.534526393877,-0.848523805832));
#2784 = CARTESIAN_POINT('',(-3.534341838901,-0.846277869445));
#2785 = CARTESIAN_POINT('',(-3.534291735289,-0.844021272475));
#2786 = ( GEOMETRIC_REPRESENTATION_CONTEXT(2) 
PARAMETRIC_REPRESENTATION_CONTEXT() REPRESENTATION_CONTEXT('2D SPACE',''
  ) );
#2787 = PCURVE('',#2788,#2797);
#2788 = B_SPLINE_SURFACE_WITH_KNOTS('',1,3,(
    (#2789,#2790,#2791,#2792)
    ,(#2793,#2794,#2795,#2796
    )),.UNSPECIFIED.,.F.,.F.,.F.,(2,2),(4,4),(0.,1.),(0.,1.),
  .PIECEWISE_BEZIER_KNOTS.);
#2789 = CARTESIAN_POINT('',(4.140555765887,8.145688733075,
    -1.446944832201));
#2790 = CARTESIAN_POINT('',(3.818403031476,7.541681104854,
    -2.052873367937));
#2791 = CARTESIAN_POINT('',(2.632755173929,8.032792527648,
    -2.052873367937));
#2792 = CARTESIAN_POINT('',(2.832056680653,8.687686800532,
    -1.446944832201));
#2793 = CARTESIAN_POINT('',(1.560935243013,3.070817866247,4.955821212164
    ));
#2794 = CARTESIAN_POINT('',(1.43948788541,2.843114908661,4.727394097628)
  );
#2795 = CARTESIAN_POINT('',(0.992514186397,3.028257476816,4.727394097628
    ));
#2796 = CARTESIAN_POINT('',(1.067648241684,3.27514403234,4.955821212164)
  );
#2797 = DEFINITIONAL_REPRESENTATION('',(#2798),#2857);
#2798 = B_SPLINE_CURVE_WITH_KNOTS('',5,(#2799,#2800,#2801,#2802,#2803,
    #2804,#2805,#2806,#2807,#2808,#2809,#2810,#2811,#2812,#2813,#2814,
    #2815,#2816,#2817,#2818,#2819,#2820,#2821,#2822,#2823,#2824,#2825,
    #2826,#2827,#2828,#2829,#2830,#2831,#2832,#2833,#2834,#2835,#2836,
    #2837,#2838,#2839,#2840,#2841,#2842,#2843,#2844,#2845,#2846,#2847,
    #2848,#2849,#2850,#2851,#2852,#2853,#2854,#2855,#2856),
  .UNSPECIFIED.,.F.,.F.,(6,4,4,4,4,4,4,4,4,4,4,4,4,4,6),(0.,
    6.762764427265E-02,0.108763492703,0.204619724304,0.292448118757,
    0.341079841415,0.392327179894,0.500328650808,0.607505629676,
    0.658752494275,0.707383049208,0.795218774418,0.891063115433,
    0.932191503866,1.),.UNSPECIFIED.);
#2799 = CARTESIAN_POINT('',(0.284583764003,0.));
#2800 = CARTESIAN_POINT('',(0.284577436635,1.12861129481E-02));
#2801 = CARTESIAN_POINT('',(0.284573453755,2.281147710804E-02));
#2802 = CARTESIAN_POINT('',(0.284571395006,3.45760505795E-02));
#2803 = CARTESIAN_POINT('',(0.284570828464,4.657619987697E-02));
#2804 = CARTESIAN_POINT('',(0.284571677356,6.623994768912E-02));
#2805 = CARTESIAN_POINT('',(0.28457240357,7.376086856227E-02));
#2806 = CARTESIAN_POINT('',(0.284573444612,8.136356746091E-02));
#2807 = CARTESIAN_POINT('',(0.284574717245,8.904534548475E-02));
#2808 = CARTESIAN_POINT('',(0.28457947306,0.11487965862));
#2809 = CARTESIAN_POINT('',(0.284583647947,0.133370021465));
#2810 = CARTESIAN_POINT('',(0.284587706794,0.152225291767));
#2811 = CARTESIAN_POINT('',(0.284590998674,0.171392073616));
#2812 = CARTESIAN_POINT('',(0.284595394638,0.20858799457));
#2813 = CARTESIAN_POINT('',(0.284596658401,0.226580756402));
#2814 = CARTESIAN_POINT('',(0.28459689554,0.244731134615));
#2815 = CARTESIAN_POINT('',(0.284596200335,0.262998585697));
#2816 = CARTESIAN_POINT('',(0.284594010507,0.291506703571));
#2817 = CARTESIAN_POINT('',(0.284593010503,0.30169163272));
#2818 = CARTESIAN_POINT('',(0.284591829416,0.311896188429));
#2819 = CARTESIAN_POINT('',(0.284590511622,0.322115814988));
#2820 = CARTESIAN_POINT('',(0.284587627566,0.343128392213));
#2821 = CARTESIAN_POINT('',(0.28458605077,0.353922604084));
#2822 = CARTESIAN_POINT('',(0.284584435485,0.364725566833));
#2823 = CARTESIAN_POINT('',(0.284582836969,0.375534317712));
#2824 = CARTESIAN_POINT('',(0.284578083368,0.409134140254));
#2825 = CARTESIAN_POINT('',(0.284575162078,0.431937145348));
#2826 = CARTESIAN_POINT('',(0.28457302094,0.454741843986));
#2827 = CARTESIAN_POINT('',(0.284571961223,0.477543879765));
#2828 = CARTESIAN_POINT('',(0.284571987268,0.522975973029));
#2829 = CARTESIAN_POINT('',(0.284573056744,0.545603976714));
#2830 = CARTESIAN_POINT('',(0.284575187685,0.568234554422));
#2831 = CARTESIAN_POINT('',(0.284578084915,0.590863412811));
#2832 = CARTESIAN_POINT('',(0.284582811125,0.624289326894));
#2833 = CARTESIAN_POINT('',(0.284584409221,0.635098045389));
#2834 = CARTESIAN_POINT('',(0.284586024629,0.645901000861));
#2835 = CARTESIAN_POINT('',(0.284587602112,0.65669523784));
#2836 = CARTESIAN_POINT('',(0.284590488575,0.677707792244));
#2837 = CARTESIAN_POINT('',(0.284591808034,0.687927367038));
#2838 = CARTESIAN_POINT('',(0.284592991286,0.698131915233));
#2839 = CARTESIAN_POINT('',(0.284593993918,0.708316888634));
#2840 = CARTESIAN_POINT('',(0.284596192373,0.736827269482));
#2841 = CARTESIAN_POINT('',(0.284596894308,0.755097053915));
#2842 = CARTESIAN_POINT('',(0.284596664542,0.77324997739));
#2843 = CARTESIAN_POINT('',(0.284595407934,0.791245513757));
#2844 = CARTESIAN_POINT('',(0.284591024987,0.828443680622));
#2845 = CARTESIAN_POINT('',(0.284587739165,0.84761007796));
#2846 = CARTESIAN_POINT('',(0.284583684058,0.866465362077));
#2847 = CARTESIAN_POINT('',(0.284579508864,0.884956121009));
#2848 = CARTESIAN_POINT('',(0.284574745011,0.910791030951));
#2849 = CARTESIAN_POINT('',(0.284573469014,0.918472746909));
#2850 = CARTESIAN_POINT('',(0.28457242348,0.926075450074));
#2851 = CARTESIAN_POINT('',(0.284571691543,0.933596437281));
#2852 = CARTESIAN_POINT('',(0.284570822468,0.953295432386));
#2853 = CARTESIAN_POINT('',(0.284571378533,0.965329565439));
#2854 = CARTESIAN_POINT('',(0.28457343247,0.977126881272));
#2855 = CARTESIAN_POINT('',(0.284577419716,0.98868370765));
#2856 = CARTESIAN_POINT('',(0.284583764003,1.));
#2857 = ( GEOMETRIC_REPRESENTATION_CONTEXT(2) 
PARAMETRIC_REPRESENTATION_CONTEXT() REPRESENTATION_CONTEXT('2D SPACE',''
  ) );
#2858 = ORIENTED_EDGE('',*,*,#2859,.T.);
#2859 = EDGE_CURVE('',#2663,#2860,#2862,.T.);
#2860 = VERTEX_POINT('',#2861);
#2861 = CARTESIAN_POINT('',(2.040786628189,8.429780262292,1.56558078759)
  );
#2862 = SURFACE_CURVE('',#2863,(#2881,#2902),.PCURVE_S1.);
#2863 = B_SPLINE_CURVE_WITH_KNOTS('',6,(#2864,#2865,#2866,#2867,#2868,
    #2869,#2870,#2871,#2872,#2873,#2874,#2875,#2876,#2877,#2878,#2879,
    #2880),.UNSPECIFIED.,.F.,.F.,(7,5,5,7),(0.,0.313908525993,
    0.858662627531,1.),.UNSPECIFIED.);
#2864 = CARTESIAN_POINT('',(2.329934685852,7.147365006733,0.375178428735
    ));
#2865 = CARTESIAN_POINT('',(2.342074289481,7.216760499363,0.437186830747
    ));
#2866 = CARTESIAN_POINT('',(2.349500336798,7.28655339767,0.49948241041)
  );
#2867 = CARTESIAN_POINT('',(2.352435776872,7.356507159239,0.561920218977
    ));
#2868 = CARTESIAN_POINT('',(2.351182257128,7.426412165155,0.624398714629
    ));
#2869 = CARTESIAN_POINT('',(2.346079529776,7.496092014112,0.686854813838
    ));
#2870 = CARTESIAN_POINT('',(2.322515032836,7.685703322617,0.857554520436
    ));
#2871 = CARTESIAN_POINT('',(2.296993824393,7.80487365674,0.965664286353)
  );
#2872 = CARTESIAN_POINT('',(2.262675373289,7.922284077823,1.073507167621
    ));
#2873 = CARTESIAN_POINT('',(2.22132418583,8.037493959357,1.181175907668)
  );
#2874 = CARTESIAN_POINT('',(2.174484749443,8.150280440036,1.288866807557
    ));
#2875 = CARTESIAN_POINT('',(2.110383768462,8.289222155482,1.424960829291
    ));
#2876 = CARTESIAN_POINT('',(2.09690668174,8.317676444356,1.453019335725)
  );
#2877 = CARTESIAN_POINT('',(2.08318302635,8.34596070175,1.481105388334)
  );
#2878 = CARTESIAN_POINT('',(2.069238227527,8.374073454528,1.509224088024
    ));
#2879 = CARTESIAN_POINT('',(2.055097656041,8.402013571274,1.537380726763
    ));
#2880 = CARTESIAN_POINT('',(2.040786628189,8.429780262292,1.56558078759)
  );
#2881 = PCURVE('',#107,#2882);
#2882 = DEFINITIONAL_REPRESENTATION('',(#2883),#2901);
#2883 = B_SPLINE_CURVE_WITH_KNOTS('',6,(#2884,#2885,#2886,#2887,#2888,
    #2889,#2890,#2891,#2892,#2893,#2894,#2895,#2896,#2897,#2898,#2899,
    #2900),.UNSPECIFIED.,.F.,.F.,(7,5,5,7),(0.,0.313908525993,
    0.858662627531,1.),.UNSPECIFIED.);
#2884 = CARTESIAN_POINT('',(-3.534291735289,-0.844021272475));
#2885 = CARTESIAN_POINT('',(-3.532966018596,-0.835772777084));
#2886 = CARTESIAN_POINT('',(-3.531057270012,-0.827577916627));
#2887 = CARTESIAN_POINT('',(-3.528627084234,-0.819452676866));
#2888 = CARTESIAN_POINT('',(-3.52573940156,-0.811406291908));
#2889 = CARTESIAN_POINT('',(-3.522456067388,-0.80344263611));
#2890 = CARTESIAN_POINT('',(-3.51254389678,-0.781884962768));
#2891 = CARTESIAN_POINT('',(-3.505232350456,-0.768460855524));
#2892 = CARTESIAN_POINT('',(-3.497185811931,-0.755279000009));
#2893 = CARTESIAN_POINT('',(-3.488644179249,-0.742309817887));
#2894 = CARTESIAN_POINT('',(-3.479794569924,-0.729515812956));
#2895 = CARTESIAN_POINT('',(-3.468459860984,-0.713559553185));
#2896 = CARTESIAN_POINT('',(-3.466114942723,-0.710281150361));
#2897 = CARTESIAN_POINT('',(-3.463762930296,-0.707010642345));
#2898 = CARTESIAN_POINT('',(-3.461406590071,-0.70374727448));
#2899 = CARTESIAN_POINT('',(-3.459048622507,-0.700490288148));
#2900 = CARTESIAN_POINT('',(-3.456691662157,-0.697238920763));
#2901 = ( GEOMETRIC_REPRESENTATION_CONTEXT(2) 
PARAMETRIC_REPRESENTATION_CONTEXT() REPRESENTATION_CONTEXT('2D SPACE',''
  ) );
#2902 = PCURVE('',#2903,#2912);
#2903 = B_SPLINE_SURFACE_WITH_KNOTS('',1,3,(
    (#2904,#2905,#2906,#2907)
    ,(#2908,#2909,#2910,#2911
    )),.UNSPECIFIED.,.F.,.F.,.F.,(2,2),(4,4),(0.,1.),(0.,1.),
  .PIECEWISE_BEZIER_KNOTS.);
#2904 = CARTESIAN_POINT('',(2.832056680653,8.687686800532,
    -1.446944832201));
#2905 = CARTESIAN_POINT('',(2.926428678718,9.227067327343,
    -0.965203855702));
#2906 = CARTESIAN_POINT('',(2.724955020816,9.773125600132,
    -0.481716056663));
#2907 = CARTESIAN_POINT('',(2.480594601748,10.246474140766,0.));
#2908 = CARTESIAN_POINT('',(1.067648241684,3.27514403234,4.955821212164)
  );
#2909 = CARTESIAN_POINT('',(1.103225247782,3.478483419924,5.137431244908
    ));
#2910 = CARTESIAN_POINT('',(1.027272319977,3.6843402302,5.31969980685));
#2911 = CARTESIAN_POINT('',(0.935151645438,3.862786424644,5.501300445142
    ));
#2912 = DEFINITIONAL_REPRESENTATION('',(#2913),#2931);
#2913 = B_SPLINE_CURVE_WITH_KNOTS('',6,(#2914,#2915,#2916,#2917,#2918,
    #2919,#2920,#2921,#2922,#2923,#2924,#2925,#2926,#2927,#2928,#2929,
    #2930),.UNSPECIFIED.,.F.,.F.,(7,5,5,7),(0.,0.313908525993,
    0.858662627531,1.),.UNSPECIFIED.);
#2914 = CARTESIAN_POINT('',(0.284583764003,0.));
#2915 = CARTESIAN_POINT('',(0.284586316756,5.21386041951E-02));
#2916 = CARTESIAN_POINT('',(0.284588892036,0.104495213269));
#2917 = CARTESIAN_POINT('',(0.284589889891,0.156959847732));
#2918 = CARTESIAN_POINT('',(0.284589163556,0.209451329001));
#2919 = CARTESIAN_POINT('',(0.28458734336,0.261916872801));
#2920 = CARTESIAN_POINT('',(0.284581372758,0.405291883467));
#2921 = CARTESIAN_POINT('',(0.28457648384,0.49607471935));
#2922 = CARTESIAN_POINT('',(0.284574427,0.586611429213));
#2923 = CARTESIAN_POINT('',(0.284579888235,0.676977632479));
#2924 = CARTESIAN_POINT('',(0.284590396924,0.767373231212));
#2925 = CARTESIAN_POINT('',(0.284593694126,0.881724123367));
#2926 = CARTESIAN_POINT('',(0.284593839661,0.905305917874));
#2927 = CARTESIAN_POINT('',(0.284593227561,0.928918308604));
#2928 = CARTESIAN_POINT('',(0.284591577754,0.952567194009));
#2929 = CARTESIAN_POINT('',(0.284588554021,0.97625886401));
#2930 = CARTESIAN_POINT('',(0.284583764003,1.));
#2931 = ( GEOMETRIC_REPRESENTATION_CONTEXT(2) 
PARAMETRIC_REPRESENTATION_CONTEXT() REPRESENTATION_CONTEXT('2D SPACE',''
  ) );
#2932 = ORIENTED_EDGE('',*,*,#2933,.T.);
#2933 = EDGE_CURVE('',#2860,#2934,#2936,.T.);
#2934 = VERTEX_POINT('',#2935);
#2935 = CARTESIAN_POINT('',(1.340496248851,8.569076679499,1.56558078759)
  );
#2936 = SURFACE_CURVE('',#2937,(#2943,#2952),.PCURVE_S1.);
#2937 = B_SPLINE_CURVE_WITH_KNOTS('',4,(#2938,#2939,#2940,#2941,#2942),
  .UNSPECIFIED.,.F.,.F.,(5,5),(0.,1.),.PIECEWISE_BEZIER_KNOTS.);
#2938 = CARTESIAN_POINT('',(2.040786628189,8.429780262292,1.56558078759)
  );
#2939 = CARTESIAN_POINT('',(1.867246847501,8.471793319921,1.565581225341
    ));
#2940 = CARTESIAN_POINT('',(1.692553603671,8.509041574244,1.565580009348
    ));
#2941 = CARTESIAN_POINT('',(1.516903801384,8.541480884619,1.565581225341
    ));
#2942 = CARTESIAN_POINT('',(1.340496248851,8.569076679499,1.56558078759)
  );
#2943 = PCURVE('',#107,#2944);
#2944 = DEFINITIONAL_REPRESENTATION('',(#2945),#2951);
#2945 = B_SPLINE_CURVE_WITH_KNOTS('',4,(#2946,#2947,#2948,#2949,#2950),
  .UNSPECIFIED.,.F.,.F.,(5,5),(0.,1.),.PIECEWISE_BEZIER_KNOTS.);
#2946 = CARTESIAN_POINT('',(-3.456691662157,-0.697238920763));
#2947 = CARTESIAN_POINT('',(-3.436105138955,-0.697238870292));
#2948 = CARTESIAN_POINT('',(-3.415518622007,-0.697239010492));
#2949 = CARTESIAN_POINT('',(-3.394932105057,-0.697238870292));
#2950 = CARTESIAN_POINT('',(-3.374345581857,-0.697238920763));
#2951 = ( GEOMETRIC_REPRESENTATION_CONTEXT(2) 
PARAMETRIC_REPRESENTATION_CONTEXT() REPRESENTATION_CONTEXT('2D SPACE',''
  ) );
#2952 = PCURVE('',#2953,#2962);
#2953 = B_SPLINE_SURFACE_WITH_KNOTS('',1,3,(
    (#2954,#2955,#2956,#2957)
    ,(#2958,#2959,#2960,#2961
    )),.UNSPECIFIED.,.F.,.F.,.F.,(2,2),(4,4),(0.,1.),(0.,1.),
  .PIECEWISE_BEZIER_KNOTS.);
#2954 = CARTESIAN_POINT('',(2.480594601748,10.246474140766,0.));
#2955 = CARTESIAN_POINT('',(2.199342551869,10.314564637207,0.));
#2956 = CARTESIAN_POINT('',(1.915285430065,10.371067111776,
    -3.552713678801E-15));
#2957 = CARTESIAN_POINT('',(1.629385312816,10.415790195563,0.));
#2958 = CARTESIAN_POINT('',(0.935151645438,3.862786424644,5.501300445142
    ));
#2959 = CARTESIAN_POINT('',(0.829123309715,3.888455649168,5.501300445142
    ));
#2960 = CARTESIAN_POINT('',(0.722037498649,3.90975634136,5.501300445142)
  );
#2961 = CARTESIAN_POINT('',(0.614256902461,3.926616357649,5.501300445142
    ));
#2962 = DEFINITIONAL_REPRESENTATION('',(#2963),#2969);
#2963 = B_SPLINE_CURVE_WITH_KNOTS('',4,(#2964,#2965,#2966,#2967,#2968),
  .UNSPECIFIED.,.F.,.F.,(5,5),(0.,1.),.PIECEWISE_BEZIER_KNOTS.);
#2964 = CARTESIAN_POINT('',(0.284583764003,0.));
#2965 = CARTESIAN_POINT('',(0.284583843575,0.249999983278));
#2966 = CARTESIAN_POINT('',(0.284583622538,0.499999999991));
#2967 = CARTESIAN_POINT('',(0.284583843575,0.750000016749));
#2968 = CARTESIAN_POINT('',(0.284583764003,1.));
#2969 = ( GEOMETRIC_REPRESENTATION_CONTEXT(2) 
PARAMETRIC_REPRESENTATION_CONTEXT() REPRESENTATION_CONTEXT('2D SPACE',''
  ) );
#2970 = ORIENTED_EDGE('',*,*,#2971,.T.);
#2971 = EDGE_CURVE('',#2934,#2972,#2974,.T.);
#2972 = VERTEX_POINT('',#2973);
#2973 = CARTESIAN_POINT('',(0.582599204795,7.494931643876,0.375178428735
    ));
#2974 = SURFACE_CURVE('',#2975,(#2988,#3004),.PCURVE_S1.);
#2975 = B_SPLINE_CURVE_WITH_KNOTS('',6,(#2976,#2977,#2978,#2979,#2980,
    #2981,#2982,#2983,#2984,#2985,#2986,#2987),.UNSPECIFIED.,.F.,.F.,(7,
    5,7),(0.,0.732820840782,1.),.UNSPECIFIED.);
#2976 = CARTESIAN_POINT('',(1.340496248851,8.569076679499,1.56558078759)
  );
#2977 = CARTESIAN_POINT('',(1.216830865546,8.464448071049,1.41934455115)
  );
#2978 = CARTESIAN_POINT('',(1.095723933519,8.353849014817,1.274405571555
    ));
#2979 = CARTESIAN_POINT('',(0.980263883497,8.235861143456,1.12972906225)
  );
#2980 = CARTESIAN_POINT('',(0.873821021516,8.109480428764,0.984798904988
    ));
#2981 = CARTESIAN_POINT('',(0.780830523295,7.974002258362,0.839319366943
    ));
#2982 = CARTESIAN_POINT('',(0.678576467115,7.776492683821,0.640399163183
    ));
#2983 = CARTESIAN_POINT('',(0.653665399056,7.722508198084,0.587230006579
    ));
#2984 = CARTESIAN_POINT('',(0.6313904504,7.667318251071,0.534066644033)
  );
#2985 = CARTESIAN_POINT('',(0.611982631538,7.610951654056,0.480955211139
    ));
#2986 = CARTESIAN_POINT('',(0.59565807881,7.553461904586,0.427962555121)
  );
#2987 = CARTESIAN_POINT('',(0.582599204795,7.494931643876,0.375178428735
    ));
#2988 = PCURVE('',#107,#2989);
#2989 = DEFINITIONAL_REPRESENTATION('',(#2990),#3003);
#2990 = B_SPLINE_CURVE_WITH_KNOTS('',6,(#2991,#2992,#2993,#2994,#2995,
    #2996,#2997,#2998,#2999,#3000,#3001,#3002),.UNSPECIFIED.,.F.,.F.,(7,
    5,7),(0.,0.732820840782,1.),.UNSPECIFIED.);
#2991 = CARTESIAN_POINT('',(-3.374345581857,-0.697238920763));
#2992 = CARTESIAN_POINT('',(-3.362123161021,-0.714099442182));
#2993 = CARTESIAN_POINT('',(-3.349884259119,-0.731096058366));
#2994 = CARTESIAN_POINT('',(-3.337976949168,-0.748365765586));
#2995 = CARTESIAN_POINT('',(-3.326800565197,-0.766000016014));
#2996 = CARTESIAN_POINT('',(-3.316927727779,-0.784079287774));
#2997 = CARTESIAN_POINT('',(-3.306228713231,-0.809383914718));
#2998 = CARTESIAN_POINT('',(-3.303641252096,-0.816204337637));
#2999 = CARTESIAN_POINT('',(-3.301360488858,-0.823083215608));
#3000 = CARTESIAN_POINT('',(-3.299424972156,-0.830017152134));
#3001 = CARTESIAN_POINT('',(-3.297874013818,-0.83699981072));
#3002 = CARTESIAN_POINT('',(-3.296745508725,-0.844021272475));
#3003 = ( GEOMETRIC_REPRESENTATION_CONTEXT(2) 
PARAMETRIC_REPRESENTATION_CONTEXT() REPRESENTATION_CONTEXT('2D SPACE',''
  ) );
#3004 = PCURVE('',#3005,#3014);
#3005 = B_SPLINE_SURFACE_WITH_KNOTS('',1,3,(
    (#3006,#3007,#3008,#3009)
    ,(#3010,#3011,#3012,#3013
    )),.UNSPECIFIED.,.F.,.F.,.F.,(2,2),(4,4),(0.,1.),(0.,1.),
  .PIECEWISE_BEZIER_KNOTS.);
#3006 = CARTESIAN_POINT('',(1.629385312816,10.415790195563,0.));
#3007 = CARTESIAN_POINT('',(1.222483078848,10.071985851031,
    -0.481716056663));
#3008 = CARTESIAN_POINT('',(0.827378235869,9.644594420179,
    -0.965203855702));
#3009 = CARTESIAN_POINT('',(0.708154601973,9.110157191085,
    -1.446944832201));
#3010 = CARTESIAN_POINT('',(0.614256902461,3.926616357649,5.501300445142
    ));
#3011 = CARTESIAN_POINT('',(0.460860094551,3.797006626872,5.31969980685)
  );
#3012 = CARTESIAN_POINT('',(0.311910748386,3.635885660341,5.137431244908
    ));
#3013 = CARTESIAN_POINT('',(0.266965001372,3.434409831191,4.955821212164
    ));
#3014 = DEFINITIONAL_REPRESENTATION('',(#3015),#3028);
#3015 = B_SPLINE_CURVE_WITH_KNOTS('',6,(#3016,#3017,#3018,#3019,#3020,
    #3021,#3022,#3023,#3024,#3025,#3026,#3027),.UNSPECIFIED.,.F.,.F.,(7,
    5,7),(0.,0.732820840782,1.),.UNSPECIFIED.);
#3016 = CARTESIAN_POINT('',(0.284583764003,0.));
#3017 = CARTESIAN_POINT('',(0.28460860346,0.123113719413));
#3018 = CARTESIAN_POINT('',(0.284586033956,0.244788796493));
#3019 = CARTESIAN_POINT('',(0.284570522195,0.366182029509));
#3020 = CARTESIAN_POINT('',(0.284574414159,0.487848511348));
#3021 = CARTESIAN_POINT('',(0.284582841004,0.610014285002));
#3022 = CARTESIAN_POINT('',(0.284588436331,0.777109268894));
#3023 = CARTESIAN_POINT('',(0.284589369445,0.821777092));
#3024 = CARTESIAN_POINT('',(0.284589345135,0.866445483493));
#3025 = CARTESIAN_POINT('',(0.284588126381,0.911076577567));
#3026 = CARTESIAN_POINT('',(0.284585937012,0.95561745531));
#3027 = CARTESIAN_POINT('',(0.284583764003,1.));
#3028 = ( GEOMETRIC_REPRESENTATION_CONTEXT(2) 
PARAMETRIC_REPRESENTATION_CONTEXT() REPRESENTATION_CONTEXT('2D SPACE',''
  ) );
#3029 = ORIENTED_EDGE('',*,*,#3030,.T.);
#3030 = EDGE_CURVE('',#2972,#3031,#3033,.T.);
#3031 = VERTEX_POINT('',#3032);
#3032 = CARTESIAN_POINT('',(-0.582599204795,7.494931643876,
    0.375178428735));
#3033 = SURFACE_CURVE('',#3034,(#3093,#3155),.PCURVE_S1.);
#3034 = B_SPLINE_CURVE_WITH_KNOTS('',5,(#3035,#3036,#3037,#3038,#3039,
    #3040,#3041,#3042,#3043,#3044,#3045,#3046,#3047,#3048,#3049,#3050,
    #3051,#3052,#3053,#3054,#3055,#3056,#3057,#3058,#3059,#3060,#3061,
    #3062,#3063,#3064,#3065,#3066,#3067,#3068,#3069,#3070,#3071,#3072,
    #3073,#3074,#3075,#3076,#3077,#3078,#3079,#3080,#3081,#3082,#3083,
    #3084,#3085,#3086,#3087,#3088,#3089,#3090,#3091,#3092),
  .UNSPECIFIED.,.F.,.F.,(6,4,4,4,4,4,4,4,4,4,4,4,4,4,6),(0.,
    6.762764427236E-02,0.108763492702,0.204619724303,0.292448119473,
    0.341079842126,0.392327180603,0.500328651515,0.607505617168,
    0.658752481731,0.707383036577,0.795218738256,0.891063076607,
    0.932191463369,1.),.UNSPECIFIED.);
#3035 = CARTESIAN_POINT('',(0.582599204795,7.494931643876,0.375178428735
    ));
#3036 = CARTESIAN_POINT('',(0.580749993679,7.475989400927,0.358259609997
    ));
#3037 = CARTESIAN_POINT('',(0.577904080088,7.457166797505,0.341474038793
    ));
#3038 = CARTESIAN_POINT('',(0.574016596015,7.438511789181,0.324859551314
    ));
#3039 = CARTESIAN_POINT('',(0.569048746591,7.420080624431,0.308461226659
    ));
#3040 = CARTESIAN_POINT('',(0.559284606627,7.390898728749,0.28251789959)
  );
#3041 = CARTESIAN_POINT('',(0.555183467921,7.379967592183,0.272804560709
    ));
#3042 = CARTESIAN_POINT('',(0.550668821918,7.36915644749,0.263201542079)
  );
#3043 = CARTESIAN_POINT('',(0.545737858148,7.358479839312,0.253720825929
    ));
#3044 = CARTESIAN_POINT('',(0.527929082226,7.323422057395,0.222596489877
    ));
#3045 = CARTESIAN_POINT('',(0.513204113292,7.299699836677,0.201546833121
    ));
#3046 = CARTESIAN_POINT('',(0.496216069663,7.276982725709,0.181389746427
    ));
#3047 = CARTESIAN_POINT('',(0.477043823269,7.255449983103,0.162277200782
    ));
#3048 = CARTESIAN_POINT('',(0.436443252356,7.21674760632,0.127907407769)
  );
#3049 = CARTESIAN_POINT('',(0.415335242354,7.199360675656,0.112458735218
    ));
#3050 = CARTESIAN_POINT('',(0.392659408566,7.183207163301,
    9.809525329437E-02));
#3051 = CARTESIAN_POINT('',(0.368582192046,7.168362773789,
    8.488536971865E-02));
#3052 = CARTESIAN_POINT('',(0.329282409397,7.147411320488,
    6.622702788091E-02));
#3053 = CARTESIAN_POINT('',(0.314903063814,7.140361248114,
    5.994556442522E-02));
#3054 = CARTESIAN_POINT('',(0.300180848008,7.133735808824,
    5.403967679131E-02));
#3055 = CARTESIAN_POINT('',(0.285146738011,7.127540782214,
    4.851501319481E-02));
#3056 = CARTESIAN_POINT('',(0.253693337783,7.115708785593,
    3.795915100434E-02));
#3057 = CARTESIAN_POINT('',(0.237242933111,7.110119857578,
    3.297055815826E-02));
#3058 = CARTESIAN_POINT('',(0.2205168835,7.105017013152,
    2.841382516441E-02));
#3059 = CARTESIAN_POINT('',(0.2035505625,7.100402776525,
    2.429182969109E-02));
#3060 = CARTESIAN_POINT('',(0.150189165107,7.087585559954,
    1.283835055175E-02));
#3061 = CARTESIAN_POINT('',(0.113088133482,7.081068180234,
    7.008639937919E-03));
#3062 = CARTESIAN_POINT('',(7.539203173217E-02,7.076734824313,
    3.130233651387E-03));
#3063 = CARTESIAN_POINT('',(3.740659321651E-02,7.074581141091,
    1.202711694098E-03));
#3064 = CARTESIAN_POINT('',(-3.827254342276E-02,7.074634016092,
    1.25003453717E-03));
#3065 = CARTESIAN_POINT('',(-7.596270401723E-02,7.076807409964,
    3.195197993321E-03));
#3066 = CARTESIAN_POINT('',(-0.113364731895,7.081127365101,
    7.061569473665E-03));
#3067 = CARTESIAN_POINT('',(-0.150179801297,7.087598073661,
    1.284949737333E-02));
#3068 = CARTESIAN_POINT('',(-0.203273045243,7.100329143729,
    2.422604808401E-02));
#3069 = CARTESIAN_POINT('',(-0.220242226864,7.10493695655,
    2.834232571829E-02));
#3070 = CARTESIAN_POINT('',(-0.236971485883,7.110033385946,
    3.289335488048E-02));
#3071 = CARTESIAN_POINT('',(-0.253425455482,7.115615918075,
    3.787626738727E-02));
#3072 = CARTESIAN_POINT('',(-0.28488628005,7.127435429516,
    4.842105338549E-02));
#3073 = CARTESIAN_POINT('',(-0.299924221499,7.133624350671,
    5.394030613759E-02));
#3074 = CARTESIAN_POINT('',(-0.314650607062,7.140243714392,
    5.984081523158E-02));
#3075 = CARTESIAN_POINT('',(-0.329034462016,7.147287757084,
    6.611694625711E-02));
#3076 = CARTESIAN_POINT('',(-0.368350554728,7.168223918794,
    8.4761787236E-02));
#3077 = CARTESIAN_POINT('',(-0.392440069159,7.183059483139,
    9.796389918089E-02));
#3078 = CARTESIAN_POINT('',(-0.415128961249,7.19920477481,0.112320154437
    ));
#3079 = CARTESIAN_POINT('',(-0.436250637443,7.216584201504,
    0.127762235247));
#3080 = CARTESIAN_POINT('',(-0.476876237621,7.255268378888,
    0.162115991637));
#3081 = CARTESIAN_POINT('',(-0.496060761088,7.276790023366,
    0.181218736502));
#3082 = CARTESIAN_POINT('',(-0.513062228105,7.299496635298,
    0.201366528668));
#3083 = CARTESIAN_POINT('',(-0.527801469706,7.323209113593,0.22240751744
    ));
#3084 = CARTESIAN_POINT('',(-0.545631118897,7.358253539809,
    0.253519883473));
#3085 = CARTESIAN_POINT('',(-0.550568284667,7.368925848806,
    0.262996737601));
#3086 = CARTESIAN_POINT('',(-0.555089257773,7.379732834867,
    0.272596006298));
#3087 = CARTESIAN_POINT('',(-0.559196825697,7.390659957607,
    0.282305709901));
#3088 = CARTESIAN_POINT('',(-0.56899555044,7.419883444098,0.308285794783
    ));
#3089 = CARTESIAN_POINT('',(-0.573985380254,7.438362103085,0.32472623866
    ));
#3090 = CARTESIAN_POINT('',(-0.577888849038,7.457066108957,
    0.341384247203));
#3091 = CARTESIAN_POINT('',(-0.580745047726,7.475938737462,
    0.358214358441));
#3092 = CARTESIAN_POINT('',(-0.582599204795,7.494931643876,
    0.375178428735));
#3093 = PCURVE('',#107,#3094);
#3094 = DEFINITIONAL_REPRESENTATION('',(#3095),#3154);
#3095 = B_SPLINE_CURVE_WITH_KNOTS('',5,(#3096,#3097,#3098,#3099,#3100,
    #3101,#3102,#3103,#3104,#3105,#3106,#3107,#3108,#3109,#3110,#3111,
    #3112,#3113,#3114,#3115,#3116,#3117,#3118,#3119,#3120,#3121,#3122,
    #3123,#3124,#3125,#3126,#3127,#3128,#3129,#3130,#3131,#3132,#3133,
    #3134,#3135,#3136,#3137,#3138,#3139,#3140,#3141,#3142,#3143,#3144,
    #3145,#3146,#3147,#3148,#3149,#3150,#3151,#3152,#3153),
  .UNSPECIFIED.,.F.,.F.,(6,4,4,4,4,4,4,4,4,4,4,4,4,4,6),(0.,
    6.762764427236E-02,0.108763492702,0.204619724303,0.292448119473,
    0.341079842126,0.392327180603,0.500328651515,0.607505617168,
    0.658752481731,0.707383036577,0.795218738256,0.891063076607,
    0.932191463369,1.),.UNSPECIFIED.);
#3096 = CARTESIAN_POINT('',(-3.296745508725,-0.844021272475));
#3097 = CARTESIAN_POINT('',(-3.296695538733,-0.84627185133));
#3098 = CARTESIAN_POINT('',(-3.296511833596,-0.848511826097));
#3099 = CARTESIAN_POINT('',(-3.296186261983,-0.850736053925));
#3100 = CARTESIAN_POINT('',(-3.295711203709,-0.852938295243));
#3101 = CARTESIAN_POINT('',(-3.294697789673,-0.856433139432));
#3102 = CARTESIAN_POINT('',(-3.294257134256,-0.857744142056));
#3103 = CARTESIAN_POINT('',(-3.293757832148,-0.859042718089));
#3104 = CARTESIAN_POINT('',(-3.293198948292,-0.860327151841));
#3105 = CARTESIAN_POINT('',(-3.291137341344,-0.864551526721));
#3106 = CARTESIAN_POINT('',(-3.289367895648,-0.867421233768));
#3107 = CARTESIAN_POINT('',(-3.287264691809,-0.870181098771));
#3108 = CARTESIAN_POINT('',(-3.284832412232,-0.872808291653));
#3109 = CARTESIAN_POINT('',(-3.279578796146,-0.877549214701));
#3110 = CARTESIAN_POINT('',(-3.276806702246,-0.879687880444));
#3111 = CARTESIAN_POINT('',(-3.273789282894,-0.881682831575));
#3112 = CARTESIAN_POINT('',(-3.270548787703,-0.883522690738));
#3113 = CARTESIAN_POINT('',(-3.265208852148,-0.886127473473));
#3114 = CARTESIAN_POINT('',(-3.263245508977,-0.887005709732));
#3115 = CARTESIAN_POINT('',(-3.261226334791,-0.887832546263));
#3116 = CARTESIAN_POINT('',(-3.25915597023,-0.888606931243));
#3117 = CARTESIAN_POINT('',(-3.254808649339,-0.890088062953));
#3118 = CARTESIAN_POINT('',(-3.252526550978,-0.890788921282));
#3119 = CARTESIAN_POINT('',(-3.250198544417,-0.891429796258));
#3120 = CARTESIAN_POINT('',(-3.247830250826,-0.892010045538));
#3121 = CARTESIAN_POINT('',(-3.240363208249,-0.893623501301));
#3122 = CARTESIAN_POINT('',(-3.235145486258,-0.894446593144));
#3123 = CARTESIAN_POINT('',(-3.229825869019,-0.894994817608));
#3124 = CARTESIAN_POINT('',(-3.224456524997,-0.895267273085));
#3125 = CARTESIAN_POINT('',(-3.213759234739,-0.895260583973));
#3126 = CARTESIAN_POINT('',(-3.208431789963,-0.894985634823));
#3127 = CARTESIAN_POINT('',(-3.203153860978,-0.894439123062));
#3128 = CARTESIAN_POINT('',(-3.197976424893,-0.893621942472));
#3129 = CARTESIAN_POINT('',(-3.190546669596,-0.892019306818));
#3130 = CARTESIAN_POINT('',(-3.188177891397,-0.891439855643));
#3131 = CARTESIAN_POINT('',(-3.185849344208,-0.890799774581));
#3132 = CARTESIAN_POINT('',(-3.183566649101,-0.890099704379));
#3133 = CARTESIAN_POINT('',(-3.179218087739,-0.88862010415));
#3134 = CARTESIAN_POINT('',(-3.177147083684,-0.887846464878));
#3135 = CARTESIAN_POINT('',(-3.175127218536,-0.887020366836));
#3136 = CARTESIAN_POINT('',(-3.173163133786,-0.88614285975));
#3137 = CARTESIAN_POINT('',(-3.167820611281,-0.883539910544));
#3138 = CARTESIAN_POINT('',(-3.164578202391,-0.881701094473));
#3139 = CARTESIAN_POINT('',(-3.161558769524,-0.879707101303));
#3140 = CARTESIAN_POINT('',(-3.1587845914,-0.87756929644));
#3141 = CARTESIAN_POINT('',(-3.153527109345,-0.872830467152));
#3142 = CARTESIAN_POINT('',(-3.151092912587,-0.87020455087));
#3143 = CARTESIAN_POINT('',(-3.148987653764,-0.867445879316));
#3144 = CARTESIAN_POINT('',(-3.147216065205,-0.864577267628));
#3145 = CARTESIAN_POINT('',(-3.145151371303,-0.860354385826));
#3146 = CARTESIAN_POINT('',(-3.144591570681,-0.859070434457));
#3147 = CARTESIAN_POINT('',(-3.144091340844,-0.85777232345));
#3148 = CARTESIAN_POINT('',(-3.143649750199,-0.856461768305));
#3149 = CARTESIAN_POINT('',(-3.142632047565,-0.85296185547));
#3150 = CARTESIAN_POINT('',(-3.142154515758,-0.850753901019));
#3151 = CARTESIAN_POINT('',(-3.141827312399,-0.848523808514));
#3152 = CARTESIAN_POINT('',(-3.141642757233,-0.846277870792));
#3153 = CARTESIAN_POINT('',(-3.14159265359,-0.844021272475));
#3154 = ( GEOMETRIC_REPRESENTATION_CONTEXT(2) 
PARAMETRIC_REPRESENTATION_CONTEXT() REPRESENTATION_CONTEXT('2D SPACE',''
  ) );
#3155 = PCURVE('',#3156,#3165);
#3156 = B_SPLINE_SURFACE_WITH_KNOTS('',1,3,(
    (#3157,#3158,#3159,#3160)
    ,(#3161,#3162,#3163,#3164
    )),.UNSPECIFIED.,.F.,.F.,.F.,(2,2),(4,4),(0.,1.),(0.,1.),
  .PIECEWISE_BEZIER_KNOTS.);
#3157 = CARTESIAN_POINT('',(0.708154601973,9.110157191085,
    -1.446944832201));
#3158 = CARTESIAN_POINT('',(0.641667996651,8.42884439174,-2.052873367937
    ));
#3159 = CARTESIAN_POINT('',(-0.641667996651,8.42884439174,
    -2.052873367937));
#3160 = CARTESIAN_POINT('',(-0.708154601973,9.110157191085,
    -1.446944832201));
#3161 = CARTESIAN_POINT('',(0.266965001372,3.434409831191,4.955821212164
    ));
#3162 = CARTESIAN_POINT('',(0.241900422774,3.177563837526,4.727394097628
    ));
#3163 = CARTESIAN_POINT('',(-0.241900422774,3.177563837526,
    4.727394097628));
#3164 = CARTESIAN_POINT('',(-0.266965001372,3.434409831191,
    4.955821212164));
#3165 = DEFINITIONAL_REPRESENTATION('',(#3166),#3225);
#3166 = B_SPLINE_CURVE_WITH_KNOTS('',5,(#3167,#3168,#3169,#3170,#3171,
    #3172,#3173,#3174,#3175,#3176,#3177,#3178,#3179,#3180,#3181,#3182,
    #3183,#3184,#3185,#3186,#3187,#3188,#3189,#3190,#3191,#3192,#3193,
    #3194,#3195,#3196,#3197,#3198,#3199,#3200,#3201,#3202,#3203,#3204,
    #3205,#3206,#3207,#3208,#3209,#3210,#3211,#3212,#3213,#3214,#3215,
    #3216,#3217,#3218,#3219,#3220,#3221,#3222,#3223,#3224),
  .UNSPECIFIED.,.F.,.F.,(6,4,4,4,4,4,4,4,4,4,4,4,4,4,6),(0.,
    6.762764427236E-02,0.108763492702,0.204619724303,0.292448119473,
    0.341079842126,0.392327180603,0.500328651515,0.607505617168,
    0.658752481731,0.707383036577,0.795218738256,0.891063076607,
    0.932191463369,1.),.UNSPECIFIED.);
#3167 = CARTESIAN_POINT('',(0.284583764003,0.));
#3168 = CARTESIAN_POINT('',(0.284577436635,1.128611294811E-02));
#3169 = CARTESIAN_POINT('',(0.284573453755,2.281147710805E-02));
#3170 = CARTESIAN_POINT('',(0.284571395006,3.457605057952E-02));
#3171 = CARTESIAN_POINT('',(0.284570828464,4.657619987699E-02));
#3172 = CARTESIAN_POINT('',(0.284571677356,6.623994768916E-02));
#3173 = CARTESIAN_POINT('',(0.28457240357,7.376086856231E-02));
#3174 = CARTESIAN_POINT('',(0.284573444612,8.136356746094E-02));
#3175 = CARTESIAN_POINT('',(0.284574717245,8.904534548479E-02));
#3176 = CARTESIAN_POINT('',(0.28457947306,0.11487965862));
#3177 = CARTESIAN_POINT('',(0.284583647947,0.133370021465));
#3178 = CARTESIAN_POINT('',(0.284587706794,0.152225291767));
#3179 = CARTESIAN_POINT('',(0.284590998674,0.171392073616));
#3180 = CARTESIAN_POINT('',(0.284595394638,0.208587994715));
#3181 = CARTESIAN_POINT('',(0.284596658401,0.226580756696));
#3182 = CARTESIAN_POINT('',(0.28459689554,0.24473113506));
#3183 = CARTESIAN_POINT('',(0.284596200335,0.262998586293));
#3184 = CARTESIAN_POINT('',(0.284594010507,0.291506704321));
#3185 = CARTESIAN_POINT('',(0.284593010503,0.30169163347));
#3186 = CARTESIAN_POINT('',(0.284591829416,0.311896189179));
#3187 = CARTESIAN_POINT('',(0.284590511622,0.322115815738));
#3188 = CARTESIAN_POINT('',(0.284587627565,0.343128392963));
#3189 = CARTESIAN_POINT('',(0.28458605077,0.353922604834));
#3190 = CARTESIAN_POINT('',(0.284584435484,0.364725567583));
#3191 = CARTESIAN_POINT('',(0.284582836969,0.375534318461));
#3192 = CARTESIAN_POINT('',(0.284578083368,0.409134141004));
#3193 = CARTESIAN_POINT('',(0.284575162078,0.431937146097));
#3194 = CARTESIAN_POINT('',(0.28457302094,0.454741844736));
#3195 = CARTESIAN_POINT('',(0.284571961223,0.477543880515));
#3196 = CARTESIAN_POINT('',(0.284571987268,0.522975970988));
#3197 = CARTESIAN_POINT('',(0.284573056744,0.545603971884));
#3198 = CARTESIAN_POINT('',(0.284575187685,0.568234546801));
#3199 = CARTESIAN_POINT('',(0.284578084914,0.590863402401));
#3200 = CARTESIAN_POINT('',(0.284582811123,0.624289313699));
#3201 = CARTESIAN_POINT('',(0.284584409219,0.635098032191));
#3202 = CARTESIAN_POINT('',(0.284586024627,0.645900987663));
#3203 = CARTESIAN_POINT('',(0.28458760211,0.656695224644));
#3204 = CARTESIAN_POINT('',(0.284590488573,0.677707779046));
#3205 = CARTESIAN_POINT('',(0.284591808032,0.687927353836));
#3206 = CARTESIAN_POINT('',(0.284592991284,0.698131902031));
#3207 = CARTESIAN_POINT('',(0.284593993917,0.708316875435));
#3208 = CARTESIAN_POINT('',(0.284596192372,0.736827251422));
#3209 = CARTESIAN_POINT('',(0.284596894307,0.755097031042));
#3210 = CARTESIAN_POINT('',(0.284596664542,0.773249949796));
#3211 = CARTESIAN_POINT('',(0.284595407937,0.791245481568));
#3212 = CARTESIAN_POINT('',(0.284591024993,0.828443643838));
#3213 = CARTESIAN_POINT('',(0.284587739173,0.84761004109));
#3214 = CARTESIAN_POINT('',(0.284583684067,0.86646532521));
#3215 = CARTESIAN_POINT('',(0.284579508872,0.88495608423));
#3216 = CARTESIAN_POINT('',(0.284574745017,0.910790994306));
#3217 = CARTESIAN_POINT('',(0.284573469019,0.918472710251));
#3218 = CARTESIAN_POINT('',(0.284572423485,0.926075413416));
#3219 = CARTESIAN_POINT('',(0.284571691546,0.933596400638));
#3220 = CARTESIAN_POINT('',(0.284570822467,0.953295403638));
#3221 = CARTESIAN_POINT('',(0.284571378529,0.965329544302));
#3222 = CARTESIAN_POINT('',(0.284573432465,0.977126867468));
#3223 = CARTESIAN_POINT('',(0.284577419712,0.988683700892));
#3224 = CARTESIAN_POINT('',(0.284583764003,1.));
#3225 = ( GEOMETRIC_REPRESENTATION_CONTEXT(2) 
PARAMETRIC_REPRESENTATION_CONTEXT() REPRESENTATION_CONTEXT('2D SPACE',''
  ) );
#3226 = ORIENTED_EDGE('',*,*,#3227,.T.);
#3227 = EDGE_CURVE('',#3031,#3228,#3230,.T.);
#3228 = VERTEX_POINT('',#3229);
#3229 = CARTESIAN_POINT('',(-1.340496248851,8.569076679499,1.56558078759
    ));
#3230 = SURFACE_CURVE('',#3231,(#3249,#3270),.PCURVE_S1.);
#3231 = B_SPLINE_CURVE_WITH_KNOTS('',6,(#3232,#3233,#3234,#3235,#3236,
    #3237,#3238,#3239,#3240,#3241,#3242,#3243,#3244,#3245,#3246,#3247,
    #3248),.UNSPECIFIED.,.F.,.F.,(7,5,5,7),(0.,0.313908525555,
    0.858662632724,1.),.UNSPECIFIED.);
#3232 = CARTESIAN_POINT('',(-0.582599204795,7.494931643876,
    0.375178428735));
#3233 = CARTESIAN_POINT('',(-0.59794017876,7.563690344254,0.437186830661
    ));
#3234 = CARTESIAN_POINT('',(-0.61778799148,7.631012399699,0.499482410236
    ));
#3235 = CARTESIAN_POINT('',(-0.641846144016,7.696764592431,
    0.561920218716));
#3236 = CARTESIAN_POINT('',(-0.6697557328,7.760868695295,0.624398714281)
  );
#3237 = CARTESIAN_POINT('',(-0.701135361863,7.823291752281,
    0.686854813403));
#3238 = CARTESIAN_POINT('',(-0.795467225145,7.989452017807,
    0.857554521034));
#3239 = CARTESIAN_POINT('',(-0.864650260548,8.089784507744,
    0.965664288067));
#3240 = CARTESIAN_POINT('',(-0.941287398966,8.185124490927,
    1.073507170445));
#3241 = CARTESIAN_POINT('',(-1.023579828619,8.275740128878,1.1811759116)
  );
#3242 = CARTESIAN_POINT('',(-1.110015343812,8.362016574365,
    1.288866812604));
#3243 = CARTESIAN_POINT('',(-1.222407620958,8.465851597894,
    1.424960834445));
#3244 = CARTESIAN_POINT('',(-1.245747809637,8.486982474378,
    1.453019339853));
#3245 = CARTESIAN_POINT('',(-1.269250729816,8.507861904533,
    1.481105391434));
#3246 = CARTESIAN_POINT('',(-1.292892327899,8.528498257175,
    1.509224090092));
#3247 = CARTESIAN_POINT('',(-1.316648731381,8.548900195983,
    1.537380727799));
#3248 = CARTESIAN_POINT('',(-1.340496248851,8.569076679499,1.56558078759
    ));
#3249 = PCURVE('',#107,#3250);
#3250 = DEFINITIONAL_REPRESENTATION('',(#3251),#3269);
#3251 = B_SPLINE_CURVE_WITH_KNOTS('',6,(#3252,#3253,#3254,#3255,#3256,
    #3257,#3258,#3259,#3260,#3261,#3262,#3263,#3264,#3265,#3266,#3267,
    #3268),.UNSPECIFIED.,.F.,.F.,(7,5,5,7),(0.,0.313908525555,
    0.858662632724,1.),.UNSPECIFIED.);
#3252 = CARTESIAN_POINT('',(-3.14159265359,-0.844021272475));
#3253 = CARTESIAN_POINT('',(-3.140266936899,-0.835772777096));
#3254 = CARTESIAN_POINT('',(-3.138358188318,-0.82757791665));
#3255 = CARTESIAN_POINT('',(-3.135928002546,-0.8194526769));
#3256 = CARTESIAN_POINT('',(-3.133040319877,-0.811406291953));
#3257 = CARTESIAN_POINT('',(-3.129756985712,-0.803442636165));
#3258 = CARTESIAN_POINT('',(-3.11984481505,-0.781884962691));
#3259 = CARTESIAN_POINT('',(-3.112533268644,-0.76846085531));
#3260 = CARTESIAN_POINT('',(-3.104486730023,-0.755278999663));
#3261 = CARTESIAN_POINT('',(-3.095945097239,-0.742309817413));
#3262 = CARTESIAN_POINT('',(-3.087095487811,-0.729515812356));
#3263 = CARTESIAN_POINT('',(-3.075760778855,-0.713559552583));
#3264 = CARTESIAN_POINT('',(-3.073415860679,-0.71028114988));
#3265 = CARTESIAN_POINT('',(-3.071063848338,-0.707010641985));
#3266 = CARTESIAN_POINT('',(-3.068707508199,-0.703747274241));
#3267 = CARTESIAN_POINT('',(-3.066349540721,-0.700490288028));
#3268 = CARTESIAN_POINT('',(-3.063992580458,-0.697238920763));
#3269 = ( GEOMETRIC_REPRESENTATION_CONTEXT(2) 
PARAMETRIC_REPRESENTATION_CONTEXT() REPRESENTATION_CONTEXT('2D SPACE',''
  ) );
#3270 = PCURVE('',#3271,#3280);
#3271 = B_SPLINE_SURFACE_WITH_KNOTS('',1,3,(
    (#3272,#3273,#3274,#3275)
    ,(#3276,#3277,#3278,#3279
    )),.UNSPECIFIED.,.F.,.F.,.F.,(2,2),(4,4),(0.,1.),(0.,1.),
  .PIECEWISE_BEZIER_KNOTS.);
#3272 = CARTESIAN_POINT('',(-0.708154601973,9.110157191085,
    -1.446944832201));
#3273 = CARTESIAN_POINT('',(-0.827378235869,9.644594420179,
    -0.965203855702));
#3274 = CARTESIAN_POINT('',(-1.222483078848,10.071985851031,
    -0.481716056663));
#3275 = CARTESIAN_POINT('',(-1.629385312816,10.415790195563,0.));
#3276 = CARTESIAN_POINT('',(-0.266965001372,3.434409831191,
    4.955821212164));
#3277 = CARTESIAN_POINT('',(-0.311910748386,3.635885660341,
    5.137431244908));
#3278 = CARTESIAN_POINT('',(-0.460860094551,3.797006626872,5.31969980685
    ));
#3279 = CARTESIAN_POINT('',(-0.614256902461,3.926616357649,
    5.501300445142));
#3280 = DEFINITIONAL_REPRESENTATION('',(#3281),#3299);
#3281 = B_SPLINE_CURVE_WITH_KNOTS('',6,(#3282,#3283,#3284,#3285,#3286,
    #3287,#3288,#3289,#3290,#3291,#3292,#3293,#3294,#3295,#3296,#3297,
    #3298),.UNSPECIFIED.,.F.,.F.,(7,5,5,7),(0.,0.313908525555,
    0.858662632724,1.),.UNSPECIFIED.);
#3282 = CARTESIAN_POINT('',(0.284583764003,0.));
#3283 = CARTESIAN_POINT('',(0.284586316756,5.21386041224E-02));
#3284 = CARTESIAN_POINT('',(0.284588892036,0.104495213123));
#3285 = CARTESIAN_POINT('',(0.284589889891,0.156959847512));
#3286 = CARTESIAN_POINT('',(0.284589163556,0.209451328709));
#3287 = CARTESIAN_POINT('',(0.28458734336,0.261916872435));
#3288 = CARTESIAN_POINT('',(0.284581372758,0.40529188397));
#3289 = CARTESIAN_POINT('',(0.28457648384,0.49607472079));
#3290 = CARTESIAN_POINT('',(0.284574427,0.586611431584));
#3291 = CARTESIAN_POINT('',(0.284579888235,0.676977635779));
#3292 = CARTESIAN_POINT('',(0.284590396924,0.767373235448));
#3293 = CARTESIAN_POINT('',(0.284593694126,0.881724127698));
#3294 = CARTESIAN_POINT('',(0.284593839661,0.905305921344));
#3295 = CARTESIAN_POINT('',(0.284593227561,0.928918311211));
#3296 = CARTESIAN_POINT('',(0.284591577754,0.95256719575));
#3297 = CARTESIAN_POINT('',(0.284588554021,0.976258864882));
#3298 = CARTESIAN_POINT('',(0.284583764003,1.));
#3299 = ( GEOMETRIC_REPRESENTATION_CONTEXT(2) 
PARAMETRIC_REPRESENTATION_CONTEXT() REPRESENTATION_CONTEXT('2D SPACE',''
  ) );
#3300 = ORIENTED_EDGE('',*,*,#3301,.T.);
#3301 = EDGE_CURVE('',#3228,#3302,#3304,.T.);
#3302 = VERTEX_POINT('',#3303);
#3303 = CARTESIAN_POINT('',(-2.040786628189,8.429780262292,1.56558078759
    ));
#3304 = SURFACE_CURVE('',#3305,(#3311,#3320),.PCURVE_S1.);
#3305 = B_SPLINE_CURVE_WITH_KNOTS('',4,(#3306,#3307,#3308,#3309,#3310),
  .UNSPECIFIED.,.F.,.F.,(5,5),(0.,1.),.PIECEWISE_BEZIER_KNOTS.);
#3306 = CARTESIAN_POINT('',(-1.340496248851,8.569076679499,1.56558078759
    ));
#3307 = CARTESIAN_POINT('',(-1.516903801402,8.541480884616,
    1.565581225341));
#3308 = CARTESIAN_POINT('',(-1.692553603659,8.509041574247,
    1.565580009348));
#3309 = CARTESIAN_POINT('',(-1.86724684752,8.471793319917,1.565581225341
    ));
#3310 = CARTESIAN_POINT('',(-2.040786628189,8.429780262292,1.56558078759
    ));
#3311 = PCURVE('',#107,#3312);
#3312 = DEFINITIONAL_REPRESENTATION('',(#3313),#3319);
#3313 = B_SPLINE_CURVE_WITH_KNOTS('',4,(#3314,#3315,#3316,#3317,#3318),
  .UNSPECIFIED.,.F.,.F.,(5,5),(0.,1.),.PIECEWISE_BEZIER_KNOTS.);
#3314 = CARTESIAN_POINT('',(-3.063992580458,-0.697238920763));
#3315 = CARTESIAN_POINT('',(-3.043406057256,-0.697238870292));
#3316 = CARTESIAN_POINT('',(-3.022819540309,-0.697239010492));
#3317 = CARTESIAN_POINT('',(-3.002233023358,-0.697238870292));
#3318 = CARTESIAN_POINT('',(-2.981646500158,-0.697238920763));
#3319 = ( GEOMETRIC_REPRESENTATION_CONTEXT(2) 
PARAMETRIC_REPRESENTATION_CONTEXT() REPRESENTATION_CONTEXT('2D SPACE',''
  ) );
#3320 = PCURVE('',#3321,#3330);
#3321 = B_SPLINE_SURFACE_WITH_KNOTS('',1,3,(
    (#3322,#3323,#3324,#3325)
    ,(#3326,#3327,#3328,#3329
    )),.UNSPECIFIED.,.F.,.F.,.F.,(2,2),(4,4),(0.,1.),(0.,1.),
  .PIECEWISE_BEZIER_KNOTS.);
#3322 = CARTESIAN_POINT('',(-1.629385312816,10.415790195563,0.));
#3323 = CARTESIAN_POINT('',(-1.915285430065,10.371067111776,0.));
#3324 = CARTESIAN_POINT('',(-2.199342551869,10.314564637207,
    -3.552713678801E-15));
#3325 = CARTESIAN_POINT('',(-2.480594601748,10.246474140766,0.));
#3326 = CARTESIAN_POINT('',(-0.614256902461,3.926616357649,
    5.501300445142));
#3327 = CARTESIAN_POINT('',(-0.722037498649,3.90975634136,5.501300445142
    ));
#3328 = CARTESIAN_POINT('',(-0.829123309715,3.888455649168,
    5.501300445142));
#3329 = CARTESIAN_POINT('',(-0.935151645438,3.862786424644,
    5.501300445142));
#3330 = DEFINITIONAL_REPRESENTATION('',(#3331),#3337);
#3331 = B_SPLINE_CURVE_WITH_KNOTS('',4,(#3332,#3333,#3334,#3335,#3336),
  .UNSPECIFIED.,.F.,.F.,(5,5),(0.,1.),.PIECEWISE_BEZIER_KNOTS.);
#3332 = CARTESIAN_POINT('',(0.284583764003,0.));
#3333 = CARTESIAN_POINT('',(0.284583843575,0.249999983278));
#3334 = CARTESIAN_POINT('',(0.284583622538,0.499999999991));
#3335 = CARTESIAN_POINT('',(0.284583843575,0.750000016749));
#3336 = CARTESIAN_POINT('',(0.284583764003,1.));
#3337 = ( GEOMETRIC_REPRESENTATION_CONTEXT(2) 
PARAMETRIC_REPRESENTATION_CONTEXT() REPRESENTATION_CONTEXT('2D SPACE',''
  ) );
#3338 = ORIENTED_EDGE('',*,*,#3339,.T.);
#3339 = EDGE_CURVE('',#3302,#3340,#3342,.T.);
#3340 = VERTEX_POINT('',#3341);
#3341 = CARTESIAN_POINT('',(-2.329934685852,7.147365006733,
    0.375178428735));
#3342 = SURFACE_CURVE('',#3343,(#3356,#3372),.PCURVE_S1.);
#3343 = B_SPLINE_CURVE_WITH_KNOTS('',6,(#3344,#3345,#3346,#3347,#3348,
    #3349,#3350,#3351,#3352,#3353,#3354,#3355),.UNSPECIFIED.,.F.,.F.,(7,
    5,7),(0.,0.732820620408,1.),.UNSPECIFIED.);
#3344 = CARTESIAN_POINT('',(-2.040786628189,8.429780262292,1.56558078759
    ));
#3345 = CARTESIAN_POINT('',(-2.114998887365,8.285791382414,
    1.419344595159));
#3346 = CARTESIAN_POINT('',(-2.184562657169,8.13726560758,1.274405658691
    ));
#3347 = CARTESIAN_POINT('',(-2.246081816958,7.984074428756,1.12972919273
    ));
#3348 = CARTESIAN_POINT('',(-2.296058388174,7.826580004693,
    0.984799079342));
#3349 = CARTESIAN_POINT('',(-2.330125163863,7.665828625244,
    0.839319585766));
#3350 = CARTESIAN_POINT('',(-2.349011993081,7.444222641807,
    0.640399382402));
#3351 = CARTESIAN_POINT('',(-2.351367862197,7.384814378687,
    0.587230181933));
#3352 = CARTESIAN_POINT('',(-2.350826960212,7.325301213332,
    0.534066775417));
#3353 = CARTESIAN_POINT('',(-2.347186886418,7.265798167997,
    0.480955298534));
#3354 = CARTESIAN_POINT('',(-2.34026842902,7.206437380082,0.427962598651
    ));
#3355 = CARTESIAN_POINT('',(-2.329934685852,7.147365006733,
    0.375178428735));
#3356 = PCURVE('',#107,#3357);
#3357 = DEFINITIONAL_REPRESENTATION('',(#3358),#3371);
#3358 = B_SPLINE_CURVE_WITH_KNOTS('',6,(#3359,#3360,#3361,#3362,#3363,
    #3364,#3365,#3366,#3367,#3368,#3369,#3370),.UNSPECIFIED.,.F.,.F.,(7,
    5,7),(0.,0.732820620408,1.),.UNSPECIFIED.);
#3359 = CARTESIAN_POINT('',(-2.981646500158,-0.697238920763));
#3360 = CARTESIAN_POINT('',(-2.969424083,-0.714099437108));
#3361 = CARTESIAN_POINT('',(-2.957185184779,-0.731096048148));
#3362 = CARTESIAN_POINT('',(-2.945277878207,-0.74836575001));
#3363 = CARTESIAN_POINT('',(-2.934101496947,-0.7659999948));
#3364 = CARTESIAN_POINT('',(-2.924228660929,-0.784079260579));
#3365 = CARTESIAN_POINT('',(-2.913529642201,-0.809383886597));
#3366 = CARTESIAN_POINT('',(-2.91094217792,-0.816204314947));
#3367 = CARTESIAN_POINT('',(-2.908661411947,-0.823083198456));
#3368 = CARTESIAN_POINT('',(-2.906725893015,-0.830017140618));
#3369 = CARTESIAN_POINT('',(-2.90517493305,-0.83699980493));
#3370 = CARTESIAN_POINT('',(-2.904046427026,-0.844021272475));
#3371 = ( GEOMETRIC_REPRESENTATION_CONTEXT(2) 
PARAMETRIC_REPRESENTATION_CONTEXT() REPRESENTATION_CONTEXT('2D SPACE',''
  ) );
#3372 = PCURVE('',#3373,#3382);
#3373 = B_SPLINE_SURFACE_WITH_KNOTS('',1,3,(
    (#3374,#3375,#3376,#3377)
    ,(#3378,#3379,#3380,#3381
    )),.UNSPECIFIED.,.F.,.F.,.F.,(2,2),(4,4),(0.,1.),(0.,1.),
  .PIECEWISE_BEZIER_KNOTS.);
#3374 = CARTESIAN_POINT('',(-2.480594601748,10.246474140766,0.));
#3375 = CARTESIAN_POINT('',(-2.724955020816,9.773125600132,
    -0.481716056663));
#3376 = CARTESIAN_POINT('',(-2.926428678718,9.227067327343,
    -0.965203855702));
#3377 = CARTESIAN_POINT('',(-2.832056680653,8.687686800532,
    -1.446944832201));
#3378 = CARTESIAN_POINT('',(-0.935151645438,3.862786424644,
    5.501300445142));
#3379 = CARTESIAN_POINT('',(-1.027272319977,3.6843402302,5.31969980685)
  );
#3380 = CARTESIAN_POINT('',(-1.103225247782,3.478483419924,
    5.137431244908));
#3381 = CARTESIAN_POINT('',(-1.067648241684,3.27514403234,4.955821212164
    ));
#3382 = DEFINITIONAL_REPRESENTATION('',(#3383),#3396);
#3383 = B_SPLINE_CURVE_WITH_KNOTS('',6,(#3384,#3385,#3386,#3387,#3388,
    #3389,#3390,#3391,#3392,#3393,#3394,#3395),.UNSPECIFIED.,.F.,.F.,(7,
    5,7),(0.,0.732820620408,1.),.UNSPECIFIED.);
#3384 = CARTESIAN_POINT('',(0.284583764003,0.));
#3385 = CARTESIAN_POINT('',(0.284608603452,0.123113682363));
#3386 = CARTESIAN_POINT('',(0.284586033969,0.244788723342));
#3387 = CARTESIAN_POINT('',(0.284570522209,0.36618192003));
#3388 = CARTESIAN_POINT('',(0.284574414154,0.487848364979));
#3389 = CARTESIAN_POINT('',(0.284582840991,0.610014101247));
#3390 = CARTESIAN_POINT('',(0.284588436328,0.777109084726));
#3391 = CARTESIAN_POINT('',(0.284589369445,0.821776944666));
#3392 = CARTESIAN_POINT('',(0.284589345138,0.866445373087));
#3393 = CARTESIAN_POINT('',(0.284588126384,0.91107650411));
#3394 = CARTESIAN_POINT('',(0.284585937014,0.955617418709));
#3395 = CARTESIAN_POINT('',(0.284583764003,1.));
#3396 = ( GEOMETRIC_REPRESENTATION_CONTEXT(2) 
PARAMETRIC_REPRESENTATION_CONTEXT() REPRESENTATION_CONTEXT('2D SPACE',''
  ) );
#3397 = ORIENTED_EDGE('',*,*,#3398,.T.);
#3398 = EDGE_CURVE('',#3340,#3399,#3401,.T.);
#3399 = VERTEX_POINT('',#3400);
#3400 = CARTESIAN_POINT('',(-3.406437647788,6.701462879964,
    0.375178428735));
#3401 = SURFACE_CURVE('',#3402,(#3461,#3523),.PCURVE_S1.);
#3402 = B_SPLINE_CURVE_WITH_KNOTS('',5,(#3403,#3404,#3405,#3406,#3407,
    #3408,#3409,#3410,#3411,#3412,#3413,#3414,#3415,#3416,#3417,#3418,
    #3419,#3420,#3421,#3422,#3423,#3424,#3425,#3426,#3427,#3428,#3429,
    #3430,#3431,#3432,#3433,#3434,#3435,#3436,#3437,#3438,#3439,#3440,
    #3441,#3442,#3443,#3444,#3445,#3446,#3447,#3448,#3449,#3450,#3451,
    #3452,#3453,#3454,#3455,#3456,#3457,#3458,#3459,#3460),
  .UNSPECIFIED.,.F.,.F.,(6,4,4,4,4,4,4,4,4,4,4,4,4,4,6),(0.,
    6.762764427242E-02,0.108763492702,0.204619724304,0.292448119473,
    0.341079842126,0.392327180603,0.500328651515,0.607505617169,
    0.658752481732,0.707383036577,0.795218737958,0.891063076287,
    0.932191463034,1.),.UNSPECIFIED.);
#3403 = CARTESIAN_POINT('',(-2.329934685852,7.147365006733,
    0.375178428735));
#3404 = CARTESIAN_POINT('',(-2.324394251606,7.129156993715,
    0.358259609997));
#3405 = CARTESIAN_POINT('',(-2.31982043444,7.110678091684,0.341474038793
    ));
#3406 = CARTESIAN_POINT('',(-2.316273038792,7.091955435566,
    0.324859551314));
#3407 = CARTESIAN_POINT('',(-2.313809431807,7.073026146024,
    0.308461226659));
#3408 = CARTESIAN_POINT('',(-2.311662892869,7.042329015287,0.28251789959
    ));
#3409 = CARTESIAN_POINT('',(-2.311268686119,7.03066052411,0.272804560709
    ));
#3410 = CARTESIAN_POINT('',(-2.311302429199,7.018944648578,
    0.263201542079));
#3411 = CARTESIAN_POINT('',(-2.311772284638,7.007193750665,
    0.253720825929));
#3412 = CARTESIAN_POINT('',(-2.314809415896,6.96798946,0.222596489877));
#3413 = CARTESIAN_POINT('',(-2.319335412463,6.94043798416,0.201546833121
    ));
#3414 = CARTESIAN_POINT('',(-2.326336856271,6.912949067454,
    0.181389746427));
#3415 = CARTESIAN_POINT('',(-2.335809478458,6.885718506226,
    0.162277200782));
#3416 = CARTESIAN_POINT('',(-2.358508756545,6.834425006623,
    0.127907407769));
#3417 = CARTESIAN_POINT('',(-2.371356324653,6.810283891531,
    0.112458735218));
#3418 = CARTESIAN_POINT('',(-2.386124381819,6.786682326183,
    9.80952532945E-02));
#3419 = CARTESIAN_POINT('',(-2.402688127431,6.76375394668,
    8.488536971882E-02));
#3420 = CARTESIAN_POINT('',(-2.430978618191,6.729357952085,
    6.62270278811E-02));
#3421 = CARTESIAN_POINT('',(-2.441565455372,6.717341797192,
    5.994556442539E-02));
#3422 = CARTESIAN_POINT('',(-2.452631563379,6.705586741361,
    5.403967679147E-02));
#3423 = CARTESIAN_POINT('',(-2.464150535848,6.694109978257,
    4.851501319497E-02));
#3424 = CARTESIAN_POINT('',(-2.488681779469,6.671141943592,
    3.795915100447E-02));
#3425 = CARTESIAN_POINT('',(-2.50174118149,6.659683150066,
    3.297055815839E-02));
#3426 = CARTESIAN_POINT('',(-2.515241262366,6.648567954468,
    2.841382516453E-02));
#3427 = CARTESIAN_POINT('',(-2.52915030717,6.637812225735,
    2.42918296912E-02));
#3428 = CARTESIAN_POINT('',(-2.573544873617,6.605550138972,
    1.283835055183E-02));
#3429 = CARTESIAN_POINT('',(-2.605327664129,6.585330915116,
    7.008639937975E-03));
#3430 = CARTESIAN_POINT('',(-2.638496017473,6.566901742669,
    3.130233651428E-03));
#3431 = CARTESIAN_POINT('',(-2.672765807764,6.55037560083,
    1.202711694116E-03));
#3432 = CARTESIAN_POINT('',(-2.74270444753,6.521463299193,
    1.250034537149E-03));
#3433 = CARTESIAN_POINT('',(-2.778357337307,6.509047853285,
    3.195197993305E-03));
#3434 = CARTESIAN_POINT('',(-2.814565480598,6.498725835012,
    7.061569473684E-03));
#3435 = CARTESIAN_POINT('',(-2.851054402668,6.490615473089,
    1.284949737341E-02));
#3436 = CARTESIAN_POINT('',(-2.904978133656,6.482059543323,
    2.422604808419E-02));
#3437 = CARTESIAN_POINT('',(-2.922418946865,6.479822782612,
    2.834232571848E-02));
#3438 = CARTESIAN_POINT('',(-2.939825085961,6.478129259157,
    3.289335488069E-02));
#3439 = CARTESIAN_POINT('',(-2.957162914259,6.476990184768,
    3.787626738749E-02));
#3440 = CARTESIAN_POINT('',(-2.99075205736,6.475870453143,
    4.842105338574E-02));
#3441 = CARTESIAN_POINT('',(-3.007013701266,6.475833499677,
    5.394030613786E-02));
#3442 = CARTESIAN_POINT('',(-3.023152228304,6.476313450563,
    5.984081523187E-02));
#3443 = CARTESIAN_POINT('',(-3.03913681593,6.477316834448,
    6.611694625741E-02));
#3444 = CARTESIAN_POINT('',(-3.083472071412,6.481613708426,
    8.476178719548E-02));
#3445 = CARTESIAN_POINT('',(-3.111405205334,6.48610132459,
    9.796389909136E-02));
#3446 = CARTESIAN_POINT('',(-3.138545543898,6.492334965976,
    0.112320154291));
#3447 = CARTESIAN_POINT('',(-3.164710246807,6.500308546997,
    0.127762235038));
#3448 = CARTESIAN_POINT('',(-3.217047201027,6.520501322513,
    0.162115991339));
#3449 = CARTESIAN_POINT('',(-3.243007366391,6.533043130036,
    0.181218736186));
#3450 = CARTESIAN_POINT('',(-3.267404117998,6.547515124272,
    0.201366528335));
#3451 = CARTESIAN_POINT('',(-3.290095774239,6.563782134041,0.22240751709
    ));
#3452 = CARTESIAN_POINT('',(-3.319979143534,6.589335850762,
    0.253519883101));
#3453 = CARTESIAN_POINT('',(-3.328624605783,6.597306407055,
    0.262996737222));
#3454 = CARTESIAN_POINT('',(-3.336937094831,6.605560658768,
    0.272596005912));
#3455 = CARTESIAN_POINT('',(-3.344913621608,6.614084105613,
    0.282305709509));
#3456 = CARTESIAN_POINT('',(-3.365149807048,6.63733327708,0.308285794459
    ));
#3457 = CARTESIAN_POINT('',(-3.376831285401,6.652495806771,
    0.324726238414));
#3458 = CARTESIAN_POINT('',(-3.387595333545,6.668282262212,
    0.341384247037));
#3459 = CARTESIAN_POINT('',(-3.39745635936,6.684625277574,0.358214358357
    ));
#3460 = CARTESIAN_POINT('',(-3.406437647788,6.701462879964,
    0.375178428735));
#3461 = PCURVE('',#107,#3462);
#3462 = DEFINITIONAL_REPRESENTATION('',(#3463),#3522);
#3463 = B_SPLINE_CURVE_WITH_KNOTS('',5,(#3464,#3465,#3466,#3467,#3468,
    #3469,#3470,#3471,#3472,#3473,#3474,#3475,#3476,#3477,#3478,#3479,
    #3480,#3481,#3482,#3483,#3484,#3485,#3486,#3487,#3488,#3489,#3490,
    #3491,#3492,#3493,#3494,#3495,#3496,#3497,#3498,#3499,#3500,#3501,
    #3502,#3503,#3504,#3505,#3506,#3507,#3508,#3509,#3510,#3511,#3512,
    #3513,#3514,#3515,#3516,#3517,#3518,#3519,#3520,#3521),
  .UNSPECIFIED.,.F.,.F.,(6,4,4,4,4,4,4,4,4,4,4,4,4,4,6),(0.,
    6.762764427242E-02,0.108763492702,0.204619724304,0.292448119473,
    0.341079842126,0.392327180603,0.500328651515,0.607505617169,
    0.658752481732,0.707383036577,0.795218737958,0.891063076287,
    0.932191463034,1.),.UNSPECIFIED.);
#3464 = CARTESIAN_POINT('',(-2.904046427026,-0.844021272475));
#3465 = CARTESIAN_POINT('',(-2.903996457035,-0.84627185133));
#3466 = CARTESIAN_POINT('',(-2.903812751897,-0.848511826097));
#3467 = CARTESIAN_POINT('',(-2.903487180284,-0.850736053925));
#3468 = CARTESIAN_POINT('',(-2.90301212201,-0.852938295243));
#3469 = CARTESIAN_POINT('',(-2.901998707974,-0.856433139432));
#3470 = CARTESIAN_POINT('',(-2.901558052557,-0.857744142056));
#3471 = CARTESIAN_POINT('',(-2.901058750449,-0.859042718089));
#3472 = CARTESIAN_POINT('',(-2.900499866593,-0.860327151841));
#3473 = CARTESIAN_POINT('',(-2.898438259645,-0.864551526721));
#3474 = CARTESIAN_POINT('',(-2.896668813949,-0.867421233768));
#3475 = CARTESIAN_POINT('',(-2.89456561011,-0.870181098771));
#3476 = CARTESIAN_POINT('',(-2.892133330534,-0.872808291653));
#3477 = CARTESIAN_POINT('',(-2.886879714448,-0.877549214701));
#3478 = CARTESIAN_POINT('',(-2.884107620547,-0.879687880444));
#3479 = CARTESIAN_POINT('',(-2.881090201195,-0.881682831575));
#3480 = CARTESIAN_POINT('',(-2.877849706004,-0.883522690738));
#3481 = CARTESIAN_POINT('',(-2.872509770449,-0.886127473473));
#3482 = CARTESIAN_POINT('',(-2.870546427279,-0.887005709732));
#3483 = CARTESIAN_POINT('',(-2.868527253092,-0.887832546263));
#3484 = CARTESIAN_POINT('',(-2.866456888531,-0.888606931243));
#3485 = CARTESIAN_POINT('',(-2.862109567641,-0.890088062953));
#3486 = CARTESIAN_POINT('',(-2.859827469279,-0.890788921282));
#3487 = CARTESIAN_POINT('',(-2.857499462718,-0.891429796258));
#3488 = CARTESIAN_POINT('',(-2.855131169127,-0.892010045538));
#3489 = CARTESIAN_POINT('',(-2.84766412655,-0.893623501301));
#3490 = CARTESIAN_POINT('',(-2.842446404559,-0.894446593144));
#3491 = CARTESIAN_POINT('',(-2.83712678732,-0.894994817608));
#3492 = CARTESIAN_POINT('',(-2.831757443299,-0.895267273085));
#3493 = CARTESIAN_POINT('',(-2.82106015304,-0.895260583973));
#3494 = CARTESIAN_POINT('',(-2.815732708265,-0.894985634823));
#3495 = CARTESIAN_POINT('',(-2.81045477928,-0.894439123062));
#3496 = CARTESIAN_POINT('',(-2.805277343194,-0.893621942472));
#3497 = CARTESIAN_POINT('',(-2.797847587898,-0.892019306818));
#3498 = CARTESIAN_POINT('',(-2.795478809698,-0.891439855643));
#3499 = CARTESIAN_POINT('',(-2.793150262509,-0.890799774581));
#3500 = CARTESIAN_POINT('',(-2.790867567402,-0.890099704379));
#3501 = CARTESIAN_POINT('',(-2.78651900604,-0.88862010415));
#3502 = CARTESIAN_POINT('',(-2.784448001986,-0.887846464878));
#3503 = CARTESIAN_POINT('',(-2.782428136838,-0.887020366836));
#3504 = CARTESIAN_POINT('',(-2.780464052087,-0.88614285975));
#3505 = CARTESIAN_POINT('',(-2.775121529594,-0.88353991055));
#3506 = CARTESIAN_POINT('',(-2.771879120714,-0.881701094486));
#3507 = CARTESIAN_POINT('',(-2.768859687856,-0.879707101323));
#3508 = CARTESIAN_POINT('',(-2.766085509739,-0.877569296469));
#3509 = CARTESIAN_POINT('',(-2.760828027686,-0.872830467193));
#3510 = CARTESIAN_POINT('',(-2.758393830925,-0.870204550914));
#3511 = CARTESIAN_POINT('',(-2.756288572098,-0.867445879362));
#3512 = CARTESIAN_POINT('',(-2.754516983534,-0.864577267676));
#3513 = CARTESIAN_POINT('',(-2.752452289626,-0.860354385876));
#3514 = CARTESIAN_POINT('',(-2.751892489003,-0.859070434509));
#3515 = CARTESIAN_POINT('',(-2.751392259164,-0.857772323502));
#3516 = CARTESIAN_POINT('',(-2.750950668517,-0.856461768358));
#3517 = CARTESIAN_POINT('',(-2.749932965875,-0.852961855514));
#3518 = CARTESIAN_POINT('',(-2.749455434064,-0.850753901052));
#3519 = CARTESIAN_POINT('',(-2.749128230702,-0.848523808536));
#3520 = CARTESIAN_POINT('',(-2.748943675534,-0.846277870804));
#3521 = CARTESIAN_POINT('',(-2.748893571891,-0.844021272475));
#3522 = ( GEOMETRIC_REPRESENTATION_CONTEXT(2) 
PARAMETRIC_REPRESENTATION_CONTEXT() REPRESENTATION_CONTEXT('2D SPACE',''
  ) );
#3523 = PCURVE('',#3524,#3533);
#3524 = B_SPLINE_SURFACE_WITH_KNOTS('',1,3,(
    (#3525,#3526,#3527,#3528)
    ,(#3529,#3530,#3531,#3532
    )),.UNSPECIFIED.,.F.,.F.,.F.,(2,2),(4,4),(0.,1.),(0.,1.),
  .PIECEWISE_BEZIER_KNOTS.);
#3525 = CARTESIAN_POINT('',(-2.832056680653,8.687686800532,
    -1.446944832201));
#3526 = CARTESIAN_POINT('',(-2.632755173929,8.032792527648,
    -2.052873367937));
#3527 = CARTESIAN_POINT('',(-3.818403031476,7.541681104854,
    -2.052873367937));
#3528 = CARTESIAN_POINT('',(-4.140555765887,8.145688733075,
    -1.446944832201));
#3529 = CARTESIAN_POINT('',(-1.067648241684,3.27514403234,4.955821212164
    ));
#3530 = CARTESIAN_POINT('',(-0.992514186397,3.028257476816,
    4.727394097628));
#3531 = CARTESIAN_POINT('',(-1.43948788541,2.843114908661,4.727394097628
    ));
#3532 = CARTESIAN_POINT('',(-1.560935243013,3.070817866247,
    4.955821212164));
#3533 = DEFINITIONAL_REPRESENTATION('',(#3534),#3593);
#3534 = B_SPLINE_CURVE_WITH_KNOTS('',5,(#3535,#3536,#3537,#3538,#3539,
    #3540,#3541,#3542,#3543,#3544,#3545,#3546,#3547,#3548,#3549,#3550,
    #3551,#3552,#3553,#3554,#3555,#3556,#3557,#3558,#3559,#3560,#3561,
    #3562,#3563,#3564,#3565,#3566,#3567,#3568,#3569,#3570,#3571,#3572,
    #3573,#3574,#3575,#3576,#3577,#3578,#3579,#3580,#3581,#3582,#3583,
    #3584,#3585,#3586,#3587,#3588,#3589,#3590,#3591,#3592),
  .UNSPECIFIED.,.F.,.F.,(6,4,4,4,4,4,4,4,4,4,4,4,4,4,6),(0.,
    6.762764427242E-02,0.108763492702,0.204619724304,0.292448119473,
    0.341079842126,0.392327180603,0.500328651515,0.607505617169,
    0.658752481732,0.707383036577,0.795218737958,0.891063076287,
    0.932191463034,1.),.UNSPECIFIED.);
#3535 = CARTESIAN_POINT('',(0.284583764003,0.));
#3536 = CARTESIAN_POINT('',(0.284577436635,1.128611294812E-02));
#3537 = CARTESIAN_POINT('',(0.284573453755,2.281147710806E-02));
#3538 = CARTESIAN_POINT('',(0.284571395006,3.457605057954E-02));
#3539 = CARTESIAN_POINT('',(0.284570828464,4.657619987702E-02));
#3540 = CARTESIAN_POINT('',(0.284571677356,6.623994768919E-02));
#3541 = CARTESIAN_POINT('',(0.28457240357,7.376086856234E-02));
#3542 = CARTESIAN_POINT('',(0.284573444612,8.136356746097E-02));
#3543 = CARTESIAN_POINT('',(0.284574717245,8.904534548482E-02));
#3544 = CARTESIAN_POINT('',(0.28457947306,0.11487965862));
#3545 = CARTESIAN_POINT('',(0.284583647947,0.133370021465));
#3546 = CARTESIAN_POINT('',(0.284587706794,0.152225291767));
#3547 = CARTESIAN_POINT('',(0.284590998674,0.171392073616));
#3548 = CARTESIAN_POINT('',(0.284595394638,0.208587994715));
#3549 = CARTESIAN_POINT('',(0.284596658401,0.226580756696));
#3550 = CARTESIAN_POINT('',(0.28459689554,0.24473113506));
#3551 = CARTESIAN_POINT('',(0.284596200335,0.262998586293));
#3552 = CARTESIAN_POINT('',(0.284594010507,0.291506704321));
#3553 = CARTESIAN_POINT('',(0.284593010503,0.30169163347));
#3554 = CARTESIAN_POINT('',(0.284591829416,0.311896189178));
#3555 = CARTESIAN_POINT('',(0.284590511622,0.322115815737));
#3556 = CARTESIAN_POINT('',(0.284587627565,0.343128392963));
#3557 = CARTESIAN_POINT('',(0.28458605077,0.353922604833));
#3558 = CARTESIAN_POINT('',(0.284584435484,0.364725567582));
#3559 = CARTESIAN_POINT('',(0.284582836969,0.375534318461));
#3560 = CARTESIAN_POINT('',(0.284578083368,0.409134141004));
#3561 = CARTESIAN_POINT('',(0.284575162078,0.431937146097));
#3562 = CARTESIAN_POINT('',(0.28457302094,0.454741844735));
#3563 = CARTESIAN_POINT('',(0.284571961223,0.477543880514));
#3564 = CARTESIAN_POINT('',(0.284571987268,0.522975970988));
#3565 = CARTESIAN_POINT('',(0.284573056744,0.545603971884));
#3566 = CARTESIAN_POINT('',(0.284575187685,0.568234546801));
#3567 = CARTESIAN_POINT('',(0.284578084914,0.590863402401));
#3568 = CARTESIAN_POINT('',(0.284582811123,0.6242893137));
#3569 = CARTESIAN_POINT('',(0.284584409219,0.635098032192));
#3570 = CARTESIAN_POINT('',(0.284586024627,0.645900987664));
#3571 = CARTESIAN_POINT('',(0.28458760211,0.656695224644));
#3572 = CARTESIAN_POINT('',(0.284590488573,0.677707779046));
#3573 = CARTESIAN_POINT('',(0.284591808032,0.687927353837));
#3574 = CARTESIAN_POINT('',(0.284592991284,0.698131902031));
#3575 = CARTESIAN_POINT('',(0.284593993917,0.708316875436));
#3576 = CARTESIAN_POINT('',(0.284596192372,0.73682725136));
#3577 = CARTESIAN_POINT('',(0.284596894307,0.755097030918));
#3578 = CARTESIAN_POINT('',(0.284596664542,0.773249949611));
#3579 = CARTESIAN_POINT('',(0.284595407937,0.791245481323));
#3580 = CARTESIAN_POINT('',(0.284591024993,0.828443643534));
#3581 = CARTESIAN_POINT('',(0.284587739173,0.847610040786));
#3582 = CARTESIAN_POINT('',(0.284583684067,0.866465324906));
#3583 = CARTESIAN_POINT('',(0.284579508873,0.884956083927));
#3584 = CARTESIAN_POINT('',(0.284574745017,0.910790994004));
#3585 = CARTESIAN_POINT('',(0.284573469019,0.918472709948));
#3586 = CARTESIAN_POINT('',(0.284572423485,0.926075413113));
#3587 = CARTESIAN_POINT('',(0.284571691546,0.933596400336));
#3588 = CARTESIAN_POINT('',(0.284570822467,0.9532954034));
#3589 = CARTESIAN_POINT('',(0.284571378529,0.965329544128));
#3590 = CARTESIAN_POINT('',(0.284573432465,0.977126867354));
#3591 = CARTESIAN_POINT('',(0.284577419712,0.988683700836));
#3592 = CARTESIAN_POINT('',(0.284583764003,1.));
#3593 = ( GEOMETRIC_REPRESENTATION_CONTEXT(2) 
PARAMETRIC_REPRESENTATION_CONTEXT() REPRESENTATION_CONTEXT('2D SPACE',''
  ) );
#3594 = ORIENTED_EDGE('',*,*,#3595,.T.);
#3595 = EDGE_CURVE('',#3399,#3596,#3598,.T.);
#3596 = VERTEX_POINT('',#3597);
#3597 = CARTESIAN_POINT('',(-4.517700723632,7.403808851127,1.56558078759
    ));
#3598 = SURFACE_CURVE('',#3599,(#3617,#3638),.PCURVE_S1.);
#3599 = B_SPLINE_CURVE_WITH_KNOTS('',6,(#3600,#3601,#3602,#3603,#3604,
    #3605,#3606,#3607,#3608,#3609,#3610,#3611,#3612,#3613,#3614,#3615,
    #3616),.UNSPECIFIED.,.F.,.F.,(7,5,5,7),(0.,0.313908523833,
    0.858662659554,1.),.UNSPECIFIED.);
#3600 = CARTESIAN_POINT('',(-3.406437647788,6.701462879964,
    0.375178428735));
#3601 = CARTESIAN_POINT('',(-3.446923674886,6.759116899037,
    0.437186830321));
#3602 = CARTESIAN_POINT('',(-3.491023697815,6.81371893877,0.499482409554
    ));
#3603 = CARTESIAN_POINT('',(-3.538412807037,6.865259387216,0.56192021769
    ));
#3604 = CARTESIAN_POINT('',(-3.588729482664,6.913803318354,
    0.624398712913));
#3605 = CARTESIAN_POINT('',(-3.641608749054,6.959466238716,
    0.686854811693));
#3606 = CARTESIAN_POINT('',(-3.792346812083,7.076879069806,
    0.857554524664));
#3607 = CARTESIAN_POINT('',(-3.894659189742,7.14309900541,0.965664297355
    ));
#3608 = CARTESIAN_POINT('',(-4.001947711442,7.201853903733,
    1.073507185359));
#3609 = CARTESIAN_POINT('',(-4.112653112532,7.254079889333,
    1.181175932134));
#3610 = CARTESIAN_POINT('',(-4.225525688534,7.300711493181,
    1.288866838788));
#3611 = CARTESIAN_POINT('',(-4.369098556905,7.353631882486,
    1.424960861076));
#3612 = CARTESIAN_POINT('',(-4.398748510266,7.364222361025,
    1.453019361178));
#3613 = CARTESIAN_POINT('',(-4.428452583553,7.374518258918,
    1.481105407446));
#3614 = CARTESIAN_POINT('',(-4.458191756759,7.384536512847,
    1.509224100782));
#3615 = CARTESIAN_POINT('',(-4.487947290023,7.394294262612,
    1.537380733152));
#3616 = CARTESIAN_POINT('',(-4.517700723632,7.403808851127,1.56558078759
    ));
#3617 = PCURVE('',#107,#3618);
#3618 = DEFINITIONAL_REPRESENTATION('',(#3619),#3637);
#3619 = B_SPLINE_CURVE_WITH_KNOTS('',6,(#3620,#3621,#3622,#3623,#3624,
    #3625,#3626,#3627,#3628,#3629,#3630,#3631,#3632,#3633,#3634,#3635,
    #3636),.UNSPECIFIED.,.F.,.F.,(7,5,5,7),(0.,0.313908523833,
    0.858662659554,1.),.UNSPECIFIED.);
#3620 = CARTESIAN_POINT('',(-2.748893571891,-0.844021272475));
#3621 = CARTESIAN_POINT('',(-2.747567855207,-0.835772777141));
#3622 = CARTESIAN_POINT('',(-2.74565910664,-0.82757791674));
#3623 = CARTESIAN_POINT('',(-2.743228920887,-0.819452677033));
#3624 = CARTESIAN_POINT('',(-2.740341238242,-0.811406292129));
#3625 = CARTESIAN_POINT('',(-2.737057904104,-0.803442636383));
#3626 = CARTESIAN_POINT('',(-2.727145733157,-0.781884962229));
#3627 = CARTESIAN_POINT('',(-2.719834186327,-0.768460854154));
#3628 = CARTESIAN_POINT('',(-2.711787647217,-0.755278997838));
#3629 = CARTESIAN_POINT('',(-2.703246013913,-0.742309814938));
#3630 = CARTESIAN_POINT('',(-2.694396403961,-0.729515809245));
#3631 = CARTESIAN_POINT('',(-2.68306169493,-0.713559549471));
#3632 = CARTESIAN_POINT('',(-2.680716777194,-0.710281147397));
#3633 = CARTESIAN_POINT('',(-2.678364765297,-0.707010640127));
#3634 = CARTESIAN_POINT('',(-2.676008425605,-0.703747273005));
#3635 = CARTESIAN_POINT('',(-2.673650458575,-0.700490287411));
#3636 = CARTESIAN_POINT('',(-2.671293498759,-0.697238920763));
#3637 = ( GEOMETRIC_REPRESENTATION_CONTEXT(2) 
PARAMETRIC_REPRESENTATION_CONTEXT() REPRESENTATION_CONTEXT('2D SPACE',''
  ) );
#3638 = PCURVE('',#3639,#3648);
#3639 = B_SPLINE_SURFACE_WITH_KNOTS('',1,3,(
    (#3640,#3641,#3642,#3643)
    ,(#3644,#3645,#3646,#3647
    )),.UNSPECIFIED.,.F.,.F.,.F.,(2,2),(4,4),(0.,1.),(0.,1.),
  .PIECEWISE_BEZIER_KNOTS.);
#3640 = CARTESIAN_POINT('',(-4.140555765887,8.145688733075,
    -1.446944832201));
#3641 = CARTESIAN_POINT('',(-4.455224314248,8.593819441009,
    -0.965203855702));
#3642 = CARTESIAN_POINT('',(-4.983809211594,8.837477558889,
    -0.481716056663));
#3643 = CARTESIAN_POINT('',(-5.491306083917,8.999396612458,0.));
#3644 = CARTESIAN_POINT('',(-1.560935243013,3.070817866247,
    4.955821212164));
#3645 = CARTESIAN_POINT('',(-1.67956116059,3.239757268356,5.137431244908
    ));
#3646 = CARTESIAN_POINT('',(-1.878830737392,3.331613184554,5.31969980685
    ));
#3647 = CARTESIAN_POINT('',(-2.070150405214,3.392654545068,
    5.501300445142));
#3648 = DEFINITIONAL_REPRESENTATION('',(#3649),#3667);
#3649 = B_SPLINE_CURVE_WITH_KNOTS('',6,(#3650,#3651,#3652,#3653,#3654,
    #3655,#3656,#3657,#3658,#3659,#3660,#3661,#3662,#3663,#3664,#3665,
    #3666),.UNSPECIFIED.,.F.,.F.,(7,5,5,7),(0.,0.313908523833,
    0.858662659554,1.),.UNSPECIFIED.);
#3650 = CARTESIAN_POINT('',(0.284583764003,0.));
#3651 = CARTESIAN_POINT('',(0.284586316756,5.213860383699E-02));
#3652 = CARTESIAN_POINT('',(0.284588892036,0.10449521255));
#3653 = CARTESIAN_POINT('',(0.284589889891,0.156959846651));
#3654 = CARTESIAN_POINT('',(0.284589163556,0.209451327559));
#3655 = CARTESIAN_POINT('',(0.28458734336,0.261916871));
#3656 = CARTESIAN_POINT('',(0.284581372758,0.405291887019));
#3657 = CARTESIAN_POINT('',(0.28457648384,0.496074728589));
#3658 = CARTESIAN_POINT('',(0.284574427,0.586611444105));
#3659 = CARTESIAN_POINT('',(0.284579888236,0.676977653013));
#3660 = CARTESIAN_POINT('',(0.284590396927,0.767373257426));
#3661 = CARTESIAN_POINT('',(0.284593694127,0.88172415008));
#3662 = CARTESIAN_POINT('',(0.28459383966,0.905305939272));
#3663 = CARTESIAN_POINT('',(0.28459322756,0.928918324678));
#3664 = CARTESIAN_POINT('',(0.284591577752,0.952567204744));
#3665 = CARTESIAN_POINT('',(0.28458855402,0.976258869388));
#3666 = CARTESIAN_POINT('',(0.284583764003,1.));
#3667 = ( GEOMETRIC_REPRESENTATION_CONTEXT(2) 
PARAMETRIC_REPRESENTATION_CONTEXT() REPRESENTATION_CONTEXT('2D SPACE',''
  ) );
#3668 = ORIENTED_EDGE('',*,*,#3669,.T.);
#3669 = EDGE_CURVE('',#3596,#3670,#3672,.T.);
#3670 = VERTEX_POINT('',#3671);
#3671 = CARTESIAN_POINT('',(-5.111378240864,7.007126216299,1.56558078759
    ));
#3672 = SURFACE_CURVE('',#3673,(#3679,#3688),.PCURVE_S1.);
#3673 = B_SPLINE_CURVE_WITH_KNOTS('',4,(#3674,#3675,#3676,#3677,#3678),
  .UNSPECIFIED.,.F.,.F.,(5,5),(0.,1.),.PIECEWISE_BEZIER_KNOTS.);
#3674 = CARTESIAN_POINT('',(-4.517700723632,7.403808851127,1.56558078759
    ));
#3675 = CARTESIAN_POINT('',(-4.67011959731,7.310805413345,1.565581225341
    ));
#3676 = CARTESIAN_POINT('',(-4.819984867869,7.213617129224,
    1.565580009348));
#3677 = CARTESIAN_POINT('',(-4.967126090523,7.112352019255,
    1.565581225341));
#3678 = CARTESIAN_POINT('',(-5.111378240864,7.007126216299,1.56558078759
    ));
#3679 = PCURVE('',#107,#3680);
#3680 = DEFINITIONAL_REPRESENTATION('',(#3681),#3687);
#3681 = B_SPLINE_CURVE_WITH_KNOTS('',4,(#3682,#3683,#3684,#3685,#3686),
  .UNSPECIFIED.,.F.,.F.,(5,5),(0.,1.),.PIECEWISE_BEZIER_KNOTS.);
#3682 = CARTESIAN_POINT('',(-2.671293498759,-0.697238920763));
#3683 = CARTESIAN_POINT('',(-2.650706975557,-0.697238870292));
#3684 = CARTESIAN_POINT('',(-2.63012045861,-0.697239010492));
#3685 = CARTESIAN_POINT('',(-2.609533941659,-0.697238870292));
#3686 = CARTESIAN_POINT('',(-2.588947418459,-0.697238920763));
#3687 = ( GEOMETRIC_REPRESENTATION_CONTEXT(2) 
PARAMETRIC_REPRESENTATION_CONTEXT() REPRESENTATION_CONTEXT('2D SPACE',''
  ) );
#3688 = PCURVE('',#3689,#3698);
#3689 = B_SPLINE_SURFACE_WITH_KNOTS('',1,3,(
    (#3690,#3691,#3692,#3693)
    ,(#3694,#3695,#3696,#3697
    )),.UNSPECIFIED.,.F.,.F.,.F.,(2,2),(4,4),(0.,1.),(0.,1.),
  .PIECEWISE_BEZIER_KNOTS.);
#3690 = CARTESIAN_POINT('',(-5.491306083917,8.999396612458,0.));
#3691 = CARTESIAN_POINT('',(-5.738328567378,8.848668632535,0.));
#3692 = CARTESIAN_POINT('',(-5.979140567371,8.687763198385,
    -3.552713678801E-15));
#3693 = CARTESIAN_POINT('',(-6.212926474841,8.517225282556,0.));
#3694 = CARTESIAN_POINT('',(-2.070150405214,3.392654545068,
    5.501300445142));
#3695 = CARTESIAN_POINT('',(-2.16327464313,3.335832072609,5.501300445142
    ));
#3696 = CARTESIAN_POINT('',(-2.254057610197,3.275172833328,
    5.501300445142));
#3697 = CARTESIAN_POINT('',(-2.34219183249,3.210882274733,5.501300445142
    ));
#3698 = DEFINITIONAL_REPRESENTATION('',(#3699),#3705);
#3699 = B_SPLINE_CURVE_WITH_KNOTS('',4,(#3700,#3701,#3702,#3703,#3704),
  .UNSPECIFIED.,.F.,.F.,(5,5),(0.,1.),.PIECEWISE_BEZIER_KNOTS.);
#3700 = CARTESIAN_POINT('',(0.284583764003,0.));
#3701 = CARTESIAN_POINT('',(0.284583843575,0.249999983278));
#3702 = CARTESIAN_POINT('',(0.284583622538,0.499999999991));
#3703 = CARTESIAN_POINT('',(0.284583843575,0.750000016749));
#3704 = CARTESIAN_POINT('',(0.284583764003,1.));
#3705 = ( GEOMETRIC_REPRESENTATION_CONTEXT(2) 
PARAMETRIC_REPRESENTATION_CONTEXT() REPRESENTATION_CONTEXT('2D SPACE',''
  ) );
#3706 = ORIENTED_EDGE('',*,*,#3707,.T.);
#3707 = EDGE_CURVE('',#3670,#3708,#3710,.T.);
#3708 = VERTEX_POINT('',#3709);
#3709 = CARTESIAN_POINT('',(-4.88775714149,5.711676838339,0.375178428735
    ));
#3710 = SURFACE_CURVE('',#3711,(#3724,#3740),.PCURVE_S1.);
#3711 = B_SPLINE_CURVE_WITH_KNOTS('',6,(#3712,#3713,#3714,#3715,#3716,
    #3717,#3718,#3719,#3720,#3721,#3722,#3723),.UNSPECIFIED.,.F.,.F.,(7,
    5,7),(0.,0.732820792908,1.),.UNSPECIFIED.);
#3712 = CARTESIAN_POINT('',(-5.111378240864,7.007126216299,1.56558078759
    ));
#3713 = CARTESIAN_POINT('',(-5.124839272575,6.845697997178,1.41934456071
    ));
#3714 = CARTESIAN_POINT('',(-5.132269462716,6.681857132484,
    1.274405590484));
#3715 = CARTESIAN_POINT('',(-5.130482024426,6.516784535162,
    1.129729090596));
#3716 = CARTESIAN_POINT('',(-5.116383836901,6.352153415964,
    0.984798942865));
#3717 = CARTESIAN_POINT('',(-5.086340521927,6.190601680852,0.83931941448
    ));
#3718 = CARTESIAN_POINT('',(-5.01898470754,5.978636781997,0.640399210807
    ));
#3719 = CARTESIAN_POINT('',(-4.998426695012,5.922849190183,
    0.587230044673));
#3720 = CARTESIAN_POINT('',(-4.975152273838,5.868073226697,
    0.534066672575));
#3721 = CARTESIAN_POINT('',(-4.949018467566,5.814492613295,
    0.480955230125));
#3722 = CARTESIAN_POINT('',(-4.919910273132,5.762298010031,
    0.427962564577));
#3723 = CARTESIAN_POINT('',(-4.88775714149,5.711676838339,0.375178428735
    ));
#3724 = PCURVE('',#107,#3725);
#3725 = DEFINITIONAL_REPRESENTATION('',(#3726),#3739);
#3726 = B_SPLINE_CURVE_WITH_KNOTS('',6,(#3727,#3728,#3729,#3730,#3731,
    #3732,#3733,#3734,#3735,#3736,#3737,#3738),.UNSPECIFIED.,.F.,.F.,(7,
    5,7),(0.,0.732820792908,1.),.UNSPECIFIED.);
#3727 = CARTESIAN_POINT('',(-2.588947418459,-0.697238920763));
#3728 = CARTESIAN_POINT('',(-2.576724998422,-0.71409944108));
#3729 = CARTESIAN_POINT('',(-2.56448609732,-0.731096056146));
#3730 = CARTESIAN_POINT('',(-2.552578788104,-0.748365762202));
#3731 = CARTESIAN_POINT('',(-2.541402404721,-0.766000011405));
#3732 = CARTESIAN_POINT('',(-2.531529567607,-0.784079281866));
#3733 = CARTESIAN_POINT('',(-2.520830552152,-0.809383908609));
#3734 = CARTESIAN_POINT('',(-2.518243090333,-0.816204332708));
#3735 = CARTESIAN_POINT('',(-2.5159623265,-0.823083211882));
#3736 = CARTESIAN_POINT('',(-2.514026809314,-0.830017149632));
#3737 = CARTESIAN_POINT('',(-2.512475850623,-0.836999809462));
#3738 = CARTESIAN_POINT('',(-2.511347345328,-0.844021272475));
#3739 = ( GEOMETRIC_REPRESENTATION_CONTEXT(2) 
PARAMETRIC_REPRESENTATION_CONTEXT() REPRESENTATION_CONTEXT('2D SPACE',''
  ) );
#3740 = PCURVE('',#3741,#3750);
#3741 = B_SPLINE_SURFACE_WITH_KNOTS('',1,3,(
    (#3742,#3743,#3744,#3745)
    ,(#3746,#3747,#3748,#3749
    )),.UNSPECIFIED.,.F.,.F.,.F.,(2,2),(4,4),(0.,1.),(0.,1.),
  .PIECEWISE_BEZIER_KNOTS.);
#3742 = CARTESIAN_POINT('',(-6.212926474841,8.517225282556,0.));
#3743 = CARTESIAN_POINT('',(-6.25754342034,7.986395570218,
    -0.481716056663));
#3744 = CARTESIAN_POINT('',(-6.234713355113,7.404802877492,
    -0.965203855702));
#3745 = CARTESIAN_POINT('',(-5.941113006308,6.942594848675,
    -1.446944832201));
#3746 = CARTESIAN_POINT('',(-2.34219183249,3.210882274733,5.501300445142
    ));
#3747 = CARTESIAN_POINT('',(-2.359011836036,3.010766432107,5.31969980685
    ));
#3748 = CARTESIAN_POINT('',(-2.350405200737,2.791513611354,
    5.137431244908));
#3749 = CARTESIAN_POINT('',(-2.239721718199,2.617267243819,
    4.955821212164));
#3750 = DEFINITIONAL_REPRESENTATION('',(#3751),#3764);
#3751 = B_SPLINE_CURVE_WITH_KNOTS('',6,(#3752,#3753,#3754,#3755,#3756,
    #3757,#3758,#3759,#3760,#3761,#3762,#3763),.UNSPECIFIED.,.F.,.F.,(7,
    5,7),(0.,0.732820792908,1.),.UNSPECIFIED.);
#3752 = CARTESIAN_POINT('',(0.284583764003,0.));
#3753 = CARTESIAN_POINT('',(0.284608603458,0.123113711364));
#3754 = CARTESIAN_POINT('',(0.284586033959,0.244788780602));
#3755 = CARTESIAN_POINT('',(0.284570522198,0.366182005726));
#3756 = CARTESIAN_POINT('',(0.284574414158,0.48784847955));
#3757 = CARTESIAN_POINT('',(0.284582841001,0.610014245083));
#3758 = CARTESIAN_POINT('',(0.284588436331,0.777109228885));
#3759 = CARTESIAN_POINT('',(0.284589369445,0.821777059993));
#3760 = CARTESIAN_POINT('',(0.284589345136,0.866445459508));
#3761 = CARTESIAN_POINT('',(0.284588126382,0.911076561609));
#3762 = CARTESIAN_POINT('',(0.284585937012,0.955617447359));
#3763 = CARTESIAN_POINT('',(0.284583764003,1.));
#3764 = ( GEOMETRIC_REPRESENTATION_CONTEXT(2) 
PARAMETRIC_REPRESENTATION_CONTEXT() REPRESENTATION_CONTEXT('2D SPACE',''
  ) );
#3765 = ORIENTED_EDGE('',*,*,#3766,.T.);
#3766 = EDGE_CURVE('',#3708,#3767,#3769,.T.);
#3767 = VERTEX_POINT('',#3768);
#3768 = CARTESIAN_POINT('',(-5.711676838339,4.88775714149,0.375178428735
    ));
#3769 = SURFACE_CURVE('',#3770,(#3829,#3891),.PCURVE_S1.);
#3770 = B_SPLINE_CURVE_WITH_KNOTS('',5,(#3771,#3772,#3773,#3774,#3775,
    #3776,#3777,#3778,#3779,#3780,#3781,#3782,#3783,#3784,#3785,#3786,
    #3787,#3788,#3789,#3790,#3791,#3792,#3793,#3794,#3795,#3796,#3797,
    #3798,#3799,#3800,#3801,#3802,#3803,#3804,#3805,#3806,#3807,#3808,
    #3809,#3810,#3811,#3812,#3813,#3814,#3815,#3816,#3817,#3818,#3819,
    #3820,#3821,#3822,#3823,#3824,#3825,#3826,#3827,#3828),
  .UNSPECIFIED.,.F.,.F.,(6,4,4,4,4,4,4,4,4,4,4,4,4,4,6),(0.,
    6.762764417403E-02,0.108763492608,0.204619724215,0.292448120763,
    0.341079843406,0.392327181879,0.50032865279,0.607505596433,
    0.658752460936,0.707383015636,0.79521867856,0.891063012513,
    0.932191396515,1.),.UNSPECIFIED.);
#3771 = CARTESIAN_POINT('',(-4.88775714149,5.711676838339,0.375178428735
    ));
#3772 = CARTESIAN_POINT('',(-4.875670542787,5.6969750602,0.358259610022)
  );
#3773 = CARTESIAN_POINT('',(-4.864373317082,5.681653104905,
    0.341474038841));
#3774 = CARTESIAN_POINT('',(-4.853931100555,5.665713155691,
    0.324859551387));
#3775 = CARTESIAN_POINT('',(-4.844411099001,5.649167554122,
    0.308461226754));
#3776 = CARTESIAN_POINT('',(-4.83068067226,5.621628548245,0.282517899705
    ));
#3777 = CARTESIAN_POINT('',(-4.825851134453,5.610999124465,
    0.272804560822));
#3778 = CARTESIAN_POINT('',(-4.821398837528,5.600162153938,0.26320154219
    ));
#3779 = CARTESIAN_POINT('',(-4.817336053401,5.589125933976,
    0.253720826038));
#3780 = CARTESIAN_POINT('',(-4.80513916428,5.551743632433,0.222596489979
    ));
#3781 = CARTESIAN_POINT('',(-4.798777146522,5.524557363914,
    0.201546833218));
#3782 = CARTESIAN_POINT('',(-4.794726084148,5.496481579852,
    0.181389746519));
#3783 = CARTESIAN_POINT('',(-4.793056961261,5.467698806102,
    0.162277200869));
#3784 = CARTESIAN_POINT('',(-4.794399187196,5.411623153598,
    0.127907407588));
#3785 = CARTESIAN_POINT('',(-4.797030387694,5.384403119579,
    0.112458734806));
#3786 = CARTESIAN_POINT('',(-4.801642365534,5.356946625175,
    9.80952526867E-02));
#3787 = CARTESIAN_POINT('',(-4.808170960306,5.32942489318,
    8.488536895324E-02));
#3788 = CARTESIAN_POINT('',(-4.82114518871,5.286820835246,
    6.622702703788E-02));
#3789 = CARTESIAN_POINT('',(-4.826327767554,5.2716679485,
    5.9945563623E-02));
#3790 = CARTESIAN_POINT('',(-4.832053053189,5.256572876829,
    5.403967603026E-02));
#3791 = CARTESIAN_POINT('',(-4.838303229045,5.241561610388,
    4.851501247518E-02));
#3792 = CARTESIAN_POINT('',(-4.852177656701,5.210954212777,
    3.79591503695E-02));
#3793 = CARTESIAN_POINT('',(-4.859857880552,5.195370051197,
    3.29705575669E-02));
#3794 = CARTESIAN_POINT('',(-4.868076727809,5.179934692214,
    2.841382461672E-02));
#3795 = CARTESIAN_POINT('',(-4.876810970482,5.164674933594,
    2.429182918716E-02));
#3796 = CARTESIAN_POINT('',(-4.905480035831,5.117879586954,
    1.283835018352E-02));
#3797 = CARTESIAN_POINT('',(-4.927105943581,5.087036712559,
    7.00863966207E-03));
#3798 = CARTESIAN_POINT('',(-4.950696967484,5.057317398088,
    3.13023346796E-03));
#3799 = CARTESIAN_POINT('',(-4.976033844714,5.028934752983,
    1.202711603097E-03));
#3800 = CARTESIAN_POINT('',(-5.029584458365,4.975458916158,
    1.250034625414E-03));
#3801 = CARTESIAN_POINT('',(-5.057772242017,4.950344774486,
    3.195197379194E-03));
#3802 = CARTESIAN_POINT('',(-5.08727413259,4.9269522207,
    7.061567368355E-03));
#3803 = CARTESIAN_POINT('',(-5.117881792799,4.905495520686,
    1.284949298697E-02));
#3804 = CARTESIAN_POINT('',(-5.164426604116,4.876955155351,
    2.422603993075E-02));
#3805 = CARTESIAN_POINT('',(-5.179683842891,4.868214346835,
    2.834231685583E-02));
#3806 = CARTESIAN_POINT('',(-5.195116934892,4.859988693279,
    3.289334531057E-02));
#3807 = CARTESIAN_POINT('',(-5.210699094449,4.85230142525,
    3.78762571128E-02));
#3808 = CARTESIAN_POINT('',(-5.241302913089,4.838412917801,
    4.842104173722E-02));
#3809 = CARTESIAN_POINT('',(-5.25631257138,4.832155714673,
    5.39402938182E-02));
#3810 = CARTESIAN_POINT('',(-5.27140629528,4.826423183654,
    5.984080224508E-02));
#3811 = CARTESIAN_POINT('',(-5.28655810688,4.821233151707,
    6.611693260921E-02));
#3812 = CARTESIAN_POINT('',(-5.32916287227,4.808236578864,
    8.476176649482E-02));
#3813 = CARTESIAN_POINT('',(-5.356687047258,4.801693048286,
    9.796387097063E-02));
#3814 = CARTESIAN_POINT('',(-5.38414695002,4.797066022547,0.112320117805
    ));
#3815 = CARTESIAN_POINT('',(-5.411371329524,4.794419849204,
    0.127762189355));
#3816 = CARTESIAN_POINT('',(-5.467451800179,4.793047044993,
    0.162115932064));
#3817 = CARTESIAN_POINT('',(-5.496235407876,4.794699633,0.181218673306)
  );
#3818 = CARTESIAN_POINT('',(-5.524313260533,4.798733773406,
    0.201366462037));
#3819 = CARTESIAN_POINT('',(-5.551502733603,4.805078803645,
    0.222407447604));
#3820 = CARTESIAN_POINT('',(-5.588890352835,4.81725148027,0.253519809213
    ));
#3821 = CARTESIAN_POINT('',(-5.599927918791,4.821306836193,
    0.262996661914));
#3822 = CARTESIAN_POINT('',(-5.610766423227,4.82575171584,0.272595929224
    ));
#3823 = CARTESIAN_POINT('',(-5.621397555579,4.830573866566,
    0.282305631484));
#3824 = CARTESIAN_POINT('',(-5.648990445673,4.84430924914,0.308285729948
    ));
#3825 = CARTESIAN_POINT('',(-5.665585191409,4.853847298378,0.32472618939
    ));
#3826 = CARTESIAN_POINT('',(-5.68157110703,4.864312867141,0.341384214017
    ));
#3827 = CARTESIAN_POINT('',(-5.696935723849,4.875638203659,
    0.358214341716));
#3828 = CARTESIAN_POINT('',(-5.711676838339,4.88775714149,0.375178428735
    ));
#3829 = PCURVE('',#107,#3830);
#3830 = DEFINITIONAL_REPRESENTATION('',(#3831),#3890);
#3831 = B_SPLINE_CURVE_WITH_KNOTS('',5,(#3832,#3833,#3834,#3835,#3836,
    #3837,#3838,#3839,#3840,#3841,#3842,#3843,#3844,#3845,#3846,#3847,
    #3848,#3849,#3850,#3851,#3852,#3853,#3854,#3855,#3856,#3857,#3858,
    #3859,#3860,#3861,#3862,#3863,#3864,#3865,#3866,#3867,#3868,#3869,
    #3870,#3871,#3872,#3873,#3874,#3875,#3876,#3877,#3878,#3879,#3880,
    #3881,#3882,#3883,#3884,#3885,#3886,#3887,#3888,#3889),
  .UNSPECIFIED.,.F.,.F.,(6,4,4,4,4,4,4,4,4,4,4,4,4,4,6),(0.,
    6.762764417403E-02,0.108763492608,0.204619724215,0.292448120763,
    0.341079843406,0.392327181879,0.50032865279,0.607505596433,
    0.658752460936,0.707383015636,0.79521867856,0.891063012513,
    0.932191396515,1.),.UNSPECIFIED.);
#3832 = CARTESIAN_POINT('',(-2.511347345328,-0.844021272475));
#3833 = CARTESIAN_POINT('',(-2.511297375336,-0.846271851327));
#3834 = CARTESIAN_POINT('',(-2.511113670199,-0.848511826091));
#3835 = CARTESIAN_POINT('',(-2.510788098587,-0.850736053915));
#3836 = CARTESIAN_POINT('',(-2.510313040314,-0.85293829523));
#3837 = CARTESIAN_POINT('',(-2.509299626281,-0.856433139416));
#3838 = CARTESIAN_POINT('',(-2.508858970864,-0.85774414204));
#3839 = CARTESIAN_POINT('',(-2.508359668757,-0.859042718074));
#3840 = CARTESIAN_POINT('',(-2.507800784901,-0.860327151827));
#3841 = CARTESIAN_POINT('',(-2.505739177955,-0.864551526707));
#3842 = CARTESIAN_POINT('',(-2.50396973226,-0.867421233755));
#3843 = CARTESIAN_POINT('',(-2.501866528422,-0.870181098758));
#3844 = CARTESIAN_POINT('',(-2.499434248847,-0.872808291641));
#3845 = CARTESIAN_POINT('',(-2.494180632723,-0.877549214726));
#3846 = CARTESIAN_POINT('',(-2.491408538776,-0.879687880501));
#3847 = CARTESIAN_POINT('',(-2.48839111937,-0.881682831659));
#3848 = CARTESIAN_POINT('',(-2.485150624118,-0.883522690844));
#3849 = CARTESIAN_POINT('',(-2.479810688491,-0.886127473591));
#3850 = CARTESIAN_POINT('',(-2.477847345315,-0.887005709844));
#3851 = CARTESIAN_POINT('',(-2.475828171124,-0.88783254637));
#3852 = CARTESIAN_POINT('',(-2.473757806558,-0.888606931344));
#3853 = CARTESIAN_POINT('',(-2.469410485658,-0.890088063042));
#3854 = CARTESIAN_POINT('',(-2.467128387292,-0.890788921366));
#3855 = CARTESIAN_POINT('',(-2.464800380727,-0.891429796335));
#3856 = CARTESIAN_POINT('',(-2.462432087132,-0.892010045609));
#3857 = CARTESIAN_POINT('',(-2.454965044544,-0.893623501353));
#3858 = CARTESIAN_POINT('',(-2.449747322548,-0.894446593183));
#3859 = CARTESIAN_POINT('',(-2.444427705305,-0.894994817634));
#3860 = CARTESIAN_POINT('',(-2.439058361282,-0.895267273098));
#3861 = CARTESIAN_POINT('',(-2.428361072118,-0.895260583961));
#3862 = CARTESIAN_POINT('',(-2.423033628438,-0.89498563491));
#3863 = CARTESIAN_POINT('',(-2.41775570052,-0.894439123359));
#3864 = CARTESIAN_POINT('',(-2.412578265441,-0.893621943091));
#3865 = CARTESIAN_POINT('',(-2.405148511007,-0.892019307966));
#3866 = CARTESIAN_POINT('',(-2.402779732747,-0.89143985689));
#3867 = CARTESIAN_POINT('',(-2.400451185492,-0.890799775927));
#3868 = CARTESIAN_POINT('',(-2.39816849031,-0.890099705822));
#3869 = CARTESIAN_POINT('',(-2.393819928795,-0.888620105783));
#3870 = CARTESIAN_POINT('',(-2.391748924661,-0.887846466603));
#3871 = CARTESIAN_POINT('',(-2.389729059427,-0.887020368654));
#3872 = CARTESIAN_POINT('',(-2.387764974585,-0.886142861657));
#3873 = CARTESIAN_POINT('',(-2.382422453311,-0.883539913436));
#3874 = CARTESIAN_POINT('',(-2.37918004556,-0.881701098399));
#3875 = CARTESIAN_POINT('',(-2.376160613605,-0.879707106388));
#3876 = CARTESIAN_POINT('',(-2.373386436143,-0.877569302791));
#3877 = CARTESIAN_POINT('',(-2.368128953846,-0.872830475346));
#3878 = CARTESIAN_POINT('',(-2.36569475638,-0.870204559537));
#3879 = CARTESIAN_POINT('',(-2.363589496797,-0.867445888424));
#3880 = CARTESIAN_POINT('',(-2.361817907446,-0.864577277141));
#3881 = CARTESIAN_POINT('',(-2.359753212402,-0.860354395891));
#3882 = CARTESIAN_POINT('',(-2.359193411442,-0.8590704447));
#3883 = CARTESIAN_POINT('',(-2.358693181262,-0.857772333865));
#3884 = CARTESIAN_POINT('',(-2.358251590271,-0.856461778886));
#3885 = CARTESIAN_POINT('',(-2.357233886051,-0.852961864178));
#3886 = CARTESIAN_POINT('',(-2.356756353328,-0.850753907615));
#3887 = CARTESIAN_POINT('',(-2.356429149365,-0.848523812943));
#3888 = CARTESIAN_POINT('',(-2.356244593885,-0.846277873017));
#3889 = CARTESIAN_POINT('',(-2.356194490192,-0.844021272475));
#3890 = ( GEOMETRIC_REPRESENTATION_CONTEXT(2) 
PARAMETRIC_REPRESENTATION_CONTEXT() REPRESENTATION_CONTEXT('2D SPACE',''
  ) );
#3891 = PCURVE('',#3892,#3901);
#3892 = B_SPLINE_SURFACE_WITH_KNOTS('',1,3,(
    (#3893,#3894,#3895,#3896)
    ,(#3897,#3898,#3899,#3900
    )),.UNSPECIFIED.,.F.,.F.,.F.,(2,2),(4,4),(0.,1.),(0.,1.),
  .PIECEWISE_BEZIER_KNOTS.);
#3893 = CARTESIAN_POINT('',(-5.941113006308,6.942594848675,
    -1.446944832201));
#3894 = CARTESIAN_POINT('',(-5.506365235263,6.413820818668,
    -2.052873367937));
#3895 = CARTESIAN_POINT('',(-6.413820818668,5.506365235263,
    -2.052873367937));
#3896 = CARTESIAN_POINT('',(-6.942594848675,5.941113006308,
    -1.446944832201));
#3897 = CARTESIAN_POINT('',(-2.239721718199,2.617267243819,
    4.955821212164));
#3898 = CARTESIAN_POINT('',(-2.075827507853,2.417926366483,
    4.727394097628));
#3899 = CARTESIAN_POINT('',(-2.417926366483,2.075827507853,
    4.727394097628));
#3900 = CARTESIAN_POINT('',(-2.617267243819,2.239721718199,
    4.955821212164));
#3901 = DEFINITIONAL_REPRESENTATION('',(#3902),#3961);
#3902 = B_SPLINE_CURVE_WITH_KNOTS('',5,(#3903,#3904,#3905,#3906,#3907,
    #3908,#3909,#3910,#3911,#3912,#3913,#3914,#3915,#3916,#3917,#3918,
    #3919,#3920,#3921,#3922,#3923,#3924,#3925,#3926,#3927,#3928,#3929,
    #3930,#3931,#3932,#3933,#3934,#3935,#3936,#3937,#3938,#3939,#3940,
    #3941,#3942,#3943,#3944,#3945,#3946,#3947,#3948,#3949,#3950,#3951,
    #3952,#3953,#3954,#3955,#3956,#3957,#3958,#3959,#3960),
  .UNSPECIFIED.,.F.,.F.,(6,4,4,4,4,4,4,4,4,4,4,4,4,4,6),(0.,
    6.762764417403E-02,0.108763492608,0.204619724215,0.292448120763,
    0.341079843406,0.392327181879,0.50032865279,0.607505596433,
    0.658752460936,0.707383015636,0.79521867856,0.891063012513,
    0.932191396515,1.),.UNSPECIFIED.);
#3903 = CARTESIAN_POINT('',(0.284583764003,0.));
#3904 = CARTESIAN_POINT('',(0.284577436635,1.128611293179E-02));
#3905 = CARTESIAN_POINT('',(0.284573453755,2.281147707472E-02));
#3906 = CARTESIAN_POINT('',(0.284571395006,3.457605052848E-02));
#3907 = CARTESIAN_POINT('',(0.284570828464,4.657619980758E-02));
#3908 = CARTESIAN_POINT('',(0.284571677356,6.623994760068E-02));
#3909 = CARTESIAN_POINT('',(0.28457240357,7.37608684738E-02));
#3910 = CARTESIAN_POINT('',(0.284573444612,8.136356737243E-02));
#3911 = CARTESIAN_POINT('',(0.284574717245,8.904534539631E-02));
#3912 = CARTESIAN_POINT('',(0.28457947306,0.114879658531));
#3913 = CARTESIAN_POINT('',(0.284583647947,0.133370021376));
#3914 = CARTESIAN_POINT('',(0.284587706794,0.152225291678));
#3915 = CARTESIAN_POINT('',(0.284590998674,0.171392073527));
#3916 = CARTESIAN_POINT('',(0.284595394638,0.208587994905));
#3917 = CARTESIAN_POINT('',(0.284596658401,0.226580757172));
#3918 = CARTESIAN_POINT('',(0.28459689554,0.244731135825));
#3919 = CARTESIAN_POINT('',(0.284596200335,0.26299858735));
#3920 = CARTESIAN_POINT('',(0.284594010507,0.291506705671));
#3921 = CARTESIAN_POINT('',(0.284593010502,0.301691634821));
#3922 = CARTESIAN_POINT('',(0.284591829416,0.311896190529));
#3923 = CARTESIAN_POINT('',(0.284590511622,0.322115817088));
#3924 = CARTESIAN_POINT('',(0.284587627565,0.343128394313));
#3925 = CARTESIAN_POINT('',(0.28458605077,0.353922606184));
#3926 = CARTESIAN_POINT('',(0.284584435484,0.364725568933));
#3927 = CARTESIAN_POINT('',(0.284582836969,0.375534319811));
#3928 = CARTESIAN_POINT('',(0.284578083368,0.409134142354));
#3929 = CARTESIAN_POINT('',(0.284575162078,0.431937147448));
#3930 = CARTESIAN_POINT('',(0.28457302094,0.454741846086));
#3931 = CARTESIAN_POINT('',(0.284571961223,0.477543881865));
#3932 = CARTESIAN_POINT('',(0.284571987268,0.522975967691));
#3933 = CARTESIAN_POINT('',(0.284573056744,0.545603963941));
#3934 = CARTESIAN_POINT('',(0.284575187684,0.568234534209));
#3935 = CARTESIAN_POINT('',(0.284578084912,0.590863385162));
#3936 = CARTESIAN_POINT('',(0.284582811119,0.624289291824));
#3937 = CARTESIAN_POINT('',(0.284584409216,0.635098010312));
#3938 = CARTESIAN_POINT('',(0.284586024624,0.645900965783));
#3939 = CARTESIAN_POINT('',(0.284587602107,0.656695202767));
#3940 = CARTESIAN_POINT('',(0.28459048857,0.677707757166));
#3941 = CARTESIAN_POINT('',(0.28459180803,0.68792733195));
#3942 = CARTESIAN_POINT('',(0.284592991282,0.698131880143));
#3943 = CARTESIAN_POINT('',(0.284593993915,0.708316853553));
#3944 = CARTESIAN_POINT('',(0.28459619237,0.736827221535));
#3945 = CARTESIAN_POINT('',(0.284596894307,0.755096993229));
#3946 = CARTESIAN_POINT('',(0.284596664543,0.773249904206));
#3947 = CARTESIAN_POINT('',(0.28459540794,0.79124542841));
#3948 = CARTESIAN_POINT('',(0.284591025003,0.828443583114));
#3949 = CARTESIAN_POINT('',(0.284587739185,0.847609980224));
#3950 = CARTESIAN_POINT('',(0.28458368408,0.866465264349));
#3951 = CARTESIAN_POINT('',(0.284579508886,0.884956023516));
#3952 = CARTESIAN_POINT('',(0.284574745027,0.910790933812));
#3953 = CARTESIAN_POINT('',(0.284573469028,0.918472649734));
#3954 = CARTESIAN_POINT('',(0.284572423492,0.926075352901));
#3955 = CARTESIAN_POINT('',(0.284571691551,0.933596340147));
#3956 = CARTESIAN_POINT('',(0.284570822464,0.953295356179));
#3957 = CARTESIAN_POINT('',(0.284571378523,0.965329509409));
#3958 = CARTESIAN_POINT('',(0.284573432457,0.97712684468));
#3959 = CARTESIAN_POINT('',(0.284577419706,0.988683689735));
#3960 = CARTESIAN_POINT('',(0.284583764003,1.));
#3961 = ( GEOMETRIC_REPRESENTATION_CONTEXT(2) 
PARAMETRIC_REPRESENTATION_CONTEXT() REPRESENTATION_CONTEXT('2D SPACE',''
  ) );
#3962 = ORIENTED_EDGE('',*,*,#3963,.T.);
#3963 = EDGE_CURVE('',#3767,#3964,#3966,.T.);
#3964 = VERTEX_POINT('',#3965);
#3965 = CARTESIAN_POINT('',(-7.007126216299,5.111378240864,1.56558078759
    ));
#3966 = SURFACE_CURVE('',#3967,(#3985,#4006),.PCURVE_S1.);
#3967 = B_SPLINE_CURVE_WITH_KNOTS('',6,(#3968,#3969,#3970,#3971,#3972,
    #3973,#3974,#3975,#3976,#3977,#3978,#3979,#3980,#3981,#3982,#3983,
    #3984),.UNSPECIFIED.,.F.,.F.,(7,5,5,7),(0.,0.313908525991,
    0.858662627536,1.),.UNSPECIFIED.);
#3968 = CARTESIAN_POINT('',(-5.711676838339,4.88775714149,0.375178428735
    ));
#3969 = CARTESIAN_POINT('',(-5.771144288445,4.925529178125,
    0.437186830747));
#3970 = CARTESIAN_POINT('',(-5.832782693428,4.959098537128,
    0.499482410409));
#3971 = CARTESIAN_POINT('',(-5.896288197681,4.988580675715,
    0.561920218976));
#3972 = CARTESIAN_POINT('',(-5.961351703104,5.014174062083,
    0.624398714628));
#3973 = CARTESIAN_POINT('',(-6.027680218602,5.036125080488,
    0.686854813836));
#3974 = CARTESIAN_POINT('',(-6.211875968234,5.086915430426,
    0.857554520435));
#3975 = CARTESIAN_POINT('',(-6.331741544459,5.108941420798,
    0.965664286354));
#3976 = CARTESIAN_POINT('',(-6.453347732065,5.122166329173,
    1.073507167623));
#3977 = CARTESIAN_POINT('',(-6.575612197908,5.128051726341,
    1.181175907671));
#3978 = CARTESIAN_POINT('',(-6.69773799524,5.127939247299,1.288866807562
    ));
#3979 = CARTESIAN_POINT('',(-6.850633785773,5.121888355523,
    1.424960829297));
#3980 = CARTESIAN_POINT('',(-6.88207957868,5.120326135874,1.45301933573)
  );
#3981 = CARTESIAN_POINT('',(-6.913462640726,5.118471048249,
    1.481105388338));
#3982 = CARTESIAN_POINT('',(-6.944771881096,5.116346018758,
    1.509224088026));
#3983 = CARTESIAN_POINT('',(-6.975996545524,5.113974053961,
    1.537380726764));
#3984 = CARTESIAN_POINT('',(-7.007126216299,5.111378240864,1.56558078759
    ));
#3985 = PCURVE('',#107,#3986);
#3986 = DEFINITIONAL_REPRESENTATION('',(#3987),#4005);
#3987 = B_SPLINE_CURVE_WITH_KNOTS('',6,(#3988,#3989,#3990,#3991,#3992,
    #3993,#3994,#3995,#3996,#3997,#3998,#3999,#4000,#4001,#4002,#4003,
    #4004),.UNSPECIFIED.,.F.,.F.,(7,5,5,7),(0.,0.313908525991,
    0.858662627536,1.),.UNSPECIFIED.);
#3988 = CARTESIAN_POINT('',(-2.356194490192,-0.844021272475));
#3989 = CARTESIAN_POINT('',(-2.3548687735,-0.835772777084));
#3990 = CARTESIAN_POINT('',(-2.352960024916,-0.827577916627));
#3991 = CARTESIAN_POINT('',(-2.350529839138,-0.819452676866));
#3992 = CARTESIAN_POINT('',(-2.347642156464,-0.811406291909));
#3993 = CARTESIAN_POINT('',(-2.344358822292,-0.80344263611));
#3994 = CARTESIAN_POINT('',(-2.334446651683,-0.781884962768));
#3995 = CARTESIAN_POINT('',(-2.32713510536,-0.768460855524));
#3996 = CARTESIAN_POINT('',(-2.319088566835,-0.755279000009));
#3997 = CARTESIAN_POINT('',(-2.310546934153,-0.742309817886));
#3998 = CARTESIAN_POINT('',(-2.301697324828,-0.729515812955));
#3999 = CARTESIAN_POINT('',(-2.290362615888,-0.713559553184));
#4000 = CARTESIAN_POINT('',(-2.288017697627,-0.71028115036));
#4001 = CARTESIAN_POINT('',(-2.2856656852,-0.707010642344));
#4002 = CARTESIAN_POINT('',(-2.283309344975,-0.70374727448));
#4003 = CARTESIAN_POINT('',(-2.280951377411,-0.700490288147));
#4004 = CARTESIAN_POINT('',(-2.278594417061,-0.697238920763));
#4005 = ( GEOMETRIC_REPRESENTATION_CONTEXT(2) 
PARAMETRIC_REPRESENTATION_CONTEXT() REPRESENTATION_CONTEXT('2D SPACE',''
  ) );
#4006 = PCURVE('',#4007,#4016);
#4007 = B_SPLINE_SURFACE_WITH_KNOTS('',1,3,(
    (#4008,#4009,#4010,#4011)
    ,(#4012,#4013,#4014,#4015
    )),.UNSPECIFIED.,.F.,.F.,.F.,(2,2),(4,4),(0.,1.),(0.,1.),
  .PIECEWISE_BEZIER_KNOTS.);
#4008 = CARTESIAN_POINT('',(-6.942594848675,5.941113006308,
    -1.446944832201));
#4009 = CARTESIAN_POINT('',(-7.404802877492,6.234713355113,
    -0.965203855702));
#4010 = CARTESIAN_POINT('',(-7.986395570218,6.25754342034,
    -0.481716056663));
#4011 = CARTESIAN_POINT('',(-8.517225282556,6.212926474841,
    1.7763568394E-15));
#4012 = CARTESIAN_POINT('',(-2.617267243819,2.239721718199,
    4.955821212164));
#4013 = CARTESIAN_POINT('',(-2.791513611354,2.350405200737,
    5.137431244908));
#4014 = CARTESIAN_POINT('',(-3.010766432107,2.359011836036,5.31969980685
    ));
#4015 = CARTESIAN_POINT('',(-3.210882274733,2.34219183249,5.501300445142
    ));
#4016 = DEFINITIONAL_REPRESENTATION('',(#4017),#4035);
#4017 = B_SPLINE_CURVE_WITH_KNOTS('',6,(#4018,#4019,#4020,#4021,#4022,
    #4023,#4024,#4025,#4026,#4027,#4028,#4029,#4030,#4031,#4032,#4033,
    #4034),.UNSPECIFIED.,.F.,.F.,(7,5,5,7),(0.,0.313908525991,
    0.858662627536,1.),.UNSPECIFIED.);
#4018 = CARTESIAN_POINT('',(0.284583764003,0.));
#4019 = CARTESIAN_POINT('',(0.284586316756,5.213860419479E-02));
#4020 = CARTESIAN_POINT('',(0.284588892036,0.104495213269));
#4021 = CARTESIAN_POINT('',(0.284589889891,0.156959847731));
#4022 = CARTESIAN_POINT('',(0.284589163556,0.209451329));
#4023 = CARTESIAN_POINT('',(0.28458734336,0.2619168728));
#4024 = CARTESIAN_POINT('',(0.284581372758,0.405291883466));
#4025 = CARTESIAN_POINT('',(0.28457648384,0.496074719351));
#4026 = CARTESIAN_POINT('',(0.284574427,0.586611429215));
#4027 = CARTESIAN_POINT('',(0.284579888235,0.676977632482));
#4028 = CARTESIAN_POINT('',(0.284590396924,0.767373231216));
#4029 = CARTESIAN_POINT('',(0.284593694126,0.881724123371));
#4030 = CARTESIAN_POINT('',(0.284593839661,0.905305917877));
#4031 = CARTESIAN_POINT('',(0.284593227561,0.928918308607));
#4032 = CARTESIAN_POINT('',(0.284591577754,0.952567194011));
#4033 = CARTESIAN_POINT('',(0.284588554021,0.976258864011));
#4034 = CARTESIAN_POINT('',(0.284583764003,1.));
#4035 = ( GEOMETRIC_REPRESENTATION_CONTEXT(2) 
PARAMETRIC_REPRESENTATION_CONTEXT() REPRESENTATION_CONTEXT('2D SPACE',''
  ) );
#4036 = ORIENTED_EDGE('',*,*,#4037,.T.);
#4037 = EDGE_CURVE('',#3964,#4038,#4040,.T.);
#4038 = VERTEX_POINT('',#4039);
#4039 = CARTESIAN_POINT('',(-7.403808851127,4.517700723632,1.56558078759
    ));
#4040 = SURFACE_CURVE('',#4041,(#4047,#4056),.PCURVE_S1.);
#4041 = B_SPLINE_CURVE_WITH_KNOTS('',4,(#4042,#4043,#4044,#4045,#4046),
  .UNSPECIFIED.,.F.,.F.,(5,5),(0.,1.),.PIECEWISE_BEZIER_KNOTS.);
#4042 = CARTESIAN_POINT('',(-7.007126216299,5.111378240864,1.56558078759
    ));
#4043 = CARTESIAN_POINT('',(-7.112352019266,4.967126090508,
    1.565581225341));
#4044 = CARTESIAN_POINT('',(-7.213617129217,4.819984867879,
    1.565580009348));
#4045 = CARTESIAN_POINT('',(-7.310805413354,4.670119597294,
    1.565581225341));
#4046 = CARTESIAN_POINT('',(-7.403808851127,4.517700723632,1.56558078759
    ));
#4047 = PCURVE('',#107,#4048);
#4048 = DEFINITIONAL_REPRESENTATION('',(#4049),#4055);
#4049 = B_SPLINE_CURVE_WITH_KNOTS('',4,(#4050,#4051,#4052,#4053,#4054),
  .UNSPECIFIED.,.F.,.F.,(5,5),(0.,1.),.PIECEWISE_BEZIER_KNOTS.);
#4050 = CARTESIAN_POINT('',(-2.278594417061,-0.697238920763));
#4051 = CARTESIAN_POINT('',(-2.258007893858,-0.697238870292));
#4052 = CARTESIAN_POINT('',(-2.237421376911,-0.697239010492));
#4053 = CARTESIAN_POINT('',(-2.216834859961,-0.697238870292));
#4054 = CARTESIAN_POINT('',(-2.196248336761,-0.697238920763));
#4055 = ( GEOMETRIC_REPRESENTATION_CONTEXT(2) 
PARAMETRIC_REPRESENTATION_CONTEXT() REPRESENTATION_CONTEXT('2D SPACE',''
  ) );
#4056 = PCURVE('',#4057,#4066);
#4057 = B_SPLINE_SURFACE_WITH_KNOTS('',1,3,(
    (#4058,#4059,#4060,#4061)
    ,(#4062,#4063,#4064,#4065
    )),.UNSPECIFIED.,.F.,.F.,.F.,(2,2),(4,4),(0.,1.),(0.,1.),
  .PIECEWISE_BEZIER_KNOTS.);
#4058 = CARTESIAN_POINT('',(-8.517225282556,6.212926474841,
    1.7763568394E-15));
#4059 = CARTESIAN_POINT('',(-8.687763198385,5.979140567371,
    1.7763568394E-15));
#4060 = CARTESIAN_POINT('',(-8.848668632535,5.738328567378,
    -1.7763568394E-15));
#4061 = CARTESIAN_POINT('',(-8.999396612458,5.491306083917,
    1.7763568394E-15));
#4062 = CARTESIAN_POINT('',(-3.210882274733,2.34219183249,5.501300445142
    ));
#4063 = CARTESIAN_POINT('',(-3.275172833328,2.254057610197,
    5.501300445142));
#4064 = CARTESIAN_POINT('',(-3.335832072609,2.16327464313,5.501300445142
    ));
#4065 = CARTESIAN_POINT('',(-3.392654545068,2.070150405214,
    5.501300445142));
#4066 = DEFINITIONAL_REPRESENTATION('',(#4067),#4073);
#4067 = B_SPLINE_CURVE_WITH_KNOTS('',4,(#4068,#4069,#4070,#4071,#4072),
  .UNSPECIFIED.,.F.,.F.,(5,5),(0.,1.),.PIECEWISE_BEZIER_KNOTS.);
#4068 = CARTESIAN_POINT('',(0.284583764003,0.));
#4069 = CARTESIAN_POINT('',(0.284583843575,0.249999983278));
#4070 = CARTESIAN_POINT('',(0.284583622538,0.499999999991));
#4071 = CARTESIAN_POINT('',(0.284583843575,0.750000016749));
#4072 = CARTESIAN_POINT('',(0.284583764003,1.));
#4073 = ( GEOMETRIC_REPRESENTATION_CONTEXT(2) 
PARAMETRIC_REPRESENTATION_CONTEXT() REPRESENTATION_CONTEXT('2D SPACE',''
  ) );
#4074 = ORIENTED_EDGE('',*,*,#4075,.T.);
#4075 = EDGE_CURVE('',#4038,#4076,#4078,.T.);
#4076 = VERTEX_POINT('',#4077);
#4077 = CARTESIAN_POINT('',(-6.701462879964,3.406437647788,
    0.375178428735));
#4078 = SURFACE_CURVE('',#4079,(#4092,#4108),.PCURVE_S1.);
#4079 = B_SPLINE_CURVE_WITH_KNOTS('',6,(#4080,#4081,#4082,#4083,#4084,
    #4085,#4086,#4087,#4088,#4089,#4090,#4091),.UNSPECIFIED.,.F.,.F.,(7,
    5,7),(0.,0.732820848511,1.),.UNSPECIFIED.);
#4080 = CARTESIAN_POINT('',(-7.403808851127,4.517700723632,1.56558078759
    ));
#4081 = CARTESIAN_POINT('',(-7.354469314091,4.363409170483,
    1.419344549606));
#4082 = CARTESIAN_POINT('',(-7.298634725498,4.20919652666,1.274405568499
    ));
#4083 = CARTESIAN_POINT('',(-7.233812793434,4.057373344482,
    1.129729057675));
#4084 = CARTESIAN_POINT('',(-7.157786156442,3.910669155844,
    0.984798898874));
#4085 = CARTESIAN_POINT('',(-7.068206569224,3.772911885483,
    0.839319359269));
#4086 = CARTESIAN_POINT('',(-6.924862447915,3.602857814903,
    0.640399155495));
#4087 = CARTESIAN_POINT('',(-6.88452034042,3.559184022185,0.58723000043)
  );
#4088 = CARTESIAN_POINT('',(-6.84205573282,3.517484376077,0.534066639426
    ));
#4089 = CARTESIAN_POINT('',(-6.797406839421,3.477983327924,
    0.480955208074));
#4090 = CARTESIAN_POINT('',(-6.750540373716,3.440901034277,
    0.427962553594));
#4091 = CARTESIAN_POINT('',(-6.701462879964,3.406437647788,
    0.375178428735));
#4092 = PCURVE('',#107,#4093);
#4093 = DEFINITIONAL_REPRESENTATION('',(#4094),#4107);
#4094 = B_SPLINE_CURVE_WITH_KNOTS('',6,(#4095,#4096,#4097,#4098,#4099,
    #4100,#4101,#4102,#4103,#4104,#4105,#4106),.UNSPECIFIED.,.F.,.F.,(7,
    5,7),(0.,0.732820848511,1.),.UNSPECIFIED.);
#4095 = CARTESIAN_POINT('',(-2.196248336761,-0.697238920763));
#4096 = CARTESIAN_POINT('',(-2.184025915795,-0.71409944236));
#4097 = CARTESIAN_POINT('',(-2.171787013765,-0.731096058724));
#4098 = CARTESIAN_POINT('',(-2.159879703696,-0.748365766132));
#4099 = CARTESIAN_POINT('',(-2.148703319629,-0.766000016758));
#4100 = CARTESIAN_POINT('',(-2.138830482162,-0.784079288727));
#4101 = CARTESIAN_POINT('',(-2.128131467761,-0.809383915704));
#4102 = CARTESIAN_POINT('',(-2.125544006736,-0.816204338432));
#4103 = CARTESIAN_POINT('',(-2.123263243594,-0.82308321621));
#4104 = CARTESIAN_POINT('',(-2.12132772697,-0.830017152538));
#4105 = CARTESIAN_POINT('',(-2.119776768689,-0.836999810923));
#4106 = CARTESIAN_POINT('',(-2.118648263629,-0.844021272475));
#4107 = ( GEOMETRIC_REPRESENTATION_CONTEXT(2) 
PARAMETRIC_REPRESENTATION_CONTEXT() REPRESENTATION_CONTEXT('2D SPACE',''
  ) );
#4108 = PCURVE('',#4109,#4118);
#4109 = B_SPLINE_SURFACE_WITH_KNOTS('',1,3,(
    (#4110,#4111,#4112,#4113)
    ,(#4114,#4115,#4116,#4117
    )),.UNSPECIFIED.,.F.,.F.,.F.,(2,2),(4,4),(0.,1.),(0.,1.),
  .PIECEWISE_BEZIER_KNOTS.);
#4110 = CARTESIAN_POINT('',(-8.999396612458,5.491306083917,
    1.7763568394E-15));
#4111 = CARTESIAN_POINT('',(-8.837477558889,4.983809211594,
    -0.481716056663));
#4112 = CARTESIAN_POINT('',(-8.593819441009,4.455224314248,
    -0.965203855702));
#4113 = CARTESIAN_POINT('',(-8.145688733075,4.140555765887,
    -1.446944832201));
#4114 = CARTESIAN_POINT('',(-3.392654545068,2.070150405214,
    5.501300445142));
#4115 = CARTESIAN_POINT('',(-3.331613184554,1.878830737392,5.31969980685
    ));
#4116 = CARTESIAN_POINT('',(-3.239757268356,1.67956116059,5.137431244908
    ));
#4117 = CARTESIAN_POINT('',(-3.070817866247,1.560935243013,
    4.955821212164));
#4118 = DEFINITIONAL_REPRESENTATION('',(#4119),#4132);
#4119 = B_SPLINE_CURVE_WITH_KNOTS('',6,(#4120,#4121,#4122,#4123,#4124,
    #4125,#4126,#4127,#4128,#4129,#4130,#4131),.UNSPECIFIED.,.F.,.F.,(7,
    5,7),(0.,0.732820848511,1.),.UNSPECIFIED.);
#4120 = CARTESIAN_POINT('',(0.284583764003,0.));
#4121 = CARTESIAN_POINT('',(0.28460860346,0.123113720713));
#4122 = CARTESIAN_POINT('',(0.284586033955,0.244788799059));
#4123 = CARTESIAN_POINT('',(0.284570522195,0.366182033348));
#4124 = CARTESIAN_POINT('',(0.284574414159,0.487848516481));
#4125 = CARTESIAN_POINT('',(0.284582841004,0.610014291446));
#4126 = CARTESIAN_POINT('',(0.284588436332,0.777109275352));
#4127 = CARTESIAN_POINT('',(0.284589369445,0.821777097167));
#4128 = CARTESIAN_POINT('',(0.284589345135,0.866445487365));
#4129 = CARTESIAN_POINT('',(0.284588126381,0.911076580143));
#4130 = CARTESIAN_POINT('',(0.284585937012,0.955617456594));
#4131 = CARTESIAN_POINT('',(0.284583764003,1.));
#4132 = ( GEOMETRIC_REPRESENTATION_CONTEXT(2) 
PARAMETRIC_REPRESENTATION_CONTEXT() REPRESENTATION_CONTEXT('2D SPACE',''
  ) );
#4133 = ORIENTED_EDGE('',*,*,#4134,.T.);
#4134 = EDGE_CURVE('',#4076,#4135,#4137,.T.);
#4135 = VERTEX_POINT('',#4136);
#4136 = CARTESIAN_POINT('',(-7.147365006733,2.329934685852,
    0.375178428735));
#4137 = SURFACE_CURVE('',#4138,(#4197,#4259),.PCURVE_S1.);
#4138 = B_SPLINE_CURVE_WITH_KNOTS('',5,(#4139,#4140,#4141,#4142,#4143,
    #4144,#4145,#4146,#4147,#4148,#4149,#4150,#4151,#4152,#4153,#4154,
    #4155,#4156,#4157,#4158,#4159,#4160,#4161,#4162,#4163,#4164,#4165,
    #4166,#4167,#4168,#4169,#4170,#4171,#4172,#4173,#4174,#4175,#4176,
    #4177,#4178,#4179,#4180,#4181,#4182,#4183,#4184,#4185,#4186,#4187,
    #4188,#4189,#4190,#4191,#4192,#4193,#4194,#4195,#4196),
  .UNSPECIFIED.,.F.,.F.,(6,4,4,4,4,4,4,4,4,4,4,4,4,4,6),(0.,
    6.762764427229E-02,0.108763492702,0.204619724303,0.292448119615,
    0.341079842267,0.392327180743,0.500328651655,0.607505614376,
    0.658752478932,0.707383033757,0.795218730075,0.891063067824,
    0.932191454207,1.),.UNSPECIFIED.);
#4139 = CARTESIAN_POINT('',(-6.701462879964,3.406437647788,
    0.375178428735));
#4140 = CARTESIAN_POINT('',(-6.684670191861,3.397480316938,
    0.358259609997));
#4141 = CARTESIAN_POINT('',(-6.668369457792,3.387647937137,
    0.341474038793));
#4142 = CARTESIAN_POINT('',(-6.652622153171,3.376917407552,
    0.324859551314));
#4143 = CARTESIAN_POINT('',(-6.637495090967,3.365274411759,
    0.308461226659));
#4144 = CARTESIAN_POINT('',(-6.614271109422,3.345086094692,0.28251789959
    ));
#4145 = CARTESIAN_POINT('',(-6.605741493918,3.33711397172,0.272804560709
    ));
#4146 = CARTESIAN_POINT('',(-6.597480978842,3.328805736723,
    0.263201542079));
#4147 = CARTESIAN_POINT('',(-6.58950407721,3.320164359157,0.253720825929
    ));
#4148 = CARTESIAN_POINT('',(-6.563930033537,3.290295163268,
    0.222596489877));
#4149 = CARTESIAN_POINT('',(-6.547648561003,3.267612965006,
    0.201546833121));
#4150 = CARTESIAN_POINT('',(-6.533161729987,3.243224597201,
    0.181389746427));
#4151 = CARTESIAN_POINT('',(-6.520604970871,3.217271527317,
    0.162277200782));
#4152 = CARTESIAN_POINT('',(-6.500385802919,3.164950732413,
    0.127907407742));
#4153 = CARTESIAN_POINT('',(-6.492400059253,3.138795783651,
    0.112458735168));
#4154 = CARTESIAN_POINT('',(-6.486153825711,3.111664363332,
    9.809525322462E-02));
#4155 = CARTESIAN_POINT('',(-6.481653349929,3.083739213811,
    8.488536963313E-02));
#4156 = CARTESIAN_POINT('',(-6.477336106777,3.039413174875,
    6.622702778817E-02));
#4157 = CARTESIAN_POINT('',(-6.476325426537,3.023430445904,
    5.994556433696E-02));
#4158 = CARTESIAN_POINT('',(-6.475838266865,3.007293446197,
    5.403967670757E-02));
#4159 = CARTESIAN_POINT('',(-6.475868113399,2.991033005634,
    4.851501311563E-02));
#4160 = CARTESIAN_POINT('',(-6.476973469064,2.957445943855,
    3.795915093448E-02));
#4161 = CARTESIAN_POINT('',(-6.478105270191,2.940108961521,
    3.297055809319E-02));
#4162 = CARTESIAN_POINT('',(-6.479791638749,2.922703332604,
    2.841382510415E-02));
#4163 = CARTESIAN_POINT('',(-6.482021369933,2.90526270398,
    2.429182963563E-02));
#4164 = CARTESIAN_POINT('',(-6.490600328607,2.851058264672,
    1.283835051123E-02));
#4165 = CARTESIAN_POINT('',(-6.498777005017,2.814287287679,
    7.00863990755E-03));
#4166 = CARTESIAN_POINT('',(-6.50919917979,2.777802327301,
    3.130233631186E-03));
#4167 = CARTESIAN_POINT('',(-6.521745833944,2.741884179239,
    1.202711684066E-03));
#4168 = CARTESIAN_POINT('',(-6.550755835468,2.671986009208,
    1.250034546739E-03));
#4169 = CARTESIAN_POINT('',(-6.567187189111,2.637996563997,
    3.195197907187E-03));
#4170 = CARTESIAN_POINT('',(-6.585491443056,2.605094772073,
    7.061569186755E-03));
#4171 = CARTESIAN_POINT('',(-6.605558114692,2.573558316684,
    1.284949678042E-02));
#4172 = CARTESIAN_POINT('',(-6.637637993736,2.529378525445,
    2.422604698615E-02));
#4173 = CARTESIAN_POINT('',(-6.648388882278,2.515464379403,
    2.834232452493E-02));
#4174 = CARTESIAN_POINT('',(-6.659499379269,2.501958878404,
    3.289335359186E-02));
#4175 = CARTESIAN_POINT('',(-6.670953627929,2.488893735124,
    3.787626600378E-02));
#4176 = CARTESIAN_POINT('',(-6.69391296882,2.464350854243,
    4.842105181702E-02));
#4177 = CARTESIAN_POINT('',(-6.705385557383,2.452826005419,
    5.394030447875E-02));
#4178 = CARTESIAN_POINT('',(-6.717136595748,2.441753719935,
    5.984081348292E-02));
#4179 = CARTESIAN_POINT('',(-6.729148905539,2.431160409072,
    6.611694441939E-02));
#4180 = CARTESIAN_POINT('',(-6.763537012625,2.402848998729,
    8.476178442364E-02));
#4181 = CARTESIAN_POINT('',(-6.786461943404,2.386270514769,
    9.796389533937E-02));
#4182 = CARTESIAN_POINT('',(-6.810060909426,2.371487247829,
    0.112320149434));
#4183 = CARTESIAN_POINT('',(-6.834200319943,2.358624182345,
    0.127762228967));
#4184 = CARTESIAN_POINT('',(-6.88548658181,2.33589481481,0.162115983473)
  );
#4185 = CARTESIAN_POINT('',(-6.912711587656,2.326406602227,
    0.181218727841));
#4186 = CARTESIAN_POINT('',(-6.940195941196,2.319388738188,
    0.201366519536));
#4187 = CARTESIAN_POINT('',(-6.967743877945,2.314845826275,
    0.222407507869));
#4188 = CARTESIAN_POINT('',(-7.006943817183,2.311784298389,
    0.253519873296));
#4189 = CARTESIAN_POINT('',(-7.018693116492,2.311307067451,
    0.262996727228));
#4190 = CARTESIAN_POINT('',(-7.030407571157,2.311265887074,
    0.272595995735));
#4191 = CARTESIAN_POINT('',(-7.042074814334,2.311652617598,
    0.282305699155));
#4192 = CARTESIAN_POINT('',(-7.072823607606,2.313783119664,
    0.308285785898));
#4193 = CARTESIAN_POINT('',(-7.091805190281,2.316244594566,
    0.324726231908));
#4194 = CARTESIAN_POINT('',(-7.110579233917,2.319795973018,
    0.341384242655));
#4195 = CARTESIAN_POINT('',(-7.129108291576,2.324379432251,
    0.358214356149));
#4196 = CARTESIAN_POINT('',(-7.147365006733,2.329934685852,
    0.375178428735));
#4197 = PCURVE('',#107,#4198);
#4198 = DEFINITIONAL_REPRESENTATION('',(#4199),#4258);
#4199 = B_SPLINE_CURVE_WITH_KNOTS('',5,(#4200,#4201,#4202,#4203,#4204,
    #4205,#4206,#4207,#4208,#4209,#4210,#4211,#4212,#4213,#4214,#4215,
    #4216,#4217,#4218,#4219,#4220,#4221,#4222,#4223,#4224,#4225,#4226,
    #4227,#4228,#4229,#4230,#4231,#4232,#4233,#4234,#4235,#4236,#4237,
    #4238,#4239,#4240,#4241,#4242,#4243,#4244,#4245,#4246,#4247,#4248,
    #4249,#4250,#4251,#4252,#4253,#4254,#4255,#4256,#4257),
  .UNSPECIFIED.,.F.,.F.,(6,4,4,4,4,4,4,4,4,4,4,4,4,4,6),(0.,
    6.762764427229E-02,0.108763492702,0.204619724303,0.292448119615,
    0.341079842267,0.392327180743,0.500328651655,0.607505614376,
    0.658752478932,0.707383033757,0.795218730075,0.891063067824,
    0.932191454207,1.),.UNSPECIFIED.);
#4200 = CARTESIAN_POINT('',(-2.118648263629,-0.844021272475));
#4201 = CARTESIAN_POINT('',(-2.118598293637,-0.84627185133));
#4202 = CARTESIAN_POINT('',(-2.1184145885,-0.848511826097));
#4203 = CARTESIAN_POINT('',(-2.118089016887,-0.850736053925));
#4204 = CARTESIAN_POINT('',(-2.117613958613,-0.852938295243));
#4205 = CARTESIAN_POINT('',(-2.116600544577,-0.856433139432));
#4206 = CARTESIAN_POINT('',(-2.116159889159,-0.857744142056));
#4207 = CARTESIAN_POINT('',(-2.115660587052,-0.859042718089));
#4208 = CARTESIAN_POINT('',(-2.115101703195,-0.860327151841));
#4209 = CARTESIAN_POINT('',(-2.113040096248,-0.864551526721));
#4210 = CARTESIAN_POINT('',(-2.111270650552,-0.867421233768));
#4211 = CARTESIAN_POINT('',(-2.109167446713,-0.870181098771));
#4212 = CARTESIAN_POINT('',(-2.106735167136,-0.872808291653));
#4213 = CARTESIAN_POINT('',(-2.101481551046,-0.877549214705));
#4214 = CARTESIAN_POINT('',(-2.098709457141,-0.879687880451));
#4215 = CARTESIAN_POINT('',(-2.095692037783,-0.881682831584));
#4216 = CARTESIAN_POINT('',(-2.092451542586,-0.883522690749));
#4217 = CARTESIAN_POINT('',(-2.087111607023,-0.886127473486));
#4218 = CARTESIAN_POINT('',(-2.085148263852,-0.887005709744));
#4219 = CARTESIAN_POINT('',(-2.083129089665,-0.887832546275));
#4220 = CARTESIAN_POINT('',(-2.081058725104,-0.888606931254));
#4221 = CARTESIAN_POINT('',(-2.076711404212,-0.890088062963));
#4222 = CARTESIAN_POINT('',(-2.07442930585,-0.890788921292));
#4223 = CARTESIAN_POINT('',(-2.072101299289,-0.891429796266));
#4224 = CARTESIAN_POINT('',(-2.069733005697,-0.892010045546));
#4225 = CARTESIAN_POINT('',(-2.062265963119,-0.893623501307));
#4226 = CARTESIAN_POINT('',(-2.057048241127,-0.894446593149));
#4227 = CARTESIAN_POINT('',(-2.051728623888,-0.894994817611));
#4228 = CARTESIAN_POINT('',(-2.046359279866,-0.895267273087));
#4229 = CARTESIAN_POINT('',(-2.035661989754,-0.895260583972));
#4230 = CARTESIAN_POINT('',(-2.030334545124,-0.894985634836));
#4231 = CARTESIAN_POINT('',(-2.025056616281,-0.894439123102));
#4232 = CARTESIAN_POINT('',(-2.01987918033,-0.893621942556));
#4233 = CARTESIAN_POINT('',(-2.012449425148,-0.892019306973));
#4234 = CARTESIAN_POINT('',(-2.01008064694,-0.891439855811));
#4235 = CARTESIAN_POINT('',(-2.007752099742,-0.890799774763));
#4236 = CARTESIAN_POINT('',(-2.005469404625,-0.890099704573));
#4237 = CARTESIAN_POINT('',(-2.001120843243,-0.88862010437));
#4238 = CARTESIAN_POINT('',(-1.999049839177,-0.88784646511));
#4239 = CARTESIAN_POINT('',(-1.997029974018,-0.887020367081));
#4240 = CARTESIAN_POINT('',(-1.995065889255,-0.886142860007));
#4241 = CARTESIAN_POINT('',(-1.989723366921,-0.883539910936));
#4242 = CARTESIAN_POINT('',(-1.98648095819,-0.881701095008));
#4243 = CARTESIAN_POINT('',(-1.98346152545,-0.879707101997));
#4244 = CARTESIAN_POINT('',(-1.980687347418,-0.877569297309));
#4245 = CARTESIAN_POINT('',(-1.975429865331,-0.872830468275));
#4246 = CARTESIAN_POINT('',(-1.972995668477,-0.870204552058));
#4247 = CARTESIAN_POINT('',(-1.970890409549,-0.867445880565));
#4248 = CARTESIAN_POINT('',(-1.969118820882,-0.864577268932));
#4249 = CARTESIAN_POINT('',(-1.967054126823,-0.860354387205));
#4250 = CARTESIAN_POINT('',(-1.966494326155,-0.859070435861));
#4251 = CARTESIAN_POINT('',(-1.965994096271,-0.857772324877));
#4252 = CARTESIAN_POINT('',(-1.965552505578,-0.856461769755));
#4253 = CARTESIAN_POINT('',(-1.964534802727,-0.852961856664));
#4254 = CARTESIAN_POINT('',(-1.964057270794,-0.850753901923));
#4255 = CARTESIAN_POINT('',(-1.963730067353,-0.848523809121));
#4256 = CARTESIAN_POINT('',(-1.963545512143,-0.846277871097));
#4257 = CARTESIAN_POINT('',(-1.963495408494,-0.844021272475));
#4258 = ( GEOMETRIC_REPRESENTATION_CONTEXT(2) 
PARAMETRIC_REPRESENTATION_CONTEXT() REPRESENTATION_CONTEXT('2D SPACE',''
  ) );
#4259 = PCURVE('',#4260,#4269);
#4260 = B_SPLINE_SURFACE_WITH_KNOTS('',1,3,(
    (#4261,#4262,#4263,#4264)
    ,(#4265,#4266,#4267,#4268
    )),.UNSPECIFIED.,.F.,.F.,.F.,(2,2),(4,4),(0.,1.),(0.,1.),
  .PIECEWISE_BEZIER_KNOTS.);
#4261 = CARTESIAN_POINT('',(-8.145688733075,4.140555765887,
    -1.446944832201));
#4262 = CARTESIAN_POINT('',(-7.541681104854,3.818403031476,
    -2.052873367937));
#4263 = CARTESIAN_POINT('',(-8.032792527648,2.632755173929,
    -2.052873367937));
#4264 = CARTESIAN_POINT('',(-8.687686800532,2.832056680653,
    -1.446944832201));
#4265 = CARTESIAN_POINT('',(-3.070817866247,1.560935243013,
    4.955821212164));
#4266 = CARTESIAN_POINT('',(-2.843114908661,1.43948788541,4.727394097628
    ));
#4267 = CARTESIAN_POINT('',(-3.028257476816,0.992514186397,
    4.727394097628));
#4268 = CARTESIAN_POINT('',(-3.27514403234,1.067648241684,4.955821212164
    ));
#4269 = DEFINITIONAL_REPRESENTATION('',(#4270),#4329);
#4270 = B_SPLINE_CURVE_WITH_KNOTS('',5,(#4271,#4272,#4273,#4274,#4275,
    #4276,#4277,#4278,#4279,#4280,#4281,#4282,#4283,#4284,#4285,#4286,
    #4287,#4288,#4289,#4290,#4291,#4292,#4293,#4294,#4295,#4296,#4297,
    #4298,#4299,#4300,#4301,#4302,#4303,#4304,#4305,#4306,#4307,#4308,
    #4309,#4310,#4311,#4312,#4313,#4314,#4315,#4316,#4317,#4318,#4319,
    #4320,#4321,#4322,#4323,#4324,#4325,#4326,#4327,#4328),
  .UNSPECIFIED.,.F.,.F.,(6,4,4,4,4,4,4,4,4,4,4,4,4,4,6),(0.,
    6.762764427229E-02,0.108763492702,0.204619724303,0.292448119615,
    0.341079842267,0.392327180743,0.500328651655,0.607505614376,
    0.658752478932,0.707383033757,0.795218730075,0.891063067824,
    0.932191454207,1.),.UNSPECIFIED.);
#4271 = CARTESIAN_POINT('',(0.284583764003,0.));
#4272 = CARTESIAN_POINT('',(0.284577436635,1.128611294811E-02));
#4273 = CARTESIAN_POINT('',(0.284573453755,2.281147710805E-02));
#4274 = CARTESIAN_POINT('',(0.284571395006,3.457605057951E-02));
#4275 = CARTESIAN_POINT('',(0.284570828464,4.657619987698E-02));
#4276 = CARTESIAN_POINT('',(0.284571677356,6.623994768914E-02));
#4277 = CARTESIAN_POINT('',(0.28457240357,7.376086856229E-02));
#4278 = CARTESIAN_POINT('',(0.284573444612,8.136356746092E-02));
#4279 = CARTESIAN_POINT('',(0.284574717245,8.904534548477E-02));
#4280 = CARTESIAN_POINT('',(0.28457947306,0.11487965862));
#4281 = CARTESIAN_POINT('',(0.284583647947,0.133370021465));
#4282 = CARTESIAN_POINT('',(0.284587706794,0.152225291767));
#4283 = CARTESIAN_POINT('',(0.284590998674,0.171392073616));
#4284 = CARTESIAN_POINT('',(0.284595394638,0.208587994744));
#4285 = CARTESIAN_POINT('',(0.284596658401,0.226580756754));
#4286 = CARTESIAN_POINT('',(0.28459689554,0.244731135148));
#4287 = CARTESIAN_POINT('',(0.284596200335,0.262998586412));
#4288 = CARTESIAN_POINT('',(0.284594010507,0.291506704469));
#4289 = CARTESIAN_POINT('',(0.284593010503,0.301691633618));
#4290 = CARTESIAN_POINT('',(0.284591829416,0.311896189327));
#4291 = CARTESIAN_POINT('',(0.284590511622,0.322115815886));
#4292 = CARTESIAN_POINT('',(0.284587627565,0.343128393111));
#4293 = CARTESIAN_POINT('',(0.28458605077,0.353922604982));
#4294 = CARTESIAN_POINT('',(0.284584435484,0.364725567731));
#4295 = CARTESIAN_POINT('',(0.284582836969,0.37553431861));
#4296 = CARTESIAN_POINT('',(0.284578083368,0.409134141153));
#4297 = CARTESIAN_POINT('',(0.284575162078,0.431937146246));
#4298 = CARTESIAN_POINT('',(0.28457302094,0.454741844884));
#4299 = CARTESIAN_POINT('',(0.284571961223,0.477543880663));
#4300 = CARTESIAN_POINT('',(0.284571987268,0.522975970517));
#4301 = CARTESIAN_POINT('',(0.284573056744,0.545603970795));
#4302 = CARTESIAN_POINT('',(0.284575187685,0.568234545092));
#4303 = CARTESIAN_POINT('',(0.284578084914,0.590863400073));
#4304 = CARTESIAN_POINT('',(0.284582811122,0.624289310754));
#4305 = CARTESIAN_POINT('',(0.284584409218,0.635098029245));
#4306 = CARTESIAN_POINT('',(0.284586024626,0.645900984717));
#4307 = CARTESIAN_POINT('',(0.284587602109,0.656695221698));
#4308 = CARTESIAN_POINT('',(0.284590488572,0.6777077761));
#4309 = CARTESIAN_POINT('',(0.284591808032,0.687927350889));
#4310 = CARTESIAN_POINT('',(0.284592991284,0.698131899084));
#4311 = CARTESIAN_POINT('',(0.284593993917,0.708316872489));
#4312 = CARTESIAN_POINT('',(0.284596192372,0.736827247368));
#4313 = CARTESIAN_POINT('',(0.284596894307,0.755097025891));
#4314 = CARTESIAN_POINT('',(0.284596664543,0.773249943569));
#4315 = CARTESIAN_POINT('',(0.284595407937,0.791245474293));
#4316 = CARTESIAN_POINT('',(0.284591024994,0.828443635516));
#4317 = CARTESIAN_POINT('',(0.284587739174,0.847610032749));
#4318 = CARTESIAN_POINT('',(0.284583684068,0.866465316869));
#4319 = CARTESIAN_POINT('',(0.284579508874,0.88495607591));
#4320 = CARTESIAN_POINT('',(0.284574745018,0.910790986016));
#4321 = CARTESIAN_POINT('',(0.28457346902,0.918472701957));
#4322 = CARTESIAN_POINT('',(0.284572423486,0.926075405123));
#4323 = CARTESIAN_POINT('',(0.284571691546,0.933596392348));
#4324 = CARTESIAN_POINT('',(0.284570822466,0.953295397134));
#4325 = CARTESIAN_POINT('',(0.284571378528,0.96532953952));
#4326 = CARTESIAN_POINT('',(0.284573432464,0.977126864345));
#4327 = CARTESIAN_POINT('',(0.284577419711,0.988683699363));
#4328 = CARTESIAN_POINT('',(0.284583764003,1.));
#4329 = ( GEOMETRIC_REPRESENTATION_CONTEXT(2) 
PARAMETRIC_REPRESENTATION_CONTEXT() REPRESENTATION_CONTEXT('2D SPACE',''
  ) );
#4330 = ORIENTED_EDGE('',*,*,#4331,.T.);
#4331 = EDGE_CURVE('',#4135,#4332,#4334,.T.);
#4332 = VERTEX_POINT('',#4333);
#4333 = CARTESIAN_POINT('',(-8.429780262292,2.040786628189,1.56558078759
    ));
#4334 = SURFACE_CURVE('',#4335,(#4353,#4374),.PCURVE_S1.);
#4335 = B_SPLINE_CURVE_WITH_KNOTS('',6,(#4336,#4337,#4338,#4339,#4340,
    #4341,#4342,#4343,#4344,#4345,#4346,#4347,#4348,#4349,#4350,#4351,
    #4352),.UNSPECIFIED.,.F.,.F.,(7,5,5,7),(0.,0.313908525552,
    0.858662633214,1.),.UNSPECIFIED.);
#4336 = CARTESIAN_POINT('',(-7.147365006733,2.329934685852,
    0.375178428735));
#4337 = CARTESIAN_POINT('',(-7.216760499266,2.342074289464,0.43718683066
    ));
#4338 = CARTESIAN_POINT('',(-7.286553397474,2.349500336777,
    0.499482410235));
#4339 = CARTESIAN_POINT('',(-7.356507158945,2.352435776859,
    0.561920218714));
#4340 = CARTESIAN_POINT('',(-7.426412164762,2.351182257135,
    0.624398714278));
#4341 = CARTESIAN_POINT('',(-7.496092013624,2.346079529811,0.6868548134)
  );
#4342 = CARTESIAN_POINT('',(-7.685703323391,2.322515032783,
    0.857554521129));
#4343 = CARTESIAN_POINT('',(-7.804873658846,2.296993823971,
    0.965664288259));
#4344 = CARTESIAN_POINT('',(-7.922284081218,2.262675372316,
    1.073507170734));
#4345 = CARTESIAN_POINT('',(-8.037493963982,2.22132418418,1.181175911986
    ));
#4346 = CARTESIAN_POINT('',(-8.150280445831,2.17448474704,1.288866813088
    ));
#4347 = CARTESIAN_POINT('',(-8.289222161203,2.110383765753,
    1.424960834932));
#4348 = CARTESIAN_POINT('',(-8.317676448905,2.096906679533,
    1.453019340242));
#4349 = CARTESIAN_POINT('',(-8.345960705141,2.083183024668,
    1.481105391726));
#4350 = CARTESIAN_POINT('',(-8.374073456775,2.06923822639,1.509224090288
    ));
#4351 = CARTESIAN_POINT('',(-8.40201357239,2.055097655466,1.537380727897
    ));
#4352 = CARTESIAN_POINT('',(-8.429780262292,2.040786628189,1.56558078759
    ));
#4353 = PCURVE('',#107,#4354);
#4354 = DEFINITIONAL_REPRESENTATION('',(#4355),#4373);
#4355 = B_SPLINE_CURVE_WITH_KNOTS('',6,(#4356,#4357,#4358,#4359,#4360,
    #4361,#4362,#4363,#4364,#4365,#4366,#4367,#4368,#4369,#4370,#4371,
    #4372),.UNSPECIFIED.,.F.,.F.,(7,5,5,7),(0.,0.313908525552,
    0.858662633214,1.),.UNSPECIFIED.);
#4356 = CARTESIAN_POINT('',(-1.963495408494,-0.844021272475));
#4357 = CARTESIAN_POINT('',(-1.962169691803,-0.835772777096));
#4358 = CARTESIAN_POINT('',(-1.960260943222,-0.82757791665));
#4359 = CARTESIAN_POINT('',(-1.957830757449,-0.8194526769));
#4360 = CARTESIAN_POINT('',(-1.954943074781,-0.811406291954));
#4361 = CARTESIAN_POINT('',(-1.951659740616,-0.803442636165));
#4362 = CARTESIAN_POINT('',(-1.941747569949,-0.781884962679));
#4363 = CARTESIAN_POINT('',(-1.934436023535,-0.768460855286));
#4364 = CARTESIAN_POINT('',(-1.926389484905,-0.755278999628));
#4365 = CARTESIAN_POINT('',(-1.917847852112,-0.742309817366));
#4366 = CARTESIAN_POINT('',(-1.908998242675,-0.729515812299));
#4367 = CARTESIAN_POINT('',(-1.897663533718,-0.713559552526));
#4368 = CARTESIAN_POINT('',(-1.89531861555,-0.710281149835));
#4369 = CARTESIAN_POINT('',(-1.892966603217,-0.707010641951));
#4370 = CARTESIAN_POINT('',(-1.890610263086,-0.703747274218));
#4371 = CARTESIAN_POINT('',(-1.888252295617,-0.700490288017));
#4372 = CARTESIAN_POINT('',(-1.885895335362,-0.697238920763));
#4373 = ( GEOMETRIC_REPRESENTATION_CONTEXT(2) 
PARAMETRIC_REPRESENTATION_CONTEXT() REPRESENTATION_CONTEXT('2D SPACE',''
  ) );
#4374 = PCURVE('',#4375,#4384);
#4375 = B_SPLINE_SURFACE_WITH_KNOTS('',1,3,(
    (#4376,#4377,#4378,#4379)
    ,(#4380,#4381,#4382,#4383
    )),.UNSPECIFIED.,.F.,.F.,.F.,(2,2),(4,4),(0.,1.),(0.,1.),
  .PIECEWISE_BEZIER_KNOTS.);
#4376 = CARTESIAN_POINT('',(-8.687686800532,2.832056680653,
    -1.446944832201));
#4377 = CARTESIAN_POINT('',(-9.227067327343,2.926428678718,
    -0.965203855702));
#4378 = CARTESIAN_POINT('',(-9.773125600132,2.724955020816,
    -0.481716056663));
#4379 = CARTESIAN_POINT('',(-10.24647414076,2.480594601748,
    1.7763568394E-15));
#4380 = CARTESIAN_POINT('',(-3.27514403234,1.067648241684,4.955821212164
    ));
#4381 = CARTESIAN_POINT('',(-3.478483419924,1.103225247782,
    5.137431244908));
#4382 = CARTESIAN_POINT('',(-3.6843402302,1.027272319977,5.31969980685)
  );
#4383 = CARTESIAN_POINT('',(-3.862786424644,0.935151645438,
    5.501300445142));
#4384 = DEFINITIONAL_REPRESENTATION('',(#4385),#4403);
#4385 = B_SPLINE_CURVE_WITH_KNOTS('',6,(#4386,#4387,#4388,#4389,#4390,
    #4391,#4392,#4393,#4394,#4395,#4396,#4397,#4398,#4399,#4400,#4401,
    #4402),.UNSPECIFIED.,.F.,.F.,(7,5,5,7),(0.,0.313908525552,
    0.858662633214,1.),.UNSPECIFIED.);
#4386 = CARTESIAN_POINT('',(0.284583764003,0.));
#4387 = CARTESIAN_POINT('',(0.284586316756,5.213860412195E-02));
#4388 = CARTESIAN_POINT('',(0.284588892036,0.104495213123));
#4389 = CARTESIAN_POINT('',(0.284589889891,0.156959847511));
#4390 = CARTESIAN_POINT('',(0.284589163556,0.209451328707));
#4391 = CARTESIAN_POINT('',(0.28458734336,0.261916872433));
#4392 = CARTESIAN_POINT('',(0.284581372758,0.405291884049));
#4393 = CARTESIAN_POINT('',(0.28457648384,0.496074720951));
#4394 = CARTESIAN_POINT('',(0.284574427,0.586611431827));
#4395 = CARTESIAN_POINT('',(0.284579888235,0.676977636103));
#4396 = CARTESIAN_POINT('',(0.284590396924,0.767373235854));
#4397 = CARTESIAN_POINT('',(0.284593694126,0.881724128107));
#4398 = CARTESIAN_POINT('',(0.284593839661,0.905305921671));
#4399 = CARTESIAN_POINT('',(0.284593227561,0.928918311457));
#4400 = CARTESIAN_POINT('',(0.284591577754,0.952567195914));
#4401 = CARTESIAN_POINT('',(0.284588554021,0.976258864964));
#4402 = CARTESIAN_POINT('',(0.284583764003,1.));
#4403 = ( GEOMETRIC_REPRESENTATION_CONTEXT(2) 
PARAMETRIC_REPRESENTATION_CONTEXT() REPRESENTATION_CONTEXT('2D SPACE',''
  ) );
#4404 = ORIENTED_EDGE('',*,*,#4405,.T.);
#4405 = EDGE_CURVE('',#4332,#4406,#4408,.T.);
#4406 = VERTEX_POINT('',#4407);
#4407 = CARTESIAN_POINT('',(-8.569076679499,1.340496248851,1.56558078759
    ));
#4408 = SURFACE_CURVE('',#4409,(#4415,#4424),.PCURVE_S1.);
#4409 = B_SPLINE_CURVE_WITH_KNOTS('',4,(#4410,#4411,#4412,#4413,#4414),
  .UNSPECIFIED.,.F.,.F.,(5,5),(0.,1.),.PIECEWISE_BEZIER_KNOTS.);
#4410 = CARTESIAN_POINT('',(-8.429780262292,2.040786628189,1.56558078759
    ));
#4411 = CARTESIAN_POINT('',(-8.471793319921,1.867246847501,
    1.565581225341));
#4412 = CARTESIAN_POINT('',(-8.509041574244,1.692553603671,
    1.565580009348));
#4413 = CARTESIAN_POINT('',(-8.541480884619,1.516903801384,
    1.565581225341));
#4414 = CARTESIAN_POINT('',(-8.569076679499,1.340496248851,1.56558078759
    ));
#4415 = PCURVE('',#107,#4416);
#4416 = DEFINITIONAL_REPRESENTATION('',(#4417),#4423);
#4417 = B_SPLINE_CURVE_WITH_KNOTS('',4,(#4418,#4419,#4420,#4421,#4422),
  .UNSPECIFIED.,.F.,.F.,(5,5),(0.,1.),.PIECEWISE_BEZIER_KNOTS.);
#4418 = CARTESIAN_POINT('',(-1.885895335362,-0.697238920763));
#4419 = CARTESIAN_POINT('',(-1.86530881216,-0.697238870292));
#4420 = CARTESIAN_POINT('',(-1.844722295213,-0.697239010492));
#4421 = CARTESIAN_POINT('',(-1.824135778262,-0.697238870292));
#4422 = CARTESIAN_POINT('',(-1.803549255062,-0.697238920763));
#4423 = ( GEOMETRIC_REPRESENTATION_CONTEXT(2) 
PARAMETRIC_REPRESENTATION_CONTEXT() REPRESENTATION_CONTEXT('2D SPACE',''
  ) );
#4424 = PCURVE('',#4425,#4434);
#4425 = B_SPLINE_SURFACE_WITH_KNOTS('',1,3,(
    (#4426,#4427,#4428,#4429)
    ,(#4430,#4431,#4432,#4433
    )),.UNSPECIFIED.,.F.,.F.,.F.,(2,2),(4,4),(0.,1.),(0.,1.),
  .PIECEWISE_BEZIER_KNOTS.);
#4426 = CARTESIAN_POINT('',(-10.24647414076,2.480594601748,
    1.7763568394E-15));
#4427 = CARTESIAN_POINT('',(-10.3145646372,2.199342551869,
    1.7763568394E-15));
#4428 = CARTESIAN_POINT('',(-10.37106711177,1.915285430065,
    -1.7763568394E-15));
#4429 = CARTESIAN_POINT('',(-10.41579019556,1.629385312816,
    1.7763568394E-15));
#4430 = CARTESIAN_POINT('',(-3.862786424644,0.935151645438,
    5.501300445142));
#4431 = CARTESIAN_POINT('',(-3.888455649168,0.829123309715,
    5.501300445142));
#4432 = CARTESIAN_POINT('',(-3.90975634136,0.722037498649,5.501300445142
    ));
#4433 = CARTESIAN_POINT('',(-3.926616357649,0.614256902461,
    5.501300445142));
#4434 = DEFINITIONAL_REPRESENTATION('',(#4435),#4441);
#4435 = B_SPLINE_CURVE_WITH_KNOTS('',4,(#4436,#4437,#4438,#4439,#4440),
  .UNSPECIFIED.,.F.,.F.,(5,5),(0.,1.),.PIECEWISE_BEZIER_KNOTS.);
#4436 = CARTESIAN_POINT('',(0.284583764003,0.));
#4437 = CARTESIAN_POINT('',(0.284583843575,0.249999983278));
#4438 = CARTESIAN_POINT('',(0.284583622538,0.499999999991));
#4439 = CARTESIAN_POINT('',(0.284583843575,0.750000016749));
#4440 = CARTESIAN_POINT('',(0.284583764003,1.));
#4441 = ( GEOMETRIC_REPRESENTATION_CONTEXT(2) 
PARAMETRIC_REPRESENTATION_CONTEXT() REPRESENTATION_CONTEXT('2D SPACE',''
  ) );
#4442 = ORIENTED_EDGE('',*,*,#4443,.T.);
#4443 = EDGE_CURVE('',#4406,#4444,#4446,.T.);
#4444 = VERTEX_POINT('',#4445);
#4445 = CARTESIAN_POINT('',(-7.494931643876,0.582599204795,
    0.375178428735));
#4446 = SURFACE_CURVE('',#4447,(#4460,#4476),.PCURVE_S1.);
#4447 = B_SPLINE_CURVE_WITH_KNOTS('',6,(#4448,#4449,#4450,#4451,#4452,
    #4453,#4454,#4455,#4456,#4457,#4458,#4459),.UNSPECIFIED.,.F.,.F.,(7,
    5,7),(0.,0.732820883152,1.),.UNSPECIFIED.);
#4448 = CARTESIAN_POINT('',(-8.569076679499,1.340496248851,1.56558078759
    ));
#4449 = CARTESIAN_POINT('',(-8.464448064995,1.216830858391,
    1.419344542688));
#4450 = CARTESIAN_POINT('',(-8.353849002032,1.095723919521,
    1.274405554802));
#4451 = CARTESIAN_POINT('',(-8.235861122999,0.980263863478,
    1.129729037164));
#4452 = CARTESIAN_POINT('',(-8.109480399534,0.873820996892,
    0.984798871466));
#4453 = CARTESIAN_POINT('',(-7.974002219181,0.780830496406,
    0.839319324871));
#4454 = CARTESIAN_POINT('',(-7.776492641027,0.678576447368,
    0.640399121035));
#4455 = CARTESIAN_POINT('',(-7.722508163085,0.65366538493,0.587229972865
    ));
#4456 = CARTESIAN_POINT('',(-7.667318224263,0.63139044117,0.534066618773
    ));
#4457 = CARTESIAN_POINT('',(-7.610951635828,0.611982626361,
    0.480955194336));
#4458 = CARTESIAN_POINT('',(-7.553461895305,0.59565807674,0.427962546752
    ));
#4459 = CARTESIAN_POINT('',(-7.494931643876,0.582599204795,
    0.375178428735));
#4460 = PCURVE('',#107,#4461);
#4461 = DEFINITIONAL_REPRESENTATION('',(#4462),#4475);
#4462 = B_SPLINE_CURVE_WITH_KNOTS('',6,(#4463,#4464,#4465,#4466,#4467,
    #4468,#4469,#4470,#4471,#4472,#4473,#4474),.UNSPECIFIED.,.F.,.F.,(7,
    5,7),(0.,0.732820883152,1.),.UNSPECIFIED.);
#4463 = CARTESIAN_POINT('',(-1.803549255062,-0.697238920763));
#4464 = CARTESIAN_POINT('',(-1.791326833519,-0.714099443158));
#4465 = CARTESIAN_POINT('',(-1.77908793091,-0.731096060331));
#4466 = CARTESIAN_POINT('',(-1.767180620309,-0.74836576858));
#4467 = CARTESIAN_POINT('',(-1.756004235817,-0.766000020092));
#4468 = CARTESIAN_POINT('',(-1.74613139813,-0.784079293002));
#4469 = CARTESIAN_POINT('',(-1.735432384385,-0.809383920125));
#4470 = CARTESIAN_POINT('',(-1.732844923855,-0.816204341999));
#4471 = CARTESIAN_POINT('',(-1.730564161142,-0.823083218906));
#4472 = CARTESIAN_POINT('',(-1.728628644869,-0.830017154348));
#4473 = CARTESIAN_POINT('',(-1.727077686844,-0.836999811834));
#4474 = CARTESIAN_POINT('',(-1.72594918193,-0.844021272475));
#4475 = ( GEOMETRIC_REPRESENTATION_CONTEXT(2) 
PARAMETRIC_REPRESENTATION_CONTEXT() REPRESENTATION_CONTEXT('2D SPACE',''
  ) );
#4476 = PCURVE('',#4477,#4486);
#4477 = B_SPLINE_SURFACE_WITH_KNOTS('',1,3,(
    (#4478,#4479,#4480,#4481)
    ,(#4482,#4483,#4484,#4485
    )),.UNSPECIFIED.,.F.,.F.,.F.,(2,2),(4,4),(0.,1.),(0.,1.),
  .PIECEWISE_BEZIER_KNOTS.);
#4478 = CARTESIAN_POINT('',(-10.41579019556,1.629385312816,
    1.7763568394E-15));
#4479 = CARTESIAN_POINT('',(-10.07198585103,1.222483078848,
    -0.481716056663));
#4480 = CARTESIAN_POINT('',(-9.644594420179,0.827378235869,
    -0.965203855702));
#4481 = CARTESIAN_POINT('',(-9.110157191085,0.708154601973,
    -1.446944832201));
#4482 = CARTESIAN_POINT('',(-3.926616357649,0.614256902461,
    5.501300445142));
#4483 = CARTESIAN_POINT('',(-3.797006626872,0.460860094551,5.31969980685
    ));
#4484 = CARTESIAN_POINT('',(-3.635885660341,0.311910748386,
    5.137431244908));
#4485 = CARTESIAN_POINT('',(-3.434409831191,0.266965001372,
    4.955821212164));
#4486 = DEFINITIONAL_REPRESENTATION('',(#4487),#4500);
#4487 = B_SPLINE_CURVE_WITH_KNOTS('',6,(#4488,#4489,#4490,#4491,#4492,
    #4493,#4494,#4495,#4496,#4497,#4498,#4499),.UNSPECIFIED.,.F.,.F.,(7,
    5,7),(0.,0.732820883152,1.),.UNSPECIFIED.);
#4488 = CARTESIAN_POINT('',(0.284583764003,0.));
#4489 = CARTESIAN_POINT('',(0.284608603461,0.123113726537));
#4490 = CARTESIAN_POINT('',(0.284586033953,0.244788810558));
#4491 = CARTESIAN_POINT('',(0.284570522192,0.366182050558));
#4492 = CARTESIAN_POINT('',(0.28457441416,0.48784853949));
#4493 = CARTESIAN_POINT('',(0.284582841006,0.610014320332));
#4494 = CARTESIAN_POINT('',(0.284588436332,0.777109304303));
#4495 = CARTESIAN_POINT('',(0.284589369445,0.821777120327));
#4496 = CARTESIAN_POINT('',(0.284589345135,0.86644550472));
#4497 = CARTESIAN_POINT('',(0.28458812638,0.911076591689));
#4498 = CARTESIAN_POINT('',(0.284585937012,0.955617462348));
#4499 = CARTESIAN_POINT('',(0.284583764003,1.));
#4500 = ( GEOMETRIC_REPRESENTATION_CONTEXT(2) 
PARAMETRIC_REPRESENTATION_CONTEXT() REPRESENTATION_CONTEXT('2D SPACE',''
  ) );
#4501 = ORIENTED_EDGE('',*,*,#4502,.T.);
#4502 = EDGE_CURVE('',#4444,#64,#4503,.T.);
#4503 = SURFACE_CURVE('',#4504,(#4563,#4625),.PCURVE_S1.);
#4504 = B_SPLINE_CURVE_WITH_KNOTS('',5,(#4505,#4506,#4507,#4508,#4509,
    #4510,#4511,#4512,#4513,#4514,#4515,#4516,#4517,#4518,#4519,#4520,
    #4521,#4522,#4523,#4524,#4525,#4526,#4527,#4528,#4529,#4530,#4531,
    #4532,#4533,#4534,#4535,#4536,#4537,#4538,#4539,#4540,#4541,#4542,
    #4543,#4544,#4545,#4546,#4547,#4548,#4549,#4550,#4551,#4552,#4553,
    #4554,#4555,#4556,#4557,#4558,#4559,#4560,#4561,#4562),
  .UNSPECIFIED.,.F.,.F.,(6,4,4,4,4,4,4,4,4,4,4,4,4,4,6),(0.,
    6.762764437064E-02,0.108763492797,0.204619724392,0.292448118001,
    0.341079840665,0.392327179146,0.50032865006,0.607505638461,
    0.658752503086,0.707383058081,0.795218799845,0.891063142734,
    0.932191532341,1.),.UNSPECIFIED.);
#4505 = CARTESIAN_POINT('',(-7.494931643876,0.582599204795,
    0.375178428735));
#4506 = CARTESIAN_POINT('',(-7.4759894009,0.580749993676,0.358259609973)
  );
#4507 = CARTESIAN_POINT('',(-7.457166797451,0.57790408008,0.341474038744
    ));
#4508 = CARTESIAN_POINT('',(-7.4385117891,0.574016595998,0.324859551242)
  );
#4509 = CARTESIAN_POINT('',(-7.420080624325,0.569048746562,
    0.308461226564));
#4510 = CARTESIAN_POINT('',(-7.39089872862,0.55928460658,0.282517899476)
  );
#4511 = CARTESIAN_POINT('',(-7.379967592056,0.55518346787,0.272804560597
    ));
#4512 = CARTESIAN_POINT('',(-7.369156447366,0.550668821864,
    0.263201541969));
#4513 = CARTESIAN_POINT('',(-7.35847983919,0.54573785809,0.25372082582)
  );
#4514 = CARTESIAN_POINT('',(-7.32342205728,0.527929082157,0.222596489775
    ));
#4515 = CARTESIAN_POINT('',(-7.299699836567,0.513204113215,
    0.201546833023));
#4516 = CARTESIAN_POINT('',(-7.276982725605,0.496216069579,
    0.181389746334));
#4517 = CARTESIAN_POINT('',(-7.255449983005,0.477043823179,
    0.162277200695));
#4518 = CARTESIAN_POINT('',(-7.216747606562,0.436443252598,
    0.127907407983));
#4519 = CARTESIAN_POINT('',(-7.199360676192,0.415335242995,
    0.112458735694));
#4520 = CARTESIAN_POINT('',(-7.183207164085,0.392659409661,
    9.80952539915E-02));
#4521 = CARTESIAN_POINT('',(-7.168362774772,0.368582193638,
    8.488537059374E-02));
#4522 = CARTESIAN_POINT('',(-7.147411321568,0.329282411563,
    6.62270288429E-02));
#4523 = CARTESIAN_POINT('',(-7.140361249141,0.314903066019,
    5.994556534062E-02));
#4524 = CARTESIAN_POINT('',(-7.133735809798,0.30018085025,
    5.403967765972E-02));
#4525 = CARTESIAN_POINT('',(-7.127540783134,0.285146740286,
    4.851501401596E-02));
#4526 = CARTESIAN_POINT('',(-7.115708786405,0.253693340123,
    3.795915172873E-02));
#4527 = CARTESIAN_POINT('',(-7.110119858334,0.237242935482,
    3.297055883303E-02));
#4528 = CARTESIAN_POINT('',(-7.105017013851,0.220516885899,
    2.841382578936E-02));
#4529 = CARTESIAN_POINT('',(-7.100402777169,0.203550564924,
    2.429183026609E-02));
#4530 = CARTESIAN_POINT('',(-7.087585560424,0.150189167602,
    1.28383509719E-02));
#4531 = CARTESIAN_POINT('',(-7.081068180586,0.113088136013,
    7.008640252646E-03));
#4532 = CARTESIAN_POINT('',(-7.076734824547,7.539203428687E-02,
    3.130233860647E-03));
#4533 = CARTESIAN_POINT('',(-7.074581141208,3.740659578264E-02,
    1.202711797887E-03));
#4534 = CARTESIAN_POINT('',(-7.074634015979,-3.827254885736E-02,
    1.250034435891E-03));
#4535 = CARTESIAN_POINT('',(-7.076807410651,-7.596271746108E-02,
    3.195198608081E-03));
#4536 = CARTESIAN_POINT('',(-7.081127367499,-0.113364753178,
    7.061571619696E-03));
#4537 = CARTESIAN_POINT('',(-7.087598078685,-0.150179830057,
    1.284950186701E-02));
#4538 = CARTESIAN_POINT('',(-7.1003291531,-0.203273080592,
    2.422605645628E-02));
#4539 = CARTESIAN_POINT('',(-7.10493696674,-0.220242261849,
    2.83423348188E-02));
#4540 = CARTESIAN_POINT('',(-7.110033396952,-0.236971520459,
    3.289336470747E-02));
#4541 = CARTESIAN_POINT('',(-7.115615929896,-0.253425489605,
    3.787627793773E-02));
#4542 = CARTESIAN_POINT('',(-7.127435442928,-0.284886313227,
    4.842106534667E-02));
#4543 = CARTESIAN_POINT('',(-7.13362436486,-0.299924254189,
    5.394031878792E-02));
#4544 = CARTESIAN_POINT('',(-7.140243729355,-0.31465063922,
    5.984082856695E-02));
#4545 = CARTESIAN_POINT('',(-7.147287772815,-0.329034493601,
    6.611696027164E-02));
#4546 = CARTESIAN_POINT('',(-7.168223942765,-0.368350596052,
    8.476180857379E-02));
#4547 = CARTESIAN_POINT('',(-7.183059515798,-0.3924401196,
    9.796392823571E-02));
#4548 = CARTESIAN_POINT('',(-7.199204817279,-0.415129019314,
    0.112320192194));
#4549 = CARTESIAN_POINT('',(-7.216584254772,-0.436250701434,
    0.127762282575));
#4550 = CARTESIAN_POINT('',(-7.255268448125,-0.47687630155,
    0.162116053099));
#4551 = CARTESIAN_POINT('',(-7.276790096835,-0.496060820336,
    0.181218801701));
#4552 = CARTESIAN_POINT('',(-7.299496712771,-0.513062282235,
    0.201366597411));
#4553 = CARTESIAN_POINT('',(-7.323209194782,-0.527801518394,
    0.222407589488));
#4554 = CARTESIAN_POINT('',(-7.358253626091,-0.545631159627,
    0.253519960086));
#4555 = CARTESIAN_POINT('',(-7.368925936727,-0.550568323032,
    0.262996815687));
#4556 = CARTESIAN_POINT('',(-7.379732924375,-0.555089293726,
    0.272596085814));
#4557 = CARTESIAN_POINT('',(-7.390660048645,-0.559196859198,
    0.282305790804));
#4558 = CARTESIAN_POINT('',(-7.419883519282,-0.568995570742,
    0.308285861674));
#4559 = CARTESIAN_POINT('',(-7.43836216016,-0.573985392165,
    0.324726289492));
#4560 = CARTESIAN_POINT('',(-7.45706614735,-0.577888854849,
    0.341384281441));
#4561 = CARTESIAN_POINT('',(-7.475938756781,-0.580745049612,
    0.358214375696));
#4562 = CARTESIAN_POINT('',(-7.494931643876,-0.582599204795,
    0.375178428735));
#4563 = PCURVE('',#107,#4564);
#4564 = DEFINITIONAL_REPRESENTATION('',(#4565),#4624);
#4565 = B_SPLINE_CURVE_WITH_KNOTS('',5,(#4566,#4567,#4568,#4569,#4570,
    #4571,#4572,#4573,#4574,#4575,#4576,#4577,#4578,#4579,#4580,#4581,
    #4582,#4583,#4584,#4585,#4586,#4587,#4588,#4589,#4590,#4591,#4592,
    #4593,#4594,#4595,#4596,#4597,#4598,#4599,#4600,#4601,#4602,#4603,
    #4604,#4605,#4606,#4607,#4608,#4609,#4610,#4611,#4612,#4613,#4614,
    #4615,#4616,#4617,#4618,#4619,#4620,#4621,#4622,#4623),
  .UNSPECIFIED.,.F.,.F.,(6,4,4,4,4,4,4,4,4,4,4,4,4,4,6),(0.,
    6.762764437064E-02,0.108763492797,0.204619724392,0.292448118001,
    0.341079840665,0.392327179146,0.50032865006,0.607505638461,
    0.658752503086,0.707383058081,0.795218799845,0.891063142734,
    0.932191532341,1.),.UNSPECIFIED.);
#4566 = CARTESIAN_POINT('',(-1.72594918193,-0.844021272475));
#4567 = CARTESIAN_POINT('',(-1.725899211938,-0.846271851333));
#4568 = CARTESIAN_POINT('',(-1.725715506801,-0.848511826104));
#4569 = CARTESIAN_POINT('',(-1.725389935186,-0.850736053935));
#4570 = CARTESIAN_POINT('',(-1.724914876911,-0.852938295256));
#4571 = CARTESIAN_POINT('',(-1.723901462873,-0.856433139447));
#4572 = CARTESIAN_POINT('',(-1.723460807455,-0.857744142071));
#4573 = CARTESIAN_POINT('',(-1.722961505347,-0.859042718104));
#4574 = CARTESIAN_POINT('',(-1.72240262149,-0.860327151856));
#4575 = CARTESIAN_POINT('',(-1.720341014541,-0.864551526735));
#4576 = CARTESIAN_POINT('',(-1.718571568844,-0.867421233782));
#4577 = CARTESIAN_POINT('',(-1.716468365004,-0.870181098784));
#4578 = CARTESIAN_POINT('',(-1.714036085426,-0.872808291665));
#4579 = CARTESIAN_POINT('',(-1.708782469383,-0.877549214672));
#4580 = CARTESIAN_POINT('',(-1.706010375535,-0.879687880378));
#4581 = CARTESIAN_POINT('',(-1.702992956245,-0.881682831478));
#4582 = CARTESIAN_POINT('',(-1.699752461122,-0.883522690616));
#4583 = CARTESIAN_POINT('',(-1.694412525648,-0.886127473339));
#4584 = CARTESIAN_POINT('',(-1.692449182484,-0.887005709604));
#4585 = CARTESIAN_POINT('',(-1.690430008304,-0.887832546141));
#4586 = CARTESIAN_POINT('',(-1.688359643749,-0.888606931128));
#4587 = CARTESIAN_POINT('',(-1.684012322869,-0.890088062851));
#4588 = CARTESIAN_POINT('',(-1.681730224513,-0.890788921188));
#4589 = CARTESIAN_POINT('',(-1.679402217956,-0.89142979617));
#4590 = CARTESIAN_POINT('',(-1.67703392437,-0.892010045457));
#4591 = CARTESIAN_POINT('',(-1.669566881804,-0.893623501242));
#4592 = CARTESIAN_POINT('',(-1.66434915982,-0.8944465931));
#4593 = CARTESIAN_POINT('',(-1.659029542585,-0.894994817579));
#4594 = CARTESIAN_POINT('',(-1.653660198565,-0.895267273071));
#4595 = CARTESIAN_POINT('',(-1.642962907176,-0.895260583988));
#4596 = CARTESIAN_POINT('',(-1.637635461268,-0.894985634737));
#4597 = CARTESIAN_POINT('',(-1.63235753118,-0.894439122758));
#4598 = CARTESIAN_POINT('',(-1.627180094053,-0.893621941837));
#4599 = CARTESIAN_POINT('',(-1.619750337865,-0.89201930564));
#4600 = CARTESIAN_POINT('',(-1.617381559727,-0.891439854362));
#4601 = CARTESIAN_POINT('',(-1.615053012607,-0.8907997732));
#4602 = CARTESIAN_POINT('',(-1.612770317576,-0.890099702897));
#4603 = CARTESIAN_POINT('',(-1.608421756372,-0.888620102473));
#4604 = CARTESIAN_POINT('',(-1.606350752398,-0.887846463106));
#4605 = CARTESIAN_POINT('',(-1.604330887338,-0.88702036497));
#4606 = CARTESIAN_POINT('',(-1.602366802683,-0.886142857791));
#4607 = CARTESIAN_POINT('',(-1.597024278901,-0.88353990757));
#4608 = CARTESIAN_POINT('',(-1.593781868832,-0.881701090431));
#4609 = CARTESIAN_POINT('',(-1.59076243502,-0.879707096062));
#4610 = CARTESIAN_POINT('',(-1.587988256209,-0.87756928989));
#4611 = CARTESIAN_POINT('',(-1.582730774402,-0.872830458697));
#4612 = CARTESIAN_POINT('',(-1.580296578375,-0.870204541929));
#4613 = CARTESIAN_POINT('',(-1.578191320336,-0.86744586992));
#4614 = CARTESIAN_POINT('',(-1.576419732593,-0.864577257814));
#4615 = CARTESIAN_POINT('',(-1.574355039868,-0.860354375442));
#4616 = CARTESIAN_POINT('',(-1.573795239596,-0.85907042389));
#4617 = CARTESIAN_POINT('',(-1.573295010112,-0.857772312705));
#4618 = CARTESIAN_POINT('',(-1.572853419824,-0.85646175739));
#4619 = CARTESIAN_POINT('',(-1.571835718827,-0.852961846487));
#4620 = CARTESIAN_POINT('',(-1.571358187964,-0.850753894214));
#4621 = CARTESIAN_POINT('',(-1.571030985229,-0.848523803945));
#4622 = CARTESIAN_POINT('',(-1.570846430387,-0.846277868497));
#4623 = CARTESIAN_POINT('',(-1.570796326795,-0.844021272475));
#4624 = ( GEOMETRIC_REPRESENTATION_CONTEXT(2) 
PARAMETRIC_REPRESENTATION_CONTEXT() REPRESENTATION_CONTEXT('2D SPACE',''
  ) );
#4625 = PCURVE('',#148,#4626);
#4626 = DEFINITIONAL_REPRESENTATION('',(#4627),#4686);
#4627 = B_SPLINE_CURVE_WITH_KNOTS('',5,(#4628,#4629,#4630,#4631,#4632,
    #4633,#4634,#4635,#4636,#4637,#4638,#4639,#4640,#4641,#4642,#4643,
    #4644,#4645,#4646,#4647,#4648,#4649,#4650,#4651,#4652,#4653,#4654,
    #4655,#4656,#4657,#4658,#4659,#4660,#4661,#4662,#4663,#4664,#4665,
    #4666,#4667,#4668,#4669,#4670,#4671,#4672,#4673,#4674,#4675,#4676,
    #4677,#4678,#4679,#4680,#4681,#4682,#4683,#4684,#4685),
  .UNSPECIFIED.,.F.,.F.,(6,4,4,4,4,4,4,4,4,4,4,4,4,4,6),(0.,
    6.762764437064E-02,0.108763492797,0.204619724392,0.292448118001,
    0.341079840665,0.392327179146,0.50032865006,0.607505638461,
    0.658752503086,0.707383058081,0.795218799845,0.891063142734,
    0.932191532341,1.),.UNSPECIFIED.);
#4628 = CARTESIAN_POINT('',(0.284583764003,0.));
#4629 = CARTESIAN_POINT('',(0.284577436635,1.128611296442E-02));
#4630 = CARTESIAN_POINT('',(0.284573453755,2.281147714136E-02));
#4631 = CARTESIAN_POINT('',(0.284571395006,3.457605063051E-02));
#4632 = CARTESIAN_POINT('',(0.284570828464,4.657619994634E-02));
#4633 = CARTESIAN_POINT('',(0.284571677356,6.623994777755E-02));
#4634 = CARTESIAN_POINT('',(0.28457240357,7.376086865074E-02));
#4635 = CARTESIAN_POINT('',(0.284573444612,8.136356754937E-02));
#4636 = CARTESIAN_POINT('',(0.284574717245,8.904534557318E-02));
#4637 = CARTESIAN_POINT('',(0.28457947306,0.114879658709));
#4638 = CARTESIAN_POINT('',(0.284583647947,0.133370021554));
#4639 = CARTESIAN_POINT('',(0.284587706794,0.152225291856));
#4640 = CARTESIAN_POINT('',(0.284590998674,0.171392073705));
#4641 = CARTESIAN_POINT('',(0.284595394638,0.208587994488));
#4642 = CARTESIAN_POINT('',(0.284596658401,0.226580756146));
#4643 = CARTESIAN_POINT('',(0.28459689554,0.244731134182));
#4644 = CARTESIAN_POINT('',(0.284596200335,0.262998585085));
#4645 = CARTESIAN_POINT('',(0.284594010507,0.29150670278));
#4646 = CARTESIAN_POINT('',(0.284593010503,0.301691631928));
#4647 = CARTESIAN_POINT('',(0.284591829416,0.311896187637));
#4648 = CARTESIAN_POINT('',(0.284590511622,0.322115814197));
#4649 = CARTESIAN_POINT('',(0.284587627566,0.343128391422));
#4650 = CARTESIAN_POINT('',(0.28458605077,0.353922603293));
#4651 = CARTESIAN_POINT('',(0.284584435485,0.364725566042));
#4652 = CARTESIAN_POINT('',(0.284582836969,0.37553431692));
#4653 = CARTESIAN_POINT('',(0.284578083368,0.409134139463));
#4654 = CARTESIAN_POINT('',(0.284575162078,0.431937144557));
#4655 = CARTESIAN_POINT('',(0.28457302094,0.454741843195));
#4656 = CARTESIAN_POINT('',(0.284571961223,0.477543878974));
#4657 = CARTESIAN_POINT('',(0.284571987268,0.52297597425));
#4658 = CARTESIAN_POINT('',(0.284573056744,0.545603979948));
#4659 = CARTESIAN_POINT('',(0.284575187686,0.568234559669));
#4660 = CARTESIAN_POINT('',(0.284578084916,0.590863420071));
#4661 = CARTESIAN_POINT('',(0.284582811126,0.624289336162));
#4662 = CARTESIAN_POINT('',(0.284584409222,0.635098054658));
#4663 = CARTESIAN_POINT('',(0.28458602463,0.645901010131));
#4664 = CARTESIAN_POINT('',(0.284587602113,0.656695247109));
#4665 = CARTESIAN_POINT('',(0.284590488576,0.677707801514));
#4666 = CARTESIAN_POINT('',(0.284591808035,0.687927376311));
#4667 = CARTESIAN_POINT('',(0.284592991287,0.698131924506));
#4668 = CARTESIAN_POINT('',(0.284593993919,0.708316897905));
#4669 = CARTESIAN_POINT('',(0.284596192374,0.736827282173));
#4670 = CARTESIAN_POINT('',(0.284596894308,0.755097069992));
#4671 = CARTESIAN_POINT('',(0.284596664541,0.77324999679));
#4672 = CARTESIAN_POINT('',(0.284595407933,0.79124553639));
#4673 = CARTESIAN_POINT('',(0.284591024983,0.828443706487));
#4674 = CARTESIAN_POINT('',(0.28458773916,0.847610103886));
#4675 = CARTESIAN_POINT('',(0.284583684053,0.866465388));
#4676 = CARTESIAN_POINT('',(0.284579508859,0.88495614687));
#4677 = CARTESIAN_POINT('',(0.284574745006,0.910791056718));
#4678 = CARTESIAN_POINT('',(0.28457346901,0.918472772686));
#4679 = CARTESIAN_POINT('',(0.284572423477,0.92607547585));
#4680 = CARTESIAN_POINT('',(0.28457169154,0.933596463047));
#4681 = CARTESIAN_POINT('',(0.284570822469,0.953295452601));
#4682 = CARTESIAN_POINT('',(0.284571378535,0.965329580302));
#4683 = CARTESIAN_POINT('',(0.284573432473,0.977126890979));
#4684 = CARTESIAN_POINT('',(0.284577419719,0.988683712402));
#4685 = CARTESIAN_POINT('',(0.284583764003,1.));
#4686 = ( GEOMETRIC_REPRESENTATION_CONTEXT(2) 
PARAMETRIC_REPRESENTATION_CONTEXT() REPRESENTATION_CONTEXT('2D SPACE',''
  ) );
#4687 = ORIENTED_EDGE('',*,*,#63,.T.);
#4688 = ORIENTED_EDGE('',*,*,#4689,.T.);
#4689 = EDGE_CURVE('',#22,#4690,#4692,.T.);
#4690 = VERTEX_POINT('',#4691);
#4691 = CARTESIAN_POINT('',(-8.429780262292,-2.040786628189,
    1.56558078759));
#4692 = SURFACE_CURVE('',#4693,(#4699,#4708),.PCURVE_S1.);
#4693 = B_SPLINE_CURVE_WITH_KNOTS('',4,(#4694,#4695,#4696,#4697,#4698),
  .UNSPECIFIED.,.F.,.F.,(5,5),(0.,1.),.PIECEWISE_BEZIER_KNOTS.);
#4694 = CARTESIAN_POINT('',(-8.569076679499,-1.340496248851,
    1.56558078759));
#4695 = CARTESIAN_POINT('',(-8.541480884616,-1.516903801402,
    1.565581225341));
#4696 = CARTESIAN_POINT('',(-8.509041574247,-1.692553603659,
    1.565580009348));
#4697 = CARTESIAN_POINT('',(-8.471793319917,-1.86724684752,
    1.565581225341));
#4698 = CARTESIAN_POINT('',(-8.429780262292,-2.040786628189,
    1.56558078759));
#4699 = PCURVE('',#107,#4700);
#4700 = DEFINITIONAL_REPRESENTATION('',(#4701),#4707);
#4701 = B_SPLINE_CURVE_WITH_KNOTS('',4,(#4702,#4703,#4704,#4705,#4706),
  .UNSPECIFIED.,.F.,.F.,(5,5),(0.,1.),.PIECEWISE_BEZIER_KNOTS.);
#4702 = CARTESIAN_POINT('',(-1.493196253663,-0.697238920763));
#4703 = CARTESIAN_POINT('',(-1.472609730461,-0.697238870292));
#4704 = CARTESIAN_POINT('',(-1.452023213514,-0.697239010492));
#4705 = CARTESIAN_POINT('',(-1.431436696563,-0.697238870292));
#4706 = CARTESIAN_POINT('',(-1.410850173363,-0.697238920763));
#4707 = ( GEOMETRIC_REPRESENTATION_CONTEXT(2) 
PARAMETRIC_REPRESENTATION_CONTEXT() REPRESENTATION_CONTEXT('2D SPACE',''
  ) );
#4708 = PCURVE('',#47,#4709);
#4709 = DEFINITIONAL_REPRESENTATION('',(#4710),#4716);
#4710 = B_SPLINE_CURVE_WITH_KNOTS('',4,(#4711,#4712,#4713,#4714,#4715),
  .UNSPECIFIED.,.F.,.F.,(5,5),(0.,1.),.PIECEWISE_BEZIER_KNOTS.);
#4711 = CARTESIAN_POINT('',(0.284583764003,0.));
#4712 = CARTESIAN_POINT('',(0.284583843575,0.249999983278));
#4713 = CARTESIAN_POINT('',(0.284583622538,0.499999999991));
#4714 = CARTESIAN_POINT('',(0.284583843575,0.750000016749));
#4715 = CARTESIAN_POINT('',(0.284583764003,1.));
#4716 = ( GEOMETRIC_REPRESENTATION_CONTEXT(2) 
PARAMETRIC_REPRESENTATION_CONTEXT() REPRESENTATION_CONTEXT('2D SPACE',''
  ) );
#4717 = ORIENTED_EDGE('',*,*,#4718,.T.);
#4718 = EDGE_CURVE('',#4690,#4719,#4721,.T.);
#4719 = VERTEX_POINT('',#4720);
#4720 = CARTESIAN_POINT('',(-7.147365006733,-2.329934685852,
    0.375178428735));
#4721 = SURFACE_CURVE('',#4722,(#4735,#4751),.PCURVE_S1.);
#4722 = B_SPLINE_CURVE_WITH_KNOTS('',6,(#4723,#4724,#4725,#4726,#4727,
    #4728,#4729,#4730,#4731,#4732,#4733,#4734),.UNSPECIFIED.,.F.,.F.,(7,
    5,7),(0.,0.732820614702,1.),.UNSPECIFIED.);
#4723 = CARTESIAN_POINT('',(-8.429780262292,-2.040786628189,
    1.56558078759));
#4724 = CARTESIAN_POINT('',(-8.285791383536,-2.114998886787,
    1.419344596298));
#4725 = CARTESIAN_POINT('',(-8.137265609892,-2.184562656086,
    1.274405660947));
#4726 = CARTESIAN_POINT('',(-7.984074432333,-2.246081815522,
    1.129729196108));
#4727 = CARTESIAN_POINT('',(-7.826580009599,-2.296058386616,
    0.984799083856));
#4728 = CARTESIAN_POINT('',(-7.665828631505,-2.330125162537,
    0.839319591431));
#4729 = CARTESIAN_POINT('',(-7.444222648149,-2.349011992829,
    0.640399388078));
#4730 = CARTESIAN_POINT('',(-7.38481438377,-2.351367862243,
    0.587230186473));
#4731 = CARTESIAN_POINT('',(-7.325301217143,-2.350826960445,
    0.534066778819));
#4732 = CARTESIAN_POINT('',(-7.265798170532,-2.347186886714,
    0.480955300796));
#4733 = CARTESIAN_POINT('',(-7.206437381343,-2.340268429241,
    0.427962599778));
#4734 = CARTESIAN_POINT('',(-7.147365006733,-2.329934685852,
    0.375178428735));
#4735 = PCURVE('',#107,#4736);
#4736 = DEFINITIONAL_REPRESENTATION('',(#4737),#4750);
#4737 = B_SPLINE_CURVE_WITH_KNOTS('',6,(#4738,#4739,#4740,#4741,#4742,
    #4743,#4744,#4745,#4746,#4747,#4748,#4749),.UNSPECIFIED.,.F.,.F.,(7,
    5,7),(0.,0.732820614702,1.),.UNSPECIFIED.);
#4738 = CARTESIAN_POINT('',(-1.410850173363,-0.697238920763));
#4739 = CARTESIAN_POINT('',(-1.398627756301,-0.714099436977));
#4740 = CARTESIAN_POINT('',(-1.386388858174,-0.731096047883));
#4741 = CARTESIAN_POINT('',(-1.37448155169,-0.748365749607));
#4742 = CARTESIAN_POINT('',(-1.3633051705,-0.765999994251));
#4743 = CARTESIAN_POINT('',(-1.353432334518,-0.784079259875));
#4744 = CARTESIAN_POINT('',(-1.342733315682,-0.809383885869));
#4745 = CARTESIAN_POINT('',(-1.34014585132,-0.81620431436));
#4746 = CARTESIAN_POINT('',(-1.337865085276,-0.823083198012));
#4747 = CARTESIAN_POINT('',(-1.335929566287,-0.83001714032));
#4748 = CARTESIAN_POINT('',(-1.334378606279,-0.83699980478));
#4749 = CARTESIAN_POINT('',(-1.333250100231,-0.844021272475));
#4750 = ( GEOMETRIC_REPRESENTATION_CONTEXT(2) 
PARAMETRIC_REPRESENTATION_CONTEXT() REPRESENTATION_CONTEXT('2D SPACE',''
  ) );
#4751 = PCURVE('',#4752,#4761);
#4752 = B_SPLINE_SURFACE_WITH_KNOTS('',1,3,(
    (#4753,#4754,#4755,#4756)
    ,(#4757,#4758,#4759,#4760
    )),.UNSPECIFIED.,.F.,.F.,.F.,(2,2),(4,4),(0.,1.),(0.,1.),
  .PIECEWISE_BEZIER_KNOTS.);
#4753 = CARTESIAN_POINT('',(-10.24647414076,-2.480594601748,
    1.7763568394E-15));
#4754 = CARTESIAN_POINT('',(-9.773125600132,-2.724955020816,
    -0.481716056663));
#4755 = CARTESIAN_POINT('',(-9.227067327343,-2.926428678718,
    -0.965203855702));
#4756 = CARTESIAN_POINT('',(-8.687686800532,-2.832056680653,
    -1.446944832201));
#4757 = CARTESIAN_POINT('',(-3.862786424644,-0.935151645438,
    5.501300445142));
#4758 = CARTESIAN_POINT('',(-3.6843402302,-1.027272319977,5.31969980685)
  );
#4759 = CARTESIAN_POINT('',(-3.478483419924,-1.103225247782,
    5.137431244908));
#4760 = CARTESIAN_POINT('',(-3.27514403234,-1.067648241684,
    4.955821212164));
#4761 = DEFINITIONAL_REPRESENTATION('',(#4762),#4775);
#4762 = B_SPLINE_CURVE_WITH_KNOTS('',6,(#4763,#4764,#4765,#4766,#4767,
    #4768,#4769,#4770,#4771,#4772,#4773,#4774),.UNSPECIFIED.,.F.,.F.,(7,
    5,7),(0.,0.732820614702,1.),.UNSPECIFIED.);
#4763 = CARTESIAN_POINT('',(0.284583764003,0.));
#4764 = CARTESIAN_POINT('',(0.284608603452,0.123113681404));
#4765 = CARTESIAN_POINT('',(0.28458603397,0.244788721448));
#4766 = CARTESIAN_POINT('',(0.28457052221,0.366181917196));
#4767 = CARTESIAN_POINT('',(0.284574414154,0.487848361189));
#4768 = CARTESIAN_POINT('',(0.284582840991,0.61001409649));
#4769 = CARTESIAN_POINT('',(0.284588436327,0.777109079958));
#4770 = CARTESIAN_POINT('',(0.284589369445,0.821776940851));
#4771 = CARTESIAN_POINT('',(0.284589345138,0.866445370229));
#4772 = CARTESIAN_POINT('',(0.284588126384,0.911076502209));
#4773 = CARTESIAN_POINT('',(0.284585937014,0.955617417761));
#4774 = CARTESIAN_POINT('',(0.284583764003,1.));
#4775 = ( GEOMETRIC_REPRESENTATION_CONTEXT(2) 
PARAMETRIC_REPRESENTATION_CONTEXT() REPRESENTATION_CONTEXT('2D SPACE',''
  ) );
#4776 = ORIENTED_EDGE('',*,*,#4777,.T.);
#4777 = EDGE_CURVE('',#4719,#4778,#4780,.T.);
#4778 = VERTEX_POINT('',#4779);
#4779 = CARTESIAN_POINT('',(-6.701462879964,-3.406437647788,
    0.375178428735));
#4780 = SURFACE_CURVE('',#4781,(#4840,#4902),.PCURVE_S1.);
#4781 = B_SPLINE_CURVE_WITH_KNOTS('',5,(#4782,#4783,#4784,#4785,#4786,
    #4787,#4788,#4789,#4790,#4791,#4792,#4793,#4794,#4795,#4796,#4797,
    #4798,#4799,#4800,#4801,#4802,#4803,#4804,#4805,#4806,#4807,#4808,
    #4809,#4810,#4811,#4812,#4813,#4814,#4815,#4816,#4817,#4818,#4819,
    #4820,#4821,#4822,#4823,#4824,#4825,#4826,#4827,#4828,#4829,#4830,
    #4831,#4832,#4833,#4834,#4835,#4836,#4837,#4838,#4839),
  .UNSPECIFIED.,.F.,.F.,(6,4,4,4,4,4,4,4,4,4,4,4,4,4,6),(0.,
    6.762764427297E-02,0.108763492703,0.204619724306,0.292448117483,
    0.34107984015,0.392327178633,0.500328649548,0.607505648199,
    0.658752512852,0.707383067916,0.795218827758,0.891063172704,
    0.932191563602,1.),.UNSPECIFIED.);
#4782 = CARTESIAN_POINT('',(-7.147365006733,-2.329934685852,
    0.375178428735));
#4783 = CARTESIAN_POINT('',(-7.129156993715,-2.324394251606,
    0.358259609997));
#4784 = CARTESIAN_POINT('',(-7.110678091684,-2.31982043444,
    0.341474038793));
#4785 = CARTESIAN_POINT('',(-7.091955435566,-2.316273038792,
    0.324859551315));
#4786 = CARTESIAN_POINT('',(-7.073026146024,-2.313809431807,
    0.308461226659));
#4787 = CARTESIAN_POINT('',(-7.042329015288,-2.311662892869,
    0.282517899591));
#4788 = CARTESIAN_POINT('',(-7.030660524111,-2.311268686119,
    0.27280456071));
#4789 = CARTESIAN_POINT('',(-7.018944648578,-2.311302429199,
    0.26320154208));
#4790 = CARTESIAN_POINT('',(-7.007193750665,-2.311772284638,
    0.253720825929));
#4791 = CARTESIAN_POINT('',(-6.967989460001,-2.314809415896,
    0.222596489877));
#4792 = CARTESIAN_POINT('',(-6.940437984161,-2.319335412463,
    0.201546833121));
#4793 = CARTESIAN_POINT('',(-6.912949067455,-2.326336856271,
    0.181389746427));
#4794 = CARTESIAN_POINT('',(-6.885718506226,-2.335809478458,
    0.162277200782));
#4795 = CARTESIAN_POINT('',(-6.83442500718,-2.358508756298,
    0.127907408142));
#4796 = CARTESIAN_POINT('',(-6.810283892628,-2.37135632407,0.11245873592
    ));
#4797 = CARTESIAN_POINT('',(-6.78668232779,-2.386124380813,
    9.809525427256E-02));
#4798 = CARTESIAN_POINT('',(-6.763753948762,-2.402688125928,
    8.488537091809E-02));
#4799 = CARTESIAN_POINT('',(-6.729357954554,-2.430978616045,
    6.622702918171E-02));
#4800 = CARTESIAN_POINT('',(-6.717341799616,-2.441565453149,
    5.994556566302E-02));
#4801 = CARTESIAN_POINT('',(-6.705586743738,-2.452631561084,
    5.403967796557E-02));
#4802 = CARTESIAN_POINT('',(-6.694109980584,-2.464150533483,
    4.851501430516E-02));
#4803 = CARTESIAN_POINT('',(-6.671141945816,-2.488681776966,
    3.795915198385E-02));
#4804 = CARTESIAN_POINT('',(-6.659683152237,-2.50174117892,
    3.297055907068E-02));
#4805 = CARTESIAN_POINT('',(-6.648567956583,-2.515241259732,
    2.841382600946E-02));
#4806 = CARTESIAN_POINT('',(-6.637812227793,-2.529150304475,
    2.42918304686E-02));
#4807 = CARTESIAN_POINT('',(-6.60555014085,-2.573544870743,
    1.283835111987E-02));
#4808 = CARTESIAN_POINT('',(-6.585330916865,-2.605327661149,
    7.008640363491E-03));
#4809 = CARTESIAN_POINT('',(-6.566901744283,-2.638496014403,
    3.130233934344E-03));
#4810 = CARTESIAN_POINT('',(-6.550375602303,-2.672765804619,
    1.202711834438E-03));
#4811 = CARTESIAN_POINT('',(-6.521463295939,-2.742704454989,
    1.250034400709E-03));
#4812 = CARTESIAN_POINT('',(-6.509047846668,-2.778357355947,
    3.195198905862E-03));
#4813 = CARTESIAN_POINT('',(-6.498725826347,-2.814565510696,
    7.0615726178E-03));
#4814 = CARTESIAN_POINT('',(-6.490615463806,-2.851054444245,
    1.28495039333E-02));
#4815 = CARTESIAN_POINT('',(-6.482059536227,-2.904978186477,
    2.422606028552E-02));
#4816 = CARTESIAN_POINT('',(-6.47982277682,-2.922418999652,
    2.834233898112E-02));
#4817 = CARTESIAN_POINT('',(-6.478129254693,-2.939825138653,
    3.289336920204E-02));
#4818 = CARTESIAN_POINT('',(-6.476990181654,-2.957162966794,
    3.78762827632E-02));
#4819 = CARTESIAN_POINT('',(-6.475870452697,-2.99075210951,
    4.842107081737E-02));
#4820 = CARTESIAN_POINT('',(-6.47583350055,-3.007013753193,
    5.394032457381E-02));
#4821 = CARTESIAN_POINT('',(-6.476313452774,-3.023152279948,
    5.984083466615E-02));
#4822 = CARTESIAN_POINT('',(-6.477316838013,-3.039136867229,
    6.611696668148E-02));
#4823 = CARTESIAN_POINT('',(-6.481613717655,-3.083472140434,
    8.47618182982E-02));
#4824 = CARTESIAN_POINT('',(-6.486101340436,-3.111405291492,
    9.796394144781E-02));
#4825 = CARTESIAN_POINT('',(-6.492334990784,-3.138545645804,
    0.112320209338));
#4826 = CARTESIAN_POINT('',(-6.500308583047,-3.164710362725,
    0.127762304042));
#4827 = CARTESIAN_POINT('',(-6.52050138011,-3.217047325777,
    0.162116080954));
#4828 = CARTESIAN_POINT('',(-6.533043195946,-3.243007487198,
    0.18121883125));
#4829 = CARTESIAN_POINT('',(-6.547515198432,-3.267404234145,
    0.201366628567));
#4830 = CARTESIAN_POINT('',(-6.563782216242,-3.290095885128,
    0.222407622143));
#4831 = CARTESIAN_POINT('',(-6.589335944265,-3.319979246545,
    0.25351999481));
#4832 = CARTESIAN_POINT('',(-6.597306504085,-3.328624706523,
    0.262996851078));
#4833 = CARTESIAN_POINT('',(-6.605560759281,-3.336937193206,
    0.272596121853));
#4834 = CARTESIAN_POINT('',(-6.614084209556,-3.344913717535,
    0.282305827471));
#4835 = CARTESIAN_POINT('',(-6.63733336703,-3.365149876347,0.30828589199
    ));
#4836 = CARTESIAN_POINT('',(-6.65249587701,-3.376831333294,
    0.324726312531));
#4837 = CARTESIAN_POINT('',(-6.668282310689,-3.387595362795,
    0.341384296959));
#4838 = CARTESIAN_POINT('',(-6.684625302545,-3.39745637268,
    0.358214383516));
#4839 = CARTESIAN_POINT('',(-6.701462879964,-3.406437647788,
    0.375178428735));
#4840 = PCURVE('',#107,#4841);
#4841 = DEFINITIONAL_REPRESENTATION('',(#4842),#4901);
#4842 = B_SPLINE_CURVE_WITH_KNOTS('',5,(#4843,#4844,#4845,#4846,#4847,
    #4848,#4849,#4850,#4851,#4852,#4853,#4854,#4855,#4856,#4857,#4858,
    #4859,#4860,#4861,#4862,#4863,#4864,#4865,#4866,#4867,#4868,#4869,
    #4870,#4871,#4872,#4873,#4874,#4875,#4876,#4877,#4878,#4879,#4880,
    #4881,#4882,#4883,#4884,#4885,#4886,#4887,#4888,#4889,#4890,#4891,
    #4892,#4893,#4894,#4895,#4896,#4897,#4898,#4899,#4900),
  .UNSPECIFIED.,.F.,.F.,(6,4,4,4,4,4,4,4,4,4,4,4,4,4,6),(0.,
    6.762764427297E-02,0.108763492703,0.204619724306,0.292448117483,
    0.34107984015,0.392327178633,0.500328649548,0.607505648199,
    0.658752512852,0.707383067916,0.795218827758,0.891063172704,
    0.932191563602,1.),.UNSPECIFIED.);
#4843 = CARTESIAN_POINT('',(-1.333250100231,-0.844021272475));
#4844 = CARTESIAN_POINT('',(-1.33320013024,-0.84627185133));
#4845 = CARTESIAN_POINT('',(-1.333016425103,-0.848511826097));
#4846 = CARTESIAN_POINT('',(-1.332690853489,-0.850736053925));
#4847 = CARTESIAN_POINT('',(-1.332215795215,-0.852938295243));
#4848 = CARTESIAN_POINT('',(-1.33120238118,-0.856433139432));
#4849 = CARTESIAN_POINT('',(-1.330761725762,-0.857744142056));
#4850 = CARTESIAN_POINT('',(-1.330262423654,-0.859042718089));
#4851 = CARTESIAN_POINT('',(-1.329703539798,-0.860327151841));
#4852 = CARTESIAN_POINT('',(-1.327641932851,-0.864551526721));
#4853 = CARTESIAN_POINT('',(-1.325872487154,-0.867421233768));
#4854 = CARTESIAN_POINT('',(-1.323769283316,-0.870181098771));
#4855 = CARTESIAN_POINT('',(-1.321337003739,-0.872808291653));
#4856 = CARTESIAN_POINT('',(-1.31608338771,-0.87754921465));
#4857 = CARTESIAN_POINT('',(-1.313311293878,-0.879687880347));
#4858 = CARTESIAN_POINT('',(-1.310293874606,-0.881682831439));
#4859 = CARTESIAN_POINT('',(-1.307053379503,-0.883522690571));
#4860 = CARTESIAN_POINT('',(-1.301713444054,-0.886127473291));
#4861 = CARTESIAN_POINT('',(-1.299750100892,-0.887005709559));
#4862 = CARTESIAN_POINT('',(-1.297730926714,-0.887832546099));
#4863 = CARTESIAN_POINT('',(-1.29566056216,-0.888606931088));
#4864 = CARTESIAN_POINT('',(-1.291313241284,-0.890088062815));
#4865 = CARTESIAN_POINT('',(-1.28903114293,-0.890788921154));
#4866 = CARTESIAN_POINT('',(-1.286703136375,-0.891429796139));
#4867 = CARTESIAN_POINT('',(-1.28433484279,-0.892010045429));
#4868 = CARTESIAN_POINT('',(-1.276867800229,-0.893623501221));
#4869 = CARTESIAN_POINT('',(-1.271650078247,-0.894446593084));
#4870 = CARTESIAN_POINT('',(-1.266330461013,-0.894994817568));
#4871 = CARTESIAN_POINT('',(-1.260961116994,-0.895267273066));
#4872 = CARTESIAN_POINT('',(-1.250263825095,-0.895260583993));
#4873 = CARTESIAN_POINT('',(-1.244936378677,-0.894985634695));
#4874 = CARTESIAN_POINT('',(-1.239658448092,-0.894439122617));
#4875 = CARTESIAN_POINT('',(-1.234481010497,-0.893621941546));
#4876 = CARTESIAN_POINT('',(-1.227051253908,-0.892019305101));
#4877 = CARTESIAN_POINT('',(-1.224682475799,-0.891439853777));
#4878 = CARTESIAN_POINT('',(-1.22235392871,-0.890799772568));
#4879 = CARTESIAN_POINT('',(-1.220071233714,-0.890099702219));
#4880 = CARTESIAN_POINT('',(-1.215722672582,-0.888620101706));
#4881 = CARTESIAN_POINT('',(-1.213651668646,-0.887846462296));
#4882 = CARTESIAN_POINT('',(-1.211631803626,-0.887020364117));
#4883 = CARTESIAN_POINT('',(-1.209667719013,-0.886142856895));
#4884 = CARTESIAN_POINT('',(-1.204325194658,-0.883539906214));
#4885 = CARTESIAN_POINT('',(-1.201082784059,-0.881701088592));
#4886 = CARTESIAN_POINT('',(-1.198063349822,-0.879707093683));
#4887 = CARTESIAN_POINT('',(-1.195289170703,-0.877569286919));
#4888 = CARTESIAN_POINT('',(-1.19003168901,-0.872830454865));
#4889 = CARTESIAN_POINT('',(-1.187597493314,-0.870204537876));
#4890 = CARTESIAN_POINT('',(-1.18549223563,-0.867445865661));
#4891 = CARTESIAN_POINT('',(-1.183720648258,-0.864577253366));
#4892 = CARTESIAN_POINT('',(-1.181655956066,-0.860354370736));
#4893 = CARTESIAN_POINT('',(-1.181096155953,-0.8590704191));
#4894 = CARTESIAN_POINT('',(-1.18059592663,-0.857772307835));
#4895 = CARTESIAN_POINT('',(-1.180154336503,-0.856461752442));
#4896 = CARTESIAN_POINT('',(-1.179136636248,-0.852961842415));
#4897 = CARTESIAN_POINT('',(-1.178659105813,-0.85075389113));
#4898 = CARTESIAN_POINT('',(-1.17833190336,-0.848523801874));
#4899 = CARTESIAN_POINT('',(-1.178147348665,-0.846277867457));
#4900 = CARTESIAN_POINT('',(-1.178097245096,-0.844021272475));
#4901 = ( GEOMETRIC_REPRESENTATION_CONTEXT(2) 
PARAMETRIC_REPRESENTATION_CONTEXT() REPRESENTATION_CONTEXT('2D SPACE',''
  ) );
#4902 = PCURVE('',#4903,#4912);
#4903 = B_SPLINE_SURFACE_WITH_KNOTS('',1,3,(
    (#4904,#4905,#4906,#4907)
    ,(#4908,#4909,#4910,#4911
    )),.UNSPECIFIED.,.F.,.F.,.F.,(2,2),(4,4),(0.,1.),(0.,1.),
  .PIECEWISE_BEZIER_KNOTS.);
#4904 = CARTESIAN_POINT('',(-8.687686800532,-2.832056680653,
    -1.446944832201));
#4905 = CARTESIAN_POINT('',(-8.032792527648,-2.632755173929,
    -2.052873367937));
#4906 = CARTESIAN_POINT('',(-7.541681104854,-3.818403031476,
    -2.052873367937));
#4907 = CARTESIAN_POINT('',(-8.145688733075,-4.140555765887,
    -1.446944832201));
#4908 = CARTESIAN_POINT('',(-3.27514403234,-1.067648241684,
    4.955821212164));
#4909 = CARTESIAN_POINT('',(-3.028257476816,-0.992514186397,
    4.727394097628));
#4910 = CARTESIAN_POINT('',(-2.843114908661,-1.43948788541,
    4.727394097628));
#4911 = CARTESIAN_POINT('',(-3.070817866247,-1.560935243013,
    4.955821212164));
#4912 = DEFINITIONAL_REPRESENTATION('',(#4913),#4972);
#4913 = B_SPLINE_CURVE_WITH_KNOTS('',5,(#4914,#4915,#4916,#4917,#4918,
    #4919,#4920,#4921,#4922,#4923,#4924,#4925,#4926,#4927,#4928,#4929,
    #4930,#4931,#4932,#4933,#4934,#4935,#4936,#4937,#4938,#4939,#4940,
    #4941,#4942,#4943,#4944,#4945,#4946,#4947,#4948,#4949,#4950,#4951,
    #4952,#4953,#4954,#4955,#4956,#4957,#4958,#4959,#4960,#4961,#4962,
    #4963,#4964,#4965,#4966,#4967,#4968,#4969,#4970,#4971),
  .UNSPECIFIED.,.F.,.F.,(6,4,4,4,4,4,4,4,4,4,4,4,4,4,6),(0.,
    6.762764427297E-02,0.108763492703,0.204619724306,0.292448117483,
    0.34107984015,0.392327178633,0.500328649548,0.607505648199,
    0.658752512852,0.707383067916,0.795218827758,0.891063172704,
    0.932191563602,1.),.UNSPECIFIED.);
#4914 = CARTESIAN_POINT('',(0.284583764003,0.));
#4915 = CARTESIAN_POINT('',(0.284577436635,1.128611294808E-02));
#4916 = CARTESIAN_POINT('',(0.284573453755,2.281147710798E-02));
#4917 = CARTESIAN_POINT('',(0.284571395006,3.457605057941E-02));
#4918 = CARTESIAN_POINT('',(0.284570828464,4.657619987684E-02));
#4919 = CARTESIAN_POINT('',(0.284571677356,6.623994768897E-02));
#4920 = CARTESIAN_POINT('',(0.28457240357,7.376086856212E-02));
#4921 = CARTESIAN_POINT('',(0.284573444612,8.136356746075E-02));
#4922 = CARTESIAN_POINT('',(0.284574717245,8.90453454846E-02));
#4923 = CARTESIAN_POINT('',(0.28457947306,0.11487965862));
#4924 = CARTESIAN_POINT('',(0.284583647947,0.133370021465));
#4925 = CARTESIAN_POINT('',(0.284587706794,0.152225291767));
#4926 = CARTESIAN_POINT('',(0.284590998674,0.171392073616));
#4927 = CARTESIAN_POINT('',(0.284595394638,0.208587994311));
#4928 = CARTESIAN_POINT('',(0.284596658401,0.226580755879));
#4929 = CARTESIAN_POINT('',(0.28459689554,0.244731133824));
#4930 = CARTESIAN_POINT('',(0.284596200335,0.262998584635));
#4931 = CARTESIAN_POINT('',(0.284594010507,0.291506702237));
#4932 = CARTESIAN_POINT('',(0.284593010503,0.301691631385));
#4933 = CARTESIAN_POINT('',(0.284591829416,0.311896187094));
#4934 = CARTESIAN_POINT('',(0.284590511622,0.322115813654));
#4935 = CARTESIAN_POINT('',(0.284587627566,0.343128390879));
#4936 = CARTESIAN_POINT('',(0.28458605077,0.35392260275));
#4937 = CARTESIAN_POINT('',(0.284584435485,0.364725565499));
#4938 = CARTESIAN_POINT('',(0.284582836969,0.375534316378));
#4939 = CARTESIAN_POINT('',(0.284578083368,0.40913413892));
#4940 = CARTESIAN_POINT('',(0.284575162078,0.431937144014));
#4941 = CARTESIAN_POINT('',(0.28457302094,0.454741842652));
#4942 = CARTESIAN_POINT('',(0.284571961223,0.477543878432));
#4943 = CARTESIAN_POINT('',(0.284571987268,0.522975975872));
#4944 = CARTESIAN_POINT('',(0.284573056745,0.545603983734));
#4945 = CARTESIAN_POINT('',(0.284575187686,0.56823456562));
#4946 = CARTESIAN_POINT('',(0.284578084917,0.590863428185));
#4947 = CARTESIAN_POINT('',(0.284582811127,0.624289346436));
#4948 = CARTESIAN_POINT('',(0.284584409224,0.635098064934));
#4949 = CARTESIAN_POINT('',(0.284586024632,0.645901020407));
#4950 = CARTESIAN_POINT('',(0.284587602114,0.656695257383));
#4951 = CARTESIAN_POINT('',(0.284590488577,0.67770781179));
#4952 = CARTESIAN_POINT('',(0.284591808036,0.68792738659));
#4953 = CARTESIAN_POINT('',(0.284592991288,0.698131934785));
#4954 = CARTESIAN_POINT('',(0.28459399392,0.708316908182));
#4955 = CARTESIAN_POINT('',(0.284596192375,0.736827296184));
#4956 = CARTESIAN_POINT('',(0.284596894309,0.7550970877));
#4957 = CARTESIAN_POINT('',(0.284596664541,0.773250018125));
#4958 = CARTESIAN_POINT('',(0.284595407931,0.791245561254));
#4959 = CARTESIAN_POINT('',(0.284591024978,0.828443734881));
#4960 = CARTESIAN_POINT('',(0.284587739155,0.847610132346));
#4961 = CARTESIAN_POINT('',(0.284583684047,0.866465416458));
#4962 = CARTESIAN_POINT('',(0.284579508853,0.884956175259));
#4963 = CARTESIAN_POINT('',(0.284574745001,0.910791085004));
#4964 = CARTESIAN_POINT('',(0.284573469005,0.918472800983));
#4965 = CARTESIAN_POINT('',(0.284572423474,0.926075504146));
#4966 = CARTESIAN_POINT('',(0.284571691538,0.933596491332));
#4967 = CARTESIAN_POINT('',(0.28457082247,0.953295474792));
#4968 = CARTESIAN_POINT('',(0.284571378538,0.965329596618));
#4969 = CARTESIAN_POINT('',(0.284573432477,0.977126901634));
#4970 = CARTESIAN_POINT('',(0.284577419721,0.988683717619));
#4971 = CARTESIAN_POINT('',(0.284583764003,1.));
#4972 = ( GEOMETRIC_REPRESENTATION_CONTEXT(2) 
PARAMETRIC_REPRESENTATION_CONTEXT() REPRESENTATION_CONTEXT('2D SPACE',''
  ) );
#4973 = ORIENTED_EDGE('',*,*,#4974,.T.);
#4974 = EDGE_CURVE('',#4778,#4975,#4977,.T.);
#4975 = VERTEX_POINT('',#4976);
#4976 = CARTESIAN_POINT('',(-7.403808851127,-4.517700723632,
    1.56558078759));
#4977 = SURFACE_CURVE('',#4978,(#4996,#5017),.PCURVE_S1.);
#4978 = B_SPLINE_CURVE_WITH_KNOTS('',6,(#4979,#4980,#4981,#4982,#4983,
    #4984,#4985,#4986,#4987,#4988,#4989,#4990,#4991,#4992,#4993,#4994,
    #4995),.UNSPECIFIED.,.F.,.F.,(7,5,5,7),(0.,0.313908525619,
    0.858662633336,1.),.UNSPECIFIED.);
#4979 = CARTESIAN_POINT('',(-6.701462879964,-3.406437647788,
    0.375178428735));
#4980 = CARTESIAN_POINT('',(-6.759116899365,-3.446923675116,
    0.437186830673));
#4981 = CARTESIAN_POINT('',(-6.81371893939,-3.491023698315,
    0.499482410261));
#4982 = CARTESIAN_POINT('',(-6.865259388093,-3.538412807844,
    0.561920218754));
#4983 = CARTESIAN_POINT('',(-6.913803319457,-3.588729483807,
    0.624398714331));
#4984 = CARTESIAN_POINT('',(-6.959466240013,-3.641608750555,
    0.686854813466));
#4985 = CARTESIAN_POINT('',(-7.076879067303,-3.792346809153,
    0.857554521219));
#4986 = CARTESIAN_POINT('',(-7.143098999806,-3.894659181299,
    0.965664288361));
#4987 = CARTESIAN_POINT('',(-7.201853895763,-4.00194769704,
    1.073507170846));
#4988 = CARTESIAN_POINT('',(-7.254079879583,-4.112653091957,
    1.18117591211));
#4989 = CARTESIAN_POINT('',(-7.300711482096,-4.225525661741,
    1.288866813222));
#4990 = CARTESIAN_POINT('',(-7.353631872664,-4.369098529406,
    1.424960835053));
#4991 = CARTESIAN_POINT('',(-7.364222353385,-4.398748488226,
    1.453019340339));
#4992 = CARTESIAN_POINT('',(-7.374518253343,-4.428452567004,
    1.481105391799));
#4993 = CARTESIAN_POINT('',(-7.384536509227,-4.45819174572,
    1.509224090336));
#4994 = CARTESIAN_POINT('',(-7.394294260847,-4.487947284504,
    1.537380727921));
#4995 = CARTESIAN_POINT('',(-7.403808851127,-4.517700723632,
    1.56558078759));
#4996 = PCURVE('',#107,#4997);
#4997 = DEFINITIONAL_REPRESENTATION('',(#4998),#5016);
#4998 = B_SPLINE_CURVE_WITH_KNOTS('',6,(#4999,#5000,#5001,#5002,#5003,
    #5004,#5005,#5006,#5007,#5008,#5009,#5010,#5011,#5012,#5013,#5014,
    #5015),.UNSPECIFIED.,.F.,.F.,(7,5,5,7),(0.,0.313908525619,
    0.858662633336,1.),.UNSPECIFIED.);
#4999 = CARTESIAN_POINT('',(-1.178097245096,-0.844021272475));
#5000 = CARTESIAN_POINT('',(-1.176771528405,-0.835772777094));
#5001 = CARTESIAN_POINT('',(-1.174862779824,-0.827577916647));
#5002 = CARTESIAN_POINT('',(-1.17243259405,-0.819452676895));
#5003 = CARTESIAN_POINT('',(-1.169544911381,-0.811406291947));
#5004 = CARTESIAN_POINT('',(-1.166261577215,-0.803442636157));
#5005 = CARTESIAN_POINT('',(-1.156349406545,-0.781884962668));
#5006 = CARTESIAN_POINT('',(-1.14903786013,-0.768460855274));
#5007 = CARTESIAN_POINT('',(-1.140991321499,-0.755278999614));
#5008 = CARTESIAN_POINT('',(-1.132449688705,-0.742309817351));
#5009 = CARTESIAN_POINT('',(-1.123600079267,-0.729515812283));
#5010 = CARTESIAN_POINT('',(-1.11226537031,-0.713559552512));
#5011 = CARTESIAN_POINT('',(-1.109920452145,-0.710281149824));
#5012 = CARTESIAN_POINT('',(-1.107568439814,-0.707010641943));
#5013 = CARTESIAN_POINT('',(-1.105212099685,-0.703747274213));
#5014 = CARTESIAN_POINT('',(-1.102854132218,-0.700490288014));
#5015 = CARTESIAN_POINT('',(-1.100497171964,-0.697238920763));
#5016 = ( GEOMETRIC_REPRESENTATION_CONTEXT(2) 
PARAMETRIC_REPRESENTATION_CONTEXT() REPRESENTATION_CONTEXT('2D SPACE',''
  ) );
#5017 = PCURVE('',#5018,#5027);
#5018 = B_SPLINE_SURFACE_WITH_KNOTS('',1,3,(
    (#5019,#5020,#5021,#5022)
    ,(#5023,#5024,#5025,#5026
    )),.UNSPECIFIED.,.F.,.F.,.F.,(2,2),(4,4),(0.,1.),(0.,1.),
  .PIECEWISE_BEZIER_KNOTS.);
#5019 = CARTESIAN_POINT('',(-8.145688733075,-4.140555765887,
    -1.446944832201));
#5020 = CARTESIAN_POINT('',(-8.593819441009,-4.455224314248,
    -0.965203855702));
#5021 = CARTESIAN_POINT('',(-8.837477558889,-4.983809211594,
    -0.481716056663));
#5022 = CARTESIAN_POINT('',(-8.999396612459,-5.491306083917,
    1.7763568394E-15));
#5023 = CARTESIAN_POINT('',(-3.070817866247,-1.560935243013,
    4.955821212164));
#5024 = CARTESIAN_POINT('',(-3.239757268356,-1.67956116059,
    5.137431244908));
#5025 = CARTESIAN_POINT('',(-3.331613184554,-1.878830737392,
    5.31969980685));
#5026 = CARTESIAN_POINT('',(-3.392654545068,-2.070150405214,
    5.501300445142));
#5027 = DEFINITIONAL_REPRESENTATION('',(#5028),#5046);
#5028 = B_SPLINE_CURVE_WITH_KNOTS('',6,(#5029,#5030,#5031,#5032,#5033,
    #5034,#5035,#5036,#5037,#5038,#5039,#5040,#5041,#5042,#5043,#5044,
    #5045),.UNSPECIFIED.,.F.,.F.,(7,5,5,7),(0.,0.313908525619,
    0.858662633336,1.),.UNSPECIFIED.);
#5029 = CARTESIAN_POINT('',(0.284583764003,0.));
#5030 = CARTESIAN_POINT('',(0.284586316756,5.213860413303E-02));
#5031 = CARTESIAN_POINT('',(0.284588892036,0.104495213145));
#5032 = CARTESIAN_POINT('',(0.284589889891,0.156959847544));
#5033 = CARTESIAN_POINT('',(0.284589163556,0.209451328751));
#5034 = CARTESIAN_POINT('',(0.28458734336,0.261916872489));
#5035 = CARTESIAN_POINT('',(0.284581372758,0.405291884125));
#5036 = CARTESIAN_POINT('',(0.28457648384,0.496074721036));
#5037 = CARTESIAN_POINT('',(0.284574427,0.586611431921));
#5038 = CARTESIAN_POINT('',(0.284579888235,0.676977636207));
#5039 = CARTESIAN_POINT('',(0.284590396924,0.767373235967));
#5040 = CARTESIAN_POINT('',(0.284593694126,0.881724128209));
#5041 = CARTESIAN_POINT('',(0.284593839661,0.905305921753));
#5042 = CARTESIAN_POINT('',(0.284593227561,0.928918311518));
#5043 = CARTESIAN_POINT('',(0.284591577753,0.952567195955));
#5044 = CARTESIAN_POINT('',(0.284588554021,0.976258864985));
#5045 = CARTESIAN_POINT('',(0.284583764003,1.));
#5046 = ( GEOMETRIC_REPRESENTATION_CONTEXT(2) 
PARAMETRIC_REPRESENTATION_CONTEXT() REPRESENTATION_CONTEXT('2D SPACE',''
  ) );
#5047 = ORIENTED_EDGE('',*,*,#5048,.T.);
#5048 = EDGE_CURVE('',#4975,#5049,#5051,.T.);
#5049 = VERTEX_POINT('',#5050);
#5050 = CARTESIAN_POINT('',(-7.007126216299,-5.111378240864,
    1.56558078759));
#5051 = SURFACE_CURVE('',#5052,(#5058,#5067),.PCURVE_S1.);
#5052 = B_SPLINE_CURVE_WITH_KNOTS('',4,(#5053,#5054,#5055,#5056,#5057),
  .UNSPECIFIED.,.F.,.F.,(5,5),(0.,1.),.PIECEWISE_BEZIER_KNOTS.);
#5053 = CARTESIAN_POINT('',(-7.403808851127,-4.517700723632,
    1.56558078759));
#5054 = CARTESIAN_POINT('',(-7.310805413345,-4.67011959731,
    1.565581225341));
#5055 = CARTESIAN_POINT('',(-7.213617129224,-4.819984867869,
    1.565580009348));
#5056 = CARTESIAN_POINT('',(-7.112352019255,-4.967126090523,
    1.565581225341));
#5057 = CARTESIAN_POINT('',(-7.007126216299,-5.111378240864,
    1.56558078759));
#5058 = PCURVE('',#107,#5059);
#5059 = DEFINITIONAL_REPRESENTATION('',(#5060),#5066);
#5060 = B_SPLINE_CURVE_WITH_KNOTS('',4,(#5061,#5062,#5063,#5064,#5065),
  .UNSPECIFIED.,.F.,.F.,(5,5),(0.,1.),.PIECEWISE_BEZIER_KNOTS.);
#5061 = CARTESIAN_POINT('',(-1.100497171964,-0.697238920763));
#5062 = CARTESIAN_POINT('',(-1.079910648762,-0.697238870292));
#5063 = CARTESIAN_POINT('',(-1.059324131815,-0.697239010492));
#5064 = CARTESIAN_POINT('',(-1.038737614864,-0.697238870292));
#5065 = CARTESIAN_POINT('',(-1.018151091664,-0.697238920763));
#5066 = ( GEOMETRIC_REPRESENTATION_CONTEXT(2) 
PARAMETRIC_REPRESENTATION_CONTEXT() REPRESENTATION_CONTEXT('2D SPACE',''
  ) );
#5067 = PCURVE('',#5068,#5077);
#5068 = B_SPLINE_SURFACE_WITH_KNOTS('',1,3,(
    (#5069,#5070,#5071,#5072)
    ,(#5073,#5074,#5075,#5076
    )),.UNSPECIFIED.,.F.,.F.,.F.,(2,2),(4,4),(0.,1.),(0.,1.),
  .PIECEWISE_BEZIER_KNOTS.);
#5069 = CARTESIAN_POINT('',(-8.999396612459,-5.491306083917,
    1.7763568394E-15));
#5070 = CARTESIAN_POINT('',(-8.848668632535,-5.738328567378,
    1.7763568394E-15));
#5071 = CARTESIAN_POINT('',(-8.687763198385,-5.979140567371,
    -1.7763568394E-15));
#5072 = CARTESIAN_POINT('',(-8.517225282556,-6.212926474841,
    1.7763568394E-15));
#5073 = CARTESIAN_POINT('',(-3.392654545068,-2.070150405214,
    5.501300445142));
#5074 = CARTESIAN_POINT('',(-3.335832072609,-2.16327464313,
    5.501300445142));
#5075 = CARTESIAN_POINT('',(-3.275172833328,-2.254057610197,
    5.501300445142));
#5076 = CARTESIAN_POINT('',(-3.210882274733,-2.34219183249,
    5.501300445142));
#5077 = DEFINITIONAL_REPRESENTATION('',(#5078),#5084);
#5078 = B_SPLINE_CURVE_WITH_KNOTS('',4,(#5079,#5080,#5081,#5082,#5083),
  .UNSPECIFIED.,.F.,.F.,(5,5),(0.,1.),.PIECEWISE_BEZIER_KNOTS.);
#5079 = CARTESIAN_POINT('',(0.284583764003,0.));
#5080 = CARTESIAN_POINT('',(0.284583843575,0.249999983278));
#5081 = CARTESIAN_POINT('',(0.284583622538,0.499999999991));
#5082 = CARTESIAN_POINT('',(0.284583843575,0.750000016749));
#5083 = CARTESIAN_POINT('',(0.284583764003,1.));
#5084 = ( GEOMETRIC_REPRESENTATION_CONTEXT(2) 
PARAMETRIC_REPRESENTATION_CONTEXT() REPRESENTATION_CONTEXT('2D SPACE',''
  ) );
#5085 = ORIENTED_EDGE('',*,*,#5086,.T.);
#5086 = EDGE_CURVE('',#5049,#5087,#5089,.T.);
#5087 = VERTEX_POINT('',#5088);
#5088 = CARTESIAN_POINT('',(-5.711676838339,-4.88775714149,
    0.375178428735));
#5089 = SURFACE_CURVE('',#5090,(#5103,#5119),.PCURVE_S1.);
#5090 = B_SPLINE_CURVE_WITH_KNOTS('',6,(#5091,#5092,#5093,#5094,#5095,
    #5096,#5097,#5098,#5099,#5100,#5101,#5102),.UNSPECIFIED.,.F.,.F.,(7,
    5,7),(0.,0.732820794111,1.),.UNSPECIFIED.);
#5091 = CARTESIAN_POINT('',(-7.007126216299,-5.111378240864,
    1.56558078759));
#5092 = CARTESIAN_POINT('',(-6.845697996913,-5.124839272598,
    1.41934456047));
#5093 = CARTESIAN_POINT('',(-6.681857131947,-5.13226946274,
    1.274405590009));
#5094 = CARTESIAN_POINT('',(-6.516784534349,-5.130482024417,
    1.129729089884));
#5095 = CARTESIAN_POINT('',(-6.352153414883,-5.116383836808,
    0.984798941913));
#5096 = CARTESIAN_POINT('',(-6.190601679526,-5.08634052168,
    0.839319413286));
#5097 = CARTESIAN_POINT('',(-5.978636780742,-5.018984707078,
    0.64039920961));
#5098 = CARTESIAN_POINT('',(-5.922849189197,-4.998426694593,
    0.587230043716));
#5099 = CARTESIAN_POINT('',(-5.868073225973,-4.975152273485,
    0.534066671858));
#5100 = CARTESIAN_POINT('',(-5.814492612825,-4.949018467304,
    0.480955229648));
#5101 = CARTESIAN_POINT('',(-5.762298009804,-4.919910272987,
    0.42796256434));
#5102 = CARTESIAN_POINT('',(-5.711676838339,-4.88775714149,
    0.375178428735));
#5103 = PCURVE('',#107,#5104);
#5104 = DEFINITIONAL_REPRESENTATION('',(#5105),#5118);
#5105 = B_SPLINE_CURVE_WITH_KNOTS('',6,(#5106,#5107,#5108,#5109,#5110,
    #5111,#5112,#5113,#5114,#5115,#5116,#5117),.UNSPECIFIED.,.F.,.F.,(7,
    5,7),(0.,0.732820794111,1.),.UNSPECIFIED.);
#5106 = CARTESIAN_POINT('',(-1.018151091664,-0.697238920763));
#5107 = CARTESIAN_POINT('',(-1.005928671607,-0.714099441108));
#5108 = CARTESIAN_POINT('',(-0.993689770485,-0.731096056202));
#5109 = CARTESIAN_POINT('',(-0.98178246125,-0.748365762287));
#5110 = CARTESIAN_POINT('',(-0.970606077853,-0.766000011521));
#5111 = CARTESIAN_POINT('',(-0.960733240731,-0.784079282014));
#5112 = CARTESIAN_POINT('',(-0.950034225298,-0.809383908763));
#5113 = CARTESIAN_POINT('',(-0.947446763497,-0.816204332831));
#5114 = CARTESIAN_POINT('',(-0.945165999679,-0.823083211976));
#5115 = CARTESIAN_POINT('',(-0.943230482505,-0.830017149695));
#5116 = CARTESIAN_POINT('',(-0.941679523823,-0.836999809494));
#5117 = CARTESIAN_POINT('',(-0.940551018533,-0.844021272475));
#5118 = ( GEOMETRIC_REPRESENTATION_CONTEXT(2) 
PARAMETRIC_REPRESENTATION_CONTEXT() REPRESENTATION_CONTEXT('2D SPACE',''
  ) );
#5119 = PCURVE('',#5120,#5129);
#5120 = B_SPLINE_SURFACE_WITH_KNOTS('',1,3,(
    (#5121,#5122,#5123,#5124)
    ,(#5125,#5126,#5127,#5128
    )),.UNSPECIFIED.,.F.,.F.,.F.,(2,2),(4,4),(0.,1.),(0.,1.),
  .PIECEWISE_BEZIER_KNOTS.);
#5121 = CARTESIAN_POINT('',(-8.517225282556,-6.212926474841,
    1.7763568394E-15));
#5122 = CARTESIAN_POINT('',(-7.986395570218,-6.25754342034,
    -0.481716056663));
#5123 = CARTESIAN_POINT('',(-7.404802877492,-6.234713355113,
    -0.965203855702));
#5124 = CARTESIAN_POINT('',(-6.942594848675,-5.941113006308,
    -1.446944832201));
#5125 = CARTESIAN_POINT('',(-3.210882274733,-2.34219183249,
    5.501300445142));
#5126 = CARTESIAN_POINT('',(-3.010766432107,-2.359011836036,
    5.31969980685));
#5127 = CARTESIAN_POINT('',(-2.791513611354,-2.350405200737,
    5.137431244908));
#5128 = CARTESIAN_POINT('',(-2.617267243819,-2.239721718199,
    4.955821212164));
#5129 = DEFINITIONAL_REPRESENTATION('',(#5130),#5143);
#5130 = B_SPLINE_CURVE_WITH_KNOTS('',6,(#5131,#5132,#5133,#5134,#5135,
    #5136,#5137,#5138,#5139,#5140,#5141,#5142),.UNSPECIFIED.,.F.,.F.,(7,
    5,7),(0.,0.732820794111,1.),.UNSPECIFIED.);
#5131 = CARTESIAN_POINT('',(0.284583764003,0.));
#5132 = CARTESIAN_POINT('',(0.284608603458,0.123113711567));
#5133 = CARTESIAN_POINT('',(0.284586033959,0.244788781001));
#5134 = CARTESIAN_POINT('',(0.284570522198,0.366182006323));
#5135 = CARTESIAN_POINT('',(0.284574414158,0.487848480349));
#5136 = CARTESIAN_POINT('',(0.284582841001,0.610014246086));
#5137 = CARTESIAN_POINT('',(0.284588436331,0.77710922989));
#5138 = CARTESIAN_POINT('',(0.284589369445,0.821777060797));
#5139 = CARTESIAN_POINT('',(0.284589345136,0.866445460111));
#5140 = CARTESIAN_POINT('',(0.284588126381,0.91107656201));
#5141 = CARTESIAN_POINT('',(0.284585937012,0.955617447559));
#5142 = CARTESIAN_POINT('',(0.284583764003,1.));
#5143 = ( GEOMETRIC_REPRESENTATION_CONTEXT(2) 
PARAMETRIC_REPRESENTATION_CONTEXT() REPRESENTATION_CONTEXT('2D SPACE',''
  ) );
#5144 = ORIENTED_EDGE('',*,*,#5145,.T.);
#5145 = EDGE_CURVE('',#5087,#5146,#5148,.T.);
#5146 = VERTEX_POINT('',#5147);
#5147 = CARTESIAN_POINT('',(-4.88775714149,-5.711676838339,
    0.375178428735));
#5148 = SURFACE_CURVE('',#5149,(#5208,#5270),.PCURVE_S1.);
#5149 = B_SPLINE_CURVE_WITH_KNOTS('',5,(#5150,#5151,#5152,#5153,#5154,
    #5155,#5156,#5157,#5158,#5159,#5160,#5161,#5162,#5163,#5164,#5165,
    #5166,#5167,#5168,#5169,#5170,#5171,#5172,#5173,#5174,#5175,#5176,
    #5177,#5178,#5179,#5180,#5181,#5182,#5183,#5184,#5185,#5186,#5187,
    #5188,#5189,#5190,#5191,#5192,#5193,#5194,#5195,#5196,#5197,#5198,
    #5199,#5200,#5201,#5202,#5203,#5204,#5205,#5206,#5207),
  .UNSPECIFIED.,.F.,.F.,(6,4,4,4,4,4,4,4,4,4,4,4,4,4,6),(0.,
    6.762764427201E-02,0.108763492702,0.204619724303,0.292448119615,
    0.341079842268,0.392327180744,0.500328651656,0.60750561449,
    0.658752479046,0.707383033872,0.795218730429,0.891063068204,
    0.932191454604,1.),.UNSPECIFIED.);
#5150 = CARTESIAN_POINT('',(-5.711676838339,-4.88775714149,
    0.375178428735));
#5151 = CARTESIAN_POINT('',(-5.696975060179,-4.87567054277,
    0.358259609997));
#5152 = CARTESIAN_POINT('',(-5.681653104861,-4.86437331705,
    0.341474038793));
#5153 = CARTESIAN_POINT('',(-5.665713155622,-4.85393110051,
    0.324859551315));
#5154 = CARTESIAN_POINT('',(-5.649167554026,-4.844411098946,
    0.308461226659));
#5155 = CARTESIAN_POINT('',(-5.621628548121,-4.830680672202,
    0.282517899591));
#5156 = CARTESIAN_POINT('',(-5.610999124339,-4.8258511344,0.27280456071)
  );
#5157 = CARTESIAN_POINT('',(-5.600162153812,-4.821398837479,
    0.26320154208));
#5158 = CARTESIAN_POINT('',(-5.589125933849,-4.817336053356,
    0.253720825929));
#5159 = CARTESIAN_POINT('',(-5.551743632303,-4.805139164248,
    0.222596489877));
#5160 = CARTESIAN_POINT('',(-5.524557363783,-4.798777146499,
    0.201546833121));
#5161 = CARTESIAN_POINT('',(-5.496481579719,-4.794726084134,
    0.181389746427));
#5162 = CARTESIAN_POINT('',(-5.467698805969,-4.793056961255,
    0.162277200782));
#5163 = CARTESIAN_POINT('',(-5.411623153841,-4.794399187198,
    0.127907407742));
#5164 = CARTESIAN_POINT('',(-5.38440312021,-4.797030387638,
    0.112458735168));
#5165 = CARTESIAN_POINT('',(-5.356946626198,-4.801642365366,
    9.809525322428E-02));
#5166 = CARTESIAN_POINT('',(-5.329424894593,-4.808170959973,
    8.488536963264E-02));
#5167 = CARTESIAN_POINT('',(-5.286820837035,-4.821145188111,
    6.622702778762E-02));
#5168 = CARTESIAN_POINT('',(-5.271667950281,-4.826327766904,
    5.994556433643E-02));
#5169 = CARTESIAN_POINT('',(-5.256572878601,-4.83205305249,
    5.403967670707E-02));
#5170 = CARTESIAN_POINT('',(-5.241561612149,-4.838303228299,
    4.851501311516E-02));
#5171 = CARTESIAN_POINT('',(-5.210954214514,-4.852177655858,
    3.795915093406E-02));
#5172 = CARTESIAN_POINT('',(-5.19537005292,-4.859857879662,
    3.297055809279E-02));
#5173 = CARTESIAN_POINT('',(-5.179934693922,-4.868076726873,
    2.841382510377E-02));
#5174 = CARTESIAN_POINT('',(-5.164674935284,-4.876810969501,
    2.429182963528E-02));
#5175 = CARTESIAN_POINT('',(-5.117879588588,-4.905480034715,
    1.283835051095E-02));
#5176 = CARTESIAN_POINT('',(-5.087036714147,-4.92710594238,
    7.008639907333E-03));
#5177 = CARTESIAN_POINT('',(-5.057317399625,-4.950696966205,
    3.130233631023E-03));
#5178 = CARTESIAN_POINT('',(-5.028934754461,-4.976033843364,
    1.202711683955E-03));
#5179 = CARTESIAN_POINT('',(-4.975458912737,-5.029584461662,
    1.250034546763E-03));
#5180 = CARTESIAN_POINT('',(-4.950344766771,-5.057772250573,
    3.195197911342E-03));
#5181 = CARTESIAN_POINT('',(-4.926952209335,-5.087274146848,
    7.061569199088E-03));
#5182 = CARTESIAN_POINT('',(-4.905495506435,-5.117881813088,
    1.284949680498E-02));
#5183 = CARTESIAN_POINT('',(-4.876955139774,-5.164426630933,
    2.422604703082E-02));
#5184 = CARTESIAN_POINT('',(-4.868214331966,-5.179683869981,
    2.834232457349E-02));
#5185 = CARTESIAN_POINT('',(-4.859988679146,-5.195116962226,
    3.28933536443E-02));
#5186 = CARTESIAN_POINT('',(-4.852301411877,-5.210699122,
    3.787626606009E-02));
#5187 = CARTESIAN_POINT('',(-4.838412905948,-5.241302941027,
    4.842105188087E-02));
#5188 = CARTESIAN_POINT('',(-4.832155703579,-5.256312599492,
    5.394030454628E-02));
#5189 = CARTESIAN_POINT('',(-4.826423173343,-5.271406323538,
    5.984081355411E-02));
#5190 = CARTESIAN_POINT('',(-4.8212331422,-5.286558135253,
    6.61169444942E-02));
#5191 = CARTESIAN_POINT('',(-4.808236568492,-5.329162911312,
    8.476178454101E-02));
#5192 = CARTESIAN_POINT('',(-4.801693037676,-5.356687096864,
    9.79638955021E-02));
#5193 = CARTESIAN_POINT('',(-4.797066013252,-5.384147009968,
    0.112320149648));
#5194 = CARTESIAN_POINT('',(-4.794419842817,-5.411371399392,
    0.127762229238));
#5195 = CARTESIAN_POINT('',(-4.793047048154,-5.467451879482,
    0.162115983826));
#5196 = CARTESIAN_POINT('',(-4.794699641469,-5.496235486912,
    0.181218728216));
#5197 = CARTESIAN_POINT('',(-4.798733787307,-5.524313338905,
    0.201366519932));
#5198 = CARTESIAN_POINT('',(-4.805078822999,-5.551502810947,
    0.222407508283));
#5199 = CARTESIAN_POINT('',(-4.817251507397,-5.588890428474,
    0.253519873736));
#5200 = CARTESIAN_POINT('',(-4.821306865704,-5.599927993997,
    0.262996727677));
#5201 = CARTESIAN_POINT('',(-4.825751747732,-5.610766497941,
    0.272595996192));
#5202 = CARTESIAN_POINT('',(-4.83057390083,-5.621397629745,0.28230569962
    ));
#5203 = CARTESIAN_POINT('',(-4.844309281823,-5.648990502537,
    0.308285786283));
#5204 = CARTESIAN_POINT('',(-4.853847325274,-5.665585232493,0.3247262322
    ));
#5205 = CARTESIAN_POINT('',(-4.864312886545,-5.681571133355,
    0.341384242852));
#5206 = CARTESIAN_POINT('',(-4.875638214041,-5.696935736477,
    0.358214356248));
#5207 = CARTESIAN_POINT('',(-4.88775714149,-5.711676838339,
    0.375178428735));
#5208 = PCURVE('',#107,#5209);
#5209 = DEFINITIONAL_REPRESENTATION('',(#5210),#5269);
#5210 = B_SPLINE_CURVE_WITH_KNOTS('',5,(#5211,#5212,#5213,#5214,#5215,
    #5216,#5217,#5218,#5219,#5220,#5221,#5222,#5223,#5224,#5225,#5226,
    #5227,#5228,#5229,#5230,#5231,#5232,#5233,#5234,#5235,#5236,#5237,
    #5238,#5239,#5240,#5241,#5242,#5243,#5244,#5245,#5246,#5247,#5248,
    #5249,#5250,#5251,#5252,#5253,#5254,#5255,#5256,#5257,#5258,#5259,
    #5260,#5261,#5262,#5263,#5264,#5265,#5266,#5267,#5268),
  .UNSPECIFIED.,.F.,.F.,(6,4,4,4,4,4,4,4,4,4,4,4,4,4,6),(0.,
    6.762764427201E-02,0.108763492702,0.204619724303,0.292448119615,
    0.341079842268,0.392327180744,0.500328651656,0.60750561449,
    0.658752479046,0.707383033872,0.795218730429,0.891063068204,
    0.932191454604,1.),.UNSPECIFIED.);
#5211 = CARTESIAN_POINT('',(-0.940551018533,-0.844021272475));
#5212 = CARTESIAN_POINT('',(-0.940501048541,-0.84627185133));
#5213 = CARTESIAN_POINT('',(-0.940317343404,-0.848511826097));
#5214 = CARTESIAN_POINT('',(-0.93999177179,-0.850736053925));
#5215 = CARTESIAN_POINT('',(-0.939516713517,-0.852938295243));
#5216 = CARTESIAN_POINT('',(-0.938503299481,-0.856433139432));
#5217 = CARTESIAN_POINT('',(-0.938062644063,-0.857744142056));
#5218 = CARTESIAN_POINT('',(-0.937563341956,-0.859042718089));
#5219 = CARTESIAN_POINT('',(-0.937004458099,-0.860327151841));
#5220 = CARTESIAN_POINT('',(-0.934942851152,-0.864551526721));
#5221 = CARTESIAN_POINT('',(-0.933173405456,-0.867421233768));
#5222 = CARTESIAN_POINT('',(-0.931070201617,-0.870181098771));
#5223 = CARTESIAN_POINT('',(-0.92863792204,-0.872808291653));
#5224 = CARTESIAN_POINT('',(-0.92338430595,-0.877549214705));
#5225 = CARTESIAN_POINT('',(-0.920612212045,-0.879687880451));
#5226 = CARTESIAN_POINT('',(-0.917594792687,-0.881682831585));
#5227 = CARTESIAN_POINT('',(-0.914354297489,-0.88352269075));
#5228 = CARTESIAN_POINT('',(-0.909014361927,-0.886127473486));
#5229 = CARTESIAN_POINT('',(-0.907051018756,-0.887005709745));
#5230 = CARTESIAN_POINT('',(-0.905031844569,-0.887832546275));
#5231 = CARTESIAN_POINT('',(-0.902961480007,-0.888606931254));
#5232 = CARTESIAN_POINT('',(-0.898614159115,-0.890088062963));
#5233 = CARTESIAN_POINT('',(-0.896332060754,-0.890788921292));
#5234 = CARTESIAN_POINT('',(-0.894004054192,-0.891429796266));
#5235 = CARTESIAN_POINT('',(-0.891635760601,-0.892010045546));
#5236 = CARTESIAN_POINT('',(-0.884168718022,-0.893623501307));
#5237 = CARTESIAN_POINT('',(-0.878950996031,-0.894446593149));
#5238 = CARTESIAN_POINT('',(-0.873631378791,-0.894994817611));
#5239 = CARTESIAN_POINT('',(-0.86826203477,-0.895267273087));
#5240 = CARTESIAN_POINT('',(-0.857564744652,-0.895260583972));
#5241 = CARTESIAN_POINT('',(-0.852237300016,-0.894985634835));
#5242 = CARTESIAN_POINT('',(-0.846959371168,-0.894439123101));
#5243 = CARTESIAN_POINT('',(-0.841781935212,-0.893621942552));
#5244 = CARTESIAN_POINT('',(-0.834352180025,-0.892019306967));
#5245 = CARTESIAN_POINT('',(-0.831983401818,-0.891439855804));
#5246 = CARTESIAN_POINT('',(-0.829654854621,-0.890799774755));
#5247 = CARTESIAN_POINT('',(-0.827372159504,-0.890099704565));
#5248 = CARTESIAN_POINT('',(-0.823023598122,-0.888620104361));
#5249 = CARTESIAN_POINT('',(-0.820952594057,-0.887846465101));
#5250 = CARTESIAN_POINT('',(-0.818932728898,-0.887020367071));
#5251 = CARTESIAN_POINT('',(-0.816968644136,-0.886142859996));
#5252 = CARTESIAN_POINT('',(-0.811626121794,-0.88353991092));
#5253 = CARTESIAN_POINT('',(-0.808383713056,-0.881701094985));
#5254 = CARTESIAN_POINT('',(-0.80536428031,-0.879707101968));
#5255 = CARTESIAN_POINT('',(-0.802590102274,-0.877569297271));
#5256 = CARTESIAN_POINT('',(-0.797332620188,-0.872830468226));
#5257 = CARTESIAN_POINT('',(-0.794898423338,-0.870204552007));
#5258 = CARTESIAN_POINT('',(-0.792793164415,-0.86744588051));
#5259 = CARTESIAN_POINT('',(-0.791021575752,-0.864577268875));
#5260 = CARTESIAN_POINT('',(-0.7889568817,-0.860354387146));
#5261 = CARTESIAN_POINT('',(-0.788397081034,-0.8590704358));
#5262 = CARTESIAN_POINT('',(-0.787896851152,-0.857772324816));
#5263 = CARTESIAN_POINT('',(-0.787455260461,-0.856461769693));
#5264 = CARTESIAN_POINT('',(-0.786437557619,-0.852961856612));
#5265 = CARTESIAN_POINT('',(-0.785960025692,-0.850753901884));
#5266 = CARTESIAN_POINT('',(-0.785632822254,-0.848523809095));
#5267 = CARTESIAN_POINT('',(-0.785448267047,-0.846277871084));
#5268 = CARTESIAN_POINT('',(-0.785398163397,-0.844021272475));
#5269 = ( GEOMETRIC_REPRESENTATION_CONTEXT(2) 
PARAMETRIC_REPRESENTATION_CONTEXT() REPRESENTATION_CONTEXT('2D SPACE',''
  ) );
#5270 = PCURVE('',#5271,#5280);
#5271 = B_SPLINE_SURFACE_WITH_KNOTS('',1,3,(
    (#5272,#5273,#5274,#5275)
    ,(#5276,#5277,#5278,#5279
    )),.UNSPECIFIED.,.F.,.F.,.F.,(2,2),(4,4),(0.,1.),(0.,1.),
  .PIECEWISE_BEZIER_KNOTS.);
#5272 = CARTESIAN_POINT('',(-6.942594848675,-5.941113006308,
    -1.446944832201));
#5273 = CARTESIAN_POINT('',(-6.413820818668,-5.506365235263,
    -2.052873367937));
#5274 = CARTESIAN_POINT('',(-5.506365235263,-6.413820818668,
    -2.052873367937));
#5275 = CARTESIAN_POINT('',(-5.941113006308,-6.942594848675,
    -1.446944832201));
#5276 = CARTESIAN_POINT('',(-2.617267243819,-2.239721718199,
    4.955821212164));
#5277 = CARTESIAN_POINT('',(-2.417926366483,-2.075827507853,
    4.727394097628));
#5278 = CARTESIAN_POINT('',(-2.075827507853,-2.417926366483,
    4.727394097628));
#5279 = CARTESIAN_POINT('',(-2.239721718199,-2.617267243819,
    4.955821212164));
#5280 = DEFINITIONAL_REPRESENTATION('',(#5281),#5340);
#5281 = B_SPLINE_CURVE_WITH_KNOTS('',5,(#5282,#5283,#5284,#5285,#5286,
    #5287,#5288,#5289,#5290,#5291,#5292,#5293,#5294,#5295,#5296,#5297,
    #5298,#5299,#5300,#5301,#5302,#5303,#5304,#5305,#5306,#5307,#5308,
    #5309,#5310,#5311,#5312,#5313,#5314,#5315,#5316,#5317,#5318,#5319,
    #5320,#5321,#5322,#5323,#5324,#5325,#5326,#5327,#5328,#5329,#5330,
    #5331,#5332,#5333,#5334,#5335,#5336,#5337,#5338,#5339),
  .UNSPECIFIED.,.F.,.F.,(6,4,4,4,4,4,4,4,4,4,4,4,4,4,6),(0.,
    6.762764427201E-02,0.108763492702,0.204619724303,0.292448119615,
    0.341079842268,0.392327180744,0.500328651656,0.60750561449,
    0.658752479046,0.707383033872,0.795218730429,0.891063068204,
    0.932191454604,1.),.UNSPECIFIED.);
#5282 = CARTESIAN_POINT('',(0.284583764003,0.));
#5283 = CARTESIAN_POINT('',(0.284577436635,1.128611294806E-02));
#5284 = CARTESIAN_POINT('',(0.284573453755,2.281147710795E-02));
#5285 = CARTESIAN_POINT('',(0.284571395006,3.457605057937E-02));
#5286 = CARTESIAN_POINT('',(0.284570828464,4.657619987678E-02));
#5287 = CARTESIAN_POINT('',(0.284571677356,6.623994768889E-02));
#5288 = CARTESIAN_POINT('',(0.28457240357,7.376086856204E-02));
#5289 = CARTESIAN_POINT('',(0.284573444612,8.136356746068E-02));
#5290 = CARTESIAN_POINT('',(0.284574717245,8.904534548453E-02));
#5291 = CARTESIAN_POINT('',(0.28457947306,0.11487965862));
#5292 = CARTESIAN_POINT('',(0.284583647947,0.133370021465));
#5293 = CARTESIAN_POINT('',(0.284587706794,0.152225291767));
#5294 = CARTESIAN_POINT('',(0.284590998674,0.171392073616));
#5295 = CARTESIAN_POINT('',(0.284595394638,0.208587994744));
#5296 = CARTESIAN_POINT('',(0.284596658401,0.226580756755));
#5297 = CARTESIAN_POINT('',(0.28459689554,0.244731135149));
#5298 = CARTESIAN_POINT('',(0.284596200335,0.262998586412));
#5299 = CARTESIAN_POINT('',(0.284594010507,0.29150670447));
#5300 = CARTESIAN_POINT('',(0.284593010502,0.301691633619));
#5301 = CARTESIAN_POINT('',(0.284591829416,0.311896189328));
#5302 = CARTESIAN_POINT('',(0.284590511622,0.322115815887));
#5303 = CARTESIAN_POINT('',(0.284587627565,0.343128393112));
#5304 = CARTESIAN_POINT('',(0.28458605077,0.353922604983));
#5305 = CARTESIAN_POINT('',(0.284584435484,0.364725567732));
#5306 = CARTESIAN_POINT('',(0.284582836969,0.37553431861));
#5307 = CARTESIAN_POINT('',(0.284578083368,0.409134141153));
#5308 = CARTESIAN_POINT('',(0.284575162078,0.431937146247));
#5309 = CARTESIAN_POINT('',(0.28457302094,0.454741844885));
#5310 = CARTESIAN_POINT('',(0.284571961223,0.477543880664));
#5311 = CARTESIAN_POINT('',(0.284571987268,0.522975970542));
#5312 = CARTESIAN_POINT('',(0.284573056744,0.545603970843));
#5313 = CARTESIAN_POINT('',(0.284575187685,0.568234545165));
#5314 = CARTESIAN_POINT('',(0.284578084914,0.590863400169));
#5315 = CARTESIAN_POINT('',(0.284582811122,0.624289310874));
#5316 = CARTESIAN_POINT('',(0.284584409218,0.635098029365));
#5317 = CARTESIAN_POINT('',(0.284586024626,0.645900984837));
#5318 = CARTESIAN_POINT('',(0.284587602109,0.656695221818));
#5319 = CARTESIAN_POINT('',(0.284590488572,0.67770777622));
#5320 = CARTESIAN_POINT('',(0.284591808032,0.687927351009));
#5321 = CARTESIAN_POINT('',(0.284592991284,0.698131899204));
#5322 = CARTESIAN_POINT('',(0.284593993917,0.708316872609));
#5323 = CARTESIAN_POINT('',(0.284596192372,0.736827247538));
#5324 = CARTESIAN_POINT('',(0.284596894307,0.75509702611));
#5325 = CARTESIAN_POINT('',(0.284596664543,0.773249943835));
#5326 = CARTESIAN_POINT('',(0.284595407937,0.791245474606));
#5327 = CARTESIAN_POINT('',(0.284591024994,0.828443635876));
#5328 = CARTESIAN_POINT('',(0.284587739174,0.84761003311));
#5329 = CARTESIAN_POINT('',(0.284583684068,0.86646531723));
#5330 = CARTESIAN_POINT('',(0.284579508874,0.88495607627));
#5331 = CARTESIAN_POINT('',(0.284574745018,0.910790986375));
#5332 = CARTESIAN_POINT('',(0.28457346902,0.918472702316));
#5333 = CARTESIAN_POINT('',(0.284572423486,0.926075405482));
#5334 = CARTESIAN_POINT('',(0.284571691546,0.933596392707));
#5335 = CARTESIAN_POINT('',(0.284570822466,0.953295397416));
#5336 = CARTESIAN_POINT('',(0.284571378528,0.965329539727));
#5337 = CARTESIAN_POINT('',(0.284573432464,0.97712686448));
#5338 = CARTESIAN_POINT('',(0.284577419711,0.988683699429));
#5339 = CARTESIAN_POINT('',(0.284583764003,1.));
#5340 = ( GEOMETRIC_REPRESENTATION_CONTEXT(2) 
PARAMETRIC_REPRESENTATION_CONTEXT() REPRESENTATION_CONTEXT('2D SPACE',''
  ) );
#5341 = ORIENTED_EDGE('',*,*,#5342,.T.);
#5342 = EDGE_CURVE('',#5146,#5343,#5345,.T.);
#5343 = VERTEX_POINT('',#5344);
#5344 = CARTESIAN_POINT('',(-5.111378240864,-7.007126216299,
    1.56558078759));
#5345 = SURFACE_CURVE('',#5346,(#5364,#5385),.PCURVE_S1.);
#5346 = B_SPLINE_CURVE_WITH_KNOTS('',6,(#5347,#5348,#5349,#5350,#5351,
    #5352,#5353,#5354,#5355,#5356,#5357,#5358,#5359,#5360,#5361,#5362,
    #5363),.UNSPECIFIED.,.F.,.F.,(7,5,5,7),(0.,0.313908525896,
    0.858662624449,1.),.UNSPECIFIED.);
#5347 = CARTESIAN_POINT('',(-4.88775714149,-5.711676838339,
    0.375178428735));
#5348 = CARTESIAN_POINT('',(-4.925529178113,-5.771144288427,
    0.437186830728));
#5349 = CARTESIAN_POINT('',(-4.959098537107,-5.832782693391,
    0.499482410371));
#5350 = CARTESIAN_POINT('',(-4.988580675688,-5.896288197623,
    0.561920218918));
#5351 = CARTESIAN_POINT('',(-5.014174062051,-5.961351703024,
    0.624398714551));
#5352 = CARTESIAN_POINT('',(-5.036125080454,-6.0276802185,0.68685481374)
  );
#5353 = CARTESIAN_POINT('',(-5.086915430223,-6.211875967466,
    0.857554519725));
#5354 = CARTESIAN_POINT('',(-5.108941420539,-6.331741543014,
    0.965664285052));
#5355 = CARTESIAN_POINT('',(-5.122166328945,-6.453347729933,
    1.073507165732));
#5356 = CARTESIAN_POINT('',(-5.128051726208,-6.575612195093,
    1.181175905192));
#5357 = CARTESIAN_POINT('',(-5.127939247303,-6.697737991757,
    1.28886680449));
#5358 = CARTESIAN_POINT('',(-5.121888355694,-6.850633782338,
    1.424960826232));
#5359 = CARTESIAN_POINT('',(-5.120326136036,-6.882079575937,
    1.453019333275));
#5360 = CARTESIAN_POINT('',(-5.118471048388,-6.913462638674,
    1.481105386495));
#5361 = CARTESIAN_POINT('',(-5.116346018862,-6.944771879731,
    1.509224086795));
#5362 = CARTESIAN_POINT('',(-5.113974054018,-6.975996544844,
    1.537380726148));
#5363 = CARTESIAN_POINT('',(-5.111378240864,-7.007126216299,
    1.56558078759));
#5364 = PCURVE('',#107,#5365);
#5365 = DEFINITIONAL_REPRESENTATION('',(#5366),#5384);
#5366 = B_SPLINE_CURVE_WITH_KNOTS('',6,(#5367,#5368,#5369,#5370,#5371,
    #5372,#5373,#5374,#5375,#5376,#5377,#5378,#5379,#5380,#5381,#5382,
    #5383),.UNSPECIFIED.,.F.,.F.,(7,5,5,7),(0.,0.313908525896,
    0.858662624449,1.),.UNSPECIFIED.);
#5367 = CARTESIAN_POINT('',(-0.785398163397,-0.844021272475));
#5368 = CARTESIAN_POINT('',(-0.784072446705,-0.835772777087));
#5369 = CARTESIAN_POINT('',(-0.782163698122,-0.827577916632));
#5370 = CARTESIAN_POINT('',(-0.779733512345,-0.819452676873));
#5371 = CARTESIAN_POINT('',(-0.776845829672,-0.811406291918));
#5372 = CARTESIAN_POINT('',(-0.773562495502,-0.803442636122));
#5373 = CARTESIAN_POINT('',(-0.763650324931,-0.781884962857));
#5374 = CARTESIAN_POINT('',(-0.756338778654,-0.768460855685));
#5375 = CARTESIAN_POINT('',(-0.748292240182,-0.75527900024));
#5376 = CARTESIAN_POINT('',(-0.739750607554,-0.742309818185));
#5377 = CARTESIAN_POINT('',(-0.730900998285,-0.72951581332));
#5378 = CARTESIAN_POINT('',(-0.719566289349,-0.713559553542));
#5379 = CARTESIAN_POINT('',(-0.717221371038,-0.710281150646));
#5380 = CARTESIAN_POINT('',(-0.71486935856,-0.707010642558));
#5381 = CARTESIAN_POINT('',(-0.712513018283,-0.703747274622));
#5382 = CARTESIAN_POINT('',(-0.710155050667,-0.700490288218));
#5383 = CARTESIAN_POINT('',(-0.707798090266,-0.697238920763));
#5384 = ( GEOMETRIC_REPRESENTATION_CONTEXT(2) 
PARAMETRIC_REPRESENTATION_CONTEXT() REPRESENTATION_CONTEXT('2D SPACE',''
  ) );
#5385 = PCURVE('',#5386,#5395);
#5386 = B_SPLINE_SURFACE_WITH_KNOTS('',1,3,(
    (#5387,#5388,#5389,#5390)
    ,(#5391,#5392,#5393,#5394
    )),.UNSPECIFIED.,.F.,.F.,.F.,(2,2),(4,4),(0.,1.),(0.,1.),
  .PIECEWISE_BEZIER_KNOTS.);
#5387 = CARTESIAN_POINT('',(-5.941113006308,-6.942594848675,
    -1.446944832201));
#5388 = CARTESIAN_POINT('',(-6.234713355113,-7.404802877492,
    -0.965203855702));
#5389 = CARTESIAN_POINT('',(-6.25754342034,-7.986395570218,
    -0.481716056663));
#5390 = CARTESIAN_POINT('',(-6.212926474841,-8.517225282556,0.));
#5391 = CARTESIAN_POINT('',(-2.239721718199,-2.617267243819,
    4.955821212164));
#5392 = CARTESIAN_POINT('',(-2.350405200737,-2.791513611354,
    5.137431244908));
#5393 = CARTESIAN_POINT('',(-2.359011836036,-3.010766432107,
    5.31969980685));
#5394 = CARTESIAN_POINT('',(-2.34219183249,-3.210882274733,
    5.501300445142));
#5395 = DEFINITIONAL_REPRESENTATION('',(#5396),#5414);
#5396 = B_SPLINE_CURVE_WITH_KNOTS('',6,(#5397,#5398,#5399,#5400,#5401,
    #5402,#5403,#5404,#5405,#5406,#5407,#5408,#5409,#5410,#5411,#5412,
    #5413),.UNSPECIFIED.,.F.,.F.,(7,5,5,7),(0.,0.313908525896,
    0.858662624449,1.),.UNSPECIFIED.);
#5397 = CARTESIAN_POINT('',(0.284583764003,0.));
#5398 = CARTESIAN_POINT('',(0.284586316756,5.21386041788E-02));
#5399 = CARTESIAN_POINT('',(0.284588892036,0.104495213237));
#5400 = CARTESIAN_POINT('',(0.284589889891,0.156959847683));
#5401 = CARTESIAN_POINT('',(0.284589163556,0.209451328936));
#5402 = CARTESIAN_POINT('',(0.28458734336,0.261916872719));
#5403 = CARTESIAN_POINT('',(0.284581372758,0.40529188287));
#5404 = CARTESIAN_POINT('',(0.28457648384,0.496074718258));
#5405 = CARTESIAN_POINT('',(0.284574427,0.586611427628));
#5406 = CARTESIAN_POINT('',(0.284579888235,0.676977630401));
#5407 = CARTESIAN_POINT('',(0.284590396923,0.767373228638));
#5408 = CARTESIAN_POINT('',(0.284593694126,0.881724120795));
#5409 = CARTESIAN_POINT('',(0.284593839661,0.905305915814));
#5410 = CARTESIAN_POINT('',(0.284593227561,0.928918307057));
#5411 = CARTESIAN_POINT('',(0.284591577754,0.952567192976));
#5412 = CARTESIAN_POINT('',(0.284588554021,0.976258863492));
#5413 = CARTESIAN_POINT('',(0.284583764003,1.));
#5414 = ( GEOMETRIC_REPRESENTATION_CONTEXT(2) 
PARAMETRIC_REPRESENTATION_CONTEXT() REPRESENTATION_CONTEXT('2D SPACE',''
  ) );
#5415 = ORIENTED_EDGE('',*,*,#5416,.T.);
#5416 = EDGE_CURVE('',#5343,#5417,#5419,.T.);
#5417 = VERTEX_POINT('',#5418);
#5418 = CARTESIAN_POINT('',(-4.517700723632,-7.403808851127,
    1.56558078759));
#5419 = SURFACE_CURVE('',#5420,(#5426,#5435),.PCURVE_S1.);
#5420 = B_SPLINE_CURVE_WITH_KNOTS('',4,(#5421,#5422,#5423,#5424,#5425),
  .UNSPECIFIED.,.F.,.F.,(5,5),(0.,1.),.PIECEWISE_BEZIER_KNOTS.);
#5421 = CARTESIAN_POINT('',(-5.111378240864,-7.007126216299,
    1.56558078759));
#5422 = CARTESIAN_POINT('',(-4.967126090508,-7.112352019266,
    1.565581225341));
#5423 = CARTESIAN_POINT('',(-4.819984867879,-7.213617129217,
    1.565580009348));
#5424 = CARTESIAN_POINT('',(-4.670119597294,-7.310805413355,
    1.565581225341));
#5425 = CARTESIAN_POINT('',(-4.517700723632,-7.403808851127,
    1.56558078759));
#5426 = PCURVE('',#107,#5427);
#5427 = DEFINITIONAL_REPRESENTATION('',(#5428),#5434);
#5428 = B_SPLINE_CURVE_WITH_KNOTS('',4,(#5429,#5430,#5431,#5432,#5433),
  .UNSPECIFIED.,.F.,.F.,(5,5),(0.,1.),.PIECEWISE_BEZIER_KNOTS.);
#5429 = CARTESIAN_POINT('',(-0.707798090266,-0.697238920763));
#5430 = CARTESIAN_POINT('',(-0.687211567064,-0.697238870292));
#5431 = CARTESIAN_POINT('',(-0.666625050116,-0.697239010492));
#5432 = CARTESIAN_POINT('',(-0.646038533166,-0.697238870292));
#5433 = CARTESIAN_POINT('',(-0.625452009966,-0.697238920763));
#5434 = ( GEOMETRIC_REPRESENTATION_CONTEXT(2) 
PARAMETRIC_REPRESENTATION_CONTEXT() REPRESENTATION_CONTEXT('2D SPACE',''
  ) );
#5435 = PCURVE('',#5436,#5445);
#5436 = B_SPLINE_SURFACE_WITH_KNOTS('',1,3,(
    (#5437,#5438,#5439,#5440)
    ,(#5441,#5442,#5443,#5444
    )),.UNSPECIFIED.,.F.,.F.,.F.,(2,2),(4,4),(0.,1.),(0.,1.),
  .PIECEWISE_BEZIER_KNOTS.);
#5437 = CARTESIAN_POINT('',(-6.212926474841,-8.517225282556,0.));
#5438 = CARTESIAN_POINT('',(-5.979140567371,-8.687763198385,0.));
#5439 = CARTESIAN_POINT('',(-5.738328567378,-8.848668632535,
    -3.552713678801E-15));
#5440 = CARTESIAN_POINT('',(-5.491306083917,-8.999396612458,0.));
#5441 = CARTESIAN_POINT('',(-2.34219183249,-3.210882274733,
    5.501300445142));
#5442 = CARTESIAN_POINT('',(-2.254057610197,-3.275172833328,
    5.501300445142));
#5443 = CARTESIAN_POINT('',(-2.16327464313,-3.335832072609,
    5.501300445142));
#5444 = CARTESIAN_POINT('',(-2.070150405214,-3.392654545068,
    5.501300445142));
#5445 = DEFINITIONAL_REPRESENTATION('',(#5446),#5452);
#5446 = B_SPLINE_CURVE_WITH_KNOTS('',4,(#5447,#5448,#5449,#5450,#5451),
  .UNSPECIFIED.,.F.,.F.,(5,5),(0.,1.),.PIECEWISE_BEZIER_KNOTS.);
#5447 = CARTESIAN_POINT('',(0.284583764003,0.));
#5448 = CARTESIAN_POINT('',(0.284583843575,0.249999983278));
#5449 = CARTESIAN_POINT('',(0.284583622538,0.499999999991));
#5450 = CARTESIAN_POINT('',(0.284583843575,0.750000016749));
#5451 = CARTESIAN_POINT('',(0.284583764003,1.));
#5452 = ( GEOMETRIC_REPRESENTATION_CONTEXT(2) 
PARAMETRIC_REPRESENTATION_CONTEXT() REPRESENTATION_CONTEXT('2D SPACE',''
  ) );
#5453 = ORIENTED_EDGE('',*,*,#5454,.T.);
#5454 = EDGE_CURVE('',#5417,#5455,#5457,.T.);
#5455 = VERTEX_POINT('',#5456);
#5456 = CARTESIAN_POINT('',(-3.406437647788,-6.701462879964,
    0.375178428735));
#5457 = SURFACE_CURVE('',#5458,(#5471,#5487),.PCURVE_S1.);
#5458 = B_SPLINE_CURVE_WITH_KNOTS('',6,(#5459,#5460,#5461,#5462,#5463,
    #5464,#5465,#5466,#5467,#5468,#5469,#5470),.UNSPECIFIED.,.F.,.F.,(7,
    5,7),(0.,0.732820795605,1.),.UNSPECIFIED.);
#5459 = CARTESIAN_POINT('',(-4.517700723632,-7.403808851127,
    1.56558078759));
#5460 = CARTESIAN_POINT('',(-4.36340918163,-7.354469317656,
    1.419344560172));
#5461 = CARTESIAN_POINT('',(-4.209196548918,-7.298634733557,
    1.274405589418));
#5462 = CARTESIAN_POINT('',(-4.057373377352,-7.233812807468,
    1.129729088999));
#5463 = CARTESIAN_POINT('',(-3.910669198218,-7.157786178396,
    0.984798940731));
#5464 = CARTESIAN_POINT('',(-3.772911935225,-7.068206601575,
    0.839319411802));
#5465 = CARTESIAN_POINT('',(-3.602857858133,-6.924862487847,
    0.640399208124));
#5466 = CARTESIAN_POINT('',(-3.559184055205,-6.884520374046,
    0.587230042527));
#5467 = CARTESIAN_POINT('',(-3.517484399536,-6.842055759336,
    0.534066670967));
#5468 = CARTESIAN_POINT('',(-3.477983342606,-6.797406857976,
    0.480955229055));
#5469 = CARTESIAN_POINT('',(-3.4409010411,-6.750540383433,0.427962564045
    ));
#5470 = CARTESIAN_POINT('',(-3.406437647788,-6.701462879964,
    0.375178428735));
#5471 = PCURVE('',#107,#5472);
#5472 = DEFINITIONAL_REPRESENTATION('',(#5473),#5486);
#5473 = B_SPLINE_CURVE_WITH_KNOTS('',6,(#5474,#5475,#5476,#5477,#5478,
    #5479,#5480,#5481,#5482,#5483,#5484,#5485),.UNSPECIFIED.,.F.,.F.,(7,
    5,7),(0.,0.732820795605,1.),.UNSPECIFIED.);
#5474 = CARTESIAN_POINT('',(-0.625452009966,-0.697238920763));
#5475 = CARTESIAN_POINT('',(-0.613229589884,-0.714099441142));
#5476 = CARTESIAN_POINT('',(-0.600990688737,-0.731096056271));
#5477 = CARTESIAN_POINT('',(-0.589083379479,-0.748365762393));
#5478 = CARTESIAN_POINT('',(-0.577906996063,-0.766000011665));
#5479 = CARTESIAN_POINT('',(-0.568034158932,-0.784079282199));
#5480 = CARTESIAN_POINT('',(-0.557335143527,-0.809383908953));
#5481 = CARTESIAN_POINT('',(-0.554747681747,-0.816204332985));
#5482 = CARTESIAN_POINT('',(-0.552466917948,-0.823083212092));
#5483 = CARTESIAN_POINT('',(-0.550531400789,-0.830017149773));
#5484 = CARTESIAN_POINT('',(-0.548980442118,-0.836999809533));
#5485 = CARTESIAN_POINT('',(-0.547851936834,-0.844021272475));
#5486 = ( GEOMETRIC_REPRESENTATION_CONTEXT(2) 
PARAMETRIC_REPRESENTATION_CONTEXT() REPRESENTATION_CONTEXT('2D SPACE',''
  ) );
#5487 = PCURVE('',#5488,#5497);
#5488 = B_SPLINE_SURFACE_WITH_KNOTS('',1,3,(
    (#5489,#5490,#5491,#5492)
    ,(#5493,#5494,#5495,#5496
    )),.UNSPECIFIED.,.F.,.F.,.F.,(2,2),(4,4),(0.,1.),(0.,1.),
  .PIECEWISE_BEZIER_KNOTS.);
#5489 = CARTESIAN_POINT('',(-5.491306083917,-8.999396612458,0.));
#5490 = CARTESIAN_POINT('',(-4.983809211594,-8.837477558889,
    -0.481716056663));
#5491 = CARTESIAN_POINT('',(-4.455224314248,-8.593819441009,
    -0.965203855702));
#5492 = CARTESIAN_POINT('',(-4.140555765887,-8.145688733075,
    -1.446944832201));
#5493 = CARTESIAN_POINT('',(-2.070150405214,-3.392654545068,
    5.501300445142));
#5494 = CARTESIAN_POINT('',(-1.878830737392,-3.331613184554,
    5.31969980685));
#5495 = CARTESIAN_POINT('',(-1.67956116059,-3.239757268356,
    5.137431244908));
#5496 = CARTESIAN_POINT('',(-1.560935243013,-3.070817866247,
    4.955821212164));
#5497 = DEFINITIONAL_REPRESENTATION('',(#5498),#5511);
#5498 = B_SPLINE_CURVE_WITH_KNOTS('',6,(#5499,#5500,#5501,#5502,#5503,
    #5504,#5505,#5506,#5507,#5508,#5509,#5510),.UNSPECIFIED.,.F.,.F.,(7,
    5,7),(0.,0.732820795605,1.),.UNSPECIFIED.);
#5499 = CARTESIAN_POINT('',(0.284583764003,0.));
#5500 = CARTESIAN_POINT('',(0.284608603458,0.123113711818));
#5501 = CARTESIAN_POINT('',(0.284586033959,0.244788781497));
#5502 = CARTESIAN_POINT('',(0.284570522198,0.366182007065));
#5503 = CARTESIAN_POINT('',(0.284574414158,0.487848481342));
#5504 = CARTESIAN_POINT('',(0.284582841001,0.610014247332));
#5505 = CARTESIAN_POINT('',(0.284588436331,0.777109231139));
#5506 = CARTESIAN_POINT('',(0.284589369445,0.821777061796));
#5507 = CARTESIAN_POINT('',(0.284589345136,0.866445460859));
#5508 = CARTESIAN_POINT('',(0.284588126381,0.911076562508));
#5509 = CARTESIAN_POINT('',(0.284585937012,0.955617447807));
#5510 = CARTESIAN_POINT('',(0.284583764003,1.));
#5511 = ( GEOMETRIC_REPRESENTATION_CONTEXT(2) 
PARAMETRIC_REPRESENTATION_CONTEXT() REPRESENTATION_CONTEXT('2D SPACE',''
  ) );
#5512 = ORIENTED_EDGE('',*,*,#5513,.T.);
#5513 = EDGE_CURVE('',#5455,#5514,#5516,.T.);
#5514 = VERTEX_POINT('',#5515);
#5515 = CARTESIAN_POINT('',(-2.329934685853,-7.147365006733,
    0.375178428735));
#5516 = SURFACE_CURVE('',#5517,(#5576,#5638),.PCURVE_S1.);
#5517 = B_SPLINE_CURVE_WITH_KNOTS('',5,(#5518,#5519,#5520,#5521,#5522,
    #5523,#5524,#5525,#5526,#5527,#5528,#5529,#5530,#5531,#5532,#5533,
    #5534,#5535,#5536,#5537,#5538,#5539,#5540,#5541,#5542,#5543,#5544,
    #5545,#5546,#5547,#5548,#5549,#5550,#5551,#5552,#5553,#5554,#5555,
    #5556,#5557,#5558,#5559,#5560,#5561,#5562,#5563,#5564,#5565,#5566,
    #5567,#5568,#5569,#5570,#5571,#5572,#5573,#5574,#5575),
  .UNSPECIFIED.,.F.,.F.,(6,4,4,4,4,4,4,4,4,4,4,4,4,4,6),(0.,
    6.762764437053E-02,0.108763492797,0.204619724393,0.292448117946,
    0.34107984061,0.392327179092,0.500328650006,0.60750564267,
    0.658752507307,0.707383062332,0.795218811844,0.891063155617,
    0.932191545779,1.),.UNSPECIFIED.);
#5518 = CARTESIAN_POINT('',(-3.406437647788,-6.701462879964,
    0.375178428735));
#5519 = CARTESIAN_POINT('',(-3.397480316925,-6.684670191836,
    0.358259609973));
#5520 = CARTESIAN_POINT('',(-3.387647937108,-6.668369457745,
    0.341474038744));
#5521 = CARTESIAN_POINT('',(-3.376917407506,-6.652622153103,
    0.324859551243));
#5522 = CARTESIAN_POINT('',(-3.365274411692,-6.63749509088,
    0.308461226565));
#5523 = CARTESIAN_POINT('',(-3.345086094599,-6.614271109321,
    0.282517899476));
#5524 = CARTESIAN_POINT('',(-3.337113971625,-6.60574149382,
    0.272804560597));
#5525 = CARTESIAN_POINT('',(-3.328805736626,-6.597480978748,
    0.263201541969));
#5526 = CARTESIAN_POINT('',(-3.320164359057,-6.589504077119,
    0.25372082582));
#5527 = CARTESIAN_POINT('',(-3.290295163161,-6.563930033458,
    0.222596489775));
#5528 = CARTESIAN_POINT('',(-3.267612964893,-6.547648560932,
    0.201546833024));
#5529 = CARTESIAN_POINT('',(-3.243224597084,-6.533161729924,
    0.181389746334));
#5530 = CARTESIAN_POINT('',(-3.217271527196,-6.520604970815,
    0.162277200695));
#5531 = CARTESIAN_POINT('',(-3.164950732785,-6.500385803072,
    0.127907407994));
#5532 = CARTESIAN_POINT('',(-3.138795784566,-6.492400059539,
    0.112458735714));
#5533 = CARTESIAN_POINT('',(-3.111664364827,-6.486153826059,
    9.809525401872E-02));
#5534 = CARTESIAN_POINT('',(-3.083739215909,-6.481653350269,
    8.488537062706E-02));
#5535 = CARTESIAN_POINT('',(-3.039413177612,-6.477336106969,
    6.622702887901E-02));
#5536 = CARTESIAN_POINT('',(-3.02343044866,-6.476325426656,
    5.994556537498E-02));
#5537 = CARTESIAN_POINT('',(-3.007293448968,-6.475838266913,
    5.403967769232E-02));
#5538 = CARTESIAN_POINT('',(-2.991033008417,-6.475868113376,
    4.851501404678E-02));
#5539 = CARTESIAN_POINT('',(-2.957445946658,-6.476973468899,
    3.795915175591E-02));
#5540 = CARTESIAN_POINT('',(-2.940108964333,-6.478105269954,
    3.297055885835E-02));
#5541 = CARTESIAN_POINT('',(-2.922703335421,-6.479791638441,
    2.84138258128E-02));
#5542 = CARTESIAN_POINT('',(-2.905262706799,-6.482021369555,
    2.429183028765E-02));
#5543 = CARTESIAN_POINT('',(-2.85105826749,-6.490600328017,
    1.283835098764E-02));
#5544 = CARTESIAN_POINT('',(-2.814287290483,-6.498777004287,
    7.008640264427E-03));
#5545 = CARTESIAN_POINT('',(-2.777802330079,-6.509199178926,
    3.130233868468E-03));
#5546 = CARTESIAN_POINT('',(-2.741884181978,-6.521745832952,
    1.202711801739E-03));
#5547 = CARTESIAN_POINT('',(-2.671986002118,-6.550755838267,
    1.250034432784E-03));
#5548 = CARTESIAN_POINT('',(-2.63799654758,-6.567187196937,
    3.195198754856E-03));
#5549 = CARTESIAN_POINT('',(-2.605094746996,-6.585491456929,
    7.061572069109E-03));
#5550 = CARTESIAN_POINT('',(-2.573558283852,-6.605558135542,
    1.284950277206E-02));
#5551 = CARTESIAN_POINT('',(-2.529378486814,-6.637638023216,
    2.422605811129E-02));
#5552 = CARTESIAN_POINT('',(-2.515464341635,-6.648388912578,
    2.834233661778E-02));
#5553 = CARTESIAN_POINT('',(-2.501958841554,-6.659499410364,
    3.289336665005E-02));
#5554 = CARTESIAN_POINT('',(-2.488893699244,-6.670953659793,
    3.787628002333E-02));
#5555 = CARTESIAN_POINT('',(-2.464350820332,-6.693913002156,
    4.842106771115E-02));
#5556 = CARTESIAN_POINT('',(-2.452825972503,-6.705385591425,
    5.394032128863E-02));
#5557 = CARTESIAN_POINT('',(-2.441753688064,-6.717136630471,
    5.984083120308E-02));
#5558 = CARTESIAN_POINT('',(-2.431160378296,-6.729148940912,
    6.611696304203E-02));
#5559 = CARTESIAN_POINT('',(-2.402848960201,-6.763537063049,
    8.476181276782E-02));
#5560 = CARTESIAN_POINT('',(-2.386270469478,-6.786462009112,
    9.796393392642E-02));
#5561 = CARTESIAN_POINT('',(-2.371487198177,-6.810060991034,
    0.112320199572));
#5562 = CARTESIAN_POINT('',(-2.358624130915,-6.8342004178,0.127762291807
    ));
#5563 = CARTESIAN_POINT('',(-2.335894771572,-6.885486699217,
    0.162116065073));
#5564 = CARTESIAN_POINT('',(-2.326406566881,-6.912711707876,
    0.181218814403));
#5565 = CARTESIAN_POINT('',(-2.319388711153,-6.940196063726,
    0.201366610804));
#5566 = CARTESIAN_POINT('',(-2.314845807803,-6.967744002268,
    0.222407603525));
#5567 = CARTESIAN_POINT('',(-2.311784292267,-7.006943943711,
    0.253519975013));
#5568 = CARTESIAN_POINT('',(-2.311307065062,-7.018693243829,
    0.262996830901));
#5569 = CARTESIAN_POINT('',(-2.31126588845,-7.030407699213,
    0.272596101306));
#5570 = CARTESIAN_POINT('',(-2.311652622759,-7.042074943022,
    0.282305806566));
#5571 = CARTESIAN_POINT('',(-2.313783132961,-7.072823710141,
    0.308285874706));
#5572 = CARTESIAN_POINT('',(-2.316244608954,-7.091805266341,
    0.324726299396));
#5573 = CARTESIAN_POINT('',(-2.319795985397,-7.110579283963,
    0.341384288112));
#5574 = CARTESIAN_POINT('',(-2.324379439753,-7.12910831623,
    0.358214379057));
#5575 = CARTESIAN_POINT('',(-2.329934685853,-7.147365006733,
    0.375178428735));
#5576 = PCURVE('',#107,#5577);
#5577 = DEFINITIONAL_REPRESENTATION('',(#5578),#5637);
#5578 = B_SPLINE_CURVE_WITH_KNOTS('',5,(#5579,#5580,#5581,#5582,#5583,
    #5584,#5585,#5586,#5587,#5588,#5589,#5590,#5591,#5592,#5593,#5594,
    #5595,#5596,#5597,#5598,#5599,#5600,#5601,#5602,#5603,#5604,#5605,
    #5606,#5607,#5608,#5609,#5610,#5611,#5612,#5613,#5614,#5615,#5616,
    #5617,#5618,#5619,#5620,#5621,#5622,#5623,#5624,#5625,#5626,#5627,
    #5628,#5629,#5630,#5631,#5632,#5633,#5634,#5635,#5636),
  .UNSPECIFIED.,.F.,.F.,(6,4,4,4,4,4,4,4,4,4,4,4,4,4,6),(0.,
    6.762764437053E-02,0.108763492797,0.204619724393,0.292448117946,
    0.34107984061,0.392327179092,0.500328650006,0.60750564267,
    0.658752507307,0.707383062332,0.795218811844,0.891063155617,
    0.932191545779,1.),.UNSPECIFIED.);
#5579 = CARTESIAN_POINT('',(-0.547851936834,-0.844021272475));
#5580 = CARTESIAN_POINT('',(-0.547801966842,-0.846271851333));
#5581 = CARTESIAN_POINT('',(-0.547618261705,-0.848511826104));
#5582 = CARTESIAN_POINT('',(-0.54729269009,-0.850736053935));
#5583 = CARTESIAN_POINT('',(-0.546817631815,-0.852938295255));
#5584 = CARTESIAN_POINT('',(-0.545804217777,-0.856433139447));
#5585 = CARTESIAN_POINT('',(-0.545363562359,-0.857744142071));
#5586 = CARTESIAN_POINT('',(-0.544864260251,-0.859042718104));
#5587 = CARTESIAN_POINT('',(-0.544305376394,-0.860327151856));
#5588 = CARTESIAN_POINT('',(-0.542243769445,-0.864551526735));
#5589 = CARTESIAN_POINT('',(-0.540474323748,-0.867421233782));
#5590 = CARTESIAN_POINT('',(-0.538371119908,-0.870181098784));
#5591 = CARTESIAN_POINT('',(-0.53593884033,-0.872808291665));
#5592 = CARTESIAN_POINT('',(-0.530685224288,-0.87754921467));
#5593 = CARTESIAN_POINT('',(-0.527913130442,-0.879687880375));
#5594 = CARTESIAN_POINT('',(-0.524895711154,-0.881682831474));
#5595 = CARTESIAN_POINT('',(-0.521655216034,-0.883522690611));
#5596 = CARTESIAN_POINT('',(-0.516315280563,-0.886127473334));
#5597 = CARTESIAN_POINT('',(-0.514351937399,-0.887005709599));
#5598 = CARTESIAN_POINT('',(-0.512332763219,-0.887832546137));
#5599 = CARTESIAN_POINT('',(-0.510262398664,-0.888606931124));
#5600 = CARTESIAN_POINT('',(-0.505915077785,-0.890088062847));
#5601 = CARTESIAN_POINT('',(-0.503632979429,-0.890788921184));
#5602 = CARTESIAN_POINT('',(-0.501304972873,-0.891429796166));
#5603 = CARTESIAN_POINT('',(-0.498936679286,-0.892010045454));
#5604 = CARTESIAN_POINT('',(-0.491469636721,-0.893623501239));
#5605 = CARTESIAN_POINT('',(-0.486251914737,-0.894446593098));
#5606 = CARTESIAN_POINT('',(-0.480932297502,-0.894994817578));
#5607 = CARTESIAN_POINT('',(-0.475562953482,-0.89526727307));
#5608 = CARTESIAN_POINT('',(-0.464865661881,-0.895260583988));
#5609 = CARTESIAN_POINT('',(-0.459538215761,-0.894985634716));
#5610 = CARTESIAN_POINT('',(-0.454260285467,-0.894439122695));
#5611 = CARTESIAN_POINT('',(-0.449082848146,-0.89362194171));
#5612 = CARTESIAN_POINT('',(-0.441653091793,-0.892019305407));
#5613 = CARTESIAN_POINT('',(-0.439284313667,-0.891439854109));
#5614 = CARTESIAN_POINT('',(-0.436955766561,-0.890799772927));
#5615 = CARTESIAN_POINT('',(-0.434673071545,-0.890099702604));
#5616 = CARTESIAN_POINT('',(-0.430324510372,-0.888620102142));
#5617 = CARTESIAN_POINT('',(-0.428253506414,-0.887846462756));
#5618 = CARTESIAN_POINT('',(-0.426233641372,-0.887020364602));
#5619 = CARTESIAN_POINT('',(-0.424269556735,-0.886142857404));
#5620 = CARTESIAN_POINT('',(-0.418927032708,-0.883539906985));
#5621 = CARTESIAN_POINT('',(-0.415684622412,-0.881701089639));
#5622 = CARTESIAN_POINT('',(-0.412665188418,-0.879707095038));
#5623 = CARTESIAN_POINT('',(-0.409891009476,-0.877569288612));
#5624 = CARTESIAN_POINT('',(-0.404633527718,-0.87283045705));
#5625 = CARTESIAN_POINT('',(-0.402199331834,-0.870204540187));
#5626 = CARTESIAN_POINT('',(-0.400094073947,-0.867445868089));
#5627 = CARTESIAN_POINT('',(-0.398322486364,-0.864577255902));
#5628 = CARTESIAN_POINT('',(-0.396257793868,-0.860354373419));
#5629 = CARTESIAN_POINT('',(-0.395697993664,-0.859070421831));
#5630 = CARTESIAN_POINT('',(-0.395197764249,-0.857772310612));
#5631 = CARTESIAN_POINT('',(-0.39475617403,-0.856461755263));
#5632 = CARTESIAN_POINT('',(-0.393738473352,-0.852961844737));
#5633 = CARTESIAN_POINT('',(-0.393260942674,-0.850753892888));
#5634 = CARTESIAN_POINT('',(-0.392933740059,-0.848523803055));
#5635 = CARTESIAN_POINT('',(-0.392749185281,-0.84627786805));
#5636 = CARTESIAN_POINT('',(-0.392699081699,-0.844021272475));
#5637 = ( GEOMETRIC_REPRESENTATION_CONTEXT(2) 
PARAMETRIC_REPRESENTATION_CONTEXT() REPRESENTATION_CONTEXT('2D SPACE',''
  ) );
#5638 = PCURVE('',#5639,#5648);
#5639 = B_SPLINE_SURFACE_WITH_KNOTS('',1,3,(
    (#5640,#5641,#5642,#5643)
    ,(#5644,#5645,#5646,#5647
    )),.UNSPECIFIED.,.F.,.F.,.F.,(2,2),(4,4),(0.,1.),(0.,1.),
  .PIECEWISE_BEZIER_KNOTS.);
#5640 = CARTESIAN_POINT('',(-4.140555765887,-8.145688733075,
    -1.446944832201));
#5641 = CARTESIAN_POINT('',(-3.818403031476,-7.541681104854,
    -2.052873367937));
#5642 = CARTESIAN_POINT('',(-2.632755173929,-8.032792527648,
    -2.052873367937));
#5643 = CARTESIAN_POINT('',(-2.832056680653,-8.687686800532,
    -1.446944832201));
#5644 = CARTESIAN_POINT('',(-1.560935243013,-3.070817866247,
    4.955821212164));
#5645 = CARTESIAN_POINT('',(-1.43948788541,-2.843114908661,
    4.727394097628));
#5646 = CARTESIAN_POINT('',(-0.992514186397,-3.028257476816,
    4.727394097628));
#5647 = CARTESIAN_POINT('',(-1.067648241684,-3.27514403234,
    4.955821212164));
#5648 = DEFINITIONAL_REPRESENTATION('',(#5649),#5708);
#5649 = B_SPLINE_CURVE_WITH_KNOTS('',5,(#5650,#5651,#5652,#5653,#5654,
    #5655,#5656,#5657,#5658,#5659,#5660,#5661,#5662,#5663,#5664,#5665,
    #5666,#5667,#5668,#5669,#5670,#5671,#5672,#5673,#5674,#5675,#5676,
    #5677,#5678,#5679,#5680,#5681,#5682,#5683,#5684,#5685,#5686,#5687,
    #5688,#5689,#5690,#5691,#5692,#5693,#5694,#5695,#5696,#5697,#5698,
    #5699,#5700,#5701,#5702,#5703,#5704,#5705,#5706,#5707),
  .UNSPECIFIED.,.F.,.F.,(6,4,4,4,4,4,4,4,4,4,4,4,4,4,6),(0.,
    6.762764437053E-02,0.108763492797,0.204619724393,0.292448117946,
    0.34107984061,0.392327179092,0.500328650006,0.60750564267,
    0.658752507307,0.707383062332,0.795218811844,0.891063155617,
    0.932191545779,1.),.UNSPECIFIED.);
#5650 = CARTESIAN_POINT('',(0.284583764003,0.));
#5651 = CARTESIAN_POINT('',(0.284577436635,1.128611296437E-02));
#5652 = CARTESIAN_POINT('',(0.284573453755,2.281147714127E-02));
#5653 = CARTESIAN_POINT('',(0.284571395006,3.457605063038E-02));
#5654 = CARTESIAN_POINT('',(0.284570828464,4.657619994616E-02));
#5655 = CARTESIAN_POINT('',(0.284571677356,6.623994777732E-02));
#5656 = CARTESIAN_POINT('',(0.28457240357,7.376086865051E-02));
#5657 = CARTESIAN_POINT('',(0.284573444612,8.136356754914E-02));
#5658 = CARTESIAN_POINT('',(0.284574717245,8.904534557295E-02));
#5659 = CARTESIAN_POINT('',(0.28457947306,0.114879658708));
#5660 = CARTESIAN_POINT('',(0.284583647947,0.133370021554));
#5661 = CARTESIAN_POINT('',(0.284587706794,0.152225291856));
#5662 = CARTESIAN_POINT('',(0.284590998674,0.171392073705));
#5663 = CARTESIAN_POINT('',(0.284595394638,0.208587994477));
#5664 = CARTESIAN_POINT('',(0.284596658401,0.226580756123));
#5665 = CARTESIAN_POINT('',(0.28459689554,0.244731134148));
#5666 = CARTESIAN_POINT('',(0.284596200335,0.262998585039));
#5667 = CARTESIAN_POINT('',(0.284594010507,0.291506702722));
#5668 = CARTESIAN_POINT('',(0.284593010503,0.30169163187));
#5669 = CARTESIAN_POINT('',(0.284591829416,0.311896187579));
#5670 = CARTESIAN_POINT('',(0.284590511622,0.322115814139));
#5671 = CARTESIAN_POINT('',(0.284587627566,0.343128391364));
#5672 = CARTESIAN_POINT('',(0.28458605077,0.353922603235));
#5673 = CARTESIAN_POINT('',(0.284584435485,0.364725565984));
#5674 = CARTESIAN_POINT('',(0.284582836969,0.375534316863));
#5675 = CARTESIAN_POINT('',(0.284578083368,0.409134139405));
#5676 = CARTESIAN_POINT('',(0.284575162078,0.431937144499));
#5677 = CARTESIAN_POINT('',(0.28457302094,0.454741843137));
#5678 = CARTESIAN_POINT('',(0.284571961223,0.477543878916));
#5679 = CARTESIAN_POINT('',(0.284571987268,0.522975975093));
#5680 = CARTESIAN_POINT('',(0.284573056744,0.54560398169));
#5681 = CARTESIAN_POINT('',(0.284575187686,0.568234562312));
#5682 = CARTESIAN_POINT('',(0.284578084917,0.590863423613));
#5683 = CARTESIAN_POINT('',(0.284582811126,0.624289340603));
#5684 = CARTESIAN_POINT('',(0.284584409223,0.635098059099));
#5685 = CARTESIAN_POINT('',(0.284586024631,0.645901014573));
#5686 = CARTESIAN_POINT('',(0.284587602114,0.656695251549));
#5687 = CARTESIAN_POINT('',(0.284590488576,0.677707805955));
#5688 = CARTESIAN_POINT('',(0.284591808036,0.687927380753));
#5689 = CARTESIAN_POINT('',(0.284592991287,0.698131928949));
#5690 = CARTESIAN_POINT('',(0.28459399392,0.708316902347));
#5691 = CARTESIAN_POINT('',(0.284596192374,0.736827288215));
#5692 = CARTESIAN_POINT('',(0.284596894308,0.755097077618));
#5693 = CARTESIAN_POINT('',(0.284596664541,0.77325000597));
#5694 = CARTESIAN_POINT('',(0.284595407932,0.791245547083));
#5695 = CARTESIAN_POINT('',(0.284591024981,0.828443718692));
#5696 = CARTESIAN_POINT('',(0.284587739158,0.84761011612));
#5697 = CARTESIAN_POINT('',(0.28458368405,0.866465400233));
#5698 = CARTESIAN_POINT('',(0.284579508856,0.884956159073));
#5699 = CARTESIAN_POINT('',(0.284574745004,0.910791068877));
#5700 = CARTESIAN_POINT('',(0.284573469008,0.91847278485));
#5701 = CARTESIAN_POINT('',(0.284572423476,0.926075488013));
#5702 = CARTESIAN_POINT('',(0.284571691539,0.933596475205));
#5703 = CARTESIAN_POINT('',(0.284570822469,0.95329546214));
#5704 = CARTESIAN_POINT('',(0.284571378537,0.965329587316));
#5705 = CARTESIAN_POINT('',(0.284573432475,0.977126895559));
#5706 = CARTESIAN_POINT('',(0.28457741972,0.988683714644));
#5707 = CARTESIAN_POINT('',(0.284583764003,1.));
#5708 = ( GEOMETRIC_REPRESENTATION_CONTEXT(2) 
PARAMETRIC_REPRESENTATION_CONTEXT() REPRESENTATION_CONTEXT('2D SPACE',''
  ) );
#5709 = ORIENTED_EDGE('',*,*,#5710,.T.);
#5710 = EDGE_CURVE('',#5514,#5711,#5713,.T.);
#5711 = VERTEX_POINT('',#5712);
#5712 = CARTESIAN_POINT('',(-2.040786628189,-8.429780262292,
    1.56558078759));
#5713 = SURFACE_CURVE('',#5714,(#5732,#5753),.PCURVE_S1.);
#5714 = B_SPLINE_CURVE_WITH_KNOTS('',6,(#5715,#5716,#5717,#5718,#5719,
    #5720,#5721,#5722,#5723,#5724,#5725,#5726,#5727,#5728,#5729,#5730,
    #5731),.UNSPECIFIED.,.F.,.F.,(7,5,5,7),(0.,0.313908525457,
    0.858662634435,1.),.UNSPECIFIED.);
#5715 = CARTESIAN_POINT('',(-2.329934685853,-7.147365006733,
    0.375178428735));
#5716 = CARTESIAN_POINT('',(-2.34207428946,-7.216760499245,
    0.437186830641));
#5717 = CARTESIAN_POINT('',(-2.349500336773,-7.286553397432,
    0.499482410197));
#5718 = CARTESIAN_POINT('',(-2.352435776857,-7.356507158881,
    0.561920218657));
#5719 = CARTESIAN_POINT('',(-2.351182257136,-7.426412164678,
    0.624398714202));
#5720 = CARTESIAN_POINT('',(-2.346079529819,-7.496092013518,
    0.686854813305));
#5721 = CARTESIAN_POINT('',(-2.322515032772,-7.685703323556,
    0.857554521277));
#5722 = CARTESIAN_POINT('',(-2.296993823881,-7.804873659298,
    0.965664288668));
#5723 = CARTESIAN_POINT('',(-2.262675372107,-7.922284081947,
    1.073507171403));
#5724 = CARTESIAN_POINT('',(-2.221324183826,-8.037493964976,
    1.181175912914));
#5725 = CARTESIAN_POINT('',(-2.174484746524,-8.150280447076,
    1.288866814276));
#5726 = CARTESIAN_POINT('',(-2.110383765171,-8.289222162432,
    1.424960836144));
#5727 = CARTESIAN_POINT('',(-2.096906679059,-8.317676449883,
    1.453019341212));
#5728 = CARTESIAN_POINT('',(-2.083183024306,-8.34596070587,
    1.481105392455));
#5729 = CARTESIAN_POINT('',(-2.069238226146,-8.374073457257,
    1.509224090774));
#5730 = CARTESIAN_POINT('',(-2.055097655342,-8.40201357263,
    1.537380728141));
#5731 = CARTESIAN_POINT('',(-2.040786628189,-8.429780262292,
    1.56558078759));
#5732 = PCURVE('',#107,#5733);
#5733 = DEFINITIONAL_REPRESENTATION('',(#5734),#5752);
#5734 = B_SPLINE_CURVE_WITH_KNOTS('',6,(#5735,#5736,#5737,#5738,#5739,
    #5740,#5741,#5742,#5743,#5744,#5745,#5746,#5747,#5748,#5749,#5750,
    #5751),.UNSPECIFIED.,.F.,.F.,(7,5,5,7),(0.,0.313908525457,
    0.858662634435,1.),.UNSPECIFIED.);
#5735 = CARTESIAN_POINT('',(-0.392699081699,-0.844021272475));
#5736 = CARTESIAN_POINT('',(-0.391373365008,-0.835772777098));
#5737 = CARTESIAN_POINT('',(-0.389464616428,-0.827577916655));
#5738 = CARTESIAN_POINT('',(-0.387034430657,-0.819452676907));
#5739 = CARTESIAN_POINT('',(-0.38414674799,-0.811406291963));
#5740 = CARTESIAN_POINT('',(-0.380863413826,-0.803442636178));
#5741 = CARTESIAN_POINT('',(-0.370951243146,-0.78188496266));
#5742 = CARTESIAN_POINT('',(-0.363639696713,-0.768460855235));
#5743 = CARTESIAN_POINT('',(-0.355593158061,-0.755278999546));
#5744 = CARTESIAN_POINT('',(-0.347051525244,-0.742309817254));
#5745 = CARTESIAN_POINT('',(-0.338201915783,-0.729515812158));
#5746 = CARTESIAN_POINT('',(-0.326867206822,-0.713559552384));
#5747 = CARTESIAN_POINT('',(-0.324522288674,-0.710281149722));
#5748 = CARTESIAN_POINT('',(-0.322170276361,-0.707010641867));
#5749 = CARTESIAN_POINT('',(-0.319813936251,-0.703747274162));
#5750 = CARTESIAN_POINT('',(-0.317455968802,-0.700490287989));
#5751 = CARTESIAN_POINT('',(-0.315099008567,-0.697238920763));
#5752 = ( GEOMETRIC_REPRESENTATION_CONTEXT(2) 
PARAMETRIC_REPRESENTATION_CONTEXT() REPRESENTATION_CONTEXT('2D SPACE',''
  ) );
#5753 = PCURVE('',#5754,#5763);
#5754 = B_SPLINE_SURFACE_WITH_KNOTS('',1,3,(
    (#5755,#5756,#5757,#5758)
    ,(#5759,#5760,#5761,#5762
    )),.UNSPECIFIED.,.F.,.F.,.F.,(2,2),(4,4),(0.,1.),(0.,1.),
  .PIECEWISE_BEZIER_KNOTS.);
#5755 = CARTESIAN_POINT('',(-2.832056680653,-8.687686800532,
    -1.446944832201));
#5756 = CARTESIAN_POINT('',(-2.926428678718,-9.227067327343,
    -0.965203855702));
#5757 = CARTESIAN_POINT('',(-2.724955020816,-9.773125600132,
    -0.481716056663));
#5758 = CARTESIAN_POINT('',(-2.480594601748,-10.24647414076,0.));
#5759 = CARTESIAN_POINT('',(-1.067648241684,-3.27514403234,
    4.955821212164));
#5760 = CARTESIAN_POINT('',(-1.103225247782,-3.478483419924,
    5.137431244908));
#5761 = CARTESIAN_POINT('',(-1.027272319977,-3.6843402302,5.31969980685)
  );
#5762 = CARTESIAN_POINT('',(-0.935151645438,-3.862786424644,
    5.501300445142));
#5763 = DEFINITIONAL_REPRESENTATION('',(#5764),#5782);
#5764 = B_SPLINE_CURVE_WITH_KNOTS('',6,(#5765,#5766,#5767,#5768,#5769,
    #5770,#5771,#5772,#5773,#5774,#5775,#5776,#5777,#5778,#5779,#5780,
    #5781),.UNSPECIFIED.,.F.,.F.,(7,5,5,7),(0.,0.313908525457,
    0.858662634435,1.),.UNSPECIFIED.);
#5765 = CARTESIAN_POINT('',(0.284583764003,0.));
#5766 = CARTESIAN_POINT('',(0.284586316756,5.213860410611E-02));
#5767 = CARTESIAN_POINT('',(0.284588892036,0.104495213091));
#5768 = CARTESIAN_POINT('',(0.284589889891,0.156959847463));
#5769 = CARTESIAN_POINT('',(0.284589163556,0.209451328643));
#5770 = CARTESIAN_POINT('',(0.28458734336,0.261916872353));
#5771 = CARTESIAN_POINT('',(0.284581372758,0.405291884174));
#5772 = CARTESIAN_POINT('',(0.28457648384,0.496074721295));
#5773 = CARTESIAN_POINT('',(0.284574427,0.586611432388));
#5774 = CARTESIAN_POINT('',(0.284579888235,0.676977636882));
#5775 = CARTESIAN_POINT('',(0.284590396924,0.767373236851));
#5776 = CARTESIAN_POINT('',(0.284593694126,0.881724129126));
#5777 = CARTESIAN_POINT('',(0.284593839661,0.905305922487));
#5778 = CARTESIAN_POINT('',(0.284593227561,0.928918312069));
#5779 = CARTESIAN_POINT('',(0.284591577753,0.952567196323));
#5780 = CARTESIAN_POINT('',(0.284588554021,0.976258865169));
#5781 = CARTESIAN_POINT('',(0.284583764003,1.));
#5782 = ( GEOMETRIC_REPRESENTATION_CONTEXT(2) 
PARAMETRIC_REPRESENTATION_CONTEXT() REPRESENTATION_CONTEXT('2D SPACE',''
  ) );
#5783 = ORIENTED_EDGE('',*,*,#5784,.T.);
#5784 = EDGE_CURVE('',#5711,#5785,#5787,.T.);
#5785 = VERTEX_POINT('',#5786);
#5786 = CARTESIAN_POINT('',(-1.340496248851,-8.5690766795,1.56558078759)
  );
#5787 = SURFACE_CURVE('',#5788,(#5794,#5803),.PCURVE_S1.);
#5788 = B_SPLINE_CURVE_WITH_KNOTS('',4,(#5789,#5790,#5791,#5792,#5793),
  .UNSPECIFIED.,.F.,.F.,(5,5),(0.,1.),.PIECEWISE_BEZIER_KNOTS.);
#5789 = CARTESIAN_POINT('',(-2.040786628189,-8.429780262292,
    1.56558078759));
#5790 = CARTESIAN_POINT('',(-1.867246847501,-8.471793319921,
    1.565581225341));
#5791 = CARTESIAN_POINT('',(-1.692553603671,-8.509041574244,
    1.565580009348));
#5792 = CARTESIAN_POINT('',(-1.516903801384,-8.541480884619,
    1.565581225341));
#5793 = CARTESIAN_POINT('',(-1.340496248851,-8.5690766795,1.56558078759)
  );
#5794 = PCURVE('',#107,#5795);
#5795 = DEFINITIONAL_REPRESENTATION('',(#5796),#5802);
#5796 = B_SPLINE_CURVE_WITH_KNOTS('',4,(#5797,#5798,#5799,#5800,#5801),
  .UNSPECIFIED.,.F.,.F.,(5,5),(0.,1.),.PIECEWISE_BEZIER_KNOTS.);
#5797 = CARTESIAN_POINT('',(-0.315099008567,-0.697238920763));
#5798 = CARTESIAN_POINT('',(-0.294512485365,-0.697238870292));
#5799 = CARTESIAN_POINT('',(-0.273925968418,-0.697239010492));
#5800 = CARTESIAN_POINT('',(-0.253339451467,-0.697238870292));
#5801 = CARTESIAN_POINT('',(-0.232752928267,-0.697238920763));
#5802 = ( GEOMETRIC_REPRESENTATION_CONTEXT(2) 
PARAMETRIC_REPRESENTATION_CONTEXT() REPRESENTATION_CONTEXT('2D SPACE',''
  ) );
#5803 = PCURVE('',#5804,#5813);
#5804 = B_SPLINE_SURFACE_WITH_KNOTS('',1,3,(
    (#5805,#5806,#5807,#5808)
    ,(#5809,#5810,#5811,#5812
    )),.UNSPECIFIED.,.F.,.F.,.F.,(2,2),(4,4),(0.,1.),(0.,1.),
  .PIECEWISE_BEZIER_KNOTS.);
#5805 = CARTESIAN_POINT('',(-2.480594601748,-10.24647414076,0.));
#5806 = CARTESIAN_POINT('',(-2.199342551869,-10.3145646372,0.));
#5807 = CARTESIAN_POINT('',(-1.915285430065,-10.37106711177,
    -3.552713678801E-15));
#5808 = CARTESIAN_POINT('',(-1.629385312816,-10.41579019556,0.));
#5809 = CARTESIAN_POINT('',(-0.935151645438,-3.862786424644,
    5.501300445142));
#5810 = CARTESIAN_POINT('',(-0.829123309715,-3.888455649168,
    5.501300445142));
#5811 = CARTESIAN_POINT('',(-0.722037498649,-3.90975634136,
    5.501300445142));
#5812 = CARTESIAN_POINT('',(-0.614256902461,-3.926616357649,
    5.501300445142));
#5813 = DEFINITIONAL_REPRESENTATION('',(#5814),#5820);
#5814 = B_SPLINE_CURVE_WITH_KNOTS('',4,(#5815,#5816,#5817,#5818,#5819),
  .UNSPECIFIED.,.F.,.F.,(5,5),(0.,1.),.PIECEWISE_BEZIER_KNOTS.);
#5815 = CARTESIAN_POINT('',(0.284583764003,0.));
#5816 = CARTESIAN_POINT('',(0.284583843575,0.249999983278));
#5817 = CARTESIAN_POINT('',(0.284583622538,0.499999999991));
#5818 = CARTESIAN_POINT('',(0.284583843575,0.750000016749));
#5819 = CARTESIAN_POINT('',(0.284583764003,1.));
#5820 = ( GEOMETRIC_REPRESENTATION_CONTEXT(2) 
PARAMETRIC_REPRESENTATION_CONTEXT() REPRESENTATION_CONTEXT('2D SPACE',''
  ) );
#5821 = ORIENTED_EDGE('',*,*,#5822,.T.);
#5822 = EDGE_CURVE('',#5785,#5823,#5825,.T.);
#5823 = VERTEX_POINT('',#5824);
#5824 = CARTESIAN_POINT('',(-0.582599204795,-7.494931643876,
    0.375178428735));
#5825 = SURFACE_CURVE('',#5826,(#5839,#5855),.PCURVE_S1.);
#5826 = B_SPLINE_CURVE_WITH_KNOTS('',6,(#5827,#5828,#5829,#5830,#5831,
    #5832,#5833,#5834,#5835,#5836,#5837,#5838),.UNSPECIFIED.,.F.,.F.,(7,
    5,7),(0.,0.732821001822,1.),.UNSPECIFIED.);
#5827 = CARTESIAN_POINT('',(-1.340496248851,-8.5690766795,1.56558078759)
  );
#5828 = CARTESIAN_POINT('',(-1.21683083835,-8.46444804804,1.41934451899)
  );
#5829 = CARTESIAN_POINT('',(-1.095723880314,-8.353848966224,
    1.274405507879));
#5830 = CARTESIAN_POINT('',(-0.980263807408,-8.235861065701,
    1.129728966902));
#5831 = CARTESIAN_POINT('',(-0.873820927925,-8.109480317667,
    0.984798777579));
#5832 = CARTESIAN_POINT('',(-0.780830421097,-7.974002109444,
    0.839319207037));
#5833 = CARTESIAN_POINT('',(-0.678576392059,-7.77649252117,
    0.640399002988));
#5834 = CARTESIAN_POINT('',(-0.653665345366,-7.722508065059,
    0.587229878439));
#5835 = CARTESIAN_POINT('',(-0.631390415317,-7.667318149178,
    0.534066548024));
#5836 = CARTESIAN_POINT('',(-0.611982611864,-7.610951584773,
    0.480955147275));
#5837 = CARTESIAN_POINT('',(-0.595658070941,-7.553461869313,
    0.427962523311));
#5838 = CARTESIAN_POINT('',(-0.582599204795,-7.494931643876,
    0.375178428735));
#5839 = PCURVE('',#107,#5840);
#5840 = DEFINITIONAL_REPRESENTATION('',(#5841),#5854);
#5841 = B_SPLINE_CURVE_WITH_KNOTS('',6,(#5842,#5843,#5844,#5845,#5846,
    #5847,#5848,#5849,#5850,#5851,#5852,#5853),.UNSPECIFIED.,.F.,.F.,(7,
    5,7),(0.,0.732821001822,1.),.UNSPECIFIED.);
#5842 = CARTESIAN_POINT('',(-0.232752928267,-0.697238920763));
#5843 = CARTESIAN_POINT('',(-0.220530504743,-0.71409944589));
#5844 = CARTESIAN_POINT('',(-0.208291600152,-0.731096065833));
#5845 = CARTESIAN_POINT('',(-0.196384287732,-0.748365776967));
#5846 = CARTESIAN_POINT('',(-0.18520790178,-0.766000031516));
#5847 = CARTESIAN_POINT('',(-0.175335063339,-0.784079307646));
#5848 = CARTESIAN_POINT('',(-0.164636051846,-0.809383935268));
#5849 = CARTESIAN_POINT('',(-0.162048593009,-0.816204354217));
#5850 = CARTESIAN_POINT('',(-0.159767831769,-0.823083228143));
#5851 = CARTESIAN_POINT('',(-0.157832316697,-0.830017160549));
#5852 = CARTESIAN_POINT('',(-0.156281359548,-0.836999814952));
#5853 = CARTESIAN_POINT('',(-0.155152855135,-0.844021272475));
#5854 = ( GEOMETRIC_REPRESENTATION_CONTEXT(2) 
PARAMETRIC_REPRESENTATION_CONTEXT() REPRESENTATION_CONTEXT('2D SPACE',''
  ) );
#5855 = PCURVE('',#5856,#5865);
#5856 = B_SPLINE_SURFACE_WITH_KNOTS('',1,3,(
    (#5857,#5858,#5859,#5860)
    ,(#5861,#5862,#5863,#5864
    )),.UNSPECIFIED.,.F.,.F.,.F.,(2,2),(4,4),(0.,1.),(0.,1.),
  .PIECEWISE_BEZIER_KNOTS.);
#5857 = CARTESIAN_POINT('',(-1.629385312816,-10.41579019556,0.));
#5858 = CARTESIAN_POINT('',(-1.222483078848,-10.07198585103,
    -0.481716056663));
#5859 = CARTESIAN_POINT('',(-0.827378235869,-9.644594420179,
    -0.965203855702));
#5860 = CARTESIAN_POINT('',(-0.708154601973,-9.110157191085,
    -1.446944832201));
#5861 = CARTESIAN_POINT('',(-0.614256902461,-3.926616357649,
    5.501300445142));
#5862 = CARTESIAN_POINT('',(-0.460860094551,-3.797006626872,
    5.31969980685));
#5863 = CARTESIAN_POINT('',(-0.311910748386,-3.635885660341,
    5.137431244908));
#5864 = CARTESIAN_POINT('',(-0.266965001372,-3.434409831191,
    4.955821212164));
#5865 = DEFINITIONAL_REPRESENTATION('',(#5866),#5879);
#5866 = B_SPLINE_CURVE_WITH_KNOTS('',6,(#5867,#5868,#5869,#5870,#5871,
    #5872,#5873,#5874,#5875,#5876,#5877,#5878),.UNSPECIFIED.,.F.,.F.,(7,
    5,7),(0.,0.732821001822,1.),.UNSPECIFIED.);
#5867 = CARTESIAN_POINT('',(0.284583764003,0.));
#5868 = CARTESIAN_POINT('',(0.284608603465,0.123113746488));
#5869 = CARTESIAN_POINT('',(0.284586033946,0.244788849949));
#5870 = CARTESIAN_POINT('',(0.284570522185,0.366182109511));
#5871 = CARTESIAN_POINT('',(0.284574414163,0.487848618308));
#5872 = CARTESIAN_POINT('',(0.284582841013,0.610014419282));
#5873 = CARTESIAN_POINT('',(0.284588436334,0.777109403475));
#5874 = CARTESIAN_POINT('',(0.284589369445,0.821777199665));
#5875 = CARTESIAN_POINT('',(0.284589345133,0.866445564172));
#5876 = CARTESIAN_POINT('',(0.284588126378,0.911076631245));
#5877 = CARTESIAN_POINT('',(0.284585937011,0.955617482057));
#5878 = CARTESIAN_POINT('',(0.284583764003,1.));
#5879 = ( GEOMETRIC_REPRESENTATION_CONTEXT(2) 
PARAMETRIC_REPRESENTATION_CONTEXT() REPRESENTATION_CONTEXT('2D SPACE',''
  ) );
#5880 = ORIENTED_EDGE('',*,*,#5881,.T.);
#5881 = EDGE_CURVE('',#5823,#260,#5882,.T.);
#5882 = SURFACE_CURVE('',#5883,(#5942,#6004),.PCURVE_S1.);
#5883 = B_SPLINE_CURVE_WITH_KNOTS('',5,(#5884,#5885,#5886,#5887,#5888,
    #5889,#5890,#5891,#5892,#5893,#5894,#5895,#5896,#5897,#5898,#5899,
    #5900,#5901,#5902,#5903,#5904,#5905,#5906,#5907,#5908,#5909,#5910,
    #5911,#5912,#5913,#5914,#5915,#5916,#5917,#5918,#5919,#5920,#5921,
    #5922,#5923,#5924,#5925,#5926,#5927,#5928,#5929,#5930,#5931,#5932,
    #5933,#5934,#5935,#5936,#5937,#5938,#5939,#5940,#5941),
  .UNSPECIFIED.,.F.,.F.,(6,4,4,4,4,4,4,4,4,4,4,4,4,4,6),(0.,
    6.762764430098E-02,0.10876349273,0.204619724329,0.292448119286,
    0.341079841941,0.392327180418,0.500328651331,0.607505621161,
    0.658752485736,0.70738304061,0.795218749522,0.891063088703,
    0.932191475985,1.),.UNSPECIFIED.);
#5884 = CARTESIAN_POINT('',(-0.582599204795,-7.494931643876,
    0.375178428735));
#5885 = CARTESIAN_POINT('',(-0.580749993678,-7.475989400919,
    0.35825960999));
#5886 = CARTESIAN_POINT('',(-0.577904080086,-7.45716679749,
    0.341474038779));
#5887 = CARTESIAN_POINT('',(-0.57401659601,-7.438511789157,
    0.324859551293));
#5888 = CARTESIAN_POINT('',(-0.569048746582,-7.4200806244,0.308461226631
    ));
#5889 = CARTESIAN_POINT('',(-0.559284606613,-7.390898728711,
    0.282517899557));
#5890 = CARTESIAN_POINT('',(-0.555183467906,-7.379967592146,
    0.272804560676));
#5891 = CARTESIAN_POINT('',(-0.550668821902,-7.369156447454,
    0.263201542047));
#5892 = CARTESIAN_POINT('',(-0.545737858131,-7.358479839277,
    0.253720825897));
#5893 = CARTESIAN_POINT('',(-0.527929082206,-7.323422057361,
    0.222596489847));
#5894 = CARTESIAN_POINT('',(-0.51320411327,-7.299699836645,
    0.201546833092));
#5895 = CARTESIAN_POINT('',(-0.496216069639,-7.276982725679,0.1813897464
    ));
#5896 = CARTESIAN_POINT('',(-0.477043823243,-7.255449983075,
    0.162277200756));
#5897 = CARTESIAN_POINT('',(-0.436443252373,-7.216747606339,
    0.127907407786));
#5898 = CARTESIAN_POINT('',(-0.415335242424,-7.199360675716,
    0.112458735271));
#5899 = CARTESIAN_POINT('',(-0.392659408697,-7.183207163395,
    9.809525337825E-02));
#5900 = CARTESIAN_POINT('',(-0.368582192244,-7.168362773911,
    8.488536982745E-02));
#5901 = CARTESIAN_POINT('',(-0.329282409671,-7.147411320625,
    6.62270280027E-02));
#5902 = CARTESIAN_POINT('',(-0.314903064094,-7.140361248244,
    5.99455645411E-02));
#5903 = CARTESIAN_POINT('',(-0.300180848292,-7.133735808947,
    5.403967690123E-02));
#5904 = CARTESIAN_POINT('',(-0.2851467383,-7.12754078233,
    4.851501329875E-02));
#5905 = CARTESIAN_POINT('',(-0.253693338079,-7.115708785696,
    3.795915109601E-02));
#5906 = CARTESIAN_POINT('',(-0.237242933412,-7.110119857674,
    3.297055824365E-02));
#5907 = CARTESIAN_POINT('',(-0.220516883804,-7.10501701324,
    2.841382524349E-02));
#5908 = CARTESIAN_POINT('',(-0.203550562807,-7.100402776607,
    2.429182976384E-02));
#5909 = CARTESIAN_POINT('',(-0.150189165423,-7.087585560014,
    1.283835060489E-02));
#5910 = CARTESIAN_POINT('',(-0.113088133803,-7.081068180279,
    7.008639977695E-03));
#5911 = CARTESIAN_POINT('',(-7.539203205586E-02,-7.076734824343,
    3.130233677805E-03));
#5912 = CARTESIAN_POINT('',(-3.740659354161E-02,-7.074581141106,
    1.202711707155E-03));
#5913 = CARTESIAN_POINT('',(3.827254456678E-02,-7.074634016078,
    1.250034524531E-03));
#5914 = CARTESIAN_POINT('',(7.596270663138E-02,-7.076807410104,
    3.195198118126E-03));
#5915 = CARTESIAN_POINT('',(0.113364735947,-7.081127365561,
    7.061569885611E-03));
#5916 = CARTESIAN_POINT('',(0.15017980672,-7.08759807461,
    1.284949822234E-02));
#5917 = CARTESIAN_POINT('',(0.203273051872,-7.100329145486,
    2.422604965401E-02));
#5918 = CARTESIAN_POINT('',(0.220242233425,-7.104936958461,
    2.834232742486E-02));
#5919 = CARTESIAN_POINT('',(0.236971492367,-7.11003338801,
    3.289335672329E-02));
#5920 = CARTESIAN_POINT('',(0.253425461881,-7.115615920292,
    3.787626936575E-02));
#5921 = CARTESIAN_POINT('',(0.284886286272,-7.127435432031,
    4.842105562853E-02));
#5922 = CARTESIAN_POINT('',(0.299924227629,-7.133624353332,
    5.394030850987E-02));
#5923 = CARTESIAN_POINT('',(0.314650613092,-7.140243717198,
    5.984081773233E-02));
#5924 = CARTESIAN_POINT('',(0.329034467939,-7.147287760034,
    6.611694888522E-02));
#5925 = CARTESIAN_POINT('',(0.368350562396,-7.168223923246,
    8.476179119867E-02));
#5926 = CARTESIAN_POINT('',(0.392440078463,-7.183059489168,
    9.796390454417E-02));
#5927 = CARTESIAN_POINT('',(0.415128971918,-7.199204782618,
    0.112320161378));
#5928 = CARTESIAN_POINT('',(0.436250649171,-7.216584211269,
    0.127762243923));
#5929 = CARTESIAN_POINT('',(0.476876249315,-7.255268391553,0.16211600288
    ));
#5930 = CARTESIAN_POINT('',(0.496060771925,-7.276790036805,
    0.181218748428));
#5931 = CARTESIAN_POINT('',(0.513062238006,-7.29949664947,0.201366541242
    ));
#5932 = CARTESIAN_POINT('',(0.527801478612,-7.323209128445,
    0.222407530619));
#5933 = CARTESIAN_POINT('',(0.545631126347,-7.358253555592,
    0.253519897487));
#5934 = CARTESIAN_POINT('',(0.550568291684,-7.368925864889,
    0.262996751885));
#5935 = CARTESIAN_POINT('',(0.555089264349,-7.37973285124,0.272596020843
    ));
#5936 = CARTESIAN_POINT('',(0.559196831825,-7.39065997426,0.2823057247)
  );
#5937 = CARTESIAN_POINT('',(0.568995554154,-7.419883457851,
    0.308285807019));
#5938 = CARTESIAN_POINT('',(0.573985382433,-7.438362113525,
    0.324726247959));
#5939 = CARTESIAN_POINT('',(0.577888850101,-7.45706611598,0.341384253466
    ));
#5940 = CARTESIAN_POINT('',(0.580745048071,-7.475938740996,
    0.358214361597));
#5941 = CARTESIAN_POINT('',(0.582599204795,-7.494931643876,
    0.375178428735));
#5942 = PCURVE('',#107,#5943);
#5943 = DEFINITIONAL_REPRESENTATION('',(#5944),#6003);
#5944 = B_SPLINE_CURVE_WITH_KNOTS('',5,(#5945,#5946,#5947,#5948,#5949,
    #5950,#5951,#5952,#5953,#5954,#5955,#5956,#5957,#5958,#5959,#5960,
    #5961,#5962,#5963,#5964,#5965,#5966,#5967,#5968,#5969,#5970,#5971,
    #5972,#5973,#5974,#5975,#5976,#5977,#5978,#5979,#5980,#5981,#5982,
    #5983,#5984,#5985,#5986,#5987,#5988,#5989,#5990,#5991,#5992,#5993,
    #5994,#5995,#5996,#5997,#5998,#5999,#6000,#6001,#6002),
  .UNSPECIFIED.,.F.,.F.,(6,4,4,4,4,4,4,4,4,4,4,4,4,4,6),(0.,
    6.762764430098E-02,0.10876349273,0.204619724329,0.292448119286,
    0.341079841941,0.392327180418,0.500328651331,0.607505621161,
    0.658752485736,0.70738304061,0.795218749522,0.891063088703,
    0.932191475985,1.),.UNSPECIFIED.);
#5945 = CARTESIAN_POINT('',(-0.155152855135,-0.844021272475));
#5946 = CARTESIAN_POINT('',(-0.155102885144,-0.846271851331));
#5947 = CARTESIAN_POINT('',(-0.154919180006,-0.848511826099));
#5948 = CARTESIAN_POINT('',(-0.154593608393,-0.850736053928));
#5949 = CARTESIAN_POINT('',(-0.154118550118,-0.852938295247));
#5950 = CARTESIAN_POINT('',(-0.153105136082,-0.856433139436));
#5951 = CARTESIAN_POINT('',(-0.152664480664,-0.85774414206));
#5952 = CARTESIAN_POINT('',(-0.152165178556,-0.859042718094));
#5953 = CARTESIAN_POINT('',(-0.1516062947,-0.860327151846));
#5954 = CARTESIAN_POINT('',(-0.149544687752,-0.864551526725));
#5955 = CARTESIAN_POINT('',(-0.147775242056,-0.867421233772));
#5956 = CARTESIAN_POINT('',(-0.145672038216,-0.870181098775));
#5957 = CARTESIAN_POINT('',(-0.143239758639,-0.872808291657));
#5958 = CARTESIAN_POINT('',(-0.137986142559,-0.877549214699));
#5959 = CARTESIAN_POINT('',(-0.135214048665,-0.879687880436));
#5960 = CARTESIAN_POINT('',(-0.132196629322,-0.881682831563));
#5961 = CARTESIAN_POINT('',(-0.12895613414,-0.883522690722));
#5962 = CARTESIAN_POINT('',(-0.123616198595,-0.886127473456));
#5963 = CARTESIAN_POINT('',(-0.121652855426,-0.887005709716));
#5964 = CARTESIAN_POINT('',(-0.11963368124,-0.887832546248));
#5965 = CARTESIAN_POINT('',(-0.11756331668,-0.888606931229));
#5966 = CARTESIAN_POINT('',(-0.113215995791,-0.89008806294));
#5967 = CARTESIAN_POINT('',(-0.11093389743,-0.89078892127));
#5968 = CARTESIAN_POINT('',(-0.10860589087,-0.891429796246));
#5969 = CARTESIAN_POINT('',(-0.106237597279,-0.892010045528));
#5970 = CARTESIAN_POINT('',(-9.877055470322E-02,-0.893623501293));
#5971 = CARTESIAN_POINT('',(-9.355283271338E-02,-0.894446593139));
#5972 = CARTESIAN_POINT('',(-8.823321547464E-02,-0.894994817605));
#5973 = CARTESIAN_POINT('',(-8.286387145336E-02,-0.895267273084));
#5974 = CARTESIAN_POINT('',(-7.216658098752E-02,-0.895260583975));
#5975 = CARTESIAN_POINT('',(-6.683913600395E-02,-0.894985634806));
#5976 = CARTESIAN_POINT('',(-6.156120681674E-02,-0.894439123004));
#5977 = CARTESIAN_POINT('',(-5.638377054056E-02,-0.893621942352));
#5978 = CARTESIAN_POINT('',(-4.895401508084E-02,-0.892019306597));
#5979 = CARTESIAN_POINT('',(-4.658523689314E-02,-0.891439855403));
#5980 = CARTESIAN_POINT('',(-4.425668971713E-02,-0.890799774322));
#5981 = CARTESIAN_POINT('',(-4.197399462429E-02,-0.890099704101));
#5982 = CARTESIAN_POINT('',(-3.762543329187E-02,-0.888620103836));
#5983 = CARTESIAN_POINT('',(-3.555442925243E-02,-0.887846464546));
#5984 = CARTESIAN_POINT('',(-3.353456412086E-02,-0.887020366487));
#5985 = CARTESIAN_POINT('',(-3.157047938835E-02,-0.886142859382));
#5986 = CARTESIAN_POINT('',(-2.622795665481E-02,-0.883539909992));
#5987 = CARTESIAN_POINT('',(-2.298554755385E-02,-0.881701093727));
#5988 = CARTESIAN_POINT('',(-1.996611451804E-02,-0.87970710034));
#5989 = CARTESIAN_POINT('',(-1.719193627151E-02,-0.877569295239));
#5990 = CARTESIAN_POINT('',(-1.193445426458E-02,-0.872830465605));
#5991 = CARTESIAN_POINT('',(-9.500257640809E-03,-0.870204549235));
#5992 = CARTESIAN_POINT('',(-7.394998961128E-03,-0.867445877597));
#5993 = CARTESIAN_POINT('',(-5.623410551176E-03,-0.864577265833));
#5994 = CARTESIAN_POINT('',(-3.558716864012E-03,-0.860354383927));
#5995 = CARTESIAN_POINT('',(-2.998916306614E-03,-0.859070432524));
#5996 = CARTESIAN_POINT('',(-2.498686534013E-03,-0.857772321485));
#5997 = CARTESIAN_POINT('',(-2.057095954156E-03,-0.856461766309));
#5998 = CARTESIAN_POINT('',(-1.039393619518E-03,-0.852961853827));
#5999 = CARTESIAN_POINT('',(-5.618619853491E-04,-0.850753899774));
#6000 = CARTESIAN_POINT('',(-2.346587403924E-04,-0.848523807678));
#6001 = CARTESIAN_POINT('',(-5.010363345823E-05,-0.846277870373));
#6002 = CARTESIAN_POINT('',(-8.815828800555E-17,-0.844021272475));
#6003 = ( GEOMETRIC_REPRESENTATION_CONTEXT(2) 
PARAMETRIC_REPRESENTATION_CONTEXT() REPRESENTATION_CONTEXT('2D SPACE',''
  ) );
#6004 = PCURVE('',#6005,#6014);
#6005 = B_SPLINE_SURFACE_WITH_KNOTS('',1,3,(
    (#6006,#6007,#6008,#6009)
    ,(#6010,#6011,#6012,#6013
    )),.UNSPECIFIED.,.F.,.F.,.F.,(2,2),(4,4),(0.,1.),(0.,1.),
  .PIECEWISE_BEZIER_KNOTS.);
#6006 = CARTESIAN_POINT('',(-0.708154601973,-9.110157191085,
    -1.446944832201));
#6007 = CARTESIAN_POINT('',(-0.641667996651,-8.42884439174,
    -2.052873367937));
#6008 = CARTESIAN_POINT('',(0.641667996651,-8.42884439174,
    -2.052873367937));
#6009 = CARTESIAN_POINT('',(0.708154601973,-9.110157191085,
    -1.446944832201));
#6010 = CARTESIAN_POINT('',(-0.266965001372,-3.434409831191,
    4.955821212164));
#6011 = CARTESIAN_POINT('',(-0.241900422774,-3.177563837526,
    4.727394097628));
#6012 = CARTESIAN_POINT('',(0.241900422774,-3.177563837526,
    4.727394097628));
#6013 = CARTESIAN_POINT('',(0.266965001372,-3.434409831191,
    4.955821212164));
#6014 = DEFINITIONAL_REPRESENTATION('',(#6015),#6074);
#6015 = B_SPLINE_CURVE_WITH_KNOTS('',5,(#6016,#6017,#6018,#6019,#6020,
    #6021,#6022,#6023,#6024,#6025,#6026,#6027,#6028,#6029,#6030,#6031,
    #6032,#6033,#6034,#6035,#6036,#6037,#6038,#6039,#6040,#6041,#6042,
    #6043,#6044,#6045,#6046,#6047,#6048,#6049,#6050,#6051,#6052,#6053,
    #6054,#6055,#6056,#6057,#6058,#6059,#6060,#6061,#6062,#6063,#6064,
    #6065,#6066,#6067,#6068,#6069,#6070,#6071,#6072,#6073),
  .UNSPECIFIED.,.F.,.F.,(6,4,4,4,4,4,4,4,4,4,4,4,4,4,6),(0.,
    6.762764430098E-02,0.10876349273,0.204619724329,0.292448119286,
    0.341079841941,0.392327180418,0.500328651331,0.607505621161,
    0.658752485736,0.70738304061,0.795218749522,0.891063088703,
    0.932191475985,1.),.UNSPECIFIED.);
#6016 = CARTESIAN_POINT('',(0.284583764003,0.));
#6017 = CARTESIAN_POINT('',(0.284577436635,1.128611295287E-02));
#6018 = CARTESIAN_POINT('',(0.284573453755,2.281147711779E-02));
#6019 = CARTESIAN_POINT('',(0.284571395006,3.457605059442E-02));
#6020 = CARTESIAN_POINT('',(0.284570828464,4.657619989726E-02));
#6021 = CARTESIAN_POINT('',(0.284571677356,6.623994771499E-02));
#6022 = CARTESIAN_POINT('',(0.28457240357,7.376086858815E-02));
#6023 = CARTESIAN_POINT('',(0.284573444612,8.136356748678E-02));
#6024 = CARTESIAN_POINT('',(0.284574717245,8.904534551062E-02));
#6025 = CARTESIAN_POINT('',(0.28457947306,0.114879658646));
#6026 = CARTESIAN_POINT('',(0.284583647947,0.133370021491));
#6027 = CARTESIAN_POINT('',(0.284587706794,0.152225291793));
#6028 = CARTESIAN_POINT('',(0.284590998674,0.171392073642));
#6029 = CARTESIAN_POINT('',(0.284595394638,0.208587994698));
#6030 = CARTESIAN_POINT('',(0.284596658401,0.226580756636));
#6031 = CARTESIAN_POINT('',(0.28459689554,0.244731134955));
#6032 = CARTESIAN_POINT('',(0.284596200335,0.262998586143));
#6033 = CARTESIAN_POINT('',(0.284594010507,0.291506704126));
#6034 = CARTESIAN_POINT('',(0.284593010503,0.301691633275));
#6035 = CARTESIAN_POINT('',(0.284591829416,0.311896188983));
#6036 = CARTESIAN_POINT('',(0.284590511622,0.322115815542));
#6037 = CARTESIAN_POINT('',(0.284587627565,0.343128392768));
#6038 = CARTESIAN_POINT('',(0.28458605077,0.353922604638));
#6039 = CARTESIAN_POINT('',(0.284584435484,0.364725567387));
#6040 = CARTESIAN_POINT('',(0.284582836969,0.375534318266));
#6041 = CARTESIAN_POINT('',(0.284578083368,0.409134140809));
#6042 = CARTESIAN_POINT('',(0.284575162078,0.431937145902));
#6043 = CARTESIAN_POINT('',(0.28457302094,0.45474184454));
#6044 = CARTESIAN_POINT('',(0.284571961223,0.47754388032));
#6045 = CARTESIAN_POINT('',(0.284571987268,0.522975971675));
#6046 = CARTESIAN_POINT('',(0.284573056744,0.545603973453));
#6047 = CARTESIAN_POINT('',(0.284575187685,0.568234549252));
#6048 = CARTESIAN_POINT('',(0.284578084914,0.590863405733));
#6049 = CARTESIAN_POINT('',(0.284582811123,0.624289317912));
#6050 = CARTESIAN_POINT('',(0.284584409219,0.635098036404));
#6051 = CARTESIAN_POINT('',(0.284586024627,0.645900991877));
#6052 = CARTESIAN_POINT('',(0.28458760211,0.656695228857));
#6053 = CARTESIAN_POINT('',(0.284590488573,0.677707783259));
#6054 = CARTESIAN_POINT('',(0.284591808033,0.687927358051));
#6055 = CARTESIAN_POINT('',(0.284592991285,0.698131906246));
#6056 = CARTESIAN_POINT('',(0.284593993917,0.708316879649));
#6057 = CARTESIAN_POINT('',(0.284596192372,0.73682725713));
#6058 = CARTESIAN_POINT('',(0.284596894307,0.755097038228));
#6059 = CARTESIAN_POINT('',(0.284596664542,0.773249958433));
#6060 = CARTESIAN_POINT('',(0.284595407936,0.791245491616));
#6061 = CARTESIAN_POINT('',(0.284591024991,0.828443655298));
#6062 = CARTESIAN_POINT('',(0.28458773917,0.847610052577));
#6063 = CARTESIAN_POINT('',(0.284583684064,0.866465336696));
#6064 = CARTESIAN_POINT('',(0.28457950887,0.884956095689));
#6065 = CARTESIAN_POINT('',(0.284574745015,0.910791005723));
#6066 = CARTESIAN_POINT('',(0.284573469017,0.918472721672));
#6067 = CARTESIAN_POINT('',(0.284572423484,0.926075424836));
#6068 = CARTESIAN_POINT('',(0.284571691545,0.933596412054));
#6069 = CARTESIAN_POINT('',(0.284570822467,0.953295412594));
#6070 = CARTESIAN_POINT('',(0.28457137853,0.965329550888));
#6071 = CARTESIAN_POINT('',(0.284573432467,0.977126871769));
#6072 = CARTESIAN_POINT('',(0.284577419713,0.988683702997));
#6073 = CARTESIAN_POINT('',(0.284583764003,1.));
#6074 = ( GEOMETRIC_REPRESENTATION_CONTEXT(2) 
PARAMETRIC_REPRESENTATION_CONTEXT() REPRESENTATION_CONTEXT('2D SPACE',''
  ) );
#6075 = ORIENTED_EDGE('',*,*,#259,.F.);
#6076 = ADVANCED_FACE('',(#6077),#327,.F.);
#6077 = FACE_BOUND('',#6078,.F.);
#6078 = EDGE_LOOP('',(#6079,#6101,#6102,#6124));
#6079 = ORIENTED_EDGE('',*,*,#6080,.F.);
#6080 = EDGE_CURVE('',#284,#6081,#6083,.T.);
#6081 = VERTEX_POINT('',#6082);
#6082 = CARTESIAN_POINT('',(0.748075006527,-4.782044036636,4.77609800971
    ));
#6083 = SURFACE_CURVE('',#6084,(#6087,#6094),.PCURVE_S1.);
#6084 = B_SPLINE_CURVE_WITH_KNOTS('',1,(#6085,#6086),.UNSPECIFIED.,.F.,
  .F.,(2,2),(0.,1.),.PIECEWISE_BEZIER_KNOTS.);
#6085 = CARTESIAN_POINT('',(1.629385312816,-10.41579019556,0.));
#6086 = CARTESIAN_POINT('',(0.614256902461,-3.926616357649,
    5.501300445142));
#6087 = PCURVE('',#327,#6088);
#6088 = DEFINITIONAL_REPRESENTATION('',(#6089),#6093);
#6089 = LINE('',#6090,#6091);
#6090 = CARTESIAN_POINT('',(0.,1.));
#6091 = VECTOR('',#6092,1.);
#6092 = DIRECTION('',(1.,0.));
#6093 = ( GEOMETRIC_REPRESENTATION_CONTEXT(2) 
PARAMETRIC_REPRESENTATION_CONTEXT() REPRESENTATION_CONTEXT('2D SPACE',''
  ) );
#6094 = PCURVE('',#377,#6095);
#6095 = DEFINITIONAL_REPRESENTATION('',(#6096),#6100);
#6096 = LINE('',#6097,#6098);
#6097 = CARTESIAN_POINT('',(0.,0.));
#6098 = VECTOR('',#6099,1.);
#6099 = DIRECTION('',(1.,0.));
#6100 = ( GEOMETRIC_REPRESENTATION_CONTEXT(2) 
PARAMETRIC_REPRESENTATION_CONTEXT() REPRESENTATION_CONTEXT('2D SPACE',''
  ) );
#6101 = ORIENTED_EDGE('',*,*,#283,.F.);
#6102 = ORIENTED_EDGE('',*,*,#6103,.T.);
#6103 = EDGE_CURVE('',#260,#6104,#6106,.T.);
#6104 = VERTEX_POINT('',#6105);
#6105 = CARTESIAN_POINT('',(0.32512429953,-4.18260852518,4.111784138534)
  );
#6106 = SURFACE_CURVE('',#6107,(#6110,#6117),.PCURVE_S1.);
#6107 = B_SPLINE_CURVE_WITH_KNOTS('',1,(#6108,#6109),.UNSPECIFIED.,.F.,
  .F.,(2,2),(0.,1.),.PIECEWISE_BEZIER_KNOTS.);
#6108 = CARTESIAN_POINT('',(0.708154601973,-9.110157191085,
    -1.446944832201));
#6109 = CARTESIAN_POINT('',(0.266965001372,-3.434409831191,
    4.955821212164));
#6110 = PCURVE('',#327,#6111);
#6111 = DEFINITIONAL_REPRESENTATION('',(#6112),#6116);
#6112 = LINE('',#6113,#6114);
#6113 = CARTESIAN_POINT('',(0.,0.));
#6114 = VECTOR('',#6115,1.);
#6115 = DIRECTION('',(1.,0.));
#6116 = ( GEOMETRIC_REPRESENTATION_CONTEXT(2) 
PARAMETRIC_REPRESENTATION_CONTEXT() REPRESENTATION_CONTEXT('2D SPACE',''
  ) );
#6117 = PCURVE('',#6005,#6118);
#6118 = DEFINITIONAL_REPRESENTATION('',(#6119),#6123);
#6119 = LINE('',#6120,#6121);
#6120 = CARTESIAN_POINT('',(0.,1.));
#6121 = VECTOR('',#6122,1.);
#6122 = DIRECTION('',(1.,0.));
#6123 = ( GEOMETRIC_REPRESENTATION_CONTEXT(2) 
PARAMETRIC_REPRESENTATION_CONTEXT() REPRESENTATION_CONTEXT('2D SPACE',''
  ) );
#6124 = ORIENTED_EDGE('',*,*,#6125,.T.);
#6125 = EDGE_CURVE('',#6104,#6081,#6126,.T.);
#6126 = SURFACE_CURVE('',#6127,(#6142,#6160),.PCURVE_S1.);
#6127 = B_SPLINE_CURVE_WITH_KNOTS('',7,(#6128,#6129,#6130,#6131,#6132,
    #6133,#6134,#6135,#6136,#6137,#6138,#6139,#6140,#6141),
  .UNSPECIFIED.,.F.,.F.,(8,6,8),(0.,0.850488671275,1.),.UNSPECIFIED.);
#6128 = CARTESIAN_POINT('',(0.32512429953,-4.18260852518,4.111784138534)
  );
#6129 = CARTESIAN_POINT('',(0.345044940124,-4.271893427243,
    4.192303608254));
#6130 = CARTESIAN_POINT('',(0.378116573797,-4.356567915065,
    4.273314981966));
#6131 = CARTESIAN_POINT('',(0.422349369984,-4.43629027539,4.354277796412
    ));
#6132 = CARTESIAN_POINT('',(0.475277172109,-4.511048834641,
    4.435014621113));
#6133 = CARTESIAN_POINT('',(0.53460462358,-4.581041442799,4.51553502448)
  );
#6134 = CARTESIAN_POINT('',(0.598378707537,-4.646655776161,4.59598191961
    ));
#6135 = CARTESIAN_POINT('',(0.676559092027,-4.719301156907,
    4.690848278394));
#6136 = CARTESIAN_POINT('',(0.688330301927,-4.730042613977,
    4.705037212259));
#6137 = CARTESIAN_POINT('',(0.700173930122,-4.74066676413,4.719232515882
    ));
#6138 = CARTESIAN_POINT('',(0.712080071014,-4.75117623286,4.733435219274
    ));
#6139 = CARTESIAN_POINT('',(0.724038851847,-4.76157372774,4.747646351217
    ));
#6140 = CARTESIAN_POINT('',(0.736040432709,-4.771862038422,
    4.761866939257));
#6141 = CARTESIAN_POINT('',(0.748075006527,-4.782044036636,4.77609800971
    ));
#6142 = PCURVE('',#327,#6143);
#6143 = DEFINITIONAL_REPRESENTATION('',(#6144),#6159);
#6144 = B_SPLINE_CURVE_WITH_KNOTS('',7,(#6145,#6146,#6147,#6148,#6149,
    #6150,#6151,#6152,#6153,#6154,#6155,#6156,#6157,#6158),
  .UNSPECIFIED.,.F.,.F.,(8,6,8),(0.,0.850488671275,1.),.UNSPECIFIED.);
#6145 = CARTESIAN_POINT('',(0.868176180766,0.));
#6146 = CARTESIAN_POINT('',(0.868179495579,0.121319391965));
#6147 = CARTESIAN_POINT('',(0.86818288786,0.243256137944));
#6148 = CARTESIAN_POINT('',(0.868175989237,0.365136108507));
#6149 = CARTESIAN_POINT('',(0.868168348892,0.486634324676));
#6150 = CARTESIAN_POINT('',(0.868169537288,0.607730113803));
#6151 = CARTESIAN_POINT('',(0.868178832591,0.728696897599));
#6152 = CARTESIAN_POINT('',(0.868181617035,0.871521280372));
#6153 = CARTESIAN_POINT('',(0.868181817795,0.892887783683));
#6154 = CARTESIAN_POINT('',(0.868181721623,0.914269387915));
#6155 = CARTESIAN_POINT('',(0.86818123116,0.935668667315));
#6156 = CARTESIAN_POINT('',(0.868180233068,0.957088309532));
#6157 = CARTESIAN_POINT('',(0.868178598033,0.978531115612));
#6158 = CARTESIAN_POINT('',(0.868176180766,1.));
#6159 = ( GEOMETRIC_REPRESENTATION_CONTEXT(2) 
PARAMETRIC_REPRESENTATION_CONTEXT() REPRESENTATION_CONTEXT('2D SPACE',''
  ) );
#6160 = PCURVE('',#200,#6161);
#6161 = DEFINITIONAL_REPRESENTATION('',(#6162),#6177);
#6162 = B_SPLINE_CURVE_WITH_KNOTS('',7,(#6163,#6164,#6165,#6166,#6167,
    #6168,#6169,#6170,#6171,#6172,#6173,#6174,#6175,#6176),
  .UNSPECIFIED.,.F.,.F.,(8,6,8),(0.,0.850488671275,1.),.UNSPECIFIED.);
#6163 = CARTESIAN_POINT('',(-6.28318530718,-0.844021272475));
#6164 = CARTESIAN_POINT('',(-6.280100545982,-0.824828153271));
#6165 = CARTESIAN_POINT('',(-6.273960580911,-0.806001163112));
#6166 = CARTESIAN_POINT('',(-6.265498698758,-0.787624249037));
#6167 = CARTESIAN_POINT('',(-6.255418823161,-0.769685293494));
#6168 = CARTESIAN_POINT('',(-6.244276427125,-0.752142172638));
#6169 = CARTESIAN_POINT('',(-6.232510020993,-0.734930933104));
#6170 = CARTESIAN_POINT('',(-6.218366400419,-0.71498070132));
#6171 = CARTESIAN_POINT('',(-6.21624395193,-0.71200585927));
#6172 = CARTESIAN_POINT('',(-6.214115744225,-0.709038614187));
#6173 = CARTESIAN_POINT('',(-6.211983799569,-0.706078626572));
#6174 = CARTESIAN_POINT('',(-6.209850104728,-0.703125564074));
#6175 = CARTESIAN_POINT('',(-6.207716610966,-0.70017910149));
#6176 = CARTESIAN_POINT('',(-6.205585234048,-0.697238920763));
#6177 = ( GEOMETRIC_REPRESENTATION_CONTEXT(2) 
PARAMETRIC_REPRESENTATION_CONTEXT() REPRESENTATION_CONTEXT('2D SPACE',''
  ) );
#6178 = ADVANCED_FACE('',(#6179),#377,.F.);
#6179 = FACE_BOUND('',#6180,.F.);
#6180 = EDGE_LOOP('',(#6181,#6182,#6183,#6213));
#6181 = ORIENTED_EDGE('',*,*,#357,.F.);
#6182 = ORIENTED_EDGE('',*,*,#6080,.T.);
#6183 = ORIENTED_EDGE('',*,*,#6184,.T.);
#6184 = EDGE_CURVE('',#6081,#6185,#6187,.T.);
#6185 = VERTEX_POINT('',#6186);
#6186 = CARTESIAN_POINT('',(1.138877838347,-4.70430852018,4.77609800971)
  );
#6187 = SURFACE_CURVE('',#6188,(#6194,#6203),.PCURVE_S1.);
#6188 = B_SPLINE_CURVE_WITH_KNOTS('',4,(#6189,#6190,#6191,#6192,#6193),
  .UNSPECIFIED.,.F.,.F.,(5,5),(0.,1.),.PIECEWISE_BEZIER_KNOTS.);
#6189 = CARTESIAN_POINT('',(0.748075006527,-4.782044036636,4.77609800971
    ));
#6190 = CARTESIAN_POINT('',(0.846520748729,-4.76664426269,4.77609800971)
  );
#6191 = CARTESIAN_POINT('',(0.94454342085,-4.748540441667,4.77609800971)
  );
#6192 = CARTESIAN_POINT('',(1.042032593712,-4.727754538753,4.77609800971
    ));
#6193 = CARTESIAN_POINT('',(1.138877838347,-4.70430852018,4.77609800971)
  );
#6194 = PCURVE('',#377,#6195);
#6195 = DEFINITIONAL_REPRESENTATION('',(#6196),#6202);
#6196 = B_SPLINE_CURVE_WITH_KNOTS('',4,(#6197,#6198,#6199,#6200,#6201),
  .UNSPECIFIED.,.F.,.F.,(5,5),(0.,1.),.PIECEWISE_BEZIER_KNOTS.);
#6197 = CARTESIAN_POINT('',(0.868176180766,0.));
#6198 = CARTESIAN_POINT('',(0.868176180766,0.24999999594));
#6199 = CARTESIAN_POINT('',(0.868176180766,0.5));
#6200 = CARTESIAN_POINT('',(0.868176180766,0.75000000406));
#6201 = CARTESIAN_POINT('',(0.868176180766,1.));
#6202 = ( GEOMETRIC_REPRESENTATION_CONTEXT(2) 
PARAMETRIC_REPRESENTATION_CONTEXT() REPRESENTATION_CONTEXT('2D SPACE',''
  ) );
#6203 = PCURVE('',#200,#6204);
#6204 = DEFINITIONAL_REPRESENTATION('',(#6205),#6212);
#6205 = B_SPLINE_CURVE_WITH_KNOTS('',5,(#6206,#6207,#6208,#6209,#6210,
    #6211),.UNSPECIFIED.,.F.,.F.,(6,6),(0.,1.),
  .PIECEWISE_BEZIER_KNOTS.);
#6206 = CARTESIAN_POINT('',(-6.205585234048,-0.697238920763));
#6207 = CARTESIAN_POINT('',(-6.189116014652,-0.697238880386));
#6208 = CARTESIAN_POINT('',(-6.172646806566,-0.69723895441));
#6209 = CARTESIAN_POINT('',(-6.156177581229,-0.69723895441));
#6210 = CARTESIAN_POINT('',(-6.139708373144,-0.697238880386));
#6211 = CARTESIAN_POINT('',(-6.123239153748,-0.697238920763));
#6212 = ( GEOMETRIC_REPRESENTATION_CONTEXT(2) 
PARAMETRIC_REPRESENTATION_CONTEXT() REPRESENTATION_CONTEXT('2D SPACE',''
  ) );
#6213 = ORIENTED_EDGE('',*,*,#6214,.F.);
#6214 = EDGE_CURVE('',#358,#6185,#6215,.T.);
#6215 = SURFACE_CURVE('',#6216,(#6219,#6226),.PCURVE_S1.);
#6216 = B_SPLINE_CURVE_WITH_KNOTS('',1,(#6217,#6218),.UNSPECIFIED.,.F.,
  .F.,(2,2),(0.,1.),.PIECEWISE_BEZIER_KNOTS.);
#6217 = CARTESIAN_POINT('',(2.480594601748,-10.24647414076,0.));
#6218 = CARTESIAN_POINT('',(0.935151645438,-3.862786424644,
    5.501300445142));
#6219 = PCURVE('',#377,#6220);
#6220 = DEFINITIONAL_REPRESENTATION('',(#6221),#6225);
#6221 = LINE('',#6222,#6223);
#6222 = CARTESIAN_POINT('',(0.,1.));
#6223 = VECTOR('',#6224,1.);
#6224 = DIRECTION('',(1.,0.));
#6225 = ( GEOMETRIC_REPRESENTATION_CONTEXT(2) 
PARAMETRIC_REPRESENTATION_CONTEXT() REPRESENTATION_CONTEXT('2D SPACE',''
  ) );
#6226 = PCURVE('',#429,#6227);
#6227 = DEFINITIONAL_REPRESENTATION('',(#6228),#6232);
#6228 = LINE('',#6229,#6230);
#6229 = CARTESIAN_POINT('',(0.,0.));
#6230 = VECTOR('',#6231,1.);
#6231 = DIRECTION('',(1.,0.));
#6232 = ( GEOMETRIC_REPRESENTATION_CONTEXT(2) 
PARAMETRIC_REPRESENTATION_CONTEXT() REPRESENTATION_CONTEXT('2D SPACE',''
  ) );
#6233 = ADVANCED_FACE('',(#6234),#429,.F.);
#6234 = FACE_BOUND('',#6235,.F.);
#6235 = EDGE_LOOP('',(#6236,#6237,#6238,#6288));
#6236 = ORIENTED_EDGE('',*,*,#395,.F.);
#6237 = ORIENTED_EDGE('',*,*,#6214,.T.);
#6238 = ORIENTED_EDGE('',*,*,#6239,.T.);
#6239 = EDGE_CURVE('',#6185,#6240,#6242,.T.);
#6240 = VERTEX_POINT('',#6241);
#6241 = CARTESIAN_POINT('',(1.300239300797,-3.98864609181,4.111784138534
    ));
#6242 = SURFACE_CURVE('',#6243,(#6256,#6272),.PCURVE_S1.);
#6243 = B_SPLINE_CURVE_WITH_KNOTS('',6,(#6244,#6245,#6246,#6247,#6248,
    #6249,#6250,#6251,#6252,#6253,#6254,#6255),.UNSPECIFIED.,.F.,.F.,(7,
    5,7),(0.,0.745763293513,1.),.UNSPECIFIED.);
#6244 = CARTESIAN_POINT('',(1.138877838347,-4.70430852018,4.77609800971)
  );
#6245 = CARTESIAN_POINT('',(1.180903248648,-4.62276954235,4.693286408823
    ));
#6246 = CARTESIAN_POINT('',(1.220423526999,-4.538301372753,
    4.610893146003));
#6247 = CARTESIAN_POINT('',(1.255286517521,-4.451046037349,
    4.528585136526));
#6248 = CARTESIAN_POINT('',(1.283323207306,-4.361367927451,
    4.446177548998));
#6249 = CARTESIAN_POINT('',(1.302005159792,-4.269960344183,
    4.363549823726));
#6250 = CARTESIAN_POINT('',(1.311164917011,-4.14628371717,4.252610885413
    ));
#6251 = CARTESIAN_POINT('',(1.312115797947,-4.114751792274,
    4.224400242545));
#6252 = CARTESIAN_POINT('',(1.311590959517,-4.083172166961,4.19619304277
    ));
#6253 = CARTESIAN_POINT('',(1.309493941313,-4.051592282946,
    4.168004836074));
#6254 = CARTESIAN_POINT('',(1.305735477965,-4.020064738894,
    4.139858297607));
#6255 = CARTESIAN_POINT('',(1.300239300797,-3.98864609181,4.111784138534
    ));
#6256 = PCURVE('',#429,#6257);
#6257 = DEFINITIONAL_REPRESENTATION('',(#6258),#6271);
#6258 = B_SPLINE_CURVE_WITH_KNOTS('',6,(#6259,#6260,#6261,#6262,#6263,
    #6264,#6265,#6266,#6267,#6268,#6269,#6270),.UNSPECIFIED.,.F.,.F.,(7,
    5,7),(0.,0.745763293513,1.),.UNSPECIFIED.);
#6259 = CARTESIAN_POINT('',(0.868176180766,0.));
#6260 = CARTESIAN_POINT('',(0.868190247014,0.124928949744));
#6261 = CARTESIAN_POINT('',(0.868177102039,0.248869831192));
#6262 = CARTESIAN_POINT('',(0.868168239925,0.372619599586));
#6263 = CARTESIAN_POINT('',(0.868171177296,0.496589388816));
#6264 = CARTESIAN_POINT('',(0.868176084749,0.620926916061));
#6265 = CARTESIAN_POINT('',(0.868178901352,0.787921084313));
#6266 = CARTESIAN_POINT('',(0.868179296179,0.830390744355));
#6267 = CARTESIAN_POINT('',(0.868179193195,0.872860278073));
#6268 = CARTESIAN_POINT('',(0.868178498828,0.915307224886));
#6269 = CARTESIAN_POINT('',(0.868177336519,0.957700418041));
#6270 = CARTESIAN_POINT('',(0.868176180766,1.));
#6271 = ( GEOMETRIC_REPRESENTATION_CONTEXT(2) 
PARAMETRIC_REPRESENTATION_CONTEXT() REPRESENTATION_CONTEXT('2D SPACE',''
  ) );
#6272 = PCURVE('',#200,#6273);
#6273 = DEFINITIONAL_REPRESENTATION('',(#6274),#6287);
#6274 = B_SPLINE_CURVE_WITH_KNOTS('',6,(#6275,#6276,#6277,#6278,#6279,
    #6280,#6281,#6282,#6283,#6284,#6285,#6286),.UNSPECIFIED.,.F.,.F.,(7,
    5,7),(0.,0.745763293513,1.),.UNSPECIFIED.);
#6275 = CARTESIAN_POINT('',(-6.123239153748,-0.697238920763));
#6276 = CARTESIAN_POINT('',(-6.110836521404,-0.714348039414));
#6277 = CARTESIAN_POINT('',(-6.098367938834,-0.731664893678));
#6278 = CARTESIAN_POINT('',(-6.086235667991,-0.749281027594));
#6279 = CARTESIAN_POINT('',(-6.074892709334,-0.767267592497));
#6280 = CARTESIAN_POINT('',(-6.064945546454,-0.785695815282));
#6281 = CARTESIAN_POINT('',(-6.054503374486,-0.811036195214));
#6282 = CARTESIAN_POINT('',(-6.052100213483,-0.817531754315));
#6283 = CARTESIAN_POINT('',(-6.049979075203,-0.824080355554));
#6284 = CARTESIAN_POINT('',(-6.048172603086,-0.830680600504));
#6285 = CARTESIAN_POINT('',(-6.046714622679,-0.837329342144));
#6286 = CARTESIAN_POINT('',(-6.045639080616,-0.844021272475));
#6287 = ( GEOMETRIC_REPRESENTATION_CONTEXT(2) 
PARAMETRIC_REPRESENTATION_CONTEXT() REPRESENTATION_CONTEXT('2D SPACE',''
  ) );
#6288 = ORIENTED_EDGE('',*,*,#6289,.F.);
#6289 = EDGE_CURVE('',#396,#6240,#6290,.T.);
#6290 = SURFACE_CURVE('',#6291,(#6294,#6301),.PCURVE_S1.);
#6291 = B_SPLINE_CURVE_WITH_KNOTS('',1,(#6292,#6293),.UNSPECIFIED.,.F.,
  .F.,(2,2),(0.,1.),.PIECEWISE_BEZIER_KNOTS.);
#6292 = CARTESIAN_POINT('',(2.832056680653,-8.687686800532,
    -1.446944832201));
#6293 = CARTESIAN_POINT('',(1.067648241684,-3.27514403234,4.955821212164
    ));
#6294 = PCURVE('',#429,#6295);
#6295 = DEFINITIONAL_REPRESENTATION('',(#6296),#6300);
#6296 = LINE('',#6297,#6298);
#6297 = CARTESIAN_POINT('',(0.,1.));
#6298 = VECTOR('',#6299,1.);
#6299 = DIRECTION('',(1.,0.));
#6300 = ( GEOMETRIC_REPRESENTATION_CONTEXT(2) 
PARAMETRIC_REPRESENTATION_CONTEXT() REPRESENTATION_CONTEXT('2D SPACE',''
  ) );
#6301 = PCURVE('',#580,#6302);
#6302 = DEFINITIONAL_REPRESENTATION('',(#6303),#6307);
#6303 = LINE('',#6304,#6305);
#6304 = CARTESIAN_POINT('',(0.,0.));
#6305 = VECTOR('',#6306,1.);
#6306 = DIRECTION('',(1.,0.));
#6307 = ( GEOMETRIC_REPRESENTATION_CONTEXT(2) 
PARAMETRIC_REPRESENTATION_CONTEXT() REPRESENTATION_CONTEXT('2D SPACE',''
  ) );
#6308 = ADVANCED_FACE('',(#6309),#580,.F.);
#6309 = FACE_BOUND('',#6310,.F.);
#6310 = EDGE_LOOP('',(#6311,#6312,#6313,#6468));
#6311 = ORIENTED_EDGE('',*,*,#454,.F.);
#6312 = ORIENTED_EDGE('',*,*,#6289,.T.);
#6313 = ORIENTED_EDGE('',*,*,#6314,.T.);
#6314 = EDGE_CURVE('',#6240,#6315,#6317,.T.);
#6315 = VERTEX_POINT('',#6316);
#6316 = CARTESIAN_POINT('',(1.900990672513,-3.739806726031,
    4.111784138534));
#6317 = SURFACE_CURVE('',#6318,(#6366,#6417),.PCURVE_S1.);
#6318 = B_SPLINE_CURVE_WITH_KNOTS('',6,(#6319,#6320,#6321,#6322,#6323,
    #6324,#6325,#6326,#6327,#6328,#6329,#6330,#6331,#6332,#6333,#6334,
    #6335,#6336,#6337,#6338,#6339,#6340,#6341,#6342,#6343,#6344,#6345,
    #6346,#6347,#6348,#6349,#6350,#6351,#6352,#6353,#6354,#6355,#6356,
    #6357,#6358,#6359,#6360,#6361,#6362,#6363,#6364,#6365),
  .UNSPECIFIED.,.F.,.F.,(7,5,5,5,5,5,5,5,5,7),(0.,4.541151420709E-02,
    0.145542360874,0.311563863681,0.500327512634,0.628188310345,
    0.689214407295,0.854282254435,0.955163069392,1.),.UNSPECIFIED.);
#6319 = CARTESIAN_POINT('',(1.300239300797,-3.98864609181,4.111784138534
    ));
#6320 = CARTESIAN_POINT('',(1.298407055739,-3.982624624828,
    4.106189013558));
#6321 = CARTESIAN_POINT('',(1.296762406283,-3.976571125052,
    4.100636542847));
#6322 = CARTESIAN_POINT('',(1.295309282157,-3.970488956244,
    4.095130279997));
#6323 = CARTESIAN_POINT('',(1.294051178565,-3.964381774964,
    4.089673889121));
#6324 = CARTESIAN_POINT('',(1.292991156195,-3.958253530568,
    4.084271144844));
#6325 = CARTESIAN_POINT('',(1.290237080879,-3.938558804785,
    4.067139920184));
#6326 = CARTESIAN_POINT('',(1.289317905806,-3.92492637836,4.055632747292
    ));
#6327 = CARTESIAN_POINT('',(1.289402424217,-3.911258396556,
    4.044447495635));
#6328 = CARTESIAN_POINT('',(1.290504951656,-3.897605647507,
    4.033626175526));
#6329 = CARTESIAN_POINT('',(1.292624363509,-3.88402185718,4.023208895321
    ));
#6330 = CARTESIAN_POINT('',(1.300912372788,-3.848247734062,
    3.996692594154));
#6331 = CARTESIAN_POINT('',(1.308829831392,-3.826269140305,
    3.981360787198));
#6332 = CARTESIAN_POINT('',(1.319411438241,-3.804888517708,
    3.967412113586));
#6333 = CARTESIAN_POINT('',(1.33245963449,-3.784328809902,3.95496044763)
  );
#6334 = CARTESIAN_POINT('',(1.347709488856,-3.764779238963,
    3.944074824462));
#6335 = CARTESIAN_POINT('',(1.384392962893,-3.725502879164,
    3.924244487275));
#6336 = CARTESIAN_POINT('',(1.406389015637,-3.706116500861,
    3.915768597429));
#6337 = CARTESIAN_POINT('',(1.430465688961,-3.688450385322,
    3.909412320719));
#6338 = CARTESIAN_POINT('',(1.456207500572,-3.672673693466,
    3.905183635676));
#6339 = CARTESIAN_POINT('',(1.483223062638,-3.658937275268,
    3.903078259391));
#6340 = CARTESIAN_POINT('',(1.530064449663,-3.639573268557,
    3.903109954101));
#6341 = CARTESIAN_POINT('',(1.549394728636,-3.632760644691,
    3.904097420523));
#6342 = CARTESIAN_POINT('',(1.569024739169,-3.627002376122,
    3.906059391028));
#6343 = CARTESIAN_POINT('',(1.588836384954,-3.622349506047,
    3.908996432914));
#6344 = CARTESIAN_POINT('',(1.608707913535,-3.618853951951,
    3.912907709258));
#6345 = CARTESIAN_POINT('',(1.637966450354,-3.615473476972,3.92011853878
    ));
#6346 = CARTESIAN_POINT('',(1.647404099924,-3.614656301578,
    3.922669073049));
#6347 = CARTESIAN_POINT('',(1.656812517632,-3.614119661287,
    3.925439958777));
#6348 = CARTESIAN_POINT('',(1.666177402274,-3.613868739807,
    3.928430300876));
#6349 = CARTESIAN_POINT('',(1.675484104408,-3.613908367202,
    3.931638797362));
#6350 = CARTESIAN_POINT('',(1.709693131316,-3.615148212944,
    3.944327772785));
#6351 = CARTESIAN_POINT('',(1.734141419305,-3.618212201729,3.95517850764
    ));
#6352 = CARTESIAN_POINT('',(1.75775272459,-3.623521636365,3.967576214274
    ));
#6353 = CARTESIAN_POINT('',(1.780211639851,-3.63112847959,3.981452634144
    ));
#6354 = CARTESIAN_POINT('',(1.801226149345,-3.64101471575,3.996695651955
    ));
#6355 = CARTESIAN_POINT('',(1.832370458115,-3.660416709195,
    4.023180204746));
#6356 = CARTESIAN_POINT('',(1.843557615704,-3.668582926352,
    4.033674692211));
#6357 = CARTESIAN_POINT('',(1.854064379359,-3.677528420317,
    4.044579218163));
#6358 = CARTESIAN_POINT('',(1.863851133821,-3.687215125826,
    4.055852762752));
#6359 = CARTESIAN_POINT('',(1.8728916541,-3.697595889471,4.067452362012)
  );
#6360 = CARTESIAN_POINT('',(1.884852750389,-3.713514162675,
    4.084614806173));
#6361 = CARTESIAN_POINT('',(1.888383159965,-3.718538671163,
    4.089951526751));
#6362 = CARTESIAN_POINT('',(1.89176250458,-3.723685002165,4.095340397608
    ));
#6363 = CARTESIAN_POINT('',(1.894990192603,-3.728948382346,
    4.100777788636));
#6364 = CARTESIAN_POINT('',(1.898066120436,-3.734323944197,
    4.106260175279));
#6365 = CARTESIAN_POINT('',(1.900990672513,-3.739806726031,
    4.111784138534));
#6366 = PCURVE('',#580,#6367);
#6367 = DEFINITIONAL_REPRESENTATION('',(#6368),#6416);
#6368 = B_SPLINE_CURVE_WITH_KNOTS('',6,(#6369,#6370,#6371,#6372,#6373,
    #6374,#6375,#6376,#6377,#6378,#6379,#6380,#6381,#6382,#6383,#6384,
    #6385,#6386,#6387,#6388,#6389,#6390,#6391,#6392,#6393,#6394,#6395,
    #6396,#6397,#6398,#6399,#6400,#6401,#6402,#6403,#6404,#6405,#6406,
    #6407,#6408,#6409,#6410,#6411,#6412,#6413,#6414,#6415),
  .UNSPECIFIED.,.F.,.F.,(7,5,5,5,5,5,5,5,5,7),(0.,4.541151420709E-02,
    0.145542360874,0.311563863681,0.500327512634,0.628188310345,
    0.689214407295,0.854282254435,0.955163069392,1.),.UNSPECIFIED.);
#6369 = CARTESIAN_POINT('',(0.868176180766,0.));
#6370 = CARTESIAN_POINT('',(0.868174088279,6.688128432744E-03));
#6371 = CARTESIAN_POINT('',(0.868172443606,1.343588145387E-02));
#6372 = CARTESIAN_POINT('',(0.868171198914,2.024227433277E-02));
#6373 = CARTESIAN_POINT('',(0.868170307927,2.710609268641E-02));
#6374 = CARTESIAN_POINT('',(0.868169725926,3.40258924793E-02));
#6375 = CARTESIAN_POINT('',(0.868168712581,5.637767032032E-02));
#6376 = CARTESIAN_POINT('',(0.868169309032,7.202049101638E-02));
#6377 = CARTESIAN_POINT('',(0.868170738397,8.790835000488E-02));
#6378 = CARTESIAN_POINT('',(0.868172599625,0.104019003834));
#6379 = CARTESIAN_POINT('',(0.868174573676,0.120327041431));
#6380 = CARTESIAN_POINT('',(0.868179550086,0.164120484978));
#6381 = CARTESIAN_POINT('',(0.868182380207,0.191907555912));
#6382 = CARTESIAN_POINT('',(0.868183907956,0.220023062049));
#6383 = CARTESIAN_POINT('',(0.868183952438,0.24835692831));
#6384 = CARTESIAN_POINT('',(0.868182839112,0.276822155081));
#6385 = CARTESIAN_POINT('',(0.868179034479,0.337779203889));
#6386 = CARTESIAN_POINT('',(0.868176142704,0.370292006968));
#6387 = CARTESIAN_POINT('',(0.868173078663,0.402821111413));
#6388 = CARTESIAN_POINT('',(0.868170749924,0.435339370018));
#6389 = CARTESIAN_POINT('',(0.868169591023,0.467840511218));
#6390 = CARTESIAN_POINT('',(0.868169608466,0.522365519797));
#6391 = CARTESIAN_POINT('',(0.868170150948,0.544383037874));
#6392 = CARTESIAN_POINT('',(0.86817123274,0.566404277608));
#6393 = CARTESIAN_POINT('',(0.868172750823,0.58843000126));
#6394 = CARTESIAN_POINT('',(0.868174525478,0.610456759948));
#6395 = CARTESIAN_POINT('',(0.868177191979,0.642986457542));
#6396 = CARTESIAN_POINT('',(0.868178060994,0.653494358319));
#6397 = CARTESIAN_POINT('',(0.868178912266,0.663999240937));
#6398 = CARTESIAN_POINT('',(0.868179720727,0.674499453353));
#6399 = CARTESIAN_POINT('',(0.868180461503,0.684992826335));
#6400 = CARTESIAN_POINT('',(0.868182863774,0.723834149375));
#6401 = CARTESIAN_POINT('',(0.868183949275,0.752131523867));
#6402 = CARTESIAN_POINT('',(0.868183886067,0.780297933531));
#6403 = CARTESIAN_POINT('',(0.868182359058,0.808247618728));
#6404 = CARTESIAN_POINT('',(0.868179549234,0.83587229185));
#6405 = CARTESIAN_POINT('',(0.868174579229,0.879633015595));
#6406 = CARTESIAN_POINT('',(0.868172589179,0.896062464888));
#6407 = CARTESIAN_POINT('',(0.868170713259,0.91229153387));
#6408 = CARTESIAN_POINT('',(0.868169278041,0.928294254405));
#6409 = CARTESIAN_POINT('',(0.868168694457,0.944047932498));
#6410 = CARTESIAN_POINT('',(0.868169763446,0.966414065723));
#6411 = CARTESIAN_POINT('',(0.8681703536,0.973243042612));
#6412 = CARTESIAN_POINT('',(0.868171246595,0.980017399361));
#6413 = CARTESIAN_POINT('',(0.868172485509,0.986735751966));
#6414 = CARTESIAN_POINT('',(0.868174114892,0.993396934677));
#6415 = CARTESIAN_POINT('',(0.868176180766,1.));
#6416 = ( GEOMETRIC_REPRESENTATION_CONTEXT(2) 
PARAMETRIC_REPRESENTATION_CONTEXT() REPRESENTATION_CONTEXT('2D SPACE',''
  ) );
#6417 = PCURVE('',#200,#6418);
#6418 = DEFINITIONAL_REPRESENTATION('',(#6419),#6467);
#6419 = B_SPLINE_CURVE_WITH_KNOTS('',6,(#6420,#6421,#6422,#6423,#6424,
    #6425,#6426,#6427,#6428,#6429,#6430,#6431,#6432,#6433,#6434,#6435,
    #6436,#6437,#6438,#6439,#6440,#6441,#6442,#6443,#6444,#6445,#6446,
    #6447,#6448,#6449,#6450,#6451,#6452,#6453,#6454,#6455,#6456,#6457,
    #6458,#6459,#6460,#6461,#6462,#6463,#6464,#6465,#6466),
  .UNSPECIFIED.,.F.,.F.,(7,5,5,5,5,5,5,5,5,7),(0.,4.541151420709E-02,
    0.145542360874,0.311563863681,0.500327512634,0.628188310345,
    0.689214407295,0.854282254435,0.955163069392,1.),.UNSPECIFIED.);
#6420 = CARTESIAN_POINT('',(-6.045639080616,-0.844021272475));
#6421 = CARTESIAN_POINT('',(-6.045609468497,-0.845354961097));
#6422 = CARTESIAN_POINT('',(-6.045534869866,-0.84668088294));
#6423 = CARTESIAN_POINT('',(-6.04541433648,-0.847998143046));
#6424 = CARTESIAN_POINT('',(-6.045247039098,-0.849305809169));
#6425 = CARTESIAN_POINT('',(-6.045032267486,-0.850602911775));
#6426 = CARTESIAN_POINT('',(-6.0441898836,-0.854722999016));
#6427 = CARTESIAN_POINT('',(-6.043376633115,-0.85750150913));
#6428 = CARTESIAN_POINT('',(-6.042323516591,-0.860212841387));
#6429 = CARTESIAN_POINT('',(-6.041027884078,-0.862845838122));
#6430 = CARTESIAN_POINT('',(-6.039491279011,-0.865389576474));
#6431 = CARTESIAN_POINT('',(-6.034783455561,-0.871885976342));
#6432 = CARTESIAN_POINT('',(-6.031201042171,-0.875665486737));
#6433 = CARTESIAN_POINT('',(-6.027002209015,-0.879123575965));
#6434 = CARTESIAN_POINT('',(-6.022246503438,-0.882225460062));
#6435 = CARTESIAN_POINT('',(-6.017013083288,-0.884947550461));
#6436 = CARTESIAN_POINT('',(-6.004996884351,-0.889920950878));
#6437 = CARTESIAN_POINT('',(-5.998099434469,-0.892057000931));
#6438 = CARTESIAN_POINT('',(-5.990819423647,-0.89366433978));
#6439 = CARTESIAN_POINT('',(-5.983288340251,-0.894735429218));
#6440 = CARTESIAN_POINT('',(-5.975634820236,-0.895268701781));
#6441 = CARTESIAN_POINT('',(-5.962796541455,-0.895260673827));
#6442 = CARTESIAN_POINT('',(-5.957612800647,-0.895010559637));
#6443 = CARTESIAN_POINT('',(-5.952468122428,-0.894513613434));
#6444 = CARTESIAN_POINT('',(-5.947402036855,-0.893770276404));
#6445 = CARTESIAN_POINT('',(-5.942454358857,-0.892781899072));
#6446 = CARTESIAN_POINT('',(-5.935378120938,-0.890963878749));
#6447 = CARTESIAN_POINT('',(-5.933127878548,-0.890321340927));
#6448 = CARTESIAN_POINT('',(-5.93091795488,-0.889623941607));
#6449 = CARTESIAN_POINT('',(-5.92875265817,-0.888872111687));
#6450 = CARTESIAN_POINT('',(-5.926636254165,-0.888066407639));
#6451 = CARTESIAN_POINT('',(-5.918992033844,-0.884884306484));
#6452 = CARTESIAN_POINT('',(-5.91379778381,-0.882171161183));
#6453 = CARTESIAN_POINT('',(-5.909076746506,-0.879082938679));
#6454 = CARTESIAN_POINT('',(-5.904906544099,-0.875642922816));
#6455 = CARTESIAN_POINT('',(-5.901345589918,-0.871885342896));
#6456 = CARTESIAN_POINT('',(-5.896636524558,-0.865396535411));
#6457 = CARTESIAN_POINT('',(-5.895088267083,-0.862833928551));
#6458 = CARTESIAN_POINT('',(-5.893784604548,-0.86018074065));
#6459 = CARTESIAN_POINT('',(-5.89272709925,-0.857448142113));
#6460 = CARTESIAN_POINT('',(-5.891912996576,-0.854647541388));
#6461 = CARTESIAN_POINT('',(-5.891079457177,-0.850520408559));
#6462 = CARTESIAN_POINT('',(-5.890869801211,-0.849239273461));
#6463 = CARTESIAN_POINT('',(-5.890706393072,-0.847947877894));
#6464 = CARTESIAN_POINT('',(-5.890588546125,-0.846647154046));
#6465 = CARTESIAN_POINT('',(-5.890515460978,-0.845337998549));
#6466 = CARTESIAN_POINT('',(-5.890486225481,-0.844021272475));
#6467 = ( GEOMETRIC_REPRESENTATION_CONTEXT(2) 
PARAMETRIC_REPRESENTATION_CONTEXT() REPRESENTATION_CONTEXT('2D SPACE',''
  ) );
#6468 = ORIENTED_EDGE('',*,*,#6469,.F.);
#6469 = EDGE_CURVE('',#455,#6315,#6470,.T.);
#6470 = SURFACE_CURVE('',#6471,(#6474,#6481),.PCURVE_S1.);
#6471 = B_SPLINE_CURVE_WITH_KNOTS('',1,(#6472,#6473),.UNSPECIFIED.,.F.,
  .F.,(2,2),(0.,1.),.PIECEWISE_BEZIER_KNOTS.);
#6472 = CARTESIAN_POINT('',(4.140555765887,-8.145688733075,
    -1.446944832201));
#6473 = CARTESIAN_POINT('',(1.560935243013,-3.070817866247,
    4.955821212164));
#6474 = PCURVE('',#580,#6475);
#6475 = DEFINITIONAL_REPRESENTATION('',(#6476),#6480);
#6476 = LINE('',#6477,#6478);
#6477 = CARTESIAN_POINT('',(0.,1.));
#6478 = VECTOR('',#6479,1.);
#6479 = DIRECTION('',(1.,0.));
#6480 = ( GEOMETRIC_REPRESENTATION_CONTEXT(2) 
PARAMETRIC_REPRESENTATION_CONTEXT() REPRESENTATION_CONTEXT('2D SPACE',''
  ) );
#6481 = PCURVE('',#695,#6482);
#6482 = DEFINITIONAL_REPRESENTATION('',(#6483),#6487);
#6483 = LINE('',#6484,#6485);
#6484 = CARTESIAN_POINT('',(0.,0.));
#6485 = VECTOR('',#6486,1.);
#6486 = DIRECTION('',(1.,0.));
#6487 = ( GEOMETRIC_REPRESENTATION_CONTEXT(2) 
PARAMETRIC_REPRESENTATION_CONTEXT() REPRESENTATION_CONTEXT('2D SPACE',''
  ) );
#6488 = ADVANCED_FACE('',(#6489),#695,.F.);
#6489 = FACE_BOUND('',#6490,.F.);
#6490 = EDGE_LOOP('',(#6491,#6513,#6514,#6515));
#6491 = ORIENTED_EDGE('',*,*,#6492,.F.);
#6492 = EDGE_CURVE('',#652,#6493,#6495,.T.);
#6493 = VERTEX_POINT('',#6494);
#6494 = CARTESIAN_POINT('',(2.521140212975,-4.131756697851,4.77609800971
    ));
#6495 = SURFACE_CURVE('',#6496,(#6499,#6506),.PCURVE_S1.);
#6496 = B_SPLINE_CURVE_WITH_KNOTS('',1,(#6497,#6498),.UNSPECIFIED.,.F.,
  .F.,(2,2),(0.,1.),.PIECEWISE_BEZIER_KNOTS.);
#6497 = CARTESIAN_POINT('',(5.491306083917,-8.999396612458,0.));
#6498 = CARTESIAN_POINT('',(2.070150405214,-3.392654545068,
    5.501300445142));
#6499 = PCURVE('',#695,#6500);
#6500 = DEFINITIONAL_REPRESENTATION('',(#6501),#6505);
#6501 = LINE('',#6502,#6503);
#6502 = CARTESIAN_POINT('',(0.,1.));
#6503 = VECTOR('',#6504,1.);
#6504 = DIRECTION('',(1.,0.));
#6505 = ( GEOMETRIC_REPRESENTATION_CONTEXT(2) 
PARAMETRIC_REPRESENTATION_CONTEXT() REPRESENTATION_CONTEXT('2D SPACE',''
  ) );
#6506 = PCURVE('',#745,#6507);
#6507 = DEFINITIONAL_REPRESENTATION('',(#6508),#6512);
#6508 = LINE('',#6509,#6510);
#6509 = CARTESIAN_POINT('',(0.,0.));
#6510 = VECTOR('',#6511,1.);
#6511 = DIRECTION('',(1.,0.));
#6512 = ( GEOMETRIC_REPRESENTATION_CONTEXT(2) 
PARAMETRIC_REPRESENTATION_CONTEXT() REPRESENTATION_CONTEXT('2D SPACE',''
  ) );
#6513 = ORIENTED_EDGE('',*,*,#651,.F.);
#6514 = ORIENTED_EDGE('',*,*,#6469,.T.);
#6515 = ORIENTED_EDGE('',*,*,#6516,.T.);
#6516 = EDGE_CURVE('',#6315,#6493,#6517,.T.);
#6517 = SURFACE_CURVE('',#6518,(#6533,#6551),.PCURVE_S1.);
#6518 = B_SPLINE_CURVE_WITH_KNOTS('',7,(#6519,#6520,#6521,#6522,#6523,
    #6524,#6525,#6526,#6527,#6528,#6529,#6530,#6531,#6532),
  .UNSPECIFIED.,.F.,.F.,(8,6,8),(0.,0.850488658167,1.),.UNSPECIFIED.);
#6519 = CARTESIAN_POINT('',(1.900990672513,-3.739806726031,
    4.111784138534));
#6520 = CARTESIAN_POINT('',(1.953562796601,-3.814671919337,
    4.192303607011));
#6521 = CARTESIAN_POINT('',(2.016520524562,-3.880244978408,
    4.273314979469));
#6522 = CARTESIAN_POINT('',(2.087894724753,-3.936971676527,4.35427779267
    ));
#6523 = CARTESIAN_POINT('',(2.165402498411,-3.985784985928,
    4.435014616137));
#6524 = CARTESIAN_POINT('',(2.24699892656,-4.027746091043,4.515535018274
    ));
#6525 = CARTESIAN_POINT('',(2.331028014252,-4.063960545217,
    4.595981912168));
#6526 = CARTESIAN_POINT('',(2.431057454867,-4.101157788239,
    4.690848270932));
#6527 = CARTESIAN_POINT('',(2.446043213731,-4.106576954102,
    4.705037206038));
#6528 = CARTESIAN_POINT('',(2.461050986967,-4.111860029198,
    4.719232510902));
#6529 = CARTESIAN_POINT('',(2.47607262773,-4.117013229877,4.733435215538
    ));
#6530 = CARTESIAN_POINT('',(2.491100050922,-4.122042835751,
    4.747646348724));
#6531 = CARTESIAN_POINT('',(2.5061252332,-4.126955189696,4.76186693801)
  );
#6532 = CARTESIAN_POINT('',(2.521140212975,-4.131756697851,4.77609800971
    ));
#6533 = PCURVE('',#695,#6534);
#6534 = DEFINITIONAL_REPRESENTATION('',(#6535),#6550);
#6535 = B_SPLINE_CURVE_WITH_KNOTS('',7,(#6536,#6537,#6538,#6539,#6540,
    #6541,#6542,#6543,#6544,#6545,#6546,#6547,#6548,#6549),
  .UNSPECIFIED.,.F.,.F.,(8,6,8),(0.,0.850488658167,1.),.UNSPECIFIED.);
#6536 = CARTESIAN_POINT('',(0.868176180766,0.));
#6537 = CARTESIAN_POINT('',(0.868179495579,0.121319390093));
#6538 = CARTESIAN_POINT('',(0.86818288786,0.243256134186));
#6539 = CARTESIAN_POINT('',(0.868175989237,0.365136102874));
#6540 = CARTESIAN_POINT('',(0.868168348892,0.486634317188));
#6541 = CARTESIAN_POINT('',(0.868169537288,0.60773010447));
#6542 = CARTESIAN_POINT('',(0.868178832591,0.72869688641));
#6543 = CARTESIAN_POINT('',(0.868181617035,0.871521269135));
#6544 = CARTESIAN_POINT('',(0.868181817795,0.892887774313));
#6545 = CARTESIAN_POINT('',(0.868181721624,0.914269380412));
#6546 = CARTESIAN_POINT('',(0.868181231161,0.935668661683));
#6547 = CARTESIAN_POINT('',(0.868180233068,0.957088305773));
#6548 = CARTESIAN_POINT('',(0.868178598033,0.97853111373));
#6549 = CARTESIAN_POINT('',(0.868176180766,1.));
#6550 = ( GEOMETRIC_REPRESENTATION_CONTEXT(2) 
PARAMETRIC_REPRESENTATION_CONTEXT() REPRESENTATION_CONTEXT('2D SPACE',''
  ) );
#6551 = PCURVE('',#200,#6552);
#6552 = DEFINITIONAL_REPRESENTATION('',(#6553),#6568);
#6553 = B_SPLINE_CURVE_WITH_KNOTS('',7,(#6554,#6555,#6556,#6557,#6558,
    #6559,#6560,#6561,#6562,#6563,#6564,#6565,#6566,#6567),
  .UNSPECIFIED.,.F.,.F.,(8,6,8),(0.,0.850488658167,1.),.UNSPECIFIED.);
#6554 = CARTESIAN_POINT('',(-5.890486225481,-0.844021272475));
#6555 = CARTESIAN_POINT('',(-5.887401464331,-0.824828153567));
#6556 = CARTESIAN_POINT('',(-5.881261499402,-0.806001163693));
#6557 = CARTESIAN_POINT('',(-5.872799617451,-0.787624249886));
#6558 = CARTESIAN_POINT('',(-5.862719742084,-0.7696852946));
#6559 = CARTESIAN_POINT('',(-5.851577346285,-0.75214217399));
#6560 = CARTESIAN_POINT('',(-5.839810940383,-0.734930934696));
#6561 = CARTESIAN_POINT('',(-5.825667319836,-0.714980702884));
#6562 = CARTESIAN_POINT('',(-5.823544871164,-0.71200586057));
#6563 = CARTESIAN_POINT('',(-5.821416663273,-0.709038615225));
#6564 = CARTESIAN_POINT('',(-5.819284718431,-0.706078627349));
#6565 = CARTESIAN_POINT('',(-5.817151023403,-0.703125564591));
#6566 = CARTESIAN_POINT('',(-5.815017529454,-0.700179101748));
#6567 = CARTESIAN_POINT('',(-5.812886152349,-0.697238920763));
#6568 = ( GEOMETRIC_REPRESENTATION_CONTEXT(2) 
PARAMETRIC_REPRESENTATION_CONTEXT() REPRESENTATION_CONTEXT('2D SPACE',''
  ) );
#6569 = ADVANCED_FACE('',(#6570),#745,.F.);
#6570 = FACE_BOUND('',#6571,.F.);
#6571 = EDGE_LOOP('',(#6572,#6573,#6574,#6604));
#6572 = ORIENTED_EDGE('',*,*,#725,.F.);
#6573 = ORIENTED_EDGE('',*,*,#6492,.T.);
#6574 = ORIENTED_EDGE('',*,*,#6575,.T.);
#6575 = EDGE_CURVE('',#6493,#6576,#6578,.T.);
#6576 = VERTEX_POINT('',#6577);
#6577 = CARTESIAN_POINT('',(2.852446856286,-3.91038467619,4.77609800971)
  );
#6578 = SURFACE_CURVE('',#6579,(#6585,#6594),.PCURVE_S1.);
#6579 = B_SPLINE_CURVE_WITH_KNOTS('',4,(#6580,#6581,#6582,#6583,#6584),
  .UNSPECIFIED.,.F.,.F.,(5,5),(0.,1.),.PIECEWISE_BEZIER_KNOTS.);
#6580 = CARTESIAN_POINT('',(2.521140212975,-4.131756697851,4.77609800971
    ));
#6581 = CARTESIAN_POINT('',(2.606198980906,-4.079855607369,4.77609800971
    ));
#6582 = CARTESIAN_POINT('',(2.689832089033,-4.025618205049,4.77609800971
    ));
#6583 = CARTESIAN_POINT('',(2.77194591981,-3.969107043493,4.77609800971)
  );
#6584 = CARTESIAN_POINT('',(2.852446856286,-3.91038467619,4.77609800971)
  );
#6585 = PCURVE('',#745,#6586);
#6586 = DEFINITIONAL_REPRESENTATION('',(#6587),#6593);
#6587 = B_SPLINE_CURVE_WITH_KNOTS('',4,(#6588,#6589,#6590,#6591,#6592),
  .UNSPECIFIED.,.F.,.F.,(5,5),(0.,1.),.PIECEWISE_BEZIER_KNOTS.);
#6588 = CARTESIAN_POINT('',(0.868176180766,0.));
#6589 = CARTESIAN_POINT('',(0.868176180766,0.24999999594));
#6590 = CARTESIAN_POINT('',(0.868176180766,0.5));
#6591 = CARTESIAN_POINT('',(0.868176180766,0.75000000406));
#6592 = CARTESIAN_POINT('',(0.868176180766,1.));
#6593 = ( GEOMETRIC_REPRESENTATION_CONTEXT(2) 
PARAMETRIC_REPRESENTATION_CONTEXT() REPRESENTATION_CONTEXT('2D SPACE',''
  ) );
#6594 = PCURVE('',#200,#6595);
#6595 = DEFINITIONAL_REPRESENTATION('',(#6596),#6603);
#6596 = B_SPLINE_CURVE_WITH_KNOTS('',5,(#6597,#6598,#6599,#6600,#6601,
    #6602),.UNSPECIFIED.,.F.,.F.,(6,6),(0.,1.),
  .PIECEWISE_BEZIER_KNOTS.);
#6597 = CARTESIAN_POINT('',(-5.812886152349,-0.697238920763));
#6598 = CARTESIAN_POINT('',(-5.796416932953,-0.697238880386));
#6599 = CARTESIAN_POINT('',(-5.779947724868,-0.69723895441));
#6600 = CARTESIAN_POINT('',(-5.76347849953,-0.69723895441));
#6601 = CARTESIAN_POINT('',(-5.747009291445,-0.697238880386));
#6602 = CARTESIAN_POINT('',(-5.730540072049,-0.697238920763));
#6603 = ( GEOMETRIC_REPRESENTATION_CONTEXT(2) 
PARAMETRIC_REPRESENTATION_CONTEXT() REPRESENTATION_CONTEXT('2D SPACE',''
  ) );
#6604 = ORIENTED_EDGE('',*,*,#6605,.F.);
#6605 = EDGE_CURVE('',#726,#6576,#6606,.T.);
#6606 = SURFACE_CURVE('',#6607,(#6610,#6617),.PCURVE_S1.);
#6607 = B_SPLINE_CURVE_WITH_KNOTS('',1,(#6608,#6609),.UNSPECIFIED.,.F.,
  .F.,(2,2),(0.,1.),.PIECEWISE_BEZIER_KNOTS.);
#6608 = CARTESIAN_POINT('',(6.212926474841,-8.517225282556,0.));
#6609 = CARTESIAN_POINT('',(2.34219183249,-3.210882274733,5.501300445142
    ));
#6610 = PCURVE('',#745,#6611);
#6611 = DEFINITIONAL_REPRESENTATION('',(#6612),#6616);
#6612 = LINE('',#6613,#6614);
#6613 = CARTESIAN_POINT('',(0.,1.));
#6614 = VECTOR('',#6615,1.);
#6615 = DIRECTION('',(1.,0.));
#6616 = ( GEOMETRIC_REPRESENTATION_CONTEXT(2) 
PARAMETRIC_REPRESENTATION_CONTEXT() REPRESENTATION_CONTEXT('2D SPACE',''
  ) );
#6617 = PCURVE('',#797,#6618);
#6618 = DEFINITIONAL_REPRESENTATION('',(#6619),#6623);
#6619 = LINE('',#6620,#6621);
#6620 = CARTESIAN_POINT('',(0.,0.));
#6621 = VECTOR('',#6622,1.);
#6622 = DIRECTION('',(1.,0.));
#6623 = ( GEOMETRIC_REPRESENTATION_CONTEXT(2) 
PARAMETRIC_REPRESENTATION_CONTEXT() REPRESENTATION_CONTEXT('2D SPACE',''
  ) );
#6624 = ADVANCED_FACE('',(#6625),#797,.F.);
#6625 = FACE_BOUND('',#6626,.F.);
#6626 = EDGE_LOOP('',(#6627,#6628,#6629,#6679));
#6627 = ORIENTED_EDGE('',*,*,#763,.F.);
#6628 = ORIENTED_EDGE('',*,*,#6605,.T.);
#6629 = ORIENTED_EDGE('',*,*,#6630,.T.);
#6630 = EDGE_CURVE('',#6576,#6631,#6633,.T.);
#6631 = VERTEX_POINT('',#6632);
#6632 = CARTESIAN_POINT('',(2.727653254277,-3.187448448129,
    4.111784138534));
#6633 = SURFACE_CURVE('',#6634,(#6647,#6663),.PCURVE_S1.);
#6634 = B_SPLINE_CURVE_WITH_KNOTS('',6,(#6635,#6636,#6637,#6638,#6639,
    #6640,#6641,#6642,#6643,#6644,#6645,#6646),.UNSPECIFIED.,.F.,.F.,(7,
    5,7),(0.,0.745763284844,1.),.UNSPECIFIED.);
#6635 = CARTESIAN_POINT('',(2.852446856286,-3.91038467619,4.77609800971)
  );
#6636 = CARTESIAN_POINT('',(2.860069656713,-3.818970056273,
    4.693286409786));
#6637 = CARTESIAN_POINT('',(2.864257063924,-3.725807888569,
    4.610893147919));
#6638 = CARTESIAN_POINT('',(2.863075096204,-3.631852982321,
    4.528585139395));
#6639 = CARTESIAN_POINT('',(2.854659293502,-3.538272036469,4.44617755283
    ));
#6640 = CARTESIAN_POINT('',(2.836938999961,-3.446673168445,4.36354982853
    ));
#6641 = CARTESIAN_POINT('',(2.798072516927,-3.328905576468,
    4.252610890222));
#6642 = CARTESIAN_POINT('',(2.786884270919,-3.299409988979,
    4.224400246391));
#6643 = CARTESIAN_POINT('',(2.774314383749,-3.27043506543,4.196193045653
    ));
#6644 = CARTESIAN_POINT('',(2.760291892768,-3.24206155006,4.168004837993
    ));
#6645 = CARTESIAN_POINT('',(2.744754456159,-3.214372198084,
    4.139858298565));
#6646 = CARTESIAN_POINT('',(2.727653254277,-3.187448448129,
    4.111784138534));
#6647 = PCURVE('',#797,#6648);
#6648 = DEFINITIONAL_REPRESENTATION('',(#6649),#6662);
#6649 = B_SPLINE_CURVE_WITH_KNOTS('',6,(#6650,#6651,#6652,#6653,#6654,
    #6655,#6656,#6657,#6658,#6659,#6660,#6661),.UNSPECIFIED.,.F.,.F.,(7,
    5,7),(0.,0.745763284844,1.),.UNSPECIFIED.);
#6650 = CARTESIAN_POINT('',(0.868176180766,0.));
#6651 = CARTESIAN_POINT('',(0.868190247014,0.12492894829));
#6652 = CARTESIAN_POINT('',(0.868177102039,0.248869828311));
#6653 = CARTESIAN_POINT('',(0.868168239925,0.372619595272));
#6654 = CARTESIAN_POINT('',(0.868171177296,0.49658938305));
#6655 = CARTESIAN_POINT('',(0.868176084748,0.620926908832));
#6656 = CARTESIAN_POINT('',(0.868178901352,0.787921077073));
#6657 = CARTESIAN_POINT('',(0.868179296179,0.830390738563));
#6658 = CARTESIAN_POINT('',(0.868179193195,0.872860273732));
#6659 = CARTESIAN_POINT('',(0.868178498828,0.915307221996));
#6660 = CARTESIAN_POINT('',(0.868177336519,0.957700416599));
#6661 = CARTESIAN_POINT('',(0.868176180766,1.));
#6662 = ( GEOMETRIC_REPRESENTATION_CONTEXT(2) 
PARAMETRIC_REPRESENTATION_CONTEXT() REPRESENTATION_CONTEXT('2D SPACE',''
  ) );
#6663 = PCURVE('',#200,#6664);
#6664 = DEFINITIONAL_REPRESENTATION('',(#6665),#6678);
#6665 = B_SPLINE_CURVE_WITH_KNOTS('',6,(#6666,#6667,#6668,#6669,#6670,
    #6671,#6672,#6673,#6674,#6675,#6676,#6677),.UNSPECIFIED.,.F.,.F.,(7,
    5,7),(0.,0.745763284844,1.),.UNSPECIFIED.);
#6666 = CARTESIAN_POINT('',(-5.730540072049,-0.697238920763));
#6667 = CARTESIAN_POINT('',(-5.718137439849,-0.714348039215));
#6668 = CARTESIAN_POINT('',(-5.705668857426,-0.731664893275));
#6669 = CARTESIAN_POINT('',(-5.693536586715,-0.74928102698));
#6670 = CARTESIAN_POINT('',(-5.682193628163,-0.76726759166));
#6671 = CARTESIAN_POINT('',(-5.672246465334,-0.785695814211));
#6672 = CARTESIAN_POINT('',(-5.661804293197,-0.811036194107));
#6673 = CARTESIAN_POINT('',(-5.659401132074,-0.817531753422));
#6674 = CARTESIAN_POINT('',(-5.657279993689,-0.824080354879));
#6675 = CARTESIAN_POINT('',(-5.655473521486,-0.83068060005));
#6676 = CARTESIAN_POINT('',(-5.654015541017,-0.837329341916));
#6677 = CARTESIAN_POINT('',(-5.652939998917,-0.844021272475));
#6678 = ( GEOMETRIC_REPRESENTATION_CONTEXT(2) 
PARAMETRIC_REPRESENTATION_CONTEXT() REPRESENTATION_CONTEXT('2D SPACE',''
  ) );
#6679 = ORIENTED_EDGE('',*,*,#6680,.F.);
#6680 = EDGE_CURVE('',#764,#6631,#6681,.T.);
#6681 = SURFACE_CURVE('',#6682,(#6685,#6692),.PCURVE_S1.);
#6682 = B_SPLINE_CURVE_WITH_KNOTS('',1,(#6683,#6684),.UNSPECIFIED.,.F.,
  .F.,(2,2),(0.,1.),.PIECEWISE_BEZIER_KNOTS.);
#6683 = CARTESIAN_POINT('',(5.941113006308,-6.942594848675,
    -1.446944832201));
#6684 = CARTESIAN_POINT('',(2.239721718199,-2.617267243819,
    4.955821212164));
#6685 = PCURVE('',#797,#6686);
#6686 = DEFINITIONAL_REPRESENTATION('',(#6687),#6691);
#6687 = LINE('',#6688,#6689);
#6688 = CARTESIAN_POINT('',(0.,1.));
#6689 = VECTOR('',#6690,1.);
#6690 = DIRECTION('',(1.,0.));
#6691 = ( GEOMETRIC_REPRESENTATION_CONTEXT(2) 
PARAMETRIC_REPRESENTATION_CONTEXT() REPRESENTATION_CONTEXT('2D SPACE',''
  ) );
#6692 = PCURVE('',#948,#6693);
#6693 = DEFINITIONAL_REPRESENTATION('',(#6694),#6698);
#6694 = LINE('',#6695,#6696);
#6695 = CARTESIAN_POINT('',(0.,0.));
#6696 = VECTOR('',#6697,1.);
#6697 = DIRECTION('',(1.,0.));
#6698 = ( GEOMETRIC_REPRESENTATION_CONTEXT(2) 
PARAMETRIC_REPRESENTATION_CONTEXT() REPRESENTATION_CONTEXT('2D SPACE',''
  ) );
#6699 = ADVANCED_FACE('',(#6700),#948,.F.);
#6700 = FACE_BOUND('',#6701,.F.);
#6701 = EDGE_LOOP('',(#6702,#6703,#6704,#6859));
#6702 = ORIENTED_EDGE('',*,*,#822,.F.);
#6703 = ORIENTED_EDGE('',*,*,#6680,.T.);
#6704 = ORIENTED_EDGE('',*,*,#6705,.T.);
#6705 = EDGE_CURVE('',#6631,#6706,#6708,.T.);
#6706 = VERTEX_POINT('',#6707);
#6707 = CARTESIAN_POINT('',(3.187448448129,-2.727653254277,
    4.111784138534));
#6708 = SURFACE_CURVE('',#6709,(#6757,#6808),.PCURVE_S1.);
#6709 = B_SPLINE_CURVE_WITH_KNOTS('',6,(#6710,#6711,#6712,#6713,#6714,
    #6715,#6716,#6717,#6718,#6719,#6720,#6721,#6722,#6723,#6724,#6725,
    #6726,#6727,#6728,#6729,#6730,#6731,#6732,#6733,#6734,#6735,#6736,
    #6737,#6738,#6739,#6740,#6741,#6742,#6743,#6744,#6745,#6746,#6747,
    #6748,#6749,#6750,#6751,#6752,#6753,#6754,#6755,#6756),
  .UNSPECIFIED.,.F.,.F.,(7,5,5,5,5,5,5,5,5,7),(0.,4.541151420872E-02,
    0.145542360811,0.311563862404,0.500327511366,0.628188330724,
    0.689214427726,0.854282313671,0.955163251198,1.),.UNSPECIFIED.);
#6710 = CARTESIAN_POINT('',(2.727653254277,-3.187448448129,
    4.111784138534));
#6711 = CARTESIAN_POINT('',(2.723656164916,-3.182586507857,
    4.106189013558));
#6712 = CARTESIAN_POINT('',(2.719820132874,-3.177623183412,
    4.100636542847));
#6713 = CARTESIAN_POINT('',(2.716150075999,-3.172560078666,
    4.095130279997));
#6714 = CARTESIAN_POINT('',(2.712650622747,-3.167399234281,
    4.089673889121));
#6715 = CARTESIAN_POINT('',(2.709326112176,-3.162143127712,
    4.084271144844));
#6716 = CARTESIAN_POINT('',(2.699244833102,-3.145001512665,
    4.067139920192));
#6717 = CARTESIAN_POINT('',(2.693178722334,-3.132758545994,
    4.055632747308));
#6718 = CARTESIAN_POINT('',(2.688026296976,-3.120098633567,
    4.044447495658));
#6719 = CARTESIAN_POINT('',(2.683820218645,-3.107063219184,
    4.033626175555));
#6720 = CARTESIAN_POINT('',(2.680580008369,-3.093702369534,
    4.023208895356));
#6721 = CARTESIAN_POINT('',(2.674546966303,-3.057479705731,
    3.996692594314));
#6722 = CARTESIAN_POINT('',(2.673450900542,-3.03414425275,3.981360787459
    ));
#6723 = CARTESIAN_POINT('',(2.675045020433,-3.010341727694,
    3.967412113926));
#6724 = CARTESIAN_POINT('',(2.679232122238,-2.986353706111,
    3.954960448025));
#6725 = CARTESIAN_POINT('',(2.685839853528,-2.962456391212,
    3.944074824888));
#6726 = CARTESIAN_POINT('',(2.704700551945,-2.912131608672,
    3.924244487637));
#6727 = CARTESIAN_POINT('',(2.717603408991,-2.885803405559,
    3.915768597718));
#6728 = CARTESIAN_POINT('',(2.733086824874,-2.860268298973,
    3.909412320936));
#6729 = CARTESIAN_POINT('',(2.750831679087,-2.835841571411,3.90518363582
    ));
#6730 = CARTESIAN_POINT('',(2.770534104211,-2.81281236772,3.903078259463
    ));
#6731 = CARTESIAN_POINT('',(2.806399620761,-2.776996932944,
    3.903109954054));
#6732 = CARTESIAN_POINT('',(2.821651394254,-2.763305509456,
    3.904097420758));
#6733 = CARTESIAN_POINT('',(2.837583568124,-2.750473481248,
    3.906059391876));
#6734 = CARTESIAN_POINT('',(2.854106568949,-2.738593199631,
    3.908996434706));
#6735 = CARTESIAN_POINT('',(2.871127780039,-2.727759222804,
    3.912907712323));
#6736 = CARTESIAN_POINT('',(2.896865495016,-2.713439313562,
    3.920118543813));
#6737 = CARTESIAN_POINT('',(2.905272026949,-2.709072710254,
    3.922669078452));
#6738 = CARTESIAN_POINT('',(2.913758908284,-2.70497647415,3.925439964549
    ));
#6739 = CARTESIAN_POINT('',(2.922314910151,-2.701160867204,
    3.928430307016));
#6740 = CARTESIAN_POINT('',(2.930928346613,-2.697635957913,
    3.931638803869));
#6741 = CARTESIAN_POINT('',(2.963007840618,-2.685690197991,
    3.944327782813));
#6742 = CARTESIAN_POINT('',(2.986767656999,-2.679165000188,
    3.955178521556));
#6743 = CARTESIAN_POINT('',(3.010613496965,-2.675034624527,
    3.967576232768));
#6744 = CARTESIAN_POINT('',(3.03427384722,-2.673467779559,3.981452657829
    ));
#6745 = CARTESIAN_POINT('',(3.057472025908,-2.674559570576,
    3.996695681329));
#6746 = CARTESIAN_POINT('',(3.093670456648,-2.680566275498,
    4.023180253656));
#6747 = CARTESIAN_POINT('',(3.10713113368,-2.683829744565,4.033674755646
    ));
#6748 = CARTESIAN_POINT('',(3.120261424001,-2.688073549352,
    4.044579296976));
#6749 = CARTESIAN_POINT('',(3.133010160777,-2.693277682123,
    4.055852857639));
#6750 = CARTESIAN_POINT('',(3.145335070338,-2.699408614501,
    4.067452473507));
#6751 = CARTESIAN_POINT('',(3.162477328903,-2.709537875287,
    4.084614914372));
#6752 = CARTESIAN_POINT('',(3.167661775676,-2.712828876005,
    4.089951614156));
#6753 = CARTESIAN_POINT('',(3.172753276806,-2.716290234676,
    4.095340463752));
#6754 = CARTESIAN_POINT('',(3.177749459053,-2.719917767768,
    4.100777833097));
#6755 = CARTESIAN_POINT('',(3.182648364016,-2.723707017988,
    4.106260197678));
#6756 = CARTESIAN_POINT('',(3.187448448129,-2.727653254277,
    4.111784138534));
#6757 = PCURVE('',#948,#6758);
#6758 = DEFINITIONAL_REPRESENTATION('',(#6759),#6807);
#6759 = B_SPLINE_CURVE_WITH_KNOTS('',6,(#6760,#6761,#6762,#6763,#6764,
    #6765,#6766,#6767,#6768,#6769,#6770,#6771,#6772,#6773,#6774,#6775,
    #6776,#6777,#6778,#6779,#6780,#6781,#6782,#6783,#6784,#6785,#6786,
    #6787,#6788,#6789,#6790,#6791,#6792,#6793,#6794,#6795,#6796,#6797,
    #6798,#6799,#6800,#6801,#6802,#6803,#6804,#6805,#6806),
  .UNSPECIFIED.,.F.,.F.,(7,5,5,5,5,5,5,5,5,7),(0.,4.541151420872E-02,
    0.145542360811,0.311563862404,0.500327511366,0.628188330724,
    0.689214427726,0.854282313671,0.955163251198,1.),.UNSPECIFIED.);
#6760 = CARTESIAN_POINT('',(0.868176180766,0.));
#6761 = CARTESIAN_POINT('',(0.868174088279,6.688128432745E-03));
#6762 = CARTESIAN_POINT('',(0.868172443606,1.343588145387E-02));
#6763 = CARTESIAN_POINT('',(0.868171198914,2.024227433277E-02));
#6764 = CARTESIAN_POINT('',(0.868170307927,2.71060926864E-02));
#6765 = CARTESIAN_POINT('',(0.868169725926,3.40258924793E-02));
#6766 = CARTESIAN_POINT('',(0.868168712581,5.637767030982E-02));
#6767 = CARTESIAN_POINT('',(0.868169309032,7.202049099503E-02));
#6768 = CARTESIAN_POINT('',(0.868170738397,8.790834997235E-02));
#6769 = CARTESIAN_POINT('',(0.868172599625,0.10401900379));
#6770 = CARTESIAN_POINT('',(0.868174573676,0.120327041375));
#6771 = CARTESIAN_POINT('',(0.868179550086,0.164120484709));
#6772 = CARTESIAN_POINT('',(0.868182380207,0.191907555434));
#6773 = CARTESIAN_POINT('',(0.868183907955,0.220023061359));
#6774 = CARTESIAN_POINT('',(0.868183952438,0.248356927407));
#6775 = CARTESIAN_POINT('',(0.868182839112,0.276822153964));
#6776 = CARTESIAN_POINT('',(0.868179034479,0.337779202558));
#6777 = CARTESIAN_POINT('',(0.868176142704,0.370292005637));
#6778 = CARTESIAN_POINT('',(0.868173078663,0.402821110082));
#6779 = CARTESIAN_POINT('',(0.868170749924,0.435339368688));
#6780 = CARTESIAN_POINT('',(0.868169591023,0.467840509889));
#6781 = CARTESIAN_POINT('',(0.868169608466,0.522365522195));
#6782 = CARTESIAN_POINT('',(0.868170150948,0.544383043998));
#6783 = CARTESIAN_POINT('',(0.868171232741,0.566404287461));
#6784 = CARTESIAN_POINT('',(0.868172750824,0.588430014844));
#6785 = CARTESIAN_POINT('',(0.868174525479,0.610456777261));
#6786 = CARTESIAN_POINT('',(0.86817719198,0.642986478581));
#6787 = CARTESIAN_POINT('',(0.868178060996,0.653494379362));
#6788 = CARTESIAN_POINT('',(0.868178912267,0.663999261983));
#6789 = CARTESIAN_POINT('',(0.868179720728,0.674499474398));
#6790 = CARTESIAN_POINT('',(0.868180461504,0.684992847376));
#6791 = CARTESIAN_POINT('',(0.868182863775,0.723834177032));
#6792 = CARTESIAN_POINT('',(0.868183949276,0.752131558101));
#6793 = CARTESIAN_POINT('',(0.868183886066,0.78029797422));
#6794 = CARTESIAN_POINT('',(0.868182359055,0.808247665672));
#6795 = CARTESIAN_POINT('',(0.868179549229,0.83587234476));
#6796 = CARTESIAN_POINT('',(0.86817457922,0.879633093736));
#6797 = CARTESIAN_POINT('',(0.868172589167,0.896062562219));
#6798 = CARTESIAN_POINT('',(0.868170713246,0.912291649801));
#6799 = CARTESIAN_POINT('',(0.86816927803,0.928294388261));
#6800 = CARTESIAN_POINT('',(0.868168694453,0.944048083539));
#6801 = CARTESIAN_POINT('',(0.868169763458,0.966414204177));
#6802 = CARTESIAN_POINT('',(0.868170353615,0.97324315249));
#6803 = CARTESIAN_POINT('',(0.86817124661,0.980017481088));
#6804 = CARTESIAN_POINT('',(0.868172485522,0.986735805987));
#6805 = CARTESIAN_POINT('',(0.8681741149,0.993396961452));
#6806 = CARTESIAN_POINT('',(0.868176180766,1.));
#6807 = ( GEOMETRIC_REPRESENTATION_CONTEXT(2) 
PARAMETRIC_REPRESENTATION_CONTEXT() REPRESENTATION_CONTEXT('2D SPACE',''
  ) );
#6808 = PCURVE('',#200,#6809);
#6809 = DEFINITIONAL_REPRESENTATION('',(#6810),#6858);
#6810 = B_SPLINE_CURVE_WITH_KNOTS('',6,(#6811,#6812,#6813,#6814,#6815,
    #6816,#6817,#6818,#6819,#6820,#6821,#6822,#6823,#6824,#6825,#6826,
    #6827,#6828,#6829,#6830,#6831,#6832,#6833,#6834,#6835,#6836,#6837,
    #6838,#6839,#6840,#6841,#6842,#6843,#6844,#6845,#6846,#6847,#6848,
    #6849,#6850,#6851,#6852,#6853,#6854,#6855,#6856,#6857),
  .UNSPECIFIED.,.F.,.F.,(7,5,5,5,5,5,5,5,5,7),(0.,4.541151420872E-02,
    0.145542360811,0.311563862404,0.500327511366,0.628188330724,
    0.689214427726,0.854282313671,0.955163251198,1.),.UNSPECIFIED.);
#6811 = CARTESIAN_POINT('',(-5.652939998917,-0.844021272475));
#6812 = CARTESIAN_POINT('',(-5.652910386798,-0.845354961097));
#6813 = CARTESIAN_POINT('',(-5.652835788168,-0.84668088294));
#6814 = CARTESIAN_POINT('',(-5.652715254781,-0.847998143046));
#6815 = CARTESIAN_POINT('',(-5.652547957399,-0.849305809169));
#6816 = CARTESIAN_POINT('',(-5.652333185788,-0.850602911775));
#6817 = CARTESIAN_POINT('',(-5.651490801901,-0.854722999015));
#6818 = CARTESIAN_POINT('',(-5.650677551417,-0.857501509126));
#6819 = CARTESIAN_POINT('',(-5.649624434895,-0.860212841382));
#6820 = CARTESIAN_POINT('',(-5.648328802382,-0.862845838115));
#6821 = CARTESIAN_POINT('',(-5.646792197318,-0.865389576465));
#6822 = CARTESIAN_POINT('',(-5.642084373893,-0.871885976303));
#6823 = CARTESIAN_POINT('',(-5.638501960535,-0.875665486673));
#6824 = CARTESIAN_POINT('',(-5.63430312742,-0.87912357588));
#6825 = CARTESIAN_POINT('',(-5.629547421891,-0.882225459964));
#6826 = CARTESIAN_POINT('',(-5.624314001795,-0.884947550354));
#6827 = CARTESIAN_POINT('',(-5.612297802931,-0.889920950787));
#6828 = CARTESIAN_POINT('',(-5.605400353063,-0.892057000858));
#6829 = CARTESIAN_POINT('',(-5.598120342251,-0.893664339726));
#6830 = CARTESIAN_POINT('',(-5.590589258862,-0.894735429181));
#6831 = CARTESIAN_POINT('',(-5.58293573885,-0.895268701763));
#6832 = CARTESIAN_POINT('',(-5.570097459192,-0.895260673839));
#6833 = CARTESIAN_POINT('',(-5.564913717505,-0.895010559577));
#6834 = CARTESIAN_POINT('',(-5.559769038425,-0.89451361322));
#6835 = CARTESIAN_POINT('',(-5.55470295203,-0.893770275951));
#6836 = CARTESIAN_POINT('',(-5.549755273268,-0.892781898297));
#6837 = CARTESIAN_POINT('',(-5.542679034722,-0.890963877481));
#6838 = CARTESIAN_POINT('',(-5.540428792396,-0.890321339567));
#6839 = CARTESIAN_POINT('',(-5.538218868798,-0.889623940155));
#6840 = CARTESIAN_POINT('',(-5.536053572163,-0.888872110144));
#6841 = CARTESIAN_POINT('',(-5.533937168239,-0.888066406005));
#6842 = CARTESIAN_POINT('',(-5.526292946934,-0.884884303974));
#6843 = CARTESIAN_POINT('',(-5.521098696049,-0.882171157709));
#6844 = CARTESIAN_POINT('',(-5.516377658178,-0.879082934079));
#6845 = CARTESIAN_POINT('',(-5.512207455535,-0.875642916949));
#6846 = CARTESIAN_POINT('',(-5.508646501471,-0.871885335658));
#6847 = CARTESIAN_POINT('',(-5.503937435096,-0.865396523453));
#6848 = CARTESIAN_POINT('',(-5.502389176742,-0.862833913084));
#6849 = CARTESIAN_POINT('',(-5.501085513938,-0.860180721492));
#6850 = CARTESIAN_POINT('',(-5.500028008973,-0.857448119126));
#6851 = CARTESIAN_POINT('',(-5.499213907202,-0.854647514475));
#6852 = CARTESIAN_POINT('',(-5.498380371227,-0.850520382584));
#6853 = CARTESIAN_POINT('',(-5.498170716862,-0.849239252515));
#6854 = CARTESIAN_POINT('',(-5.49800730994,-0.847947862071));
#6855 = CARTESIAN_POINT('',(-5.497889463834,-0.846647143429));
#6856 = CARTESIAN_POINT('',(-5.49781637916,-0.84533799321));
#6857 = CARTESIAN_POINT('',(-5.497787143782,-0.844021272475));
#6858 = ( GEOMETRIC_REPRESENTATION_CONTEXT(2) 
PARAMETRIC_REPRESENTATION_CONTEXT() REPRESENTATION_CONTEXT('2D SPACE',''
  ) );
#6859 = ORIENTED_EDGE('',*,*,#6860,.F.);
#6860 = EDGE_CURVE('',#823,#6706,#6861,.T.);
#6861 = SURFACE_CURVE('',#6862,(#6865,#6872),.PCURVE_S1.);
#6862 = B_SPLINE_CURVE_WITH_KNOTS('',1,(#6863,#6864),.UNSPECIFIED.,.F.,
  .F.,(2,2),(0.,1.),.PIECEWISE_BEZIER_KNOTS.);
#6863 = CARTESIAN_POINT('',(6.942594848675,-5.941113006308,
    -1.446944832201));
#6864 = CARTESIAN_POINT('',(2.617267243819,-2.239721718199,
    4.955821212164));
#6865 = PCURVE('',#948,#6866);
#6866 = DEFINITIONAL_REPRESENTATION('',(#6867),#6871);
#6867 = LINE('',#6868,#6869);
#6868 = CARTESIAN_POINT('',(0.,1.));
#6869 = VECTOR('',#6870,1.);
#6870 = DIRECTION('',(1.,0.));
#6871 = ( GEOMETRIC_REPRESENTATION_CONTEXT(2) 
PARAMETRIC_REPRESENTATION_CONTEXT() REPRESENTATION_CONTEXT('2D SPACE',''
  ) );
#6872 = PCURVE('',#1063,#6873);
#6873 = DEFINITIONAL_REPRESENTATION('',(#6874),#6878);
#6874 = LINE('',#6875,#6876);
#6875 = CARTESIAN_POINT('',(0.,0.));
#6876 = VECTOR('',#6877,1.);
#6877 = DIRECTION('',(1.,0.));
#6878 = ( GEOMETRIC_REPRESENTATION_CONTEXT(2) 
PARAMETRIC_REPRESENTATION_CONTEXT() REPRESENTATION_CONTEXT('2D SPACE',''
  ) );
#6879 = ADVANCED_FACE('',(#6880),#1063,.F.);
#6880 = FACE_BOUND('',#6881,.F.);
#6881 = EDGE_LOOP('',(#6882,#6904,#6905,#6906));
#6882 = ORIENTED_EDGE('',*,*,#6883,.F.);
#6883 = EDGE_CURVE('',#1020,#6884,#6886,.T.);
#6884 = VERTEX_POINT('',#6885);
#6885 = CARTESIAN_POINT('',(3.91038467619,-2.852446856286,4.77609800971)
  );
#6886 = SURFACE_CURVE('',#6887,(#6890,#6897),.PCURVE_S1.);
#6887 = B_SPLINE_CURVE_WITH_KNOTS('',1,(#6888,#6889),.UNSPECIFIED.,.F.,
  .F.,(2,2),(0.,1.),.PIECEWISE_BEZIER_KNOTS.);
#6888 = CARTESIAN_POINT('',(8.517225282556,-6.212926474841,
    -1.7763568394E-15));
#6889 = CARTESIAN_POINT('',(3.210882274733,-2.34219183249,5.501300445142
    ));
#6890 = PCURVE('',#1063,#6891);
#6891 = DEFINITIONAL_REPRESENTATION('',(#6892),#6896);
#6892 = LINE('',#6893,#6894);
#6893 = CARTESIAN_POINT('',(0.,1.));
#6894 = VECTOR('',#6895,1.);
#6895 = DIRECTION('',(1.,0.));
#6896 = ( GEOMETRIC_REPRESENTATION_CONTEXT(2) 
PARAMETRIC_REPRESENTATION_CONTEXT() REPRESENTATION_CONTEXT('2D SPACE',''
  ) );
#6897 = PCURVE('',#1113,#6898);
#6898 = DEFINITIONAL_REPRESENTATION('',(#6899),#6903);
#6899 = LINE('',#6900,#6901);
#6900 = CARTESIAN_POINT('',(0.,0.));
#6901 = VECTOR('',#6902,1.);
#6902 = DIRECTION('',(1.,0.));
#6903 = ( GEOMETRIC_REPRESENTATION_CONTEXT(2) 
PARAMETRIC_REPRESENTATION_CONTEXT() REPRESENTATION_CONTEXT('2D SPACE',''
  ) );
#6904 = ORIENTED_EDGE('',*,*,#1019,.F.);
#6905 = ORIENTED_EDGE('',*,*,#6860,.T.);
#6906 = ORIENTED_EDGE('',*,*,#6907,.T.);
#6907 = EDGE_CURVE('',#6706,#6884,#6908,.T.);
#6908 = SURFACE_CURVE('',#6909,(#6924,#6942),.PCURVE_S1.);
#6909 = B_SPLINE_CURVE_WITH_KNOTS('',7,(#6910,#6911,#6912,#6913,#6914,
    #6915,#6916,#6917,#6918,#6919,#6920,#6921,#6922,#6923),
  .UNSPECIFIED.,.F.,.F.,(8,6,8),(0.,0.850488731419,1.),.UNSPECIFIED.);
#6910 = CARTESIAN_POINT('',(3.187448448129,-2.727653254277,
    4.111784138534));
#6911 = CARTESIAN_POINT('',(3.264668433353,-2.776701197407,
    4.192303613955));
#6912 = CARTESIAN_POINT('',(3.347927520629,-2.813189927189,
    4.273314993423));
#6913 = CARTESIAN_POINT('',(3.435577059173,-2.838284838817,
    4.354277813581));
#6914 = CARTESIAN_POINT('',(3.525864958113,-2.853721514265,
    4.435014643946));
#6915 = CARTESIAN_POINT('',(3.617308056025,-2.86126291718,4.515535052955
    ));
#6916 = CARTESIAN_POINT('',(3.708799489812,-2.862564167897,
    4.595981953754));
#6917 = CARTESIAN_POINT('',(3.81544941077,-2.858650326908,4.690848312633
    ));
#6918 = CARTESIAN_POINT('',(3.831368263781,-2.857922181721,
    4.705037240804));
#6919 = CARTESIAN_POINT('',(3.84725537576,-2.857059880674,4.71923253873)
  );
#6920 = CARTESIAN_POINT('',(3.863105598903,-2.856072284574,
    4.733435236421));
#6921 = CARTESIAN_POINT('',(3.878913866666,-2.854968289047,
    4.747646362655));
#6922 = CARTESIAN_POINT('',(3.894675193769,-2.853756824532,4.76186694498
    ));
#6923 = CARTESIAN_POINT('',(3.91038467619,-2.852446856286,4.77609800971)
  );
#6924 = PCURVE('',#1063,#6925);
#6925 = DEFINITIONAL_REPRESENTATION('',(#6926),#6941);
#6926 = B_SPLINE_CURVE_WITH_KNOTS('',7,(#6927,#6928,#6929,#6930,#6931,
    #6932,#6933,#6934,#6935,#6936,#6937,#6938,#6939,#6940),
  .UNSPECIFIED.,.F.,.F.,(8,6,8),(0.,0.850488731419,1.),.UNSPECIFIED.);
#6927 = CARTESIAN_POINT('',(0.868176180766,0.));
#6928 = CARTESIAN_POINT('',(0.86817949558,0.121319400555));
#6929 = CARTESIAN_POINT('',(0.868182887861,0.243256155189));
#6930 = CARTESIAN_POINT('',(0.868175989235,0.365136134354));
#6931 = CARTESIAN_POINT('',(0.86816834889,0.486634359037));
#6932 = CARTESIAN_POINT('',(0.868169537288,0.607730156627));
#6933 = CARTESIAN_POINT('',(0.868178832595,0.728696948941));
#6934 = CARTESIAN_POINT('',(0.868181617035,0.871521331931));
#6935 = CARTESIAN_POINT('',(0.868181817794,0.89288782668));
#6936 = CARTESIAN_POINT('',(0.868181721623,0.91426942234));
#6937 = CARTESIAN_POINT('',(0.868181231159,0.935668693159));
#6938 = CARTESIAN_POINT('',(0.868180233067,0.95708832678));
#6939 = CARTESIAN_POINT('',(0.868178598032,0.978531124246));
#6940 = CARTESIAN_POINT('',(0.868176180766,1.));
#6941 = ( GEOMETRIC_REPRESENTATION_CONTEXT(2) 
PARAMETRIC_REPRESENTATION_CONTEXT() REPRESENTATION_CONTEXT('2D SPACE',''
  ) );
#6942 = PCURVE('',#200,#6943);
#6943 = DEFINITIONAL_REPRESENTATION('',(#6944),#6959);
#6944 = B_SPLINE_CURVE_WITH_KNOTS('',7,(#6945,#6946,#6947,#6948,#6949,
    #6950,#6951,#6952,#6953,#6954,#6955,#6956,#6957,#6958),
  .UNSPECIFIED.,.F.,.F.,(8,6,8),(0.,0.850488731419,1.),.UNSPECIFIED.);
#6945 = CARTESIAN_POINT('',(-5.497787143782,-0.844021272475));
#6946 = CARTESIAN_POINT('',(-5.494702382367,-0.824828151912));
#6947 = CARTESIAN_POINT('',(-5.488562416645,-0.80600116045));
#6948 = CARTESIAN_POINT('',(-5.480100533567,-0.78762424514));
#6949 = CARTESIAN_POINT('',(-5.470020656913,-0.769685288421));
#6950 = CARTESIAN_POINT('',(-5.458878259788,-0.752142166434));
#6951 = CARTESIAN_POINT('',(-5.447111852602,-0.734930925799));
#6952 = CARTESIAN_POINT('',(-5.4329682319,-0.714980694141));
#6953 = CARTESIAN_POINT('',(-5.430845784253,-0.712005853303));
#6954 = CARTESIAN_POINT('',(-5.428717577398,-0.709038609425));
#6955 = CARTESIAN_POINT('',(-5.426585633597,-0.706078623009));
#6956 = CARTESIAN_POINT('',(-5.424451939614,-0.703125561704));
#6957 = CARTESIAN_POINT('',(-5.422318446711,-0.700179100308));
#6958 = CARTESIAN_POINT('',(-5.42018707065,-0.697238920763));
#6959 = ( GEOMETRIC_REPRESENTATION_CONTEXT(2) 
PARAMETRIC_REPRESENTATION_CONTEXT() REPRESENTATION_CONTEXT('2D SPACE',''
  ) );
#6960 = ADVANCED_FACE('',(#6961),#1113,.F.);
#6961 = FACE_BOUND('',#6962,.F.);
#6962 = EDGE_LOOP('',(#6963,#6964,#6965,#6995));
#6963 = ORIENTED_EDGE('',*,*,#1093,.F.);
#6964 = ORIENTED_EDGE('',*,*,#6883,.T.);
#6965 = ORIENTED_EDGE('',*,*,#6966,.T.);
#6966 = EDGE_CURVE('',#6884,#6967,#6969,.T.);
#6967 = VERTEX_POINT('',#6968);
#6968 = CARTESIAN_POINT('',(4.131756697851,-2.521140212975,4.77609800971
    ));
#6969 = SURFACE_CURVE('',#6970,(#6976,#6985),.PCURVE_S1.);
#6970 = B_SPLINE_CURVE_WITH_KNOTS('',4,(#6971,#6972,#6973,#6974,#6975),
  .UNSPECIFIED.,.F.,.F.,(5,5),(0.,1.),.PIECEWISE_BEZIER_KNOTS.);
#6971 = CARTESIAN_POINT('',(3.91038467619,-2.852446856286,4.77609800971)
  );
#6972 = CARTESIAN_POINT('',(3.969107043493,-2.77194591981,4.77609800971)
  );
#6973 = CARTESIAN_POINT('',(4.025618205049,-2.689832089033,4.77609800971
    ));
#6974 = CARTESIAN_POINT('',(4.079855607369,-2.606198980906,4.77609800971
    ));
#6975 = CARTESIAN_POINT('',(4.131756697851,-2.521140212975,4.77609800971
    ));
#6976 = PCURVE('',#1113,#6977);
#6977 = DEFINITIONAL_REPRESENTATION('',(#6978),#6984);
#6978 = B_SPLINE_CURVE_WITH_KNOTS('',4,(#6979,#6980,#6981,#6982,#6983),
  .UNSPECIFIED.,.F.,.F.,(5,5),(0.,1.),.PIECEWISE_BEZIER_KNOTS.);
#6979 = CARTESIAN_POINT('',(0.868176180766,0.));
#6980 = CARTESIAN_POINT('',(0.868176180766,0.24999999594));
#6981 = CARTESIAN_POINT('',(0.868176180766,0.5));
#6982 = CARTESIAN_POINT('',(0.868176180766,0.75000000406));
#6983 = CARTESIAN_POINT('',(0.868176180766,1.));
#6984 = ( GEOMETRIC_REPRESENTATION_CONTEXT(2) 
PARAMETRIC_REPRESENTATION_CONTEXT() REPRESENTATION_CONTEXT('2D SPACE',''
  ) );
#6985 = PCURVE('',#200,#6986);
#6986 = DEFINITIONAL_REPRESENTATION('',(#6987),#6994);
#6987 = B_SPLINE_CURVE_WITH_KNOTS('',5,(#6988,#6989,#6990,#6991,#6992,
    #6993),.UNSPECIFIED.,.F.,.F.,(6,6),(0.,1.),
  .PIECEWISE_BEZIER_KNOTS.);
#6988 = CARTESIAN_POINT('',(-5.42018707065,-0.697238920763));
#6989 = CARTESIAN_POINT('',(-5.403717851255,-0.697238880386));
#6990 = CARTESIAN_POINT('',(-5.387248643169,-0.69723895441));
#6991 = CARTESIAN_POINT('',(-5.370779417832,-0.69723895441));
#6992 = CARTESIAN_POINT('',(-5.354310209746,-0.697238880386));
#6993 = CARTESIAN_POINT('',(-5.33784099035,-0.697238920763));
#6994 = ( GEOMETRIC_REPRESENTATION_CONTEXT(2) 
PARAMETRIC_REPRESENTATION_CONTEXT() REPRESENTATION_CONTEXT('2D SPACE',''
  ) );
#6995 = ORIENTED_EDGE('',*,*,#6996,.F.);
#6996 = EDGE_CURVE('',#1094,#6967,#6997,.T.);
#6997 = SURFACE_CURVE('',#6998,(#7001,#7008),.PCURVE_S1.);
#6998 = B_SPLINE_CURVE_WITH_KNOTS('',1,(#6999,#7000),.UNSPECIFIED.,.F.,
  .F.,(2,2),(0.,1.),.PIECEWISE_BEZIER_KNOTS.);
#6999 = CARTESIAN_POINT('',(8.999396612458,-5.491306083917,
    -1.7763568394E-15));
#7000 = CARTESIAN_POINT('',(3.392654545068,-2.070150405214,
    5.501300445142));
#7001 = PCURVE('',#1113,#7002);
#7002 = DEFINITIONAL_REPRESENTATION('',(#7003),#7007);
#7003 = LINE('',#7004,#7005);
#7004 = CARTESIAN_POINT('',(0.,1.));
#7005 = VECTOR('',#7006,1.);
#7006 = DIRECTION('',(1.,0.));
#7007 = ( GEOMETRIC_REPRESENTATION_CONTEXT(2) 
PARAMETRIC_REPRESENTATION_CONTEXT() REPRESENTATION_CONTEXT('2D SPACE',''
  ) );
#7008 = PCURVE('',#1165,#7009);
#7009 = DEFINITIONAL_REPRESENTATION('',(#7010),#7014);
#7010 = LINE('',#7011,#7012);
#7011 = CARTESIAN_POINT('',(0.,0.));
#7012 = VECTOR('',#7013,1.);
#7013 = DIRECTION('',(1.,0.));
#7014 = ( GEOMETRIC_REPRESENTATION_CONTEXT(2) 
PARAMETRIC_REPRESENTATION_CONTEXT() REPRESENTATION_CONTEXT('2D SPACE',''
  ) );
#7015 = ADVANCED_FACE('',(#7016),#1165,.F.);
#7016 = FACE_BOUND('',#7017,.F.);
#7017 = EDGE_LOOP('',(#7018,#7019,#7020,#7070));
#7018 = ORIENTED_EDGE('',*,*,#1131,.F.);
#7019 = ORIENTED_EDGE('',*,*,#6996,.T.);
#7020 = ORIENTED_EDGE('',*,*,#7021,.T.);
#7021 = EDGE_CURVE('',#6967,#7022,#7024,.T.);
#7022 = VERTEX_POINT('',#7023);
#7023 = CARTESIAN_POINT('',(3.739806726031,-1.900990672513,
    4.111784138534));
#7024 = SURFACE_CURVE('',#7025,(#7038,#7054),.PCURVE_S1.);
#7025 = B_SPLINE_CURVE_WITH_KNOTS('',6,(#7026,#7027,#7028,#7029,#7030,
    #7031,#7032,#7033,#7034,#7035,#7036,#7037),.UNSPECIFIED.,.F.,.F.,(7,
    5,7),(0.,0.74576317938,1.),.UNSPECIFIED.);
#7026 = CARTESIAN_POINT('',(4.131756697851,-2.521140212975,4.77609800971
    ));
#7027 = CARTESIAN_POINT('',(4.103816390581,-2.433767009594,
    4.693286421504));
#7028 = CARTESIAN_POINT('',(4.072033437329,-2.346093950711,
    4.610893171217));
#7029 = CARTESIAN_POINT('',(4.03498646226,-2.259743267148,4.528585174308
    ));
#7030 = CARTESIAN_POINT('',(3.991399405773,-2.176506345374,4.44617759945
    ));
#7031 = CARTESIAN_POINT('',(3.939974631763,-2.098661296723,
    4.363549886972));
#7032 = CARTESIAN_POINT('',(3.858998985737,-2.004731780611,
    4.252610948726));
#7033 = CARTESIAN_POINT('',(3.837374914404,-1.981762956211,
    4.224400293187));
#7034 = CARTESIAN_POINT('',(3.814673621692,-1.959803894463,
    4.196193080725));
#7035 = CARTESIAN_POINT('',(3.790860446098,-1.938956349676,4.16800486134
    ));
#7036 = CARTESIAN_POINT('',(3.765909460304,-1.919320635005,4.13985831021
    ));
#7037 = CARTESIAN_POINT('',(3.739806726031,-1.900990672513,
    4.111784138534));
#7038 = PCURVE('',#1165,#7039);
#7039 = DEFINITIONAL_REPRESENTATION('',(#7040),#7053);
#7040 = B_SPLINE_CURVE_WITH_KNOTS('',6,(#7041,#7042,#7043,#7044,#7045,
    #7046,#7047,#7048,#7049,#7050,#7051,#7052),.UNSPECIFIED.,.F.,.F.,(7,
    5,7),(0.,0.74576317938,1.),.UNSPECIFIED.);
#7041 = CARTESIAN_POINT('',(0.868176180766,0.));
#7042 = CARTESIAN_POINT('',(0.868190247012,0.124928930613));
#7043 = CARTESIAN_POINT('',(0.868177102043,0.248869793264));
#7044 = CARTESIAN_POINT('',(0.868168239929,0.372619542781));
#7045 = CARTESIAN_POINT('',(0.868171177294,0.496589312916));
#7046 = CARTESIAN_POINT('',(0.868176084745,0.620926820889));
#7047 = CARTESIAN_POINT('',(0.868178901351,0.787920988999));
#7048 = CARTESIAN_POINT('',(0.868179296179,0.830390668106));
#7049 = CARTESIAN_POINT('',(0.868179193196,0.872860220919));
#7050 = CARTESIAN_POINT('',(0.868178498829,0.915307186831));
#7051 = CARTESIAN_POINT('',(0.868177336519,0.957700399053));
#7052 = CARTESIAN_POINT('',(0.868176180766,1.));
#7053 = ( GEOMETRIC_REPRESENTATION_CONTEXT(2) 
PARAMETRIC_REPRESENTATION_CONTEXT() REPRESENTATION_CONTEXT('2D SPACE',''
  ) );
#7054 = PCURVE('',#200,#7055);
#7055 = DEFINITIONAL_REPRESENTATION('',(#7056),#7069);
#7056 = B_SPLINE_CURVE_WITH_KNOTS('',6,(#7057,#7058,#7059,#7060,#7061,
    #7062,#7063,#7064,#7065,#7066,#7067,#7068),.UNSPECIFIED.,.F.,.F.,(7,
    5,7),(0.,0.74576317938,1.),.UNSPECIFIED.);
#7057 = CARTESIAN_POINT('',(-5.33784099035,-0.697238920763));
#7058 = CARTESIAN_POINT('',(-5.325438359906,-0.714348036794));
#7059 = CARTESIAN_POINT('',(-5.312969779253,-0.731664888379));
#7060 = CARTESIAN_POINT('',(-5.300837510162,-0.749281019507));
#7061 = CARTESIAN_POINT('',(-5.289494552883,-0.767267581485));
#7062 = CARTESIAN_POINT('',(-5.27954739067,-0.785695801177));
#7063 = CARTESIAN_POINT('',(-5.269105216482,-0.811036180636));
#7064 = CARTESIAN_POINT('',(-5.266702053894,-0.817531742558));
#7065 = CARTESIAN_POINT('',(-5.264580914238,-0.824080346667));
#7066 = CARTESIAN_POINT('',(-5.262774440997,-0.830680594535));
#7067 = CARTESIAN_POINT('',(-5.261316459764,-0.83732933914));
#7068 = CARTESIAN_POINT('',(-5.260240917219,-0.844021272475));
#7069 = ( GEOMETRIC_REPRESENTATION_CONTEXT(2) 
PARAMETRIC_REPRESENTATION_CONTEXT() REPRESENTATION_CONTEXT('2D SPACE',''
  ) );
#7070 = ORIENTED_EDGE('',*,*,#7071,.F.);
#7071 = EDGE_CURVE('',#1132,#7022,#7072,.T.);
#7072 = SURFACE_CURVE('',#7073,(#7076,#7083),.PCURVE_S1.);
#7073 = B_SPLINE_CURVE_WITH_KNOTS('',1,(#7074,#7075),.UNSPECIFIED.,.F.,
  .F.,(2,2),(0.,1.),.PIECEWISE_BEZIER_KNOTS.);
#7074 = CARTESIAN_POINT('',(8.145688733075,-4.140555765887,
    -1.446944832201));
#7075 = CARTESIAN_POINT('',(3.070817866247,-1.560935243013,
    4.955821212164));
#7076 = PCURVE('',#1165,#7077);
#7077 = DEFINITIONAL_REPRESENTATION('',(#7078),#7082);
#7078 = LINE('',#7079,#7080);
#7079 = CARTESIAN_POINT('',(0.,1.));
#7080 = VECTOR('',#7081,1.);
#7081 = DIRECTION('',(1.,0.));
#7082 = ( GEOMETRIC_REPRESENTATION_CONTEXT(2) 
PARAMETRIC_REPRESENTATION_CONTEXT() REPRESENTATION_CONTEXT('2D SPACE',''
  ) );
#7083 = PCURVE('',#1316,#7084);
#7084 = DEFINITIONAL_REPRESENTATION('',(#7085),#7089);
#7085 = LINE('',#7086,#7087);
#7086 = CARTESIAN_POINT('',(0.,0.));
#7087 = VECTOR('',#7088,1.);
#7088 = DIRECTION('',(1.,0.));
#7089 = ( GEOMETRIC_REPRESENTATION_CONTEXT(2) 
PARAMETRIC_REPRESENTATION_CONTEXT() REPRESENTATION_CONTEXT('2D SPACE',''
  ) );
#7090 = ADVANCED_FACE('',(#7091),#1316,.F.);
#7091 = FACE_BOUND('',#7092,.F.);
#7092 = EDGE_LOOP('',(#7093,#7094,#7095,#7250));
#7093 = ORIENTED_EDGE('',*,*,#1190,.F.);
#7094 = ORIENTED_EDGE('',*,*,#7071,.T.);
#7095 = ORIENTED_EDGE('',*,*,#7096,.T.);
#7096 = EDGE_CURVE('',#7022,#7097,#7099,.T.);
#7097 = VERTEX_POINT('',#7098);
#7098 = CARTESIAN_POINT('',(3.98864609181,-1.300239300797,4.111784138534
    ));
#7099 = SURFACE_CURVE('',#7100,(#7148,#7199),.PCURVE_S1.);
#7100 = B_SPLINE_CURVE_WITH_KNOTS('',6,(#7101,#7102,#7103,#7104,#7105,
    #7106,#7107,#7108,#7109,#7110,#7111,#7112,#7113,#7114,#7115,#7116,
    #7117,#7118,#7119,#7120,#7121,#7122,#7123,#7124,#7125,#7126,#7127,
    #7128,#7129,#7130,#7131,#7132,#7133,#7134,#7135,#7136,#7137,#7138,
    #7139,#7140,#7141,#7142,#7143,#7144,#7145,#7146,#7147),
  .UNSPECIFIED.,.F.,.F.,(7,5,5,5,5,5,5,5,5,7),(0.,4.541151420493E-02,
    0.14554236073,0.311563865199,0.500327514139,0.628188283177,
    0.689214380058,0.854282175765,0.95516282814,1.),.UNSPECIFIED.);
#7101 = CARTESIAN_POINT('',(3.739806726031,-1.900990672513,
    4.111784138534));
#7102 = CARTESIAN_POINT('',(3.73425331299,-1.898028445283,4.106189013558
    ));
#7103 = CARTESIAN_POINT('',(3.728809899466,-1.894910917324,
    4.100636542847));
#7104 = CARTESIAN_POINT('',(3.723481642733,-1.891637688439,
    4.095130279997));
#7105 = CARTESIAN_POINT('',(3.718273599855,-1.888208872724,
    4.089673889121));
#7106 = CARTESIAN_POINT('',(3.713190727681,-1.884625098561,
    4.084271144844));
#7107 = CARTESIAN_POINT('',(3.697317028208,-1.872646249749,4.0671399202)
  );
#7108 = CARTESIAN_POINT('',(3.687027492125,-1.86365662352,4.055632747324
    ));
#7109 = CARTESIAN_POINT('',(3.677422533059,-1.853932137375,
    4.044447495681));
#7110 = CARTESIAN_POINT('',(3.668548186263,-1.843498581329,
    4.033626175585));
#7111 = CARTESIAN_POINT('',(3.660441646508,-1.8323947406,4.023208895392)
  );
#7112 = CARTESIAN_POINT('',(3.641006028898,-1.801238107821,
    3.996692594065));
#7113 = CARTESIAN_POINT('',(3.631063304793,-1.780098406242,
    3.981360786961));
#7114 = CARTESIAN_POINT('',(3.623427247487,-1.757497696808,
    3.967412113231));
#7115 = CARTESIAN_POINT('',(3.618115806735,-1.73373331968,3.954960447188
    ));
#7116 = CARTESIAN_POINT('',(3.615075448041,-1.709126409787,
    3.944074823967));
#7117 = CARTESIAN_POINT('',(3.613242001143,-1.655414695879,
    3.924244486846));
#7118 = CARTESIAN_POINT('',(3.615087319746,-1.626152898251,
    3.915768597085));
#7119 = CARTESIAN_POINT('',(3.619620268732,-1.596636289181,
    3.909412320462));
#7120 = CARTESIAN_POINT('',(3.626666672585,-1.567278273847,
    3.905183635504));
#7121 = CARTESIAN_POINT('',(3.636056445356,-1.538462272281,
    3.903078259306));
#7122 = CARTESIAN_POINT('',(3.655485885695,-1.49164799372,3.903109954157
    ));
#7123 = CARTESIAN_POINT('',(3.664337202354,-1.473162173923,
    3.904097420198));
#7124 = CARTESIAN_POINT('',(3.674146002591,-1.45520995343,3.906059389884
    ));
#7125 = CARTESIAN_POINT('',(3.684864872727,-1.437910931848,
    3.908996430514));
#7126 = CARTESIAN_POINT('',(3.696444432017,-1.421387912288,
    3.912907705166));
#7127 = CARTESIAN_POINT('',(3.71474298098,-1.398308647812,3.920118532071
    ));
#7128 = CARTESIAN_POINT('',(3.720838576323,-1.391057391067,
    3.922669065847));
#7129 = CARTESIAN_POINT('',(3.727111869901,-1.384025172619,
    3.925439951083));
#7130 = CARTESIAN_POINT('',(3.733556414675,-1.37722577038,3.92843029269)
  );
#7131 = CARTESIAN_POINT('',(3.740165267293,-1.370672958442,
    3.931638788687));
#7132 = CARTESIAN_POINT('',(3.765231398525,-1.347360230029,
    3.944327759433));
#7133 = CARTESIAN_POINT('',(3.784685508722,-1.33223924943,3.955178489127
    ));
#7134 = CARTESIAN_POINT('',(3.805135552306,-1.319297873339,
    3.967576189688));
#7135 = CARTESIAN_POINT('',(3.826395246037,-1.308795871403,
    3.981452602668));
#7136 = CARTESIAN_POINT('',(3.84824536485,-1.300926990849,3.996695612933
    ));
#7137 = CARTESIAN_POINT('',(3.883986967848,-1.292623916321,
    4.023180139809));
#7138 = CARTESIAN_POINT('',(3.897671847787,-1.290487786657,
    4.033674608006));
#7139 = CARTESIAN_POINT('',(3.911426648519,-1.289383796697,
    4.044579113557));
#7140 = CARTESIAN_POINT('',(3.925196441878,-1.289313042517,
    4.055852636823));
#7141 = CARTESIAN_POINT('',(3.938929341729,-1.290260725649,
    4.067452214053));
#7142 = CARTESIAN_POINT('',(3.95864304505,-1.293058856698,4.084614662595
    ));
#7143 = CARTESIAN_POINT('',(3.964692318621,-1.294115345702,
    4.089951410766));
#7144 = CARTESIAN_POINT('',(3.970720914496,-1.295364797414,
    4.095340309836));
#7145 = CARTESIAN_POINT('',(3.976725039011,-1.296804254881,
    4.100777729637));
#7146 = CARTESIAN_POINT('',(3.982701177002,-1.298430349455,
    4.106260145556));
#7147 = CARTESIAN_POINT('',(3.98864609181,-1.300239300797,4.111784138534
    ));
#7148 = PCURVE('',#1316,#7149);
#7149 = DEFINITIONAL_REPRESENTATION('',(#7150),#7198);
#7150 = B_SPLINE_CURVE_WITH_KNOTS('',6,(#7151,#7152,#7153,#7154,#7155,
    #7156,#7157,#7158,#7159,#7160,#7161,#7162,#7163,#7164,#7165,#7166,
    #7167,#7168,#7169,#7170,#7171,#7172,#7173,#7174,#7175,#7176,#7177,
    #7178,#7179,#7180,#7181,#7182,#7183,#7184,#7185,#7186,#7187,#7188,
    #7189,#7190,#7191,#7192,#7193,#7194,#7195,#7196,#7197),
  .UNSPECIFIED.,.F.,.F.,(7,5,5,5,5,5,5,5,5,7),(0.,4.541151420493E-02,
    0.14554236073,0.311563865199,0.500327514139,0.628188283177,
    0.689214380058,0.854282175765,0.95516282814,1.),.UNSPECIFIED.);
#7151 = CARTESIAN_POINT('',(0.868176180766,0.));
#7152 = CARTESIAN_POINT('',(0.868174088279,6.688128432745E-03));
#7153 = CARTESIAN_POINT('',(0.868172443606,1.343588145387E-02));
#7154 = CARTESIAN_POINT('',(0.868171198914,2.024227433277E-02));
#7155 = CARTESIAN_POINT('',(0.868170307927,2.71060926864E-02));
#7156 = CARTESIAN_POINT('',(0.868169725926,3.40258924793E-02));
#7157 = CARTESIAN_POINT('',(0.868168712581,5.637767029932E-02));
#7158 = CARTESIAN_POINT('',(0.868169309032,7.202049097364E-02));
#7159 = CARTESIAN_POINT('',(0.868170738397,8.790834993978E-02));
#7160 = CARTESIAN_POINT('',(0.868172599625,0.104019003746));
#7161 = CARTESIAN_POINT('',(0.868174573676,0.12032704132));
#7162 = CARTESIAN_POINT('',(0.868179550086,0.164120485115));
#7163 = CARTESIAN_POINT('',(0.868182380207,0.191907556332));
#7164 = CARTESIAN_POINT('',(0.868183907956,0.220023062757));
#7165 = CARTESIAN_POINT('',(0.868183952438,0.248356929309));
#7166 = CARTESIAN_POINT('',(0.868182839112,0.27682215637));
#7167 = CARTESIAN_POINT('',(0.868179034479,0.337779205472));
#7168 = CARTESIAN_POINT('',(0.868176142704,0.370292008551));
#7169 = CARTESIAN_POINT('',(0.868173078663,0.402821112995));
#7170 = CARTESIAN_POINT('',(0.868170749924,0.435339371599));
#7171 = CARTESIAN_POINT('',(0.868169591023,0.467840512798));
#7172 = CARTESIAN_POINT('',(0.868169608467,0.52236551644));
#7173 = CARTESIAN_POINT('',(0.868170150948,0.544383029581));
#7174 = CARTESIAN_POINT('',(0.868171232739,0.566404264377));
#7175 = CARTESIAN_POINT('',(0.868172750822,0.588429983088));
#7176 = CARTESIAN_POINT('',(0.868174525476,0.610456736835));
#7177 = CARTESIAN_POINT('',(0.868177191976,0.642986429493));
#7178 = CARTESIAN_POINT('',(0.868178060992,0.653494330265));
#7179 = CARTESIAN_POINT('',(0.868178912263,0.663999212881));
#7180 = CARTESIAN_POINT('',(0.868179720725,0.674499425298));
#7181 = CARTESIAN_POINT('',(0.868180461501,0.684992798284));
#7182 = CARTESIAN_POINT('',(0.868182863772,0.723834112557));
#7183 = CARTESIAN_POINT('',(0.868183949274,0.752131478332));
#7184 = CARTESIAN_POINT('',(0.868183886068,0.78029787944));
#7185 = CARTESIAN_POINT('',(0.868182359062,0.808247556346));
#7186 = CARTESIAN_POINT('',(0.868179549241,0.835872221564));
#7187 = CARTESIAN_POINT('',(0.868174579242,0.87963291185));
#7188 = CARTESIAN_POINT('',(0.868172589194,0.89606233569));
#7189 = CARTESIAN_POINT('',(0.868170713276,0.912291380001));
#7190 = CARTESIAN_POINT('',(0.868169278056,0.928294076761));
#7191 = CARTESIAN_POINT('',(0.868168694464,0.94404773206));
#7192 = CARTESIAN_POINT('',(0.86816976343,0.966413881998));
#7193 = CARTESIAN_POINT('',(0.868170353581,0.973242896808));
#7194 = CARTESIAN_POINT('',(0.868171246575,0.980017290912));
#7195 = CARTESIAN_POINT('',(0.868172485491,0.986735680282));
#7196 = CARTESIAN_POINT('',(0.868174114881,0.993396899148));
#7197 = CARTESIAN_POINT('',(0.868176180766,1.));
#7198 = ( GEOMETRIC_REPRESENTATION_CONTEXT(2) 
PARAMETRIC_REPRESENTATION_CONTEXT() REPRESENTATION_CONTEXT('2D SPACE',''
  ) );
#7199 = PCURVE('',#200,#7200);
#7200 = DEFINITIONAL_REPRESENTATION('',(#7201),#7249);
#7201 = B_SPLINE_CURVE_WITH_KNOTS('',6,(#7202,#7203,#7204,#7205,#7206,
    #7207,#7208,#7209,#7210,#7211,#7212,#7213,#7214,#7215,#7216,#7217,
    #7218,#7219,#7220,#7221,#7222,#7223,#7224,#7225,#7226,#7227,#7228,
    #7229,#7230,#7231,#7232,#7233,#7234,#7235,#7236,#7237,#7238,#7239,
    #7240,#7241,#7242,#7243,#7244,#7245,#7246,#7247,#7248),
  .UNSPECIFIED.,.F.,.F.,(7,5,5,5,5,5,5,5,5,7),(0.,4.541151420493E-02,
    0.14554236073,0.311563865199,0.500327514139,0.628188283177,
    0.689214380058,0.854282175765,0.95516282814,1.),.UNSPECIFIED.);
#7202 = CARTESIAN_POINT('',(-5.260240917219,-0.844021272475));
#7203 = CARTESIAN_POINT('',(-5.260211305099,-0.845354961097));
#7204 = CARTESIAN_POINT('',(-5.260136706469,-0.84668088294));
#7205 = CARTESIAN_POINT('',(-5.260016173082,-0.847998143046));
#7206 = CARTESIAN_POINT('',(-5.259848875701,-0.849305809169));
#7207 = CARTESIAN_POINT('',(-5.259634104089,-0.850602911775));
#7208 = CARTESIAN_POINT('',(-5.258791720203,-0.854722999013));
#7209 = CARTESIAN_POINT('',(-5.257978469719,-0.857501509123));
#7210 = CARTESIAN_POINT('',(-5.256925353198,-0.860212841376));
#7211 = CARTESIAN_POINT('',(-5.255629720687,-0.862845838108));
#7212 = CARTESIAN_POINT('',(-5.254093115625,-0.865389576456));
#7213 = CARTESIAN_POINT('',(-5.249385292151,-0.871885976364));
#7214 = CARTESIAN_POINT('',(-5.245802878721,-0.875665486796));
#7215 = CARTESIAN_POINT('',(-5.241604045513,-0.879123576053));
#7216 = CARTESIAN_POINT('',(-5.236848339873,-0.882225460172));
#7217 = CARTESIAN_POINT('',(-5.231614919654,-0.884947550585));
#7218 = CARTESIAN_POINT('',(-5.219598720622,-0.889920950987));
#7219 = CARTESIAN_POINT('',(-5.212701270723,-0.892057001018));
#7220 = CARTESIAN_POINT('',(-5.205421259889,-0.893664339846));
#7221 = CARTESIAN_POINT('',(-5.197890176485,-0.894735429261));
#7222 = CARTESIAN_POINT('',(-5.190236656467,-0.895268701802));
#7223 = CARTESIAN_POINT('',(-5.177398378848,-0.895260673813));
#7224 = CARTESIAN_POINT('',(-5.172214639204,-0.895010559719));
#7225 = CARTESIAN_POINT('',(-5.167069962125,-0.894513613724));
#7226 = CARTESIAN_POINT('',(-5.162003877641,-0.893770277012));
#7227 = CARTESIAN_POINT('',(-5.157056200653,-0.892781900106));
#7228 = CARTESIAN_POINT('',(-5.149979963563,-0.89096388044));
#7229 = CARTESIAN_POINT('',(-5.147729721088,-0.89032134274));
#7230 = CARTESIAN_POINT('',(-5.145519797327,-0.889623943543));
#7231 = CARTESIAN_POINT('',(-5.143354500516,-0.888872113744));
#7232 = CARTESIAN_POINT('',(-5.141238096402,-0.888066409817));
#7233 = CARTESIAN_POINT('',(-5.133593877383,-0.884884309826));
#7234 = CARTESIAN_POINT('',(-5.128399628475,-0.882171165804));
#7235 = CARTESIAN_POINT('',(-5.12367859192,-0.879082944796));
#7236 = CARTESIAN_POINT('',(-5.119508389824,-0.875642930612));
#7237 = CARTESIAN_POINT('',(-5.115947435486,-0.871885352511));
#7238 = CARTESIAN_POINT('',(-5.111238371468,-0.865396551287));
#7239 = CARTESIAN_POINT('',(-5.109690115157,-0.862833949083));
#7240 = CARTESIAN_POINT('',(-5.108386452977,-0.860180766077));
#7241 = CARTESIAN_POINT('',(-5.107328947238,-0.85744817262));
#7242 = CARTESIAN_POINT('',(-5.106514843362,-0.854647577102));
#7243 = CARTESIAN_POINT('',(-5.10568129942,-0.850520443026));
#7244 = CARTESIAN_POINT('',(-5.10547164133,-0.849239301255));
#7245 = CARTESIAN_POINT('',(-5.105308231577,-0.84794789889));
#7246 = CARTESIAN_POINT('',(-5.105190383514,-0.846647168135));
#7247 = CARTESIAN_POINT('',(-5.105117297738,-0.845338005634));
#7248 = CARTESIAN_POINT('',(-5.105088062083,-0.844021272475));
#7249 = ( GEOMETRIC_REPRESENTATION_CONTEXT(2) 
PARAMETRIC_REPRESENTATION_CONTEXT() REPRESENTATION_CONTEXT('2D SPACE',''
  ) );
#7250 = ORIENTED_EDGE('',*,*,#7251,.F.);
#7251 = EDGE_CURVE('',#1191,#7097,#7252,.T.);
#7252 = SURFACE_CURVE('',#7253,(#7256,#7263),.PCURVE_S1.);
#7253 = B_SPLINE_CURVE_WITH_KNOTS('',1,(#7254,#7255),.UNSPECIFIED.,.F.,
  .F.,(2,2),(0.,1.),.PIECEWISE_BEZIER_KNOTS.);
#7254 = CARTESIAN_POINT('',(8.687686800532,-2.832056680653,
    -1.446944832201));
#7255 = CARTESIAN_POINT('',(3.27514403234,-1.067648241684,4.955821212164
    ));
#7256 = PCURVE('',#1316,#7257);
#7257 = DEFINITIONAL_REPRESENTATION('',(#7258),#7262);
#7258 = LINE('',#7259,#7260);
#7259 = CARTESIAN_POINT('',(0.,1.));
#7260 = VECTOR('',#7261,1.);
#7261 = DIRECTION('',(1.,0.));
#7262 = ( GEOMETRIC_REPRESENTATION_CONTEXT(2) 
PARAMETRIC_REPRESENTATION_CONTEXT() REPRESENTATION_CONTEXT('2D SPACE',''
  ) );
#7263 = PCURVE('',#1431,#7264);
#7264 = DEFINITIONAL_REPRESENTATION('',(#7265),#7269);
#7265 = LINE('',#7266,#7267);
#7266 = CARTESIAN_POINT('',(0.,0.));
#7267 = VECTOR('',#7268,1.);
#7268 = DIRECTION('',(1.,0.));
#7269 = ( GEOMETRIC_REPRESENTATION_CONTEXT(2) 
PARAMETRIC_REPRESENTATION_CONTEXT() REPRESENTATION_CONTEXT('2D SPACE',''
  ) );
#7270 = ADVANCED_FACE('',(#7271),#1431,.F.);
#7271 = FACE_BOUND('',#7272,.F.);
#7272 = EDGE_LOOP('',(#7273,#7295,#7296,#7297));
#7273 = ORIENTED_EDGE('',*,*,#7274,.F.);
#7274 = EDGE_CURVE('',#1388,#7275,#7277,.T.);
#7275 = VERTEX_POINT('',#7276);
#7276 = CARTESIAN_POINT('',(4.70430852018,-1.138877838347,4.77609800971)
  );
#7277 = SURFACE_CURVE('',#7278,(#7281,#7288),.PCURVE_S1.);
#7278 = B_SPLINE_CURVE_WITH_KNOTS('',1,(#7279,#7280),.UNSPECIFIED.,.F.,
  .F.,(2,2),(0.,1.),.PIECEWISE_BEZIER_KNOTS.);
#7279 = CARTESIAN_POINT('',(10.246474140766,-2.480594601748,
    -1.7763568394E-15));
#7280 = CARTESIAN_POINT('',(3.862786424644,-0.935151645438,
    5.501300445142));
#7281 = PCURVE('',#1431,#7282);
#7282 = DEFINITIONAL_REPRESENTATION('',(#7283),#7287);
#7283 = LINE('',#7284,#7285);
#7284 = CARTESIAN_POINT('',(0.,1.));
#7285 = VECTOR('',#7286,1.);
#7286 = DIRECTION('',(1.,0.));
#7287 = ( GEOMETRIC_REPRESENTATION_CONTEXT(2) 
PARAMETRIC_REPRESENTATION_CONTEXT() REPRESENTATION_CONTEXT('2D SPACE',''
  ) );
#7288 = PCURVE('',#1481,#7289);
#7289 = DEFINITIONAL_REPRESENTATION('',(#7290),#7294);
#7290 = LINE('',#7291,#7292);
#7291 = CARTESIAN_POINT('',(0.,0.));
#7292 = VECTOR('',#7293,1.);
#7293 = DIRECTION('',(1.,0.));
#7294 = ( GEOMETRIC_REPRESENTATION_CONTEXT(2) 
PARAMETRIC_REPRESENTATION_CONTEXT() REPRESENTATION_CONTEXT('2D SPACE',''
  ) );
#7295 = ORIENTED_EDGE('',*,*,#1387,.F.);
#7296 = ORIENTED_EDGE('',*,*,#7251,.T.);
#7297 = ORIENTED_EDGE('',*,*,#7298,.T.);
#7298 = EDGE_CURVE('',#7097,#7275,#7299,.T.);
#7299 = SURFACE_CURVE('',#7300,(#7315,#7333),.PCURVE_S1.);
#7300 = B_SPLINE_CURVE_WITH_KNOTS('',7,(#7301,#7302,#7303,#7304,#7305,
    #7306,#7307,#7308,#7309,#7310,#7311,#7312,#7313,#7314),
  .UNSPECIFIED.,.F.,.F.,(8,6,8),(0.,0.850488693814,1.),.UNSPECIFIED.);
#7301 = CARTESIAN_POINT('',(3.98864609181,-1.300239300797,4.111784138534
    ));
#7302 = CARTESIAN_POINT('',(4.078757886897,-1.316002881876,4.19230361039
    ));
#7303 = CARTESIAN_POINT('',(4.169642881835,-1.317852199731,
    4.273314986259));
#7304 = CARTESIAN_POINT('',(4.260223899474,-1.307494850234,
    4.354277802846));
#7305 = CARTESIAN_POINT('',(4.349546397498,-1.287204797876,4.43501462967
    ));
#7306 = CARTESIAN_POINT('',(4.436914770477,-1.259178389711,
    4.515535035152));
#7307 = CARTESIAN_POINT('',(4.521939797399,-1.225368335478,
    4.595981932405));
#7308 = CARTESIAN_POINT('',(4.618973715206,-1.180939261314,
    4.690848291225));
#7309 = CARTESIAN_POINT('',(4.633402172314,-1.17417466001,4.705037222957
    ));
#7310 = CARTESIAN_POINT('',(4.647749965268,-1.167298261552,
    4.719232524444));
#7311 = CARTESIAN_POINT('',(4.662015729001,-1.160320222247,4.7334352257)
  );
#7312 = CARTESIAN_POINT('',(4.676198186843,-1.153250699471,
    4.747646355504));
#7313 = CARTESIAN_POINT('',(4.690296150526,-1.146099851667,
    4.761866941402));
#7314 = CARTESIAN_POINT('',(4.70430852018,-1.138877838347,4.77609800971)
  );
#7315 = PCURVE('',#1431,#7316);
#7316 = DEFINITIONAL_REPRESENTATION('',(#7317),#7332);
#7317 = B_SPLINE_CURVE_WITH_KNOTS('',7,(#7318,#7319,#7320,#7321,#7322,
    #7323,#7324,#7325,#7326,#7327,#7328,#7329,#7330,#7331),
  .UNSPECIFIED.,.F.,.F.,(8,6,8),(0.,0.850488693814,1.),.UNSPECIFIED.);
#7318 = CARTESIAN_POINT('',(0.868176180766,0.));
#7319 = CARTESIAN_POINT('',(0.86817949558,0.121319395184));
#7320 = CARTESIAN_POINT('',(0.868182887861,0.243256144406));
#7321 = CARTESIAN_POINT('',(0.868175989236,0.365136118194));
#7322 = CARTESIAN_POINT('',(0.868168348891,0.486634337553));
#7323 = CARTESIAN_POINT('',(0.868169537288,0.607730129852));
#7324 = CARTESIAN_POINT('',(0.868178832593,0.72869691684));
#7325 = CARTESIAN_POINT('',(0.868181617035,0.871521299694));
#7326 = CARTESIAN_POINT('',(0.868181817794,0.892887799796));
#7327 = CARTESIAN_POINT('',(0.868181721623,0.914269400816));
#7328 = CARTESIAN_POINT('',(0.86818123116,0.935668677));
#7329 = CARTESIAN_POINT('',(0.868180233068,0.957088315996));
#7330 = CARTESIAN_POINT('',(0.868178598033,0.978531118848));
#7331 = CARTESIAN_POINT('',(0.868176180766,1.));
#7332 = ( GEOMETRIC_REPRESENTATION_CONTEXT(2) 
PARAMETRIC_REPRESENTATION_CONTEXT() REPRESENTATION_CONTEXT('2D SPACE',''
  ) );
#7333 = PCURVE('',#200,#7334);
#7334 = DEFINITIONAL_REPRESENTATION('',(#7335),#7350);
#7335 = B_SPLINE_CURVE_WITH_KNOTS('',7,(#7336,#7337,#7338,#7339,#7340,
    #7341,#7342,#7343,#7344,#7345,#7346,#7347,#7348,#7349),
  .UNSPECIFIED.,.F.,.F.,(8,6,8),(0.,0.850488693814,1.),.UNSPECIFIED.);
#7336 = CARTESIAN_POINT('',(-5.105088062083,-0.844021272475));
#7337 = CARTESIAN_POINT('',(-5.102003300804,-0.824828152762));
#7338 = CARTESIAN_POINT('',(-5.09586333549,-0.806001162115));
#7339 = CARTESIAN_POINT('',(-5.08740145299,-0.787624247576));
#7340 = CARTESIAN_POINT('',(-5.077321576997,-0.769685291593));
#7341 = CARTESIAN_POINT('',(-5.066179180553,-0.752142170313));
#7342 = CARTESIAN_POINT('',(-5.054412774025,-0.734930930367));
#7343 = CARTESIAN_POINT('',(-5.040269153403,-0.71498069863));
#7344 = CARTESIAN_POINT('',(-5.03814670523,-0.712005857034));
#7345 = CARTESIAN_POINT('',(-5.036018497843,-0.709038612403));
#7346 = CARTESIAN_POINT('',(-5.033886553508,-0.706078625237));
#7347 = CARTESIAN_POINT('',(-5.031752858988,-0.703125563186));
#7348 = CARTESIAN_POINT('',(-5.029619365549,-0.700179101047));
#7349 = CARTESIAN_POINT('',(-5.027487988952,-0.697238920763));
#7350 = ( GEOMETRIC_REPRESENTATION_CONTEXT(2) 
PARAMETRIC_REPRESENTATION_CONTEXT() REPRESENTATION_CONTEXT('2D SPACE',''
  ) );
#7351 = ADVANCED_FACE('',(#7352),#1481,.F.);
#7352 = FACE_BOUND('',#7353,.F.);
#7353 = EDGE_LOOP('',(#7354,#7355,#7356,#7386));
#7354 = ORIENTED_EDGE('',*,*,#1461,.F.);
#7355 = ORIENTED_EDGE('',*,*,#7274,.T.);
#7356 = ORIENTED_EDGE('',*,*,#7357,.T.);
#7357 = EDGE_CURVE('',#7275,#7358,#7360,.T.);
#7358 = VERTEX_POINT('',#7359);
#7359 = CARTESIAN_POINT('',(4.782044036636,-0.748075006527,4.77609800971
    ));
#7360 = SURFACE_CURVE('',#7361,(#7367,#7376),.PCURVE_S1.);
#7361 = B_SPLINE_CURVE_WITH_KNOTS('',4,(#7362,#7363,#7364,#7365,#7366),
  .UNSPECIFIED.,.F.,.F.,(5,5),(0.,1.),.PIECEWISE_BEZIER_KNOTS.);
#7362 = CARTESIAN_POINT('',(4.70430852018,-1.138877838347,4.77609800971)
  );
#7363 = CARTESIAN_POINT('',(4.727754538753,-1.042032593712,4.77609800971
    ));
#7364 = CARTESIAN_POINT('',(4.748540441667,-0.94454342085,4.77609800971)
  );
#7365 = CARTESIAN_POINT('',(4.76664426269,-0.846520748729,4.77609800971)
  );
#7366 = CARTESIAN_POINT('',(4.782044036636,-0.748075006527,4.77609800971
    ));
#7367 = PCURVE('',#1481,#7368);
#7368 = DEFINITIONAL_REPRESENTATION('',(#7369),#7375);
#7369 = B_SPLINE_CURVE_WITH_KNOTS('',4,(#7370,#7371,#7372,#7373,#7374),
  .UNSPECIFIED.,.F.,.F.,(5,5),(0.,1.),.PIECEWISE_BEZIER_KNOTS.);
#7370 = CARTESIAN_POINT('',(0.868176180766,0.));
#7371 = CARTESIAN_POINT('',(0.868176180766,0.24999999594));
#7372 = CARTESIAN_POINT('',(0.868176180766,0.5));
#7373 = CARTESIAN_POINT('',(0.868176180766,0.75000000406));
#7374 = CARTESIAN_POINT('',(0.868176180766,1.));
#7375 = ( GEOMETRIC_REPRESENTATION_CONTEXT(2) 
PARAMETRIC_REPRESENTATION_CONTEXT() REPRESENTATION_CONTEXT('2D SPACE',''
  ) );
#7376 = PCURVE('',#200,#7377);
#7377 = DEFINITIONAL_REPRESENTATION('',(#7378),#7385);
#7378 = B_SPLINE_CURVE_WITH_KNOTS('',5,(#7379,#7380,#7381,#7382,#7383,
    #7384),.UNSPECIFIED.,.F.,.F.,(6,6),(0.,1.),
  .PIECEWISE_BEZIER_KNOTS.);
#7379 = CARTESIAN_POINT('',(-5.027487988952,-0.697238920763));
#7380 = CARTESIAN_POINT('',(-5.011018769556,-0.697238880386));
#7381 = CARTESIAN_POINT('',(-4.99454956147,-0.69723895441));
#7382 = CARTESIAN_POINT('',(-4.978080336133,-0.69723895441));
#7383 = CARTESIAN_POINT('',(-4.961611128047,-0.697238880386));
#7384 = CARTESIAN_POINT('',(-4.945141908652,-0.697238920763));
#7385 = ( GEOMETRIC_REPRESENTATION_CONTEXT(2) 
PARAMETRIC_REPRESENTATION_CONTEXT() REPRESENTATION_CONTEXT('2D SPACE',''
  ) );
#7386 = ORIENTED_EDGE('',*,*,#7387,.F.);
#7387 = EDGE_CURVE('',#1462,#7358,#7388,.T.);
#7388 = SURFACE_CURVE('',#7389,(#7392,#7399),.PCURVE_S1.);
#7389 = B_SPLINE_CURVE_WITH_KNOTS('',1,(#7390,#7391),.UNSPECIFIED.,.F.,
  .F.,(2,2),(0.,1.),.PIECEWISE_BEZIER_KNOTS.);
#7390 = CARTESIAN_POINT('',(10.415790195563,-1.629385312816,
    -1.7763568394E-15));
#7391 = CARTESIAN_POINT('',(3.926616357649,-0.614256902461,
    5.501300445142));
#7392 = PCURVE('',#1481,#7393);
#7393 = DEFINITIONAL_REPRESENTATION('',(#7394),#7398);
#7394 = LINE('',#7395,#7396);
#7395 = CARTESIAN_POINT('',(0.,1.));
#7396 = VECTOR('',#7397,1.);
#7397 = DIRECTION('',(1.,0.));
#7398 = ( GEOMETRIC_REPRESENTATION_CONTEXT(2) 
PARAMETRIC_REPRESENTATION_CONTEXT() REPRESENTATION_CONTEXT('2D SPACE',''
  ) );
#7399 = PCURVE('',#1533,#7400);
#7400 = DEFINITIONAL_REPRESENTATION('',(#7401),#7405);
#7401 = LINE('',#7402,#7403);
#7402 = CARTESIAN_POINT('',(0.,0.));
#7403 = VECTOR('',#7404,1.);
#7404 = DIRECTION('',(1.,0.));
#7405 = ( GEOMETRIC_REPRESENTATION_CONTEXT(2) 
PARAMETRIC_REPRESENTATION_CONTEXT() REPRESENTATION_CONTEXT('2D SPACE',''
  ) );
#7406 = ADVANCED_FACE('',(#7407),#1533,.F.);
#7407 = FACE_BOUND('',#7408,.F.);
#7408 = EDGE_LOOP('',(#7409,#7410,#7411,#7461));
#7409 = ORIENTED_EDGE('',*,*,#1499,.F.);
#7410 = ORIENTED_EDGE('',*,*,#7387,.T.);
#7411 = ORIENTED_EDGE('',*,*,#7412,.T.);
#7412 = EDGE_CURVE('',#7358,#7413,#7415,.T.);
#7413 = VERTEX_POINT('',#7414);
#7414 = CARTESIAN_POINT('',(4.18260852518,-0.32512429953,4.111784138534)
  );
#7415 = SURFACE_CURVE('',#7416,(#7429,#7445),.PCURVE_S1.);
#7416 = B_SPLINE_CURVE_WITH_KNOTS('',6,(#7417,#7418,#7419,#7420,#7421,
    #7422,#7423,#7424,#7425,#7426,#7427,#7428),.UNSPECIFIED.,.F.,.F.,(7,
    5,7),(0.,0.745763346882,1.),.UNSPECIFIED.);
#7417 = CARTESIAN_POINT('',(4.782044036636,-0.748075006527,4.77609800971
    ));
#7418 = CARTESIAN_POINT('',(4.722794267935,-0.678044969182,
    4.693286402893));
#7419 = CARTESIAN_POINT('',(4.659879605902,-0.609208418993,
    4.610893134214));
#7420 = CARTESIAN_POINT('',(4.59260767086,-0.543608040132,4.528585118858
    ));
#7421 = CARTESIAN_POINT('',(4.520485071082,-0.483387186215,
    4.446177525407));
#7422 = CARTESIAN_POINT('',(4.443184742464,-0.431147143524,
    4.363549794152));
#7423 = CARTESIAN_POINT('',(4.332427722927,-0.375355640288,
    4.252610855808));
#7424 = CARTESIAN_POINT('',(4.303659914802,-0.362410399452,
    4.224400218865));
#7425 = CARTESIAN_POINT('',(4.274283304147,-0.350810290876,
    4.196193025022));
#7426 = CARTESIAN_POINT('',(4.244304807588,-0.340662587448,
    4.168004824259));
#7427 = CARTESIAN_POINT('',(4.213738859569,-0.332069888186,
    4.139858291714));
#7428 = CARTESIAN_POINT('',(4.18260852518,-0.32512429953,4.111784138534)
  );
#7429 = PCURVE('',#1533,#7430);
#7430 = DEFINITIONAL_REPRESENTATION('',(#7431),#7444);
#7431 = B_SPLINE_CURVE_WITH_KNOTS('',6,(#7432,#7433,#7434,#7435,#7436,
    #7437,#7438,#7439,#7440,#7441,#7442,#7443),.UNSPECIFIED.,.F.,.F.,(7,
    5,7),(0.,0.745763346882,1.),.UNSPECIFIED.);
#7432 = CARTESIAN_POINT('',(0.868176180766,0.));
#7433 = CARTESIAN_POINT('',(0.868190247015,0.124928958689));
#7434 = CARTESIAN_POINT('',(0.868177102037,0.248869848926));
#7435 = CARTESIAN_POINT('',(0.868168239923,0.372619626148));
#7436 = CARTESIAN_POINT('',(0.868171177297,0.496589424306));
#7437 = CARTESIAN_POINT('',(0.86817608475,0.620926960562));
#7438 = CARTESIAN_POINT('',(0.868178901352,0.787921128881));
#7439 = CARTESIAN_POINT('',(0.868179296179,0.830390780008));
#7440 = CARTESIAN_POINT('',(0.868179193195,0.872860304798));
#7441 = CARTESIAN_POINT('',(0.868178498827,0.915307242681));
#7442 = CARTESIAN_POINT('',(0.868177336519,0.95770042692));
#7443 = CARTESIAN_POINT('',(0.868176180766,1.));
#7444 = ( GEOMETRIC_REPRESENTATION_CONTEXT(2) 
PARAMETRIC_REPRESENTATION_CONTEXT() REPRESENTATION_CONTEXT('2D SPACE',''
  ) );
#7445 = PCURVE('',#200,#7446);
#7446 = DEFINITIONAL_REPRESENTATION('',(#7447),#7460);
#7447 = B_SPLINE_CURVE_WITH_KNOTS('',6,(#7448,#7449,#7450,#7451,#7452,
    #7453,#7454,#7455,#7456,#7457,#7458,#7459),.UNSPECIFIED.,.F.,.F.,(7,
    5,7),(0.,0.745763346882,1.),.UNSPECIFIED.);
#7448 = CARTESIAN_POINT('',(-4.945141908652,-0.697238920763));
#7449 = CARTESIAN_POINT('',(-4.93273927542,-0.714348040639));
#7450 = CARTESIAN_POINT('',(-4.920270691954,-0.731664896156));
#7451 = CARTESIAN_POINT('',(-4.908138420291,-0.749281031375));
#7452 = CARTESIAN_POINT('',(-4.896795460991,-0.767267597646));
#7453 = CARTESIAN_POINT('',(-4.886848297798,-0.785695821878));
#7454 = CARTESIAN_POINT('',(-4.876406126868,-0.811036202031));
#7455 = CARTESIAN_POINT('',(-4.874002966607,-0.817531759813));
#7456 = CARTESIAN_POINT('',(-4.87188182897,-0.82408035971));
#7457 = CARTESIAN_POINT('',(-4.870075357377,-0.830680603294));
#7458 = CARTESIAN_POINT('',(-4.868617377357,-0.837329343549));
#7459 = CARTESIAN_POINT('',(-4.86754183552,-0.844021272475));
#7460 = ( GEOMETRIC_REPRESENTATION_CONTEXT(2) 
PARAMETRIC_REPRESENTATION_CONTEXT() REPRESENTATION_CONTEXT('2D SPACE',''
  ) );
#7461 = ORIENTED_EDGE('',*,*,#7462,.F.);
#7462 = EDGE_CURVE('',#1500,#7413,#7463,.T.);
#7463 = SURFACE_CURVE('',#7464,(#7467,#7474),.PCURVE_S1.);
#7464 = B_SPLINE_CURVE_WITH_KNOTS('',1,(#7465,#7466),.UNSPECIFIED.,.F.,
  .F.,(2,2),(0.,1.),.PIECEWISE_BEZIER_KNOTS.);
#7465 = CARTESIAN_POINT('',(9.110157191085,-0.708154601973,
    -1.446944832201));
#7466 = CARTESIAN_POINT('',(3.434409831191,-0.266965001372,
    4.955821212164));
#7467 = PCURVE('',#1533,#7468);
#7468 = DEFINITIONAL_REPRESENTATION('',(#7469),#7473);
#7469 = LINE('',#7470,#7471);
#7470 = CARTESIAN_POINT('',(0.,1.));
#7471 = VECTOR('',#7472,1.);
#7472 = DIRECTION('',(1.,0.));
#7473 = ( GEOMETRIC_REPRESENTATION_CONTEXT(2) 
PARAMETRIC_REPRESENTATION_CONTEXT() REPRESENTATION_CONTEXT('2D SPACE',''
  ) );
#7474 = PCURVE('',#1684,#7475);
#7475 = DEFINITIONAL_REPRESENTATION('',(#7476),#7480);
#7476 = LINE('',#7477,#7478);
#7477 = CARTESIAN_POINT('',(0.,0.));
#7478 = VECTOR('',#7479,1.);
#7479 = DIRECTION('',(1.,0.));
#7480 = ( GEOMETRIC_REPRESENTATION_CONTEXT(2) 
PARAMETRIC_REPRESENTATION_CONTEXT() REPRESENTATION_CONTEXT('2D SPACE',''
  ) );
#7481 = ADVANCED_FACE('',(#7482),#1684,.F.);
#7482 = FACE_BOUND('',#7483,.F.);
#7483 = EDGE_LOOP('',(#7484,#7485,#7486,#7641));
#7484 = ORIENTED_EDGE('',*,*,#1558,.F.);
#7485 = ORIENTED_EDGE('',*,*,#7462,.T.);
#7486 = ORIENTED_EDGE('',*,*,#7487,.T.);
#7487 = EDGE_CURVE('',#7413,#7488,#7490,.T.);
#7488 = VERTEX_POINT('',#7489);
#7489 = CARTESIAN_POINT('',(4.18260852518,0.32512429953,4.111784138534)
  );
#7490 = SURFACE_CURVE('',#7491,(#7539,#7590),.PCURVE_S1.);
#7491 = B_SPLINE_CURVE_WITH_KNOTS('',6,(#7492,#7493,#7494,#7495,#7496,
    #7497,#7498,#7499,#7500,#7501,#7502,#7503,#7504,#7505,#7506,#7507,
    #7508,#7509,#7510,#7511,#7512,#7513,#7514,#7515,#7516,#7517,#7518,
    #7519,#7520,#7521,#7522,#7523,#7524,#7525,#7526,#7527,#7528,#7529,
    #7530,#7531,#7532,#7533,#7534,#7535,#7536,#7537,#7538),
  .UNSPECIFIED.,.F.,.F.,(7,5,5,5,5,5,5,5,5,7),(0.,4.541151420685E-02,
    0.14554236076,0.311563863706,0.500327512658,0.628188307064,
    0.689214404005,0.854282244891,0.955163040138,1.),.UNSPECIFIED.);
#7492 = CARTESIAN_POINT('',(4.18260852518,-0.32512429953,4.111784138534)
  );
#7493 = CARTESIAN_POINT('',(4.176344245251,-0.324512757586,
    4.106189013558));
#7494 = CARTESIAN_POINT('',(4.170122160609,-0.323715641483,
    4.100636542847));
#7495 = CARTESIAN_POINT('',(4.163946882806,-0.322730607887,
    4.095130279997));
#7496 = CARTESIAN_POINT('',(4.157823127619,-0.321555826951,
    4.089673889121));
#7497 = CARTESIAN_POINT('',(4.151755715053,-0.320189982322,
    4.084271144844));
#7498 = CARTESIAN_POINT('',(4.132506222023,-0.31519757088,4.067139920198
    ));
#7499 = CARTESIAN_POINT('',(4.119559749213,-0.310829874187,
    4.055632747318));
#7500 = CARTESIAN_POINT('',(4.106964524383,-0.305521279174,
    4.044447495673));
#7501 = CARTESIAN_POINT('',(4.094772947971,-0.299277995782,
    4.033626175574));
#7502 = CARTESIAN_POINT('',(4.083034225928,-0.292121623055,
    4.023208895379));
#7503 = CARTESIAN_POINT('',(4.053154929613,-0.270774336704,
    3.996692594204));
#7504 = CARTESIAN_POINT('',(4.035879236904,-0.255048715045,
    3.981360787231));
#7505 = CARTESIAN_POINT('',(4.020175522907,-0.237090575004,
    3.967412113605));
#7506 = CARTESIAN_POINT('',(4.006174158183,-0.217167753986,
    3.954960447637));
#7507 = CARTESIAN_POINT('',(3.993948576325,-0.195597428737,
    3.944074824459));
#7508 = CARTESIAN_POINT('',(3.971700109146,-0.146675905692,
    3.924244487268));
#7509 = CARTESIAN_POINT('',(3.962206955985,-0.118935356975,
    3.915768597423));
#7510 = CARTESIAN_POINT('',(3.95509933741,-8.993088154836E-02,
    3.909412320715));
#7511 = CARTESIAN_POINT('',(3.950374539537,-6.011107007983E-02,
    3.905183635673));
#7512 = CARTESIAN_POINT('',(3.948022151935,-2.98952455632E-02,
    3.90307825939));
#7513 = CARTESIAN_POINT('',(3.948057565233,2.07908372072E-02,
    3.903109954102));
#7514 = CARTESIAN_POINT('',(3.94916089893,4.125676406438E-02,
    3.904097420474));
#7515 = CARTESIAN_POINT('',(3.951353032154,6.15961224793E-02,
    3.906059390879));
#7516 = CARTESIAN_POINT('',(3.954635929165,8.168027231696E-02,
    3.908996432615));
#7517 = CARTESIAN_POINT('',(3.95901096282,0.101376861022,3.912907708758)
  );
#7518 = CARTESIAN_POINT('',(3.967084568125,0.129701875712,3.92011853797)
  );
#7519 = CARTESIAN_POINT('',(3.969941228568,0.138733846503,3.922669072179
    ));
#7520 = CARTESIAN_POINT('',(3.973045883101,0.147631454442,3.925439957848
    ));
#7521 = CARTESIAN_POINT('',(3.976397848013,0.156379503222,3.928430299887
    ));
#7522 = CARTESIAN_POINT('',(3.979995979602,0.164962610134,3.931638796314
    ));
#7523 = CARTESIAN_POINT('',(3.994232674903,0.196093160816,3.94432777117)
  );
#7524 = CARTESIAN_POINT('',(4.006419385487,0.217507895342,3.955178505398
    ));
#7525 = CARTESIAN_POINT('',(4.020360317994,0.237290063915,3.967576211295
    ));
#7526 = CARTESIAN_POINT('',(4.03598277859,0.255128382921,3.981452630328)
  );
#7527 = CARTESIAN_POINT('',(4.053158373418,0.270759959308,3.996695647222
    ));
#7528 = CARTESIAN_POINT('',(4.083001885488,0.29210872631,4.023180196869)
  );
#7529 = CARTESIAN_POINT('',(4.09482762361,0.299319235422,4.033674681999)
  );
#7530 = CARTESIAN_POINT('',(4.107112943988,0.30560292656,4.044579205477)
  );
#7531 = CARTESIAN_POINT('',(4.119807518831,0.310937766949,4.055852747481
    ));
#7532 = CARTESIAN_POINT('',(4.132857748234,0.315317572677,4.06745234407)
  );
#7533 = CARTESIAN_POINT('',(4.152141629056,0.320276527605,4.084614788763
    ));
#7534 = CARTESIAN_POINT('',(4.158134702631,0.321615405959,4.089951512687
    ));
#7535 = CARTESIAN_POINT('',(4.164182515556,0.322768098784,4.095340386965
    ));
#7536 = CARTESIAN_POINT('',(4.170280431427,0.323735886163,4.100777781482
    ));
#7537 = CARTESIAN_POINT('',(4.1764239136,0.324520535102,4.106260171675)
  );
#7538 = CARTESIAN_POINT('',(4.18260852518,0.32512429953,4.111784138534)
  );
#7539 = PCURVE('',#1684,#7540);
#7540 = DEFINITIONAL_REPRESENTATION('',(#7541),#7589);
#7541 = B_SPLINE_CURVE_WITH_KNOTS('',6,(#7542,#7543,#7544,#7545,#7546,
    #7547,#7548,#7549,#7550,#7551,#7552,#7553,#7554,#7555,#7556,#7557,
    #7558,#7559,#7560,#7561,#7562,#7563,#7564,#7565,#7566,#7567,#7568,
    #7569,#7570,#7571,#7572,#7573,#7574,#7575,#7576,#7577,#7578,#7579,
    #7580,#7581,#7582,#7583,#7584,#7585,#7586,#7587,#7588),
  .UNSPECIFIED.,.F.,.F.,(7,5,5,5,5,5,5,5,5,7),(0.,4.541151420685E-02,
    0.14554236076,0.311563863706,0.500327512658,0.628188307064,
    0.689214404005,0.854282244891,0.955163040138,1.),.UNSPECIFIED.);
#7542 = CARTESIAN_POINT('',(0.868176180766,0.));
#7543 = CARTESIAN_POINT('',(0.868174088279,6.688128432745E-03));
#7544 = CARTESIAN_POINT('',(0.868172443606,1.343588145387E-02));
#7545 = CARTESIAN_POINT('',(0.868171198914,2.024227433277E-02));
#7546 = CARTESIAN_POINT('',(0.868170307927,2.71060926864E-02));
#7547 = CARTESIAN_POINT('',(0.868169725926,3.40258924793E-02));
#7548 = CARTESIAN_POINT('',(0.868168712581,5.637767030298E-02));
#7549 = CARTESIAN_POINT('',(0.868169309032,7.20204909811E-02));
#7550 = CARTESIAN_POINT('',(0.868170738397,8.790834995114E-02));
#7551 = CARTESIAN_POINT('',(0.868172599625,0.104019003762));
#7552 = CARTESIAN_POINT('',(0.868174573676,0.120327041339));
#7553 = CARTESIAN_POINT('',(0.868179550086,0.164120484888));
#7554 = CARTESIAN_POINT('',(0.868182380207,0.191907555844));
#7555 = CARTESIAN_POINT('',(0.868183907956,0.220023062004));
#7556 = CARTESIAN_POINT('',(0.868183952438,0.24835692829));
#7557 = CARTESIAN_POINT('',(0.868182839112,0.276822155084));
#7558 = CARTESIAN_POINT('',(0.868179034479,0.337779203916));
#7559 = CARTESIAN_POINT('',(0.868176142704,0.370292006996));
#7560 = CARTESIAN_POINT('',(0.868173078663,0.40282111144));
#7561 = CARTESIAN_POINT('',(0.868170749924,0.435339370046));
#7562 = CARTESIAN_POINT('',(0.868169591023,0.467840511245));
#7563 = CARTESIAN_POINT('',(0.868169608466,0.522365519255));
#7564 = CARTESIAN_POINT('',(0.868170150948,0.544383036763));
#7565 = CARTESIAN_POINT('',(0.86817123274,0.566404275928));
#7566 = CARTESIAN_POINT('',(0.868172750823,0.588429999011));
#7567 = CARTESIAN_POINT('',(0.868174525478,0.610456757129));
#7568 = CARTESIAN_POINT('',(0.868177191978,0.642986454154));
#7569 = CARTESIAN_POINT('',(0.868178060994,0.653494354931));
#7570 = CARTESIAN_POINT('',(0.868178912265,0.663999237548));
#7571 = CARTESIAN_POINT('',(0.868179720726,0.674499449965));
#7572 = CARTESIAN_POINT('',(0.868180461502,0.684992822946));
#7573 = CARTESIAN_POINT('',(0.868182863774,0.723834144921));
#7574 = CARTESIAN_POINT('',(0.868183949275,0.752131518353));
#7575 = CARTESIAN_POINT('',(0.868183886067,0.780297926976));
#7576 = CARTESIAN_POINT('',(0.868182359059,0.808247611164));
#7577 = CARTESIAN_POINT('',(0.868179549235,0.835872283325));
#7578 = CARTESIAN_POINT('',(0.868174579231,0.879633003011));
#7579 = CARTESIAN_POINT('',(0.868172589181,0.896062449219));
#7580 = CARTESIAN_POINT('',(0.868170713261,0.91229151521));
#7581 = CARTESIAN_POINT('',(0.868169278043,0.928294232863));
#7582 = CARTESIAN_POINT('',(0.868168694458,0.944047908192));
#7583 = CARTESIAN_POINT('',(0.868169763444,0.966414043444));
#7584 = CARTESIAN_POINT('',(0.868170353598,0.973243024932));
#7585 = CARTESIAN_POINT('',(0.868171246592,0.980017386211));
#7586 = CARTESIAN_POINT('',(0.868172485506,0.986735743274));
#7587 = CARTESIAN_POINT('',(0.868174114891,0.993396930369));
#7588 = CARTESIAN_POINT('',(0.868176180766,1.));
#7589 = ( GEOMETRIC_REPRESENTATION_CONTEXT(2) 
PARAMETRIC_REPRESENTATION_CONTEXT() REPRESENTATION_CONTEXT('2D SPACE',''
  ) );
#7590 = PCURVE('',#200,#7591);
#7591 = DEFINITIONAL_REPRESENTATION('',(#7592),#7640);
#7592 = B_SPLINE_CURVE_WITH_KNOTS('',6,(#7593,#7594,#7595,#7596,#7597,
    #7598,#7599,#7600,#7601,#7602,#7603,#7604,#7605,#7606,#7607,#7608,
    #7609,#7610,#7611,#7612,#7613,#7614,#7615,#7616,#7617,#7618,#7619,
    #7620,#7621,#7622,#7623,#7624,#7625,#7626,#7627,#7628,#7629,#7630,
    #7631,#7632,#7633,#7634,#7635,#7636,#7637,#7638,#7639),
  .UNSPECIFIED.,.F.,.F.,(7,5,5,5,5,5,5,5,5,7),(0.,4.541151420685E-02,
    0.14554236076,0.311563863706,0.500327512658,0.628188307064,
    0.689214404005,0.854282244891,0.955163040138,1.),.UNSPECIFIED.);
#7593 = CARTESIAN_POINT('',(-4.86754183552,-0.844021272475));
#7594 = CARTESIAN_POINT('',(-4.867512223401,-0.845354961097));
#7595 = CARTESIAN_POINT('',(-4.86743762477,-0.84668088294));
#7596 = CARTESIAN_POINT('',(-4.867317091384,-0.847998143046));
#7597 = CARTESIAN_POINT('',(-4.867149794002,-0.849305809169));
#7598 = CARTESIAN_POINT('',(-4.86693502239,-0.850602911775));
#7599 = CARTESIAN_POINT('',(-4.866092638504,-0.854722999013));
#7600 = CARTESIAN_POINT('',(-4.86527938802,-0.857501509124));
#7601 = CARTESIAN_POINT('',(-4.864226271498,-0.860212841378));
#7602 = CARTESIAN_POINT('',(-4.862930638987,-0.86284583811));
#7603 = CARTESIAN_POINT('',(-4.861394033924,-0.865389576459));
#7604 = CARTESIAN_POINT('',(-4.856686210477,-0.87188597633));
#7605 = CARTESIAN_POINT('',(-4.853103797085,-0.875665486729));
#7606 = CARTESIAN_POINT('',(-4.848904963926,-0.87912357596));
#7607 = CARTESIAN_POINT('',(-4.844149258346,-0.88222546006));
#7608 = CARTESIAN_POINT('',(-4.838915838192,-0.884947550462));
#7609 = CARTESIAN_POINT('',(-4.826899639249,-0.88992095088));
#7610 = CARTESIAN_POINT('',(-4.820002189367,-0.892057000933));
#7611 = CARTESIAN_POINT('',(-4.812722178545,-0.893664339782));
#7612 = CARTESIAN_POINT('',(-4.805191095148,-0.894735429219));
#7613 = CARTESIAN_POINT('',(-4.797537575134,-0.895268701781));
#7614 = CARTESIAN_POINT('',(-4.784699296487,-0.895260673827));
#7615 = CARTESIAN_POINT('',(-4.779515555812,-0.895010559649));
#7616 = CARTESIAN_POINT('',(-4.774370877724,-0.894513613472));
#7617 = CARTESIAN_POINT('',(-4.769304792277,-0.89377027648));
#7618 = CARTESIAN_POINT('',(-4.764357114394,-0.892781899198));
#7619 = CARTESIAN_POINT('',(-4.75728087657,-0.890963878953));
#7620 = CARTESIAN_POINT('',(-4.755030634169,-0.890321341146));
#7621 = CARTESIAN_POINT('',(-4.75282071049,-0.889623941841));
#7622 = CARTESIAN_POINT('',(-4.750655413767,-0.888872111936));
#7623 = CARTESIAN_POINT('',(-4.748539009749,-0.888066407902));
#7624 = CARTESIAN_POINT('',(-4.740894789587,-0.884884306888));
#7625 = CARTESIAN_POINT('',(-4.73570053969,-0.882171161743));
#7626 = CARTESIAN_POINT('',(-4.730979502477,-0.87908293942));
#7627 = CARTESIAN_POINT('',(-4.726809300109,-0.875642923761));
#7628 = CARTESIAN_POINT('',(-4.723248345909,-0.871885344062));
#7629 = CARTESIAN_POINT('',(-4.718539280712,-0.865396537336));
#7630 = CARTESIAN_POINT('',(-4.716991023378,-0.862833931041));
#7631 = CARTESIAN_POINT('',(-4.715687360886,-0.860180743733));
#7632 = CARTESIAN_POINT('',(-4.714629855535,-0.857448145813));
#7633 = CARTESIAN_POINT('',(-4.713815752714,-0.854647545719));
#7634 = CARTESIAN_POINT('',(-4.712982212764,-0.850520412738));
#7635 = CARTESIAN_POINT('',(-4.712772556541,-0.849239276831));
#7636 = CARTESIAN_POINT('',(-4.712609148207,-0.84794788044));
#7637 = CARTESIAN_POINT('',(-4.712491301124,-0.846647155755));
#7638 = CARTESIAN_POINT('',(-4.712418215901,-0.845337999408));
#7639 = CARTESIAN_POINT('',(-4.712388980385,-0.844021272475));
#7640 = ( GEOMETRIC_REPRESENTATION_CONTEXT(2) 
PARAMETRIC_REPRESENTATION_CONTEXT() REPRESENTATION_CONTEXT('2D SPACE',''
  ) );
#7641 = ORIENTED_EDGE('',*,*,#7642,.F.);
#7642 = EDGE_CURVE('',#1559,#7488,#7643,.T.);
#7643 = SURFACE_CURVE('',#7644,(#7647,#7654),.PCURVE_S1.);
#7644 = B_SPLINE_CURVE_WITH_KNOTS('',1,(#7645,#7646),.UNSPECIFIED.,.F.,
  .F.,(2,2),(0.,1.),.PIECEWISE_BEZIER_KNOTS.);
#7645 = CARTESIAN_POINT('',(9.110157191085,0.708154601973,
    -1.446944832201));
#7646 = CARTESIAN_POINT('',(3.434409831191,0.266965001372,4.955821212164
    ));
#7647 = PCURVE('',#1684,#7648);
#7648 = DEFINITIONAL_REPRESENTATION('',(#7649),#7653);
#7649 = LINE('',#7650,#7651);
#7650 = CARTESIAN_POINT('',(0.,1.));
#7651 = VECTOR('',#7652,1.);
#7652 = DIRECTION('',(1.,0.));
#7653 = ( GEOMETRIC_REPRESENTATION_CONTEXT(2) 
PARAMETRIC_REPRESENTATION_CONTEXT() REPRESENTATION_CONTEXT('2D SPACE',''
  ) );
#7654 = PCURVE('',#1799,#7655);
#7655 = DEFINITIONAL_REPRESENTATION('',(#7656),#7660);
#7656 = LINE('',#7657,#7658);
#7657 = CARTESIAN_POINT('',(0.,0.));
#7658 = VECTOR('',#7659,1.);
#7659 = DIRECTION('',(1.,0.));
#7660 = ( GEOMETRIC_REPRESENTATION_CONTEXT(2) 
PARAMETRIC_REPRESENTATION_CONTEXT() REPRESENTATION_CONTEXT('2D SPACE',''
  ) );
#7661 = ADVANCED_FACE('',(#7662),#1799,.F.);
#7662 = FACE_BOUND('',#7663,.F.);
#7663 = EDGE_LOOP('',(#7664,#7686,#7687,#7688));
#7664 = ORIENTED_EDGE('',*,*,#7665,.F.);
#7665 = EDGE_CURVE('',#1756,#7666,#7668,.T.);
#7666 = VERTEX_POINT('',#7667);
#7667 = CARTESIAN_POINT('',(4.782044036636,0.748075006527,4.77609800971)
  );
#7668 = SURFACE_CURVE('',#7669,(#7672,#7679),.PCURVE_S1.);
#7669 = B_SPLINE_CURVE_WITH_KNOTS('',1,(#7670,#7671),.UNSPECIFIED.,.F.,
  .F.,(2,2),(0.,1.),.PIECEWISE_BEZIER_KNOTS.);
#7670 = CARTESIAN_POINT('',(10.415790195563,1.629385312816,
    -1.7763568394E-15));
#7671 = CARTESIAN_POINT('',(3.926616357649,0.614256902461,5.501300445142
    ));
#7672 = PCURVE('',#1799,#7673);
#7673 = DEFINITIONAL_REPRESENTATION('',(#7674),#7678);
#7674 = LINE('',#7675,#7676);
#7675 = CARTESIAN_POINT('',(0.,1.));
#7676 = VECTOR('',#7677,1.);
#7677 = DIRECTION('',(1.,0.));
#7678 = ( GEOMETRIC_REPRESENTATION_CONTEXT(2) 
PARAMETRIC_REPRESENTATION_CONTEXT() REPRESENTATION_CONTEXT('2D SPACE',''
  ) );
#7679 = PCURVE('',#1849,#7680);
#7680 = DEFINITIONAL_REPRESENTATION('',(#7681),#7685);
#7681 = LINE('',#7682,#7683);
#7682 = CARTESIAN_POINT('',(0.,0.));
#7683 = VECTOR('',#7684,1.);
#7684 = DIRECTION('',(1.,0.));
#7685 = ( GEOMETRIC_REPRESENTATION_CONTEXT(2) 
PARAMETRIC_REPRESENTATION_CONTEXT() REPRESENTATION_CONTEXT('2D SPACE',''
  ) );
#7686 = ORIENTED_EDGE('',*,*,#1755,.F.);
#7687 = ORIENTED_EDGE('',*,*,#7642,.T.);
#7688 = ORIENTED_EDGE('',*,*,#7689,.T.);
#7689 = EDGE_CURVE('',#7488,#7666,#7690,.T.);
#7690 = SURFACE_CURVE('',#7691,(#7706,#7724),.PCURVE_S1.);
#7691 = B_SPLINE_CURVE_WITH_KNOTS('',7,(#7692,#7693,#7694,#7695,#7696,
    #7697,#7698,#7699,#7700,#7701,#7702,#7703,#7704,#7705),
  .UNSPECIFIED.,.F.,.F.,(8,6,8),(0.,0.850488661432,1.),.UNSPECIFIED.);
#7692 = CARTESIAN_POINT('',(4.18260852518,0.32512429953,4.111784138534)
  );
#7693 = CARTESIAN_POINT('',(4.271893426208,0.345044939893,4.192303607321
    ));
#7694 = CARTESIAN_POINT('',(4.356567913105,0.378116573032,4.273314980091
    ));
#7695 = CARTESIAN_POINT('',(4.436290272623,0.422349368449,4.354277793602
    ));
#7696 = CARTESIAN_POINT('',(4.511048831182,0.47527716966,4.435014617377)
  );
#7697 = CARTESIAN_POINT('',(4.581041438747,0.534604620147,4.51553501982)
  );
#7698 = CARTESIAN_POINT('',(4.646655771604,0.598378703108,4.595981914022
    ));
#7699 = CARTESIAN_POINT('',(4.719301152665,0.676559087379,4.69084827279)
  );
#7700 = CARTESIAN_POINT('',(4.730042610481,0.68833029803,4.705037207588)
  );
#7701 = CARTESIAN_POINT('',(4.740666761363,0.700173926987,4.719232512143
    ));
#7702 = CARTESIAN_POINT('',(4.751176230807,0.712080068652,4.733435216468
    ));
#7703 = CARTESIAN_POINT('',(4.761573726386,0.724038850267,4.747646349345
    ));
#7704 = CARTESIAN_POINT('',(4.771862037752,0.736040431917,4.76186693832)
  );
#7705 = CARTESIAN_POINT('',(4.782044036636,0.748075006527,4.77609800971)
  );
#7706 = PCURVE('',#1799,#7707);
#7707 = DEFINITIONAL_REPRESENTATION('',(#7708),#7723);
#7708 = B_SPLINE_CURVE_WITH_KNOTS('',7,(#7709,#7710,#7711,#7712,#7713,
    #7714,#7715,#7716,#7717,#7718,#7719,#7720,#7721,#7722),
  .UNSPECIFIED.,.F.,.F.,(8,6,8),(0.,0.850488661432,1.),.UNSPECIFIED.);
#7709 = CARTESIAN_POINT('',(0.868176180766,0.));
#7710 = CARTESIAN_POINT('',(0.868179495579,0.121319390559));
#7711 = CARTESIAN_POINT('',(0.86818288786,0.243256135122));
#7712 = CARTESIAN_POINT('',(0.868175989237,0.365136104277));
#7713 = CARTESIAN_POINT('',(0.868168348892,0.486634319053));
#7714 = CARTESIAN_POINT('',(0.868169537288,0.607730106794));
#7715 = CARTESIAN_POINT('',(0.868178832591,0.728696889197));
#7716 = CARTESIAN_POINT('',(0.868181617035,0.871521271934));
#7717 = CARTESIAN_POINT('',(0.868181817795,0.892887776647));
#7718 = CARTESIAN_POINT('',(0.868181721624,0.914269382281));
#7719 = CARTESIAN_POINT('',(0.868181231161,0.935668663086));
#7720 = CARTESIAN_POINT('',(0.868180233068,0.957088306709));
#7721 = CARTESIAN_POINT('',(0.868178598033,0.978531114199));
#7722 = CARTESIAN_POINT('',(0.868176180766,1.));
#7723 = ( GEOMETRIC_REPRESENTATION_CONTEXT(2) 
PARAMETRIC_REPRESENTATION_CONTEXT() REPRESENTATION_CONTEXT('2D SPACE',''
  ) );
#7724 = PCURVE('',#200,#7725);
#7725 = DEFINITIONAL_REPRESENTATION('',(#7726),#7741);
#7726 = B_SPLINE_CURVE_WITH_KNOTS('',7,(#7727,#7728,#7729,#7730,#7731,
    #7732,#7733,#7734,#7735,#7736,#7737,#7738,#7739,#7740),
  .UNSPECIFIED.,.F.,.F.,(8,6,8),(0.,0.850488661432,1.),.UNSPECIFIED.);
#7727 = CARTESIAN_POINT('',(-4.712388980385,-0.844021272475));
#7728 = CARTESIAN_POINT('',(-4.709304219223,-0.824828153493));
#7729 = CARTESIAN_POINT('',(-4.703164254259,-0.806001163548));
#7730 = CARTESIAN_POINT('',(-4.694702372257,-0.787624249675));
#7731 = CARTESIAN_POINT('',(-4.684622496833,-0.769685294325));
#7732 = CARTESIAN_POINT('',(-4.673480100975,-0.752142173654));
#7733 = CARTESIAN_POINT('',(-4.661713695015,-0.7349309343));
#7734 = CARTESIAN_POINT('',(-4.647570074462,-0.714980702495));
#7735 = CARTESIAN_POINT('',(-4.645447625836,-0.712005860247));
#7736 = CARTESIAN_POINT('',(-4.643319417991,-0.709038614966));
#7737 = CARTESIAN_POINT('',(-4.641187473195,-0.706078627155));
#7738 = CARTESIAN_POINT('',(-4.639053778214,-0.703125564462));
#7739 = CARTESIAN_POINT('',(-4.636920284311,-0.700179101684));
#7740 = CARTESIAN_POINT('',(-4.634788907253,-0.697238920763));
#7741 = ( GEOMETRIC_REPRESENTATION_CONTEXT(2) 
PARAMETRIC_REPRESENTATION_CONTEXT() REPRESENTATION_CONTEXT('2D SPACE',''
  ) );
#7742 = ADVANCED_FACE('',(#7743),#1849,.F.);
#7743 = FACE_BOUND('',#7744,.F.);
#7744 = EDGE_LOOP('',(#7745,#7746,#7747,#7777));
#7745 = ORIENTED_EDGE('',*,*,#1829,.F.);
#7746 = ORIENTED_EDGE('',*,*,#7665,.T.);
#7747 = ORIENTED_EDGE('',*,*,#7748,.T.);
#7748 = EDGE_CURVE('',#7666,#7749,#7751,.T.);
#7749 = VERTEX_POINT('',#7750);
#7750 = CARTESIAN_POINT('',(4.70430852018,1.138877838347,4.77609800971)
  );
#7751 = SURFACE_CURVE('',#7752,(#7758,#7767),.PCURVE_S1.);
#7752 = B_SPLINE_CURVE_WITH_KNOTS('',4,(#7753,#7754,#7755,#7756,#7757),
  .UNSPECIFIED.,.F.,.F.,(5,5),(0.,1.),.PIECEWISE_BEZIER_KNOTS.);
#7753 = CARTESIAN_POINT('',(4.782044036636,0.748075006527,4.77609800971)
  );
#7754 = CARTESIAN_POINT('',(4.76664426269,0.846520748729,4.77609800971)
  );
#7755 = CARTESIAN_POINT('',(4.748540441667,0.94454342085,4.77609800971)
  );
#7756 = CARTESIAN_POINT('',(4.727754538753,1.042032593712,4.77609800971)
  );
#7757 = CARTESIAN_POINT('',(4.70430852018,1.138877838347,4.77609800971)
  );
#7758 = PCURVE('',#1849,#7759);
#7759 = DEFINITIONAL_REPRESENTATION('',(#7760),#7766);
#7760 = B_SPLINE_CURVE_WITH_KNOTS('',4,(#7761,#7762,#7763,#7764,#7765),
  .UNSPECIFIED.,.F.,.F.,(5,5),(0.,1.),.PIECEWISE_BEZIER_KNOTS.);
#7761 = CARTESIAN_POINT('',(0.868176180766,0.));
#7762 = CARTESIAN_POINT('',(0.868176180766,0.24999999594));
#7763 = CARTESIAN_POINT('',(0.868176180766,0.5));
#7764 = CARTESIAN_POINT('',(0.868176180766,0.75000000406));
#7765 = CARTESIAN_POINT('',(0.868176180766,1.));
#7766 = ( GEOMETRIC_REPRESENTATION_CONTEXT(2) 
PARAMETRIC_REPRESENTATION_CONTEXT() REPRESENTATION_CONTEXT('2D SPACE',''
  ) );
#7767 = PCURVE('',#200,#7768);
#7768 = DEFINITIONAL_REPRESENTATION('',(#7769),#7776);
#7769 = B_SPLINE_CURVE_WITH_KNOTS('',5,(#7770,#7771,#7772,#7773,#7774,
    #7775),.UNSPECIFIED.,.F.,.F.,(6,6),(0.,1.),
  .PIECEWISE_BEZIER_KNOTS.);
#7770 = CARTESIAN_POINT('',(-4.634788907253,-0.697238920763));
#7771 = CARTESIAN_POINT('',(-4.618319687857,-0.697238880386));
#7772 = CARTESIAN_POINT('',(-4.601850479772,-0.69723895441));
#7773 = CARTESIAN_POINT('',(-4.585381254434,-0.69723895441));
#7774 = CARTESIAN_POINT('',(-4.568912046349,-0.697238880386));
#7775 = CARTESIAN_POINT('',(-4.552442826953,-0.697238920763));
#7776 = ( GEOMETRIC_REPRESENTATION_CONTEXT(2) 
PARAMETRIC_REPRESENTATION_CONTEXT() REPRESENTATION_CONTEXT('2D SPACE',''
  ) );
#7777 = ORIENTED_EDGE('',*,*,#7778,.F.);
#7778 = EDGE_CURVE('',#1830,#7749,#7779,.T.);
#7779 = SURFACE_CURVE('',#7780,(#7783,#7790),.PCURVE_S1.);
#7780 = B_SPLINE_CURVE_WITH_KNOTS('',1,(#7781,#7782),.UNSPECIFIED.,.F.,
  .F.,(2,2),(0.,1.),.PIECEWISE_BEZIER_KNOTS.);
#7781 = CARTESIAN_POINT('',(10.246474140766,2.480594601748,
    -1.7763568394E-15));
#7782 = CARTESIAN_POINT('',(3.862786424644,0.935151645438,5.501300445142
    ));
#7783 = PCURVE('',#1849,#7784);
#7784 = DEFINITIONAL_REPRESENTATION('',(#7785),#7789);
#7785 = LINE('',#7786,#7787);
#7786 = CARTESIAN_POINT('',(0.,1.));
#7787 = VECTOR('',#7788,1.);
#7788 = DIRECTION('',(1.,0.));
#7789 = ( GEOMETRIC_REPRESENTATION_CONTEXT(2) 
PARAMETRIC_REPRESENTATION_CONTEXT() REPRESENTATION_CONTEXT('2D SPACE',''
  ) );
#7790 = PCURVE('',#1901,#7791);
#7791 = DEFINITIONAL_REPRESENTATION('',(#7792),#7796);
#7792 = LINE('',#7793,#7794);
#7793 = CARTESIAN_POINT('',(0.,0.));
#7794 = VECTOR('',#7795,1.);
#7795 = DIRECTION('',(1.,0.));
#7796 = ( GEOMETRIC_REPRESENTATION_CONTEXT(2) 
PARAMETRIC_REPRESENTATION_CONTEXT() REPRESENTATION_CONTEXT('2D SPACE',''
  ) );
#7797 = ADVANCED_FACE('',(#7798),#1901,.F.);
#7798 = FACE_BOUND('',#7799,.F.);
#7799 = EDGE_LOOP('',(#7800,#7801,#7802,#7852));
#7800 = ORIENTED_EDGE('',*,*,#1867,.F.);
#7801 = ORIENTED_EDGE('',*,*,#7778,.T.);
#7802 = ORIENTED_EDGE('',*,*,#7803,.T.);
#7803 = EDGE_CURVE('',#7749,#7804,#7806,.T.);
#7804 = VERTEX_POINT('',#7805);
#7805 = CARTESIAN_POINT('',(3.98864609181,1.300239300797,4.111784138534)
  );
#7806 = SURFACE_CURVE('',#7807,(#7820,#7836),.PCURVE_S1.);
#7807 = B_SPLINE_CURVE_WITH_KNOTS('',6,(#7808,#7809,#7810,#7811,#7812,
    #7813,#7814,#7815,#7816,#7817,#7818,#7819),.UNSPECIFIED.,.F.,.F.,(7,
    5,7),(0.,0.745763265066,1.),.UNSPECIFIED.);
#7808 = CARTESIAN_POINT('',(4.70430852018,1.138877838347,4.77609800971)
  );
#7809 = CARTESIAN_POINT('',(4.622769545462,1.180903247044,4.693286411984
    ));
#7810 = CARTESIAN_POINT('',(4.538301379196,1.220423523984,4.610893152288
    ));
#7811 = CARTESIAN_POINT('',(4.451046047331,1.255286513533,4.528585145943
    ));
#7812 = CARTESIAN_POINT('',(4.361367941136,1.283323203027,4.446177561573
    ));
#7813 = CARTESIAN_POINT('',(4.269960361622,1.302005156229,4.36354983949)
  );
#7814 = CARTESIAN_POINT('',(4.146283734808,1.311164916479,4.252610901193
    ));
#7815 = CARTESIAN_POINT('',(4.114751806405,1.312115798181,4.224400255167
    ));
#7816 = CARTESIAN_POINT('',(4.083172177559,1.311590960221,4.19619305223)
  );
#7817 = CARTESIAN_POINT('',(4.05159229,1.309493942154,4.168004842371));
#7818 = CARTESIAN_POINT('',(4.02006474241,1.30573547858,4.139858300748)
  );
#7819 = CARTESIAN_POINT('',(3.98864609181,1.300239300797,4.111784138534)
  );
#7820 = PCURVE('',#1901,#7821);
#7821 = DEFINITIONAL_REPRESENTATION('',(#7822),#7835);
#7822 = B_SPLINE_CURVE_WITH_KNOTS('',6,(#7823,#7824,#7825,#7826,#7827,
    #7828,#7829,#7830,#7831,#7832,#7833,#7834),.UNSPECIFIED.,.F.,.F.,(7,
    5,7),(0.,0.745763265066,1.),.UNSPECIFIED.);
#7823 = CARTESIAN_POINT('',(0.868176180766,0.));
#7824 = CARTESIAN_POINT('',(0.868190247014,0.124928944975));
#7825 = CARTESIAN_POINT('',(0.86817710204,0.248869821738));
#7826 = CARTESIAN_POINT('',(0.868168239926,0.372619585428));
#7827 = CARTESIAN_POINT('',(0.868171177296,0.496589369898));
#7828 = CARTESIAN_POINT('',(0.868176084748,0.62092689234));
#7829 = CARTESIAN_POINT('',(0.868178901352,0.787921060556));
#7830 = CARTESIAN_POINT('',(0.868179296179,0.83039072535));
#7831 = CARTESIAN_POINT('',(0.868179193195,0.872860263828));
#7832 = CARTESIAN_POINT('',(0.868178498828,0.915307215401));
#7833 = CARTESIAN_POINT('',(0.868177336519,0.957700413308));
#7834 = CARTESIAN_POINT('',(0.868176180766,1.));
#7835 = ( GEOMETRIC_REPRESENTATION_CONTEXT(2) 
PARAMETRIC_REPRESENTATION_CONTEXT() REPRESENTATION_CONTEXT('2D SPACE',''
  ) );
#7836 = PCURVE('',#200,#7837);
#7837 = DEFINITIONAL_REPRESENTATION('',(#7838),#7851);
#7838 = B_SPLINE_CURVE_WITH_KNOTS('',6,(#7839,#7840,#7841,#7842,#7843,
    #7844,#7845,#7846,#7847,#7848,#7849,#7850),.UNSPECIFIED.,.F.,.F.,(7,
    5,7),(0.,0.745763265066,1.),.UNSPECIFIED.);
#7839 = CARTESIAN_POINT('',(-4.552442826953,-0.697238920763));
#7840 = CARTESIAN_POINT('',(-4.540040195082,-0.714348038761));
#7841 = CARTESIAN_POINT('',(-4.527571612991,-0.731664892357));
#7842 = CARTESIAN_POINT('',(-4.515439342584,-0.749281025578));
#7843 = CARTESIAN_POINT('',(-4.504096384271,-0.767267589752));
#7844 = CARTESIAN_POINT('',(-4.494149221557,-0.785695811766));
#7845 = CARTESIAN_POINT('',(-4.483707049035,-0.811036191581));
#7846 = CARTESIAN_POINT('',(-4.481303887638,-0.817531751385));
#7847 = CARTESIAN_POINT('',(-4.479182749014,-0.824080353339));
#7848 = CARTESIAN_POINT('',(-4.477376276617,-0.830680599016));
#7849 = CARTESIAN_POINT('',(-4.475918296004,-0.837329341395));
#7850 = CARTESIAN_POINT('',(-4.474842753821,-0.844021272475));
#7851 = ( GEOMETRIC_REPRESENTATION_CONTEXT(2) 
PARAMETRIC_REPRESENTATION_CONTEXT() REPRESENTATION_CONTEXT('2D SPACE',''
  ) );
#7852 = ORIENTED_EDGE('',*,*,#7853,.F.);
#7853 = EDGE_CURVE('',#1868,#7804,#7854,.T.);
#7854 = SURFACE_CURVE('',#7855,(#7858,#7865),.PCURVE_S1.);
#7855 = B_SPLINE_CURVE_WITH_KNOTS('',1,(#7856,#7857),.UNSPECIFIED.,.F.,
  .F.,(2,2),(0.,1.),.PIECEWISE_BEZIER_KNOTS.);
#7856 = CARTESIAN_POINT('',(8.687686800532,2.832056680653,
    -1.446944832201));
#7857 = CARTESIAN_POINT('',(3.27514403234,1.067648241684,4.955821212164)
  );
#7858 = PCURVE('',#1901,#7859);
#7859 = DEFINITIONAL_REPRESENTATION('',(#7860),#7864);
#7860 = LINE('',#7861,#7862);
#7861 = CARTESIAN_POINT('',(0.,1.));
#7862 = VECTOR('',#7863,1.);
#7863 = DIRECTION('',(1.,0.));
#7864 = ( GEOMETRIC_REPRESENTATION_CONTEXT(2) 
PARAMETRIC_REPRESENTATION_CONTEXT() REPRESENTATION_CONTEXT('2D SPACE',''
  ) );
#7865 = PCURVE('',#2052,#7866);
#7866 = DEFINITIONAL_REPRESENTATION('',(#7867),#7871);
#7867 = LINE('',#7868,#7869);
#7868 = CARTESIAN_POINT('',(0.,0.));
#7869 = VECTOR('',#7870,1.);
#7870 = DIRECTION('',(1.,0.));
#7871 = ( GEOMETRIC_REPRESENTATION_CONTEXT(2) 
PARAMETRIC_REPRESENTATION_CONTEXT() REPRESENTATION_CONTEXT('2D SPACE',''
  ) );
#7872 = ADVANCED_FACE('',(#7873),#2052,.F.);
#7873 = FACE_BOUND('',#7874,.F.);
#7874 = EDGE_LOOP('',(#7875,#7876,#7877,#8032));
#7875 = ORIENTED_EDGE('',*,*,#1926,.F.);
#7876 = ORIENTED_EDGE('',*,*,#7853,.T.);
#7877 = ORIENTED_EDGE('',*,*,#7878,.T.);
#7878 = EDGE_CURVE('',#7804,#7879,#7881,.T.);
#7879 = VERTEX_POINT('',#7880);
#7880 = CARTESIAN_POINT('',(3.739806726031,1.900990672513,4.111784138534
    ));
#7881 = SURFACE_CURVE('',#7882,(#7930,#7981),.PCURVE_S1.);
#7882 = B_SPLINE_CURVE_WITH_KNOTS('',6,(#7883,#7884,#7885,#7886,#7887,
    #7888,#7889,#7890,#7891,#7892,#7893,#7894,#7895,#7896,#7897,#7898,
    #7899,#7900,#7901,#7902,#7903,#7904,#7905,#7906,#7907,#7908,#7909,
    #7910,#7911,#7912,#7913,#7914,#7915,#7916,#7917,#7918,#7919,#7920,
    #7921,#7922,#7923,#7924,#7925,#7926,#7927,#7928,#7929),
  .UNSPECIFIED.,.F.,.F.,(7,5,5,5,5,5,5,5,5,7),(0.,4.541151420352E-02,
    0.145542360702,0.311563866558,0.50032751549,0.628188264671,
    0.689214361504,0.854282122538,0.955162664631,1.),.UNSPECIFIED.);
#7883 = CARTESIAN_POINT('',(3.98864609181,1.300239300797,4.111784138534)
  );
#7884 = CARTESIAN_POINT('',(3.982624624828,1.298407055739,4.106189013558
    ));
#7885 = CARTESIAN_POINT('',(3.976571125052,1.296762406283,4.100636542847
    ));
#7886 = CARTESIAN_POINT('',(3.970488956244,1.295309282157,4.095130279997
    ));
#7887 = CARTESIAN_POINT('',(3.964381774964,1.294051178565,4.089673889121
    ));
#7888 = CARTESIAN_POINT('',(3.958253530568,1.292991156195,4.084271144844
    ));
#7889 = CARTESIAN_POINT('',(3.938558804806,1.290237080882,4.067139920203
    ));
#7890 = CARTESIAN_POINT('',(3.924926378404,1.289317905809,4.055632747329
    ));
#7891 = CARTESIAN_POINT('',(3.911258396621,1.289402424217,4.044447495689
    ));
#7892 = CARTESIAN_POINT('',(3.897605647595,1.290504951649,4.033626175595
    ));
#7893 = CARTESIAN_POINT('',(3.884021857289,1.292624363492,4.023208895404
    ));
#7894 = CARTESIAN_POINT('',(3.848247733778,1.30091237284,3.996692593939)
  );
#7895 = CARTESIAN_POINT('',(3.82626913962,1.308829831628,3.981360786716)
  );
#7896 = CARTESIAN_POINT('',(3.804888516647,1.319411438758,3.967412112891
    ));
#7897 = CARTESIAN_POINT('',(3.784328808503,1.332459635372,3.954960446781
    ));
#7898 = CARTESIAN_POINT('',(3.764779237273,1.347709490171,3.944074823519
    ));
#7899 = CARTESIAN_POINT('',(3.725502877353,1.384392964883,3.924244486462
    ));
#7900 = CARTESIAN_POINT('',(3.70611649918,1.406389017792,3.915768596778)
  );
#7901 = CARTESIAN_POINT('',(3.688450383782,1.430465691256,3.909412320232
    ));
#7902 = CARTESIAN_POINT('',(3.672673692075,1.456207502981,3.905183635351
    ));
#7903 = CARTESIAN_POINT('',(3.658937274037,1.483223065139,3.90307825923)
  );
#7904 = CARTESIAN_POINT('',(3.639573270576,1.530064445102,3.903109954208
    ));
#7905 = CARTESIAN_POINT('',(3.632760649031,1.54939471662,3.904097419996)
  );
#7906 = CARTESIAN_POINT('',(3.62700238197,1.569024719502,3.906059389127)
  );
#7907 = CARTESIAN_POINT('',(3.62234951253,1.588836357577,3.908996428899)
  );
#7908 = CARTESIAN_POINT('',(3.618853958136,1.60870787853,3.91290770239)
  );
#7909 = CARTESIAN_POINT('',(3.615473480845,1.637966407993,3.9201185275)
  );
#7910 = CARTESIAN_POINT('',(3.614656304408,1.647404057644,3.92266906094)
  );
#7911 = CARTESIAN_POINT('',(3.614119663057,1.656812475475,3.925439945841
    ));
#7912 = CARTESIAN_POINT('',(3.6138687405,1.666177360285,3.928430287114)
  );
#7913 = CARTESIAN_POINT('',(3.613908366803,1.675484062631,3.931638782778
    ));
#7914 = CARTESIAN_POINT('',(3.615148207977,1.709693077511,3.944327750359
    ));
#7915 = CARTESIAN_POINT('',(3.618212190951,1.734141354074,3.955178476564
    ));
#7916 = CARTESIAN_POINT('',(3.623521617315,1.757752649321,3.967576173021
    ));
#7917 = CARTESIAN_POINT('',(3.6311284498,1.780211556431,3.981452581349)
  );
#7918 = CARTESIAN_POINT('',(3.641014672927,1.801226060056,3.996695586518
    ));
#7919 = CARTESIAN_POINT('',(3.660416626292,1.832370337596,4.023180095846
    ));
#7920 = CARTESIAN_POINT('',(3.668582814045,1.843557470989,4.033674550976
    ));
#7921 = CARTESIAN_POINT('',(3.677528274649,1.854064214506,4.044579042691
    ));
#7922 = CARTESIAN_POINT('',(3.687214943224,1.863850953118,4.055852551496
    ));
#7923 = CARTESIAN_POINT('',(3.69759566682,1.872891461914,4.067452113784)
  );
#7924 = CARTESIAN_POINT('',(3.71351393588,1.884852591033,4.084614565286)
  );
#7925 = CARTESIAN_POINT('',(3.718538485328,1.888383037936,4.089951332157
    ));
#7926 = CARTESIAN_POINT('',(3.723684859618,1.891762417165,4.095340250349
    ));
#7927 = CARTESIAN_POINT('',(3.728948285289,1.894990137067,4.100777689651
    ));
#7928 = CARTESIAN_POINT('',(3.734323894701,1.898066094035,4.106260125412
    ));
#7929 = CARTESIAN_POINT('',(3.739806726031,1.900990672513,4.111784138534
    ));
#7930 = PCURVE('',#2052,#7931);
#7931 = DEFINITIONAL_REPRESENTATION('',(#7932),#7980);
#7932 = B_SPLINE_CURVE_WITH_KNOTS('',6,(#7933,#7934,#7935,#7936,#7937,
    #7938,#7939,#7940,#7941,#7942,#7943,#7944,#7945,#7946,#7947,#7948,
    #7949,#7950,#7951,#7952,#7953,#7954,#7955,#7956,#7957,#7958,#7959,
    #7960,#7961,#7962,#7963,#7964,#7965,#7966,#7967,#7968,#7969,#7970,
    #7971,#7972,#7973,#7974,#7975,#7976,#7977,#7978,#7979),
  .UNSPECIFIED.,.F.,.F.,(7,5,5,5,5,5,5,5,5,7),(0.,4.541151420352E-02,
    0.145542360702,0.311563866558,0.50032751549,0.628188264671,
    0.689214361504,0.854282122538,0.955162664631,1.),.UNSPECIFIED.);
#7933 = CARTESIAN_POINT('',(0.868176180766,0.));
#7934 = CARTESIAN_POINT('',(0.868174088279,6.688128432745E-03));
#7935 = CARTESIAN_POINT('',(0.868172443606,1.343588145387E-02));
#7936 = CARTESIAN_POINT('',(0.868171198914,2.024227433277E-02));
#7937 = CARTESIAN_POINT('',(0.868170307927,2.71060926864E-02));
#7938 = CARTESIAN_POINT('',(0.868169725926,3.40258924793E-02));
#7939 = CARTESIAN_POINT('',(0.868168712581,5.637767029567E-02));
#7940 = CARTESIAN_POINT('',(0.868169309032,7.202049096622E-02));
#7941 = CARTESIAN_POINT('',(0.868170738397,8.790834992847E-02));
#7942 = CARTESIAN_POINT('',(0.868172599625,0.104019003731));
#7943 = CARTESIAN_POINT('',(0.868174573676,0.1203270413));
#7944 = CARTESIAN_POINT('',(0.868179550086,0.164120485321));
#7945 = CARTESIAN_POINT('',(0.868182380207,0.191907556775));
#7946 = CARTESIAN_POINT('',(0.868183907956,0.220023063441));
#7947 = CARTESIAN_POINT('',(0.868183952438,0.248356930236));
#7948 = CARTESIAN_POINT('',(0.868182839112,0.27682215754));
#7949 = CARTESIAN_POINT('',(0.868179034479,0.337779206886));
#7950 = CARTESIAN_POINT('',(0.868176142704,0.370292009966));
#7951 = CARTESIAN_POINT('',(0.868173078663,0.402821114409));
#7952 = CARTESIAN_POINT('',(0.868170749924,0.435339373013));
#7953 = CARTESIAN_POINT('',(0.868169591023,0.467840514211));
#7954 = CARTESIAN_POINT('',(0.868169608467,0.522365514433));
#7955 = CARTESIAN_POINT('',(0.868170150948,0.544383024156));
#7956 = CARTESIAN_POINT('',(0.868171232739,0.566404255532));
#7957 = CARTESIAN_POINT('',(0.868172750821,0.58842997082));
#7958 = CARTESIAN_POINT('',(0.868174525475,0.610456721147));
#7959 = CARTESIAN_POINT('',(0.868177191975,0.642986410387));
#7960 = CARTESIAN_POINT('',(0.86817806099,0.653494311155));
#7961 = CARTESIAN_POINT('',(0.868178912262,0.663999193769));
#7962 = CARTESIAN_POINT('',(0.868179720723,0.674499406187));
#7963 = CARTESIAN_POINT('',(0.868180461499,0.684992779176));
#7964 = CARTESIAN_POINT('',(0.868182863771,0.723834087539));
#7965 = CARTESIAN_POINT('',(0.868183949274,0.752131447438));
#7966 = CARTESIAN_POINT('',(0.868183886068,0.780297842779));
#7967 = CARTESIAN_POINT('',(0.868182359065,0.808247514098));
#7968 = CARTESIAN_POINT('',(0.868179549246,0.835872173989));
#7969 = CARTESIAN_POINT('',(0.86817457925,0.879632841611));
#7970 = CARTESIAN_POINT('',(0.868172589205,0.896062248185));
#7971 = CARTESIAN_POINT('',(0.868170713287,0.912291275759));
#7972 = CARTESIAN_POINT('',(0.868169278066,0.92829395639));
#7973 = CARTESIAN_POINT('',(0.868168694468,0.944047596226));
#7974 = CARTESIAN_POINT('',(0.868169763419,0.966413757477));
#7975 = CARTESIAN_POINT('',(0.868170353568,0.973242797988));
#7976 = CARTESIAN_POINT('',(0.868171246561,0.98001721741));
#7977 = CARTESIAN_POINT('',(0.868172485479,0.986735631697));
#7978 = CARTESIAN_POINT('',(0.868174114873,0.993396875068));
#7979 = CARTESIAN_POINT('',(0.868176180766,1.));
#7980 = ( GEOMETRIC_REPRESENTATION_CONTEXT(2) 
PARAMETRIC_REPRESENTATION_CONTEXT() REPRESENTATION_CONTEXT('2D SPACE',''
  ) );
#7981 = PCURVE('',#200,#7982);
#7982 = DEFINITIONAL_REPRESENTATION('',(#7983),#8031);
#7983 = B_SPLINE_CURVE_WITH_KNOTS('',6,(#7984,#7985,#7986,#7987,#7988,
    #7989,#7990,#7991,#7992,#7993,#7994,#7995,#7996,#7997,#7998,#7999,
    #8000,#8001,#8002,#8003,#8004,#8005,#8006,#8007,#8008,#8009,#8010,
    #8011,#8012,#8013,#8014,#8015,#8016,#8017,#8018,#8019,#8020,#8021,
    #8022,#8023,#8024,#8025,#8026,#8027,#8028,#8029,#8030),
  .UNSPECIFIED.,.F.,.F.,(7,5,5,5,5,5,5,5,5,7),(0.,4.541151420352E-02,
    0.145542360702,0.311563866558,0.50032751549,0.628188264671,
    0.689214361504,0.854282122538,0.955162664631,1.),.UNSPECIFIED.);
#7984 = CARTESIAN_POINT('',(-4.474842753821,-0.844021272475));
#7985 = CARTESIAN_POINT('',(-4.474813141702,-0.845354961097));
#7986 = CARTESIAN_POINT('',(-4.474738543071,-0.84668088294));
#7987 = CARTESIAN_POINT('',(-4.474618009685,-0.847998143046));
#7988 = CARTESIAN_POINT('',(-4.474450712303,-0.849305809169));
#7989 = CARTESIAN_POINT('',(-4.474235940692,-0.850602911775));
#7990 = CARTESIAN_POINT('',(-4.473393556806,-0.854722999012));
#7991 = CARTESIAN_POINT('',(-4.472580306322,-0.857501509121));
#7992 = CARTESIAN_POINT('',(-4.471527189801,-0.860212841374));
#7993 = CARTESIAN_POINT('',(-4.470231557291,-0.862845838105));
#7994 = CARTESIAN_POINT('',(-4.468694952229,-0.865389576453));
#7995 = CARTESIAN_POINT('',(-4.463987128732,-0.871885976395));
#7996 = CARTESIAN_POINT('',(-4.460404715267,-0.875665486856));
#7997 = CARTESIAN_POINT('',(-4.456205882014,-0.879123576137));
#7998 = CARTESIAN_POINT('',(-4.45145017632,-0.882225460274));
#7999 = CARTESIAN_POINT('',(-4.446216756042,-0.884947550697));
#8000 = CARTESIAN_POINT('',(-4.434200556928,-0.889920951083));
#8001 = CARTESIAN_POINT('',(-4.427303107015,-0.892057001096));
#8002 = CARTESIAN_POINT('',(-4.42002309617,-0.893664339904));
#8003 = CARTESIAN_POINT('',(-4.412492012758,-0.8947354293));
#8004 = CARTESIAN_POINT('',(-4.404838492737,-0.895268701822));
#8005 = CARTESIAN_POINT('',(-4.392000215923,-0.8952606738));
#8006 = CARTESIAN_POINT('',(-4.386816477085,-0.89501055977));
#8007 = CARTESIAN_POINT('',(-4.381671800796,-0.894513613916));
#8008 = CARTESIAN_POINT('',(-4.376605717067,-0.893770277421));
#8009 = CARTESIAN_POINT('',(-4.371658040781,-0.892781900807));
#8010 = CARTESIAN_POINT('',(-4.364581804268,-0.890963881591));
#8011 = CARTESIAN_POINT('',(-4.362331561735,-0.890321343975));
#8012 = CARTESIAN_POINT('',(-4.36012163791,-0.889623944861));
#8013 = CARTESIAN_POINT('',(-4.357956341031,-0.888872115146));
#8014 = CARTESIAN_POINT('',(-4.355839936843,-0.8880664113));
#8015 = CARTESIAN_POINT('',(-4.348195718699,-0.884884312097));
#8016 = CARTESIAN_POINT('',(-4.343001470547,-0.88217116894));
#8017 = CARTESIAN_POINT('',(-4.338280434494,-0.879082948942));
#8018 = CARTESIAN_POINT('',(-4.334110232604,-0.875642935892));
#8019 = CARTESIAN_POINT('',(-4.330549278156,-0.87188535902));
#8020 = CARTESIAN_POINT('',(-4.325840215049,-0.865396562035));
#8021 = CARTESIAN_POINT('',(-4.324291959529,-0.862833962989));
#8022 = CARTESIAN_POINT('',(-4.322988297593,-0.860180783303));
#8023 = CARTESIAN_POINT('',(-4.321930791556,-0.857448193291));
#8024 = CARTESIAN_POINT('',(-4.321116686867,-0.854647601305));
#8025 = CARTESIAN_POINT('',(-4.320283139845,-0.850520466386));
#8026 = CARTESIAN_POINT('',(-4.320073480317,-0.849239320093));
#8027 = CARTESIAN_POINT('',(-4.319910069469,-0.847947913121));
#8028 = CARTESIAN_POINT('',(-4.31979222065,-0.846647177683));
#8029 = CARTESIAN_POINT('',(-4.319719134447,-0.845338010436));
#8030 = CARTESIAN_POINT('',(-4.319689898686,-0.844021272475));
#8031 = ( GEOMETRIC_REPRESENTATION_CONTEXT(2) 
PARAMETRIC_REPRESENTATION_CONTEXT() REPRESENTATION_CONTEXT('2D SPACE',''
  ) );
#8032 = ORIENTED_EDGE('',*,*,#8033,.F.);
#8033 = EDGE_CURVE('',#1927,#7879,#8034,.T.);
#8034 = SURFACE_CURVE('',#8035,(#8038,#8045),.PCURVE_S1.);
#8035 = B_SPLINE_CURVE_WITH_KNOTS('',1,(#8036,#8037),.UNSPECIFIED.,.F.,
  .F.,(2,2),(0.,1.),.PIECEWISE_BEZIER_KNOTS.);
#8036 = CARTESIAN_POINT('',(8.145688733075,4.140555765887,
    -1.446944832201));
#8037 = CARTESIAN_POINT('',(3.070817866247,1.560935243013,4.955821212164
    ));
#8038 = PCURVE('',#2052,#8039);
#8039 = DEFINITIONAL_REPRESENTATION('',(#8040),#8044);
#8040 = LINE('',#8041,#8042);
#8041 = CARTESIAN_POINT('',(0.,1.));
#8042 = VECTOR('',#8043,1.);
#8043 = DIRECTION('',(1.,0.));
#8044 = ( GEOMETRIC_REPRESENTATION_CONTEXT(2) 
PARAMETRIC_REPRESENTATION_CONTEXT() REPRESENTATION_CONTEXT('2D SPACE',''
  ) );
#8045 = PCURVE('',#2167,#8046);
#8046 = DEFINITIONAL_REPRESENTATION('',(#8047),#8051);
#8047 = LINE('',#8048,#8049);
#8048 = CARTESIAN_POINT('',(0.,0.));
#8049 = VECTOR('',#8050,1.);
#8050 = DIRECTION('',(1.,0.));
#8051 = ( GEOMETRIC_REPRESENTATION_CONTEXT(2) 
PARAMETRIC_REPRESENTATION_CONTEXT() REPRESENTATION_CONTEXT('2D SPACE',''
  ) );
#8052 = ADVANCED_FACE('',(#8053),#2167,.F.);
#8053 = FACE_BOUND('',#8054,.F.);
#8054 = EDGE_LOOP('',(#8055,#8077,#8078,#8079));
#8055 = ORIENTED_EDGE('',*,*,#8056,.F.);
#8056 = EDGE_CURVE('',#2124,#8057,#8059,.T.);
#8057 = VERTEX_POINT('',#8058);
#8058 = CARTESIAN_POINT('',(4.131756697851,2.521140212975,4.77609800971)
  );
#8059 = SURFACE_CURVE('',#8060,(#8063,#8070),.PCURVE_S1.);
#8060 = B_SPLINE_CURVE_WITH_KNOTS('',1,(#8061,#8062),.UNSPECIFIED.,.F.,
  .F.,(2,2),(0.,1.),.PIECEWISE_BEZIER_KNOTS.);
#8061 = CARTESIAN_POINT('',(8.999396612458,5.491306083917,
    -1.7763568394E-15));
#8062 = CARTESIAN_POINT('',(3.392654545068,2.070150405214,5.501300445142
    ));
#8063 = PCURVE('',#2167,#8064);
#8064 = DEFINITIONAL_REPRESENTATION('',(#8065),#8069);
#8065 = LINE('',#8066,#8067);
#8066 = CARTESIAN_POINT('',(0.,1.));
#8067 = VECTOR('',#8068,1.);
#8068 = DIRECTION('',(1.,0.));
#8069 = ( GEOMETRIC_REPRESENTATION_CONTEXT(2) 
PARAMETRIC_REPRESENTATION_CONTEXT() REPRESENTATION_CONTEXT('2D SPACE',''
  ) );
#8070 = PCURVE('',#2217,#8071);
#8071 = DEFINITIONAL_REPRESENTATION('',(#8072),#8076);
#8072 = LINE('',#8073,#8074);
#8073 = CARTESIAN_POINT('',(0.,0.));
#8074 = VECTOR('',#8075,1.);
#8075 = DIRECTION('',(1.,0.));
#8076 = ( GEOMETRIC_REPRESENTATION_CONTEXT(2) 
PARAMETRIC_REPRESENTATION_CONTEXT() REPRESENTATION_CONTEXT('2D SPACE',''
  ) );
#8077 = ORIENTED_EDGE('',*,*,#2123,.F.);
#8078 = ORIENTED_EDGE('',*,*,#8033,.T.);
#8079 = ORIENTED_EDGE('',*,*,#8080,.T.);
#8080 = EDGE_CURVE('',#7879,#8057,#8081,.T.);
#8081 = SURFACE_CURVE('',#8082,(#8097,#8115),.PCURVE_S1.);
#8082 = B_SPLINE_CURVE_WITH_KNOTS('',7,(#8083,#8084,#8085,#8086,#8087,
    #8088,#8089,#8090,#8091,#8092,#8093,#8094,#8095,#8096),
  .UNSPECIFIED.,.F.,.F.,(8,6,8),(0.,0.850488719645,1.),.UNSPECIFIED.);
#8083 = CARTESIAN_POINT('',(3.739806726031,1.900990672513,4.111784138534
    ));
#8084 = CARTESIAN_POINT('',(3.814671924756,1.953562800406,4.192303612839
    ));
#8085 = CARTESIAN_POINT('',(3.880244987886,2.016520533666,4.27331499118)
  );
#8086 = CARTESIAN_POINT('',(3.936971688824,2.087894740224,4.35427781022)
  );
#8087 = CARTESIAN_POINT('',(3.98578500004,2.165402520816,4.435014639477)
  );
#8088 = CARTESIAN_POINT('',(4.027746106213,2.246998956056,4.515535047381
    ));
#8089 = CARTESIAN_POINT('',(4.063960560927,2.331028050708,4.59598194707)
  );
#8090 = CARTESIAN_POINT('',(4.101157801606,2.431057491831,4.69084830593)
  );
#8091 = CARTESIAN_POINT('',(4.106576964961,2.446043244579,4.705037235216
    ));
#8092 = CARTESIAN_POINT('',(4.111860037672,2.461051011669,4.719232534257
    ));
#8093 = CARTESIAN_POINT('',(4.11701323608,2.476072646263,4.733435233064)
  );
#8094 = CARTESIAN_POINT('',(4.12204283979,2.491100063275,4.747646360416)
  );
#8095 = CARTESIAN_POINT('',(4.12695519167,2.506125239373,4.76186694386)
  );
#8096 = CARTESIAN_POINT('',(4.131756697851,2.521140212975,4.77609800971)
  );
#8097 = PCURVE('',#2167,#8098);
#8098 = DEFINITIONAL_REPRESENTATION('',(#8099),#8114);
#8099 = B_SPLINE_CURVE_WITH_KNOTS('',7,(#8100,#8101,#8102,#8103,#8104,
    #8105,#8106,#8107,#8108,#8109,#8110,#8111,#8112,#8113),
  .UNSPECIFIED.,.F.,.F.,(8,6,8),(0.,0.850488719645,1.),.UNSPECIFIED.);
#8100 = CARTESIAN_POINT('',(0.868176180766,0.));
#8101 = CARTESIAN_POINT('',(0.86817949558,0.121319398873));
#8102 = CARTESIAN_POINT('',(0.868182887861,0.243256151813));
#8103 = CARTESIAN_POINT('',(0.868175989235,0.365136129294));
#8104 = CARTESIAN_POINT('',(0.86816834889,0.486634352311));
#8105 = CARTESIAN_POINT('',(0.868169537288,0.607730148244));
#8106 = CARTESIAN_POINT('',(0.868178832595,0.728696938891));
#8107 = CARTESIAN_POINT('',(0.868181617035,0.871521321838));
#8108 = CARTESIAN_POINT('',(0.868181817794,0.892887818263));
#8109 = CARTESIAN_POINT('',(0.868181721623,0.914269415601));
#8110 = CARTESIAN_POINT('',(0.86818123116,0.935668688099));
#8111 = CARTESIAN_POINT('',(0.868180233067,0.957088323403));
#8112 = CARTESIAN_POINT('',(0.868178598032,0.978531122556));
#8113 = CARTESIAN_POINT('',(0.868176180766,1.));
#8114 = ( GEOMETRIC_REPRESENTATION_CONTEXT(2) 
PARAMETRIC_REPRESENTATION_CONTEXT() REPRESENTATION_CONTEXT('2D SPACE',''
  ) );
#8115 = PCURVE('',#200,#8116);
#8116 = DEFINITIONAL_REPRESENTATION('',(#8117),#8132);
#8117 = B_SPLINE_CURVE_WITH_KNOTS('',7,(#8118,#8119,#8120,#8121,#8122,
    #8123,#8124,#8125,#8126,#8127,#8128,#8129,#8130,#8131),
  .UNSPECIFIED.,.F.,.F.,(8,6,8),(0.,0.850488719645,1.),.UNSPECIFIED.);
#8118 = CARTESIAN_POINT('',(-4.319689898686,-0.844021272475));
#8119 = CARTESIAN_POINT('',(-4.316605137313,-0.824828152178));
#8120 = CARTESIAN_POINT('',(-4.310465171719,-0.806001160971));
#8121 = CARTESIAN_POINT('',(-4.302003288822,-0.787624245903));
#8122 = CARTESIAN_POINT('',(-4.291923412375,-0.769685289414));
#8123 = CARTESIAN_POINT('',(-4.280781015463,-0.752142167649));
#8124 = CARTESIAN_POINT('',(-4.269014608483,-0.734930927229));
#8125 = CARTESIAN_POINT('',(-4.254870987806,-0.714980695547));
#8126 = CARTESIAN_POINT('',(-4.252748539995,-0.712005854471));
#8127 = CARTESIAN_POINT('',(-4.250620332973,-0.709038610357));
#8128 = CARTESIAN_POINT('',(-4.248488389005,-0.706078623707));
#8129 = CARTESIAN_POINT('',(-4.246354694854,-0.703125562168));
#8130 = CARTESIAN_POINT('',(-4.244221201783,-0.700179100539));
#8131 = CARTESIAN_POINT('',(-4.242089825554,-0.697238920763));
#8132 = ( GEOMETRIC_REPRESENTATION_CONTEXT(2) 
PARAMETRIC_REPRESENTATION_CONTEXT() REPRESENTATION_CONTEXT('2D SPACE',''
  ) );
#8133 = ADVANCED_FACE('',(#8134),#2217,.F.);
#8134 = FACE_BOUND('',#8135,.F.);
#8135 = EDGE_LOOP('',(#8136,#8137,#8138,#8168));
#8136 = ORIENTED_EDGE('',*,*,#2197,.F.);
#8137 = ORIENTED_EDGE('',*,*,#8056,.T.);
#8138 = ORIENTED_EDGE('',*,*,#8139,.T.);
#8139 = EDGE_CURVE('',#8057,#8140,#8142,.T.);
#8140 = VERTEX_POINT('',#8141);
#8141 = CARTESIAN_POINT('',(3.91038467619,2.852446856286,4.77609800971)
  );
#8142 = SURFACE_CURVE('',#8143,(#8149,#8158),.PCURVE_S1.);
#8143 = B_SPLINE_CURVE_WITH_KNOTS('',4,(#8144,#8145,#8146,#8147,#8148),
  .UNSPECIFIED.,.F.,.F.,(5,5),(0.,1.),.PIECEWISE_BEZIER_KNOTS.);
#8144 = CARTESIAN_POINT('',(4.131756697851,2.521140212975,4.77609800971)
  );
#8145 = CARTESIAN_POINT('',(4.079855607369,2.606198980906,4.77609800971)
  );
#8146 = CARTESIAN_POINT('',(4.025618205049,2.689832089033,4.77609800971)
  );
#8147 = CARTESIAN_POINT('',(3.969107043493,2.77194591981,4.77609800971)
  );
#8148 = CARTESIAN_POINT('',(3.91038467619,2.852446856286,4.77609800971)
  );
#8149 = PCURVE('',#2217,#8150);
#8150 = DEFINITIONAL_REPRESENTATION('',(#8151),#8157);
#8151 = B_SPLINE_CURVE_WITH_KNOTS('',4,(#8152,#8153,#8154,#8155,#8156),
  .UNSPECIFIED.,.F.,.F.,(5,5),(0.,1.),.PIECEWISE_BEZIER_KNOTS.);
#8152 = CARTESIAN_POINT('',(0.868176180766,0.));
#8153 = CARTESIAN_POINT('',(0.868176180766,0.24999999594));
#8154 = CARTESIAN_POINT('',(0.868176180766,0.5));
#8155 = CARTESIAN_POINT('',(0.868176180766,0.75000000406));
#8156 = CARTESIAN_POINT('',(0.868176180766,1.));
#8157 = ( GEOMETRIC_REPRESENTATION_CONTEXT(2) 
PARAMETRIC_REPRESENTATION_CONTEXT() REPRESENTATION_CONTEXT('2D SPACE',''
  ) );
#8158 = PCURVE('',#200,#8159);
#8159 = DEFINITIONAL_REPRESENTATION('',(#8160),#8167);
#8160 = B_SPLINE_CURVE_WITH_KNOTS('',5,(#8161,#8162,#8163,#8164,#8165,
    #8166),.UNSPECIFIED.,.F.,.F.,(6,6),(0.,1.),
  .PIECEWISE_BEZIER_KNOTS.);
#8161 = CARTESIAN_POINT('',(-4.242089825554,-0.697238920763));
#8162 = CARTESIAN_POINT('',(-4.225620606158,-0.697238880386));
#8163 = CARTESIAN_POINT('',(-4.209151398073,-0.69723895441));
#8164 = CARTESIAN_POINT('',(-4.192682172736,-0.69723895441));
#8165 = CARTESIAN_POINT('',(-4.17621296465,-0.697238880386));
#8166 = CARTESIAN_POINT('',(-4.159743745254,-0.697238920763));
#8167 = ( GEOMETRIC_REPRESENTATION_CONTEXT(2) 
PARAMETRIC_REPRESENTATION_CONTEXT() REPRESENTATION_CONTEXT('2D SPACE',''
  ) );
#8168 = ORIENTED_EDGE('',*,*,#8169,.F.);
#8169 = EDGE_CURVE('',#2198,#8140,#8170,.T.);
#8170 = SURFACE_CURVE('',#8171,(#8174,#8181),.PCURVE_S1.);
#8171 = B_SPLINE_CURVE_WITH_KNOTS('',1,(#8172,#8173),.UNSPECIFIED.,.F.,
  .F.,(2,2),(0.,1.),.PIECEWISE_BEZIER_KNOTS.);
#8172 = CARTESIAN_POINT('',(8.517225282556,6.212926474841,
    -1.7763568394E-15));
#8173 = CARTESIAN_POINT('',(3.210882274733,2.34219183249,5.501300445142)
  );
#8174 = PCURVE('',#2217,#8175);
#8175 = DEFINITIONAL_REPRESENTATION('',(#8176),#8180);
#8176 = LINE('',#8177,#8178);
#8177 = CARTESIAN_POINT('',(0.,1.));
#8178 = VECTOR('',#8179,1.);
#8179 = DIRECTION('',(1.,0.));
#8180 = ( GEOMETRIC_REPRESENTATION_CONTEXT(2) 
PARAMETRIC_REPRESENTATION_CONTEXT() REPRESENTATION_CONTEXT('2D SPACE',''
  ) );
#8181 = PCURVE('',#2269,#8182);
#8182 = DEFINITIONAL_REPRESENTATION('',(#8183),#8187);
#8183 = LINE('',#8184,#8185);
#8184 = CARTESIAN_POINT('',(0.,0.));
#8185 = VECTOR('',#8186,1.);
#8186 = DIRECTION('',(1.,0.));
#8187 = ( GEOMETRIC_REPRESENTATION_CONTEXT(2) 
PARAMETRIC_REPRESENTATION_CONTEXT() REPRESENTATION_CONTEXT('2D SPACE',''
  ) );
#8188 = ADVANCED_FACE('',(#8189),#2269,.F.);
#8189 = FACE_BOUND('',#8190,.F.);
#8190 = EDGE_LOOP('',(#8191,#8192,#8193,#8243));
#8191 = ORIENTED_EDGE('',*,*,#2235,.F.);
#8192 = ORIENTED_EDGE('',*,*,#8169,.T.);
#8193 = ORIENTED_EDGE('',*,*,#8194,.T.);
#8194 = EDGE_CURVE('',#8140,#8195,#8197,.T.);
#8195 = VERTEX_POINT('',#8196);
#8196 = CARTESIAN_POINT('',(3.187448448129,2.727653254277,4.111784138534
    ));
#8197 = SURFACE_CURVE('',#8198,(#8211,#8227),.PCURVE_S1.);
#8198 = B_SPLINE_CURVE_WITH_KNOTS('',6,(#8199,#8200,#8201,#8202,#8203,
    #8204,#8205,#8206,#8207,#8208,#8209,#8210),.UNSPECIFIED.,.F.,.F.,(7,
    5,7),(0.,0.745763286152,1.),.UNSPECIFIED.);
#8199 = CARTESIAN_POINT('',(3.91038467619,2.852446856286,4.77609800971)
  );
#8200 = CARTESIAN_POINT('',(3.818970056113,2.860069656726,4.693286409641
    ));
#8201 = CARTESIAN_POINT('',(3.725807888242,2.864257063939,4.61089314763)
  );
#8202 = CARTESIAN_POINT('',(3.631852981827,2.863075096198,4.528585138963
    ));
#8203 = CARTESIAN_POINT('',(3.538272035813,2.854659293443,4.446177552252
    ));
#8204 = CARTESIAN_POINT('',(3.446673167642,2.836938999806,4.363549827805
    ));
#8205 = CARTESIAN_POINT('',(3.32890557571,2.798072516639,4.252610889497)
  );
#8206 = CARTESIAN_POINT('',(3.299409988383,2.786884270661,4.224400245811
    ));
#8207 = CARTESIAN_POINT('',(3.270435064992,2.774314383533,4.196193045218
    ));
#8208 = CARTESIAN_POINT('',(3.242061549775,2.760291892608,4.168004837703
    ));
#8209 = CARTESIAN_POINT('',(3.214372197946,2.744754456071,4.13985829842)
  );
#8210 = CARTESIAN_POINT('',(3.187448448129,2.727653254277,4.111784138534
    ));
#8211 = PCURVE('',#2269,#8212);
#8212 = DEFINITIONAL_REPRESENTATION('',(#8213),#8226);
#8213 = B_SPLINE_CURVE_WITH_KNOTS('',6,(#8214,#8215,#8216,#8217,#8218,
    #8219,#8220,#8221,#8222,#8223,#8224,#8225),.UNSPECIFIED.,.F.,.F.,(7,
    5,7),(0.,0.745763286152,1.),.UNSPECIFIED.);
#8214 = CARTESIAN_POINT('',(0.868176180766,0.));
#8215 = CARTESIAN_POINT('',(0.868190247014,0.12492894851));
#8216 = CARTESIAN_POINT('',(0.868177102039,0.248869828745));
#8217 = CARTESIAN_POINT('',(0.868168239925,0.372619595922));
#8218 = CARTESIAN_POINT('',(0.868171177296,0.49658938392));
#8219 = CARTESIAN_POINT('',(0.868176084748,0.620926909922));
#8220 = CARTESIAN_POINT('',(0.868178901352,0.787921078165));
#8221 = CARTESIAN_POINT('',(0.868179296179,0.830390739436));
#8222 = CARTESIAN_POINT('',(0.868179193195,0.872860274387));
#8223 = CARTESIAN_POINT('',(0.868178498828,0.915307222432));
#8224 = CARTESIAN_POINT('',(0.868177336519,0.957700416816));
#8225 = CARTESIAN_POINT('',(0.868176180766,1.));
#8226 = ( GEOMETRIC_REPRESENTATION_CONTEXT(2) 
PARAMETRIC_REPRESENTATION_CONTEXT() REPRESENTATION_CONTEXT('2D SPACE',''
  ) );
#8227 = PCURVE('',#200,#8228);
#8228 = DEFINITIONAL_REPRESENTATION('',(#8229),#8242);
#8229 = B_SPLINE_CURVE_WITH_KNOTS('',6,(#8230,#8231,#8232,#8233,#8234,
    #8235,#8236,#8237,#8238,#8239,#8240,#8241),.UNSPECIFIED.,.F.,.F.,(7,
    5,7),(0.,0.745763286152,1.),.UNSPECIFIED.);
#8230 = CARTESIAN_POINT('',(-4.159743745254,-0.697238920763));
#8231 = CARTESIAN_POINT('',(-4.147341113033,-0.714348039245));
#8232 = CARTESIAN_POINT('',(-4.134872530587,-0.731664893336));
#8233 = CARTESIAN_POINT('',(-4.122740259856,-0.749281027072));
#8234 = CARTESIAN_POINT('',(-4.111397301289,-0.767267591787));
#8235 = CARTESIAN_POINT('',(-4.101450138452,-0.785695814372));
#8236 = CARTESIAN_POINT('',(-4.09100796634,-0.811036194274));
#8237 = CARTESIAN_POINT('',(-4.088604805235,-0.817531753557));
#8238 = CARTESIAN_POINT('',(-4.086483666866,-0.824080354981));
#8239 = CARTESIAN_POINT('',(-4.084677194676,-0.830680600119));
#8240 = CARTESIAN_POINT('',(-4.083219214216,-0.83732934195));
#8241 = CARTESIAN_POINT('',(-4.082143672122,-0.844021272475));
#8242 = ( GEOMETRIC_REPRESENTATION_CONTEXT(2) 
PARAMETRIC_REPRESENTATION_CONTEXT() REPRESENTATION_CONTEXT('2D SPACE',''
  ) );
#8243 = ORIENTED_EDGE('',*,*,#8244,.F.);
#8244 = EDGE_CURVE('',#2236,#8195,#8245,.T.);
#8245 = SURFACE_CURVE('',#8246,(#8249,#8256),.PCURVE_S1.);
#8246 = B_SPLINE_CURVE_WITH_KNOTS('',1,(#8247,#8248),.UNSPECIFIED.,.F.,
  .F.,(2,2),(0.,1.),.PIECEWISE_BEZIER_KNOTS.);
#8247 = CARTESIAN_POINT('',(6.942594848675,5.941113006308,
    -1.446944832201));
#8248 = CARTESIAN_POINT('',(2.617267243819,2.239721718199,4.955821212164
    ));
#8249 = PCURVE('',#2269,#8250);
#8250 = DEFINITIONAL_REPRESENTATION('',(#8251),#8255);
#8251 = LINE('',#8252,#8253);
#8252 = CARTESIAN_POINT('',(0.,1.));
#8253 = VECTOR('',#8254,1.);
#8254 = DIRECTION('',(1.,0.));
#8255 = ( GEOMETRIC_REPRESENTATION_CONTEXT(2) 
PARAMETRIC_REPRESENTATION_CONTEXT() REPRESENTATION_CONTEXT('2D SPACE',''
  ) );
#8256 = PCURVE('',#2420,#8257);
#8257 = DEFINITIONAL_REPRESENTATION('',(#8258),#8262);
#8258 = LINE('',#8259,#8260);
#8259 = CARTESIAN_POINT('',(0.,0.));
#8260 = VECTOR('',#8261,1.);
#8261 = DIRECTION('',(1.,0.));
#8262 = ( GEOMETRIC_REPRESENTATION_CONTEXT(2) 
PARAMETRIC_REPRESENTATION_CONTEXT() REPRESENTATION_CONTEXT('2D SPACE',''
  ) );
#8263 = ADVANCED_FACE('',(#8264),#2420,.F.);
#8264 = FACE_BOUND('',#8265,.F.);
#8265 = EDGE_LOOP('',(#8266,#8267,#8268,#8423));
#8266 = ORIENTED_EDGE('',*,*,#2294,.F.);
#8267 = ORIENTED_EDGE('',*,*,#8244,.T.);
#8268 = ORIENTED_EDGE('',*,*,#8269,.T.);
#8269 = EDGE_CURVE('',#8195,#8270,#8272,.T.);
#8270 = VERTEX_POINT('',#8271);
#8271 = CARTESIAN_POINT('',(2.727653254277,3.187448448129,4.111784138534
    ));
#8272 = SURFACE_CURVE('',#8273,(#8321,#8372),.PCURVE_S1.);
#8273 = B_SPLINE_CURVE_WITH_KNOTS('',6,(#8274,#8275,#8276,#8277,#8278,
    #8279,#8280,#8281,#8282,#8283,#8284,#8285,#8286,#8287,#8288,#8289,
    #8290,#8291,#8292,#8293,#8294,#8295,#8296,#8297,#8298,#8299,#8300,
    #8301,#8302,#8303,#8304,#8305,#8306,#8307,#8308,#8309,#8310,#8311,
    #8312,#8313,#8314,#8315,#8316,#8317,#8318,#8319,#8320),
  .UNSPECIFIED.,.F.,.F.,(7,5,5,5,5,5,5,5,5,7),(0.,4.54115142068E-02,
    0.145542360736,0.311563863975,0.500327512926,0.628188306526,
    0.689214403466,0.85428224342,0.955163035525,1.),.UNSPECIFIED.);
#8274 = CARTESIAN_POINT('',(3.187448448129,2.727653254277,4.111784138534
    ));
#8275 = CARTESIAN_POINT('',(3.182586507857,2.723656164916,4.106189013558
    ));
#8276 = CARTESIAN_POINT('',(3.177623183412,2.719820132874,4.100636542847
    ));
#8277 = CARTESIAN_POINT('',(3.172560078666,2.716150075999,4.095130279997
    ));
#8278 = CARTESIAN_POINT('',(3.167399234281,2.712650622747,4.089673889121
    ));
#8279 = CARTESIAN_POINT('',(3.162143127712,2.709326112176,4.084271144844
    ));
#8280 = CARTESIAN_POINT('',(3.145001512673,2.699244833107,4.0671399202)
  );
#8281 = CARTESIAN_POINT('',(3.13275854601,2.693178722342,4.055632747324)
  );
#8282 = CARTESIAN_POINT('',(3.120098633593,2.688026296987,4.044447495681
    ));
#8283 = CARTESIAN_POINT('',(3.107063219219,2.683820218656,4.033626175585
    ));
#8284 = CARTESIAN_POINT('',(3.09370236958,2.68058000838,4.023208895392)
  );
#8285 = CARTESIAN_POINT('',(3.057479705564,2.674546966269,3.996692594188
    ));
#8286 = CARTESIAN_POINT('',(3.034144252344,2.673450900519,3.981360787189
    ));
#8287 = CARTESIAN_POINT('',(3.010341727043,2.675045020473,3.967412113543
    ));
#8288 = CARTESIAN_POINT('',(2.986353705216,2.679232122393,3.954960447559
    ));
#8289 = CARTESIAN_POINT('',(2.962456390082,2.68583985384,3.944074824372)
  );
#8290 = CARTESIAN_POINT('',(2.912131607342,2.704700552571,3.924244487192
    ));
#8291 = CARTESIAN_POINT('',(2.885803404261,2.717603409727,3.915768597362
    ));
#8292 = CARTESIAN_POINT('',(2.860268297717,2.73308682571,3.90941232067)
  );
#8293 = CARTESIAN_POINT('',(2.835841570206,2.750831680012,3.905183635643
    ));
#8294 = CARTESIAN_POINT('',(2.812812366577,2.770534105215,3.903078259375
    ));
#8295 = CARTESIAN_POINT('',(2.776996934832,2.806399618966,3.903109954112
    ));
#8296 = CARTESIAN_POINT('',(2.763305513998,2.821651389276,3.904097420482
    ));
#8297 = CARTESIAN_POINT('',(2.750473488085,2.837583559701,3.906059390872
    ));
#8298 = CARTESIAN_POINT('',(2.738593208346,2.854106556875,3.908996432582
    ));
#8299 = CARTESIAN_POINT('',(2.727759232925,2.871127764165,3.912907708686
    ));
#8300 = CARTESIAN_POINT('',(2.713439324046,2.896865475067,3.920118537837
    ));
#8301 = CARTESIAN_POINT('',(2.709072720211,2.905272006828,3.922669072037
    ));
#8302 = CARTESIAN_POINT('',(2.704976483563,2.913758888008,3.925439957696
    ));
#8303 = CARTESIAN_POINT('',(2.701160876056,2.922314889739,3.928430299725
    ));
#8304 = CARTESIAN_POINT('',(2.697635966187,2.930928326084,3.931638796142
    ));
#8305 = CARTESIAN_POINT('',(2.685690206488,2.963007813222,3.94432777091)
  );
#8306 = CARTESIAN_POINT('',(2.679165008167,2.986767622779,3.955178505043
    ));
#8307 = CARTESIAN_POINT('',(2.67503463049,3.0106134561,3.967576210828));
#8308 = CARTESIAN_POINT('',(2.673467781905,3.034273800135,3.981452629734
    ));
#8309 = CARTESIAN_POINT('',(2.674559567706,3.05747197326,3.996695646489)
  );
#8310 = CARTESIAN_POINT('',(2.680566259266,3.093670380435,4.023180195645
    ));
#8311 = CARTESIAN_POINT('',(2.683829718792,3.107131039555,4.033674680403
    ));
#8312 = CARTESIAN_POINT('',(2.688073511262,3.120261313155,4.044579203488
    ));
#8313 = CARTESIAN_POINT('',(2.693277629082,3.133010034594,4.05585274508)
  );
#8314 = CARTESIAN_POINT('',(2.699408544084,3.145334930332,4.067452341245
    ));
#8315 = CARTESIAN_POINT('',(2.709537796135,3.16247720421,4.084614786017)
  );
#8316 = CARTESIAN_POINT('',(2.712828809405,3.16766167771,4.089951510469)
  );
#8317 = CARTESIAN_POINT('',(2.716290182327,3.172753204707,4.095340385286
    ));
#8318 = CARTESIAN_POINT('',(2.719917731313,3.177749411923,4.100777780354
    ));
#8319 = CARTESIAN_POINT('',(2.723706999005,3.182648340927,4.106260171107
    ));
#8320 = CARTESIAN_POINT('',(2.727653254277,3.187448448129,4.111784138534
    ));
#8321 = PCURVE('',#2420,#8322);
#8322 = DEFINITIONAL_REPRESENTATION('',(#8323),#8371);
#8323 = B_SPLINE_CURVE_WITH_KNOTS('',6,(#8324,#8325,#8326,#8327,#8328,
    #8329,#8330,#8331,#8332,#8333,#8334,#8335,#8336,#8337,#8338,#8339,
    #8340,#8341,#8342,#8343,#8344,#8345,#8346,#8347,#8348,#8349,#8350,
    #8351,#8352,#8353,#8354,#8355,#8356,#8357,#8358,#8359,#8360,#8361,
    #8362,#8363,#8364,#8365,#8366,#8367,#8368,#8369,#8370),
  .UNSPECIFIED.,.F.,.F.,(7,5,5,5,5,5,5,5,5,7),(0.,4.54115142068E-02,
    0.145542360736,0.311563863975,0.500327512926,0.628188306526,
    0.689214403466,0.85428224342,0.955163035525,1.),.UNSPECIFIED.);
#8324 = CARTESIAN_POINT('',(0.868176180766,0.));
#8325 = CARTESIAN_POINT('',(0.868174088279,6.688128432744E-03));
#8326 = CARTESIAN_POINT('',(0.868172443606,1.343588145387E-02));
#8327 = CARTESIAN_POINT('',(0.868171198914,2.024227433277E-02));
#8328 = CARTESIAN_POINT('',(0.868170307927,2.71060926864E-02));
#8329 = CARTESIAN_POINT('',(0.868169725926,3.40258924793E-02));
#8330 = CARTESIAN_POINT('',(0.868168712581,5.637767029933E-02));
#8331 = CARTESIAN_POINT('',(0.868169309032,7.202049097366E-02));
#8332 = CARTESIAN_POINT('',(0.868170738397,8.79083499398E-02));
#8333 = CARTESIAN_POINT('',(0.868172599625,0.104019003746));
#8334 = CARTESIAN_POINT('',(0.868174573676,0.12032704132));
#8335 = CARTESIAN_POINT('',(0.868179550086,0.164120484912));
#8336 = CARTESIAN_POINT('',(0.868182380207,0.191907555918));
#8337 = CARTESIAN_POINT('',(0.868183907956,0.220023062129));
#8338 = CARTESIAN_POINT('',(0.868183952438,0.248356928465));
#8339 = CARTESIAN_POINT('',(0.868182839112,0.27682215531));
#8340 = CARTESIAN_POINT('',(0.868179034479,0.337779204194));
#8341 = CARTESIAN_POINT('',(0.868176142704,0.370292007273));
#8342 = CARTESIAN_POINT('',(0.868173078663,0.402821111718));
#8343 = CARTESIAN_POINT('',(0.868170749924,0.435339370323));
#8344 = CARTESIAN_POINT('',(0.868169591023,0.467840511523));
#8345 = CARTESIAN_POINT('',(0.868169608467,0.522365519394));
#8346 = CARTESIAN_POINT('',(0.868170150948,0.544383036763));
#8347 = CARTESIAN_POINT('',(0.86817123274,0.56640427579));
#8348 = CARTESIAN_POINT('',(0.868172750823,0.588429998733));
#8349 = CARTESIAN_POINT('',(0.868174525478,0.610456756713));
#8350 = CARTESIAN_POINT('',(0.868177191978,0.642986453599));
#8351 = CARTESIAN_POINT('',(0.868178060994,0.653494354375));
#8352 = CARTESIAN_POINT('',(0.868178912265,0.663999236993));
#8353 = CARTESIAN_POINT('',(0.868179720726,0.674499449409));
#8354 = CARTESIAN_POINT('',(0.868180461502,0.684992822391));
#8355 = CARTESIAN_POINT('',(0.868182863774,0.723834144207));
#8356 = CARTESIAN_POINT('',(0.868183949275,0.752131517481));
#8357 = CARTESIAN_POINT('',(0.868183886067,0.78029792595));
#8358 = CARTESIAN_POINT('',(0.868182359059,0.808247609988));
#8359 = CARTESIAN_POINT('',(0.868179549235,0.835872282006));
#8360 = CARTESIAN_POINT('',(0.868174579231,0.879633001054));
#8361 = CARTESIAN_POINT('',(0.868172589181,0.89606244677));
#8362 = CARTESIAN_POINT('',(0.868170713261,0.912291512283));
#8363 = CARTESIAN_POINT('',(0.868169278043,0.928294229476));
#8364 = CARTESIAN_POINT('',(0.868168694458,0.944047904364));
#8365 = CARTESIAN_POINT('',(0.868169763444,0.966414039931));
#8366 = CARTESIAN_POINT('',(0.868170353598,0.973243022144));
#8367 = CARTESIAN_POINT('',(0.868171246592,0.980017384137));
#8368 = CARTESIAN_POINT('',(0.868172485506,0.986735741903));
#8369 = CARTESIAN_POINT('',(0.868174114891,0.99339692969));
#8370 = CARTESIAN_POINT('',(0.868176180766,1.));
#8371 = ( GEOMETRIC_REPRESENTATION_CONTEXT(2) 
PARAMETRIC_REPRESENTATION_CONTEXT() REPRESENTATION_CONTEXT('2D SPACE',''
  ) );
#8372 = PCURVE('',#200,#8373);
#8373 = DEFINITIONAL_REPRESENTATION('',(#8374),#8422);
#8374 = B_SPLINE_CURVE_WITH_KNOTS('',6,(#8375,#8376,#8377,#8378,#8379,
    #8380,#8381,#8382,#8383,#8384,#8385,#8386,#8387,#8388,#8389,#8390,
    #8391,#8392,#8393,#8394,#8395,#8396,#8397,#8398,#8399,#8400,#8401,
    #8402,#8403,#8404,#8405,#8406,#8407,#8408,#8409,#8410,#8411,#8412,
    #8413,#8414,#8415,#8416,#8417,#8418,#8419,#8420,#8421),
  .UNSPECIFIED.,.F.,.F.,(7,5,5,5,5,5,5,5,5,7),(0.,4.54115142068E-02,
    0.145542360736,0.311563863975,0.500327512926,0.628188306526,
    0.689214403466,0.85428224342,0.955163035525,1.),.UNSPECIFIED.);
#8375 = CARTESIAN_POINT('',(-4.082143672122,-0.844021272475));
#8376 = CARTESIAN_POINT('',(-4.082114060003,-0.845354961097));
#8377 = CARTESIAN_POINT('',(-4.082039461373,-0.84668088294));
#8378 = CARTESIAN_POINT('',(-4.081918927986,-0.847998143046));
#8379 = CARTESIAN_POINT('',(-4.081751630604,-0.849305809169));
#8380 = CARTESIAN_POINT('',(-4.081536858993,-0.850602911775));
#8381 = CARTESIAN_POINT('',(-4.080694475107,-0.854722999013));
#8382 = CARTESIAN_POINT('',(-4.079881224623,-0.857501509123));
#8383 = CARTESIAN_POINT('',(-4.078828108102,-0.860212841376));
#8384 = CARTESIAN_POINT('',(-4.077532475591,-0.862845838108));
#8385 = CARTESIAN_POINT('',(-4.075995870528,-0.865389576456));
#8386 = CARTESIAN_POINT('',(-4.071288047077,-0.871885976334));
#8387 = CARTESIAN_POINT('',(-4.067705633679,-0.875665486739));
#8388 = CARTESIAN_POINT('',(-4.063506800511,-0.879123575975));
#8389 = CARTESIAN_POINT('',(-4.058751094919,-0.88222546008));
#8390 = CARTESIAN_POINT('',(-4.053517674753,-0.884947550483));
#8391 = CARTESIAN_POINT('',(-4.041501475793,-0.889920950899));
#8392 = CARTESIAN_POINT('',(-4.034604025908,-0.892057000948));
#8393 = CARTESIAN_POINT('',(-4.027324015084,-0.893664339793));
#8394 = CARTESIAN_POINT('',(-4.019792931686,-0.894735429226));
#8395 = CARTESIAN_POINT('',(-4.012139411671,-0.895268701785));
#8396 = CARTESIAN_POINT('',(-3.999301133057,-0.895260673824));
#8397 = CARTESIAN_POINT('',(-3.994117392415,-0.895010559647));
#8398 = CARTESIAN_POINT('',(-3.98897271436,-0.894513613474));
#8399 = CARTESIAN_POINT('',(-3.983906628944,-0.893770276488));
#8400 = CARTESIAN_POINT('',(-3.97895895109,-0.892781899216));
#8401 = CARTESIAN_POINT('',(-3.971882713291,-0.890963878987));
#8402 = CARTESIAN_POINT('',(-3.969632470889,-0.890321341182));
#8403 = CARTESIAN_POINT('',(-3.967422547208,-0.889623941879));
#8404 = CARTESIAN_POINT('',(-3.965257250484,-0.888872111976));
#8405 = CARTESIAN_POINT('',(-3.963140846463,-0.888066407945));
#8406 = CARTESIAN_POINT('',(-3.955496626324,-0.884884306953));
#8407 = CARTESIAN_POINT('',(-3.950302376447,-0.882171161831));
#8408 = CARTESIAN_POINT('',(-3.945581339247,-0.879082939537));
#8409 = CARTESIAN_POINT('',(-3.941411136883,-0.875642923908));
#8410 = CARTESIAN_POINT('',(-3.93785018268,-0.871885344243));
#8411 = CARTESIAN_POINT('',(-3.933141117509,-0.865396537636));
#8412 = CARTESIAN_POINT('',(-3.931592860198,-0.86283393143));
#8413 = CARTESIAN_POINT('',(-3.930289197714,-0.860180744217));
#8414 = CARTESIAN_POINT('',(-3.929231692355,-0.857448146394));
#8415 = CARTESIAN_POINT('',(-3.928417589512,-0.854647546401));
#8416 = CARTESIAN_POINT('',(-3.927584049475,-0.850520413397));
#8417 = CARTESIAN_POINT('',(-3.927374393211,-0.849239277362));
#8418 = CARTESIAN_POINT('',(-3.927210984846,-0.847947880841));
#8419 = CARTESIAN_POINT('',(-3.927093137742,-0.846647156024));
#8420 = CARTESIAN_POINT('',(-3.927020052506,-0.845337999544));
#8421 = CARTESIAN_POINT('',(-3.926990816987,-0.844021272475));
#8422 = ( GEOMETRIC_REPRESENTATION_CONTEXT(2) 
PARAMETRIC_REPRESENTATION_CONTEXT() REPRESENTATION_CONTEXT('2D SPACE',''
  ) );
#8423 = ORIENTED_EDGE('',*,*,#8424,.F.);
#8424 = EDGE_CURVE('',#2295,#8270,#8425,.T.);
#8425 = SURFACE_CURVE('',#8426,(#8429,#8436),.PCURVE_S1.);
#8426 = B_SPLINE_CURVE_WITH_KNOTS('',1,(#8427,#8428),.UNSPECIFIED.,.F.,
  .F.,(2,2),(0.,1.),.PIECEWISE_BEZIER_KNOTS.);
#8427 = CARTESIAN_POINT('',(5.941113006308,6.942594848675,
    -1.446944832201));
#8428 = CARTESIAN_POINT('',(2.239721718199,2.617267243819,4.955821212164
    ));
#8429 = PCURVE('',#2420,#8430);
#8430 = DEFINITIONAL_REPRESENTATION('',(#8431),#8435);
#8431 = LINE('',#8432,#8433);
#8432 = CARTESIAN_POINT('',(0.,1.));
#8433 = VECTOR('',#8434,1.);
#8434 = DIRECTION('',(1.,0.));
#8435 = ( GEOMETRIC_REPRESENTATION_CONTEXT(2) 
PARAMETRIC_REPRESENTATION_CONTEXT() REPRESENTATION_CONTEXT('2D SPACE',''
  ) );
#8436 = PCURVE('',#2535,#8437);
#8437 = DEFINITIONAL_REPRESENTATION('',(#8438),#8442);
#8438 = LINE('',#8439,#8440);
#8439 = CARTESIAN_POINT('',(0.,0.));
#8440 = VECTOR('',#8441,1.);
#8441 = DIRECTION('',(1.,0.));
#8442 = ( GEOMETRIC_REPRESENTATION_CONTEXT(2) 
PARAMETRIC_REPRESENTATION_CONTEXT() REPRESENTATION_CONTEXT('2D SPACE',''
  ) );
#8443 = ADVANCED_FACE('',(#8444),#2535,.F.);
#8444 = FACE_BOUND('',#8445,.F.);
#8445 = EDGE_LOOP('',(#8446,#8468,#8469,#8470));
#8446 = ORIENTED_EDGE('',*,*,#8447,.F.);
#8447 = EDGE_CURVE('',#2492,#8448,#8450,.T.);
#8448 = VERTEX_POINT('',#8449);
#8449 = CARTESIAN_POINT('',(2.852446856286,3.91038467619,4.77609800971)
  );
#8450 = SURFACE_CURVE('',#8451,(#8454,#8461),.PCURVE_S1.);
#8451 = B_SPLINE_CURVE_WITH_KNOTS('',1,(#8452,#8453),.UNSPECIFIED.,.F.,
  .F.,(2,2),(0.,1.),.PIECEWISE_BEZIER_KNOTS.);
#8452 = CARTESIAN_POINT('',(6.212926474841,8.517225282556,0.));
#8453 = CARTESIAN_POINT('',(2.34219183249,3.210882274733,5.501300445142)
  );
#8454 = PCURVE('',#2535,#8455);
#8455 = DEFINITIONAL_REPRESENTATION('',(#8456),#8460);
#8456 = LINE('',#8457,#8458);
#8457 = CARTESIAN_POINT('',(0.,1.));
#8458 = VECTOR('',#8459,1.);
#8459 = DIRECTION('',(1.,0.));
#8460 = ( GEOMETRIC_REPRESENTATION_CONTEXT(2) 
PARAMETRIC_REPRESENTATION_CONTEXT() REPRESENTATION_CONTEXT('2D SPACE',''
  ) );
#8461 = PCURVE('',#2585,#8462);
#8462 = DEFINITIONAL_REPRESENTATION('',(#8463),#8467);
#8463 = LINE('',#8464,#8465);
#8464 = CARTESIAN_POINT('',(0.,0.));
#8465 = VECTOR('',#8466,1.);
#8466 = DIRECTION('',(1.,0.));
#8467 = ( GEOMETRIC_REPRESENTATION_CONTEXT(2) 
PARAMETRIC_REPRESENTATION_CONTEXT() REPRESENTATION_CONTEXT('2D SPACE',''
  ) );
#8468 = ORIENTED_EDGE('',*,*,#2491,.F.);
#8469 = ORIENTED_EDGE('',*,*,#8424,.T.);
#8470 = ORIENTED_EDGE('',*,*,#8471,.T.);
#8471 = EDGE_CURVE('',#8270,#8448,#8472,.T.);
#8472 = SURFACE_CURVE('',#8473,(#8488,#8506),.PCURVE_S1.);
#8473 = B_SPLINE_CURVE_WITH_KNOTS('',7,(#8474,#8475,#8476,#8477,#8478,
    #8479,#8480,#8481,#8482,#8483,#8484,#8485,#8486,#8487),
  .UNSPECIFIED.,.F.,.F.,(8,6,8),(0.,0.850488677936,1.),.UNSPECIFIED.);
#8474 = CARTESIAN_POINT('',(2.727653254277,3.187448448129,4.111784138534
    ));
#8475 = CARTESIAN_POINT('',(2.776701194318,3.264668428491,4.192303608885
    ));
#8476 = CARTESIAN_POINT('',(2.813189922602,3.347927510157,4.273314983235
    ));
#8477 = CARTESIAN_POINT('',(2.838284834084,3.435577042645,4.354277798313
    ));
#8478 = CARTESIAN_POINT('',(2.853721510381,3.525864935408,4.435014623642
    ));
#8479 = CARTESIAN_POINT('',(2.861262914808,3.617308027268,4.515535027634
    ));
#8480 = CARTESIAN_POINT('',(2.862564167407,3.708799455282,4.595981923391
    ));
#8481 = CARTESIAN_POINT('',(2.85865032847,3.815449376611,4.690848282186)
  );
#8482 = CARTESIAN_POINT('',(2.857922183263,3.831368235372,4.705037215421
    ));
#8483 = CARTESIAN_POINT('',(2.857059882087,3.847255353086,4.719232518412
    ));
#8484 = CARTESIAN_POINT('',(2.856072285759,3.863105581942,4.733435221174
    ));
#8485 = CARTESIAN_POINT('',(2.854968289913,3.878913855393,4.747646352484
    ));
#8486 = CARTESIAN_POINT('',(2.853756825001,3.89467518815,4.761866939891)
  );
#8487 = CARTESIAN_POINT('',(2.852446856286,3.91038467619,4.77609800971)
  );
#8488 = PCURVE('',#2535,#8489);
#8489 = DEFINITIONAL_REPRESENTATION('',(#8490),#8505);
#8490 = B_SPLINE_CURVE_WITH_KNOTS('',7,(#8491,#8492,#8493,#8494,#8495,
    #8496,#8497,#8498,#8499,#8500,#8501,#8502,#8503,#8504),
  .UNSPECIFIED.,.F.,.F.,(8,6,8),(0.,0.850488677936,1.),.UNSPECIFIED.);
#8491 = CARTESIAN_POINT('',(0.868176180766,0.));
#8492 = CARTESIAN_POINT('',(0.86817949558,0.121319392916));
#8493 = CARTESIAN_POINT('',(0.868182887861,0.243256139854));
#8494 = CARTESIAN_POINT('',(0.868175989236,0.36513611137));
#8495 = CARTESIAN_POINT('',(0.868168348891,0.486634328483));
#8496 = CARTESIAN_POINT('',(0.868169537288,0.607730118546));
#8497 = CARTESIAN_POINT('',(0.868178832592,0.728696903286));
#8498 = CARTESIAN_POINT('',(0.868181617035,0.871521286082));
#8499 = CARTESIAN_POINT('',(0.868181817794,0.892887788446));
#8500 = CARTESIAN_POINT('',(0.868181721623,0.914269391728));
#8501 = CARTESIAN_POINT('',(0.86818123116,0.935668670177));
#8502 = CARTESIAN_POINT('',(0.868180233068,0.957088311442));
#8503 = CARTESIAN_POINT('',(0.868178598033,0.978531116568));
#8504 = CARTESIAN_POINT('',(0.868176180766,1.));
#8505 = ( GEOMETRIC_REPRESENTATION_CONTEXT(2) 
PARAMETRIC_REPRESENTATION_CONTEXT() REPRESENTATION_CONTEXT('2D SPACE',''
  ) );
#8506 = PCURVE('',#200,#8507);
#8507 = DEFINITIONAL_REPRESENTATION('',(#8508),#8523);
#8508 = B_SPLINE_CURVE_WITH_KNOTS('',7,(#8509,#8510,#8511,#8512,#8513,
    #8514,#8515,#8516,#8517,#8518,#8519,#8520,#8521,#8522),
  .UNSPECIFIED.,.F.,.F.,(8,6,8),(0.,0.850488677936,1.),.UNSPECIFIED.);
#8509 = CARTESIAN_POINT('',(-3.926990816987,-0.844021272475));
#8510 = CARTESIAN_POINT('',(-3.923906055766,-0.82482815312));
#8511 = CARTESIAN_POINT('',(-3.917766090623,-0.806001162818));
#8512 = CARTESIAN_POINT('',(-3.909304208367,-0.787624248605));
#8513 = CARTESIAN_POINT('',(-3.899224332653,-0.769685292932));
#8514 = CARTESIAN_POINT('',(-3.888081936497,-0.752142171951));
#8515 = CARTESIAN_POINT('',(-3.876315530248,-0.734930932295));
#8516 = CARTESIAN_POINT('',(-3.862171909659,-0.714980700525));
#8517 = CARTESIAN_POINT('',(-3.860049461264,-0.712005858609));
#8518 = CARTESIAN_POINT('',(-3.857921253652,-0.70903861366));
#8519 = CARTESIAN_POINT('',(-3.855789309091,-0.706078626178));
#8520 = CARTESIAN_POINT('',(-3.853655614345,-0.703125563812));
#8521 = CARTESIAN_POINT('',(-3.851522120679,-0.700179101359));
#8522 = CARTESIAN_POINT('',(-3.849390743856,-0.697238920763));
#8523 = ( GEOMETRIC_REPRESENTATION_CONTEXT(2) 
PARAMETRIC_REPRESENTATION_CONTEXT() REPRESENTATION_CONTEXT('2D SPACE',''
  ) );
#8524 = ADVANCED_FACE('',(#8525),#2585,.F.);
#8525 = FACE_BOUND('',#8526,.F.);
#8526 = EDGE_LOOP('',(#8527,#8528,#8529,#8559));
#8527 = ORIENTED_EDGE('',*,*,#2565,.F.);
#8528 = ORIENTED_EDGE('',*,*,#8447,.T.);
#8529 = ORIENTED_EDGE('',*,*,#8530,.T.);
#8530 = EDGE_CURVE('',#8448,#8531,#8533,.T.);
#8531 = VERTEX_POINT('',#8532);
#8532 = CARTESIAN_POINT('',(2.521140212975,4.131756697851,4.77609800971)
  );
#8533 = SURFACE_CURVE('',#8534,(#8540,#8549),.PCURVE_S1.);
#8534 = B_SPLINE_CURVE_WITH_KNOTS('',4,(#8535,#8536,#8537,#8538,#8539),
  .UNSPECIFIED.,.F.,.F.,(5,5),(0.,1.),.PIECEWISE_BEZIER_KNOTS.);
#8535 = CARTESIAN_POINT('',(2.852446856286,3.91038467619,4.77609800971)
  );
#8536 = CARTESIAN_POINT('',(2.77194591981,3.969107043493,4.77609800971)
  );
#8537 = CARTESIAN_POINT('',(2.689832089033,4.025618205049,4.77609800971)
  );
#8538 = CARTESIAN_POINT('',(2.606198980906,4.079855607369,4.77609800971)
  );
#8539 = CARTESIAN_POINT('',(2.521140212975,4.131756697851,4.77609800971)
  );
#8540 = PCURVE('',#2585,#8541);
#8541 = DEFINITIONAL_REPRESENTATION('',(#8542),#8548);
#8542 = B_SPLINE_CURVE_WITH_KNOTS('',4,(#8543,#8544,#8545,#8546,#8547),
  .UNSPECIFIED.,.F.,.F.,(5,5),(0.,1.),.PIECEWISE_BEZIER_KNOTS.);
#8543 = CARTESIAN_POINT('',(0.868176180766,0.));
#8544 = CARTESIAN_POINT('',(0.868176180766,0.24999999594));
#8545 = CARTESIAN_POINT('',(0.868176180766,0.5));
#8546 = CARTESIAN_POINT('',(0.868176180766,0.75000000406));
#8547 = CARTESIAN_POINT('',(0.868176180766,1.));
#8548 = ( GEOMETRIC_REPRESENTATION_CONTEXT(2) 
PARAMETRIC_REPRESENTATION_CONTEXT() REPRESENTATION_CONTEXT('2D SPACE',''
  ) );
#8549 = PCURVE('',#200,#8550);
#8550 = DEFINITIONAL_REPRESENTATION('',(#8551),#8558);
#8551 = B_SPLINE_CURVE_WITH_KNOTS('',5,(#8552,#8553,#8554,#8555,#8556,
    #8557),.UNSPECIFIED.,.F.,.F.,(6,6),(0.,1.),
  .PIECEWISE_BEZIER_KNOTS.);
#8552 = CARTESIAN_POINT('',(-3.849390743856,-0.697238920763));
#8553 = CARTESIAN_POINT('',(-3.83292152446,-0.697238880386));
#8554 = CARTESIAN_POINT('',(-3.816452316374,-0.69723895441));
#8555 = CARTESIAN_POINT('',(-3.799983091037,-0.69723895441));
#8556 = CARTESIAN_POINT('',(-3.783513882951,-0.697238880386));
#8557 = CARTESIAN_POINT('',(-3.767044663555,-0.697238920763));
#8558 = ( GEOMETRIC_REPRESENTATION_CONTEXT(2) 
PARAMETRIC_REPRESENTATION_CONTEXT() REPRESENTATION_CONTEXT('2D SPACE',''
  ) );
#8559 = ORIENTED_EDGE('',*,*,#8560,.F.);
#8560 = EDGE_CURVE('',#2566,#8531,#8561,.T.);
#8561 = SURFACE_CURVE('',#8562,(#8565,#8572),.PCURVE_S1.);
#8562 = B_SPLINE_CURVE_WITH_KNOTS('',1,(#8563,#8564),.UNSPECIFIED.,.F.,
  .F.,(2,2),(0.,1.),.PIECEWISE_BEZIER_KNOTS.);
#8563 = CARTESIAN_POINT('',(5.491306083917,8.999396612458,0.));
#8564 = CARTESIAN_POINT('',(2.070150405214,3.392654545068,5.501300445142
    ));
#8565 = PCURVE('',#2585,#8566);
#8566 = DEFINITIONAL_REPRESENTATION('',(#8567),#8571);
#8567 = LINE('',#8568,#8569);
#8568 = CARTESIAN_POINT('',(0.,1.));
#8569 = VECTOR('',#8570,1.);
#8570 = DIRECTION('',(1.,0.));
#8571 = ( GEOMETRIC_REPRESENTATION_CONTEXT(2) 
PARAMETRIC_REPRESENTATION_CONTEXT() REPRESENTATION_CONTEXT('2D SPACE',''
  ) );
#8572 = PCURVE('',#2637,#8573);
#8573 = DEFINITIONAL_REPRESENTATION('',(#8574),#8578);
#8574 = LINE('',#8575,#8576);
#8575 = CARTESIAN_POINT('',(0.,0.));
#8576 = VECTOR('',#8577,1.);
#8577 = DIRECTION('',(1.,0.));
#8578 = ( GEOMETRIC_REPRESENTATION_CONTEXT(2) 
PARAMETRIC_REPRESENTATION_CONTEXT() REPRESENTATION_CONTEXT('2D SPACE',''
  ) );
#8579 = ADVANCED_FACE('',(#8580),#2637,.F.);
#8580 = FACE_BOUND('',#8581,.F.);
#8581 = EDGE_LOOP('',(#8582,#8583,#8584,#8634));
#8582 = ORIENTED_EDGE('',*,*,#2603,.F.);
#8583 = ORIENTED_EDGE('',*,*,#8560,.T.);
#8584 = ORIENTED_EDGE('',*,*,#8585,.T.);
#8585 = EDGE_CURVE('',#8531,#8586,#8588,.T.);
#8586 = VERTEX_POINT('',#8587);
#8587 = CARTESIAN_POINT('',(1.900990672513,3.739806726031,4.111784138534
    ));
#8588 = SURFACE_CURVE('',#8589,(#8602,#8618),.PCURVE_S1.);
#8589 = B_SPLINE_CURVE_WITH_KNOTS('',6,(#8590,#8591,#8592,#8593,#8594,
    #8595,#8596,#8597,#8598,#8599,#8600,#8601),.UNSPECIFIED.,.F.,.F.,(7,
    5,7),(0.,0.74576313996,1.),.UNSPECIFIED.);
#8590 = CARTESIAN_POINT('',(2.521140212975,4.131756697851,4.77609800971)
  );
#8591 = CARTESIAN_POINT('',(2.433767014215,4.103816392059,4.693286425884
    ));
#8592 = CARTESIAN_POINT('',(2.346093959977,4.072033440688,4.610893179925
    ));
#8593 = CARTESIAN_POINT('',(2.259743280837,4.034986468133,4.528585187357
    ));
#8594 = CARTESIAN_POINT('',(2.176506362976,3.991399414988,4.446177616876
    ));
#8595 = CARTESIAN_POINT('',(2.098661317301,3.939974645359,4.363549908815
    ));
#8596 = CARTESIAN_POINT('',(2.004731798415,3.858999002499,4.252610970593
    ));
#8597 = CARTESIAN_POINT('',(1.981762969827,3.83737492848,4.224400310678)
  );
#8598 = CARTESIAN_POINT('',(1.959803904158,3.814673632766,4.196193093834
    ));
#8599 = CARTESIAN_POINT('',(1.938956355764,3.790860453833,4.168004870067
    ));
#8600 = CARTESIAN_POINT('',(1.919320637846,3.765909464351,4.139858314563
    ));
#8601 = CARTESIAN_POINT('',(1.900990672513,3.739806726031,4.111784138534
    ));
#8602 = PCURVE('',#2637,#8603);
#8603 = DEFINITIONAL_REPRESENTATION('',(#8604),#8617);
#8604 = B_SPLINE_CURVE_WITH_KNOTS('',6,(#8605,#8606,#8607,#8608,#8609,
    #8610,#8611,#8612,#8613,#8614,#8615,#8616),.UNSPECIFIED.,.F.,.F.,(7,
    5,7),(0.,0.74576313996,1.),.UNSPECIFIED.);
#8605 = CARTESIAN_POINT('',(0.868176180766,0.));
#8606 = CARTESIAN_POINT('',(0.868190247011,0.124928924005));
#8607 = CARTESIAN_POINT('',(0.868177102044,0.248869780165));
#8608 = CARTESIAN_POINT('',(0.868168239931,0.372619523162));
#8609 = CARTESIAN_POINT('',(0.868171177293,0.496589286702));
#8610 = CARTESIAN_POINT('',(0.868176084744,0.62092678802));
#8611 = CARTESIAN_POINT('',(0.868178901351,0.787920956079));
#8612 = CARTESIAN_POINT('',(0.868179296179,0.830390641772));
#8613 = CARTESIAN_POINT('',(0.868179193196,0.872860201179));
#8614 = CARTESIAN_POINT('',(0.868178498829,0.915307173687));
#8615 = CARTESIAN_POINT('',(0.868177336519,0.957700392494));
#8616 = CARTESIAN_POINT('',(0.868176180766,1.));
#8617 = ( GEOMETRIC_REPRESENTATION_CONTEXT(2) 
PARAMETRIC_REPRESENTATION_CONTEXT() REPRESENTATION_CONTEXT('2D SPACE',''
  ) );
#8618 = PCURVE('',#200,#8619);
#8619 = DEFINITIONAL_REPRESENTATION('',(#8620),#8633);
#8620 = B_SPLINE_CURVE_WITH_KNOTS('',6,(#8621,#8622,#8623,#8624,#8625,
    #8626,#8627,#8628,#8629,#8630,#8631,#8632),.UNSPECIFIED.,.F.,.F.,(7,
    5,7),(0.,0.74576313996,1.),.UNSPECIFIED.);
#8621 = CARTESIAN_POINT('',(-3.767044663555,-0.697238920763));
#8622 = CARTESIAN_POINT('',(-3.754642033767,-0.714348035889));
#8623 = CARTESIAN_POINT('',(-3.742173453776,-0.731664886549));
#8624 = CARTESIAN_POINT('',(-3.73004118529,-0.749281016715));
#8625 = CARTESIAN_POINT('',(-3.718698228486,-0.767267577682));
#8626 = CARTESIAN_POINT('',(-3.708751066504,-0.785695796305));
#8627 = CARTESIAN_POINT('',(-3.69830889155,-0.811036175602));
#8628 = CARTESIAN_POINT('',(-3.695905728414,-0.817531738498));
#8629 = CARTESIAN_POINT('',(-3.693784588283,-0.824080343598));
#8630 = CARTESIAN_POINT('',(-3.691978114654,-0.830680592474));
#8631 = CARTESIAN_POINT('',(-3.690520133136,-0.837329338103));
#8632 = CARTESIAN_POINT('',(-3.689444590424,-0.844021272475));
#8633 = ( GEOMETRIC_REPRESENTATION_CONTEXT(2) 
PARAMETRIC_REPRESENTATION_CONTEXT() REPRESENTATION_CONTEXT('2D SPACE',''
  ) );
#8634 = ORIENTED_EDGE('',*,*,#8635,.F.);
#8635 = EDGE_CURVE('',#2604,#8586,#8636,.T.);
#8636 = SURFACE_CURVE('',#8637,(#8640,#8647),.PCURVE_S1.);
#8637 = B_SPLINE_CURVE_WITH_KNOTS('',1,(#8638,#8639),.UNSPECIFIED.,.F.,
  .F.,(2,2),(0.,1.),.PIECEWISE_BEZIER_KNOTS.);
#8638 = CARTESIAN_POINT('',(4.140555765887,8.145688733075,
    -1.446944832201));
#8639 = CARTESIAN_POINT('',(1.560935243013,3.070817866247,4.955821212164
    ));
#8640 = PCURVE('',#2637,#8641);
#8641 = DEFINITIONAL_REPRESENTATION('',(#8642),#8646);
#8642 = LINE('',#8643,#8644);
#8643 = CARTESIAN_POINT('',(0.,1.));
#8644 = VECTOR('',#8645,1.);
#8645 = DIRECTION('',(1.,0.));
#8646 = ( GEOMETRIC_REPRESENTATION_CONTEXT(2) 
PARAMETRIC_REPRESENTATION_CONTEXT() REPRESENTATION_CONTEXT('2D SPACE',''
  ) );
#8647 = PCURVE('',#2788,#8648);
#8648 = DEFINITIONAL_REPRESENTATION('',(#8649),#8653);
#8649 = LINE('',#8650,#8651);
#8650 = CARTESIAN_POINT('',(0.,0.));
#8651 = VECTOR('',#8652,1.);
#8652 = DIRECTION('',(1.,0.));
#8653 = ( GEOMETRIC_REPRESENTATION_CONTEXT(2) 
PARAMETRIC_REPRESENTATION_CONTEXT() REPRESENTATION_CONTEXT('2D SPACE',''
  ) );
#8654 = ADVANCED_FACE('',(#8655),#2788,.F.);
#8655 = FACE_BOUND('',#8656,.F.);
#8656 = EDGE_LOOP('',(#8657,#8658,#8659,#8814));
#8657 = ORIENTED_EDGE('',*,*,#2662,.F.);
#8658 = ORIENTED_EDGE('',*,*,#8635,.T.);
#8659 = ORIENTED_EDGE('',*,*,#8660,.T.);
#8660 = EDGE_CURVE('',#8586,#8661,#8663,.T.);
#8661 = VERTEX_POINT('',#8662);
#8662 = CARTESIAN_POINT('',(1.300239300797,3.98864609181,4.111784138534)
  );
#8663 = SURFACE_CURVE('',#8664,(#8712,#8763),.PCURVE_S1.);
#8664 = B_SPLINE_CURVE_WITH_KNOTS('',6,(#8665,#8666,#8667,#8668,#8669,
    #8670,#8671,#8672,#8673,#8674,#8675,#8676,#8677,#8678,#8679,#8680,
    #8681,#8682,#8683,#8684,#8685,#8686,#8687,#8688,#8689,#8690,#8691,
    #8692,#8693,#8694,#8695,#8696,#8697,#8698,#8699,#8700,#8701,#8702,
    #8703,#8704,#8705,#8706,#8707,#8708,#8709,#8710,#8711),
  .UNSPECIFIED.,.F.,.F.,(7,5,5,5,5,5,5,5,5,7),(0.,4.54115142083E-02,
    0.145542360765,0.311563862743,0.500327511702,0.628188325207,
    0.689214422195,0.854282298068,0.95516320342,1.),.UNSPECIFIED.);
#8665 = CARTESIAN_POINT('',(1.900990672513,3.739806726031,4.111784138534
    ));
#8666 = CARTESIAN_POINT('',(1.898028445283,3.73425331299,4.106189013558)
  );
#8667 = CARTESIAN_POINT('',(1.894910917324,3.728809899466,4.100636542847
    ));
#8668 = CARTESIAN_POINT('',(1.891637688439,3.723481642733,4.095130279997
    ));
#8669 = CARTESIAN_POINT('',(1.888208872724,3.718273599855,4.089673889121
    ));
#8670 = CARTESIAN_POINT('',(1.884625098561,3.713190727681,4.084271144844
    ));
#8671 = CARTESIAN_POINT('',(1.872646249747,3.697317028205,4.067139920198
    ));
#8672 = CARTESIAN_POINT('',(1.863656623516,3.68702749212,4.055632747318)
  );
#8673 = CARTESIAN_POINT('',(1.853932137368,3.677422533052,4.044447495673
    ));
#8674 = CARTESIAN_POINT('',(1.843498581319,3.668548186254,4.033626175574
    ));
#8675 = CARTESIAN_POINT('',(1.832394740587,3.660441646499,4.023208895379
    ));
#8676 = CARTESIAN_POINT('',(1.801238108096,3.641006029072,3.996692594301
    ));
#8677 = CARTESIAN_POINT('',(1.780098406861,3.631063305085,3.981360787411
    ));
#8678 = CARTESIAN_POINT('',(1.757497697811,3.623427247827,3.96741211385)
  );
#8679 = CARTESIAN_POINT('',(1.733733321092,3.618115807052,3.954960447929
    ));
#8680 = CARTESIAN_POINT('',(1.709126411621,3.615075448268,3.944074824778
    ));
#8681 = CARTESIAN_POINT('',(1.655414698176,3.613242001034,3.924244487541
    ));
#8682 = CARTESIAN_POINT('',(1.626152900568,3.615087319459,3.915768597641
    ));
#8683 = CARTESIAN_POINT('',(1.596636291498,3.619620268277,3.909412320878
    ));
#8684 = CARTESIAN_POINT('',(1.567278276143,3.626666671969,3.905183635781
    ));
#8685 = CARTESIAN_POINT('',(1.538462274536,3.636056444589,3.903078259444
    ));
#8686 = CARTESIAN_POINT('',(1.491647989301,3.655485887415,3.903109954066
    ));
#8687 = CARTESIAN_POINT('',(1.473162163173,3.664337207407,3.904097420694
    ));
#8688 = CARTESIAN_POINT('',(1.455209936751,3.674146011631,3.906059391646
    ));
#8689 = CARTESIAN_POINT('',(1.437910909767,3.684864886358,3.90899643422)
  );
#8690 = CARTESIAN_POINT('',(1.421387885463,3.696444450788,3.912907711493
    ));
#8691 = CARTESIAN_POINT('',(1.398308617727,3.714743006024,3.92011854245)
  );
#8692 = CARTESIAN_POINT('',(1.391057361714,3.720838601993,3.922669076989
    ));
#8693 = CARTESIAN_POINT('',(1.384025144037,3.72711189618,3.925439962987)
  );
#8694 = CARTESIAN_POINT('',(1.377225742607,3.733556441545,3.928430305354
    ));
#8695 = CARTESIAN_POINT('',(1.370672931518,3.740165294736,3.931638802107
    ));
#8696 = CARTESIAN_POINT('',(1.347360198155,3.76523143687,3.944327780122)
  );
#8697 = CARTESIAN_POINT('',(1.332239213828,3.784685558398,3.955178517845
    ));
#8698 = CARTESIAN_POINT('',(1.31929783654,3.805135614024,3.967576227859)
  );
#8699 = CARTESIAN_POINT('',(1.30879583627,3.82639532018,3.981452651563)
  );
#8700 = CARTESIAN_POINT('',(1.300926960392,3.848245451429,3.996695673577
    ));
#8701 = CARTESIAN_POINT('',(1.292623891659,3.883987101221,4.023180240784
    ));
#8702 = CARTESIAN_POINT('',(1.29048776541,3.897672016299,4.03367473896)
  );
#8703 = CARTESIAN_POINT('',(1.289383784119,3.911426852103,4.044579276253
    ));
#8704 = CARTESIAN_POINT('',(1.289313043763,3.925196680066,4.055852832695
    ));
#8705 = CARTESIAN_POINT('',(1.290260745623,3.938929613699,4.067452444202
    ));
#8706 = CARTESIAN_POINT('',(1.293058900912,3.958643298212,4.084614885938
    ));
#8707 = CARTESIAN_POINT('',(1.294115387534,3.964692520458,4.089951591186
    ));
#8708 = CARTESIAN_POINT('',(1.29536483356,3.97072106526,4.09534044637));
#8709 = CARTESIAN_POINT('',(1.296804282102,3.976725139052,4.100777821413
    ));
#8710 = CARTESIAN_POINT('',(1.298430364596,3.982701226761,4.106260191792
    ));
#8711 = CARTESIAN_POINT('',(1.300239300797,3.98864609181,4.111784138534)
  );
#8712 = PCURVE('',#2788,#8713);
#8713 = DEFINITIONAL_REPRESENTATION('',(#8714),#8762);
#8714 = B_SPLINE_CURVE_WITH_KNOTS('',6,(#8715,#8716,#8717,#8718,#8719,
    #8720,#8721,#8722,#8723,#8724,#8725,#8726,#8727,#8728,#8729,#8730,
    #8731,#8732,#8733,#8734,#8735,#8736,#8737,#8738,#8739,#8740,#8741,
    #8742,#8743,#8744,#8745,#8746,#8747,#8748,#8749,#8750,#8751,#8752,
    #8753,#8754,#8755,#8756,#8757,#8758,#8759,#8760,#8761),
  .UNSPECIFIED.,.F.,.F.,(7,5,5,5,5,5,5,5,5,7),(0.,4.54115142083E-02,
    0.145542360765,0.311563862743,0.500327511702,0.628188325207,
    0.689214422195,0.854282298068,0.95516320342,1.),.UNSPECIFIED.);
#8715 = CARTESIAN_POINT('',(0.868176180766,0.));
#8716 = CARTESIAN_POINT('',(0.868174088279,6.688128432745E-03));
#8717 = CARTESIAN_POINT('',(0.868172443606,1.343588145387E-02));
#8718 = CARTESIAN_POINT('',(0.868171198914,2.024227433277E-02));
#8719 = CARTESIAN_POINT('',(0.868170307927,2.71060926864E-02));
#8720 = CARTESIAN_POINT('',(0.868169725926,3.40258924793E-02));
#8721 = CARTESIAN_POINT('',(0.868168712581,5.637767030298E-02));
#8722 = CARTESIAN_POINT('',(0.868169309032,7.20204909811E-02));
#8723 = CARTESIAN_POINT('',(0.868170738397,8.790834995113E-02));
#8724 = CARTESIAN_POINT('',(0.868172599625,0.104019003762));
#8725 = CARTESIAN_POINT('',(0.868174573676,0.120327041339));
#8726 = CARTESIAN_POINT('',(0.868179550086,0.164120484728));
#8727 = CARTESIAN_POINT('',(0.868182380207,0.191907555519));
#8728 = CARTESIAN_POINT('',(0.868183907955,0.22002306151));
#8729 = CARTESIAN_POINT('',(0.868183952438,0.248356927625));
#8730 = CARTESIAN_POINT('',(0.868182839112,0.27682215425));
#8731 = CARTESIAN_POINT('',(0.868179034479,0.337779202911));
#8732 = CARTESIAN_POINT('',(0.868176142704,0.37029200599));
#8733 = CARTESIAN_POINT('',(0.868173078663,0.402821110435));
#8734 = CARTESIAN_POINT('',(0.868170749924,0.435339369041));
#8735 = CARTESIAN_POINT('',(0.868169591023,0.467840510241));
#8736 = CARTESIAN_POINT('',(0.868169608466,0.52236552154));
#8737 = CARTESIAN_POINT('',(0.868170150948,0.544383042335));
#8738 = CARTESIAN_POINT('',(0.86817123274,0.56640428479));
#8739 = CARTESIAN_POINT('',(0.868172750824,0.588430011164));
#8740 = CARTESIAN_POINT('',(0.868174525479,0.610456772573));
#8741 = CARTESIAN_POINT('',(0.86817719198,0.642986472885));
#8742 = CARTESIAN_POINT('',(0.868178060995,0.653494373666));
#8743 = CARTESIAN_POINT('',(0.868178912267,0.663999256285));
#8744 = CARTESIAN_POINT('',(0.868179720728,0.674499468701));
#8745 = CARTESIAN_POINT('',(0.868180461504,0.684992841679));
#8746 = CARTESIAN_POINT('',(0.868182863775,0.723834169619));
#8747 = CARTESIAN_POINT('',(0.868183949276,0.752131548982));
#8748 = CARTESIAN_POINT('',(0.868183886067,0.780297963427));
#8749 = CARTESIAN_POINT('',(0.868182359056,0.808247653257));
#8750 = CARTESIAN_POINT('',(0.86817954923,0.835872330799));
#8751 = CARTESIAN_POINT('',(0.868174579223,0.879633073172));
#8752 = CARTESIAN_POINT('',(0.86817258917,0.896062536618));
#8753 = CARTESIAN_POINT('',(0.86817071325,0.912291619318));
#8754 = CARTESIAN_POINT('',(0.868169278033,0.928294353073));
#8755 = CARTESIAN_POINT('',(0.868168694454,0.94404804384));
#8756 = CARTESIAN_POINT('',(0.868169763455,0.966414167791));
#8757 = CARTESIAN_POINT('',(0.868170353611,0.973243123614));
#8758 = CARTESIAN_POINT('',(0.868171246606,0.98001745961));
#8759 = CARTESIAN_POINT('',(0.868172485518,0.98673579179));
#8760 = CARTESIAN_POINT('',(0.868174114898,0.993396954416));
#8761 = CARTESIAN_POINT('',(0.868176180766,1.));
#8762 = ( GEOMETRIC_REPRESENTATION_CONTEXT(2) 
PARAMETRIC_REPRESENTATION_CONTEXT() REPRESENTATION_CONTEXT('2D SPACE',''
  ) );
#8763 = PCURVE('',#200,#8764);
#8764 = DEFINITIONAL_REPRESENTATION('',(#8765),#8813);
#8765 = B_SPLINE_CURVE_WITH_KNOTS('',6,(#8766,#8767,#8768,#8769,#8770,
    #8771,#8772,#8773,#8774,#8775,#8776,#8777,#8778,#8779,#8780,#8781,
    #8782,#8783,#8784,#8785,#8786,#8787,#8788,#8789,#8790,#8791,#8792,
    #8793,#8794,#8795,#8796,#8797,#8798,#8799,#8800,#8801,#8802,#8803,
    #8804,#8805,#8806,#8807,#8808,#8809,#8810,#8811,#8812),
  .UNSPECIFIED.,.F.,.F.,(7,5,5,5,5,5,5,5,5,7),(0.,4.54115142083E-02,
    0.145542360765,0.311563862743,0.500327511702,0.628188325207,
    0.689214422195,0.854282298068,0.95516320342,1.),.UNSPECIFIED.);
#8766 = CARTESIAN_POINT('',(-3.689444590424,-0.844021272475));
#8767 = CARTESIAN_POINT('',(-3.689414978305,-0.845354961097));
#8768 = CARTESIAN_POINT('',(-3.689340379674,-0.84668088294));
#8769 = CARTESIAN_POINT('',(-3.689219846287,-0.847998143046));
#8770 = CARTESIAN_POINT('',(-3.689052548906,-0.849305809169));
#8771 = CARTESIAN_POINT('',(-3.688837777294,-0.850602911775));
#8772 = CARTESIAN_POINT('',(-3.687995393408,-0.854722999013));
#8773 = CARTESIAN_POINT('',(-3.687182142924,-0.857501509124));
#8774 = CARTESIAN_POINT('',(-3.686129026402,-0.860212841378));
#8775 = CARTESIAN_POINT('',(-3.684833393891,-0.86284583811));
#8776 = CARTESIAN_POINT('',(-3.683296788828,-0.865389576459));
#8777 = CARTESIAN_POINT('',(-3.678588965398,-0.871885976306));
#8778 = CARTESIAN_POINT('',(-3.675006552031,-0.875665486685));
#8779 = CARTESIAN_POINT('',(-3.670807718904,-0.879123575899));
#8780 = CARTESIAN_POINT('',(-3.666052013361,-0.882225459988));
#8781 = CARTESIAN_POINT('',(-3.660818593249,-0.884947550382));
#8782 = CARTESIAN_POINT('',(-3.648802394364,-0.889920950812));
#8783 = CARTESIAN_POINT('',(-3.641904944492,-0.892057000878));
#8784 = CARTESIAN_POINT('',(-3.634624933677,-0.89366433974));
#8785 = CARTESIAN_POINT('',(-3.627093850286,-0.894735429191));
#8786 = CARTESIAN_POINT('',(-3.619440330274,-0.895268701768));
#8787 = CARTESIAN_POINT('',(-3.606602050853,-0.895260673836));
#8788 = CARTESIAN_POINT('',(-3.601418309403,-0.895010559593));
#8789 = CARTESIAN_POINT('',(-3.596273630556,-0.894513613278));
#8790 = CARTESIAN_POINT('',(-3.591207544383,-0.893770276074));
#8791 = CARTESIAN_POINT('',(-3.586259865828,-0.892781898507));
#8792 = CARTESIAN_POINT('',(-3.579183627452,-0.890963877824));
#8793 = CARTESIAN_POINT('',(-3.576933385108,-0.890321339935));
#8794 = CARTESIAN_POINT('',(-3.574723461491,-0.889623940548));
#8795 = CARTESIAN_POINT('',(-3.572558164836,-0.888872110562));
#8796 = CARTESIAN_POINT('',(-3.57044176089,-0.888066406448));
#8797 = CARTESIAN_POINT('',(-3.562797539836,-0.884884304648));
#8798 = CARTESIAN_POINT('',(-3.557603289169,-0.882171158636));
#8799 = CARTESIAN_POINT('',(-3.552882251441,-0.8790829353));
#8800 = CARTESIAN_POINT('',(-3.548712048856,-0.875642918501));
#8801 = CARTESIAN_POINT('',(-3.545151094757,-0.871885337568));
#8802 = CARTESIAN_POINT('',(-3.540442028645,-0.8653965266));
#8803 = CARTESIAN_POINT('',(-3.538893770521,-0.862833917152));
#8804 = CARTESIAN_POINT('',(-3.537590107788,-0.860180726529));
#8805 = CARTESIAN_POINT('',(-3.536532602734,-0.857448125169));
#8806 = CARTESIAN_POINT('',(-3.535718500726,-0.854647521549));
#8807 = CARTESIAN_POINT('',(-3.534884963851,-0.85052038941));
#8808 = CARTESIAN_POINT('',(-3.534675309064,-0.849239258019));
#8809 = CARTESIAN_POINT('',(-3.534511901823,-0.847947866229));
#8810 = CARTESIAN_POINT('',(-3.534394055496,-0.84664714622));
#8811 = CARTESIAN_POINT('',(-3.534320970698,-0.845337994613));
#8812 = CARTESIAN_POINT('',(-3.534291735289,-0.844021272475));
#8813 = ( GEOMETRIC_REPRESENTATION_CONTEXT(2) 
PARAMETRIC_REPRESENTATION_CONTEXT() REPRESENTATION_CONTEXT('2D SPACE',''
  ) );
#8814 = ORIENTED_EDGE('',*,*,#8815,.F.);
#8815 = EDGE_CURVE('',#2663,#8661,#8816,.T.);
#8816 = SURFACE_CURVE('',#8817,(#8820,#8827),.PCURVE_S1.);
#8817 = B_SPLINE_CURVE_WITH_KNOTS('',1,(#8818,#8819),.UNSPECIFIED.,.F.,
  .F.,(2,2),(0.,1.),.PIECEWISE_BEZIER_KNOTS.);
#8818 = CARTESIAN_POINT('',(2.832056680653,8.687686800532,
    -1.446944832201));
#8819 = CARTESIAN_POINT('',(1.067648241684,3.27514403234,4.955821212164)
  );
#8820 = PCURVE('',#2788,#8821);
#8821 = DEFINITIONAL_REPRESENTATION('',(#8822),#8826);
#8822 = LINE('',#8823,#8824);
#8823 = CARTESIAN_POINT('',(0.,1.));
#8824 = VECTOR('',#8825,1.);
#8825 = DIRECTION('',(1.,0.));
#8826 = ( GEOMETRIC_REPRESENTATION_CONTEXT(2) 
PARAMETRIC_REPRESENTATION_CONTEXT() REPRESENTATION_CONTEXT('2D SPACE',''
  ) );
#8827 = PCURVE('',#2903,#8828);
#8828 = DEFINITIONAL_REPRESENTATION('',(#8829),#8833);
#8829 = LINE('',#8830,#8831);
#8830 = CARTESIAN_POINT('',(0.,0.));
#8831 = VECTOR('',#8832,1.);
#8832 = DIRECTION('',(1.,0.));
#8833 = ( GEOMETRIC_REPRESENTATION_CONTEXT(2) 
PARAMETRIC_REPRESENTATION_CONTEXT() REPRESENTATION_CONTEXT('2D SPACE',''
  ) );
#8834 = ADVANCED_FACE('',(#8835),#2903,.F.);
#8835 = FACE_BOUND('',#8836,.F.);
#8836 = EDGE_LOOP('',(#8837,#8859,#8860,#8861));
#8837 = ORIENTED_EDGE('',*,*,#8838,.F.);
#8838 = EDGE_CURVE('',#2860,#8839,#8841,.T.);
#8839 = VERTEX_POINT('',#8840);
#8840 = CARTESIAN_POINT('',(1.138877838347,4.70430852018,4.77609800971)
  );
#8841 = SURFACE_CURVE('',#8842,(#8845,#8852),.PCURVE_S1.);
#8842 = B_SPLINE_CURVE_WITH_KNOTS('',1,(#8843,#8844),.UNSPECIFIED.,.F.,
  .F.,(2,2),(0.,1.),.PIECEWISE_BEZIER_KNOTS.);
#8843 = CARTESIAN_POINT('',(2.480594601748,10.246474140766,0.));
#8844 = CARTESIAN_POINT('',(0.935151645438,3.862786424644,5.501300445142
    ));
#8845 = PCURVE('',#2903,#8846);
#8846 = DEFINITIONAL_REPRESENTATION('',(#8847),#8851);
#8847 = LINE('',#8848,#8849);
#8848 = CARTESIAN_POINT('',(0.,1.));
#8849 = VECTOR('',#8850,1.);
#8850 = DIRECTION('',(1.,0.));
#8851 = ( GEOMETRIC_REPRESENTATION_CONTEXT(2) 
PARAMETRIC_REPRESENTATION_CONTEXT() REPRESENTATION_CONTEXT('2D SPACE',''
  ) );
#8852 = PCURVE('',#2953,#8853);
#8853 = DEFINITIONAL_REPRESENTATION('',(#8854),#8858);
#8854 = LINE('',#8855,#8856);
#8855 = CARTESIAN_POINT('',(0.,0.));
#8856 = VECTOR('',#8857,1.);
#8857 = DIRECTION('',(1.,0.));
#8858 = ( GEOMETRIC_REPRESENTATION_CONTEXT(2) 
PARAMETRIC_REPRESENTATION_CONTEXT() REPRESENTATION_CONTEXT('2D SPACE',''
  ) );
#8859 = ORIENTED_EDGE('',*,*,#2859,.F.);
#8860 = ORIENTED_EDGE('',*,*,#8815,.T.);
#8861 = ORIENTED_EDGE('',*,*,#8862,.T.);
#8862 = EDGE_CURVE('',#8661,#8839,#8863,.T.);
#8863 = SURFACE_CURVE('',#8864,(#8879,#8897),.PCURVE_S1.);
#8864 = B_SPLINE_CURVE_WITH_KNOTS('',7,(#8865,#8866,#8867,#8868,#8869,
    #8870,#8871,#8872,#8873,#8874,#8875,#8876,#8877,#8878),
  .UNSPECIFIED.,.F.,.F.,(8,6,8),(0.,0.850488706741,1.),.UNSPECIFIED.);
#8865 = CARTESIAN_POINT('',(1.300239300797,3.98864609181,4.111784138534)
  );
#8866 = CARTESIAN_POINT('',(1.316002882116,4.078757888269,4.192303611616
    ));
#8867 = CARTESIAN_POINT('',(1.317852199787,4.169642884598,4.273314988722
    ));
#8868 = CARTESIAN_POINT('',(1.307494849762,4.260223903602,4.354277806536
    ));
#8869 = CARTESIAN_POINT('',(1.287204796643,4.349546402927,4.435014634577
    ));
#8870 = CARTESIAN_POINT('',(1.259178387581,4.436914777118,4.515535041272
    ));
#8871 = CARTESIAN_POINT('',(1.225368332394,4.521939805155,4.595981939744
    ));
#8872 = CARTESIAN_POINT('',(1.180939257805,4.61897372269,4.690848298584)
  );
#8873 = CARTESIAN_POINT('',(1.174174657038,4.633402178516,4.705037229092
    ));
#8874 = CARTESIAN_POINT('',(1.167298259139,4.647749970201,4.719232529355
    ));
#8875 = CARTESIAN_POINT('',(1.160320220414,4.662015732679,4.733435229385
    ));
#8876 = CARTESIAN_POINT('',(1.153250698235,4.67619818928,4.747646357962)
  );
#8877 = CARTESIAN_POINT('',(1.146099851043,4.690296151737,4.761866942632
    ));
#8878 = CARTESIAN_POINT('',(1.138877838347,4.70430852018,4.77609800971)
  );
#8879 = PCURVE('',#2903,#8880);
#8880 = DEFINITIONAL_REPRESENTATION('',(#8881),#8896);
#8881 = B_SPLINE_CURVE_WITH_KNOTS('',7,(#8882,#8883,#8884,#8885,#8886,
    #8887,#8888,#8889,#8890,#8891,#8892,#8893,#8894,#8895),
  .UNSPECIFIED.,.F.,.F.,(8,6,8),(0.,0.850488706741,1.),.UNSPECIFIED.);
#8882 = CARTESIAN_POINT('',(0.868176180766,0.));
#8883 = CARTESIAN_POINT('',(0.86817949558,0.121319397031));
#8884 = CARTESIAN_POINT('',(0.868182887861,0.243256148113));
#8885 = CARTESIAN_POINT('',(0.868175989236,0.365136123749));
#8886 = CARTESIAN_POINT('',(0.86816834889,0.486634344938));
#8887 = CARTESIAN_POINT('',(0.868169537288,0.607730139056));
#8888 = CARTESIAN_POINT('',(0.868178832594,0.728696927875));
#8889 = CARTESIAN_POINT('',(0.868181617035,0.871521310776));
#8890 = CARTESIAN_POINT('',(0.868181817794,0.892887809038));
#8891 = CARTESIAN_POINT('',(0.868181721623,0.914269408215));
#8892 = CARTESIAN_POINT('',(0.86818123116,0.935668682555));
#8893 = CARTESIAN_POINT('',(0.868180233067,0.957088319703));
#8894 = CARTESIAN_POINT('',(0.868178598033,0.978531120704));
#8895 = CARTESIAN_POINT('',(0.868176180766,1.));
#8896 = ( GEOMETRIC_REPRESENTATION_CONTEXT(2) 
PARAMETRIC_REPRESENTATION_CONTEXT() REPRESENTATION_CONTEXT('2D SPACE',''
  ) );
#8897 = PCURVE('',#200,#8898);
#8898 = DEFINITIONAL_REPRESENTATION('',(#8899),#8914);
#8899 = B_SPLINE_CURVE_WITH_KNOTS('',7,(#8900,#8901,#8902,#8903,#8904,
    #8905,#8906,#8907,#8908,#8909,#8910,#8911,#8912,#8913),
  .UNSPECIFIED.,.F.,.F.,(8,6,8),(0.,0.850488706741,1.),.UNSPECIFIED.);
#8900 = CARTESIAN_POINT('',(-3.534291735289,-0.844021272475));
#8901 = CARTESIAN_POINT('',(-3.531206973963,-0.824828152469));
#8902 = CARTESIAN_POINT('',(-3.525067008508,-0.806001161542));
#8903 = CARTESIAN_POINT('',(-3.516605125809,-0.787624246739));
#8904 = CARTESIAN_POINT('',(-3.506525249589,-0.769685290503));
#8905 = CARTESIAN_POINT('',(-3.495382852911,-0.75214216898));
#8906 = CARTESIAN_POINT('',(-3.483616446157,-0.734930928797));
#8907 = CARTESIAN_POINT('',(-3.469472825507,-0.714980697087));
#8908 = CARTESIAN_POINT('',(-3.467350377515,-0.712005855752));
#8909 = CARTESIAN_POINT('',(-3.465222170311,-0.709038611379));
#8910 = CARTESIAN_POINT('',(-3.46309022616,-0.706078624471));
#8911 = CARTESIAN_POINT('',(-3.460956531825,-0.703125562677));
#8912 = CARTESIAN_POINT('',(-3.458823038569,-0.700179100793));
#8913 = CARTESIAN_POINT('',(-3.456691662157,-0.697238920763));
#8914 = ( GEOMETRIC_REPRESENTATION_CONTEXT(2) 
PARAMETRIC_REPRESENTATION_CONTEXT() REPRESENTATION_CONTEXT('2D SPACE',''
  ) );
#8915 = ADVANCED_FACE('',(#8916),#2953,.F.);
#8916 = FACE_BOUND('',#8917,.F.);
#8917 = EDGE_LOOP('',(#8918,#8919,#8920,#8950));
#8918 = ORIENTED_EDGE('',*,*,#2933,.F.);
#8919 = ORIENTED_EDGE('',*,*,#8838,.T.);
#8920 = ORIENTED_EDGE('',*,*,#8921,.T.);
#8921 = EDGE_CURVE('',#8839,#8922,#8924,.T.);
#8922 = VERTEX_POINT('',#8923);
#8923 = CARTESIAN_POINT('',(0.748075006527,4.782044036636,4.77609800971)
  );
#8924 = SURFACE_CURVE('',#8925,(#8931,#8940),.PCURVE_S1.);
#8925 = B_SPLINE_CURVE_WITH_KNOTS('',4,(#8926,#8927,#8928,#8929,#8930),
  .UNSPECIFIED.,.F.,.F.,(5,5),(0.,1.),.PIECEWISE_BEZIER_KNOTS.);
#8926 = CARTESIAN_POINT('',(1.138877838347,4.70430852018,4.77609800971)
  );
#8927 = CARTESIAN_POINT('',(1.042032593712,4.727754538753,4.77609800971)
  );
#8928 = CARTESIAN_POINT('',(0.94454342085,4.748540441667,4.77609800971)
  );
#8929 = CARTESIAN_POINT('',(0.846520748729,4.76664426269,4.77609800971)
  );
#8930 = CARTESIAN_POINT('',(0.748075006527,4.782044036636,4.77609800971)
  );
#8931 = PCURVE('',#2953,#8932);
#8932 = DEFINITIONAL_REPRESENTATION('',(#8933),#8939);
#8933 = B_SPLINE_CURVE_WITH_KNOTS('',4,(#8934,#8935,#8936,#8937,#8938),
  .UNSPECIFIED.,.F.,.F.,(5,5),(0.,1.),.PIECEWISE_BEZIER_KNOTS.);
#8934 = CARTESIAN_POINT('',(0.868176180766,0.));
#8935 = CARTESIAN_POINT('',(0.868176180766,0.24999999594));
#8936 = CARTESIAN_POINT('',(0.868176180766,0.5));
#8937 = CARTESIAN_POINT('',(0.868176180766,0.75000000406));
#8938 = CARTESIAN_POINT('',(0.868176180766,1.));
#8939 = ( GEOMETRIC_REPRESENTATION_CONTEXT(2) 
PARAMETRIC_REPRESENTATION_CONTEXT() REPRESENTATION_CONTEXT('2D SPACE',''
  ) );
#8940 = PCURVE('',#200,#8941);
#8941 = DEFINITIONAL_REPRESENTATION('',(#8942),#8949);
#8942 = B_SPLINE_CURVE_WITH_KNOTS('',5,(#8943,#8944,#8945,#8946,#8947,
    #8948),.UNSPECIFIED.,.F.,.F.,(6,6),(0.,1.),
  .PIECEWISE_BEZIER_KNOTS.);
#8943 = CARTESIAN_POINT('',(-3.456691662157,-0.697238920763));
#8944 = CARTESIAN_POINT('',(-3.440222442761,-0.697238880386));
#8945 = CARTESIAN_POINT('',(-3.423753234675,-0.69723895441));
#8946 = CARTESIAN_POINT('',(-3.407284009338,-0.69723895441));
#8947 = CARTESIAN_POINT('',(-3.390814801253,-0.697238880386));
#8948 = CARTESIAN_POINT('',(-3.374345581857,-0.697238920763));
#8949 = ( GEOMETRIC_REPRESENTATION_CONTEXT(2) 
PARAMETRIC_REPRESENTATION_CONTEXT() REPRESENTATION_CONTEXT('2D SPACE',''
  ) );
#8950 = ORIENTED_EDGE('',*,*,#8951,.F.);
#8951 = EDGE_CURVE('',#2934,#8922,#8952,.T.);
#8952 = SURFACE_CURVE('',#8953,(#8956,#8963),.PCURVE_S1.);
#8953 = B_SPLINE_CURVE_WITH_KNOTS('',1,(#8954,#8955),.UNSPECIFIED.,.F.,
  .F.,(2,2),(0.,1.),.PIECEWISE_BEZIER_KNOTS.);
#8954 = CARTESIAN_POINT('',(1.629385312816,10.415790195563,0.));
#8955 = CARTESIAN_POINT('',(0.614256902461,3.926616357649,5.501300445142
    ));
#8956 = PCURVE('',#2953,#8957);
#8957 = DEFINITIONAL_REPRESENTATION('',(#8958),#8962);
#8958 = LINE('',#8959,#8960);
#8959 = CARTESIAN_POINT('',(0.,1.));
#8960 = VECTOR('',#8961,1.);
#8961 = DIRECTION('',(1.,0.));
#8962 = ( GEOMETRIC_REPRESENTATION_CONTEXT(2) 
PARAMETRIC_REPRESENTATION_CONTEXT() REPRESENTATION_CONTEXT('2D SPACE',''
  ) );
#8963 = PCURVE('',#3005,#8964);
#8964 = DEFINITIONAL_REPRESENTATION('',(#8965),#8969);
#8965 = LINE('',#8966,#8967);
#8966 = CARTESIAN_POINT('',(0.,0.));
#8967 = VECTOR('',#8968,1.);
#8968 = DIRECTION('',(1.,0.));
#8969 = ( GEOMETRIC_REPRESENTATION_CONTEXT(2) 
PARAMETRIC_REPRESENTATION_CONTEXT() REPRESENTATION_CONTEXT('2D SPACE',''
  ) );
#8970 = ADVANCED_FACE('',(#8971),#3005,.F.);
#8971 = FACE_BOUND('',#8972,.F.);
#8972 = EDGE_LOOP('',(#8973,#8974,#8975,#9025));
#8973 = ORIENTED_EDGE('',*,*,#2971,.F.);
#8974 = ORIENTED_EDGE('',*,*,#8951,.T.);
#8975 = ORIENTED_EDGE('',*,*,#8976,.T.);
#8976 = EDGE_CURVE('',#8922,#8977,#8979,.T.);
#8977 = VERTEX_POINT('',#8978);
#8978 = CARTESIAN_POINT('',(0.32512429953,4.18260852518,4.111784138534)
  );
#8979 = SURFACE_CURVE('',#8980,(#8993,#9009),.PCURVE_S1.);
#8980 = B_SPLINE_CURVE_WITH_KNOTS('',6,(#8981,#8982,#8983,#8984,#8985,
    #8986,#8987,#8988,#8989,#8990,#8991,#8992),.UNSPECIFIED.,.F.,.F.,(7,
    5,7),(0.,0.745763323332,1.),.UNSPECIFIED.);
#8981 = CARTESIAN_POINT('',(0.748075006527,4.782044036636,4.77609800971)
  );
#8982 = CARTESIAN_POINT('',(0.678044971395,4.722794269807,4.69328640551)
  );
#8983 = CARTESIAN_POINT('',(0.60920842334,4.659879609875,4.610893139416)
  );
#8984 = CARTESIAN_POINT('',(0.543608046345,4.592607677231,4.528585126654
    ));
#8985 = CARTESIAN_POINT('',(0.483387193823,4.520485080193,4.446177535817
    ));
#8986 = CARTESIAN_POINT('',(0.431147151774,4.443184754673,4.363549807202
    ));
#8987 = CARTESIAN_POINT('',(0.375355646282,4.332427736249,4.252610868872
    ));
#8988 = CARTESIAN_POINT('',(0.362410403749,4.303659925685,4.224400229314
    ));
#8989 = CARTESIAN_POINT('',(0.350810293696,4.274283312476,4.196193032854
    ));
#8990 = CARTESIAN_POINT('',(0.34066258904,4.244304813249,4.168004829472)
  );
#8991 = CARTESIAN_POINT('',(0.33206988883,4.213738862452,4.139858294315)
  );
#8992 = CARTESIAN_POINT('',(0.32512429953,4.18260852518,4.111784138534)
  );
#8993 = PCURVE('',#3005,#8994);
#8994 = DEFINITIONAL_REPRESENTATION('',(#8995),#9008);
#8995 = B_SPLINE_CURVE_WITH_KNOTS('',6,(#8996,#8997,#8998,#8999,#9000,
    #9001,#9002,#9003,#9004,#9005,#9006,#9007),.UNSPECIFIED.,.F.,.F.,(7,
    5,7),(0.,0.745763323332,1.),.UNSPECIFIED.);
#8996 = CARTESIAN_POINT('',(0.868176180766,0.));
#8997 = CARTESIAN_POINT('',(0.868190247015,0.124928954742));
#8998 = CARTESIAN_POINT('',(0.868177102038,0.2488698411));
#8999 = CARTESIAN_POINT('',(0.868168239924,0.372619614427));
#9000 = CARTESIAN_POINT('',(0.868171177297,0.496589408645));
#9001 = CARTESIAN_POINT('',(0.86817608475,0.620926940925));
#9002 = CARTESIAN_POINT('',(0.868178901352,0.787921109214));
#9003 = CARTESIAN_POINT('',(0.868179296179,0.830390764275));
#9004 = CARTESIAN_POINT('',(0.868179193195,0.872860293005));
#9005 = CARTESIAN_POINT('',(0.868178498827,0.915307234829));
#9006 = CARTESIAN_POINT('',(0.868177336519,0.957700423002));
#9007 = CARTESIAN_POINT('',(0.868176180766,1.));
#9008 = ( GEOMETRIC_REPRESENTATION_CONTEXT(2) 
PARAMETRIC_REPRESENTATION_CONTEXT() REPRESENTATION_CONTEXT('2D SPACE',''
  ) );
#9009 = PCURVE('',#200,#9010);
#9010 = DEFINITIONAL_REPRESENTATION('',(#9011),#9024);
#9011 = B_SPLINE_CURVE_WITH_KNOTS('',6,(#9012,#9013,#9014,#9015,#9016,
    #9017,#9018,#9019,#9020,#9021,#9022,#9023),.UNSPECIFIED.,.F.,.F.,(7,
    5,7),(0.,0.745763323332,1.),.UNSPECIFIED.);
#9012 = CARTESIAN_POINT('',(-3.374345581857,-0.697238920763));
#9013 = CARTESIAN_POINT('',(-3.361942949017,-0.714348040099));
#9014 = CARTESIAN_POINT('',(-3.349474365947,-0.731664895062));
#9015 = CARTESIAN_POINT('',(-3.337342094645,-0.749281029707));
#9016 = CARTESIAN_POINT('',(-3.325999135629,-0.767267595374));
#9017 = CARTESIAN_POINT('',(-3.316051972574,-0.785695818967));
#9018 = CARTESIAN_POINT('',(-3.305609801186,-0.811036199023));
#9019 = CARTESIAN_POINT('',(-3.303206640597,-0.817531757387));
#9020 = CARTESIAN_POINT('',(-3.301085502677,-0.824080357876));
#9021 = CARTESIAN_POINT('',(-3.299279030853,-0.830680602063));
#9022 = CARTESIAN_POINT('',(-3.297821050662,-0.837329342929));
#9023 = CARTESIAN_POINT('',(-3.296745508725,-0.844021272475));
#9024 = ( GEOMETRIC_REPRESENTATION_CONTEXT(2) 
PARAMETRIC_REPRESENTATION_CONTEXT() REPRESENTATION_CONTEXT('2D SPACE',''
  ) );
#9025 = ORIENTED_EDGE('',*,*,#9026,.F.);
#9026 = EDGE_CURVE('',#2972,#8977,#9027,.T.);
#9027 = SURFACE_CURVE('',#9028,(#9031,#9038),.PCURVE_S1.);
#9028 = B_SPLINE_CURVE_WITH_KNOTS('',1,(#9029,#9030),.UNSPECIFIED.,.F.,
  .F.,(2,2),(0.,1.),.PIECEWISE_BEZIER_KNOTS.);
#9029 = CARTESIAN_POINT('',(0.708154601973,9.110157191085,
    -1.446944832201));
#9030 = CARTESIAN_POINT('',(0.266965001372,3.434409831191,4.955821212164
    ));
#9031 = PCURVE('',#3005,#9032);
#9032 = DEFINITIONAL_REPRESENTATION('',(#9033),#9037);
#9033 = LINE('',#9034,#9035);
#9034 = CARTESIAN_POINT('',(0.,1.));
#9035 = VECTOR('',#9036,1.);
#9036 = DIRECTION('',(1.,0.));
#9037 = ( GEOMETRIC_REPRESENTATION_CONTEXT(2) 
PARAMETRIC_REPRESENTATION_CONTEXT() REPRESENTATION_CONTEXT('2D SPACE',''
  ) );
#9038 = PCURVE('',#3156,#9039);
#9039 = DEFINITIONAL_REPRESENTATION('',(#9040),#9044);
#9040 = LINE('',#9041,#9042);
#9041 = CARTESIAN_POINT('',(0.,0.));
#9042 = VECTOR('',#9043,1.);
#9043 = DIRECTION('',(1.,0.));
#9044 = ( GEOMETRIC_REPRESENTATION_CONTEXT(2) 
PARAMETRIC_REPRESENTATION_CONTEXT() REPRESENTATION_CONTEXT('2D SPACE',''
  ) );
#9045 = ADVANCED_FACE('',(#9046),#3156,.F.);
#9046 = FACE_BOUND('',#9047,.F.);
#9047 = EDGE_LOOP('',(#9048,#9049,#9050,#9205));
#9048 = ORIENTED_EDGE('',*,*,#3030,.F.);
#9049 = ORIENTED_EDGE('',*,*,#9026,.T.);
#9050 = ORIENTED_EDGE('',*,*,#9051,.T.);
#9051 = EDGE_CURVE('',#8977,#9052,#9054,.T.);
#9052 = VERTEX_POINT('',#9053);
#9053 = CARTESIAN_POINT('',(-0.32512429953,4.18260852518,4.111784138534)
  );
#9054 = SURFACE_CURVE('',#9055,(#9103,#9154),.PCURVE_S1.);
#9055 = B_SPLINE_CURVE_WITH_KNOTS('',6,(#9056,#9057,#9058,#9059,#9060,
    #9061,#9062,#9063,#9064,#9065,#9066,#9067,#9068,#9069,#9070,#9071,
    #9072,#9073,#9074,#9075,#9076,#9077,#9078,#9079,#9080,#9081,#9082,
    #9083,#9084,#9085,#9086,#9087,#9088,#9089,#9090,#9091,#9092,#9093,
    #9094,#9095,#9096,#9097,#9098,#9099,#9100,#9101,#9102),
  .UNSPECIFIED.,.F.,.F.,(7,5,5,5,5,5,5,5,5,7),(0.,4.541151420536E-02,
    0.145542360732,0.311563865074,0.500327514017,0.628188288465,
    0.689214385359,0.854282191186,0.955162875366,1.),.UNSPECIFIED.);
#9056 = CARTESIAN_POINT('',(0.32512429953,4.18260852518,4.111784138534)
  );
#9057 = CARTESIAN_POINT('',(0.324512757586,4.176344245251,4.106189013558
    ));
#9058 = CARTESIAN_POINT('',(0.323715641483,4.170122160609,4.100636542847
    ));
#9059 = CARTESIAN_POINT('',(0.322730607887,4.163946882806,4.095130279997
    ));
#9060 = CARTESIAN_POINT('',(0.321555826951,4.157823127619,4.089673889121
    ));
#9061 = CARTESIAN_POINT('',(0.320189982322,4.151755715053,4.084271144844
    ));
#9062 = CARTESIAN_POINT('',(0.31519757088,4.132506222026,4.0671399202));
#9063 = CARTESIAN_POINT('',(0.310829874189,4.119559749219,4.055632747324
    ));
#9064 = CARTESIAN_POINT('',(0.305521279178,4.106964524392,4.044447495681
    ));
#9065 = CARTESIAN_POINT('',(0.299277995788,4.094772947983,4.033626175585
    ));
#9066 = CARTESIAN_POINT('',(0.292121623064,4.083034225942,4.023208895392
    ));
#9067 = CARTESIAN_POINT('',(0.270774336605,4.053154929471,3.996692594077
    ));
#9068 = CARTESIAN_POINT('',(0.255048714794,4.035879236626,3.981360786984
    ));
#9069 = CARTESIAN_POINT('',(0.237090574565,4.020175522522,3.967412113263
    ));
#9070 = CARTESIAN_POINT('',(0.21716775333,4.006174157722,3.954960447226)
  );
#9071 = CARTESIAN_POINT('',(0.195597427845,3.993948575819,3.944074824009
    ));
#9072 = CARTESIAN_POINT('',(0.146675904489,3.971700108712,3.924244486881
    ));
#9073 = CARTESIAN_POINT('',(0.118935355723,3.962206955639,3.915768597114
    ));
#9074 = CARTESIAN_POINT('',(8.993088026096E-02,3.955099337151,
    3.909412320483));
#9075 = CARTESIAN_POINT('',(6.011106876944E-02,3.950374539365,
    3.905183635519));
#9076 = CARTESIAN_POINT('',(2.989524424151E-02,3.948022151849,
    3.903078259313));
#9077 = CARTESIAN_POINT('',(-2.079083533393E-02,3.94805756529,
    3.903109954153));
#9078 = CARTESIAN_POINT('',(-4.125675899253E-02,3.949160898704,
    3.904097420271));
#9079 = CARTESIAN_POINT('',(-6.159611426193E-02,3.951353031304,
    3.906059390118));
#9080 = CARTESIAN_POINT('',(-8.1680261068E-02,3.954635927351,
    3.908996430992));
#9081 = CARTESIAN_POINT('',(-0.101376846919,3.9590109597,3.912907705969)
  );
#9082 = CARTESIAN_POINT('',(-0.129701859172,3.967084562981,
    3.920118533376));
#9083 = CARTESIAN_POINT('',(-0.138733830156,3.969941223044,
    3.922669067249));
#9084 = CARTESIAN_POINT('',(-0.147631438307,3.973045877198,3.92543995258
    ));
#9085 = CARTESIAN_POINT('',(-0.156379487318,3.976397841731,
    3.928430294283));
#9086 = CARTESIAN_POINT('',(-0.16496259448,3.979995972942,3.931638790376
    ));
#9087 = CARTESIAN_POINT('',(-0.196093141349,3.994232664651,
    3.944327762038));
#9088 = CARTESIAN_POINT('',(-0.217507872483,4.006419371268,
    3.955178492744));
#9089 = CARTESIAN_POINT('',(-0.237290038568,4.020360299099,
    3.967576194498));
#9090 = CARTESIAN_POINT('',(-0.255128356182,4.035982754385,
    3.981452608831));
#9091 = CARTESIAN_POINT('',(-0.270759932392,4.053158343396,
    3.996695620578));
#9092 = CARTESIAN_POINT('',(-0.292108693895,4.083001835526,
    4.023180152532));
#9093 = CARTESIAN_POINT('',(-0.299319198488,4.094827558822,
    4.033674624499));
#9094 = CARTESIAN_POINT('',(-0.30560288725,4.107112863517,4.044579134041
    ));
#9095 = CARTESIAN_POINT('',(-0.310937727432,4.119807422001,
    4.055852661479));
#9096 = CARTESIAN_POINT('',(-0.315317535082,4.132857634555,
    4.067452243019));
#9097 = CARTESIAN_POINT('',(-0.320276503003,4.152141518934,
    4.084614690701));
#9098 = CARTESIAN_POINT('',(-0.321615389015,4.158134613729,4.08995143347
    ));
#9099 = CARTESIAN_POINT('',(-0.322768088115,4.164182448326,
    4.095340327018));
#9100 = CARTESIAN_POINT('',(-0.323735880396,4.170280386273,
    4.100777741187));
#9101 = CARTESIAN_POINT('',(-0.324520532883,4.176423890871,
    4.106260151375));
#9102 = CARTESIAN_POINT('',(-0.32512429953,4.18260852518,4.111784138534)
  );
#9103 = PCURVE('',#3156,#9104);
#9104 = DEFINITIONAL_REPRESENTATION('',(#9105),#9153);
#9105 = B_SPLINE_CURVE_WITH_KNOTS('',6,(#9106,#9107,#9108,#9109,#9110,
    #9111,#9112,#9113,#9114,#9115,#9116,#9117,#9118,#9119,#9120,#9121,
    #9122,#9123,#9124,#9125,#9126,#9127,#9128,#9129,#9130,#9131,#9132,
    #9133,#9134,#9135,#9136,#9137,#9138,#9139,#9140,#9141,#9142,#9143,
    #9144,#9145,#9146,#9147,#9148,#9149,#9150,#9151,#9152),
  .UNSPECIFIED.,.F.,.F.,(7,5,5,5,5,5,5,5,5,7),(0.,4.541151420536E-02,
    0.145542360732,0.311563865074,0.500327514017,0.628188288465,
    0.689214385359,0.854282191186,0.955162875366,1.),.UNSPECIFIED.);
#9106 = CARTESIAN_POINT('',(0.868176180766,0.));
#9107 = CARTESIAN_POINT('',(0.868174088279,6.688128432744E-03));
#9108 = CARTESIAN_POINT('',(0.868172443606,1.343588145387E-02));
#9109 = CARTESIAN_POINT('',(0.868171198914,2.024227433277E-02));
#9110 = CARTESIAN_POINT('',(0.868170307927,2.71060926864E-02));
#9111 = CARTESIAN_POINT('',(0.868169725926,3.40258924793E-02));
#9112 = CARTESIAN_POINT('',(0.868168712581,5.637767029933E-02));
#9113 = CARTESIAN_POINT('',(0.868169309032,7.202049097366E-02));
#9114 = CARTESIAN_POINT('',(0.868170738397,8.79083499398E-02));
#9115 = CARTESIAN_POINT('',(0.868172599625,0.104019003746));
#9116 = CARTESIAN_POINT('',(0.868174573676,0.12032704132));
#9117 = CARTESIAN_POINT('',(0.868179550086,0.164120485095));
#9118 = CARTESIAN_POINT('',(0.868182380207,0.19190755629));
#9119 = CARTESIAN_POINT('',(0.868183907956,0.220023062693));
#9120 = CARTESIAN_POINT('',(0.868183952438,0.248356929222));
#9121 = CARTESIAN_POINT('',(0.868182839112,0.276822156261));
#9122 = CARTESIAN_POINT('',(0.868179034479,0.33777920534));
#9123 = CARTESIAN_POINT('',(0.868176142704,0.37029200842));
#9124 = CARTESIAN_POINT('',(0.868173078663,0.402821112864));
#9125 = CARTESIAN_POINT('',(0.868170749924,0.435339371468));
#9126 = CARTESIAN_POINT('',(0.868169591023,0.467840512667));
#9127 = CARTESIAN_POINT('',(0.868169608467,0.52236551724));
#9128 = CARTESIAN_POINT('',(0.868170150948,0.544383031313));
#9129 = CARTESIAN_POINT('',(0.86817123274,0.566404267041));
#9130 = CARTESIAN_POINT('',(0.868172750822,0.588429986684));
#9131 = CARTESIAN_POINT('',(0.868174525476,0.610456741363));
#9132 = CARTESIAN_POINT('',(0.868177191977,0.642986434953));
#9133 = CARTESIAN_POINT('',(0.868178060992,0.653494335726));
#9134 = CARTESIAN_POINT('',(0.868178912264,0.663999218342));
#9135 = CARTESIAN_POINT('',(0.868179720725,0.674499430759));
#9136 = CARTESIAN_POINT('',(0.868180461501,0.684992803744));
#9137 = CARTESIAN_POINT('',(0.868182863773,0.723834119742));
#9138 = CARTESIAN_POINT('',(0.868183949274,0.752131487232));
#9139 = CARTESIAN_POINT('',(0.868183886068,0.780297890024));
#9140 = CARTESIAN_POINT('',(0.868182359061,0.808247568562));
#9141 = CARTESIAN_POINT('',(0.86817954924,0.835872235335));
#9142 = CARTESIAN_POINT('',(0.868174579239,0.879632932175));
#9143 = CARTESIAN_POINT('',(0.868172589191,0.896062360995));
#9144 = CARTESIAN_POINT('',(0.868170713272,0.912291410131));
#9145 = CARTESIAN_POINT('',(0.868169278053,0.928294111542));
#9146 = CARTESIAN_POINT('',(0.868168694463,0.944047771299));
#9147 = CARTESIAN_POINT('',(0.868169763433,0.966413917962));
#9148 = CARTESIAN_POINT('',(0.868170353585,0.973242925349));
#9149 = CARTESIAN_POINT('',(0.868171246579,0.980017312141));
#9150 = CARTESIAN_POINT('',(0.868172485494,0.986735694314));
#9151 = CARTESIAN_POINT('',(0.868174114883,0.993396906103));
#9152 = CARTESIAN_POINT('',(0.868176180766,1.));
#9153 = ( GEOMETRIC_REPRESENTATION_CONTEXT(2) 
PARAMETRIC_REPRESENTATION_CONTEXT() REPRESENTATION_CONTEXT('2D SPACE',''
  ) );
#9154 = PCURVE('',#200,#9155);
#9155 = DEFINITIONAL_REPRESENTATION('',(#9156),#9204);
#9156 = B_SPLINE_CURVE_WITH_KNOTS('',6,(#9157,#9158,#9159,#9160,#9161,
    #9162,#9163,#9164,#9165,#9166,#9167,#9168,#9169,#9170,#9171,#9172,
    #9173,#9174,#9175,#9176,#9177,#9178,#9179,#9180,#9181,#9182,#9183,
    #9184,#9185,#9186,#9187,#9188,#9189,#9190,#9191,#9192,#9193,#9194,
    #9195,#9196,#9197,#9198,#9199,#9200,#9201,#9202,#9203),
  .UNSPECIFIED.,.F.,.F.,(7,5,5,5,5,5,5,5,5,7),(0.,4.541151420536E-02,
    0.145542360732,0.311563865074,0.500327514017,0.628188288465,
    0.689214385359,0.854282191186,0.955162875366,1.),.UNSPECIFIED.);
#9157 = CARTESIAN_POINT('',(-3.296745508725,-0.844021272475));
#9158 = CARTESIAN_POINT('',(-3.296715896606,-0.845354961097));
#9159 = CARTESIAN_POINT('',(-3.296641297975,-0.84668088294));
#9160 = CARTESIAN_POINT('',(-3.296520764589,-0.847998143046));
#9161 = CARTESIAN_POINT('',(-3.296353467207,-0.849305809169));
#9162 = CARTESIAN_POINT('',(-3.296138695595,-0.850602911775));
#9163 = CARTESIAN_POINT('',(-3.295296311709,-0.854722999013));
#9164 = CARTESIAN_POINT('',(-3.294483061226,-0.857501509123));
#9165 = CARTESIAN_POINT('',(-3.293429944704,-0.860212841376));
#9166 = CARTESIAN_POINT('',(-3.292134312194,-0.862845838108));
#9167 = CARTESIAN_POINT('',(-3.290597707131,-0.865389576456));
#9168 = CARTESIAN_POINT('',(-3.28588988366,-0.871885976361));
#9169 = CARTESIAN_POINT('',(-3.282307470233,-0.87566548679));
#9170 = CARTESIAN_POINT('',(-3.278108637029,-0.879123576045));
#9171 = CARTESIAN_POINT('',(-3.273352931394,-0.882225460163));
#9172 = CARTESIAN_POINT('',(-3.26811951118,-0.884947550574));
#9173 = CARTESIAN_POINT('',(-3.256103312156,-0.889920950978));
#9174 = CARTESIAN_POINT('',(-3.249205862259,-0.892057001011));
#9175 = CARTESIAN_POINT('',(-3.241925851426,-0.89366433984));
#9176 = CARTESIAN_POINT('',(-3.234394768022,-0.894735429258));
#9177 = CARTESIAN_POINT('',(-3.226741248004,-0.895268701801));
#9178 = CARTESIAN_POINT('',(-3.213902970166,-0.895260673814));
#9179 = CARTESIAN_POINT('',(-3.208719230302,-0.8950105597));
#9180 = CARTESIAN_POINT('',(-3.203574553008,-0.894513613665));
#9181 = CARTESIAN_POINT('',(-3.19850846832,-0.893770276891));
#9182 = CARTESIAN_POINT('',(-3.193560791142,-0.892781899903));
#9183 = CARTESIAN_POINT('',(-3.186484553897,-0.890963880111));
#9184 = CARTESIAN_POINT('',(-3.184234311439,-0.890321342387));
#9185 = CARTESIAN_POINT('',(-3.182024387696,-0.889623943166));
#9186 = CARTESIAN_POINT('',(-3.179859090904,-0.888872113344));
#9187 = CARTESIAN_POINT('',(-3.177742686812,-0.888066409393));
#9188 = CARTESIAN_POINT('',(-3.170098467536,-0.884884309174));
#9189 = CARTESIAN_POINT('',(-3.164904218405,-0.882171164901));
#9190 = CARTESIAN_POINT('',(-3.160183181702,-0.879082943599));
#9191 = CARTESIAN_POINT('',(-3.156012979544,-0.875642929085));
#9192 = CARTESIAN_POINT('',(-3.152452025235,-0.871885350627));
#9193 = CARTESIAN_POINT('',(-3.147742960955,-0.865396548176));
#9194 = CARTESIAN_POINT('',(-3.146194704416,-0.862833945062));
#9195 = CARTESIAN_POINT('',(-3.144891042168,-0.860180761098));
#9196 = CARTESIAN_POINT('',(-3.143833536516,-0.857448166647));
#9197 = CARTESIAN_POINT('',(-3.143019432875,-0.85464757011));
#9198 = CARTESIAN_POINT('',(-3.142185889822,-0.850520436279));
#9199 = CARTESIAN_POINT('',(-3.141976232148,-0.849239295814));
#9200 = CARTESIAN_POINT('',(-3.141812822711,-0.84794789478));
#9201 = CARTESIAN_POINT('',(-3.141694974867,-0.846647165377));
#9202 = CARTESIAN_POINT('',(-3.141621889213,-0.845338004247));
#9203 = CARTESIAN_POINT('',(-3.14159265359,-0.844021272475));
#9204 = ( GEOMETRIC_REPRESENTATION_CONTEXT(2) 
PARAMETRIC_REPRESENTATION_CONTEXT() REPRESENTATION_CONTEXT('2D SPACE',''
  ) );
#9205 = ORIENTED_EDGE('',*,*,#9206,.F.);
#9206 = EDGE_CURVE('',#3031,#9052,#9207,.T.);
#9207 = SURFACE_CURVE('',#9208,(#9211,#9218),.PCURVE_S1.);
#9208 = B_SPLINE_CURVE_WITH_KNOTS('',1,(#9209,#9210),.UNSPECIFIED.,.F.,
  .F.,(2,2),(0.,1.),.PIECEWISE_BEZIER_KNOTS.);
#9209 = CARTESIAN_POINT('',(-0.708154601973,9.110157191085,
    -1.446944832201));
#9210 = CARTESIAN_POINT('',(-0.266965001372,3.434409831191,
    4.955821212164));
#9211 = PCURVE('',#3156,#9212);
#9212 = DEFINITIONAL_REPRESENTATION('',(#9213),#9217);
#9213 = LINE('',#9214,#9215);
#9214 = CARTESIAN_POINT('',(0.,1.));
#9215 = VECTOR('',#9216,1.);
#9216 = DIRECTION('',(1.,0.));
#9217 = ( GEOMETRIC_REPRESENTATION_CONTEXT(2) 
PARAMETRIC_REPRESENTATION_CONTEXT() REPRESENTATION_CONTEXT('2D SPACE',''
  ) );
#9218 = PCURVE('',#3271,#9219);
#9219 = DEFINITIONAL_REPRESENTATION('',(#9220),#9224);
#9220 = LINE('',#9221,#9222);
#9221 = CARTESIAN_POINT('',(0.,0.));
#9222 = VECTOR('',#9223,1.);
#9223 = DIRECTION('',(1.,0.));
#9224 = ( GEOMETRIC_REPRESENTATION_CONTEXT(2) 
PARAMETRIC_REPRESENTATION_CONTEXT() REPRESENTATION_CONTEXT('2D SPACE',''
  ) );
#9225 = ADVANCED_FACE('',(#9226),#3271,.F.);
#9226 = FACE_BOUND('',#9227,.F.);
#9227 = EDGE_LOOP('',(#9228,#9250,#9251,#9252));
#9228 = ORIENTED_EDGE('',*,*,#9229,.F.);
#9229 = EDGE_CURVE('',#3228,#9230,#9232,.T.);
#9230 = VERTEX_POINT('',#9231);
#9231 = CARTESIAN_POINT('',(-0.748075006527,4.782044036636,4.77609800971
    ));
#9232 = SURFACE_CURVE('',#9233,(#9236,#9243),.PCURVE_S1.);
#9233 = B_SPLINE_CURVE_WITH_KNOTS('',1,(#9234,#9235),.UNSPECIFIED.,.F.,
  .F.,(2,2),(0.,1.),.PIECEWISE_BEZIER_KNOTS.);
#9234 = CARTESIAN_POINT('',(-1.629385312816,10.415790195563,0.));
#9235 = CARTESIAN_POINT('',(-0.614256902461,3.926616357649,
    5.501300445142));
#9236 = PCURVE('',#3271,#9237);
#9237 = DEFINITIONAL_REPRESENTATION('',(#9238),#9242);
#9238 = LINE('',#9239,#9240);
#9239 = CARTESIAN_POINT('',(0.,1.));
#9240 = VECTOR('',#9241,1.);
#9241 = DIRECTION('',(1.,0.));
#9242 = ( GEOMETRIC_REPRESENTATION_CONTEXT(2) 
PARAMETRIC_REPRESENTATION_CONTEXT() REPRESENTATION_CONTEXT('2D SPACE',''
  ) );
#9243 = PCURVE('',#3321,#9244);
#9244 = DEFINITIONAL_REPRESENTATION('',(#9245),#9249);
#9245 = LINE('',#9246,#9247);
#9246 = CARTESIAN_POINT('',(0.,0.));
#9247 = VECTOR('',#9248,1.);
#9248 = DIRECTION('',(1.,0.));
#9249 = ( GEOMETRIC_REPRESENTATION_CONTEXT(2) 
PARAMETRIC_REPRESENTATION_CONTEXT() REPRESENTATION_CONTEXT('2D SPACE',''
  ) );
#9250 = ORIENTED_EDGE('',*,*,#3227,.F.);
#9251 = ORIENTED_EDGE('',*,*,#9206,.T.);
#9252 = ORIENTED_EDGE('',*,*,#9253,.T.);
#9253 = EDGE_CURVE('',#9052,#9230,#9254,.T.);
#9254 = SURFACE_CURVE('',#9255,(#9270,#9288),.PCURVE_S1.);
#9255 = B_SPLINE_CURVE_WITH_KNOTS('',7,(#9256,#9257,#9258,#9259,#9260,
    #9261,#9262,#9263,#9264,#9265,#9266,#9267,#9268,#9269),
  .UNSPECIFIED.,.F.,.F.,(8,6,8),(0.,0.850488740373,1.),.UNSPECIFIED.);
#9256 = CARTESIAN_POINT('',(-0.32512429953,4.18260852518,4.111784138534)
  );
#9257 = CARTESIAN_POINT('',(-0.345044941745,4.271893434506,
    4.192303614804));
#9258 = CARTESIAN_POINT('',(-0.378116579174,4.356567928821,
    4.273314995129));
#9259 = CARTESIAN_POINT('',(-0.422349380761,4.436290294814,
    4.354277816137));
#9260 = CARTESIAN_POINT('',(-0.475277189304,4.511048858932,
    4.435014647345));
#9261 = CARTESIAN_POINT('',(-0.534604647684,4.581041471237,
    4.515535057195));
#9262 = CARTESIAN_POINT('',(-0.598378738635,4.646655808155,
    4.595981958837));
#9263 = CARTESIAN_POINT('',(-0.676559124661,4.719301186686,4.69084831773
    ));
#9264 = CARTESIAN_POINT('',(-0.688330329289,4.730042638522,
    4.705037245054));
#9265 = CARTESIAN_POINT('',(-0.700173952127,4.740666783554,
    4.719232542131));
#9266 = CARTESIAN_POINT('',(-0.71208008759,4.751176247273,4.733435238973
    ));
#9267 = CARTESIAN_POINT('',(-0.724038862938,4.761573737248,
    4.747646364358));
#9268 = CARTESIAN_POINT('',(-0.736040438269,4.771862043127,
    4.761866945833));
#9269 = CARTESIAN_POINT('',(-0.748075006527,4.782044036636,4.77609800971
    ));
#9270 = PCURVE('',#3271,#9271);
#9271 = DEFINITIONAL_REPRESENTATION('',(#9272),#9287);
#9272 = B_SPLINE_CURVE_WITH_KNOTS('',7,(#9273,#9274,#9275,#9276,#9277,
    #9278,#9279,#9280,#9281,#9282,#9283,#9284,#9285,#9286),
  .UNSPECIFIED.,.F.,.F.,(8,6,8),(0.,0.850488740373,1.),.UNSPECIFIED.);
#9273 = CARTESIAN_POINT('',(0.868176180766,0.));
#9274 = CARTESIAN_POINT('',(0.86817949558,0.121319401834));
#9275 = CARTESIAN_POINT('',(0.868182887861,0.243256157756));
#9276 = CARTESIAN_POINT('',(0.868175989235,0.365136138202));
#9277 = CARTESIAN_POINT('',(0.868168348889,0.486634364152));
#9278 = CARTESIAN_POINT('',(0.868169537288,0.607730163003));
#9279 = CARTESIAN_POINT('',(0.868178832596,0.728696956585));
#9280 = CARTESIAN_POINT('',(0.868181617035,0.871521339607));
#9281 = CARTESIAN_POINT('',(0.868181817794,0.892887833081));
#9282 = CARTESIAN_POINT('',(0.868181721623,0.914269427465));
#9283 = CARTESIAN_POINT('',(0.868181231159,0.935668697006));
#9284 = CARTESIAN_POINT('',(0.868180233067,0.957088329347));
#9285 = CARTESIAN_POINT('',(0.868178598032,0.978531125532));
#9286 = CARTESIAN_POINT('',(0.868176180766,1.));
#9287 = ( GEOMETRIC_REPRESENTATION_CONTEXT(2) 
PARAMETRIC_REPRESENTATION_CONTEXT() REPRESENTATION_CONTEXT('2D SPACE',''
  ) );
#9288 = PCURVE('',#200,#9289);
#9289 = DEFINITIONAL_REPRESENTATION('',(#9290),#9305);
#9290 = B_SPLINE_CURVE_WITH_KNOTS('',7,(#9291,#9292,#9293,#9294,#9295,
    #9296,#9297,#9298,#9299,#9300,#9301,#9302,#9303,#9304),
  .UNSPECIFIED.,.F.,.F.,(8,6,8),(0.,0.850488740373,1.),.UNSPECIFIED.);
#9291 = CARTESIAN_POINT('',(-3.14159265359,-0.844021272475));
#9292 = CARTESIAN_POINT('',(-3.138507892142,-0.82482815171));
#9293 = CARTESIAN_POINT('',(-3.132367926323,-0.806001160054));
#9294 = CARTESIAN_POINT('',(-3.123906043107,-0.78762424456));
#9295 = CARTESIAN_POINT('',(-3.113826166296,-0.769685287666));
#9296 = CARTESIAN_POINT('',(-3.102683769009,-0.752142165511));
#9297 = CARTESIAN_POINT('',(-3.090917361666,-0.734930924712));
#9298 = CARTESIAN_POINT('',(-3.076773740945,-0.714980693073));
#9299 = CARTESIAN_POINT('',(-3.074651293424,-0.712005852415));
#9300 = CARTESIAN_POINT('',(-3.072523086695,-0.709038608716));
#9301 = CARTESIAN_POINT('',(-3.070391143021,-0.706078622479));
#9302 = CARTESIAN_POINT('',(-3.068257449166,-0.703125561352));
#9303 = CARTESIAN_POINT('',(-3.066123956391,-0.700179100132));
#9304 = CARTESIAN_POINT('',(-3.063992580458,-0.697238920763));
#9305 = ( GEOMETRIC_REPRESENTATION_CONTEXT(2) 
PARAMETRIC_REPRESENTATION_CONTEXT() REPRESENTATION_CONTEXT('2D SPACE',''
  ) );
#9306 = ADVANCED_FACE('',(#9307),#3321,.F.);
#9307 = FACE_BOUND('',#9308,.F.);
#9308 = EDGE_LOOP('',(#9309,#9310,#9311,#9341));
#9309 = ORIENTED_EDGE('',*,*,#3301,.F.);
#9310 = ORIENTED_EDGE('',*,*,#9229,.T.);
#9311 = ORIENTED_EDGE('',*,*,#9312,.T.);
#9312 = EDGE_CURVE('',#9230,#9313,#9315,.T.);
#9313 = VERTEX_POINT('',#9314);
#9314 = CARTESIAN_POINT('',(-1.138877838347,4.70430852018,4.77609800971)
  );
#9315 = SURFACE_CURVE('',#9316,(#9322,#9331),.PCURVE_S1.);
#9316 = B_SPLINE_CURVE_WITH_KNOTS('',4,(#9317,#9318,#9319,#9320,#9321),
  .UNSPECIFIED.,.F.,.F.,(5,5),(0.,1.),.PIECEWISE_BEZIER_KNOTS.);
#9317 = CARTESIAN_POINT('',(-0.748075006527,4.782044036636,4.77609800971
    ));
#9318 = CARTESIAN_POINT('',(-0.846520748729,4.76664426269,4.77609800971)
  );
#9319 = CARTESIAN_POINT('',(-0.94454342085,4.748540441667,4.77609800971)
  );
#9320 = CARTESIAN_POINT('',(-1.042032593712,4.727754538753,4.77609800971
    ));
#9321 = CARTESIAN_POINT('',(-1.138877838347,4.70430852018,4.77609800971)
  );
#9322 = PCURVE('',#3321,#9323);
#9323 = DEFINITIONAL_REPRESENTATION('',(#9324),#9330);
#9324 = B_SPLINE_CURVE_WITH_KNOTS('',4,(#9325,#9326,#9327,#9328,#9329),
  .UNSPECIFIED.,.F.,.F.,(5,5),(0.,1.),.PIECEWISE_BEZIER_KNOTS.);
#9325 = CARTESIAN_POINT('',(0.868176180766,0.));
#9326 = CARTESIAN_POINT('',(0.868176180766,0.24999999594));
#9327 = CARTESIAN_POINT('',(0.868176180766,0.5));
#9328 = CARTESIAN_POINT('',(0.868176180766,0.75000000406));
#9329 = CARTESIAN_POINT('',(0.868176180766,1.));
#9330 = ( GEOMETRIC_REPRESENTATION_CONTEXT(2) 
PARAMETRIC_REPRESENTATION_CONTEXT() REPRESENTATION_CONTEXT('2D SPACE',''
  ) );
#9331 = PCURVE('',#200,#9332);
#9332 = DEFINITIONAL_REPRESENTATION('',(#9333),#9340);
#9333 = B_SPLINE_CURVE_WITH_KNOTS('',5,(#9334,#9335,#9336,#9337,#9338,
    #9339),.UNSPECIFIED.,.F.,.F.,(6,6),(0.,1.),
  .PIECEWISE_BEZIER_KNOTS.);
#9334 = CARTESIAN_POINT('',(-3.063992580458,-0.697238920763));
#9335 = CARTESIAN_POINT('',(-3.047523361062,-0.697238880386));
#9336 = CARTESIAN_POINT('',(-3.031054152977,-0.69723895441));
#9337 = CARTESIAN_POINT('',(-3.014584927639,-0.69723895441));
#9338 = CARTESIAN_POINT('',(-2.998115719554,-0.697238880386));
#9339 = CARTESIAN_POINT('',(-2.981646500158,-0.697238920763));
#9340 = ( GEOMETRIC_REPRESENTATION_CONTEXT(2) 
PARAMETRIC_REPRESENTATION_CONTEXT() REPRESENTATION_CONTEXT('2D SPACE',''
  ) );
#9341 = ORIENTED_EDGE('',*,*,#9342,.F.);
#9342 = EDGE_CURVE('',#3302,#9313,#9343,.T.);
#9343 = SURFACE_CURVE('',#9344,(#9347,#9354),.PCURVE_S1.);
#9344 = B_SPLINE_CURVE_WITH_KNOTS('',1,(#9345,#9346),.UNSPECIFIED.,.F.,
  .F.,(2,2),(0.,1.),.PIECEWISE_BEZIER_KNOTS.);
#9345 = CARTESIAN_POINT('',(-2.480594601748,10.246474140766,0.));
#9346 = CARTESIAN_POINT('',(-0.935151645438,3.862786424644,
    5.501300445142));
#9347 = PCURVE('',#3321,#9348);
#9348 = DEFINITIONAL_REPRESENTATION('',(#9349),#9353);
#9349 = LINE('',#9350,#9351);
#9350 = CARTESIAN_POINT('',(0.,1.));
#9351 = VECTOR('',#9352,1.);
#9352 = DIRECTION('',(1.,0.));
#9353 = ( GEOMETRIC_REPRESENTATION_CONTEXT(2) 
PARAMETRIC_REPRESENTATION_CONTEXT() REPRESENTATION_CONTEXT('2D SPACE',''
  ) );
#9354 = PCURVE('',#3373,#9355);
#9355 = DEFINITIONAL_REPRESENTATION('',(#9356),#9360);
#9356 = LINE('',#9357,#9358);
#9357 = CARTESIAN_POINT('',(0.,0.));
#9358 = VECTOR('',#9359,1.);
#9359 = DIRECTION('',(1.,0.));
#9360 = ( GEOMETRIC_REPRESENTATION_CONTEXT(2) 
PARAMETRIC_REPRESENTATION_CONTEXT() REPRESENTATION_CONTEXT('2D SPACE',''
  ) );
#9361 = ADVANCED_FACE('',(#9362),#3373,.F.);
#9362 = FACE_BOUND('',#9363,.F.);
#9363 = EDGE_LOOP('',(#9364,#9365,#9366,#9416));
#9364 = ORIENTED_EDGE('',*,*,#3339,.F.);
#9365 = ORIENTED_EDGE('',*,*,#9342,.T.);
#9366 = ORIENTED_EDGE('',*,*,#9367,.T.);
#9367 = EDGE_CURVE('',#9313,#9368,#9370,.T.);
#9368 = VERTEX_POINT('',#9369);
#9369 = CARTESIAN_POINT('',(-1.300239300797,3.98864609181,4.111784138534
    ));
#9370 = SURFACE_CURVE('',#9371,(#9384,#9400),.PCURVE_S1.);
#9371 = B_SPLINE_CURVE_WITH_KNOTS('',6,(#9372,#9373,#9374,#9375,#9376,
    #9377,#9378,#9379,#9380,#9381,#9382,#9383),.UNSPECIFIED.,.F.,.F.,(7,
    5,7),(0.,0.745763287052,1.),.UNSPECIFIED.);
#9372 = CARTESIAN_POINT('',(-1.138877838347,4.70430852018,4.77609800971)
  );
#9373 = CARTESIAN_POINT('',(-1.180903248284,4.622769543057,
    4.693286409541));
#9374 = CARTESIAN_POINT('',(-1.220423526314,4.538301374216,
    4.610893147431));
#9375 = CARTESIAN_POINT('',(-1.255286516616,4.451046039616,
    4.528585138664));
#9376 = CARTESIAN_POINT('',(-1.283323206334,4.361367930559,
    4.446177551854));
#9377 = CARTESIAN_POINT('',(-1.302005158982,4.269960348144,
    4.363549827306));
#9378 = CARTESIAN_POINT('',(-1.31116491689,4.146283721176,4.252610888997
    ));
#9379 = CARTESIAN_POINT('',(-1.312115798,4.114751795483,4.224400245412)
  );
#9380 = CARTESIAN_POINT('',(-1.311590959677,4.083172169368,
    4.196193044918));
#9381 = CARTESIAN_POINT('',(-1.309493941504,4.051592284548,
    4.168004837504));
#9382 = CARTESIAN_POINT('',(-1.305735478105,4.020064739693,
    4.139858298321));
#9383 = CARTESIAN_POINT('',(-1.300239300797,3.98864609181,4.111784138534
    ));
#9384 = PCURVE('',#3373,#9385);
#9385 = DEFINITIONAL_REPRESENTATION('',(#9386),#9399);
#9386 = B_SPLINE_CURVE_WITH_KNOTS('',6,(#9387,#9388,#9389,#9390,#9391,
    #9392,#9393,#9394,#9395,#9396,#9397,#9398),.UNSPECIFIED.,.F.,.F.,(7,
    5,7),(0.,0.745763287052,1.),.UNSPECIFIED.);
#9387 = CARTESIAN_POINT('',(0.868176180766,0.));
#9388 = CARTESIAN_POINT('',(0.868190247014,0.124928948661));
#9389 = CARTESIAN_POINT('',(0.868177102039,0.248869829044));
#9390 = CARTESIAN_POINT('',(0.868168239925,0.372619596371));
#9391 = CARTESIAN_POINT('',(0.868171177296,0.496589384519));
#9392 = CARTESIAN_POINT('',(0.868176084748,0.620926910673));
#9393 = CARTESIAN_POINT('',(0.868178901352,0.787921078917));
#9394 = CARTESIAN_POINT('',(0.868179296179,0.830390740038));
#9395 = CARTESIAN_POINT('',(0.868179193195,0.872860274838));
#9396 = CARTESIAN_POINT('',(0.868178498828,0.915307222732));
#9397 = CARTESIAN_POINT('',(0.868177336519,0.957700416966));
#9398 = CARTESIAN_POINT('',(0.868176180766,1.));
#9399 = ( GEOMETRIC_REPRESENTATION_CONTEXT(2) 
PARAMETRIC_REPRESENTATION_CONTEXT() REPRESENTATION_CONTEXT('2D SPACE',''
  ) );
#9400 = PCURVE('',#200,#9401);
#9401 = DEFINITIONAL_REPRESENTATION('',(#9402),#9415);
#9402 = B_SPLINE_CURVE_WITH_KNOTS('',6,(#9403,#9404,#9405,#9406,#9407,
    #9408,#9409,#9410,#9411,#9412,#9413,#9414),.UNSPECIFIED.,.F.,.F.,(7,
    5,7),(0.,0.745763287052,1.),.UNSPECIFIED.);
#9403 = CARTESIAN_POINT('',(-2.981646500158,-0.697238920763));
#9404 = CARTESIAN_POINT('',(-2.969243867922,-0.714348039266));
#9405 = CARTESIAN_POINT('',(-2.956775285461,-0.731664893378));
#9406 = CARTESIAN_POINT('',(-2.944643014716,-0.749281027136));
#9407 = CARTESIAN_POINT('',(-2.933300056138,-0.767267591873));
#9408 = CARTESIAN_POINT('',(-2.923352893295,-0.785695814484));
#9409 = CARTESIAN_POINT('',(-2.912910721201,-0.811036194389));
#9410 = CARTESIAN_POINT('',(-2.910507560109,-0.81753175365));
#9411 = CARTESIAN_POINT('',(-2.908386421751,-0.824080355051));
#9412 = CARTESIAN_POINT('',(-2.90657994957,-0.830680600166));
#9413 = CARTESIAN_POINT('',(-2.905121969116,-0.837329341974));
#9414 = CARTESIAN_POINT('',(-2.904046427026,-0.844021272475));
#9415 = ( GEOMETRIC_REPRESENTATION_CONTEXT(2) 
PARAMETRIC_REPRESENTATION_CONTEXT() REPRESENTATION_CONTEXT('2D SPACE',''
  ) );
#9416 = ORIENTED_EDGE('',*,*,#9417,.F.);
#9417 = EDGE_CURVE('',#3340,#9368,#9418,.T.);
#9418 = SURFACE_CURVE('',#9419,(#9422,#9429),.PCURVE_S1.);
#9419 = B_SPLINE_CURVE_WITH_KNOTS('',1,(#9420,#9421),.UNSPECIFIED.,.F.,
  .F.,(2,2),(0.,1.),.PIECEWISE_BEZIER_KNOTS.);
#9420 = CARTESIAN_POINT('',(-2.832056680653,8.687686800532,
    -1.446944832201));
#9421 = CARTESIAN_POINT('',(-1.067648241684,3.27514403234,4.955821212164
    ));
#9422 = PCURVE('',#3373,#9423);
#9423 = DEFINITIONAL_REPRESENTATION('',(#9424),#9428);
#9424 = LINE('',#9425,#9426);
#9425 = CARTESIAN_POINT('',(0.,1.));
#9426 = VECTOR('',#9427,1.);
#9427 = DIRECTION('',(1.,0.));
#9428 = ( GEOMETRIC_REPRESENTATION_CONTEXT(2) 
PARAMETRIC_REPRESENTATION_CONTEXT() REPRESENTATION_CONTEXT('2D SPACE',''
  ) );
#9429 = PCURVE('',#3524,#9430);
#9430 = DEFINITIONAL_REPRESENTATION('',(#9431),#9435);
#9431 = LINE('',#9432,#9433);
#9432 = CARTESIAN_POINT('',(0.,0.));
#9433 = VECTOR('',#9434,1.);
#9434 = DIRECTION('',(1.,0.));
#9435 = ( GEOMETRIC_REPRESENTATION_CONTEXT(2) 
PARAMETRIC_REPRESENTATION_CONTEXT() REPRESENTATION_CONTEXT('2D SPACE',''
  ) );
#9436 = ADVANCED_FACE('',(#9437),#3524,.F.);
#9437 = FACE_BOUND('',#9438,.F.);
#9438 = EDGE_LOOP('',(#9439,#9440,#9441,#9596));
#9439 = ORIENTED_EDGE('',*,*,#3398,.F.);
#9440 = ORIENTED_EDGE('',*,*,#9417,.T.);
#9441 = ORIENTED_EDGE('',*,*,#9442,.T.);
#9442 = EDGE_CURVE('',#9368,#9443,#9445,.T.);
#9443 = VERTEX_POINT('',#9444);
#9444 = CARTESIAN_POINT('',(-1.900990672513,3.739806726031,
    4.111784138534));
#9445 = SURFACE_CURVE('',#9446,(#9494,#9545),.PCURVE_S1.);
#9446 = B_SPLINE_CURVE_WITH_KNOTS('',6,(#9447,#9448,#9449,#9450,#9451,
    #9452,#9453,#9454,#9455,#9456,#9457,#9458,#9459,#9460,#9461,#9462,
    #9463,#9464,#9465,#9466,#9467,#9468,#9469,#9470,#9471,#9472,#9473,
    #9474,#9475,#9476,#9477,#9478,#9479,#9480,#9481,#9482,#9483,#9484,
    #9485,#9486,#9487,#9488,#9489,#9490,#9491,#9492,#9493),
  .UNSPECIFIED.,.F.,.F.,(7,5,5,5,5,5,5,5,5,7),(0.,4.541151420519E-02,
    0.145542360731,0.3115638652,0.500327514142,0.628188286455,
    0.689214383343,0.854282185157,0.9551628569,1.),.UNSPECIFIED.);
#9447 = CARTESIAN_POINT('',(-1.300239300797,3.98864609181,4.111784138534
    ));
#9448 = CARTESIAN_POINT('',(-1.298407055739,3.982624624828,
    4.106189013558));
#9449 = CARTESIAN_POINT('',(-1.296762406283,3.976571125052,
    4.100636542847));
#9450 = CARTESIAN_POINT('',(-1.295309282157,3.970488956244,
    4.095130279997));
#9451 = CARTESIAN_POINT('',(-1.294051178565,3.964381774964,
    4.089673889121));
#9452 = CARTESIAN_POINT('',(-1.292991156195,3.958253530568,
    4.084271144844));
#9453 = CARTESIAN_POINT('',(-1.290237080881,3.938558804803,4.0671399202)
  );
#9454 = CARTESIAN_POINT('',(-1.289317905808,3.924926378397,
    4.055632747324));
#9455 = CARTESIAN_POINT('',(-1.289402424217,3.911258396612,
    4.044447495681));
#9456 = CARTESIAN_POINT('',(-1.29050495165,3.897605647582,4.033626175585
    ));
#9457 = CARTESIAN_POINT('',(-1.292624363495,3.884021857273,
    4.023208895392));
#9458 = CARTESIAN_POINT('',(-1.300912372803,3.848247733946,
    3.996692594065));
#9459 = CARTESIAN_POINT('',(-1.308829831503,3.82626913997,3.981360786961
    ));
#9460 = CARTESIAN_POINT('',(-1.319411438501,3.804888517167,
    3.967412113231));
#9461 = CARTESIAN_POINT('',(-1.332459634946,3.784328809176,
    3.954960447188));
#9462 = CARTESIAN_POINT('',(-1.347709489545,3.764779238076,
    3.944074823967));
#9463 = CARTESIAN_POINT('',(-1.384392963944,3.725502878208,
    3.924244486846));
#9464 = CARTESIAN_POINT('',(-1.406389016775,3.706116499973,
    3.915768597085));
#9465 = CARTESIAN_POINT('',(-1.430465690173,3.688450384509,
    3.909412320462));
#9466 = CARTESIAN_POINT('',(-1.456207501844,3.672673692732,
    3.905183635504));
#9467 = CARTESIAN_POINT('',(-1.483223063959,3.658937274619,
    3.903078259306));
#9468 = CARTESIAN_POINT('',(-1.530064447288,3.639573269609,
    3.903109954158));
#9469 = CARTESIAN_POINT('',(-1.54939472236,3.632760646958,3.904097420248
    ));
#9470 = CARTESIAN_POINT('',(-1.569024728888,3.62700237918,3.906059390035
    ));
#9471 = CARTESIAN_POINT('',(-1.588836370639,3.622349509437,
    3.908996430815));
#9472 = CARTESIAN_POINT('',(-1.608707895227,3.618853955186,
    3.912907705667));
#9473 = CARTESIAN_POINT('',(-1.637966428197,3.615473478998,3.92011853288
    ));
#9474 = CARTESIAN_POINT('',(-1.647404077809,3.614656303058,
    3.922669066716));
#9475 = CARTESIAN_POINT('',(-1.656812495581,3.614119662213,
    3.925439952011));
#9476 = CARTESIAN_POINT('',(-1.666177380312,3.61386874017,3.928430293678
    ));
#9477 = CARTESIAN_POINT('',(-1.675484082556,3.613908366993,
    3.931638789734));
#9478 = CARTESIAN_POINT('',(-1.709693103129,3.615148210344,
    3.944327761038));
#9479 = CARTESIAN_POINT('',(-1.7341413851,3.618212196081,3.955178491347)
  );
#9480 = CARTESIAN_POINT('',(-1.757752685097,3.623521626373,
    3.967576192631));
#9481 = CARTESIAN_POINT('',(-1.780211596061,3.631128463955,
    3.981452606432));
#9482 = CARTESIAN_POINT('',(-1.801226102458,3.641014693265,
    3.996695617595));
#9483 = CARTESIAN_POINT('',(-1.832370394825,3.660416665659,
    4.023180147558));
#9484 = CARTESIAN_POINT('',(-1.843557539717,3.668582867381,
    4.033674618051));
#9485 = CARTESIAN_POINT('',(-1.854064292804,3.677528343834,
    4.044579126032));
#9486 = CARTESIAN_POINT('',(-1.863851038949,3.687215029956,
    4.055852651839));
#9487 = CARTESIAN_POINT('',(-1.872891553203,3.697595772579,
    4.067452231693));
#9488 = CARTESIAN_POINT('',(-1.88485266673,3.713514043611,4.084614679712
    ));
#9489 = CARTESIAN_POINT('',(-1.888383095902,3.718538573603,
    4.089951424593));
#9490 = CARTESIAN_POINT('',(-1.891762458689,3.72368492733,4.0953403203)
  );
#9491 = CARTESIAN_POINT('',(-1.894990163447,3.728948331393,
    4.100777736671));
#9492 = CARTESIAN_POINT('',(-1.898066106576,3.734323918213,4.1062601491)
  );
#9493 = CARTESIAN_POINT('',(-1.900990672513,3.739806726031,
    4.111784138534));
#9494 = PCURVE('',#3524,#9495);
#9495 = DEFINITIONAL_REPRESENTATION('',(#9496),#9544);
#9496 = B_SPLINE_CURVE_WITH_KNOTS('',6,(#9497,#9498,#9499,#9500,#9501,
    #9502,#9503,#9504,#9505,#9506,#9507,#9508,#9509,#9510,#9511,#9512,
    #9513,#9514,#9515,#9516,#9517,#9518,#9519,#9520,#9521,#9522,#9523,
    #9524,#9525,#9526,#9527,#9528,#9529,#9530,#9531,#9532,#9533,#9534,
    #9535,#9536,#9537,#9538,#9539,#9540,#9541,#9542,#9543),
  .UNSPECIFIED.,.F.,.F.,(7,5,5,5,5,5,5,5,5,7),(0.,4.541151420519E-02,
    0.145542360731,0.3115638652,0.500327514142,0.628188286455,
    0.689214383343,0.854282185157,0.9551628569,1.),.UNSPECIFIED.);
#9497 = CARTESIAN_POINT('',(0.868176180766,0.));
#9498 = CARTESIAN_POINT('',(0.868174088279,6.688128432744E-03));
#9499 = CARTESIAN_POINT('',(0.868172443606,1.343588145387E-02));
#9500 = CARTESIAN_POINT('',(0.868171198914,2.024227433277E-02));
#9501 = CARTESIAN_POINT('',(0.868170307927,2.71060926864E-02));
#9502 = CARTESIAN_POINT('',(0.868169725926,3.40258924793E-02));
#9503 = CARTESIAN_POINT('',(0.868168712581,5.637767029933E-02));
#9504 = CARTESIAN_POINT('',(0.868169309032,7.202049097366E-02));
#9505 = CARTESIAN_POINT('',(0.868170738397,8.79083499398E-02));
#9506 = CARTESIAN_POINT('',(0.868172599625,0.104019003746));
#9507 = CARTESIAN_POINT('',(0.868174573676,0.12032704132));
#9508 = CARTESIAN_POINT('',(0.868179550086,0.164120485115));
#9509 = CARTESIAN_POINT('',(0.868182380207,0.191907556332));
#9510 = CARTESIAN_POINT('',(0.868183907956,0.220023062757));
#9511 = CARTESIAN_POINT('',(0.868183952438,0.248356929309));
#9512 = CARTESIAN_POINT('',(0.868182839112,0.27682215637));
#9513 = CARTESIAN_POINT('',(0.868179034479,0.337779205472));
#9514 = CARTESIAN_POINT('',(0.868176142704,0.370292008551));
#9515 = CARTESIAN_POINT('',(0.868173078663,0.402821112995));
#9516 = CARTESIAN_POINT('',(0.868170749924,0.435339371599));
#9517 = CARTESIAN_POINT('',(0.868169591023,0.467840512798));
#9518 = CARTESIAN_POINT('',(0.868169608467,0.522365517003));
#9519 = CARTESIAN_POINT('',(0.868170150948,0.544383030708));
#9520 = CARTESIAN_POINT('',(0.86817123274,0.566404266069));
#9521 = CARTESIAN_POINT('',(0.868172750822,0.588429985343));
#9522 = CARTESIAN_POINT('',(0.868174525476,0.610456739655));
#9523 = CARTESIAN_POINT('',(0.868177191977,0.642986432877));
#9524 = CARTESIAN_POINT('',(0.868178060992,0.65349433365));
#9525 = CARTESIAN_POINT('',(0.868178912264,0.663999216266));
#9526 = CARTESIAN_POINT('',(0.868179720725,0.674499428682));
#9527 = CARTESIAN_POINT('',(0.868180461501,0.684992801668));
#9528 = CARTESIAN_POINT('',(0.868182863773,0.723834116982));
#9529 = CARTESIAN_POINT('',(0.868183949274,0.752131483791));
#9530 = CARTESIAN_POINT('',(0.868183886068,0.780297885915));
#9531 = CARTESIAN_POINT('',(0.868182359062,0.808247563805));
#9532 = CARTESIAN_POINT('',(0.86817954924,0.835872229961));
#9533 = CARTESIAN_POINT('',(0.86817457924,0.879632924229));
#9534 = CARTESIAN_POINT('',(0.868172589192,0.896062351101));
#9535 = CARTESIAN_POINT('',(0.868170713274,0.91229139835));
#9536 = CARTESIAN_POINT('',(0.868169278054,0.928294097942));
#9537 = CARTESIAN_POINT('',(0.868168694463,0.944047755956));
#9538 = CARTESIAN_POINT('',(0.868169763432,0.9664139039));
#9539 = CARTESIAN_POINT('',(0.868170353584,0.973242914189));
#9540 = CARTESIAN_POINT('',(0.868171246577,0.98001730384));
#9541 = CARTESIAN_POINT('',(0.868172485493,0.986735688827));
#9542 = CARTESIAN_POINT('',(0.868174114882,0.993396903384));
#9543 = CARTESIAN_POINT('',(0.868176180766,1.));
#9544 = ( GEOMETRIC_REPRESENTATION_CONTEXT(2) 
PARAMETRIC_REPRESENTATION_CONTEXT() REPRESENTATION_CONTEXT('2D SPACE',''
  ) );
#9545 = PCURVE('',#200,#9546);
#9546 = DEFINITIONAL_REPRESENTATION('',(#9547),#9595);
#9547 = B_SPLINE_CURVE_WITH_KNOTS('',6,(#9548,#9549,#9550,#9551,#9552,
    #9553,#9554,#9555,#9556,#9557,#9558,#9559,#9560,#9561,#9562,#9563,
    #9564,#9565,#9566,#9567,#9568,#9569,#9570,#9571,#9572,#9573,#9574,
    #9575,#9576,#9577,#9578,#9579,#9580,#9581,#9582,#9583,#9584,#9585,
    #9586,#9587,#9588,#9589,#9590,#9591,#9592,#9593,#9594),
  .UNSPECIFIED.,.F.,.F.,(7,5,5,5,5,5,5,5,5,7),(0.,4.541151420519E-02,
    0.145542360731,0.3115638652,0.500327514142,0.628188286455,
    0.689214383343,0.854282185157,0.9551628569,1.),.UNSPECIFIED.);
#9548 = CARTESIAN_POINT('',(-2.904046427026,-0.844021272475));
#9549 = CARTESIAN_POINT('',(-2.904016814907,-0.845354961097));
#9550 = CARTESIAN_POINT('',(-2.903942216276,-0.84668088294));
#9551 = CARTESIAN_POINT('',(-2.90382168289,-0.847998143046));
#9552 = CARTESIAN_POINT('',(-2.903654385508,-0.849305809169));
#9553 = CARTESIAN_POINT('',(-2.903439613897,-0.850602911775));
#9554 = CARTESIAN_POINT('',(-2.90259723001,-0.854722999013));
#9555 = CARTESIAN_POINT('',(-2.901783979527,-0.857501509123));
#9556 = CARTESIAN_POINT('',(-2.900730863006,-0.860212841376));
#9557 = CARTESIAN_POINT('',(-2.899435230495,-0.862845838108));
#9558 = CARTESIAN_POINT('',(-2.897898625432,-0.865389576456));
#9559 = CARTESIAN_POINT('',(-2.893190801959,-0.871885976364));
#9560 = CARTESIAN_POINT('',(-2.889608388529,-0.875665486796));
#9561 = CARTESIAN_POINT('',(-2.885409555321,-0.879123576053));
#9562 = CARTESIAN_POINT('',(-2.880653849681,-0.882225460172));
#9563 = CARTESIAN_POINT('',(-2.875420429462,-0.884947550585));
#9564 = CARTESIAN_POINT('',(-2.863404230429,-0.889920950987));
#9565 = CARTESIAN_POINT('',(-2.856506780531,-0.892057001018));
#9566 = CARTESIAN_POINT('',(-2.849226769697,-0.893664339846));
#9567 = CARTESIAN_POINT('',(-2.841695686293,-0.894735429261));
#9568 = CARTESIAN_POINT('',(-2.834042166274,-0.895268701802));
#9569 = CARTESIAN_POINT('',(-2.821203888523,-0.895260673812));
#9570 = CARTESIAN_POINT('',(-2.816020148746,-0.895010559706));
#9571 = CARTESIAN_POINT('',(-2.810875471537,-0.894513613686));
#9572 = CARTESIAN_POINT('',(-2.805809386929,-0.893770276936));
#9573 = CARTESIAN_POINT('',(-2.800861709827,-0.892781899979));
#9574 = CARTESIAN_POINT('',(-2.793785472644,-0.890963880236));
#9575 = CARTESIAN_POINT('',(-2.791535230179,-0.890321342521));
#9576 = CARTESIAN_POINT('',(-2.78932530643,-0.889623943309));
#9577 = CARTESIAN_POINT('',(-2.787160009631,-0.888872113496));
#9578 = CARTESIAN_POINT('',(-2.78504360553,-0.888066409554));
#9579 = CARTESIAN_POINT('',(-2.777399386358,-0.884884309424));
#9580 = CARTESIAN_POINT('',(-2.772205137316,-0.88217116525));
#9581 = CARTESIAN_POINT('',(-2.767484100673,-0.879082944063));
#9582 = CARTESIAN_POINT('',(-2.763313898541,-0.875642929679));
#9583 = CARTESIAN_POINT('',(-2.759752944222,-0.871885351362));
#9584 = CARTESIAN_POINT('',(-2.755043880046,-0.865396549392));
#9585 = CARTESIAN_POINT('',(-2.753495623596,-0.862833946634));
#9586 = CARTESIAN_POINT('',(-2.752191961375,-0.860180763045));
#9587 = CARTESIAN_POINT('',(-2.751134455688,-0.857448168982));
#9588 = CARTESIAN_POINT('',(-2.750320351956,-0.854647572844));
#9589 = CARTESIAN_POINT('',(-2.749486808555,-0.850520438917));
#9590 = CARTESIAN_POINT('',(-2.749277150719,-0.849239297942));
#9591 = CARTESIAN_POINT('',(-2.749113741158,-0.847947896387));
#9592 = CARTESIAN_POINT('',(-2.748995893228,-0.846647166455));
#9593 = CARTESIAN_POINT('',(-2.748922807526,-0.845338004789));
#9594 = CARTESIAN_POINT('',(-2.748893571891,-0.844021272475));
#9595 = ( GEOMETRIC_REPRESENTATION_CONTEXT(2) 
PARAMETRIC_REPRESENTATION_CONTEXT() REPRESENTATION_CONTEXT('2D SPACE',''
  ) );
#9596 = ORIENTED_EDGE('',*,*,#9597,.F.);
#9597 = EDGE_CURVE('',#3399,#9443,#9598,.T.);
#9598 = SURFACE_CURVE('',#9599,(#9602,#9609),.PCURVE_S1.);
#9599 = B_SPLINE_CURVE_WITH_KNOTS('',1,(#9600,#9601),.UNSPECIFIED.,.F.,
  .F.,(2,2),(0.,1.),.PIECEWISE_BEZIER_KNOTS.);
#9600 = CARTESIAN_POINT('',(-4.140555765887,8.145688733075,
    -1.446944832201));
#9601 = CARTESIAN_POINT('',(-1.560935243013,3.070817866247,
    4.955821212164));
#9602 = PCURVE('',#3524,#9603);
#9603 = DEFINITIONAL_REPRESENTATION('',(#9604),#9608);
#9604 = LINE('',#9605,#9606);
#9605 = CARTESIAN_POINT('',(0.,1.));
#9606 = VECTOR('',#9607,1.);
#9607 = DIRECTION('',(1.,0.));
#9608 = ( GEOMETRIC_REPRESENTATION_CONTEXT(2) 
PARAMETRIC_REPRESENTATION_CONTEXT() REPRESENTATION_CONTEXT('2D SPACE',''
  ) );
#9609 = PCURVE('',#3639,#9610);
#9610 = DEFINITIONAL_REPRESENTATION('',(#9611),#9615);
#9611 = LINE('',#9612,#9613);
#9612 = CARTESIAN_POINT('',(0.,0.));
#9613 = VECTOR('',#9614,1.);
#9614 = DIRECTION('',(1.,0.));
#9615 = ( GEOMETRIC_REPRESENTATION_CONTEXT(2) 
PARAMETRIC_REPRESENTATION_CONTEXT() REPRESENTATION_CONTEXT('2D SPACE',''
  ) );
#9616 = ADVANCED_FACE('',(#9617),#3639,.F.);
#9617 = FACE_BOUND('',#9618,.F.);
#9618 = EDGE_LOOP('',(#9619,#9641,#9642,#9643));
#9619 = ORIENTED_EDGE('',*,*,#9620,.F.);
#9620 = EDGE_CURVE('',#3596,#9621,#9623,.T.);
#9621 = VERTEX_POINT('',#9622);
#9622 = CARTESIAN_POINT('',(-2.521140212975,4.131756697851,4.77609800971
    ));
#9623 = SURFACE_CURVE('',#9624,(#9627,#9634),.PCURVE_S1.);
#9624 = B_SPLINE_CURVE_WITH_KNOTS('',1,(#9625,#9626),.UNSPECIFIED.,.F.,
  .F.,(2,2),(0.,1.),.PIECEWISE_BEZIER_KNOTS.);
#9625 = CARTESIAN_POINT('',(-5.491306083917,8.999396612458,0.));
#9626 = CARTESIAN_POINT('',(-2.070150405214,3.392654545068,
    5.501300445142));
#9627 = PCURVE('',#3639,#9628);
#9628 = DEFINITIONAL_REPRESENTATION('',(#9629),#9633);
#9629 = LINE('',#9630,#9631);
#9630 = CARTESIAN_POINT('',(0.,1.));
#9631 = VECTOR('',#9632,1.);
#9632 = DIRECTION('',(1.,0.));
#9633 = ( GEOMETRIC_REPRESENTATION_CONTEXT(2) 
PARAMETRIC_REPRESENTATION_CONTEXT() REPRESENTATION_CONTEXT('2D SPACE',''
  ) );
#9634 = PCURVE('',#3689,#9635);
#9635 = DEFINITIONAL_REPRESENTATION('',(#9636),#9640);
#9636 = LINE('',#9637,#9638);
#9637 = CARTESIAN_POINT('',(0.,0.));
#9638 = VECTOR('',#9639,1.);
#9639 = DIRECTION('',(1.,0.));
#9640 = ( GEOMETRIC_REPRESENTATION_CONTEXT(2) 
PARAMETRIC_REPRESENTATION_CONTEXT() REPRESENTATION_CONTEXT('2D SPACE',''
  ) );
#9641 = ORIENTED_EDGE('',*,*,#3595,.F.);
#9642 = ORIENTED_EDGE('',*,*,#9597,.T.);
#9643 = ORIENTED_EDGE('',*,*,#9644,.T.);
#9644 = EDGE_CURVE('',#9443,#9621,#9645,.T.);
#9645 = SURFACE_CURVE('',#9646,(#9661,#9679),.PCURVE_S1.);
#9646 = B_SPLINE_CURVE_WITH_KNOTS('',7,(#9647,#9648,#9649,#9650,#9651,
    #9652,#9653,#9654,#9655,#9656,#9657,#9658,#9659,#9660),
  .UNSPECIFIED.,.F.,.F.,(8,6,8),(0.,0.850488675222,1.),.UNSPECIFIED.);
#9647 = CARTESIAN_POINT('',(-1.900990672513,3.739806726031,
    4.111784138534));
#9648 = CARTESIAN_POINT('',(-1.953562797657,3.81467192084,4.192303608628
    ));
#9649 = CARTESIAN_POINT('',(-2.016520527088,3.880244981037,
    4.273314982718));
#9650 = CARTESIAN_POINT('',(-2.087894729045,3.936971679939,
    4.354277797538));
#9651 = CARTESIAN_POINT('',(-2.165402504627,3.985784989843,
    4.435014622612));
#9652 = CARTESIAN_POINT('',(-2.246998934742,4.027746095252,
    4.515535026349));
#9653 = CARTESIAN_POINT('',(-2.331028024366,4.063960549575,
    4.595981921851));
#9654 = CARTESIAN_POINT('',(-2.431057465122,4.101157791947,
    4.690848280641));
#9655 = CARTESIAN_POINT('',(-2.446043222289,4.106576957114,
    4.705037214133));
#9656 = CARTESIAN_POINT('',(-2.46105099382,4.111860031549,4.719232517381
    ));
#9657 = CARTESIAN_POINT('',(-2.476072632871,4.117013231598,4.7334352204)
  );
#9658 = CARTESIAN_POINT('',(-2.491100054349,4.122042836872,
    4.747646351968));
#9659 = CARTESIAN_POINT('',(-2.506125234913,4.126955190244,
    4.761866939633));
#9660 = CARTESIAN_POINT('',(-2.521140212975,4.131756697851,4.77609800971
    ));
#9661 = PCURVE('',#3639,#9662);
#9662 = DEFINITIONAL_REPRESENTATION('',(#9663),#9678);
#9663 = B_SPLINE_CURVE_WITH_KNOTS('',7,(#9664,#9665,#9666,#9667,#9668,
    #9669,#9670,#9671,#9672,#9673,#9674,#9675,#9676,#9677),
  .UNSPECIFIED.,.F.,.F.,(8,6,8),(0.,0.850488675222,1.),.UNSPECIFIED.);
#9664 = CARTESIAN_POINT('',(0.868176180766,0.));
#9665 = CARTESIAN_POINT('',(0.86817949558,0.121319392529));
#9666 = CARTESIAN_POINT('',(0.868182887861,0.243256139076));
#9667 = CARTESIAN_POINT('',(0.868175989237,0.365136110203));
#9668 = CARTESIAN_POINT('',(0.868168348892,0.486634326932));
#9669 = CARTESIAN_POINT('',(0.868169537288,0.607730116613));
#9670 = CARTESIAN_POINT('',(0.868178832592,0.728696900969));
#9671 = CARTESIAN_POINT('',(0.868181617035,0.871521283756));
#9672 = CARTESIAN_POINT('',(0.868181817794,0.892887786505));
#9673 = CARTESIAN_POINT('',(0.868181721623,0.914269390174));
#9674 = CARTESIAN_POINT('',(0.86818123116,0.935668669011));
#9675 = CARTESIAN_POINT('',(0.868180233068,0.957088310664));
#9676 = CARTESIAN_POINT('',(0.868178598033,0.978531116179));
#9677 = CARTESIAN_POINT('',(0.868176180766,1.));
#9678 = ( GEOMETRIC_REPRESENTATION_CONTEXT(2) 
PARAMETRIC_REPRESENTATION_CONTEXT() REPRESENTATION_CONTEXT('2D SPACE',''
  ) );
#9679 = PCURVE('',#200,#9680);
#9680 = DEFINITIONAL_REPRESENTATION('',(#9681),#9696);
#9681 = B_SPLINE_CURVE_WITH_KNOTS('',7,(#9682,#9683,#9684,#9685,#9686,
    #9687,#9688,#9689,#9690,#9691,#9692,#9693,#9694,#9695),
  .UNSPECIFIED.,.F.,.F.,(8,6,8),(0.,0.850488675222,1.),.UNSPECIFIED.);
#9682 = CARTESIAN_POINT('',(-2.748893571891,-0.844021272475));
#9683 = CARTESIAN_POINT('',(-2.74580881068,-0.824828153182));
#9684 = CARTESIAN_POINT('',(-2.739668845566,-0.806001162938));
#9685 = CARTESIAN_POINT('',(-2.731206963352,-0.787624248781));
#9686 = CARTESIAN_POINT('',(-2.721127087685,-0.769685293161));
#9687 = CARTESIAN_POINT('',(-2.709984691578,-0.752142172231));
#9688 = CARTESIAN_POINT('',(-2.698218285377,-0.734930932625));
#9689 = CARTESIAN_POINT('',(-2.684074664794,-0.714980700849));
#9690 = CARTESIAN_POINT('',(-2.681952216361,-0.712005858878));
#9691 = CARTESIAN_POINT('',(-2.679824008711,-0.709038613874));
#9692 = CARTESIAN_POINT('',(-2.677692064111,-0.706078626338));
#9693 = CARTESIAN_POINT('',(-2.675558369326,-0.703125563919));
#9694 = CARTESIAN_POINT('',(-2.673424875621,-0.700179101413));
#9695 = CARTESIAN_POINT('',(-2.671293498759,-0.697238920763));
#9696 = ( GEOMETRIC_REPRESENTATION_CONTEXT(2) 
PARAMETRIC_REPRESENTATION_CONTEXT() REPRESENTATION_CONTEXT('2D SPACE',''
  ) );
#9697 = ADVANCED_FACE('',(#9698),#3689,.F.);
#9698 = FACE_BOUND('',#9699,.F.);
#9699 = EDGE_LOOP('',(#9700,#9701,#9702,#9732));
#9700 = ORIENTED_EDGE('',*,*,#3669,.F.);
#9701 = ORIENTED_EDGE('',*,*,#9620,.T.);
#9702 = ORIENTED_EDGE('',*,*,#9703,.T.);
#9703 = EDGE_CURVE('',#9621,#9704,#9706,.T.);
#9704 = VERTEX_POINT('',#9705);
#9705 = CARTESIAN_POINT('',(-2.852446856286,3.91038467619,4.77609800971)
  );
#9706 = SURFACE_CURVE('',#9707,(#9713,#9722),.PCURVE_S1.);
#9707 = B_SPLINE_CURVE_WITH_KNOTS('',4,(#9708,#9709,#9710,#9711,#9712),
  .UNSPECIFIED.,.F.,.F.,(5,5),(0.,1.),.PIECEWISE_BEZIER_KNOTS.);
#9708 = CARTESIAN_POINT('',(-2.521140212975,4.131756697851,4.77609800971
    ));
#9709 = CARTESIAN_POINT('',(-2.606198980906,4.079855607369,4.77609800971
    ));
#9710 = CARTESIAN_POINT('',(-2.689832089033,4.025618205049,4.77609800971
    ));
#9711 = CARTESIAN_POINT('',(-2.77194591981,3.969107043493,4.77609800971)
  );
#9712 = CARTESIAN_POINT('',(-2.852446856286,3.91038467619,4.77609800971)
  );
#9713 = PCURVE('',#3689,#9714);
#9714 = DEFINITIONAL_REPRESENTATION('',(#9715),#9721);
#9715 = B_SPLINE_CURVE_WITH_KNOTS('',4,(#9716,#9717,#9718,#9719,#9720),
  .UNSPECIFIED.,.F.,.F.,(5,5),(0.,1.),.PIECEWISE_BEZIER_KNOTS.);
#9716 = CARTESIAN_POINT('',(0.868176180766,0.));
#9717 = CARTESIAN_POINT('',(0.868176180766,0.24999999594));
#9718 = CARTESIAN_POINT('',(0.868176180766,0.5));
#9719 = CARTESIAN_POINT('',(0.868176180766,0.75000000406));
#9720 = CARTESIAN_POINT('',(0.868176180766,1.));
#9721 = ( GEOMETRIC_REPRESENTATION_CONTEXT(2) 
PARAMETRIC_REPRESENTATION_CONTEXT() REPRESENTATION_CONTEXT('2D SPACE',''
  ) );
#9722 = PCURVE('',#200,#9723);
#9723 = DEFINITIONAL_REPRESENTATION('',(#9724),#9731);
#9724 = B_SPLINE_CURVE_WITH_KNOTS('',5,(#9725,#9726,#9727,#9728,#9729,
    #9730),.UNSPECIFIED.,.F.,.F.,(6,6),(0.,1.),
  .PIECEWISE_BEZIER_KNOTS.);
#9725 = CARTESIAN_POINT('',(-2.671293498759,-0.697238920763));
#9726 = CARTESIAN_POINT('',(-2.654824279363,-0.697238880386));
#9727 = CARTESIAN_POINT('',(-2.638355071278,-0.69723895441));
#9728 = CARTESIAN_POINT('',(-2.621885845941,-0.69723895441));
#9729 = CARTESIAN_POINT('',(-2.605416637855,-0.697238880386));
#9730 = CARTESIAN_POINT('',(-2.588947418459,-0.697238920763));
#9731 = ( GEOMETRIC_REPRESENTATION_CONTEXT(2) 
PARAMETRIC_REPRESENTATION_CONTEXT() REPRESENTATION_CONTEXT('2D SPACE',''
  ) );
#9732 = ORIENTED_EDGE('',*,*,#9733,.F.);
#9733 = EDGE_CURVE('',#3670,#9704,#9734,.T.);
#9734 = SURFACE_CURVE('',#9735,(#9738,#9745),.PCURVE_S1.);
#9735 = B_SPLINE_CURVE_WITH_KNOTS('',1,(#9736,#9737),.UNSPECIFIED.,.F.,
  .F.,(2,2),(0.,1.),.PIECEWISE_BEZIER_KNOTS.);
#9736 = CARTESIAN_POINT('',(-6.212926474841,8.517225282556,0.));
#9737 = CARTESIAN_POINT('',(-2.34219183249,3.210882274733,5.501300445142
    ));
#9738 = PCURVE('',#3689,#9739);
#9739 = DEFINITIONAL_REPRESENTATION('',(#9740),#9744);
#9740 = LINE('',#9741,#9742);
#9741 = CARTESIAN_POINT('',(0.,1.));
#9742 = VECTOR('',#9743,1.);
#9743 = DIRECTION('',(1.,0.));
#9744 = ( GEOMETRIC_REPRESENTATION_CONTEXT(2) 
PARAMETRIC_REPRESENTATION_CONTEXT() REPRESENTATION_CONTEXT('2D SPACE',''
  ) );
#9745 = PCURVE('',#3741,#9746);
#9746 = DEFINITIONAL_REPRESENTATION('',(#9747),#9751);
#9747 = LINE('',#9748,#9749);
#9748 = CARTESIAN_POINT('',(0.,0.));
#9749 = VECTOR('',#9750,1.);
#9750 = DIRECTION('',(1.,0.));
#9751 = ( GEOMETRIC_REPRESENTATION_CONTEXT(2) 
PARAMETRIC_REPRESENTATION_CONTEXT() REPRESENTATION_CONTEXT('2D SPACE',''
  ) );
#9752 = ADVANCED_FACE('',(#9753),#3741,.F.);
#9753 = FACE_BOUND('',#9754,.F.);
#9754 = EDGE_LOOP('',(#9755,#9756,#9757,#9807));
#9755 = ORIENTED_EDGE('',*,*,#3707,.F.);
#9756 = ORIENTED_EDGE('',*,*,#9733,.T.);
#9757 = ORIENTED_EDGE('',*,*,#9758,.T.);
#9758 = EDGE_CURVE('',#9704,#9759,#9761,.T.);
#9759 = VERTEX_POINT('',#9760);
#9760 = CARTESIAN_POINT('',(-2.727653254277,3.187448448129,
    4.111784138534));
#9761 = SURFACE_CURVE('',#9762,(#9775,#9791),.PCURVE_S1.);
#9762 = B_SPLINE_CURVE_WITH_KNOTS('',6,(#9763,#9764,#9765,#9766,#9767,
    #9768,#9769,#9770,#9771,#9772,#9773,#9774),.UNSPECIFIED.,.F.,.F.,(7,
    5,7),(0.,0.745763125665,1.),.UNSPECIFIED.);
#9763 = CARTESIAN_POINT('',(-2.852446856286,3.91038467619,4.77609800971)
  );
#9764 = CARTESIAN_POINT('',(-2.860069655085,3.818970075797,
    4.693286427472));
#9765 = CARTESIAN_POINT('',(-2.864257062138,3.72580792833,4.610893183083
    ));
#9766 = CARTESIAN_POINT('',(-2.863075096961,3.631853042469,4.52858519209
    ));
#9767 = CARTESIAN_POINT('',(-2.854659300682,3.538272116378,
    4.446177623195));
#9768 = CARTESIAN_POINT('',(-2.836939018883,3.446673266227,
    4.363549916737));
#9769 = CARTESIAN_POINT('',(-2.798072551946,3.328905668791,
    4.252610978523));
#9770 = CARTESIAN_POINT('',(-2.786884302394,3.29941006153,4.224400317021
    ));
#9771 = CARTESIAN_POINT('',(-2.774314410082,3.270435118712,
    4.196193098588));
#9772 = CARTESIAN_POINT('',(-2.76029191222,3.242061584726,4.168004873232
    ));
#9773 = CARTESIAN_POINT('',(-2.744754466866,3.214372214941,
    4.139858316141));
#9774 = CARTESIAN_POINT('',(-2.727653254277,3.187448448129,
    4.111784138534));
#9775 = PCURVE('',#3741,#9776);
#9776 = DEFINITIONAL_REPRESENTATION('',(#9777),#9790);
#9777 = B_SPLINE_CURVE_WITH_KNOTS('',6,(#9778,#9779,#9780,#9781,#9782,
    #9783,#9784,#9785,#9786,#9787,#9788,#9789),.UNSPECIFIED.,.F.,.F.,(7,
    5,7),(0.,0.745763125665,1.),.UNSPECIFIED.);
#9778 = CARTESIAN_POINT('',(0.868176180766,0.));
#9779 = CARTESIAN_POINT('',(0.868190247011,0.124928921609));
#9780 = CARTESIAN_POINT('',(0.868177102045,0.248869775414));
#9781 = CARTESIAN_POINT('',(0.868168239931,0.372619516047));
#9782 = CARTESIAN_POINT('',(0.868171177293,0.496589277196));
#9783 = CARTESIAN_POINT('',(0.868176084743,0.620926776099));
#9784 = CARTESIAN_POINT('',(0.868178901351,0.787920944141));
#9785 = CARTESIAN_POINT('',(0.868179296179,0.830390632221));
#9786 = CARTESIAN_POINT('',(0.868179193197,0.87286019402));
#9787 = CARTESIAN_POINT('',(0.868178498829,0.91530716892));
#9788 = CARTESIAN_POINT('',(0.86817733652,0.957700390116));
#9789 = CARTESIAN_POINT('',(0.868176180766,1.));
#9790 = ( GEOMETRIC_REPRESENTATION_CONTEXT(2) 
PARAMETRIC_REPRESENTATION_CONTEXT() REPRESENTATION_CONTEXT('2D SPACE',''
  ) );
#9791 = PCURVE('',#200,#9792);
#9792 = DEFINITIONAL_REPRESENTATION('',(#9793),#9806);
#9793 = B_SPLINE_CURVE_WITH_KNOTS('',6,(#9794,#9795,#9796,#9797,#9798,
    #9799,#9800,#9801,#9802,#9803,#9804,#9805),.UNSPECIFIED.,.F.,.F.,(7,
    5,7),(0.,0.745763125665,1.),.UNSPECIFIED.);
#9794 = CARTESIAN_POINT('',(-2.588947418459,-0.697238920763));
#9795 = CARTESIAN_POINT('',(-2.576544788908,-0.714348035561));
#9796 = CARTESIAN_POINT('',(-2.564076209157,-0.731664885885));
#9797 = CARTESIAN_POINT('',(-2.551943940892,-0.749281015702));
#9798 = CARTESIAN_POINT('',(-2.54060098426,-0.767267576303));
#9799 = CARTESIAN_POINT('',(-2.530653822362,-0.785695794538));
#9800 = CARTESIAN_POINT('',(-2.520211647129,-0.811036173776));
#9801 = CARTESIAN_POINT('',(-2.517808483795,-0.817531737025));
#9802 = CARTESIAN_POINT('',(-2.515687343492,-0.824080342485));
#9803 = CARTESIAN_POINT('',(-2.513880869722,-0.830680591726));
#9804 = CARTESIAN_POINT('',(-2.5124228881,-0.837329337726));
#9805 = CARTESIAN_POINT('',(-2.511347345328,-0.844021272475));
#9806 = ( GEOMETRIC_REPRESENTATION_CONTEXT(2) 
PARAMETRIC_REPRESENTATION_CONTEXT() REPRESENTATION_CONTEXT('2D SPACE',''
  ) );
#9807 = ORIENTED_EDGE('',*,*,#9808,.F.);
#9808 = EDGE_CURVE('',#3708,#9759,#9809,.T.);
#9809 = SURFACE_CURVE('',#9810,(#9813,#9820),.PCURVE_S1.);
#9810 = B_SPLINE_CURVE_WITH_KNOTS('',1,(#9811,#9812),.UNSPECIFIED.,.F.,
  .F.,(2,2),(0.,1.),.PIECEWISE_BEZIER_KNOTS.);
#9811 = CARTESIAN_POINT('',(-5.941113006308,6.942594848675,
    -1.446944832201));
#9812 = CARTESIAN_POINT('',(-2.239721718199,2.617267243819,
    4.955821212164));
#9813 = PCURVE('',#3741,#9814);
#9814 = DEFINITIONAL_REPRESENTATION('',(#9815),#9819);
#9815 = LINE('',#9816,#9817);
#9816 = CARTESIAN_POINT('',(0.,1.));
#9817 = VECTOR('',#9818,1.);
#9818 = DIRECTION('',(1.,0.));
#9819 = ( GEOMETRIC_REPRESENTATION_CONTEXT(2) 
PARAMETRIC_REPRESENTATION_CONTEXT() REPRESENTATION_CONTEXT('2D SPACE',''
  ) );
#9820 = PCURVE('',#3892,#9821);
#9821 = DEFINITIONAL_REPRESENTATION('',(#9822),#9826);
#9822 = LINE('',#9823,#9824);
#9823 = CARTESIAN_POINT('',(0.,0.));
#9824 = VECTOR('',#9825,1.);
#9825 = DIRECTION('',(1.,0.));
#9826 = ( GEOMETRIC_REPRESENTATION_CONTEXT(2) 
PARAMETRIC_REPRESENTATION_CONTEXT() REPRESENTATION_CONTEXT('2D SPACE',''
  ) );
#9827 = ADVANCED_FACE('',(#9828),#3892,.F.);
#9828 = FACE_BOUND('',#9829,.F.);
#9829 = EDGE_LOOP('',(#9830,#9831,#9832,#9987));
#9830 = ORIENTED_EDGE('',*,*,#3766,.F.);
#9831 = ORIENTED_EDGE('',*,*,#9808,.T.);
#9832 = ORIENTED_EDGE('',*,*,#9833,.T.);
#9833 = EDGE_CURVE('',#9759,#9834,#9836,.T.);
#9834 = VERTEX_POINT('',#9835);
#9835 = CARTESIAN_POINT('',(-3.187448448129,2.727653254277,
    4.111784138534));
#9836 = SURFACE_CURVE('',#9837,(#9885,#9936),.PCURVE_S1.);
#9837 = B_SPLINE_CURVE_WITH_KNOTS('',6,(#9838,#9839,#9840,#9841,#9842,
    #9843,#9844,#9845,#9846,#9847,#9848,#9849,#9850,#9851,#9852,#9853,
    #9854,#9855,#9856,#9857,#9858,#9859,#9860,#9861,#9862,#9863,#9864,
    #9865,#9866,#9867,#9868,#9869,#9870,#9871,#9872,#9873,#9874,#9875,
    #9876,#9877,#9878,#9879,#9880,#9881,#9882,#9883,#9884),
  .UNSPECIFIED.,.F.,.F.,(7,5,5,5,5,5,5,5,5,7),(0.,4.541151420712E-02,
    0.145542360874,0.311563863486,0.50032751244,0.628188310975,
    0.689214407926,0.854282256233,0.955163074891,1.),.UNSPECIFIED.);
#9838 = CARTESIAN_POINT('',(-2.727653254277,3.187448448129,
    4.111784138534));
#9839 = CARTESIAN_POINT('',(-2.723656164916,3.182586507857,
    4.106189013558));
#9840 = CARTESIAN_POINT('',(-2.719820132874,3.177623183412,
    4.100636542847));
#9841 = CARTESIAN_POINT('',(-2.716150075999,3.172560078666,
    4.095130279997));
#9842 = CARTESIAN_POINT('',(-2.712650622747,3.167399234281,
    4.089673889121));
#9843 = CARTESIAN_POINT('',(-2.709326112176,3.162143127712,
    4.084271144844));
#9844 = CARTESIAN_POINT('',(-2.699244833098,3.145001512657,
    4.067139920184));
#9845 = CARTESIAN_POINT('',(-2.693178722325,3.132758545977,
    4.055632747292));
#9846 = CARTESIAN_POINT('',(-2.688026296966,3.120098633541,
    4.044447495635));
#9847 = CARTESIAN_POINT('',(-2.683820218633,3.107063219148,
    4.033626175526));
#9848 = CARTESIAN_POINT('',(-2.680580008358,3.093702369488,
    4.023208895321));
#9849 = CARTESIAN_POINT('',(-2.674546966276,3.057479705535,
    3.996692594174));
#9850 = CARTESIAN_POINT('',(-2.67345090053,3.034144252404,3.981360787234
    ));
#9851 = CARTESIAN_POINT('',(-2.675045020469,3.010341727194,
    3.967412113636));
#9852 = CARTESIAN_POINT('',(-2.679232122354,2.98635370546,3.954960447688
    ));
#9853 = CARTESIAN_POINT('',(-2.685839853749,2.962456390416,
    3.944074824526));
#9854 = CARTESIAN_POINT('',(-2.704700552377,2.912131607754,3.92424448733
    ));
#9855 = CARTESIAN_POINT('',(-2.717603409499,2.885803404663,
    3.915768597472));
#9856 = CARTESIAN_POINT('',(-2.733086825451,2.860268298106,
    3.909412320752));
#9857 = CARTESIAN_POINT('',(-2.750831679726,2.83584157058,3.905183635697
    ));
#9858 = CARTESIAN_POINT('',(-2.770534104904,2.812812366931,
    3.903078259402));
#9859 = CARTESIAN_POINT('',(-2.806399619177,2.776996934592,
    3.903109954094));
#9860 = CARTESIAN_POINT('',(-2.821651390092,2.763305513243,
    3.904097420521));
#9861 = CARTESIAN_POINT('',(-2.837583561173,2.750473486883,
    3.906059391043));
#9862 = CARTESIAN_POINT('',(-2.854106559042,2.738593206777,3.90899643296
    ));
#9863 = CARTESIAN_POINT('',(-2.871127767057,2.727759231079,
    3.912907709347));
#9864 = CARTESIAN_POINT('',(-2.896865478735,2.713439322118,
    3.920118538936));
#9865 = CARTESIAN_POINT('',(-2.905272010527,2.70907271838,3.922669073216
    ));
#9866 = CARTESIAN_POINT('',(-2.913758891736,2.704976481832,
    3.925439958956));
#9867 = CARTESIAN_POINT('',(-2.922314893492,2.701160874428,
    3.928430301066));
#9868 = CARTESIAN_POINT('',(-2.930928329859,2.697635964666,
    3.931638797563));
#9869 = CARTESIAN_POINT('',(-2.963007818245,2.685690204931,
    3.944327773093));
#9870 = CARTESIAN_POINT('',(-2.986767629041,2.679165006709,
    3.955178508065));
#9871 = CARTESIAN_POINT('',(-3.010613463569,2.675034629402,
    3.967576214839));
#9872 = CARTESIAN_POINT('',(-3.034273808733,2.673467781477,
    3.981452634865));
#9873 = CARTESIAN_POINT('',(-3.057471982868,2.67455956823,3.996695652847
    ));
#9874 = CARTESIAN_POINT('',(-3.093670394339,2.680566262227,
    4.023180206229));
#9875 = CARTESIAN_POINT('',(-3.10713105673,2.683829723495,4.033674694133
    ));
#9876 = CARTESIAN_POINT('',(-3.120261333384,2.688073518213,
    4.044579220549));
#9877 = CARTESIAN_POINT('',(-3.133010057624,2.693277638762,
    4.055852765623));
#9878 = CARTESIAN_POINT('',(-3.145334955886,2.699408556937,
    4.067452365385));
#9879 = CARTESIAN_POINT('',(-3.16247722697,2.709537810582,4.084614809446
    ));
#9880 = CARTESIAN_POINT('',(-3.167661695592,2.712828821561,
    4.089951529395));
#9881 = CARTESIAN_POINT('',(-3.172753217867,2.716290191882,
    4.095340399609));
#9882 = CARTESIAN_POINT('',(-3.177749420526,2.719917737967,
    4.100777789981));
#9883 = CARTESIAN_POINT('',(-3.182648345141,2.72370700247,4.106260175957
    ));
#9884 = CARTESIAN_POINT('',(-3.187448448129,2.727653254277,
    4.111784138534));
#9885 = PCURVE('',#3892,#9886);
#9886 = DEFINITIONAL_REPRESENTATION('',(#9887),#9935);
#9887 = B_SPLINE_CURVE_WITH_KNOTS('',6,(#9888,#9889,#9890,#9891,#9892,
    #9893,#9894,#9895,#9896,#9897,#9898,#9899,#9900,#9901,#9902,#9903,
    #9904,#9905,#9906,#9907,#9908,#9909,#9910,#9911,#9912,#9913,#9914,
    #9915,#9916,#9917,#9918,#9919,#9920,#9921,#9922,#9923,#9924,#9925,
    #9926,#9927,#9928,#9929,#9930,#9931,#9932,#9933,#9934),
  .UNSPECIFIED.,.F.,.F.,(7,5,5,5,5,5,5,5,5,7),(0.,4.541151420712E-02,
    0.145542360874,0.311563863486,0.50032751244,0.628188310975,
    0.689214407926,0.854282256233,0.955163074891,1.),.UNSPECIFIED.);
#9888 = CARTESIAN_POINT('',(0.868176180766,0.));
#9889 = CARTESIAN_POINT('',(0.868174088279,6.688128432745E-03));
#9890 = CARTESIAN_POINT('',(0.868172443606,1.343588145387E-02));
#9891 = CARTESIAN_POINT('',(0.868171198914,2.024227433277E-02));
#9892 = CARTESIAN_POINT('',(0.868170307927,2.71060926864E-02));
#9893 = CARTESIAN_POINT('',(0.868169725926,3.40258924793E-02));
#9894 = CARTESIAN_POINT('',(0.868168712581,5.637767032033E-02));
#9895 = CARTESIAN_POINT('',(0.868169309032,7.20204910164E-02));
#9896 = CARTESIAN_POINT('',(0.868170738397,8.790835000491E-02));
#9897 = CARTESIAN_POINT('',(0.868172599625,0.104019003834));
#9898 = CARTESIAN_POINT('',(0.868174573676,0.120327041431));
#9899 = CARTESIAN_POINT('',(0.868179550086,0.164120484946));
#9900 = CARTESIAN_POINT('',(0.868182380207,0.191907555847));
#9901 = CARTESIAN_POINT('',(0.868183907956,0.22002306195));
#9902 = CARTESIAN_POINT('',(0.868183952438,0.248356928177));
#9903 = CARTESIAN_POINT('',(0.868182839112,0.276822154913));
#9904 = CARTESIAN_POINT('',(0.868179034479,0.337779203687));
#9905 = CARTESIAN_POINT('',(0.868176142704,0.370292006766));
#9906 = CARTESIAN_POINT('',(0.868173078663,0.402821111211));
#9907 = CARTESIAN_POINT('',(0.868170749924,0.435339369817));
#9908 = CARTESIAN_POINT('',(0.868169591023,0.467840511017));
#9909 = CARTESIAN_POINT('',(0.868169608466,0.522365519737));
#9910 = CARTESIAN_POINT('',(0.868170150948,0.544383037956));
#9911 = CARTESIAN_POINT('',(0.86817123274,0.566404277833));
#9912 = CARTESIAN_POINT('',(0.868172750823,0.588430001627));
#9913 = CARTESIAN_POINT('',(0.868174525478,0.610456760456));
#9914 = CARTESIAN_POINT('',(0.868177191979,0.642986458192));
#9915 = CARTESIAN_POINT('',(0.868178060994,0.65349435897));
#9916 = CARTESIAN_POINT('',(0.868178912266,0.663999241588));
#9917 = CARTESIAN_POINT('',(0.868179720727,0.674499454004));
#9918 = CARTESIAN_POINT('',(0.868180461503,0.684992826985));
#9919 = CARTESIAN_POINT('',(0.868182863774,0.723834150225));
#9920 = CARTESIAN_POINT('',(0.868183949275,0.752131524914));
#9921 = CARTESIAN_POINT('',(0.868183886067,0.780297934772));
#9922 = CARTESIAN_POINT('',(0.868182359058,0.808247620156));
#9923 = CARTESIAN_POINT('',(0.868179549234,0.835872293458));
#9924 = CARTESIAN_POINT('',(0.868174579229,0.879633017964));
#9925 = CARTESIAN_POINT('',(0.868172589179,0.896062467836));
#9926 = CARTESIAN_POINT('',(0.868170713259,0.91229153738));
#9927 = CARTESIAN_POINT('',(0.868169278041,0.928294258456));
#9928 = CARTESIAN_POINT('',(0.868168694457,0.944047937068));
#9929 = CARTESIAN_POINT('',(0.868169763446,0.966414069911));
#9930 = CARTESIAN_POINT('',(0.868170353601,0.973243045936));
#9931 = CARTESIAN_POINT('',(0.868171246595,0.980017401833));
#9932 = CARTESIAN_POINT('',(0.868172485509,0.9867357536));
#9933 = CARTESIAN_POINT('',(0.868174114892,0.993396935487));
#9934 = CARTESIAN_POINT('',(0.868176180766,1.));
#9935 = ( GEOMETRIC_REPRESENTATION_CONTEXT(2) 
PARAMETRIC_REPRESENTATION_CONTEXT() REPRESENTATION_CONTEXT('2D SPACE',''
  ) );
#9936 = PCURVE('',#200,#9937);
#9937 = DEFINITIONAL_REPRESENTATION('',(#9938),#9986);
#9938 = B_SPLINE_CURVE_WITH_KNOTS('',6,(#9939,#9940,#9941,#9942,#9943,
    #9944,#9945,#9946,#9947,#9948,#9949,#9950,#9951,#9952,#9953,#9954,
    #9955,#9956,#9957,#9958,#9959,#9960,#9961,#9962,#9963,#9964,#9965,
    #9966,#9967,#9968,#9969,#9970,#9971,#9972,#9973,#9974,#9975,#9976,
    #9977,#9978,#9979,#9980,#9981,#9982,#9983,#9984,#9985),
  .UNSPECIFIED.,.F.,.F.,(7,5,5,5,5,5,5,5,5,7),(0.,4.541151420712E-02,
    0.145542360874,0.311563863486,0.50032751244,0.628188310975,
    0.689214407926,0.854282256233,0.955163074891,1.),.UNSPECIFIED.);
#9939 = CARTESIAN_POINT('',(-2.511347345328,-0.844021272475));
#9940 = CARTESIAN_POINT('',(-2.511317733208,-0.845354961097));
#9941 = CARTESIAN_POINT('',(-2.511243134578,-0.84668088294));
#9942 = CARTESIAN_POINT('',(-2.511122601191,-0.847998143046));
#9943 = CARTESIAN_POINT('',(-2.51095530381,-0.849305809169));
#9944 = CARTESIAN_POINT('',(-2.510740532198,-0.850602911775));
#9945 = CARTESIAN_POINT('',(-2.509898148311,-0.854722999016));
#9946 = CARTESIAN_POINT('',(-2.509084897826,-0.85750150913));
#9947 = CARTESIAN_POINT('',(-2.508031781303,-0.860212841387));
#9948 = CARTESIAN_POINT('',(-2.506736148789,-0.862845838122));
#9949 = CARTESIAN_POINT('',(-2.505199543723,-0.865389576474));
#9950 = CARTESIAN_POINT('',(-2.500491720276,-0.871885976337));
#9951 = CARTESIAN_POINT('',(-2.496909306891,-0.875665486728));
#9952 = CARTESIAN_POINT('',(-2.492710473741,-0.879123575952));
#9953 = CARTESIAN_POINT('',(-2.487954768171,-0.882225460047));
#9954 = CARTESIAN_POINT('',(-2.48272134803,-0.884947550445));
#9955 = CARTESIAN_POINT('',(-2.470705149105,-0.889920950865));
#9956 = CARTESIAN_POINT('',(-2.463807699225,-0.89205700092));
#9957 = CARTESIAN_POINT('',(-2.456527688405,-0.893664339772));
#9958 = CARTESIAN_POINT('',(-2.448996605009,-0.894735429212));
#9959 = CARTESIAN_POINT('',(-2.441343084995,-0.895268701778));
#9960 = CARTESIAN_POINT('',(-2.428504806181,-0.895260673829));
#9961 = CARTESIAN_POINT('',(-2.423321065339,-0.895010559637));
#9962 = CARTESIAN_POINT('',(-2.418176387087,-0.894513613431));
#9963 = CARTESIAN_POINT('',(-2.413110301482,-0.893770276393));
#9964 = CARTESIAN_POINT('',(-2.408162623454,-0.892781899049));
#9965 = CARTESIAN_POINT('',(-2.40108638551,-0.89096387871));
#9966 = CARTESIAN_POINT('',(-2.398836143122,-0.890321340885));
#9967 = CARTESIAN_POINT('',(-2.396626219456,-0.889623941562));
#9968 = CARTESIAN_POINT('',(-2.394460922748,-0.888872111639));
#9969 = CARTESIAN_POINT('',(-2.392344518746,-0.888066407588));
#9970 = CARTESIAN_POINT('',(-2.384700298395,-0.884884306407));
#9971 = CARTESIAN_POINT('',(-2.379506048336,-0.882171161077));
#9972 = CARTESIAN_POINT('',(-2.374785011015,-0.879082938539));
#9973 = CARTESIAN_POINT('',(-2.370614808602,-0.875642922637));
#9974 = CARTESIAN_POINT('',(-2.367053854425,-0.871885342676));
#9975 = CARTESIAN_POINT('',(-2.362344789034,-0.865396535048));
#9976 = CARTESIAN_POINT('',(-2.360796531532,-0.862833928083));
#9977 = CARTESIAN_POINT('',(-2.35949286899,-0.86018074007));
#9978 = CARTESIAN_POINT('',(-2.358435363702,-0.857448141418));
#9979 = CARTESIAN_POINT('',(-2.357621261055,-0.854647540574));
#9980 = CARTESIAN_POINT('',(-2.356787721759,-0.850520407773));
#9981 = CARTESIAN_POINT('',(-2.356578065842,-0.849239272827));
#9982 = CARTESIAN_POINT('',(-2.35641465774,-0.847947877415));
#9983 = CARTESIAN_POINT('',(-2.356296810819,-0.846647153725));
#9984 = CARTESIAN_POINT('',(-2.356223725686,-0.845337998388));
#9985 = CARTESIAN_POINT('',(-2.356194490192,-0.844021272475));
#9986 = ( GEOMETRIC_REPRESENTATION_CONTEXT(2) 
PARAMETRIC_REPRESENTATION_CONTEXT() REPRESENTATION_CONTEXT('2D SPACE',''
  ) );
#9987 = ORIENTED_EDGE('',*,*,#9988,.F.);
#9988 = EDGE_CURVE('',#3767,#9834,#9989,.T.);
#9989 = SURFACE_CURVE('',#9990,(#9993,#10000),.PCURVE_S1.);
#9990 = B_SPLINE_CURVE_WITH_KNOTS('',1,(#9991,#9992),.UNSPECIFIED.,.F.,
  .F.,(2,2),(0.,1.),.PIECEWISE_BEZIER_KNOTS.);
#9991 = CARTESIAN_POINT('',(-6.942594848675,5.941113006308,
    -1.446944832201));
#9992 = CARTESIAN_POINT('',(-2.617267243819,2.239721718199,
    4.955821212164));
#9993 = PCURVE('',#3892,#9994);
#9994 = DEFINITIONAL_REPRESENTATION('',(#9995),#9999);
#9995 = LINE('',#9996,#9997);
#9996 = CARTESIAN_POINT('',(0.,1.));
#9997 = VECTOR('',#9998,1.);
#9998 = DIRECTION('',(1.,0.));
#9999 = ( GEOMETRIC_REPRESENTATION_CONTEXT(2) 
PARAMETRIC_REPRESENTATION_CONTEXT() REPRESENTATION_CONTEXT('2D SPACE',''
  ) );
#10000 = PCURVE('',#4007,#10001);
#10001 = DEFINITIONAL_REPRESENTATION('',(#10002),#10006);
#10002 = LINE('',#10003,#10004);
#10003 = CARTESIAN_POINT('',(0.,0.));
#10004 = VECTOR('',#10005,1.);
#10005 = DIRECTION('',(1.,0.));
#10006 = ( GEOMETRIC_REPRESENTATION_CONTEXT(2) 
PARAMETRIC_REPRESENTATION_CONTEXT() REPRESENTATION_CONTEXT('2D SPACE',''
  ) );
#10007 = ADVANCED_FACE('',(#10008),#4007,.F.);
#10008 = FACE_BOUND('',#10009,.F.);
#10009 = EDGE_LOOP('',(#10010,#10032,#10033,#10034));
#10010 = ORIENTED_EDGE('',*,*,#10011,.F.);
#10011 = EDGE_CURVE('',#3964,#10012,#10014,.T.);
#10012 = VERTEX_POINT('',#10013);
#10013 = CARTESIAN_POINT('',(-3.91038467619,2.852446856286,4.77609800971
    ));
#10014 = SURFACE_CURVE('',#10015,(#10018,#10025),.PCURVE_S1.);
#10015 = B_SPLINE_CURVE_WITH_KNOTS('',1,(#10016,#10017),.UNSPECIFIED.,
  .F.,.F.,(2,2),(0.,1.),.PIECEWISE_BEZIER_KNOTS.);
#10016 = CARTESIAN_POINT('',(-8.517225282556,6.212926474841,
    1.7763568394E-15));
#10017 = CARTESIAN_POINT('',(-3.210882274733,2.34219183249,
    5.501300445142));
#10018 = PCURVE('',#4007,#10019);
#10019 = DEFINITIONAL_REPRESENTATION('',(#10020),#10024);
#10020 = LINE('',#10021,#10022);
#10021 = CARTESIAN_POINT('',(0.,1.));
#10022 = VECTOR('',#10023,1.);
#10023 = DIRECTION('',(1.,0.));
#10024 = ( GEOMETRIC_REPRESENTATION_CONTEXT(2) 
PARAMETRIC_REPRESENTATION_CONTEXT() REPRESENTATION_CONTEXT('2D SPACE',''
  ) );
#10025 = PCURVE('',#4057,#10026);
#10026 = DEFINITIONAL_REPRESENTATION('',(#10027),#10031);
#10027 = LINE('',#10028,#10029);
#10028 = CARTESIAN_POINT('',(0.,0.));
#10029 = VECTOR('',#10030,1.);
#10030 = DIRECTION('',(1.,0.));
#10031 = ( GEOMETRIC_REPRESENTATION_CONTEXT(2) 
PARAMETRIC_REPRESENTATION_CONTEXT() REPRESENTATION_CONTEXT('2D SPACE',''
  ) );
#10032 = ORIENTED_EDGE('',*,*,#3963,.F.);
#10033 = ORIENTED_EDGE('',*,*,#9988,.T.);
#10034 = ORIENTED_EDGE('',*,*,#10035,.T.);
#10035 = EDGE_CURVE('',#9834,#10012,#10036,.T.);
#10036 = SURFACE_CURVE('',#10037,(#10052,#10070),.PCURVE_S1.);
#10037 = B_SPLINE_CURVE_WITH_KNOTS('',7,(#10038,#10039,#10040,#10041,
    #10042,#10043,#10044,#10045,#10046,#10047,#10048,#10049,#10050,
    #10051),.UNSPECIFIED.,.F.,.F.,(8,6,8),(0.,0.850488669162,1.),
  .UNSPECIFIED.);
#10038 = CARTESIAN_POINT('',(-3.187448448129,2.727653254277,
    4.111784138534));
#10039 = CARTESIAN_POINT('',(-3.264668427694,2.776701193812,
    4.192303608054));
#10040 = CARTESIAN_POINT('',(-3.34792750844,2.81318992185,4.273314981564
    ));
#10041 = CARTESIAN_POINT('',(-3.435577039933,2.838284833308,
    4.354277795808));
#10042 = CARTESIAN_POINT('',(-3.525864931683,2.853721509744,
    4.435014620311));
#10043 = CARTESIAN_POINT('',(-3.617308022551,2.861262914418,
    4.51553502348));
#10044 = CARTESIAN_POINT('',(-3.708799449617,2.862564167327,
    4.595981918411));
#10045 = CARTESIAN_POINT('',(-3.815449371008,2.858650328726,
    4.690848277191));
#10046 = CARTESIAN_POINT('',(-3.831368230711,2.857922183516,
    4.705037211257));
#10047 = CARTESIAN_POINT('',(-3.847255349366,2.857059882319,
    4.719232515079));
#10048 = CARTESIAN_POINT('',(-3.86310557916,2.856072285953,
    4.733435218672));
#10049 = CARTESIAN_POINT('',(-3.878913853543,2.854968290056,
    4.747646350815));
#10050 = CARTESIAN_POINT('',(-3.894675187229,2.853756825078,
    4.761866939056));
#10051 = CARTESIAN_POINT('',(-3.91038467619,2.852446856286,4.77609800971
    ));
#10052 = PCURVE('',#4007,#10053);
#10053 = DEFINITIONAL_REPRESENTATION('',(#10054),#10069);
#10054 = B_SPLINE_CURVE_WITH_KNOTS('',7,(#10055,#10056,#10057,#10058,
    #10059,#10060,#10061,#10062,#10063,#10064,#10065,#10066,#10067,
    #10068),.UNSPECIFIED.,.F.,.F.,(8,6,8),(0.,0.850488669162,1.),
  .UNSPECIFIED.);
#10055 = CARTESIAN_POINT('',(0.868176180766,0.));
#10056 = CARTESIAN_POINT('',(0.868179495579,0.121319391663));
#10057 = CARTESIAN_POINT('',(0.86818288786,0.243256137338));
#10058 = CARTESIAN_POINT('',(0.868175989237,0.365136107599));
#10059 = CARTESIAN_POINT('',(0.868168348892,0.48663432347));
#10060 = CARTESIAN_POINT('',(0.868169537288,0.607730112298));
#10061 = CARTESIAN_POINT('',(0.868178832591,0.728696895796));
#10062 = CARTESIAN_POINT('',(0.868181617035,0.871521278561));
#10063 = CARTESIAN_POINT('',(0.868181817795,0.892887782173));
#10064 = CARTESIAN_POINT('',(0.868181721624,0.914269386706));
#10065 = CARTESIAN_POINT('',(0.868181231161,0.935668666407));
#10066 = CARTESIAN_POINT('',(0.868180233068,0.957088308926));
#10067 = CARTESIAN_POINT('',(0.868178598033,0.978531115309));
#10068 = CARTESIAN_POINT('',(0.868176180766,1.));
#10069 = ( GEOMETRIC_REPRESENTATION_CONTEXT(2) 
PARAMETRIC_REPRESENTATION_CONTEXT() REPRESENTATION_CONTEXT('2D SPACE',''
  ) );
#10070 = PCURVE('',#200,#10071);
#10071 = DEFINITIONAL_REPRESENTATION('',(#10072),#10087);
#10072 = B_SPLINE_CURVE_WITH_KNOTS('',7,(#10073,#10074,#10075,#10076,
    #10077,#10078,#10079,#10080,#10081,#10082,#10083,#10084,#10085,
    #10086),.UNSPECIFIED.,.F.,.F.,(8,6,8),(0.,0.850488669162,1.),
  .UNSPECIFIED.);
#10073 = CARTESIAN_POINT('',(-2.356194490192,-0.844021272475));
#10074 = CARTESIAN_POINT('',(-2.353109729003,-0.824828153319));
#10075 = CARTESIAN_POINT('',(-2.346969763955,-0.806001163206));
#10076 = CARTESIAN_POINT('',(-2.338507881834,-0.787624249174));
#10077 = CARTESIAN_POINT('',(-2.328428006274,-0.769685293672));
#10078 = CARTESIAN_POINT('',(-2.317285610277,-0.752142172856));
#10079 = CARTESIAN_POINT('',(-2.305519204181,-0.734930933361));
#10080 = CARTESIAN_POINT('',(-2.291375583611,-0.714980701572));
#10081 = CARTESIAN_POINT('',(-2.289253135093,-0.71200585948));
#10082 = CARTESIAN_POINT('',(-2.287124927358,-0.709038614354));
#10083 = CARTESIAN_POINT('',(-2.284992982672,-0.706078626697));
#10084 = CARTESIAN_POINT('',(-2.282859287801,-0.703125564158));
#10085 = CARTESIAN_POINT('',(-2.280725794009,-0.700179101532));
#10086 = CARTESIAN_POINT('',(-2.278594417061,-0.697238920763));
#10087 = ( GEOMETRIC_REPRESENTATION_CONTEXT(2) 
PARAMETRIC_REPRESENTATION_CONTEXT() REPRESENTATION_CONTEXT('2D SPACE',''
  ) );
#10088 = ADVANCED_FACE('',(#10089),#4057,.F.);
#10089 = FACE_BOUND('',#10090,.F.);
#10090 = EDGE_LOOP('',(#10091,#10092,#10093,#10123));
#10091 = ORIENTED_EDGE('',*,*,#4037,.F.);
#10092 = ORIENTED_EDGE('',*,*,#10011,.T.);
#10093 = ORIENTED_EDGE('',*,*,#10094,.T.);
#10094 = EDGE_CURVE('',#10012,#10095,#10097,.T.);
#10095 = VERTEX_POINT('',#10096);
#10096 = CARTESIAN_POINT('',(-4.131756697851,2.521140212975,
    4.77609800971));
#10097 = SURFACE_CURVE('',#10098,(#10104,#10113),.PCURVE_S1.);
#10098 = B_SPLINE_CURVE_WITH_KNOTS('',4,(#10099,#10100,#10101,#10102,
    #10103),.UNSPECIFIED.,.F.,.F.,(5,5),(0.,1.),
  .PIECEWISE_BEZIER_KNOTS.);
#10099 = CARTESIAN_POINT('',(-3.91038467619,2.852446856286,4.77609800971
    ));
#10100 = CARTESIAN_POINT('',(-3.969107043493,2.77194591981,4.77609800971
    ));
#10101 = CARTESIAN_POINT('',(-4.025618205049,2.689832089033,
    4.77609800971));
#10102 = CARTESIAN_POINT('',(-4.079855607369,2.606198980906,
    4.77609800971));
#10103 = CARTESIAN_POINT('',(-4.131756697851,2.521140212975,
    4.77609800971));
#10104 = PCURVE('',#4057,#10105);
#10105 = DEFINITIONAL_REPRESENTATION('',(#10106),#10112);
#10106 = B_SPLINE_CURVE_WITH_KNOTS('',4,(#10107,#10108,#10109,#10110,
    #10111),.UNSPECIFIED.,.F.,.F.,(5,5),(0.,1.),
  .PIECEWISE_BEZIER_KNOTS.);
#10107 = CARTESIAN_POINT('',(0.868176180766,0.));
#10108 = CARTESIAN_POINT('',(0.868176180766,0.24999999594));
#10109 = CARTESIAN_POINT('',(0.868176180766,0.5));
#10110 = CARTESIAN_POINT('',(0.868176180766,0.75000000406));
#10111 = CARTESIAN_POINT('',(0.868176180766,1.));
#10112 = ( GEOMETRIC_REPRESENTATION_CONTEXT(2) 
PARAMETRIC_REPRESENTATION_CONTEXT() REPRESENTATION_CONTEXT('2D SPACE',''
  ) );
#10113 = PCURVE('',#200,#10114);
#10114 = DEFINITIONAL_REPRESENTATION('',(#10115),#10122);
#10115 = B_SPLINE_CURVE_WITH_KNOTS('',5,(#10116,#10117,#10118,#10119,
    #10120,#10121),.UNSPECIFIED.,.F.,.F.,(6,6),(0.,1.),
  .PIECEWISE_BEZIER_KNOTS.);
#10116 = CARTESIAN_POINT('',(-2.278594417061,-0.697238920763));
#10117 = CARTESIAN_POINT('',(-2.262125197665,-0.697238880386));
#10118 = CARTESIAN_POINT('',(-2.245655989579,-0.69723895441));
#10119 = CARTESIAN_POINT('',(-2.229186764242,-0.69723895441));
#10120 = CARTESIAN_POINT('',(-2.212717556156,-0.697238880386));
#10121 = CARTESIAN_POINT('',(-2.196248336761,-0.697238920763));
#10122 = ( GEOMETRIC_REPRESENTATION_CONTEXT(2) 
PARAMETRIC_REPRESENTATION_CONTEXT() REPRESENTATION_CONTEXT('2D SPACE',''
  ) );
#10123 = ORIENTED_EDGE('',*,*,#10124,.F.);
#10124 = EDGE_CURVE('',#4038,#10095,#10125,.T.);
#10125 = SURFACE_CURVE('',#10126,(#10129,#10136),.PCURVE_S1.);
#10126 = B_SPLINE_CURVE_WITH_KNOTS('',1,(#10127,#10128),.UNSPECIFIED.,
  .F.,.F.,(2,2),(0.,1.),.PIECEWISE_BEZIER_KNOTS.);
#10127 = CARTESIAN_POINT('',(-8.999396612458,5.491306083917,
    1.7763568394E-15));
#10128 = CARTESIAN_POINT('',(-3.392654545068,2.070150405214,
    5.501300445142));
#10129 = PCURVE('',#4057,#10130);
#10130 = DEFINITIONAL_REPRESENTATION('',(#10131),#10135);
#10131 = LINE('',#10132,#10133);
#10132 = CARTESIAN_POINT('',(0.,1.));
#10133 = VECTOR('',#10134,1.);
#10134 = DIRECTION('',(1.,0.));
#10135 = ( GEOMETRIC_REPRESENTATION_CONTEXT(2) 
PARAMETRIC_REPRESENTATION_CONTEXT() REPRESENTATION_CONTEXT('2D SPACE',''
  ) );
#10136 = PCURVE('',#4109,#10137);
#10137 = DEFINITIONAL_REPRESENTATION('',(#10138),#10142);
#10138 = LINE('',#10139,#10140);
#10139 = CARTESIAN_POINT('',(0.,0.));
#10140 = VECTOR('',#10141,1.);
#10141 = DIRECTION('',(1.,0.));
#10142 = ( GEOMETRIC_REPRESENTATION_CONTEXT(2) 
PARAMETRIC_REPRESENTATION_CONTEXT() REPRESENTATION_CONTEXT('2D SPACE',''
  ) );
#10143 = ADVANCED_FACE('',(#10144),#4109,.F.);
#10144 = FACE_BOUND('',#10145,.F.);
#10145 = EDGE_LOOP('',(#10146,#10147,#10148,#10198));
#10146 = ORIENTED_EDGE('',*,*,#4075,.F.);
#10147 = ORIENTED_EDGE('',*,*,#10124,.T.);
#10148 = ORIENTED_EDGE('',*,*,#10149,.T.);
#10149 = EDGE_CURVE('',#10095,#10150,#10152,.T.);
#10150 = VERTEX_POINT('',#10151);
#10151 = CARTESIAN_POINT('',(-3.739806726031,1.900990672513,
    4.111784138534));
#10152 = SURFACE_CURVE('',#10153,(#10166,#10182),.PCURVE_S1.);
#10153 = B_SPLINE_CURVE_WITH_KNOTS('',6,(#10154,#10155,#10156,#10157,
    #10158,#10159,#10160,#10161,#10162,#10163,#10164,#10165),
  .UNSPECIFIED.,.F.,.F.,(7,5,7),(0.,0.745763432944,1.),.UNSPECIFIED.);
#10154 = CARTESIAN_POINT('',(-4.131756697851,2.521140212975,
    4.77609800971));
#10155 = CARTESIAN_POINT('',(-4.103816381076,2.433766979868,
    4.693286393331));
#10156 = CARTESIAN_POINT('',(-4.072033415719,2.346093891105,
    4.610893115202));
#10157 = CARTESIAN_POINT('',(-4.03498642448,2.25974317909,4.528585090369
    ));
#10158 = CARTESIAN_POINT('',(-3.991399346494,2.17650623215,
    4.446177487363));
#10159 = CARTESIAN_POINT('',(-3.939974544308,2.098661164353,
    4.363549746462));
#10160 = CARTESIAN_POINT('',(-3.85899887792,2.004731666088,
    4.252610808067));
#10161 = CARTESIAN_POINT('',(-3.837374823855,1.981762868624,
    4.224400180678));
#10162 = CARTESIAN_POINT('',(-3.814673550457,1.9598038321,4.196192996402
    ));
#10163 = CARTESIAN_POINT('',(-3.790860396337,1.938956310515,
    4.168004805207));
#10164 = CARTESIAN_POINT('',(-3.765909434271,1.919320616724,
    4.139858282211));
#10165 = CARTESIAN_POINT('',(-3.739806726031,1.900990672513,
    4.111784138534));
#10166 = PCURVE('',#4109,#10167);
#10167 = DEFINITIONAL_REPRESENTATION('',(#10168),#10181);
#10168 = B_SPLINE_CURVE_WITH_KNOTS('',6,(#10169,#10170,#10171,#10172,
    #10173,#10174,#10175,#10176,#10177,#10178,#10179,#10180),
  .UNSPECIFIED.,.F.,.F.,(7,5,7),(0.,0.745763432944,1.),.UNSPECIFIED.);
#10169 = CARTESIAN_POINT('',(0.868176180766,0.));
#10170 = CARTESIAN_POINT('',(0.868190247017,0.124928973115));
#10171 = CARTESIAN_POINT('',(0.868177102034,0.248869877526));
#10172 = CARTESIAN_POINT('',(0.86816823992,0.372619668981));
#10173 = CARTESIAN_POINT('',(0.868171177298,0.496589481537));
#10174 = CARTESIAN_POINT('',(0.868176084753,0.620927032326));
#10175 = CARTESIAN_POINT('',(0.868178901353,0.787921200753));
#10176 = CARTESIAN_POINT('',(0.868179296178,0.830390837503));
#10177 = CARTESIAN_POINT('',(0.868179193194,0.872860347895));
#10178 = CARTESIAN_POINT('',(0.868178498826,0.915307271377));
#10179 = CARTESIAN_POINT('',(0.868177336518,0.957700441239));
#10180 = CARTESIAN_POINT('',(0.868176180766,1.));
#10181 = ( GEOMETRIC_REPRESENTATION_CONTEXT(2) 
PARAMETRIC_REPRESENTATION_CONTEXT() REPRESENTATION_CONTEXT('2D SPACE',''
  ) );
#10182 = PCURVE('',#200,#10183);
#10183 = DEFINITIONAL_REPRESENTATION('',(#10184),#10197);
#10184 = B_SPLINE_CURVE_WITH_KNOTS('',6,(#10185,#10186,#10187,#10188,
    #10189,#10190,#10191,#10192,#10193,#10194,#10195,#10196),
  .UNSPECIFIED.,.F.,.F.,(7,5,7),(0.,0.745763432944,1.),.UNSPECIFIED.);
#10185 = CARTESIAN_POINT('',(-2.196248336761,-0.697238920763));
#10186 = CARTESIAN_POINT('',(-2.183845702096,-0.714348042615));
#10187 = CARTESIAN_POINT('',(-2.171377117186,-0.731664900152));
#10188 = CARTESIAN_POINT('',(-2.159244844201,-0.749281037473));
#10189 = CARTESIAN_POINT('',(-2.147901883862,-0.767267605949));
#10190 = CARTESIAN_POINT('',(-2.137954720166,-0.785695832514));
#10191 = CARTESIAN_POINT('',(-2.12751255091,-0.811036213023));
#10192 = CARTESIAN_POINT('',(-2.125109391844,-0.817531768678));
#10193 = CARTESIAN_POINT('',(-2.122988255244,-0.824080366411));
#10194 = CARTESIAN_POINT('',(-2.121181784499,-0.830680607795));
#10195 = CARTESIAN_POINT('',(-2.119723805102,-0.837329345814));
#10196 = CARTESIAN_POINT('',(-2.118648263629,-0.844021272475));
#10197 = ( GEOMETRIC_REPRESENTATION_CONTEXT(2) 
PARAMETRIC_REPRESENTATION_CONTEXT() REPRESENTATION_CONTEXT('2D SPACE',''
  ) );
#10198 = ORIENTED_EDGE('',*,*,#10199,.F.);
#10199 = EDGE_CURVE('',#4076,#10150,#10200,.T.);
#10200 = SURFACE_CURVE('',#10201,(#10204,#10211),.PCURVE_S1.);
#10201 = B_SPLINE_CURVE_WITH_KNOTS('',1,(#10202,#10203),.UNSPECIFIED.,
  .F.,.F.,(2,2),(0.,1.),.PIECEWISE_BEZIER_KNOTS.);
#10202 = CARTESIAN_POINT('',(-8.145688733075,4.140555765887,
    -1.446944832201));
#10203 = CARTESIAN_POINT('',(-3.070817866247,1.560935243013,
    4.955821212164));
#10204 = PCURVE('',#4109,#10205);
#10205 = DEFINITIONAL_REPRESENTATION('',(#10206),#10210);
#10206 = LINE('',#10207,#10208);
#10207 = CARTESIAN_POINT('',(0.,1.));
#10208 = VECTOR('',#10209,1.);
#10209 = DIRECTION('',(1.,0.));
#10210 = ( GEOMETRIC_REPRESENTATION_CONTEXT(2) 
PARAMETRIC_REPRESENTATION_CONTEXT() REPRESENTATION_CONTEXT('2D SPACE',''
  ) );
#10211 = PCURVE('',#4260,#10212);
#10212 = DEFINITIONAL_REPRESENTATION('',(#10213),#10217);
#10213 = LINE('',#10214,#10215);
#10214 = CARTESIAN_POINT('',(0.,0.));
#10215 = VECTOR('',#10216,1.);
#10216 = DIRECTION('',(1.,0.));
#10217 = ( GEOMETRIC_REPRESENTATION_CONTEXT(2) 
PARAMETRIC_REPRESENTATION_CONTEXT() REPRESENTATION_CONTEXT('2D SPACE',''
  ) );
#10218 = ADVANCED_FACE('',(#10219),#4260,.F.);
#10219 = FACE_BOUND('',#10220,.F.);
#10220 = EDGE_LOOP('',(#10221,#10222,#10223,#10378));
#10221 = ORIENTED_EDGE('',*,*,#4134,.F.);
#10222 = ORIENTED_EDGE('',*,*,#10199,.T.);
#10223 = ORIENTED_EDGE('',*,*,#10224,.T.);
#10224 = EDGE_CURVE('',#10150,#10225,#10227,.T.);
#10225 = VERTEX_POINT('',#10226);
#10226 = CARTESIAN_POINT('',(-3.98864609181,1.300239300797,
    4.111784138534));
#10227 = SURFACE_CURVE('',#10228,(#10276,#10327),.PCURVE_S1.);
#10228 = B_SPLINE_CURVE_WITH_KNOTS('',6,(#10229,#10230,#10231,#10232,
    #10233,#10234,#10235,#10236,#10237,#10238,#10239,#10240,#10241,
    #10242,#10243,#10244,#10245,#10246,#10247,#10248,#10249,#10250,
    #10251,#10252,#10253,#10254,#10255,#10256,#10257,#10258,#10259,
    #10260,#10261,#10262,#10263,#10264,#10265,#10266,#10267,#10268,
    #10269,#10270,#10271,#10272,#10273,#10274,#10275),.UNSPECIFIED.,.F.,
  .F.,(7,5,5,5,5,5,5,5,5,7),(0.,4.541151421014E-02,0.145542360839,
    0.311563861239,0.50032751021,0.62818834929,0.689214446339,
    0.854282367602,0.955163416622,1.),.UNSPECIFIED.);
#10229 = CARTESIAN_POINT('',(-3.739806726031,1.900990672513,
    4.111784138534));
#10230 = CARTESIAN_POINT('',(-3.73425331299,1.898028445283,
    4.106189013558));
#10231 = CARTESIAN_POINT('',(-3.728809899466,1.894910917324,
    4.100636542847));
#10232 = CARTESIAN_POINT('',(-3.723481642733,1.891637688439,
    4.095130279997));
#10233 = CARTESIAN_POINT('',(-3.718273599855,1.888208872724,
    4.089673889121));
#10234 = CARTESIAN_POINT('',(-3.713190727681,1.884625098561,
    4.084271144844));
#10235 = CARTESIAN_POINT('',(-3.697317028198,1.872646249741,
    4.06713992019));
#10236 = CARTESIAN_POINT('',(-3.687027492106,1.863656623504,
    4.055632747303));
#10237 = CARTESIAN_POINT('',(-3.677422533033,1.853932137348,
    4.04444749565));
#10238 = CARTESIAN_POINT('',(-3.66854818623,1.843498581291,
    4.033626175545));
#10239 = CARTESIAN_POINT('',(-3.660441646471,1.832394740549,
    4.023208895344));
#10240 = CARTESIAN_POINT('',(-3.641006029162,1.80123810823,3.99669259442
    ));
#10241 = CARTESIAN_POINT('',(-3.631063305254,1.78009840721,
    3.981360787668));
#10242 = CARTESIAN_POINT('',(-3.62342724803,1.7574976984,3.967412114217)
  );
#10243 = CARTESIAN_POINT('',(-3.618115807243,1.73373332194,
    3.954960448375));
#10244 = CARTESIAN_POINT('',(-3.615075448406,1.709126412734,
    3.944074825271));
#10245 = CARTESIAN_POINT('',(-3.613242000968,1.655414699581,
    3.924244487966));
#10246 = CARTESIAN_POINT('',(-3.615087319284,1.626152901986,
    3.915768597981));
#10247 = CARTESIAN_POINT('',(-3.619620267998,1.596636292915,
    3.909412321133));
#10248 = CARTESIAN_POINT('',(-3.626666671592,1.567278277547,
    3.905183635951));
#10249 = CARTESIAN_POINT('',(-3.63605644412,1.538462275915,
    3.903078259528));
#10250 = CARTESIAN_POINT('',(-3.655485888368,1.491647986838,
    3.90310995401));
#10251 = CARTESIAN_POINT('',(-3.664337210273,1.473162157067,
    3.904097420973));
#10252 = CARTESIAN_POINT('',(-3.674146016786,1.455209927232,
    3.906059392649));
#10253 = CARTESIAN_POINT('',(-3.68486489415,1.437910897139,
    3.908996436338));
#10254 = CARTESIAN_POINT('',(-3.696444461535,1.421387870104,
    3.912907715115));
#10255 = CARTESIAN_POINT('',(-3.714743020374,1.398308600489,
    3.920118548398));
#10256 = CARTESIAN_POINT('',(-3.720838616701,1.391057344896,
    3.922669083374));
#10257 = CARTESIAN_POINT('',(-3.727111911238,1.38402512766,
    3.925439969808));
#10258 = CARTESIAN_POINT('',(-3.733556456942,1.377225726694,
    3.92843031261));
#10259 = CARTESIAN_POINT('',(-3.740165310461,1.370672916091,
    3.931638809796));
#10260 = CARTESIAN_POINT('',(-3.765231458781,1.347360179948,
    3.944327791946));
#10261 = CARTESIAN_POINT('',(-3.784685586734,1.332239193528,
    3.955178534229));
#10262 = CARTESIAN_POINT('',(-3.805135649186,1.319297815583,
    3.967576249608));
#10263 = CARTESIAN_POINT('',(-3.826395362382,1.308795816278,
    3.981452679395));
#10264 = CARTESIAN_POINT('',(-3.848245500677,1.300926943071,
    3.996695708074));
#10265 = CARTESIAN_POINT('',(-3.883987177026,1.292623877643,
    4.023180298176));
#10266 = CARTESIAN_POINT('',(-3.89767211206,1.290487753337,
    4.033674813379));
#10267 = CARTESIAN_POINT('',(-3.911426967782,1.289383776974,4.0445793687
    ));
#10268 = CARTESIAN_POINT('',(-3.925196815398,1.289313044472,
    4.055852943985));
#10269 = CARTESIAN_POINT('',(-3.938929768216,1.290260756972,
    4.06745257496));
#10270 = CARTESIAN_POINT('',(-3.958643442037,1.29305892603,
    4.084615012822));
#10271 = CARTESIAN_POINT('',(-3.964692635124,1.294115411299,
    4.089951693685));
#10272 = CARTESIAN_POINT('',(-3.970721150911,1.295364854094,
    4.095340523937));
#10273 = CARTESIAN_POINT('',(-3.976725195886,1.296804297567,
    4.100777873552));
#10274 = CARTESIAN_POINT('',(-3.982701255029,1.298430373197,
    4.106260218059));
#10275 = CARTESIAN_POINT('',(-3.98864609181,1.300239300797,
    4.111784138534));
#10276 = PCURVE('',#4260,#10277);
#10277 = DEFINITIONAL_REPRESENTATION('',(#10278),#10326);
#10278 = B_SPLINE_CURVE_WITH_KNOTS('',6,(#10279,#10280,#10281,#10282,
    #10283,#10284,#10285,#10286,#10287,#10288,#10289,#10290,#10291,
    #10292,#10293,#10294,#10295,#10296,#10297,#10298,#10299,#10300,
    #10301,#10302,#10303,#10304,#10305,#10306,#10307,#10308,#10309,
    #10310,#10311,#10312,#10313,#10314,#10315,#10316,#10317,#10318,
    #10319,#10320,#10321,#10322,#10323,#10324,#10325),.UNSPECIFIED.,.F.,
  .F.,(7,5,5,5,5,5,5,5,5,7),(0.,4.541151421014E-02,0.145542360839,
    0.311563861239,0.50032751021,0.62818834929,0.689214446339,
    0.854282367602,0.955163416622,1.),.UNSPECIFIED.);
#10279 = CARTESIAN_POINT('',(0.868176180766,0.));
#10280 = CARTESIAN_POINT('',(0.868174088279,6.688128432745E-03));
#10281 = CARTESIAN_POINT('',(0.868172443606,1.343588145387E-02));
#10282 = CARTESIAN_POINT('',(0.868171198914,2.024227433277E-02));
#10283 = CARTESIAN_POINT('',(0.868170307927,2.71060926864E-02));
#10284 = CARTESIAN_POINT('',(0.868169725926,3.40258924793E-02));
#10285 = CARTESIAN_POINT('',(0.868168712581,5.637767031349E-02));
#10286 = CARTESIAN_POINT('',(0.868169309032,7.202049100248E-02));
#10287 = CARTESIAN_POINT('',(0.868170738397,8.79083499837E-02));
#10288 = CARTESIAN_POINT('',(0.868172599625,0.104019003806));
#10289 = CARTESIAN_POINT('',(0.868174573676,0.120327041395));
#10290 = CARTESIAN_POINT('',(0.868179550086,0.164120484535));
#10291 = CARTESIAN_POINT('',(0.868182380207,0.191907555057));
#10292 = CARTESIAN_POINT('',(0.868183907955,0.220023060775));
#10293 = CARTESIAN_POINT('',(0.868183952438,0.248356926614));
#10294 = CARTESIAN_POINT('',(0.868182839112,0.276822152962));
#10295 = CARTESIAN_POINT('',(0.868179034479,0.337779201345));
#10296 = CARTESIAN_POINT('',(0.868176142705,0.370292004423));
#10297 = CARTESIAN_POINT('',(0.868173078663,0.40282110887));
#10298 = CARTESIAN_POINT('',(0.868170749924,0.435339367476));
#10299 = CARTESIAN_POINT('',(0.868169591023,0.467840508678));
#10300 = CARTESIAN_POINT('',(0.868169608466,0.52236552438));
#10301 = CARTESIAN_POINT('',(0.868170150948,0.544383049578));
#10302 = CARTESIAN_POINT('',(0.868171232741,0.566404296438));
#10303 = CARTESIAN_POINT('',(0.868172750825,0.588430027219));
#10304 = CARTESIAN_POINT('',(0.86817452548,0.610456793033));
#10305 = CARTESIAN_POINT('',(0.868177191982,0.642986497748));
#10306 = CARTESIAN_POINT('',(0.868178060997,0.653494398533));
#10307 = CARTESIAN_POINT('',(0.868178912269,0.663999281155));
#10308 = CARTESIAN_POINT('',(0.86817972073,0.67449949357));
#10309 = CARTESIAN_POINT('',(0.868180461505,0.684992866545));
#10310 = CARTESIAN_POINT('',(0.868182863777,0.723834202221));
#10311 = CARTESIAN_POINT('',(0.868183949277,0.752131589277));
#10312 = CARTESIAN_POINT('',(0.868183886066,0.780298011272));
#10313 = CARTESIAN_POINT('',(0.868182359053,0.808247708417));
#10314 = CARTESIAN_POINT('',(0.868179549224,0.835872392934));
#10315 = CARTESIAN_POINT('',(0.868174579212,0.879633164863));
#10316 = CARTESIAN_POINT('',(0.868172589157,0.896062650802));
#10317 = CARTESIAN_POINT('',(0.868170713235,0.912291755302));
#10318 = CARTESIAN_POINT('',(0.86816927802,0.928294510067));
#10319 = CARTESIAN_POINT('',(0.868168694448,0.944048220975));
#10320 = CARTESIAN_POINT('',(0.868169763469,0.966414330155));
#10321 = CARTESIAN_POINT('',(0.868170353628,0.973243252466));
#10322 = CARTESIAN_POINT('',(0.868171246624,0.98001755545));
#10323 = CARTESIAN_POINT('',(0.868172485534,0.98673585514));
#10324 = CARTESIAN_POINT('',(0.868174114908,0.993396985814));
#10325 = CARTESIAN_POINT('',(0.868176180766,1.));
#10326 = ( GEOMETRIC_REPRESENTATION_CONTEXT(2) 
PARAMETRIC_REPRESENTATION_CONTEXT() REPRESENTATION_CONTEXT('2D SPACE',''
  ) );
#10327 = PCURVE('',#200,#10328);
#10328 = DEFINITIONAL_REPRESENTATION('',(#10329),#10377);
#10329 = B_SPLINE_CURVE_WITH_KNOTS('',6,(#10330,#10331,#10332,#10333,
    #10334,#10335,#10336,#10337,#10338,#10339,#10340,#10341,#10342,
    #10343,#10344,#10345,#10346,#10347,#10348,#10349,#10350,#10351,
    #10352,#10353,#10354,#10355,#10356,#10357,#10358,#10359,#10360,
    #10361,#10362,#10363,#10364,#10365,#10366,#10367,#10368,#10369,
    #10370,#10371,#10372,#10373,#10374,#10375,#10376),.UNSPECIFIED.,.F.,
  .F.,(7,5,5,5,5,5,5,5,5,7),(0.,4.541151421014E-02,0.145542360839,
    0.311563861239,0.50032751021,0.62818834929,0.689214446339,
    0.854282367602,0.955163416622,1.),.UNSPECIFIED.);
#10330 = CARTESIAN_POINT('',(-2.118648263629,-0.844021272475));
#10331 = CARTESIAN_POINT('',(-2.11861865151,-0.845354961097));
#10332 = CARTESIAN_POINT('',(-2.118544052879,-0.84668088294));
#10333 = CARTESIAN_POINT('',(-2.118423519493,-0.847998143046));
#10334 = CARTESIAN_POINT('',(-2.118256222111,-0.849305809169));
#10335 = CARTESIAN_POINT('',(-2.118041450499,-0.850602911775));
#10336 = CARTESIAN_POINT('',(-2.117199066613,-0.854722999015));
#10337 = CARTESIAN_POINT('',(-2.116385816128,-0.857501509128));
#10338 = CARTESIAN_POINT('',(-2.115332699605,-0.860212841383));
#10339 = CARTESIAN_POINT('',(-2.114037067093,-0.862845838117));
#10340 = CARTESIAN_POINT('',(-2.112500462028,-0.865389576468));
#10341 = CARTESIAN_POINT('',(-2.107792638622,-0.871885976277));
#10342 = CARTESIAN_POINT('',(-2.104210225295,-0.875665486621));
#10343 = CARTESIAN_POINT('',(-2.100011392218,-0.879123575808));
#10344 = CARTESIAN_POINT('',(-2.095255686735,-0.882225459877));
#10345 = CARTESIAN_POINT('',(-2.090022266691,-0.884947550258));
#10346 = CARTESIAN_POINT('',(-2.078006067897,-0.889920950705));
#10347 = CARTESIAN_POINT('',(-2.071108618041,-0.892057000792));
#10348 = CARTESIAN_POINT('',(-2.063828607239,-0.893664339676));
#10349 = CARTESIAN_POINT('',(-2.056297523855,-0.894735429148));
#10350 = CARTESIAN_POINT('',(-2.048644003847,-0.895268701746));
#10351 = CARTESIAN_POINT('',(-2.035805723389,-0.89526067385));
#10352 = CARTESIAN_POINT('',(-2.030621980901,-0.895010559523));
#10353 = CARTESIAN_POINT('',(-2.025477301037,-0.894513613024));
#10354 = CARTESIAN_POINT('',(-2.020411213893,-0.893770275538));
#10355 = CARTESIAN_POINT('',(-2.015463534435,-0.892781897592));
#10356 = CARTESIAN_POINT('',(-2.008387295318,-0.890963876326));
#10357 = CARTESIAN_POINT('',(-2.00613705305,-0.890321338328));
#10358 = CARTESIAN_POINT('',(-2.003927129516,-0.889623938832));
#10359 = CARTESIAN_POINT('',(-2.00176183295,-0.888872108738));
#10360 = CARTESIAN_POINT('',(-1.9996454291,-0.888066404517));
#10361 = CARTESIAN_POINT('',(-1.992001206899,-0.884884301688));
#10362 = CARTESIAN_POINT('',(-1.98680695524,-0.882171154546));
#10363 = CARTESIAN_POINT('',(-1.982085916853,-0.879082929889));
#10364 = CARTESIAN_POINT('',(-1.977915713995,-0.875642911608));
#10365 = CARTESIAN_POINT('',(-1.974354760037,-0.871885329068));
#10366 = CARTESIAN_POINT('',(-1.96964569274,-0.865396512568));
#10367 = CARTESIAN_POINT('',(-1.968097433588,-0.862833899006));
#10368 = CARTESIAN_POINT('',(-1.966793770541,-0.860180704057));
#10369 = CARTESIAN_POINT('',(-1.965736265878,-0.857448098209));
#10370 = CARTESIAN_POINT('',(-1.964922164931,-0.854647489987));
#10371 = CARTESIAN_POINT('',(-1.964088632071,-0.850520358951));
#10372 = CARTESIAN_POINT('',(-1.963878979161,-0.849239233456));
#10373 = CARTESIAN_POINT('',(-1.963715573347,-0.847947847674));
#10374 = CARTESIAN_POINT('',(-1.963597728006,-0.846647133769));
#10375 = CARTESIAN_POINT('',(-1.963524643764,-0.845337988352));
#10376 = CARTESIAN_POINT('',(-1.963495408494,-0.844021272475));
#10377 = ( GEOMETRIC_REPRESENTATION_CONTEXT(2) 
PARAMETRIC_REPRESENTATION_CONTEXT() REPRESENTATION_CONTEXT('2D SPACE',''
  ) );
#10378 = ORIENTED_EDGE('',*,*,#10379,.F.);
#10379 = EDGE_CURVE('',#4135,#10225,#10380,.T.);
#10380 = SURFACE_CURVE('',#10381,(#10384,#10391),.PCURVE_S1.);
#10381 = B_SPLINE_CURVE_WITH_KNOTS('',1,(#10382,#10383),.UNSPECIFIED.,
  .F.,.F.,(2,2),(0.,1.),.PIECEWISE_BEZIER_KNOTS.);
#10382 = CARTESIAN_POINT('',(-8.687686800532,2.832056680653,
    -1.446944832201));
#10383 = CARTESIAN_POINT('',(-3.27514403234,1.067648241684,
    4.955821212164));
#10384 = PCURVE('',#4260,#10385);
#10385 = DEFINITIONAL_REPRESENTATION('',(#10386),#10390);
#10386 = LINE('',#10387,#10388);
#10387 = CARTESIAN_POINT('',(0.,1.));
#10388 = VECTOR('',#10389,1.);
#10389 = DIRECTION('',(1.,0.));
#10390 = ( GEOMETRIC_REPRESENTATION_CONTEXT(2) 
PARAMETRIC_REPRESENTATION_CONTEXT() REPRESENTATION_CONTEXT('2D SPACE',''
  ) );
#10391 = PCURVE('',#4375,#10392);
#10392 = DEFINITIONAL_REPRESENTATION('',(#10393),#10397);
#10393 = LINE('',#10394,#10395);
#10394 = CARTESIAN_POINT('',(0.,0.));
#10395 = VECTOR('',#10396,1.);
#10396 = DIRECTION('',(1.,0.));
#10397 = ( GEOMETRIC_REPRESENTATION_CONTEXT(2) 
PARAMETRIC_REPRESENTATION_CONTEXT() REPRESENTATION_CONTEXT('2D SPACE',''
  ) );
#10398 = ADVANCED_FACE('',(#10399),#4375,.F.);
#10399 = FACE_BOUND('',#10400,.F.);
#10400 = EDGE_LOOP('',(#10401,#10423,#10424,#10425));
#10401 = ORIENTED_EDGE('',*,*,#10402,.F.);
#10402 = EDGE_CURVE('',#4332,#10403,#10405,.T.);
#10403 = VERTEX_POINT('',#10404);
#10404 = CARTESIAN_POINT('',(-4.70430852018,1.138877838347,4.77609800971
    ));
#10405 = SURFACE_CURVE('',#10406,(#10409,#10416),.PCURVE_S1.);
#10406 = B_SPLINE_CURVE_WITH_KNOTS('',1,(#10407,#10408),.UNSPECIFIED.,
  .F.,.F.,(2,2),(0.,1.),.PIECEWISE_BEZIER_KNOTS.);
#10407 = CARTESIAN_POINT('',(-10.24647414076,2.480594601748,
    1.7763568394E-15));
#10408 = CARTESIAN_POINT('',(-3.862786424644,0.935151645438,
    5.501300445142));
#10409 = PCURVE('',#4375,#10410);
#10410 = DEFINITIONAL_REPRESENTATION('',(#10411),#10415);
#10411 = LINE('',#10412,#10413);
#10412 = CARTESIAN_POINT('',(0.,1.));
#10413 = VECTOR('',#10414,1.);
#10414 = DIRECTION('',(1.,0.));
#10415 = ( GEOMETRIC_REPRESENTATION_CONTEXT(2) 
PARAMETRIC_REPRESENTATION_CONTEXT() REPRESENTATION_CONTEXT('2D SPACE',''
  ) );
#10416 = PCURVE('',#4425,#10417);
#10417 = DEFINITIONAL_REPRESENTATION('',(#10418),#10422);
#10418 = LINE('',#10419,#10420);
#10419 = CARTESIAN_POINT('',(0.,0.));
#10420 = VECTOR('',#10421,1.);
#10421 = DIRECTION('',(1.,0.));
#10422 = ( GEOMETRIC_REPRESENTATION_CONTEXT(2) 
PARAMETRIC_REPRESENTATION_CONTEXT() REPRESENTATION_CONTEXT('2D SPACE',''
  ) );
#10423 = ORIENTED_EDGE('',*,*,#4331,.F.);
#10424 = ORIENTED_EDGE('',*,*,#10379,.T.);
#10425 = ORIENTED_EDGE('',*,*,#10426,.T.);
#10426 = EDGE_CURVE('',#10225,#10403,#10427,.T.);
#10427 = SURFACE_CURVE('',#10428,(#10443,#10461),.PCURVE_S1.);
#10428 = B_SPLINE_CURVE_WITH_KNOTS('',7,(#10429,#10430,#10431,#10432,
    #10433,#10434,#10435,#10436,#10437,#10438,#10439,#10440,#10441,
    #10442),.UNSPECIFIED.,.F.,.F.,(8,6,8),(0.,0.850488724374,1.),
  .UNSPECIFIED.);
#10429 = CARTESIAN_POINT('',(-3.98864609181,1.300239300797,
    4.111784138534));
#10430 = CARTESIAN_POINT('',(-4.078757890139,1.316002882443,
    4.192303613287));
#10431 = CARTESIAN_POINT('',(-4.169642888366,1.317852199862,
    4.273314992081));
#10432 = CARTESIAN_POINT('',(-4.260223909233,1.307494849118,
    4.354277811569));
#10433 = CARTESIAN_POINT('',(-4.349546410334,1.287204794961,
    4.435014641272));
#10434 = CARTESIAN_POINT('',(-4.436914786176,1.259178384675,
    4.51553504962));
#10435 = CARTESIAN_POINT('',(-4.521939815735,1.225368328186,
    4.595981949754));
#10436 = CARTESIAN_POINT('',(-4.618973732897,1.18093925302,
    4.690848308622));
#10437 = CARTESIAN_POINT('',(-4.633402186974,1.174174652984,
    4.705037237461));
#10438 = CARTESIAN_POINT('',(-4.647749976929,1.167298255848,
    4.719232536054));
#10439 = CARTESIAN_POINT('',(-4.662015737695,1.160320217913,
    4.733435234412));
#10440 = CARTESIAN_POINT('',(-4.676198192605,1.153250696549,
    4.747646361315));
#10441 = CARTESIAN_POINT('',(-4.690296153389,1.146099850191,
    4.76186694431));
#10442 = CARTESIAN_POINT('',(-4.70430852018,1.138877838347,4.77609800971
    ));
#10443 = PCURVE('',#4375,#10444);
#10444 = DEFINITIONAL_REPRESENTATION('',(#10445),#10460);
#10445 = B_SPLINE_CURVE_WITH_KNOTS('',7,(#10446,#10447,#10448,#10449,
    #10450,#10451,#10452,#10453,#10454,#10455,#10456,#10457,#10458,
    #10459),.UNSPECIFIED.,.F.,.F.,(8,6,8),(0.,0.850488724374,1.),
  .UNSPECIFIED.);
#10446 = CARTESIAN_POINT('',(0.868176180766,0.));
#10447 = CARTESIAN_POINT('',(0.86817949558,0.121319399549));
#10448 = CARTESIAN_POINT('',(0.868182887861,0.243256153169));
#10449 = CARTESIAN_POINT('',(0.868175989235,0.365136131326));
#10450 = CARTESIAN_POINT('',(0.86816834889,0.486634355012));
#10451 = CARTESIAN_POINT('',(0.868169537288,0.607730151611));
#10452 = CARTESIAN_POINT('',(0.868178832595,0.728696942927));
#10453 = CARTESIAN_POINT('',(0.868181617035,0.871521325891));
#10454 = CARTESIAN_POINT('',(0.868181817794,0.892887821643));
#10455 = CARTESIAN_POINT('',(0.868181721623,0.914269418307));
#10456 = CARTESIAN_POINT('',(0.868181231159,0.935668690131));
#10457 = CARTESIAN_POINT('',(0.868180233067,0.957088324759));
#10458 = CARTESIAN_POINT('',(0.868178598032,0.978531123235));
#10459 = CARTESIAN_POINT('',(0.868176180766,1.));
#10460 = ( GEOMETRIC_REPRESENTATION_CONTEXT(2) 
PARAMETRIC_REPRESENTATION_CONTEXT() REPRESENTATION_CONTEXT('2D SPACE',''
  ) );
#10461 = PCURVE('',#200,#10462);
#10462 = DEFINITIONAL_REPRESENTATION('',(#10463),#10478);
#10463 = B_SPLINE_CURVE_WITH_KNOTS('',7,(#10464,#10465,#10466,#10467,
    #10468,#10469,#10470,#10471,#10472,#10473,#10474,#10475,#10476,
    #10477),.UNSPECIFIED.,.F.,.F.,(8,6,8),(0.,0.850488724374,1.),
  .UNSPECIFIED.);
#10464 = CARTESIAN_POINT('',(-1.963495408494,-0.844021272475));
#10465 = CARTESIAN_POINT('',(-1.960410647104,-0.824828152071));
#10466 = CARTESIAN_POINT('',(-1.954270681458,-0.806001160762));
#10467 = CARTESIAN_POINT('',(-1.945808798488,-0.787624245596));
#10468 = CARTESIAN_POINT('',(-1.935728921958,-0.769685289015));
#10469 = CARTESIAN_POINT('',(-1.924586524961,-0.752142167161));
#10470 = CARTESIAN_POINT('',(-1.912820117898,-0.734930926655));
#10471 = CARTESIAN_POINT('',(-1.898676497211,-0.714980694982));
#10472 = CARTESIAN_POINT('',(-1.896554049466,-0.712005854002));
#10473 = CARTESIAN_POINT('',(-1.894425842511,-0.709038609983));
#10474 = CARTESIAN_POINT('',(-1.89229389861,-0.706078623427));
#10475 = CARTESIAN_POINT('',(-1.890160204527,-0.703125561982));
#10476 = CARTESIAN_POINT('',(-1.888026711523,-0.700179100446));
#10477 = CARTESIAN_POINT('',(-1.885895335362,-0.697238920763));
#10478 = ( GEOMETRIC_REPRESENTATION_CONTEXT(2) 
PARAMETRIC_REPRESENTATION_CONTEXT() REPRESENTATION_CONTEXT('2D SPACE',''
  ) );
#10479 = ADVANCED_FACE('',(#10480),#4425,.F.);
#10480 = FACE_BOUND('',#10481,.F.);
#10481 = EDGE_LOOP('',(#10482,#10483,#10484,#10514));
#10482 = ORIENTED_EDGE('',*,*,#4405,.F.);
#10483 = ORIENTED_EDGE('',*,*,#10402,.T.);
#10484 = ORIENTED_EDGE('',*,*,#10485,.T.);
#10485 = EDGE_CURVE('',#10403,#10486,#10488,.T.);
#10486 = VERTEX_POINT('',#10487);
#10487 = CARTESIAN_POINT('',(-4.782044036636,0.748075006527,
    4.77609800971));
#10488 = SURFACE_CURVE('',#10489,(#10495,#10504),.PCURVE_S1.);
#10489 = B_SPLINE_CURVE_WITH_KNOTS('',4,(#10490,#10491,#10492,#10493,
    #10494),.UNSPECIFIED.,.F.,.F.,(5,5),(0.,1.),
  .PIECEWISE_BEZIER_KNOTS.);
#10490 = CARTESIAN_POINT('',(-4.70430852018,1.138877838347,4.77609800971
    ));
#10491 = CARTESIAN_POINT('',(-4.727754538753,1.042032593712,
    4.77609800971));
#10492 = CARTESIAN_POINT('',(-4.748540441667,0.94454342085,4.77609800971
    ));
#10493 = CARTESIAN_POINT('',(-4.76664426269,0.846520748729,4.77609800971
    ));
#10494 = CARTESIAN_POINT('',(-4.782044036636,0.748075006527,
    4.77609800971));
#10495 = PCURVE('',#4425,#10496);
#10496 = DEFINITIONAL_REPRESENTATION('',(#10497),#10503);
#10497 = B_SPLINE_CURVE_WITH_KNOTS('',4,(#10498,#10499,#10500,#10501,
    #10502),.UNSPECIFIED.,.F.,.F.,(5,5),(0.,1.),
  .PIECEWISE_BEZIER_KNOTS.);
#10498 = CARTESIAN_POINT('',(0.868176180766,0.));
#10499 = CARTESIAN_POINT('',(0.868176180766,0.24999999594));
#10500 = CARTESIAN_POINT('',(0.868176180766,0.5));
#10501 = CARTESIAN_POINT('',(0.868176180766,0.75000000406));
#10502 = CARTESIAN_POINT('',(0.868176180766,1.));
#10503 = ( GEOMETRIC_REPRESENTATION_CONTEXT(2) 
PARAMETRIC_REPRESENTATION_CONTEXT() REPRESENTATION_CONTEXT('2D SPACE',''
  ) );
#10504 = PCURVE('',#200,#10505);
#10505 = DEFINITIONAL_REPRESENTATION('',(#10506),#10513);
#10506 = B_SPLINE_CURVE_WITH_KNOTS('',5,(#10507,#10508,#10509,#10510,
    #10511,#10512),.UNSPECIFIED.,.F.,.F.,(6,6),(0.,1.),
  .PIECEWISE_BEZIER_KNOTS.);
#10507 = CARTESIAN_POINT('',(-1.885895335362,-0.697238920763));
#10508 = CARTESIAN_POINT('',(-1.869426115966,-0.697238880386));
#10509 = CARTESIAN_POINT('',(-1.852956907881,-0.69723895441));
#10510 = CARTESIAN_POINT('',(-1.836487682543,-0.69723895441));
#10511 = CARTESIAN_POINT('',(-1.820018474458,-0.697238880386));
#10512 = CARTESIAN_POINT('',(-1.803549255062,-0.697238920763));
#10513 = ( GEOMETRIC_REPRESENTATION_CONTEXT(2) 
PARAMETRIC_REPRESENTATION_CONTEXT() REPRESENTATION_CONTEXT('2D SPACE',''
  ) );
#10514 = ORIENTED_EDGE('',*,*,#10515,.F.);
#10515 = EDGE_CURVE('',#4406,#10486,#10516,.T.);
#10516 = SURFACE_CURVE('',#10517,(#10520,#10527),.PCURVE_S1.);
#10517 = B_SPLINE_CURVE_WITH_KNOTS('',1,(#10518,#10519),.UNSPECIFIED.,
  .F.,.F.,(2,2),(0.,1.),.PIECEWISE_BEZIER_KNOTS.);
#10518 = CARTESIAN_POINT('',(-10.41579019556,1.629385312816,
    1.7763568394E-15));
#10519 = CARTESIAN_POINT('',(-3.926616357649,0.614256902461,
    5.501300445142));
#10520 = PCURVE('',#4425,#10521);
#10521 = DEFINITIONAL_REPRESENTATION('',(#10522),#10526);
#10522 = LINE('',#10523,#10524);
#10523 = CARTESIAN_POINT('',(0.,1.));
#10524 = VECTOR('',#10525,1.);
#10525 = DIRECTION('',(1.,0.));
#10526 = ( GEOMETRIC_REPRESENTATION_CONTEXT(2) 
PARAMETRIC_REPRESENTATION_CONTEXT() REPRESENTATION_CONTEXT('2D SPACE',''
  ) );
#10527 = PCURVE('',#4477,#10528);
#10528 = DEFINITIONAL_REPRESENTATION('',(#10529),#10533);
#10529 = LINE('',#10530,#10531);
#10530 = CARTESIAN_POINT('',(0.,0.));
#10531 = VECTOR('',#10532,1.);
#10532 = DIRECTION('',(1.,0.));
#10533 = ( GEOMETRIC_REPRESENTATION_CONTEXT(2) 
PARAMETRIC_REPRESENTATION_CONTEXT() REPRESENTATION_CONTEXT('2D SPACE',''
  ) );
#10534 = ADVANCED_FACE('',(#10535),#4477,.F.);
#10535 = FACE_BOUND('',#10536,.F.);
#10536 = EDGE_LOOP('',(#10537,#10538,#10539,#10589));
#10537 = ORIENTED_EDGE('',*,*,#4443,.F.);
#10538 = ORIENTED_EDGE('',*,*,#10515,.T.);
#10539 = ORIENTED_EDGE('',*,*,#10540,.T.);
#10540 = EDGE_CURVE('',#10486,#10541,#10543,.T.);
#10541 = VERTEX_POINT('',#10542);
#10542 = CARTESIAN_POINT('',(-4.18260852518,0.32512429953,4.111784138534
    ));
#10543 = SURFACE_CURVE('',#10544,(#10557,#10573),.PCURVE_S1.);
#10544 = B_SPLINE_CURVE_WITH_KNOTS('',6,(#10545,#10546,#10547,#10548,
    #10549,#10550,#10551,#10552,#10553,#10554,#10555,#10556),
  .UNSPECIFIED.,.F.,.F.,(7,5,7),(0.,0.745763272452,1.),.UNSPECIFIED.);
#10545 = CARTESIAN_POINT('',(-4.782044036636,0.748075006527,
    4.77609800971));
#10546 = CARTESIAN_POINT('',(-4.722794273852,0.678044976176,
    4.693286411163));
#10547 = CARTESIAN_POINT('',(-4.659879618458,0.60920843273,
    4.610893150656));
#10548 = CARTESIAN_POINT('',(-4.592607690997,0.543608059769,
    4.528585143497));
#10549 = CARTESIAN_POINT('',(-4.520485099876,0.483387210261,
    4.446177558308));
#10550 = CARTESIAN_POINT('',(-4.44318478105,0.431147169597,
    4.363549835397));
#10551 = CARTESIAN_POINT('',(-4.332427765031,0.375355659234,
    4.252610897096));
#10552 = CARTESIAN_POINT('',(-4.303659949197,0.362410413033,
    4.22440025189));
#10553 = CARTESIAN_POINT('',(-4.27428333047,0.350810299787,
    4.196193049774));
#10554 = CARTESIAN_POINT('',(-4.244304825481,0.340662592478,
    4.168004840736));
#10555 = CARTESIAN_POINT('',(-4.213738868682,0.332069890219,
    4.139858299933));
#10556 = CARTESIAN_POINT('',(-4.18260852518,0.32512429953,4.111784138534
    ));
#10557 = PCURVE('',#4477,#10558);
#10558 = DEFINITIONAL_REPRESENTATION('',(#10559),#10572);
#10559 = B_SPLINE_CURVE_WITH_KNOTS('',6,(#10560,#10561,#10562,#10563,
    #10564,#10565,#10566,#10567,#10568,#10569,#10570,#10571),
  .UNSPECIFIED.,.F.,.F.,(7,5,7),(0.,0.745763272452,1.),.UNSPECIFIED.);
#10560 = CARTESIAN_POINT('',(0.868176180766,0.));
#10561 = CARTESIAN_POINT('',(0.868190247014,0.124928946213));
#10562 = CARTESIAN_POINT('',(0.868177102039,0.248869824193));
#10563 = CARTESIAN_POINT('',(0.868168239926,0.372619589104));
#10564 = CARTESIAN_POINT('',(0.868171177296,0.49658937481));
#10565 = CARTESIAN_POINT('',(0.868176084748,0.620926898499));
#10566 = CARTESIAN_POINT('',(0.868178901352,0.787921066725));
#10567 = CARTESIAN_POINT('',(0.868179296179,0.830390730285));
#10568 = CARTESIAN_POINT('',(0.868179193195,0.872860267527));
#10569 = CARTESIAN_POINT('',(0.868178498828,0.915307217864));
#10570 = CARTESIAN_POINT('',(0.868177336519,0.957700414537));
#10571 = CARTESIAN_POINT('',(0.868176180766,1.));
#10572 = ( GEOMETRIC_REPRESENTATION_CONTEXT(2) 
PARAMETRIC_REPRESENTATION_CONTEXT() REPRESENTATION_CONTEXT('2D SPACE',''
  ) );
#10573 = PCURVE('',#200,#10574);
#10574 = DEFINITIONAL_REPRESENTATION('',(#10575),#10588);
#10575 = B_SPLINE_CURVE_WITH_KNOTS('',6,(#10576,#10577,#10578,#10579,
    #10580,#10581,#10582,#10583,#10584,#10585,#10586,#10587),
  .UNSPECIFIED.,.F.,.F.,(7,5,7),(0.,0.745763272452,1.),.UNSPECIFIED.);
#10576 = CARTESIAN_POINT('',(-1.803549255062,-0.697238920763));
#10577 = CARTESIAN_POINT('',(-1.791146623068,-0.714348038931));
#10578 = CARTESIAN_POINT('',(-1.778678040853,-0.7316648927));
#10579 = CARTESIAN_POINT('',(-1.766545770332,-0.749281026102));
#10580 = CARTESIAN_POINT('',(-1.75520281193,-0.767267590465));
#10581 = CARTESIAN_POINT('',(-1.745255649173,-0.785695812679));
#10582 = CARTESIAN_POINT('',(-1.734813476795,-0.811036192524));
#10583 = CARTESIAN_POINT('',(-1.7324103155,-0.817531752146));
#10584 = CARTESIAN_POINT('',(-1.730289176966,-0.824080353914));
#10585 = CARTESIAN_POINT('',(-1.728482704641,-0.830680599402));
#10586 = CARTESIAN_POINT('',(-1.727024724082,-0.83732934159));
#10587 = CARTESIAN_POINT('',(-1.72594918193,-0.844021272475));
#10588 = ( GEOMETRIC_REPRESENTATION_CONTEXT(2) 
PARAMETRIC_REPRESENTATION_CONTEXT() REPRESENTATION_CONTEXT('2D SPACE',''
  ) );
#10589 = ORIENTED_EDGE('',*,*,#10590,.F.);
#10590 = EDGE_CURVE('',#4444,#10541,#10591,.T.);
#10591 = SURFACE_CURVE('',#10592,(#10595,#10602),.PCURVE_S1.);
#10592 = B_SPLINE_CURVE_WITH_KNOTS('',1,(#10593,#10594),.UNSPECIFIED.,
  .F.,.F.,(2,2),(0.,1.),.PIECEWISE_BEZIER_KNOTS.);
#10593 = CARTESIAN_POINT('',(-9.110157191085,0.708154601973,
    -1.446944832201));
#10594 = CARTESIAN_POINT('',(-3.434409831191,0.266965001372,
    4.955821212164));
#10595 = PCURVE('',#4477,#10596);
#10596 = DEFINITIONAL_REPRESENTATION('',(#10597),#10601);
#10597 = LINE('',#10598,#10599);
#10598 = CARTESIAN_POINT('',(0.,1.));
#10599 = VECTOR('',#10600,1.);
#10600 = DIRECTION('',(1.,0.));
#10601 = ( GEOMETRIC_REPRESENTATION_CONTEXT(2) 
PARAMETRIC_REPRESENTATION_CONTEXT() REPRESENTATION_CONTEXT('2D SPACE',''
  ) );
#10602 = PCURVE('',#148,#10603);
#10603 = DEFINITIONAL_REPRESENTATION('',(#10604),#10608);
#10604 = LINE('',#10605,#10606);
#10605 = CARTESIAN_POINT('',(0.,0.));
#10606 = VECTOR('',#10607,1.);
#10607 = DIRECTION('',(1.,0.));
#10608 = ( GEOMETRIC_REPRESENTATION_CONTEXT(2) 
PARAMETRIC_REPRESENTATION_CONTEXT() REPRESENTATION_CONTEXT('2D SPACE',''
  ) );
#10609 = ADVANCED_FACE('',(#10610),#4752,.F.);
#10610 = FACE_BOUND('',#10611,.F.);
#10611 = EDGE_LOOP('',(#10612,#10613,#10635,#10685));
#10612 = ORIENTED_EDGE('',*,*,#4718,.F.);
#10613 = ORIENTED_EDGE('',*,*,#10614,.T.);
#10614 = EDGE_CURVE('',#4690,#10615,#10617,.T.);
#10615 = VERTEX_POINT('',#10616);
#10616 = CARTESIAN_POINT('',(-4.70430852018,-1.138877838347,
    4.77609800971));
#10617 = SURFACE_CURVE('',#10618,(#10621,#10628),.PCURVE_S1.);
#10618 = B_SPLINE_CURVE_WITH_KNOTS('',1,(#10619,#10620),.UNSPECIFIED.,
  .F.,.F.,(2,2),(0.,1.),.PIECEWISE_BEZIER_KNOTS.);
#10619 = CARTESIAN_POINT('',(-10.24647414076,-2.480594601748,
    1.7763568394E-15));
#10620 = CARTESIAN_POINT('',(-3.862786424644,-0.935151645438,
    5.501300445142));
#10621 = PCURVE('',#4752,#10622);
#10622 = DEFINITIONAL_REPRESENTATION('',(#10623),#10627);
#10623 = LINE('',#10624,#10625);
#10624 = CARTESIAN_POINT('',(0.,0.));
#10625 = VECTOR('',#10626,1.);
#10626 = DIRECTION('',(1.,0.));
#10627 = ( GEOMETRIC_REPRESENTATION_CONTEXT(2) 
PARAMETRIC_REPRESENTATION_CONTEXT() REPRESENTATION_CONTEXT('2D SPACE',''
  ) );
#10628 = PCURVE('',#47,#10629);
#10629 = DEFINITIONAL_REPRESENTATION('',(#10630),#10634);
#10630 = LINE('',#10631,#10632);
#10631 = CARTESIAN_POINT('',(0.,1.));
#10632 = VECTOR('',#10633,1.);
#10633 = DIRECTION('',(1.,0.));
#10634 = ( GEOMETRIC_REPRESENTATION_CONTEXT(2) 
PARAMETRIC_REPRESENTATION_CONTEXT() REPRESENTATION_CONTEXT('2D SPACE',''
  ) );
#10635 = ORIENTED_EDGE('',*,*,#10636,.T.);
#10636 = EDGE_CURVE('',#10615,#10637,#10639,.T.);
#10637 = VERTEX_POINT('',#10638);
#10638 = CARTESIAN_POINT('',(-3.98864609181,-1.300239300797,
    4.111784138534));
#10639 = SURFACE_CURVE('',#10640,(#10653,#10669),.PCURVE_S1.);
#10640 = B_SPLINE_CURVE_WITH_KNOTS('',6,(#10641,#10642,#10643,#10644,
    #10645,#10646,#10647,#10648,#10649,#10650,#10651,#10652),
  .UNSPECIFIED.,.F.,.F.,(7,5,7),(0.,0.745763310202,1.),.UNSPECIFIED.);
#10641 = CARTESIAN_POINT('',(-4.70430852018,-1.138877838347,
    4.77609800971));
#10642 = CARTESIAN_POINT('',(-4.622769540524,-1.180903249589,
    4.693286406969));
#10643 = CARTESIAN_POINT('',(-4.538301368973,-1.220423528767,
    4.610893142317));
#10644 = CARTESIAN_POINT('',(-4.451046031492,-1.255286519861,
    4.528585131001));
#10645 = CARTESIAN_POINT('',(-4.361367919423,-1.283323209817,
    4.446177541621));
#10646 = CARTESIAN_POINT('',(-4.269960333953,-1.302005161882,
    4.363549814478));
#10647 = CARTESIAN_POINT('',(-4.146283706822,-1.311164917323,
    4.252610876155));
#10648 = CARTESIAN_POINT('',(-4.114751783983,-1.312115797809,
    4.22440023514));
#10649 = CARTESIAN_POINT('',(-4.083172160743,-1.311590959104,
    4.19619303722));
#10650 = CARTESIAN_POINT('',(-4.051592278808,-1.30949394082,
    4.168004832379));
#10651 = CARTESIAN_POINT('',(-4.020064736832,-1.305735477604,
    4.139858295764));
#10652 = CARTESIAN_POINT('',(-3.98864609181,-1.300239300797,
    4.111784138534));
#10653 = PCURVE('',#4752,#10654);
#10654 = DEFINITIONAL_REPRESENTATION('',(#10655),#10668);
#10655 = B_SPLINE_CURVE_WITH_KNOTS('',6,(#10656,#10657,#10658,#10659,
    #10660,#10661,#10662,#10663,#10664,#10665,#10666,#10667),
  .UNSPECIFIED.,.F.,.F.,(7,5,7),(0.,0.745763310202,1.),.UNSPECIFIED.);
#10656 = CARTESIAN_POINT('',(0.868176180766,0.));
#10657 = CARTESIAN_POINT('',(0.868190247014,0.124928952541));
#10658 = CARTESIAN_POINT('',(0.868177102038,0.248869836737));
#10659 = CARTESIAN_POINT('',(0.868168239925,0.372619607892));
#10660 = CARTESIAN_POINT('',(0.868171177296,0.496589399914));
#10661 = CARTESIAN_POINT('',(0.868176084749,0.620926929977));
#10662 = CARTESIAN_POINT('',(0.868178901352,0.78792109825));
#10663 = CARTESIAN_POINT('',(0.868179296179,0.830390755504));
#10664 = CARTESIAN_POINT('',(0.868179193195,0.87286028643));
#10665 = CARTESIAN_POINT('',(0.868178498827,0.915307230451));
#10666 = CARTESIAN_POINT('',(0.868177336519,0.957700420818));
#10667 = CARTESIAN_POINT('',(0.868176180766,1.));
#10668 = ( GEOMETRIC_REPRESENTATION_CONTEXT(2) 
PARAMETRIC_REPRESENTATION_CONTEXT() REPRESENTATION_CONTEXT('2D SPACE',''
  ) );
#10669 = PCURVE('',#200,#10670);
#10670 = DEFINITIONAL_REPRESENTATION('',(#10671),#10684);
#10671 = B_SPLINE_CURVE_WITH_KNOTS('',6,(#10672,#10673,#10674,#10675,
    #10676,#10677,#10678,#10679,#10680,#10681,#10682,#10683),
  .UNSPECIFIED.,.F.,.F.,(7,5,7),(0.,0.745763310202,1.),.UNSPECIFIED.);
#10672 = CARTESIAN_POINT('',(-1.410850173363,-0.697238920763));
#10673 = CARTESIAN_POINT('',(-1.398447540741,-0.714348039797));
#10674 = CARTESIAN_POINT('',(-1.385978957892,-0.731664894453));
#10675 = CARTESIAN_POINT('',(-1.373846686792,-0.749281028776));
#10676 = CARTESIAN_POINT('',(-1.362503727934,-0.767267594107));
#10677 = CARTESIAN_POINT('',(-1.352556564956,-0.785695817345));
#10678 = CARTESIAN_POINT('',(-1.342114393312,-0.811036197346));
#10679 = CARTESIAN_POINT('',(-1.339711232542,-0.817531756035));
#10680 = CARTESIAN_POINT('',(-1.337590094463,-0.824080356854));
#10681 = CARTESIAN_POINT('',(-1.33578362251,-0.830680601376));
#10682 = CARTESIAN_POINT('',(-1.334325642223,-0.837329342583));
#10683 = CARTESIAN_POINT('',(-1.333250100231,-0.844021272475));
#10684 = ( GEOMETRIC_REPRESENTATION_CONTEXT(2) 
PARAMETRIC_REPRESENTATION_CONTEXT() REPRESENTATION_CONTEXT('2D SPACE',''
  ) );
#10685 = ORIENTED_EDGE('',*,*,#10686,.F.);
#10686 = EDGE_CURVE('',#4719,#10637,#10687,.T.);
#10687 = SURFACE_CURVE('',#10688,(#10691,#10698),.PCURVE_S1.);
#10688 = B_SPLINE_CURVE_WITH_KNOTS('',1,(#10689,#10690),.UNSPECIFIED.,
  .F.,.F.,(2,2),(0.,1.),.PIECEWISE_BEZIER_KNOTS.);
#10689 = CARTESIAN_POINT('',(-8.687686800532,-2.832056680653,
    -1.446944832201));
#10690 = CARTESIAN_POINT('',(-3.27514403234,-1.067648241684,
    4.955821212164));
#10691 = PCURVE('',#4752,#10692);
#10692 = DEFINITIONAL_REPRESENTATION('',(#10693),#10697);
#10693 = LINE('',#10694,#10695);
#10694 = CARTESIAN_POINT('',(0.,1.));
#10695 = VECTOR('',#10696,1.);
#10696 = DIRECTION('',(1.,0.));
#10697 = ( GEOMETRIC_REPRESENTATION_CONTEXT(2) 
PARAMETRIC_REPRESENTATION_CONTEXT() REPRESENTATION_CONTEXT('2D SPACE',''
  ) );
#10698 = PCURVE('',#4903,#10699);
#10699 = DEFINITIONAL_REPRESENTATION('',(#10700),#10704);
#10700 = LINE('',#10701,#10702);
#10701 = CARTESIAN_POINT('',(0.,0.));
#10702 = VECTOR('',#10703,1.);
#10703 = DIRECTION('',(1.,0.));
#10704 = ( GEOMETRIC_REPRESENTATION_CONTEXT(2) 
PARAMETRIC_REPRESENTATION_CONTEXT() REPRESENTATION_CONTEXT('2D SPACE',''
  ) );
#10705 = ADVANCED_FACE('',(#10706),#4903,.F.);
#10706 = FACE_BOUND('',#10707,.F.);
#10707 = EDGE_LOOP('',(#10708,#10709,#10710,#10865));
#10708 = ORIENTED_EDGE('',*,*,#4777,.F.);
#10709 = ORIENTED_EDGE('',*,*,#10686,.T.);
#10710 = ORIENTED_EDGE('',*,*,#10711,.T.);
#10711 = EDGE_CURVE('',#10637,#10712,#10714,.T.);
#10712 = VERTEX_POINT('',#10713);
#10713 = CARTESIAN_POINT('',(-3.739806726031,-1.900990672513,
    4.111784138534));
#10714 = SURFACE_CURVE('',#10715,(#10763,#10814),.PCURVE_S1.);
#10715 = B_SPLINE_CURVE_WITH_KNOTS('',6,(#10716,#10717,#10718,#10719,
    #10720,#10721,#10722,#10723,#10724,#10725,#10726,#10727,#10728,
    #10729,#10730,#10731,#10732,#10733,#10734,#10735,#10736,#10737,
    #10738,#10739,#10740,#10741,#10742,#10743,#10744,#10745,#10746,
    #10747,#10748,#10749,#10750,#10751,#10752,#10753,#10754,#10755,
    #10756,#10757,#10758,#10759,#10760,#10761,#10762),.UNSPECIFIED.,.F.,
  .F.,(7,5,5,5,5,5,5,5,5,7),(0.,4.541151420839E-02,0.145542360741,
    0.311563862613,0.500327511573,0.628188326905,0.689214423897,
    0.854282302807,0.955163217774,1.),.UNSPECIFIED.);
#10716 = CARTESIAN_POINT('',(-3.98864609181,-1.300239300797,
    4.111784138534));
#10717 = CARTESIAN_POINT('',(-3.982624624828,-1.298407055739,
    4.106189013558));
#10718 = CARTESIAN_POINT('',(-3.976571125052,-1.296762406283,
    4.100636542847));
#10719 = CARTESIAN_POINT('',(-3.970488956244,-1.295309282157,
    4.095130279997));
#10720 = CARTESIAN_POINT('',(-3.964381774964,-1.294051178565,
    4.089673889121));
#10721 = CARTESIAN_POINT('',(-3.958253530568,-1.292991156195,
    4.084271144844));
#10722 = CARTESIAN_POINT('',(-3.938558804803,-1.290237080881,
    4.0671399202));
#10723 = CARTESIAN_POINT('',(-3.924926378397,-1.289317905808,
    4.055632747324));
#10724 = CARTESIAN_POINT('',(-3.911258396612,-1.289402424217,
    4.044447495681));
#10725 = CARTESIAN_POINT('',(-3.897605647582,-1.29050495165,
    4.033626175585));
#10726 = CARTESIAN_POINT('',(-3.884021857273,-1.292624363495,
    4.023208895392));
#10727 = CARTESIAN_POINT('',(-3.848247734297,-1.300912372722,
    3.996692594325));
#10728 = CARTESIAN_POINT('',(-3.826269140661,-1.308829831254,
    3.981360787443));
#10729 = CARTESIAN_POINT('',(-3.804888518176,-1.319411438002,
    3.967412113889));
#10730 = CARTESIAN_POINT('',(-3.784328810468,-1.332459634126,
    3.954960447971));
#10731 = CARTESIAN_POINT('',(-3.764779239613,-1.347709488347,
    3.944074824822));
#10732 = CARTESIAN_POINT('',(-3.725502879837,-1.384392962154,
    3.924244487577));
#10733 = CARTESIAN_POINT('',(-3.706116501485,-1.406389014836,
    3.91576859767));
#10734 = CARTESIAN_POINT('',(-3.688450385895,-1.430465688109,
    3.9094123209));
#10735 = CARTESIAN_POINT('',(-3.672673693982,-1.456207499677,
    3.905183635796));
#10736 = CARTESIAN_POINT('',(-3.658937275726,-1.483223061709,
    3.903078259451));
#10737 = CARTESIAN_POINT('',(-3.639573267832,-1.530064451297,
    3.903109954061));
#10738 = CARTESIAN_POINT('',(-3.632760643122,-1.549394732977,
    3.904097420713));
#10739 = CARTESIAN_POINT('',(-3.627002374005,-1.569024746288,
    3.906059391715));
#10740 = CARTESIAN_POINT('',(-3.622349503698,-1.588836394872,
    3.908996434368));
#10741 = CARTESIAN_POINT('',(-3.618853949709,-1.608707926223,
    3.912907711747));
#10742 = CARTESIAN_POINT('',(-3.615473475568,-1.637966465713,
    3.92011854287));
#10743 = CARTESIAN_POINT('',(-3.614656300552,-1.647404115254,
    3.922669077439));
#10744 = CARTESIAN_POINT('',(-3.614119660646,-1.656812532916,
    3.925439963468));
#10745 = CARTESIAN_POINT('',(-3.613868739556,-1.666177417498,
    3.928430305865));
#10746 = CARTESIAN_POINT('',(-3.613908367347,-1.675484119555,
    3.931638802649));
#10747 = CARTESIAN_POINT('',(-3.615148214748,-1.709693150907,
    3.944327780947));
#10748 = CARTESIAN_POINT('',(-3.618212205657,-1.734141443118,
    3.955178518979));
#10749 = CARTESIAN_POINT('',(-3.623521643326,-1.757752752116,
    3.967576229356));
#10750 = CARTESIAN_POINT('',(-3.631128490492,-1.780211670396,
    3.98145265347));
#10751 = CARTESIAN_POINT('',(-3.64101473144,-1.801226182069,
    3.996695675934));
#10752 = CARTESIAN_POINT('',(-3.660416739595,-1.832370502306,
    4.023180244678));
#10753 = CARTESIAN_POINT('',(-3.66858296753,-1.843557668764,
    4.033674743995));
#10754 = CARTESIAN_POINT('',(-3.677528473723,-1.854064439798,
    4.044579282496));
#10755 = CARTESIAN_POINT('',(-3.687215192771,-1.863851200068,
    4.055852840201));
#10756 = CARTESIAN_POINT('',(-3.697595971095,-1.872891724555,
    4.067452453013));
#10757 = CARTESIAN_POINT('',(-3.713514245816,-1.884852808807,
    4.084614894481));
#10758 = CARTESIAN_POINT('',(-3.718538739289,-1.8883832047,
    4.089951598087));
#10759 = CARTESIAN_POINT('',(-3.723685054421,-1.891762536625,
    4.095340451592));
#10760 = CARTESIAN_POINT('',(-3.728948417926,-1.894990212962,
    4.100777824923));
#10761 = CARTESIAN_POINT('',(-3.734323962342,-1.898066130115,
    4.10626019356));
#10762 = CARTESIAN_POINT('',(-3.739806726031,-1.900990672513,
    4.111784138534));
#10763 = PCURVE('',#4903,#10764);
#10764 = DEFINITIONAL_REPRESENTATION('',(#10765),#10813);
#10765 = B_SPLINE_CURVE_WITH_KNOTS('',6,(#10766,#10767,#10768,#10769,
    #10770,#10771,#10772,#10773,#10774,#10775,#10776,#10777,#10778,
    #10779,#10780,#10781,#10782,#10783,#10784,#10785,#10786,#10787,
    #10788,#10789,#10790,#10791,#10792,#10793,#10794,#10795,#10796,
    #10797,#10798,#10799,#10800,#10801,#10802,#10803,#10804,#10805,
    #10806,#10807,#10808,#10809,#10810,#10811,#10812),.UNSPECIFIED.,.F.,
  .F.,(7,5,5,5,5,5,5,5,5,7),(0.,4.541151420839E-02,0.145542360741,
    0.311563862613,0.500327511573,0.628188326905,0.689214423897,
    0.854282302807,0.955163217774,1.),.UNSPECIFIED.);
#10766 = CARTESIAN_POINT('',(0.868176180766,0.));
#10767 = CARTESIAN_POINT('',(0.868174088279,6.688128432745E-03));
#10768 = CARTESIAN_POINT('',(0.868172443606,1.343588145387E-02));
#10769 = CARTESIAN_POINT('',(0.868171198914,2.024227433277E-02));
#10770 = CARTESIAN_POINT('',(0.868170307927,2.71060926864E-02));
#10771 = CARTESIAN_POINT('',(0.868169725926,3.40258924793E-02));
#10772 = CARTESIAN_POINT('',(0.868168712581,5.637767029932E-02));
#10773 = CARTESIAN_POINT('',(0.868169309032,7.202049097366E-02));
#10774 = CARTESIAN_POINT('',(0.868170738397,8.790834993979E-02));
#10775 = CARTESIAN_POINT('',(0.868172599625,0.104019003746));
#10776 = CARTESIAN_POINT('',(0.868174573676,0.12032704132));
#10777 = CARTESIAN_POINT('',(0.868179550086,0.164120484686));
#10778 = CARTESIAN_POINT('',(0.868182380207,0.191907555459));
#10779 = CARTESIAN_POINT('',(0.868183907955,0.220023061431));
#10780 = CARTESIAN_POINT('',(0.868183952438,0.248356927528));
#10781 = CARTESIAN_POINT('',(0.868182839112,0.276822154134));
#10782 = CARTESIAN_POINT('',(0.868179034479,0.337779202776));
#10783 = CARTESIAN_POINT('',(0.868176142704,0.370292005855));
#10784 = CARTESIAN_POINT('',(0.868173078663,0.4028211103));
#10785 = CARTESIAN_POINT('',(0.868170749924,0.435339368906));
#10786 = CARTESIAN_POINT('',(0.868169591023,0.467840510107));
#10787 = CARTESIAN_POINT('',(0.868169608466,0.52236552172));
#10788 = CARTESIAN_POINT('',(0.868170150948,0.54438304283));
#10789 = CARTESIAN_POINT('',(0.86817123274,0.566404285599));
#10790 = CARTESIAN_POINT('',(0.868172750824,0.588430012288));
#10791 = CARTESIAN_POINT('',(0.868174525479,0.610456774011));
#10792 = CARTESIAN_POINT('',(0.86817719198,0.642986474638));
#10793 = CARTESIAN_POINT('',(0.868178060995,0.653494375419));
#10794 = CARTESIAN_POINT('',(0.868178912267,0.663999258039));
#10795 = CARTESIAN_POINT('',(0.868179720728,0.674499470454));
#10796 = CARTESIAN_POINT('',(0.868180461504,0.684992843433));
#10797 = CARTESIAN_POINT('',(0.868182863775,0.72383417189));
#10798 = CARTESIAN_POINT('',(0.868183949276,0.752131551767));
#10799 = CARTESIAN_POINT('',(0.868183886067,0.780297966717));
#10800 = CARTESIAN_POINT('',(0.868182359056,0.808247657035));
#10801 = CARTESIAN_POINT('',(0.86817954923,0.835872335043));
#10802 = CARTESIAN_POINT('',(0.868174579222,0.879633079392));
#10803 = CARTESIAN_POINT('',(0.86817258917,0.896062544343));
#10804 = CARTESIAN_POINT('',(0.868170713249,0.912291628501));
#10805 = CARTESIAN_POINT('',(0.868169278032,0.928294363661));
#10806 = CARTESIAN_POINT('',(0.868168694453,0.944048055775));
#10807 = CARTESIAN_POINT('',(0.868169763456,0.966414178723));
#10808 = CARTESIAN_POINT('',(0.868170353612,0.973243132289));
#10809 = CARTESIAN_POINT('',(0.868171246607,0.980017466063));
#10810 = CARTESIAN_POINT('',(0.868172485519,0.986735796055));
#10811 = CARTESIAN_POINT('',(0.868174114899,0.99339695653));
#10812 = CARTESIAN_POINT('',(0.868176180766,1.));
#10813 = ( GEOMETRIC_REPRESENTATION_CONTEXT(2) 
PARAMETRIC_REPRESENTATION_CONTEXT() REPRESENTATION_CONTEXT('2D SPACE',''
  ) );
#10814 = PCURVE('',#200,#10815);
#10815 = DEFINITIONAL_REPRESENTATION('',(#10816),#10864);
#10816 = B_SPLINE_CURVE_WITH_KNOTS('',6,(#10817,#10818,#10819,#10820,
    #10821,#10822,#10823,#10824,#10825,#10826,#10827,#10828,#10829,
    #10830,#10831,#10832,#10833,#10834,#10835,#10836,#10837,#10838,
    #10839,#10840,#10841,#10842,#10843,#10844,#10845,#10846,#10847,
    #10848,#10849,#10850,#10851,#10852,#10853,#10854,#10855,#10856,
    #10857,#10858,#10859,#10860,#10861,#10862,#10863),.UNSPECIFIED.,.F.,
  .F.,(7,5,5,5,5,5,5,5,5,7),(0.,4.541151420839E-02,0.145542360741,
    0.311563862613,0.500327511573,0.628188326905,0.689214423897,
    0.854282302807,0.955163217774,1.),.UNSPECIFIED.);
#10817 = CARTESIAN_POINT('',(-1.333250100231,-0.844021272475));
#10818 = CARTESIAN_POINT('',(-1.333220488112,-0.845354961097));
#10819 = CARTESIAN_POINT('',(-1.333145889482,-0.84668088294));
#10820 = CARTESIAN_POINT('',(-1.333025356095,-0.847998143046));
#10821 = CARTESIAN_POINT('',(-1.332858058713,-0.849305809169));
#10822 = CARTESIAN_POINT('',(-1.332643287102,-0.850602911775));
#10823 = CARTESIAN_POINT('',(-1.331800903216,-0.854722999013));
#10824 = CARTESIAN_POINT('',(-1.330987652732,-0.857501509123));
#10825 = CARTESIAN_POINT('',(-1.329934536211,-0.860212841376));
#10826 = CARTESIAN_POINT('',(-1.3286389037,-0.862845838108));
#10827 = CARTESIAN_POINT('',(-1.327102298637,-0.865389576456));
#10828 = CARTESIAN_POINT('',(-1.32239447521,-0.8718859763));
#10829 = CARTESIAN_POINT('',(-1.318812061847,-0.875665486677));
#10830 = CARTESIAN_POINT('',(-1.314613228724,-0.87912357589));
#10831 = CARTESIAN_POINT('',(-1.309857523185,-0.882225459977));
#10832 = CARTESIAN_POINT('',(-1.304624103078,-0.884947550371));
#10833 = CARTESIAN_POINT('',(-1.2926079042,-0.889920950802));
#10834 = CARTESIAN_POINT('',(-1.285710454329,-0.89205700087));
#10835 = CARTESIAN_POINT('',(-1.278430443516,-0.893664339735));
#10836 = CARTESIAN_POINT('',(-1.270899360125,-0.894735429187));
#10837 = CARTESIAN_POINT('',(-1.263245840113,-0.895268701766));
#10838 = CARTESIAN_POINT('',(-1.250407560618,-0.895260673837));
#10839 = CARTESIAN_POINT('',(-1.245223819094,-0.895010559589));
#10840 = CARTESIAN_POINT('',(-1.240079140174,-0.89451361326));
#10841 = CARTESIAN_POINT('',(-1.235013053932,-0.893770276036));
#10842 = CARTESIAN_POINT('',(-1.230065375312,-0.892781898443));
#10843 = CARTESIAN_POINT('',(-1.222989136883,-0.890963877719));
#10844 = CARTESIAN_POINT('',(-1.220738894545,-0.890321339822));
#10845 = CARTESIAN_POINT('',(-1.218528970934,-0.889623940427));
#10846 = CARTESIAN_POINT('',(-1.216363674285,-0.888872110433));
#10847 = CARTESIAN_POINT('',(-1.214247270346,-0.888066406312));
#10848 = CARTESIAN_POINT('',(-1.206603049216,-0.884884304441));
#10849 = CARTESIAN_POINT('',(-1.201408798484,-0.882171158353));
#10850 = CARTESIAN_POINT('',(-1.196687760714,-0.879082934928));
#10851 = CARTESIAN_POINT('',(-1.192517558111,-0.875642918029));
#10852 = CARTESIAN_POINT('',(-1.188956604024,-0.871885336987));
#10853 = CARTESIAN_POINT('',(-1.184247537835,-0.865396525648));
#10854 = CARTESIAN_POINT('',(-1.182699279643,-0.862833915925));
#10855 = CARTESIAN_POINT('',(-1.18139561689,-0.860180725012));
#10856 = CARTESIAN_POINT('',(-1.180338111864,-0.857448123351));
#10857 = CARTESIAN_POINT('',(-1.179524009927,-0.854647519422));
#10858 = CARTESIAN_POINT('',(-1.178690473323,-0.85052038736));
#10859 = CARTESIAN_POINT('',(-1.178480818663,-0.849239256365));
#10860 = CARTESIAN_POINT('',(-1.178317411517,-0.84794786498));
#10861 = CARTESIAN_POINT('',(-1.178199565257,-0.846647145381));
#10862 = CARTESIAN_POINT('',(-1.178126480496,-0.845337994191));
#10863 = CARTESIAN_POINT('',(-1.178097245096,-0.844021272475));
#10864 = ( GEOMETRIC_REPRESENTATION_CONTEXT(2) 
PARAMETRIC_REPRESENTATION_CONTEXT() REPRESENTATION_CONTEXT('2D SPACE',''
  ) );
#10865 = ORIENTED_EDGE('',*,*,#10866,.F.);
#10866 = EDGE_CURVE('',#4778,#10712,#10867,.T.);
#10867 = SURFACE_CURVE('',#10868,(#10871,#10878),.PCURVE_S1.);
#10868 = B_SPLINE_CURVE_WITH_KNOTS('',1,(#10869,#10870),.UNSPECIFIED.,
  .F.,.F.,(2,2),(0.,1.),.PIECEWISE_BEZIER_KNOTS.);
#10869 = CARTESIAN_POINT('',(-8.145688733075,-4.140555765887,
    -1.446944832201));
#10870 = CARTESIAN_POINT('',(-3.070817866247,-1.560935243013,
    4.955821212164));
#10871 = PCURVE('',#4903,#10872);
#10872 = DEFINITIONAL_REPRESENTATION('',(#10873),#10877);
#10873 = LINE('',#10874,#10875);
#10874 = CARTESIAN_POINT('',(0.,1.));
#10875 = VECTOR('',#10876,1.);
#10876 = DIRECTION('',(1.,0.));
#10877 = ( GEOMETRIC_REPRESENTATION_CONTEXT(2) 
PARAMETRIC_REPRESENTATION_CONTEXT() REPRESENTATION_CONTEXT('2D SPACE',''
  ) );
#10878 = PCURVE('',#5018,#10879);
#10879 = DEFINITIONAL_REPRESENTATION('',(#10880),#10884);
#10880 = LINE('',#10881,#10882);
#10881 = CARTESIAN_POINT('',(0.,0.));
#10882 = VECTOR('',#10883,1.);
#10883 = DIRECTION('',(1.,0.));
#10884 = ( GEOMETRIC_REPRESENTATION_CONTEXT(2) 
PARAMETRIC_REPRESENTATION_CONTEXT() REPRESENTATION_CONTEXT('2D SPACE',''
  ) );
#10885 = ADVANCED_FACE('',(#10886),#5018,.F.);
#10886 = FACE_BOUND('',#10887,.F.);
#10887 = EDGE_LOOP('',(#10888,#10910,#10911,#10912));
#10888 = ORIENTED_EDGE('',*,*,#10889,.F.);
#10889 = EDGE_CURVE('',#4975,#10890,#10892,.T.);
#10890 = VERTEX_POINT('',#10891);
#10891 = CARTESIAN_POINT('',(-4.131756697851,-2.521140212975,
    4.77609800971));
#10892 = SURFACE_CURVE('',#10893,(#10896,#10903),.PCURVE_S1.);
#10893 = B_SPLINE_CURVE_WITH_KNOTS('',1,(#10894,#10895),.UNSPECIFIED.,
  .F.,.F.,(2,2),(0.,1.),.PIECEWISE_BEZIER_KNOTS.);
#10894 = CARTESIAN_POINT('',(-8.999396612459,-5.491306083917,
    1.7763568394E-15));
#10895 = CARTESIAN_POINT('',(-3.392654545068,-2.070150405214,
    5.501300445142));
#10896 = PCURVE('',#5018,#10897);
#10897 = DEFINITIONAL_REPRESENTATION('',(#10898),#10902);
#10898 = LINE('',#10899,#10900);
#10899 = CARTESIAN_POINT('',(0.,1.));
#10900 = VECTOR('',#10901,1.);
#10901 = DIRECTION('',(1.,0.));
#10902 = ( GEOMETRIC_REPRESENTATION_CONTEXT(2) 
PARAMETRIC_REPRESENTATION_CONTEXT() REPRESENTATION_CONTEXT('2D SPACE',''
  ) );
#10903 = PCURVE('',#5068,#10904);
#10904 = DEFINITIONAL_REPRESENTATION('',(#10905),#10909);
#10905 = LINE('',#10906,#10907);
#10906 = CARTESIAN_POINT('',(0.,0.));
#10907 = VECTOR('',#10908,1.);
#10908 = DIRECTION('',(1.,0.));
#10909 = ( GEOMETRIC_REPRESENTATION_CONTEXT(2) 
PARAMETRIC_REPRESENTATION_CONTEXT() REPRESENTATION_CONTEXT('2D SPACE',''
  ) );
#10910 = ORIENTED_EDGE('',*,*,#4974,.F.);
#10911 = ORIENTED_EDGE('',*,*,#10866,.T.);
#10912 = ORIENTED_EDGE('',*,*,#10913,.T.);
#10913 = EDGE_CURVE('',#10712,#10890,#10914,.T.);
#10914 = SURFACE_CURVE('',#10915,(#10930,#10948),.PCURVE_S1.);
#10915 = B_SPLINE_CURVE_WITH_KNOTS('',7,(#10916,#10917,#10918,#10919,
    #10920,#10921,#10922,#10923,#10924,#10925,#10926,#10927,#10928,
    #10929),.UNSPECIFIED.,.F.,.F.,(8,6,8),(0.,0.85048872591,1.),
  .UNSPECIFIED.);
#10916 = CARTESIAN_POINT('',(-3.739806726031,-1.900990672513,
    4.111784138534));
#10917 = CARTESIAN_POINT('',(-3.814671925308,-1.953562800794,
    4.192303613433));
#10918 = CARTESIAN_POINT('',(-3.880244988852,-2.016520534593,
    4.273314992374));
#10919 = CARTESIAN_POINT('',(-3.936971690077,-2.087894741801,
    4.354277812008));
#10920 = CARTESIAN_POINT('',(-3.985785001479,-2.1654025231,
    4.435014641855));
#10921 = CARTESIAN_POINT('',(-4.027746107758,-2.246998959061,
    4.515535050347));
#10922 = CARTESIAN_POINT('',(-4.063960562528,-2.331028054423,
    4.595981950626));
#10923 = CARTESIAN_POINT('',(-4.101157802968,-2.431057495598,
    4.690848309496));
#10924 = CARTESIAN_POINT('',(-4.106576966068,-2.446043247723,
    4.70503723819));
#10925 = CARTESIAN_POINT('',(-4.111860038535,-2.461051014186,
    4.719232536637));
#10926 = CARTESIAN_POINT('',(-4.117013236712,-2.476072648152,
    4.73343523485));
#10927 = CARTESIAN_POINT('',(-4.122042840202,-2.491100064534,
    4.747646361608));
#10928 = CARTESIAN_POINT('',(-4.126955191871,-2.506125240002,
    4.761866944456));
#10929 = CARTESIAN_POINT('',(-4.131756697851,-2.521140212975,
    4.77609800971));
#10930 = PCURVE('',#5018,#10931);
#10931 = DEFINITIONAL_REPRESENTATION('',(#10932),#10947);
#10932 = B_SPLINE_CURVE_WITH_KNOTS('',7,(#10933,#10934,#10935,#10936,
    #10937,#10938,#10939,#10940,#10941,#10942,#10943,#10944,#10945,
    #10946),.UNSPECIFIED.,.F.,.F.,(8,6,8),(0.,0.85048872591,1.),
  .UNSPECIFIED.);
#10933 = CARTESIAN_POINT('',(0.868176180766,0.));
#10934 = CARTESIAN_POINT('',(0.86817949558,0.121319399768));
#10935 = CARTESIAN_POINT('',(0.868182887861,0.24325615361));
#10936 = CARTESIAN_POINT('',(0.868175989235,0.365136131986));
#10937 = CARTESIAN_POINT('',(0.86816834889,0.486634355891));
#10938 = CARTESIAN_POINT('',(0.868169537288,0.607730152704));
#10939 = CARTESIAN_POINT('',(0.868178832595,0.728696944239));
#10940 = CARTESIAN_POINT('',(0.868181617035,0.871521327208));
#10941 = CARTESIAN_POINT('',(0.868181817794,0.892887822741));
#10942 = CARTESIAN_POINT('',(0.868181721623,0.914269419187));
#10943 = CARTESIAN_POINT('',(0.868181231159,0.935668690791));
#10944 = CARTESIAN_POINT('',(0.868180233067,0.9570883252));
#10945 = CARTESIAN_POINT('',(0.868178598032,0.978531123456));
#10946 = CARTESIAN_POINT('',(0.868176180766,1.));
#10947 = ( GEOMETRIC_REPRESENTATION_CONTEXT(2) 
PARAMETRIC_REPRESENTATION_CONTEXT() REPRESENTATION_CONTEXT('2D SPACE',''
  ) );
#10948 = PCURVE('',#200,#10949);
#10949 = DEFINITIONAL_REPRESENTATION('',(#10950),#10965);
#10950 = B_SPLINE_CURVE_WITH_KNOTS('',7,(#10951,#10952,#10953,#10954,
    #10955,#10956,#10957,#10958,#10959,#10960,#10961,#10962,#10963,
    #10964),.UNSPECIFIED.,.F.,.F.,(8,6,8),(0.,0.85048872591,1.),
  .UNSPECIFIED.);
#10951 = CARTESIAN_POINT('',(-1.178097245096,-0.844021272475));
#10952 = CARTESIAN_POINT('',(-1.175012483701,-0.824828152036));
#10953 = CARTESIAN_POINT('',(-1.168872518039,-0.806001160694));
#10954 = CARTESIAN_POINT('',(-1.160410635045,-0.787624245497));
#10955 = CARTESIAN_POINT('',(-1.150330758488,-0.769685288886));
#10956 = CARTESIAN_POINT('',(-1.139188361463,-0.752142167003));
#10957 = CARTESIAN_POINT('',(-1.127421954373,-0.734930926468));
#10958 = CARTESIAN_POINT('',(-1.113278333683,-0.714980694799));
#10959 = CARTESIAN_POINT('',(-1.111155885959,-0.71200585385));
#10960 = CARTESIAN_POINT('',(-1.109027679026,-0.709038609861));
#10961 = CARTESIAN_POINT('',(-1.106895735147,-0.706078623336));
#10962 = CARTESIAN_POINT('',(-1.104762041085,-0.703125561922));
#10963 = CARTESIAN_POINT('',(-1.102628548104,-0.700179100416));
#10964 = CARTESIAN_POINT('',(-1.100497171964,-0.697238920763));
#10965 = ( GEOMETRIC_REPRESENTATION_CONTEXT(2) 
PARAMETRIC_REPRESENTATION_CONTEXT() REPRESENTATION_CONTEXT('2D SPACE',''
  ) );
#10966 = ADVANCED_FACE('',(#10967),#5068,.F.);
#10967 = FACE_BOUND('',#10968,.F.);
#10968 = EDGE_LOOP('',(#10969,#10970,#10971,#11001));
#10969 = ORIENTED_EDGE('',*,*,#5048,.F.);
#10970 = ORIENTED_EDGE('',*,*,#10889,.T.);
#10971 = ORIENTED_EDGE('',*,*,#10972,.T.);
#10972 = EDGE_CURVE('',#10890,#10973,#10975,.T.);
#10973 = VERTEX_POINT('',#10974);
#10974 = CARTESIAN_POINT('',(-3.91038467619,-2.852446856286,
    4.77609800971));
#10975 = SURFACE_CURVE('',#10976,(#10982,#10991),.PCURVE_S1.);
#10976 = B_SPLINE_CURVE_WITH_KNOTS('',4,(#10977,#10978,#10979,#10980,
    #10981),.UNSPECIFIED.,.F.,.F.,(5,5),(0.,1.),
  .PIECEWISE_BEZIER_KNOTS.);
#10977 = CARTESIAN_POINT('',(-4.131756697851,-2.521140212975,
    4.77609800971));
#10978 = CARTESIAN_POINT('',(-4.079855607369,-2.606198980906,
    4.77609800971));
#10979 = CARTESIAN_POINT('',(-4.025618205049,-2.689832089033,
    4.77609800971));
#10980 = CARTESIAN_POINT('',(-3.969107043493,-2.77194591981,
    4.77609800971));
#10981 = CARTESIAN_POINT('',(-3.91038467619,-2.852446856286,
    4.77609800971));
#10982 = PCURVE('',#5068,#10983);
#10983 = DEFINITIONAL_REPRESENTATION('',(#10984),#10990);
#10984 = B_SPLINE_CURVE_WITH_KNOTS('',4,(#10985,#10986,#10987,#10988,
    #10989),.UNSPECIFIED.,.F.,.F.,(5,5),(0.,1.),
  .PIECEWISE_BEZIER_KNOTS.);
#10985 = CARTESIAN_POINT('',(0.868176180766,0.));
#10986 = CARTESIAN_POINT('',(0.868176180766,0.24999999594));
#10987 = CARTESIAN_POINT('',(0.868176180766,0.5));
#10988 = CARTESIAN_POINT('',(0.868176180766,0.75000000406));
#10989 = CARTESIAN_POINT('',(0.868176180766,1.));
#10990 = ( GEOMETRIC_REPRESENTATION_CONTEXT(2) 
PARAMETRIC_REPRESENTATION_CONTEXT() REPRESENTATION_CONTEXT('2D SPACE',''
  ) );
#10991 = PCURVE('',#200,#10992);
#10992 = DEFINITIONAL_REPRESENTATION('',(#10993),#11000);
#10993 = B_SPLINE_CURVE_WITH_KNOTS('',5,(#10994,#10995,#10996,#10997,
    #10998,#10999),.UNSPECIFIED.,.F.,.F.,(6,6),(0.,1.),
  .PIECEWISE_BEZIER_KNOTS.);
#10994 = CARTESIAN_POINT('',(-1.100497171964,-0.697238920763));
#10995 = CARTESIAN_POINT('',(-1.084027952569,-0.697238880386));
#10996 = CARTESIAN_POINT('',(-1.067558744483,-0.69723895441));
#10997 = CARTESIAN_POINT('',(-1.051089519146,-0.69723895441));
#10998 = CARTESIAN_POINT('',(-1.03462031106,-0.697238880386));
#10999 = CARTESIAN_POINT('',(-1.018151091664,-0.697238920763));
#11000 = ( GEOMETRIC_REPRESENTATION_CONTEXT(2) 
PARAMETRIC_REPRESENTATION_CONTEXT() REPRESENTATION_CONTEXT('2D SPACE',''
  ) );
#11001 = ORIENTED_EDGE('',*,*,#11002,.F.);
#11002 = EDGE_CURVE('',#5049,#10973,#11003,.T.);
#11003 = SURFACE_CURVE('',#11004,(#11007,#11014),.PCURVE_S1.);
#11004 = B_SPLINE_CURVE_WITH_KNOTS('',1,(#11005,#11006),.UNSPECIFIED.,
  .F.,.F.,(2,2),(0.,1.),.PIECEWISE_BEZIER_KNOTS.);
#11005 = CARTESIAN_POINT('',(-8.517225282556,-6.212926474841,
    1.7763568394E-15));
#11006 = CARTESIAN_POINT('',(-3.210882274733,-2.34219183249,
    5.501300445142));
#11007 = PCURVE('',#5068,#11008);
#11008 = DEFINITIONAL_REPRESENTATION('',(#11009),#11013);
#11009 = LINE('',#11010,#11011);
#11010 = CARTESIAN_POINT('',(0.,1.));
#11011 = VECTOR('',#11012,1.);
#11012 = DIRECTION('',(1.,0.));
#11013 = ( GEOMETRIC_REPRESENTATION_CONTEXT(2) 
PARAMETRIC_REPRESENTATION_CONTEXT() REPRESENTATION_CONTEXT('2D SPACE',''
  ) );
#11014 = PCURVE('',#5120,#11015);
#11015 = DEFINITIONAL_REPRESENTATION('',(#11016),#11020);
#11016 = LINE('',#11017,#11018);
#11017 = CARTESIAN_POINT('',(0.,0.));
#11018 = VECTOR('',#11019,1.);
#11019 = DIRECTION('',(1.,0.));
#11020 = ( GEOMETRIC_REPRESENTATION_CONTEXT(2) 
PARAMETRIC_REPRESENTATION_CONTEXT() REPRESENTATION_CONTEXT('2D SPACE',''
  ) );
#11021 = ADVANCED_FACE('',(#11022),#5120,.F.);
#11022 = FACE_BOUND('',#11023,.F.);
#11023 = EDGE_LOOP('',(#11024,#11025,#11026,#11076));
#11024 = ORIENTED_EDGE('',*,*,#5086,.F.);
#11025 = ORIENTED_EDGE('',*,*,#11002,.T.);
#11026 = ORIENTED_EDGE('',*,*,#11027,.T.);
#11027 = EDGE_CURVE('',#10973,#11028,#11030,.T.);
#11028 = VERTEX_POINT('',#11029);
#11029 = CARTESIAN_POINT('',(-3.187448448129,-2.727653254277,
    4.111784138534));
#11030 = SURFACE_CURVE('',#11031,(#11044,#11060),.PCURVE_S1.);
#11031 = B_SPLINE_CURVE_WITH_KNOTS('',6,(#11032,#11033,#11034,#11035,
    #11036,#11037,#11038,#11039,#11040,#11041,#11042,#11043),
  .UNSPECIFIED.,.F.,.F.,(7,5,7),(0.,0.745763280029,1.),.UNSPECIFIED.);
#11032 = CARTESIAN_POINT('',(-3.91038467619,-2.852446856286,
    4.77609800971));
#11033 = CARTESIAN_POINT('',(-3.818970056864,-2.860069656664,
    4.693286410321));
#11034 = CARTESIAN_POINT('',(-3.725807889772,-2.86425706387,
    4.610893148982));
#11035 = CARTESIAN_POINT('',(-3.631852984141,-2.863075096227,
    4.528585140989));
#11036 = CARTESIAN_POINT('',(-3.538272038887,-2.854659293719,
    4.446177554959));
#11037 = CARTESIAN_POINT('',(-3.446673171403,-2.836939000533,
    4.363549831198));
#11038 = CARTESIAN_POINT('',(-3.328905579261,-2.798072517986,
    4.252610892893));
#11039 = CARTESIAN_POINT('',(-3.299409991173,-2.786884271872,
    4.224400248528));
#11040 = CARTESIAN_POINT('',(-3.270435067042,-2.774314384546,
    4.196193047254));
#11041 = CARTESIAN_POINT('',(-3.242061551108,-2.760291893357,
    4.168004839059));
#11042 = CARTESIAN_POINT('',(-3.214372198594,-2.744754456483,
    4.139858299096));
#11043 = CARTESIAN_POINT('',(-3.187448448129,-2.727653254277,
    4.111784138534));
#11044 = PCURVE('',#5120,#11045);
#11045 = DEFINITIONAL_REPRESENTATION('',(#11046),#11059);
#11046 = B_SPLINE_CURVE_WITH_KNOTS('',6,(#11047,#11048,#11049,#11050,
    #11051,#11052,#11053,#11054,#11055,#11056,#11057,#11058),
  .UNSPECIFIED.,.F.,.F.,(7,5,7),(0.,0.745763280029,1.),.UNSPECIFIED.);
#11047 = CARTESIAN_POINT('',(0.868176180766,0.));
#11048 = CARTESIAN_POINT('',(0.868190247014,0.124928947483));
#11049 = CARTESIAN_POINT('',(0.868177102039,0.248869826711));
#11050 = CARTESIAN_POINT('',(0.868168239926,0.372619592875));
#11051 = CARTESIAN_POINT('',(0.868171177296,0.496589379848));
#11052 = CARTESIAN_POINT('',(0.868176084748,0.620926904816));
#11053 = CARTESIAN_POINT('',(0.868178901352,0.787921073052));
#11054 = CARTESIAN_POINT('',(0.868179296179,0.830390735346));
#11055 = CARTESIAN_POINT('',(0.868179193195,0.872860271321));
#11056 = CARTESIAN_POINT('',(0.868178498828,0.91530722039));
#11057 = CARTESIAN_POINT('',(0.868177336519,0.957700415798));
#11058 = CARTESIAN_POINT('',(0.868176180766,1.));
#11059 = ( GEOMETRIC_REPRESENTATION_CONTEXT(2) 
PARAMETRIC_REPRESENTATION_CONTEXT() REPRESENTATION_CONTEXT('2D SPACE',''
  ) );
#11060 = PCURVE('',#200,#11061);
#11061 = DEFINITIONAL_REPRESENTATION('',(#11062),#11075);
#11062 = B_SPLINE_CURVE_WITH_KNOTS('',6,(#11063,#11064,#11065,#11066,
    #11067,#11068,#11069,#11070,#11071,#11072,#11073,#11074),
  .UNSPECIFIED.,.F.,.F.,(7,5,7),(0.,0.745763280029,1.),.UNSPECIFIED.);
#11063 = CARTESIAN_POINT('',(-1.018151091664,-0.697238920763));
#11064 = CARTESIAN_POINT('',(-1.005748459545,-0.714348039105));
#11065 = CARTESIAN_POINT('',(-0.993279877202,-0.731664893052));
#11066 = CARTESIAN_POINT('',(-0.981147606565,-0.749281026639));
#11067 = CARTESIAN_POINT('',(-0.969804648072,-0.767267591196));
#11068 = CARTESIAN_POINT('',(-0.95985748527,-0.785695813616));
#11069 = CARTESIAN_POINT('',(-0.94941531304,-0.811036193492));
#11070 = CARTESIAN_POINT('',(-0.94701215185,-0.817531752926));
#11071 = CARTESIAN_POINT('',(-0.944891013407,-0.824080354504));
#11072 = CARTESIAN_POINT('',(-0.943084541157,-0.830680599798));
#11073 = CARTESIAN_POINT('',(-0.941626560652,-0.837329341789));
#11074 = CARTESIAN_POINT('',(-0.940551018533,-0.844021272475));
#11075 = ( GEOMETRIC_REPRESENTATION_CONTEXT(2) 
PARAMETRIC_REPRESENTATION_CONTEXT() REPRESENTATION_CONTEXT('2D SPACE',''
  ) );
#11076 = ORIENTED_EDGE('',*,*,#11077,.F.);
#11077 = EDGE_CURVE('',#5087,#11028,#11078,.T.);
#11078 = SURFACE_CURVE('',#11079,(#11082,#11089),.PCURVE_S1.);
#11079 = B_SPLINE_CURVE_WITH_KNOTS('',1,(#11080,#11081),.UNSPECIFIED.,
  .F.,.F.,(2,2),(0.,1.),.PIECEWISE_BEZIER_KNOTS.);
#11080 = CARTESIAN_POINT('',(-6.942594848675,-5.941113006308,
    -1.446944832201));
#11081 = CARTESIAN_POINT('',(-2.617267243819,-2.239721718199,
    4.955821212164));
#11082 = PCURVE('',#5120,#11083);
#11083 = DEFINITIONAL_REPRESENTATION('',(#11084),#11088);
#11084 = LINE('',#11085,#11086);
#11085 = CARTESIAN_POINT('',(0.,1.));
#11086 = VECTOR('',#11087,1.);
#11087 = DIRECTION('',(1.,0.));
#11088 = ( GEOMETRIC_REPRESENTATION_CONTEXT(2) 
PARAMETRIC_REPRESENTATION_CONTEXT() REPRESENTATION_CONTEXT('2D SPACE',''
  ) );
#11089 = PCURVE('',#5271,#11090);
#11090 = DEFINITIONAL_REPRESENTATION('',(#11091),#11095);
#11091 = LINE('',#11092,#11093);
#11092 = CARTESIAN_POINT('',(0.,0.));
#11093 = VECTOR('',#11094,1.);
#11094 = DIRECTION('',(1.,0.));
#11095 = ( GEOMETRIC_REPRESENTATION_CONTEXT(2) 
PARAMETRIC_REPRESENTATION_CONTEXT() REPRESENTATION_CONTEXT('2D SPACE',''
  ) );
#11096 = ADVANCED_FACE('',(#11097),#5271,.F.);
#11097 = FACE_BOUND('',#11098,.F.);
#11098 = EDGE_LOOP('',(#11099,#11100,#11101,#11256));
#11099 = ORIENTED_EDGE('',*,*,#5145,.F.);
#11100 = ORIENTED_EDGE('',*,*,#11077,.T.);
#11101 = ORIENTED_EDGE('',*,*,#11102,.T.);
#11102 = EDGE_CURVE('',#11028,#11103,#11105,.T.);
#11103 = VERTEX_POINT('',#11104);
#11104 = CARTESIAN_POINT('',(-2.727653254277,-3.187448448129,
    4.111784138534));
#11105 = SURFACE_CURVE('',#11106,(#11154,#11205),.PCURVE_S1.);
#11106 = B_SPLINE_CURVE_WITH_KNOTS('',6,(#11107,#11108,#11109,#11110,
    #11111,#11112,#11113,#11114,#11115,#11116,#11117,#11118,#11119,
    #11120,#11121,#11122,#11123,#11124,#11125,#11126,#11127,#11128,
    #11129,#11130,#11131,#11132,#11133,#11134,#11135,#11136,#11137,
    #11138,#11139,#11140,#11141,#11142,#11143,#11144,#11145,#11146,
    #11147,#11148,#11149,#11150,#11151,#11152,#11153),.UNSPECIFIED.,.F.,
  .F.,(7,5,5,5,5,5,5,5,5,7),(0.,4.541151421162E-02,0.145542360889,
    0.311563859934,0.500327508913,0.628188367669,0.689214464765,
    0.854282421041,0.955163580564,1.),.UNSPECIFIED.);
#11107 = CARTESIAN_POINT('',(-3.187448448129,-2.727653254277,
    4.111784138534));
#11108 = CARTESIAN_POINT('',(-3.182586507857,-2.723656164916,
    4.106189013558));
#11109 = CARTESIAN_POINT('',(-3.177623183412,-2.719820132874,
    4.100636542847));
#11110 = CARTESIAN_POINT('',(-3.172560078666,-2.716150075999,
    4.095130279997));
#11111 = CARTESIAN_POINT('',(-3.167399234281,-2.712650622747,
    4.089673889121));
#11112 = CARTESIAN_POINT('',(-3.162143127712,-2.709326112176,
    4.084271144844));
#11113 = CARTESIAN_POINT('',(-3.145001512657,-2.699244833098,
    4.067139920184));
#11114 = CARTESIAN_POINT('',(-3.132758545977,-2.693178722325,
    4.055632747292));
#11115 = CARTESIAN_POINT('',(-3.120098633541,-2.688026296966,
    4.044447495635));
#11116 = CARTESIAN_POINT('',(-3.107063219148,-2.683820218633,
    4.033626175526));
#11117 = CARTESIAN_POINT('',(-3.093702369488,-2.680580008358,
    4.023208895321));
#11118 = CARTESIAN_POINT('',(-3.057479706022,-2.674546966357,
    3.996692594531));
#11119 = CARTESIAN_POINT('',(-3.034144253411,-2.673450900578,
    3.981360787896));
#11120 = CARTESIAN_POINT('',(-3.010341728735,-2.675045020366,
    3.967412114539));
#11121 = CARTESIAN_POINT('',(-2.98635370753,-2.679232121993,
    3.954960448763));
#11122 = CARTESIAN_POINT('',(-2.962456392994,-2.685839853036,
    3.9440748257));
#11123 = CARTESIAN_POINT('',(-2.912131610761,-2.704700550962,
    3.924244488335));
#11124 = CARTESIAN_POINT('',(-2.8858034076,-2.717603407834,
    3.915768598276));
#11125 = CARTESIAN_POINT('',(-2.860268300948,-2.733086823561,
    3.909412321354));
#11126 = CARTESIAN_POINT('',(-2.835841573304,-2.750831677633,
    3.905183636098));
#11127 = CARTESIAN_POINT('',(-2.812812369517,-2.770534102632,
    3.903078259601));
#11128 = CARTESIAN_POINT('',(-2.7769969301,-2.80639962346,3.903109953961
    ));
#11129 = CARTESIAN_POINT('',(-2.76330550255,-2.82165140182,
    3.904097421176));
#11130 = CARTESIAN_POINT('',(-2.75047347083,-2.837583580956,
    3.906059393404));
#11131 = CARTESIAN_POINT('',(-2.738593186336,-2.854106587363,
    3.908996437945));
#11132 = CARTESIAN_POINT('',(-2.727759207358,-2.871127804265,
    3.912907717873));
#11133 = CARTESIAN_POINT('',(-2.713439297555,-2.896865525474,
    3.920118552937));
#11134 = CARTESIAN_POINT('',(-2.709072695052,-2.905272057669,
    3.922669088246));
#11135 = CARTESIAN_POINT('',(-2.704976459778,-2.913758939239,
    3.925439975013));
#11136 = CARTESIAN_POINT('',(-2.701160853688,-2.922314941315,
    3.928430318147));
#11137 = CARTESIAN_POINT('',(-2.697635945279,-2.930928377957,
    3.931638815665));
#11138 = CARTESIAN_POINT('',(-2.685690185012,-2.96300788246,
    3.944327800991));
#11139 = CARTESIAN_POINT('',(-2.679164987997,-2.986767709279,
    3.955178546782));
#11140 = CARTESIAN_POINT('',(-2.675034615413,-3.010613559406,
    3.967576266291));
#11141 = CARTESIAN_POINT('',(-2.673467775973,-3.034273919172,
    3.981452700762));
#11142 = CARTESIAN_POINT('',(-2.674559574961,-3.057472106369,
    3.996695734574));
#11143 = CARTESIAN_POINT('',(-2.680566300301,-3.093670573097,
    4.023180342293));
#11144 = CARTESIAN_POINT('',(-2.683829783939,-3.107131277469,
    4.033674870591));
#11145 = CARTESIAN_POINT('',(-2.688073607534,-3.120261593312,
    4.044579439777));
#11146 = CARTESIAN_POINT('',(-2.693277763136,-3.1330103535,
    4.055853029554));
#11147 = CARTESIAN_POINT('',(-2.699408722044,-3.145335284159,
    4.067452675503));
#11148 = CARTESIAN_POINT('',(-2.709537996166,-3.162477519328,
    4.08461511039));
#11149 = CARTESIAN_POINT('',(-2.712828977714,-3.167661925285,
    4.089951772502));
#11150 = CARTESIAN_POINT('',(-2.71629031462,-3.172753386912,
    4.095340583582));
#11151 = CARTESIAN_POINT('',(-2.71991782344,-3.177749531028,
    4.100777913645));
#11152 = CARTESIAN_POINT('',(-2.723707046977,-3.182648399278,
    4.106260238257));
#11153 = CARTESIAN_POINT('',(-2.727653254277,-3.187448448129,
    4.111784138534));
#11154 = PCURVE('',#5271,#11155);
#11155 = DEFINITIONAL_REPRESENTATION('',(#11156),#11204);
#11156 = B_SPLINE_CURVE_WITH_KNOTS('',6,(#11157,#11158,#11159,#11160,
    #11161,#11162,#11163,#11164,#11165,#11166,#11167,#11168,#11169,
    #11170,#11171,#11172,#11173,#11174,#11175,#11176,#11177,#11178,
    #11179,#11180,#11181,#11182,#11183,#11184,#11185,#11186,#11187,
    #11188,#11189,#11190,#11191,#11192,#11193,#11194,#11195,#11196,
    #11197,#11198,#11199,#11200,#11201,#11202,#11203),.UNSPECIFIED.,.F.,
  .F.,(7,5,5,5,5,5,5,5,5,7),(0.,4.541151421162E-02,0.145542360889,
    0.311563859934,0.500327508913,0.628188367669,0.689214464765,
    0.854282421041,0.955163580564,1.),.UNSPECIFIED.);
#11157 = CARTESIAN_POINT('',(0.868176180766,0.));
#11158 = CARTESIAN_POINT('',(0.868174088279,6.688128432745E-03));
#11159 = CARTESIAN_POINT('',(0.868172443606,1.343588145387E-02));
#11160 = CARTESIAN_POINT('',(0.868171198914,2.024227433277E-02));
#11161 = CARTESIAN_POINT('',(0.868170307927,2.71060926864E-02));
#11162 = CARTESIAN_POINT('',(0.868169725926,3.40258924793E-02));
#11163 = CARTESIAN_POINT('',(0.868168712581,5.637767032033E-02));
#11164 = CARTESIAN_POINT('',(0.868169309032,7.20204910164E-02));
#11165 = CARTESIAN_POINT('',(0.868170738397,8.790835000491E-02));
#11166 = CARTESIAN_POINT('',(0.868172599625,0.104019003834));
#11167 = CARTESIAN_POINT('',(0.868174573676,0.120327041431));
#11168 = CARTESIAN_POINT('',(0.868179550086,0.164120484356));
#11169 = CARTESIAN_POINT('',(0.868182380207,0.191907554647));
#11170 = CARTESIAN_POINT('',(0.868183907955,0.220023060129));
#11171 = CARTESIAN_POINT('',(0.868183952438,0.248356925732));
#11172 = CARTESIAN_POINT('',(0.868182839112,0.276822151842));
#11173 = CARTESIAN_POINT('',(0.868179034479,0.337779199986));
#11174 = CARTESIAN_POINT('',(0.868176142705,0.370292003064));
#11175 = CARTESIAN_POINT('',(0.868173078663,0.402821107511));
#11176 = CARTESIAN_POINT('',(0.868170749924,0.435339366119));
#11177 = CARTESIAN_POINT('',(0.868169591023,0.467840507321));
#11178 = CARTESIAN_POINT('',(0.868169608466,0.522365526412));
#11179 = CARTESIAN_POINT('',(0.868170150948,0.544383054996));
#11180 = CARTESIAN_POINT('',(0.868171232741,0.566404305245));
#11181 = CARTESIAN_POINT('',(0.868172750826,0.588430039417));
#11182 = CARTESIAN_POINT('',(0.868174525482,0.610456808621));
#11183 = CARTESIAN_POINT('',(0.868177191983,0.642986516723));
#11184 = CARTESIAN_POINT('',(0.868178060999,0.653494417512));
#11185 = CARTESIAN_POINT('',(0.86817891227,0.663999300135));
#11186 = CARTESIAN_POINT('',(0.868179720731,0.67449951255));
#11187 = CARTESIAN_POINT('',(0.868180461507,0.684992885521));
#11188 = CARTESIAN_POINT('',(0.868182863778,0.723834227166));
#11189 = CARTESIAN_POINT('',(0.868183949277,0.752131620156));
#11190 = CARTESIAN_POINT('',(0.868183886065,0.780298047977));
#11191 = CARTESIAN_POINT('',(0.86818235905,0.808247750766));
#11192 = CARTESIAN_POINT('',(0.868179549219,0.835872440665));
#11193 = CARTESIAN_POINT('',(0.868174579203,0.879633235345));
#11194 = CARTESIAN_POINT('',(0.868172589146,0.896062738584));
#11195 = CARTESIAN_POINT('',(0.868170713223,0.912291859853));
#11196 = CARTESIAN_POINT('',(0.86816927801,0.928294630778));
#11197 = CARTESIAN_POINT('',(0.868168694444,0.944048357179));
#11198 = CARTESIAN_POINT('',(0.868169763479,0.966414455005));
#11199 = CARTESIAN_POINT('',(0.868170353641,0.973243351547));
#11200 = CARTESIAN_POINT('',(0.868171246637,0.980017629147));
#11201 = CARTESIAN_POINT('',(0.868172485546,0.986735903853));
#11202 = CARTESIAN_POINT('',(0.868174114916,0.993397009958));
#11203 = CARTESIAN_POINT('',(0.868176180766,1.));
#11204 = ( GEOMETRIC_REPRESENTATION_CONTEXT(2) 
PARAMETRIC_REPRESENTATION_CONTEXT() REPRESENTATION_CONTEXT('2D SPACE',''
  ) );
#11205 = PCURVE('',#200,#11206);
#11206 = DEFINITIONAL_REPRESENTATION('',(#11207),#11255);
#11207 = B_SPLINE_CURVE_WITH_KNOTS('',6,(#11208,#11209,#11210,#11211,
    #11212,#11213,#11214,#11215,#11216,#11217,#11218,#11219,#11220,
    #11221,#11222,#11223,#11224,#11225,#11226,#11227,#11228,#11229,
    #11230,#11231,#11232,#11233,#11234,#11235,#11236,#11237,#11238,
    #11239,#11240,#11241,#11242,#11243,#11244,#11245,#11246,#11247,
    #11248,#11249,#11250,#11251,#11252,#11253,#11254),.UNSPECIFIED.,.F.,
  .F.,(7,5,5,5,5,5,5,5,5,7),(0.,4.541151421162E-02,0.145542360889,
    0.311563859934,0.500327508913,0.628188367669,0.689214464765,
    0.854282421041,0.955163580564,1.),.UNSPECIFIED.);
#11208 = CARTESIAN_POINT('',(-0.940551018533,-0.844021272475));
#11209 = CARTESIAN_POINT('',(-0.940521406413,-0.845354961097));
#11210 = CARTESIAN_POINT('',(-0.940446807783,-0.84668088294));
#11211 = CARTESIAN_POINT('',(-0.940326274396,-0.847998143046));
#11212 = CARTESIAN_POINT('',(-0.940158977015,-0.849305809169));
#11213 = CARTESIAN_POINT('',(-0.939944205403,-0.850602911775));
#11214 = CARTESIAN_POINT('',(-0.939101821516,-0.854722999016));
#11215 = CARTESIAN_POINT('',(-0.938288571031,-0.85750150913));
#11216 = CARTESIAN_POINT('',(-0.937235454508,-0.860212841387));
#11217 = CARTESIAN_POINT('',(-0.935939821994,-0.862845838122));
#11218 = CARTESIAN_POINT('',(-0.934403216928,-0.865389576474));
#11219 = CARTESIAN_POINT('',(-0.929695393545,-0.87188597625));
#11220 = CARTESIAN_POINT('',(-0.926112980251,-0.875665486565));
#11221 = CARTESIAN_POINT('',(-0.921914147218,-0.879123575729));
#11222 = CARTESIAN_POINT('',(-0.917158441787,-0.88222545978));
#11223 = CARTESIAN_POINT('',(-0.9119250218,-0.884947550151));
#11224 = CARTESIAN_POINT('',(-0.899908823086,-0.889920950612));
#11225 = CARTESIAN_POINT('',(-0.893011373244,-0.892057000717));
#11226 = CARTESIAN_POINT('',(-0.885731362452,-0.89366433962));
#11227 = CARTESIAN_POINT('',(-0.878200279075,-0.894735429111));
#11228 = CARTESIAN_POINT('',(-0.87054675907,-0.895268701728));
#11229 = CARTESIAN_POINT('',(-0.857708477814,-0.895260673862));
#11230 = CARTESIAN_POINT('',(-0.852524734528,-0.895010559471));
#11231 = CARTESIAN_POINT('',(-0.847380053881,-0.894513612833));
#11232 = CARTESIAN_POINT('',(-0.842313965989,-0.893770275131));
#11233 = CARTESIAN_POINT('',(-0.837366285836,-0.892781896895));
#11234 = CARTESIAN_POINT('',(-0.830290046148,-0.890963875182));
#11235 = CARTESIAN_POINT('',(-0.828039803938,-0.890321337101));
#11236 = CARTESIAN_POINT('',(-0.825829880466,-0.889623937523));
#11237 = CARTESIAN_POINT('',(-0.823664583968,-0.888872107346));
#11238 = CARTESIAN_POINT('',(-0.821548180192,-0.888066403044));
#11239 = CARTESIAN_POINT('',(-0.813903957102,-0.884884299425));
#11240 = CARTESIAN_POINT('',(-0.808709704676,-0.882171151412));
#11241 = CARTESIAN_POINT('',(-0.803988665776,-0.879082925739));
#11242 = CARTESIAN_POINT('',(-0.799818462705,-0.875642906315));
#11243 = CARTESIAN_POINT('',(-0.796257508853,-0.871885322538));
#11244 = CARTESIAN_POINT('',(-0.791548440642,-0.865396501782));
#11245 = CARTESIAN_POINT('',(-0.790000180698,-0.862833885056));
#11246 = CARTESIAN_POINT('',(-0.788696517408,-0.86018068678));
#11247 = CARTESIAN_POINT('',(-0.787639013045,-0.857448077479));
#11248 = CARTESIAN_POINT('',(-0.786824912914,-0.854647465718));
#11249 = CARTESIAN_POINT('',(-0.785991383142,-0.850520335528));
#11250 = CARTESIAN_POINT('',(-0.785781731675,-0.849239214568));
#11251 = CARTESIAN_POINT('',(-0.785618326958,-0.847947833405));
#11252 = CARTESIAN_POINT('',(-0.785500482375,-0.846647124195));
#11253 = CARTESIAN_POINT('',(-0.785427398561,-0.845337983537));
#11254 = CARTESIAN_POINT('',(-0.785398163397,-0.844021272475));
#11255 = ( GEOMETRIC_REPRESENTATION_CONTEXT(2) 
PARAMETRIC_REPRESENTATION_CONTEXT() REPRESENTATION_CONTEXT('2D SPACE',''
  ) );
#11256 = ORIENTED_EDGE('',*,*,#11257,.F.);
#11257 = EDGE_CURVE('',#5146,#11103,#11258,.T.);
#11258 = SURFACE_CURVE('',#11259,(#11262,#11269),.PCURVE_S1.);
#11259 = B_SPLINE_CURVE_WITH_KNOTS('',1,(#11260,#11261),.UNSPECIFIED.,
  .F.,.F.,(2,2),(0.,1.),.PIECEWISE_BEZIER_KNOTS.);
#11260 = CARTESIAN_POINT('',(-5.941113006308,-6.942594848675,
    -1.446944832201));
#11261 = CARTESIAN_POINT('',(-2.239721718199,-2.617267243819,
    4.955821212164));
#11262 = PCURVE('',#5271,#11263);
#11263 = DEFINITIONAL_REPRESENTATION('',(#11264),#11268);
#11264 = LINE('',#11265,#11266);
#11265 = CARTESIAN_POINT('',(0.,1.));
#11266 = VECTOR('',#11267,1.);
#11267 = DIRECTION('',(1.,0.));
#11268 = ( GEOMETRIC_REPRESENTATION_CONTEXT(2) 
PARAMETRIC_REPRESENTATION_CONTEXT() REPRESENTATION_CONTEXT('2D SPACE',''
  ) );
#11269 = PCURVE('',#5386,#11270);
#11270 = DEFINITIONAL_REPRESENTATION('',(#11271),#11275);
#11271 = LINE('',#11272,#11273);
#11272 = CARTESIAN_POINT('',(0.,0.));
#11273 = VECTOR('',#11274,1.);
#11274 = DIRECTION('',(1.,0.));
#11275 = ( GEOMETRIC_REPRESENTATION_CONTEXT(2) 
PARAMETRIC_REPRESENTATION_CONTEXT() REPRESENTATION_CONTEXT('2D SPACE',''
  ) );
#11276 = ADVANCED_FACE('',(#11277),#5386,.F.);
#11277 = FACE_BOUND('',#11278,.F.);
#11278 = EDGE_LOOP('',(#11279,#11301,#11302,#11303));
#11279 = ORIENTED_EDGE('',*,*,#11280,.F.);
#11280 = EDGE_CURVE('',#5343,#11281,#11283,.T.);
#11281 = VERTEX_POINT('',#11282);
#11282 = CARTESIAN_POINT('',(-2.852446856286,-3.91038467619,
    4.77609800971));
#11283 = SURFACE_CURVE('',#11284,(#11287,#11294),.PCURVE_S1.);
#11284 = B_SPLINE_CURVE_WITH_KNOTS('',1,(#11285,#11286),.UNSPECIFIED.,
  .F.,.F.,(2,2),(0.,1.),.PIECEWISE_BEZIER_KNOTS.);
#11285 = CARTESIAN_POINT('',(-6.212926474841,-8.517225282556,0.));
#11286 = CARTESIAN_POINT('',(-2.34219183249,-3.210882274733,
    5.501300445142));
#11287 = PCURVE('',#5386,#11288);
#11288 = DEFINITIONAL_REPRESENTATION('',(#11289),#11293);
#11289 = LINE('',#11290,#11291);
#11290 = CARTESIAN_POINT('',(0.,1.));
#11291 = VECTOR('',#11292,1.);
#11292 = DIRECTION('',(1.,0.));
#11293 = ( GEOMETRIC_REPRESENTATION_CONTEXT(2) 
PARAMETRIC_REPRESENTATION_CONTEXT() REPRESENTATION_CONTEXT('2D SPACE',''
  ) );
#11294 = PCURVE('',#5436,#11295);
#11295 = DEFINITIONAL_REPRESENTATION('',(#11296),#11300);
#11296 = LINE('',#11297,#11298);
#11297 = CARTESIAN_POINT('',(0.,0.));
#11298 = VECTOR('',#11299,1.);
#11299 = DIRECTION('',(1.,0.));
#11300 = ( GEOMETRIC_REPRESENTATION_CONTEXT(2) 
PARAMETRIC_REPRESENTATION_CONTEXT() REPRESENTATION_CONTEXT('2D SPACE',''
  ) );
#11301 = ORIENTED_EDGE('',*,*,#5342,.F.);
#11302 = ORIENTED_EDGE('',*,*,#11257,.T.);
#11303 = ORIENTED_EDGE('',*,*,#11304,.T.);
#11304 = EDGE_CURVE('',#11103,#11281,#11305,.T.);
#11305 = SURFACE_CURVE('',#11306,(#11321,#11339),.PCURVE_S1.);
#11306 = B_SPLINE_CURVE_WITH_KNOTS('',7,(#11307,#11308,#11309,#11310,
    #11311,#11312,#11313,#11314,#11315,#11316,#11317,#11318,#11319,
    #11320),.UNSPECIFIED.,.F.,.F.,(8,6,8),(0.,0.850488666942,1.),
  .UNSPECIFIED.);
#11307 = CARTESIAN_POINT('',(-2.727653254277,-3.187448448129,
    4.111784138534));
#11308 = CARTESIAN_POINT('',(-2.776701193684,-3.264668427492,
    4.192303607843));
#11309 = CARTESIAN_POINT('',(-2.813189921659,-3.347927508005,
    4.273314981141));
#11310 = CARTESIAN_POINT('',(-2.838284833111,-3.435577039247,
    4.354277795174));
#11311 = CARTESIAN_POINT('',(-2.853721509583,-3.525864930741,
    4.435014619468));
#11312 = CARTESIAN_POINT('',(-2.86126291432,-3.617308021357,
    4.515535022428));
#11313 = CARTESIAN_POINT('',(-2.862564167306,-3.708799448183,
    4.59598191715));
#11314 = CARTESIAN_POINT('',(-2.858650328791,-3.815449369589,
    4.690848275927));
#11315 = CARTESIAN_POINT('',(-2.85792218358,-3.831368229532,
    4.705037210203));
#11316 = CARTESIAN_POINT('',(-2.857059882377,-3.847255348424,
    4.719232514236));
#11317 = CARTESIAN_POINT('',(-2.856072286002,-3.863105578455,
    4.733435218039));
#11318 = CARTESIAN_POINT('',(-2.854968290092,-3.878913853075,
    4.747646350393));
#11319 = CARTESIAN_POINT('',(-2.853756825097,-3.894675186995,
    4.761866938845));
#11320 = CARTESIAN_POINT('',(-2.852446856286,-3.91038467619,
    4.77609800971));
#11321 = PCURVE('',#5386,#11322);
#11322 = DEFINITIONAL_REPRESENTATION('',(#11323),#11338);
#11323 = B_SPLINE_CURVE_WITH_KNOTS('',7,(#11324,#11325,#11326,#11327,
    #11328,#11329,#11330,#11331,#11332,#11333,#11334,#11335,#11336,
    #11337),.UNSPECIFIED.,.F.,.F.,(8,6,8),(0.,0.850488666942,1.),
  .UNSPECIFIED.);
#11324 = CARTESIAN_POINT('',(0.868176180766,0.));
#11325 = CARTESIAN_POINT('',(0.868179495579,0.121319391346));
#11326 = CARTESIAN_POINT('',(0.86818288786,0.243256136702));
#11327 = CARTESIAN_POINT('',(0.868175989237,0.365136106645));
#11328 = CARTESIAN_POINT('',(0.868168348892,0.486634322201));
#11329 = CARTESIAN_POINT('',(0.868169537288,0.607730110717));
#11330 = CARTESIAN_POINT('',(0.868178832591,0.7286968939));
#11331 = CARTESIAN_POINT('',(0.868181617035,0.871521276657));
#11332 = CARTESIAN_POINT('',(0.868181817795,0.892887780586));
#11333 = CARTESIAN_POINT('',(0.868181721624,0.914269385434));
#11334 = CARTESIAN_POINT('',(0.868181231161,0.935668665453));
#11335 = CARTESIAN_POINT('',(0.868180233068,0.957088308289));
#11336 = CARTESIAN_POINT('',(0.868178598033,0.97853111499));
#11337 = CARTESIAN_POINT('',(0.868176180766,1.));
#11338 = ( GEOMETRIC_REPRESENTATION_CONTEXT(2) 
PARAMETRIC_REPRESENTATION_CONTEXT() REPRESENTATION_CONTEXT('2D SPACE',''
  ) );
#11339 = PCURVE('',#200,#11340);
#11340 = DEFINITIONAL_REPRESENTATION('',(#11341),#11356);
#11341 = B_SPLINE_CURVE_WITH_KNOTS('',7,(#11342,#11343,#11344,#11345,
    #11346,#11347,#11348,#11349,#11350,#11351,#11352,#11353,#11354,
    #11355),.UNSPECIFIED.,.F.,.F.,(8,6,8),(0.,0.850488666942,1.),
  .UNSPECIFIED.);
#11342 = CARTESIAN_POINT('',(-0.785398163397,-0.844021272475));
#11343 = CARTESIAN_POINT('',(-0.782313402216,-0.824828153369));
#11344 = CARTESIAN_POINT('',(-0.776173437192,-0.806001163304));
#11345 = CARTESIAN_POINT('',(-0.767711555105,-0.787624249318));
#11346 = CARTESIAN_POINT('',(-0.757631679584,-0.76968529386));
#11347 = CARTESIAN_POINT('',(-0.746489283627,-0.752142173085));
#11348 = CARTESIAN_POINT('',(-0.734722877571,-0.734930933631));
#11349 = CARTESIAN_POINT('',(-0.720579257006,-0.714980701837));
#11350 = CARTESIAN_POINT('',(-0.718456808456,-0.7120058597));
#11351 = CARTESIAN_POINT('',(-0.71632860069,-0.70903861453));
#11352 = CARTESIAN_POINT('',(-0.714196655972,-0.706078626829));
#11353 = CARTESIAN_POINT('',(-0.712062961069,-0.703125564245));
#11354 = CARTESIAN_POINT('',(-0.709929467246,-0.700179101575));
#11355 = CARTESIAN_POINT('',(-0.707798090266,-0.697238920763));
#11356 = ( GEOMETRIC_REPRESENTATION_CONTEXT(2) 
PARAMETRIC_REPRESENTATION_CONTEXT() REPRESENTATION_CONTEXT('2D SPACE',''
  ) );
#11357 = ADVANCED_FACE('',(#11358),#5436,.F.);
#11358 = FACE_BOUND('',#11359,.F.);
#11359 = EDGE_LOOP('',(#11360,#11361,#11362,#11392));
#11360 = ORIENTED_EDGE('',*,*,#5416,.F.);
#11361 = ORIENTED_EDGE('',*,*,#11280,.T.);
#11362 = ORIENTED_EDGE('',*,*,#11363,.T.);
#11363 = EDGE_CURVE('',#11281,#11364,#11366,.T.);
#11364 = VERTEX_POINT('',#11365);
#11365 = CARTESIAN_POINT('',(-2.521140212975,-4.131756697851,
    4.77609800971));
#11366 = SURFACE_CURVE('',#11367,(#11373,#11382),.PCURVE_S1.);
#11367 = B_SPLINE_CURVE_WITH_KNOTS('',4,(#11368,#11369,#11370,#11371,
    #11372),.UNSPECIFIED.,.F.,.F.,(5,5),(0.,1.),
  .PIECEWISE_BEZIER_KNOTS.);
#11368 = CARTESIAN_POINT('',(-2.852446856286,-3.91038467619,
    4.77609800971));
#11369 = CARTESIAN_POINT('',(-2.77194591981,-3.969107043493,
    4.77609800971));
#11370 = CARTESIAN_POINT('',(-2.689832089033,-4.025618205049,
    4.77609800971));
#11371 = CARTESIAN_POINT('',(-2.606198980906,-4.079855607369,
    4.77609800971));
#11372 = CARTESIAN_POINT('',(-2.521140212975,-4.131756697851,
    4.77609800971));
#11373 = PCURVE('',#5436,#11374);
#11374 = DEFINITIONAL_REPRESENTATION('',(#11375),#11381);
#11375 = B_SPLINE_CURVE_WITH_KNOTS('',4,(#11376,#11377,#11378,#11379,
    #11380),.UNSPECIFIED.,.F.,.F.,(5,5),(0.,1.),
  .PIECEWISE_BEZIER_KNOTS.);
#11376 = CARTESIAN_POINT('',(0.868176180766,0.));
#11377 = CARTESIAN_POINT('',(0.868176180766,0.24999999594));
#11378 = CARTESIAN_POINT('',(0.868176180766,0.5));
#11379 = CARTESIAN_POINT('',(0.868176180766,0.75000000406));
#11380 = CARTESIAN_POINT('',(0.868176180766,1.));
#11381 = ( GEOMETRIC_REPRESENTATION_CONTEXT(2) 
PARAMETRIC_REPRESENTATION_CONTEXT() REPRESENTATION_CONTEXT('2D SPACE',''
  ) );
#11382 = PCURVE('',#200,#11383);
#11383 = DEFINITIONAL_REPRESENTATION('',(#11384),#11391);
#11384 = B_SPLINE_CURVE_WITH_KNOTS('',5,(#11385,#11386,#11387,#11388,
    #11389,#11390),.UNSPECIFIED.,.F.,.F.,(6,6),(0.,1.),
  .PIECEWISE_BEZIER_KNOTS.);
#11385 = CARTESIAN_POINT('',(-0.707798090266,-0.697238920763));
#11386 = CARTESIAN_POINT('',(-0.69132887087,-0.697238880386));
#11387 = CARTESIAN_POINT('',(-0.674859662784,-0.69723895441));
#11388 = CARTESIAN_POINT('',(-0.658390437447,-0.69723895441));
#11389 = CARTESIAN_POINT('',(-0.641921229362,-0.697238880386));
#11390 = CARTESIAN_POINT('',(-0.625452009966,-0.697238920763));
#11391 = ( GEOMETRIC_REPRESENTATION_CONTEXT(2) 
PARAMETRIC_REPRESENTATION_CONTEXT() REPRESENTATION_CONTEXT('2D SPACE',''
  ) );
#11392 = ORIENTED_EDGE('',*,*,#11393,.F.);
#11393 = EDGE_CURVE('',#5417,#11364,#11394,.T.);
#11394 = SURFACE_CURVE('',#11395,(#11398,#11405),.PCURVE_S1.);
#11395 = B_SPLINE_CURVE_WITH_KNOTS('',1,(#11396,#11397),.UNSPECIFIED.,
  .F.,.F.,(2,2),(0.,1.),.PIECEWISE_BEZIER_KNOTS.);
#11396 = CARTESIAN_POINT('',(-5.491306083917,-8.999396612458,0.));
#11397 = CARTESIAN_POINT('',(-2.070150405214,-3.392654545068,
    5.501300445142));
#11398 = PCURVE('',#5436,#11399);
#11399 = DEFINITIONAL_REPRESENTATION('',(#11400),#11404);
#11400 = LINE('',#11401,#11402);
#11401 = CARTESIAN_POINT('',(0.,1.));
#11402 = VECTOR('',#11403,1.);
#11403 = DIRECTION('',(1.,0.));
#11404 = ( GEOMETRIC_REPRESENTATION_CONTEXT(2) 
PARAMETRIC_REPRESENTATION_CONTEXT() REPRESENTATION_CONTEXT('2D SPACE',''
  ) );
#11405 = PCURVE('',#5488,#11406);
#11406 = DEFINITIONAL_REPRESENTATION('',(#11407),#11411);
#11407 = LINE('',#11408,#11409);
#11408 = CARTESIAN_POINT('',(0.,0.));
#11409 = VECTOR('',#11410,1.);
#11410 = DIRECTION('',(1.,0.));
#11411 = ( GEOMETRIC_REPRESENTATION_CONTEXT(2) 
PARAMETRIC_REPRESENTATION_CONTEXT() REPRESENTATION_CONTEXT('2D SPACE',''
  ) );
#11412 = ADVANCED_FACE('',(#11413),#5488,.F.);
#11413 = FACE_BOUND('',#11414,.F.);
#11414 = EDGE_LOOP('',(#11415,#11416,#11417,#11467));
#11415 = ORIENTED_EDGE('',*,*,#5454,.F.);
#11416 = ORIENTED_EDGE('',*,*,#11393,.T.);
#11417 = ORIENTED_EDGE('',*,*,#11418,.T.);
#11418 = EDGE_CURVE('',#11364,#11419,#11421,.T.);
#11419 = VERTEX_POINT('',#11420);
#11420 = CARTESIAN_POINT('',(-1.900990672513,-3.739806726031,
    4.111784138534));
#11421 = SURFACE_CURVE('',#11422,(#11435,#11451),.PCURVE_S1.);
#11422 = B_SPLINE_CURVE_WITH_KNOTS('',6,(#11423,#11424,#11425,#11426,
    #11427,#11428,#11429,#11430,#11431,#11432,#11433,#11434),
  .UNSPECIFIED.,.F.,.F.,(7,5,7),(0.,0.74576327331,1.),.UNSPECIFIED.);
#11423 = CARTESIAN_POINT('',(-2.521140212975,-4.131756697851,
    4.77609800971));
#11424 = CARTESIAN_POINT('',(-2.433766998582,-4.10381638706,
    4.693286411068));
#11425 = CARTESIAN_POINT('',(-2.346093928631,-4.072033429324,
    4.610893150466));
#11426 = CARTESIAN_POINT('',(-2.259743234527,-4.034986448264,
    4.528585143213));
#11427 = CARTESIAN_POINT('',(-2.176506303431,-3.991399383813,
    4.446177557929));
#11428 = CARTESIAN_POINT('',(-2.098661247688,-3.939974599366,
    4.363549834921));
#11429 = CARTESIAN_POINT('',(-2.004731738187,-3.858998945797,
    4.25261089662));
#11430 = CARTESIAN_POINT('',(-1.981762923765,-3.837374880861,
    4.224400251509));
#11431 = CARTESIAN_POINT('',(-1.959803871361,-3.814673595303,
    4.196193049488));
#11432 = CARTESIAN_POINT('',(-1.938956335169,-3.790860427664,
    4.168004840546));
#11433 = CARTESIAN_POINT('',(-1.919320628233,-3.76590945066,
    4.139858299838));
#11434 = CARTESIAN_POINT('',(-1.900990672513,-3.739806726031,
    4.111784138534));
#11435 = PCURVE('',#5488,#11436);
#11436 = DEFINITIONAL_REPRESENTATION('',(#11437),#11450);
#11437 = B_SPLINE_CURVE_WITH_KNOTS('',6,(#11438,#11439,#11440,#11441,
    #11442,#11443,#11444,#11445,#11446,#11447,#11448,#11449),
  .UNSPECIFIED.,.F.,.F.,(7,5,7),(0.,0.74576327331,1.),.UNSPECIFIED.);
#11438 = CARTESIAN_POINT('',(0.868176180766,0.));
#11439 = CARTESIAN_POINT('',(0.868190247014,0.124928946357));
#11440 = CARTESIAN_POINT('',(0.868177102039,0.248869824478));
#11441 = CARTESIAN_POINT('',(0.868168239926,0.372619589531));
#11442 = CARTESIAN_POINT('',(0.868171177296,0.49658937538));
#11443 = CARTESIAN_POINT('',(0.868176084748,0.620926899214));
#11444 = CARTESIAN_POINT('',(0.868178901352,0.787921067441));
#11445 = CARTESIAN_POINT('',(0.868179296179,0.830390730858));
#11446 = CARTESIAN_POINT('',(0.868179193195,0.872860267956));
#11447 = CARTESIAN_POINT('',(0.868178498828,0.91530721815));
#11448 = CARTESIAN_POINT('',(0.868177336519,0.95770041468));
#11449 = CARTESIAN_POINT('',(0.868176180766,1.));
#11450 = ( GEOMETRIC_REPRESENTATION_CONTEXT(2) 
PARAMETRIC_REPRESENTATION_CONTEXT() REPRESENTATION_CONTEXT('2D SPACE',''
  ) );
#11451 = PCURVE('',#200,#11452);
#11452 = DEFINITIONAL_REPRESENTATION('',(#11453),#11466);
#11453 = B_SPLINE_CURVE_WITH_KNOTS('',6,(#11454,#11455,#11456,#11457,
    #11458,#11459,#11460,#11461,#11462,#11463,#11464,#11465),
  .UNSPECIFIED.,.F.,.F.,(7,5,7),(0.,0.74576327331,1.),.UNSPECIFIED.);
#11454 = CARTESIAN_POINT('',(-0.625452009966,-0.697238920763));
#11455 = CARTESIAN_POINT('',(-0.613049377958,-0.71434803895));
#11456 = CARTESIAN_POINT('',(-0.600580795728,-0.73166489274));
#11457 = CARTESIAN_POINT('',(-0.588448525194,-0.749281026163));
#11458 = CARTESIAN_POINT('',(-0.577105566782,-0.767267590548));
#11459 = CARTESIAN_POINT('',(-0.56715840402,-0.785695812785));
#11460 = CARTESIAN_POINT('',(-0.556716231658,-0.811036192634));
#11461 = CARTESIAN_POINT('',(-0.554313070375,-0.817531752234));
#11462 = CARTESIAN_POINT('',(-0.552191931851,-0.824080353981));
#11463 = CARTESIAN_POINT('',(-0.550385459535,-0.830680599447));
#11464 = CARTESIAN_POINT('',(-0.548927478982,-0.837329341612));
#11465 = CARTESIAN_POINT('',(-0.547851936834,-0.844021272475));
#11466 = ( GEOMETRIC_REPRESENTATION_CONTEXT(2) 
PARAMETRIC_REPRESENTATION_CONTEXT() REPRESENTATION_CONTEXT('2D SPACE',''
  ) );
#11467 = ORIENTED_EDGE('',*,*,#11468,.F.);
#11468 = EDGE_CURVE('',#5455,#11419,#11469,.T.);
#11469 = SURFACE_CURVE('',#11470,(#11473,#11480),.PCURVE_S1.);
#11470 = B_SPLINE_CURVE_WITH_KNOTS('',1,(#11471,#11472),.UNSPECIFIED.,
  .F.,.F.,(2,2),(0.,1.),.PIECEWISE_BEZIER_KNOTS.);
#11471 = CARTESIAN_POINT('',(-4.140555765887,-8.145688733075,
    -1.446944832201));
#11472 = CARTESIAN_POINT('',(-1.560935243013,-3.070817866247,
    4.955821212164));
#11473 = PCURVE('',#5488,#11474);
#11474 = DEFINITIONAL_REPRESENTATION('',(#11475),#11479);
#11475 = LINE('',#11476,#11477);
#11476 = CARTESIAN_POINT('',(0.,1.));
#11477 = VECTOR('',#11478,1.);
#11478 = DIRECTION('',(1.,0.));
#11479 = ( GEOMETRIC_REPRESENTATION_CONTEXT(2) 
PARAMETRIC_REPRESENTATION_CONTEXT() REPRESENTATION_CONTEXT('2D SPACE',''
  ) );
#11480 = PCURVE('',#5639,#11481);
#11481 = DEFINITIONAL_REPRESENTATION('',(#11482),#11486);
#11482 = LINE('',#11483,#11484);
#11483 = CARTESIAN_POINT('',(0.,0.));
#11484 = VECTOR('',#11485,1.);
#11485 = DIRECTION('',(1.,0.));
#11486 = ( GEOMETRIC_REPRESENTATION_CONTEXT(2) 
PARAMETRIC_REPRESENTATION_CONTEXT() REPRESENTATION_CONTEXT('2D SPACE',''
  ) );
#11487 = ADVANCED_FACE('',(#11488),#5639,.F.);
#11488 = FACE_BOUND('',#11489,.F.);
#11489 = EDGE_LOOP('',(#11490,#11491,#11492,#11647));
#11490 = ORIENTED_EDGE('',*,*,#5513,.F.);
#11491 = ORIENTED_EDGE('',*,*,#11468,.T.);
#11492 = ORIENTED_EDGE('',*,*,#11493,.T.);
#11493 = EDGE_CURVE('',#11419,#11494,#11496,.T.);
#11494 = VERTEX_POINT('',#11495);
#11495 = CARTESIAN_POINT('',(-1.300239300797,-3.98864609181,
    4.111784138534));
#11496 = SURFACE_CURVE('',#11497,(#11545,#11596),.PCURVE_S1.);
#11497 = B_SPLINE_CURVE_WITH_KNOTS('',6,(#11498,#11499,#11500,#11501,
    #11502,#11503,#11504,#11505,#11506,#11507,#11508,#11509,#11510,
    #11511,#11512,#11513,#11514,#11515,#11516,#11517,#11518,#11519,
    #11520,#11521,#11522,#11523,#11524,#11525,#11526,#11527,#11528,
    #11529,#11530,#11531,#11532,#11533,#11534,#11535,#11536,#11537,
    #11538,#11539,#11540,#11541,#11542,#11543,#11544),.UNSPECIFIED.,.F.,
  .F.,(7,5,5,5,5,5,5,5,5,7),(0.,4.541151420675E-02,0.145542360736,
    0.311563863906,0.500327512857,0.628188306627,0.689214403567,
    0.854282243666,0.955163036345,1.),.UNSPECIFIED.);
#11498 = CARTESIAN_POINT('',(-1.900990672513,-3.739806726031,
    4.111784138534));
#11499 = CARTESIAN_POINT('',(-1.898028445283,-3.73425331299,
    4.106189013558));
#11500 = CARTESIAN_POINT('',(-1.894910917324,-3.728809899466,
    4.100636542847));
#11501 = CARTESIAN_POINT('',(-1.891637688439,-3.723481642733,
    4.095130279997));
#11502 = CARTESIAN_POINT('',(-1.888208872724,-3.718273599855,
    4.089673889121));
#11503 = CARTESIAN_POINT('',(-1.884625098561,-3.713190727681,
    4.084271144844));
#11504 = CARTESIAN_POINT('',(-1.872646249749,-3.697317028208,
    4.0671399202));
#11505 = CARTESIAN_POINT('',(-1.86365662352,-3.687027492125,
    4.055632747324));
#11506 = CARTESIAN_POINT('',(-1.853932137375,-3.677422533059,
    4.044447495681));
#11507 = CARTESIAN_POINT('',(-1.843498581329,-3.668548186263,
    4.033626175585));
#11508 = CARTESIAN_POINT('',(-1.8323947406,-3.660441646508,
    4.023208895392));
#11509 = CARTESIAN_POINT('',(-1.801238107974,-3.641006028993,
    3.996692594195));
#11510 = CARTESIAN_POINT('',(-1.780098406575,-3.631063304949,
    3.981360787202));
#11511 = CARTESIAN_POINT('',(-1.757497697341,-3.623427247667,
    3.96741211356));
#11512 = CARTESIAN_POINT('',(-1.733733320427,-3.618115806902,
    3.95496044758));
#11513 = CARTESIAN_POINT('',(-1.709126410754,-3.61507544816,
    3.944074824395));
#11514 = CARTESIAN_POINT('',(-1.655414697088,-3.613242001086,
    3.924244487212));
#11515 = CARTESIAN_POINT('',(-1.626152899471,-3.615087319595,
    3.915768597378));
#11516 = CARTESIAN_POINT('',(-1.5966362904,-3.619620268492,
    3.909412320681));
#11517 = CARTESIAN_POINT('',(-1.567278275056,-3.62666667226,
    3.90518363565));
#11518 = CARTESIAN_POINT('',(-1.538462273468,-3.636056444952,
    3.903078259378));
#11519 = CARTESIAN_POINT('',(-1.491647991198,-3.655485886682,
    3.90310995411));
#11520 = CARTESIAN_POINT('',(-1.473162167881,-3.664337205197,
    3.90409742048));
#11521 = CARTESIAN_POINT('',(-1.455209944092,-3.674146007654,
    3.906059390872));
#11522 = CARTESIAN_POINT('',(-1.437910919508,-3.684864880347,
    3.908996432587));
#11523 = CARTESIAN_POINT('',(-1.421387897311,-3.696444442498,
    3.912907708699));
#11524 = CARTESIAN_POINT('',(-1.398308631026,-3.714742994954,
    3.920118537862));
#11525 = CARTESIAN_POINT('',(-1.39105737469,-3.720838590645,
    3.922669072064));
#11526 = CARTESIAN_POINT('',(-1.384025156672,-3.727111884564,
    3.925439957724));
#11527 = CARTESIAN_POINT('',(-1.377225754884,-3.733556429667,
    3.928430299756));
#11528 = CARTESIAN_POINT('',(-1.37067294342,-3.740165282605,
    3.931638796175));
#11529 = CARTESIAN_POINT('',(-1.34736021228,-3.765231419882,
    3.944327770958));
#11530 = CARTESIAN_POINT('',(-1.332239229627,-3.784685536359,
    3.955178505106));
#11531 = CARTESIAN_POINT('',(-1.319297852887,-3.805135586616,
    3.967576210909));
#11532 = CARTESIAN_POINT('',(-1.308795851886,-3.826395287231,
    3.981452629835));
#11533 = CARTESIAN_POINT('',(-1.300926973936,-3.848245412934,
    3.996695646613));
#11534 = CARTESIAN_POINT('',(-1.292623902633,-3.883987041875,
    4.023180195855));
#11535 = CARTESIAN_POINT('',(-1.290487774867,-3.897671941303,
    4.03367468068));
#11536 = CARTESIAN_POINT('',(-1.289383789719,-3.911426761487,
    4.044579203836));
#11537 = CARTESIAN_POINT('',(-1.289313043209,-3.925196574038,
    4.055852745504));
#11538 = CARTESIAN_POINT('',(-1.290260736732,-3.938929492624,
    4.067452341745));
#11539 = CARTESIAN_POINT('',(-1.293058881228,-3.958643185504,
    4.084614786506));
#11540 = CARTESIAN_POINT('',(-1.29411536891,-3.9646924306,4.089951510863
    ));
#11541 = CARTESIAN_POINT('',(-1.295364817468,-3.97072099814,
    4.095340385585));
#11542 = CARTESIAN_POINT('',(-1.296804269983,-3.976725094514,
    4.100777780554));
#11543 = CARTESIAN_POINT('',(-1.298430357855,-3.982701204608,
    4.106260171208));
#11544 = CARTESIAN_POINT('',(-1.300239300797,-3.98864609181,
    4.111784138534));
#11545 = PCURVE('',#5639,#11546);
#11546 = DEFINITIONAL_REPRESENTATION('',(#11547),#11595);
#11547 = B_SPLINE_CURVE_WITH_KNOTS('',6,(#11548,#11549,#11550,#11551,
    #11552,#11553,#11554,#11555,#11556,#11557,#11558,#11559,#11560,
    #11561,#11562,#11563,#11564,#11565,#11566,#11567,#11568,#11569,
    #11570,#11571,#11572,#11573,#11574,#11575,#11576,#11577,#11578,
    #11579,#11580,#11581,#11582,#11583,#11584,#11585,#11586,#11587,
    #11588,#11589,#11590,#11591,#11592,#11593,#11594),.UNSPECIFIED.,.F.,
  .F.,(7,5,5,5,5,5,5,5,5,7),(0.,4.541151420675E-02,0.145542360736,
    0.311563863906,0.500327512857,0.628188306627,0.689214403567,
    0.854282243666,0.955163036345,1.),.UNSPECIFIED.);
#11548 = CARTESIAN_POINT('',(0.868176180766,0.));
#11549 = CARTESIAN_POINT('',(0.868174088279,6.688128432744E-03));
#11550 = CARTESIAN_POINT('',(0.868172443606,1.343588145387E-02));
#11551 = CARTESIAN_POINT('',(0.868171198914,2.024227433277E-02));
#11552 = CARTESIAN_POINT('',(0.868170307927,2.71060926864E-02));
#11553 = CARTESIAN_POINT('',(0.868169725926,3.40258924793E-02));
#11554 = CARTESIAN_POINT('',(0.868168712581,5.637767029932E-02));
#11555 = CARTESIAN_POINT('',(0.868169309032,7.202049097365E-02));
#11556 = CARTESIAN_POINT('',(0.868170738397,8.790834993978E-02));
#11557 = CARTESIAN_POINT('',(0.868172599625,0.104019003746));
#11558 = CARTESIAN_POINT('',(0.868174573676,0.12032704132));
#11559 = CARTESIAN_POINT('',(0.868179550086,0.164120484901));
#11560 = CARTESIAN_POINT('',(0.868182380207,0.191907555896));
#11561 = CARTESIAN_POINT('',(0.868183907956,0.220023062094));
#11562 = CARTESIAN_POINT('',(0.868183952438,0.248356928419));
#11563 = CARTESIAN_POINT('',(0.868182839112,0.276822155252));
#11564 = CARTESIAN_POINT('',(0.868179034479,0.337779204124));
#11565 = CARTESIAN_POINT('',(0.868176142704,0.370292007203));
#11566 = CARTESIAN_POINT('',(0.868173078663,0.402821111648));
#11567 = CARTESIAN_POINT('',(0.868170749924,0.435339370253));
#11568 = CARTESIAN_POINT('',(0.868169591023,0.467840511452));
#11569 = CARTESIAN_POINT('',(0.868169608466,0.522365519353));
#11570 = CARTESIAN_POINT('',(0.868170150948,0.544383036751));
#11571 = CARTESIAN_POINT('',(0.86817123274,0.566404275807));
#11572 = CARTESIAN_POINT('',(0.868172750823,0.58842999878));
#11573 = CARTESIAN_POINT('',(0.868174525478,0.610456756788));
#11574 = CARTESIAN_POINT('',(0.868177191978,0.642986453704));
#11575 = CARTESIAN_POINT('',(0.868178060994,0.65349435448));
#11576 = CARTESIAN_POINT('',(0.868178912265,0.663999237098));
#11577 = CARTESIAN_POINT('',(0.868179720726,0.674499449514));
#11578 = CARTESIAN_POINT('',(0.868180461502,0.684992822496));
#11579 = CARTESIAN_POINT('',(0.868182863774,0.723834144337));
#11580 = CARTESIAN_POINT('',(0.868183949275,0.752131517635));
#11581 = CARTESIAN_POINT('',(0.868183886067,0.780297926128));
#11582 = CARTESIAN_POINT('',(0.868182359059,0.808247610189));
#11583 = CARTESIAN_POINT('',(0.868179549235,0.835872282229));
#11584 = CARTESIAN_POINT('',(0.868174579231,0.87963300139));
#11585 = CARTESIAN_POINT('',(0.868172589181,0.896062447196));
#11586 = CARTESIAN_POINT('',(0.868170713261,0.912291512796));
#11587 = CARTESIAN_POINT('',(0.868169278043,0.928294230074));
#11588 = CARTESIAN_POINT('',(0.868168694458,0.944047905043));
#11589 = CARTESIAN_POINT('',(0.868169763444,0.966414040556));
#11590 = CARTESIAN_POINT('',(0.868170353598,0.97324302264));
#11591 = CARTESIAN_POINT('',(0.868171246592,0.980017384505));
#11592 = CARTESIAN_POINT('',(0.868172485506,0.986735742146));
#11593 = CARTESIAN_POINT('',(0.868174114891,0.993396929811));
#11594 = CARTESIAN_POINT('',(0.868176180766,1.));
#11595 = ( GEOMETRIC_REPRESENTATION_CONTEXT(2) 
PARAMETRIC_REPRESENTATION_CONTEXT() REPRESENTATION_CONTEXT('2D SPACE',''
  ) );
#11596 = PCURVE('',#200,#11597);
#11597 = DEFINITIONAL_REPRESENTATION('',(#11598),#11646);
#11598 = B_SPLINE_CURVE_WITH_KNOTS('',6,(#11599,#11600,#11601,#11602,
    #11603,#11604,#11605,#11606,#11607,#11608,#11609,#11610,#11611,
    #11612,#11613,#11614,#11615,#11616,#11617,#11618,#11619,#11620,
    #11621,#11622,#11623,#11624,#11625,#11626,#11627,#11628,#11629,
    #11630,#11631,#11632,#11633,#11634,#11635,#11636,#11637,#11638,
    #11639,#11640,#11641,#11642,#11643,#11644,#11645),.UNSPECIFIED.,.F.,
  .F.,(7,5,5,5,5,5,5,5,5,7),(0.,4.541151420675E-02,0.145542360736,
    0.311563863906,0.500327512857,0.628188306627,0.689214403567,
    0.854282243666,0.955163036345,1.),.UNSPECIFIED.);
#11599 = CARTESIAN_POINT('',(-0.547851936834,-0.844021272475));
#11600 = CARTESIAN_POINT('',(-0.547822324715,-0.845354961097));
#11601 = CARTESIAN_POINT('',(-0.547747726084,-0.84668088294));
#11602 = CARTESIAN_POINT('',(-0.547627192698,-0.847998143046));
#11603 = CARTESIAN_POINT('',(-0.547459895316,-0.849305809169));
#11604 = CARTESIAN_POINT('',(-0.547245123704,-0.850602911775));
#11605 = CARTESIAN_POINT('',(-0.546402739818,-0.854722999013));
#11606 = CARTESIAN_POINT('',(-0.545589489335,-0.857501509123));
#11607 = CARTESIAN_POINT('',(-0.544536372813,-0.860212841376));
#11608 = CARTESIAN_POINT('',(-0.543240740303,-0.862845838108));
#11609 = CARTESIAN_POINT('',(-0.54170413524,-0.865389576456));
#11610 = CARTESIAN_POINT('',(-0.53699631179,-0.871885976332));
#11611 = CARTESIAN_POINT('',(-0.533413898393,-0.875665486736));
#11612 = CARTESIAN_POINT('',(-0.529215065227,-0.879123575971));
#11613 = CARTESIAN_POINT('',(-0.524459359638,-0.882225460075));
#11614 = CARTESIAN_POINT('',(-0.519225939475,-0.884947550478));
#11615 = CARTESIAN_POINT('',(-0.50720974052,-0.889920950895));
#11616 = CARTESIAN_POINT('',(-0.500312290635,-0.892057000944));
#11617 = CARTESIAN_POINT('',(-0.493032279812,-0.89366433979));
#11618 = CARTESIAN_POINT('',(-0.485501196414,-0.894735429224));
#11619 = CARTESIAN_POINT('',(-0.477847676399,-0.895268701784));
#11620 = CARTESIAN_POINT('',(-0.465009397778,-0.895260673825));
#11621 = CARTESIAN_POINT('',(-0.45982565713,-0.895010559648));
#11622 = CARTESIAN_POINT('',(-0.454680979067,-0.894513613474));
#11623 = CARTESIAN_POINT('',(-0.449614893644,-0.893770276487));
#11624 = CARTESIAN_POINT('',(-0.444667215785,-0.892781899213));
#11625 = CARTESIAN_POINT('',(-0.43759097798,-0.89096387898));
#11626 = CARTESIAN_POINT('',(-0.435340735578,-0.890321341175));
#11627 = CARTESIAN_POINT('',(-0.433130811898,-0.889623941872));
#11628 = CARTESIAN_POINT('',(-0.430965515174,-0.888872111969));
#11629 = CARTESIAN_POINT('',(-0.428849111154,-0.888066407937));
#11630 = CARTESIAN_POINT('',(-0.421204891011,-0.884884306942));
#11631 = CARTESIAN_POINT('',(-0.416010641131,-0.882171161816));
#11632 = CARTESIAN_POINT('',(-0.411289603929,-0.879082939516));
#11633 = CARTESIAN_POINT('',(-0.407119401566,-0.875642923883));
#11634 = CARTESIAN_POINT('',(-0.403558447363,-0.871885344212));
#11635 = CARTESIAN_POINT('',(-0.398849382187,-0.865396537584));
#11636 = CARTESIAN_POINT('',(-0.397301124871,-0.862833931363));
#11637 = CARTESIAN_POINT('',(-0.395997462386,-0.860180744132));
#11638 = CARTESIAN_POINT('',(-0.394939957028,-0.857448146292));
#11639 = CARTESIAN_POINT('',(-0.394125854189,-0.85464754628));
#11640 = CARTESIAN_POINT('',(-0.393292314167,-0.85052041328));
#11641 = CARTESIAN_POINT('',(-0.39308265791,-0.849239277268));
#11642 = CARTESIAN_POINT('',(-0.392919249551,-0.84794788077));
#11643 = CARTESIAN_POINT('',(-0.392801402451,-0.846647155976));
#11644 = CARTESIAN_POINT('',(-0.392728317217,-0.84533799952));
#11645 = CARTESIAN_POINT('',(-0.392699081699,-0.844021272475));
#11646 = ( GEOMETRIC_REPRESENTATION_CONTEXT(2) 
PARAMETRIC_REPRESENTATION_CONTEXT() REPRESENTATION_CONTEXT('2D SPACE',''
  ) );
#11647 = ORIENTED_EDGE('',*,*,#11648,.F.);
#11648 = EDGE_CURVE('',#5514,#11494,#11649,.T.);
#11649 = SURFACE_CURVE('',#11650,(#11653,#11660),.PCURVE_S1.);
#11650 = B_SPLINE_CURVE_WITH_KNOTS('',1,(#11651,#11652),.UNSPECIFIED.,
  .F.,.F.,(2,2),(0.,1.),.PIECEWISE_BEZIER_KNOTS.);
#11651 = CARTESIAN_POINT('',(-2.832056680653,-8.687686800532,
    -1.446944832201));
#11652 = CARTESIAN_POINT('',(-1.067648241684,-3.27514403234,
    4.955821212164));
#11653 = PCURVE('',#5639,#11654);
#11654 = DEFINITIONAL_REPRESENTATION('',(#11655),#11659);
#11655 = LINE('',#11656,#11657);
#11656 = CARTESIAN_POINT('',(0.,1.));
#11657 = VECTOR('',#11658,1.);
#11658 = DIRECTION('',(1.,0.));
#11659 = ( GEOMETRIC_REPRESENTATION_CONTEXT(2) 
PARAMETRIC_REPRESENTATION_CONTEXT() REPRESENTATION_CONTEXT('2D SPACE',''
  ) );
#11660 = PCURVE('',#5754,#11661);
#11661 = DEFINITIONAL_REPRESENTATION('',(#11662),#11666);
#11662 = LINE('',#11663,#11664);
#11663 = CARTESIAN_POINT('',(0.,0.));
#11664 = VECTOR('',#11665,1.);
#11665 = DIRECTION('',(1.,0.));
#11666 = ( GEOMETRIC_REPRESENTATION_CONTEXT(2) 
PARAMETRIC_REPRESENTATION_CONTEXT() REPRESENTATION_CONTEXT('2D SPACE',''
  ) );
#11667 = ADVANCED_FACE('',(#11668),#5754,.F.);
#11668 = FACE_BOUND('',#11669,.F.);
#11669 = EDGE_LOOP('',(#11670,#11692,#11693,#11694));
#11670 = ORIENTED_EDGE('',*,*,#11671,.F.);
#11671 = EDGE_CURVE('',#5711,#11672,#11674,.T.);
#11672 = VERTEX_POINT('',#11673);
#11673 = CARTESIAN_POINT('',(-1.138877838347,-4.70430852018,
    4.77609800971));
#11674 = SURFACE_CURVE('',#11675,(#11678,#11685),.PCURVE_S1.);
#11675 = B_SPLINE_CURVE_WITH_KNOTS('',1,(#11676,#11677),.UNSPECIFIED.,
  .F.,.F.,(2,2),(0.,1.),.PIECEWISE_BEZIER_KNOTS.);
#11676 = CARTESIAN_POINT('',(-2.480594601748,-10.24647414076,0.));
#11677 = CARTESIAN_POINT('',(-0.935151645438,-3.862786424644,
    5.501300445142));
#11678 = PCURVE('',#5754,#11679);
#11679 = DEFINITIONAL_REPRESENTATION('',(#11680),#11684);
#11680 = LINE('',#11681,#11682);
#11681 = CARTESIAN_POINT('',(0.,1.));
#11682 = VECTOR('',#11683,1.);
#11683 = DIRECTION('',(1.,0.));
#11684 = ( GEOMETRIC_REPRESENTATION_CONTEXT(2) 
PARAMETRIC_REPRESENTATION_CONTEXT() REPRESENTATION_CONTEXT('2D SPACE',''
  ) );
#11685 = PCURVE('',#5804,#11686);
#11686 = DEFINITIONAL_REPRESENTATION('',(#11687),#11691);
#11687 = LINE('',#11688,#11689);
#11688 = CARTESIAN_POINT('',(0.,0.));
#11689 = VECTOR('',#11690,1.);
#11690 = DIRECTION('',(1.,0.));
#11691 = ( GEOMETRIC_REPRESENTATION_CONTEXT(2) 
PARAMETRIC_REPRESENTATION_CONTEXT() REPRESENTATION_CONTEXT('2D SPACE',''
  ) );
#11692 = ORIENTED_EDGE('',*,*,#5710,.F.);
#11693 = ORIENTED_EDGE('',*,*,#11648,.T.);
#11694 = ORIENTED_EDGE('',*,*,#11695,.T.);
#11695 = EDGE_CURVE('',#11494,#11672,#11696,.T.);
#11696 = SURFACE_CURVE('',#11697,(#11712,#11730),.PCURVE_S1.);
#11697 = B_SPLINE_CURVE_WITH_KNOTS('',7,(#11698,#11699,#11700,#11701,
    #11702,#11703,#11704,#11705,#11706,#11707,#11708,#11709,#11710,
    #11711),.UNSPECIFIED.,.F.,.F.,(8,6,8),(0.,0.850488676004,1.),
  .UNSPECIFIED.);
#11698 = CARTESIAN_POINT('',(-1.300239300797,-3.98864609181,
    4.111784138534));
#11699 = CARTESIAN_POINT('',(-1.316002881546,-4.078757885008,
    4.192303608702));
#11700 = CARTESIAN_POINT('',(-1.317852199654,-4.169642878029,
    4.273314982867));
#11701 = CARTESIAN_POINT('',(-1.307494850884,-4.260223893785,
    4.354277797761));
#11702 = CARTESIAN_POINT('',(-1.287204799575,-4.349546390018,
    4.435014622909));
#11703 = CARTESIAN_POINT('',(-1.259178392646,-4.436914761327,
    4.515535026719));
#11704 = CARTESIAN_POINT('',(-1.225368339728,-4.521939786713,
    4.595981922294));
#11705 = CARTESIAN_POINT('',(-1.180939266148,-4.618973704896,
    4.690848281086));
#11706 = CARTESIAN_POINT('',(-1.174174664105,-4.633402163771,
    4.705037214504));
#11707 = CARTESIAN_POINT('',(-1.167298264876,-4.647749958472,
    4.719232517678));
#11708 = CARTESIAN_POINT('',(-1.160320224773,-4.662015723933,
    4.733435220623));
#11709 = CARTESIAN_POINT('',(-1.153250701174,-4.676198183485,
    4.747646352116));
#11710 = CARTESIAN_POINT('',(-1.146099852527,-4.690296148857,
    4.761866939707));
#11711 = CARTESIAN_POINT('',(-1.138877838347,-4.70430852018,
    4.77609800971));
#11712 = PCURVE('',#5754,#11713);
#11713 = DEFINITIONAL_REPRESENTATION('',(#11714),#11729);
#11714 = B_SPLINE_CURVE_WITH_KNOTS('',7,(#11715,#11716,#11717,#11718,
    #11719,#11720,#11721,#11722,#11723,#11724,#11725,#11726,#11727,
    #11728),.UNSPECIFIED.,.F.,.F.,(8,6,8),(0.,0.850488676004,1.),
  .UNSPECIFIED.);
#11715 = CARTESIAN_POINT('',(0.868176180766,0.));
#11716 = CARTESIAN_POINT('',(0.86817949558,0.12131939264));
#11717 = CARTESIAN_POINT('',(0.868182887861,0.2432561393));
#11718 = CARTESIAN_POINT('',(0.868175989236,0.365136110539));
#11719 = CARTESIAN_POINT('',(0.868168348892,0.486634327378));
#11720 = CARTESIAN_POINT('',(0.868169537288,0.60773011717));
#11721 = CARTESIAN_POINT('',(0.868178832592,0.728696901636));
#11722 = CARTESIAN_POINT('',(0.868181617035,0.871521284426));
#11723 = CARTESIAN_POINT('',(0.868181817794,0.892887787064));
#11724 = CARTESIAN_POINT('',(0.868181721623,0.914269390621));
#11725 = CARTESIAN_POINT('',(0.86818123116,0.935668669347));
#11726 = CARTESIAN_POINT('',(0.868180233068,0.957088310888));
#11727 = CARTESIAN_POINT('',(0.868178598033,0.978531116291));
#11728 = CARTESIAN_POINT('',(0.868176180766,1.));
#11729 = ( GEOMETRIC_REPRESENTATION_CONTEXT(2) 
PARAMETRIC_REPRESENTATION_CONTEXT() REPRESENTATION_CONTEXT('2D SPACE',''
  ) );
#11730 = PCURVE('',#200,#11731);
#11731 = DEFINITIONAL_REPRESENTATION('',(#11732),#11747);
#11732 = B_SPLINE_CURVE_WITH_KNOTS('',7,(#11733,#11734,#11735,#11736,
    #11737,#11738,#11739,#11740,#11741,#11742,#11743,#11744,#11745,
    #11746),.UNSPECIFIED.,.F.,.F.,(8,6,8),(0.,0.850488676004,1.),
  .UNSPECIFIED.);
#11733 = CARTESIAN_POINT('',(-0.392699081699,-0.844021272475));
#11734 = CARTESIAN_POINT('',(-0.389614320484,-0.824828153164));
#11735 = CARTESIAN_POINT('',(-0.383474355362,-0.806001162903));
#11736 = CARTESIAN_POINT('',(-0.375012473136,-0.787624248731));
#11737 = CARTESIAN_POINT('',(-0.364932597456,-0.769685293095));
#11738 = CARTESIAN_POINT('',(-0.353790201335,-0.752142172151));
#11739 = CARTESIAN_POINT('',(-0.34202379512,-0.73493093253));
#11740 = CARTESIAN_POINT('',(-0.327880174535,-0.714980700755));
#11741 = CARTESIAN_POINT('',(-0.325757726113,-0.712005858801));
#11742 = CARTESIAN_POINT('',(-0.323629518474,-0.709038613813));
#11743 = CARTESIAN_POINT('',(-0.321497573885,-0.706078626292));
#11744 = CARTESIAN_POINT('',(-0.319363879112,-0.703125563888));
#11745 = CARTESIAN_POINT('',(-0.317230385418,-0.700179101397));
#11746 = CARTESIAN_POINT('',(-0.315099008567,-0.697238920763));
#11747 = ( GEOMETRIC_REPRESENTATION_CONTEXT(2) 
PARAMETRIC_REPRESENTATION_CONTEXT() REPRESENTATION_CONTEXT('2D SPACE',''
  ) );
#11748 = ADVANCED_FACE('',(#11749),#5804,.F.);
#11749 = FACE_BOUND('',#11750,.F.);
#11750 = EDGE_LOOP('',(#11751,#11752,#11753,#11783));
#11751 = ORIENTED_EDGE('',*,*,#5784,.F.);
#11752 = ORIENTED_EDGE('',*,*,#11671,.T.);
#11753 = ORIENTED_EDGE('',*,*,#11754,.T.);
#11754 = EDGE_CURVE('',#11672,#11755,#11757,.T.);
#11755 = VERTEX_POINT('',#11756);
#11756 = CARTESIAN_POINT('',(-0.748075006527,-4.782044036636,
    4.77609800971));
#11757 = SURFACE_CURVE('',#11758,(#11764,#11773),.PCURVE_S1.);
#11758 = B_SPLINE_CURVE_WITH_KNOTS('',4,(#11759,#11760,#11761,#11762,
    #11763),.UNSPECIFIED.,.F.,.F.,(5,5),(0.,1.),
  .PIECEWISE_BEZIER_KNOTS.);
#11759 = CARTESIAN_POINT('',(-1.138877838347,-4.70430852018,
    4.77609800971));
#11760 = CARTESIAN_POINT('',(-1.042032593712,-4.727754538753,
    4.77609800971));
#11761 = CARTESIAN_POINT('',(-0.94454342085,-4.748540441667,
    4.77609800971));
#11762 = CARTESIAN_POINT('',(-0.846520748729,-4.76664426269,
    4.77609800971));
#11763 = CARTESIAN_POINT('',(-0.748075006527,-4.782044036636,
    4.77609800971));
#11764 = PCURVE('',#5804,#11765);
#11765 = DEFINITIONAL_REPRESENTATION('',(#11766),#11772);
#11766 = B_SPLINE_CURVE_WITH_KNOTS('',4,(#11767,#11768,#11769,#11770,
    #11771),.UNSPECIFIED.,.F.,.F.,(5,5),(0.,1.),
  .PIECEWISE_BEZIER_KNOTS.);
#11767 = CARTESIAN_POINT('',(0.868176180766,0.));
#11768 = CARTESIAN_POINT('',(0.868176180766,0.24999999594));
#11769 = CARTESIAN_POINT('',(0.868176180766,0.5));
#11770 = CARTESIAN_POINT('',(0.868176180766,0.75000000406));
#11771 = CARTESIAN_POINT('',(0.868176180766,1.));
#11772 = ( GEOMETRIC_REPRESENTATION_CONTEXT(2) 
PARAMETRIC_REPRESENTATION_CONTEXT() REPRESENTATION_CONTEXT('2D SPACE',''
  ) );
#11773 = PCURVE('',#200,#11774);
#11774 = DEFINITIONAL_REPRESENTATION('',(#11775),#11782);
#11775 = B_SPLINE_CURVE_WITH_KNOTS('',5,(#11776,#11777,#11778,#11779,
    #11780,#11781),.UNSPECIFIED.,.F.,.F.,(6,6),(0.,1.),
  .PIECEWISE_BEZIER_KNOTS.);
#11776 = CARTESIAN_POINT('',(-0.315099008567,-0.697238920763));
#11777 = CARTESIAN_POINT('',(-0.298629789171,-0.697238880386));
#11778 = CARTESIAN_POINT('',(-0.282160581086,-0.69723895441));
#11779 = CARTESIAN_POINT('',(-0.265691355748,-0.69723895441));
#11780 = CARTESIAN_POINT('',(-0.249222147663,-0.697238880386));
#11781 = CARTESIAN_POINT('',(-0.232752928267,-0.697238920763));
#11782 = ( GEOMETRIC_REPRESENTATION_CONTEXT(2) 
PARAMETRIC_REPRESENTATION_CONTEXT() REPRESENTATION_CONTEXT('2D SPACE',''
  ) );
#11783 = ORIENTED_EDGE('',*,*,#11784,.F.);
#11784 = EDGE_CURVE('',#5785,#11755,#11785,.T.);
#11785 = SURFACE_CURVE('',#11786,(#11789,#11796),.PCURVE_S1.);
#11786 = B_SPLINE_CURVE_WITH_KNOTS('',1,(#11787,#11788),.UNSPECIFIED.,
  .F.,.F.,(2,2),(0.,1.),.PIECEWISE_BEZIER_KNOTS.);
#11787 = CARTESIAN_POINT('',(-1.629385312816,-10.41579019556,0.));
#11788 = CARTESIAN_POINT('',(-0.614256902461,-3.926616357649,
    5.501300445142));
#11789 = PCURVE('',#5804,#11790);
#11790 = DEFINITIONAL_REPRESENTATION('',(#11791),#11795);
#11791 = LINE('',#11792,#11793);
#11792 = CARTESIAN_POINT('',(0.,1.));
#11793 = VECTOR('',#11794,1.);
#11794 = DIRECTION('',(1.,0.));
#11795 = ( GEOMETRIC_REPRESENTATION_CONTEXT(2) 
PARAMETRIC_REPRESENTATION_CONTEXT() REPRESENTATION_CONTEXT('2D SPACE',''
  ) );
#11796 = PCURVE('',#5856,#11797);
#11797 = DEFINITIONAL_REPRESENTATION('',(#11798),#11802);
#11798 = LINE('',#11799,#11800);
#11799 = CARTESIAN_POINT('',(0.,0.));
#11800 = VECTOR('',#11801,1.);
#11801 = DIRECTION('',(1.,0.));
#11802 = ( GEOMETRIC_REPRESENTATION_CONTEXT(2) 
PARAMETRIC_REPRESENTATION_CONTEXT() REPRESENTATION_CONTEXT('2D SPACE',''
  ) );
#11803 = ADVANCED_FACE('',(#11804),#5856,.F.);
#11804 = FACE_BOUND('',#11805,.F.);
#11805 = EDGE_LOOP('',(#11806,#11807,#11808,#11858));
#11806 = ORIENTED_EDGE('',*,*,#5822,.F.);
#11807 = ORIENTED_EDGE('',*,*,#11784,.T.);
#11808 = ORIENTED_EDGE('',*,*,#11809,.T.);
#11809 = EDGE_CURVE('',#11755,#11810,#11812,.T.);
#11810 = VERTEX_POINT('',#11811);
#11811 = CARTESIAN_POINT('',(-0.32512429953,-4.18260852518,
    4.111784138534));
#11812 = SURFACE_CURVE('',#11813,(#11826,#11842),.PCURVE_S1.);
#11813 = B_SPLINE_CURVE_WITH_KNOTS('',6,(#11814,#11815,#11816,#11817,
    #11818,#11819,#11820,#11821,#11822,#11823,#11824,#11825),
  .UNSPECIFIED.,.F.,.F.,(7,5,7),(0.,0.745763325827,1.),.UNSPECIFIED.);
#11814 = CARTESIAN_POINT('',(-0.748075006527,-4.782044036636,
    4.77609800971));
#11815 = CARTESIAN_POINT('',(-0.678044971161,-4.722794269609,
    4.693286405233));
#11816 = CARTESIAN_POINT('',(-0.609208422879,-4.659879609454,
    4.610893138865));
#11817 = CARTESIAN_POINT('',(-0.543608045687,-4.592607676556,
    4.528585125828));
#11818 = CARTESIAN_POINT('',(-0.483387193017,-4.520485079228,
    4.446177534714));
#11819 = CARTESIAN_POINT('',(-0.4311471509,-4.44318475338,4.36354980582)
  );
#11820 = CARTESIAN_POINT('',(-0.375355645647,-4.332427734837,
    4.252610867488));
#11821 = CARTESIAN_POINT('',(-0.362410403294,-4.303659924532,
    4.224400228207));
#11822 = CARTESIAN_POINT('',(-0.350810293397,-4.274283311593,
    4.196193032024));
#11823 = CARTESIAN_POINT('',(-0.340662588871,-4.244304812649,
    4.16800482892));
#11824 = CARTESIAN_POINT('',(-0.332069888761,-4.213738862147,
    4.139858294039));
#11825 = CARTESIAN_POINT('',(-0.32512429953,-4.18260852518,
    4.111784138534));
#11826 = PCURVE('',#5856,#11827);
#11827 = DEFINITIONAL_REPRESENTATION('',(#11828),#11841);
#11828 = B_SPLINE_CURVE_WITH_KNOTS('',6,(#11829,#11830,#11831,#11832,
    #11833,#11834,#11835,#11836,#11837,#11838,#11839,#11840),
  .UNSPECIFIED.,.F.,.F.,(7,5,7),(0.,0.745763325827,1.),.UNSPECIFIED.);
#11829 = CARTESIAN_POINT('',(0.868176180766,0.));
#11830 = CARTESIAN_POINT('',(0.868190247015,0.12492895516));
#11831 = CARTESIAN_POINT('',(0.868177102038,0.24886984193));
#11832 = CARTESIAN_POINT('',(0.868168239924,0.372619615669));
#11833 = CARTESIAN_POINT('',(0.868171177297,0.496589410304));
#11834 = CARTESIAN_POINT('',(0.86817608475,0.620926943006));
#11835 = CARTESIAN_POINT('',(0.868178901352,0.787921111298));
#11836 = CARTESIAN_POINT('',(0.868179296179,0.830390765942));
#11837 = CARTESIAN_POINT('',(0.868179193195,0.872860294255));
#11838 = CARTESIAN_POINT('',(0.868178498827,0.915307235661));
#11839 = CARTESIAN_POINT('',(0.868177336519,0.957700423417));
#11840 = CARTESIAN_POINT('',(0.868176180766,1.));
#11841 = ( GEOMETRIC_REPRESENTATION_CONTEXT(2) 
PARAMETRIC_REPRESENTATION_CONTEXT() REPRESENTATION_CONTEXT('2D SPACE',''
  ) );
#11842 = PCURVE('',#200,#11843);
#11843 = DEFINITIONAL_REPRESENTATION('',(#11844),#11857);
#11844 = B_SPLINE_CURVE_WITH_KNOTS('',6,(#11845,#11846,#11847,#11848,
    #11849,#11850,#11851,#11852,#11853,#11854,#11855,#11856),
  .UNSPECIFIED.,.F.,.F.,(7,5,7),(0.,0.745763325827,1.),.UNSPECIFIED.);
#11845 = CARTESIAN_POINT('',(-0.232752928267,-0.697238920763));
#11846 = CARTESIAN_POINT('',(-0.220350295385,-0.714348040156));
#11847 = CARTESIAN_POINT('',(-0.207881712273,-0.731664895178));
#11848 = CARTESIAN_POINT('',(-0.195749440933,-0.749281029883));
#11849 = CARTESIAN_POINT('',(-0.184406481887,-0.767267595615));
#11850 = CARTESIAN_POINT('',(-0.174459318818,-0.785695819276));
#11851 = CARTESIAN_POINT('',(-0.164017147478,-0.811036199342));
#11852 = CARTESIAN_POINT('',(-0.161613986924,-0.817531757644));
#11853 = CARTESIAN_POINT('',(-0.159492849034,-0.82408035807));
#11854 = CARTESIAN_POINT('',(-0.157686377234,-0.830680602193));
#11855 = CARTESIAN_POINT('',(-0.156228397061,-0.837329342995));
#11856 = CARTESIAN_POINT('',(-0.155152855135,-0.844021272475));
#11857 = ( GEOMETRIC_REPRESENTATION_CONTEXT(2) 
PARAMETRIC_REPRESENTATION_CONTEXT() REPRESENTATION_CONTEXT('2D SPACE',''
  ) );
#11858 = ORIENTED_EDGE('',*,*,#11859,.F.);
#11859 = EDGE_CURVE('',#5823,#11810,#11860,.T.);
#11860 = SURFACE_CURVE('',#11861,(#11864,#11871),.PCURVE_S1.);
#11861 = B_SPLINE_CURVE_WITH_KNOTS('',1,(#11862,#11863),.UNSPECIFIED.,
  .F.,.F.,(2,2),(0.,1.),.PIECEWISE_BEZIER_KNOTS.);
#11862 = CARTESIAN_POINT('',(-0.708154601973,-9.110157191085,
    -1.446944832201));
#11863 = CARTESIAN_POINT('',(-0.266965001372,-3.434409831191,
    4.955821212164));
#11864 = PCURVE('',#5856,#11865);
#11865 = DEFINITIONAL_REPRESENTATION('',(#11866),#11870);
#11866 = LINE('',#11867,#11868);
#11867 = CARTESIAN_POINT('',(0.,1.));
#11868 = VECTOR('',#11869,1.);
#11869 = DIRECTION('',(1.,0.));
#11870 = ( GEOMETRIC_REPRESENTATION_CONTEXT(2) 
PARAMETRIC_REPRESENTATION_CONTEXT() REPRESENTATION_CONTEXT('2D SPACE',''
  ) );
#11871 = PCURVE('',#6005,#11872);
#11872 = DEFINITIONAL_REPRESENTATION('',(#11873),#11877);
#11873 = LINE('',#11874,#11875);
#11874 = CARTESIAN_POINT('',(0.,0.));
#11875 = VECTOR('',#11876,1.);
#11876 = DIRECTION('',(1.,0.));
#11877 = ( GEOMETRIC_REPRESENTATION_CONTEXT(2) 
PARAMETRIC_REPRESENTATION_CONTEXT() REPRESENTATION_CONTEXT('2D SPACE',''
  ) );
#11878 = ADVANCED_FACE('',(#11879),#6005,.F.);
#11879 = FACE_BOUND('',#11880,.F.);
#11880 = EDGE_LOOP('',(#11881,#11882,#11883,#12036));
#11881 = ORIENTED_EDGE('',*,*,#5881,.F.);
#11882 = ORIENTED_EDGE('',*,*,#11859,.T.);
#11883 = ORIENTED_EDGE('',*,*,#11884,.T.);
#11884 = EDGE_CURVE('',#11810,#6104,#11885,.T.);
#11885 = SURFACE_CURVE('',#11886,(#11934,#11985),.PCURVE_S1.);
#11886 = B_SPLINE_CURVE_WITH_KNOTS('',6,(#11887,#11888,#11889,#11890,
    #11891,#11892,#11893,#11894,#11895,#11896,#11897,#11898,#11899,
    #11900,#11901,#11902,#11903,#11904,#11905,#11906,#11907,#11908,
    #11909,#11910,#11911,#11912,#11913,#11914,#11915,#11916,#11917,
    #11918,#11919,#11920,#11921,#11922,#11923,#11924,#11925,#11926,
    #11927,#11928,#11929,#11930,#11931,#11932,#11933),.UNSPECIFIED.,.F.,
  .F.,(7,5,5,5,5,5,5,5,5,7),(0.,4.541151421038E-02,0.145542360885,
    0.311563861035,0.500327510007,0.628188351404,0.689214448458,
    0.854282373644,0.95516343517,1.),.UNSPECIFIED.);
#11887 = CARTESIAN_POINT('',(-0.32512429953,-4.18260852518,
    4.111784138534));
#11888 = CARTESIAN_POINT('',(-0.324512757586,-4.176344245251,
    4.106189013558));
#11889 = CARTESIAN_POINT('',(-0.323715641483,-4.170122160609,
    4.100636542847));
#11890 = CARTESIAN_POINT('',(-0.322730607887,-4.163946882806,
    4.095130279997));
#11891 = CARTESIAN_POINT('',(-0.321555826951,-4.157823127619,
    4.089673889121));
#11892 = CARTESIAN_POINT('',(-0.320189982322,-4.151755715053,
    4.084271144844));
#11893 = CARTESIAN_POINT('',(-0.315197570876,-4.132506222008,
    4.067139920184));
#11894 = CARTESIAN_POINT('',(-0.310829874177,-4.119559749184,
    4.055632747292));
#11895 = CARTESIAN_POINT('',(-0.305521279156,-4.10696452434,
    4.044447495635));
#11896 = CARTESIAN_POINT('',(-0.299277995754,-4.094772947916,
    4.033626175526));
#11897 = CARTESIAN_POINT('',(-0.292121623015,-4.083034225861,
    4.023208895321));
#11898 = CARTESIAN_POINT('',(-0.270774336867,-4.053154929857,
    3.99669259442));
#11899 = CARTESIAN_POINT('',(-0.255048715507,-4.035879237422,
    3.981360787691));
#11900 = CARTESIAN_POINT('',(-0.237090575837,-4.020175523643,
    3.967412114259));
#11901 = CARTESIAN_POINT('',(-0.21716775525,-4.006174159076,
    3.95496044843));
#11902 = CARTESIAN_POINT('',(-0.195597430472,-3.99394857731,
    3.944074825336));
#11903 = CARTESIAN_POINT('',(-0.146675908044,-3.971700109992,
    3.924244488024));
#11904 = CARTESIAN_POINT('',(-0.118935359422,-3.962206956662,
    3.915768598027));
#11905 = CARTESIAN_POINT('',(-8.993088406524E-02,-3.955099337916,
    3.909412321168));
#11906 = CARTESIAN_POINT('',(-6.011107264192E-02,-3.950374539873,
    3.905183635974));
#11907 = CARTESIAN_POINT('',(-2.989524814724E-02,-3.948022152102,
    3.903078259539));
#11908 = CARTESIAN_POINT('',(2.079084214536E-02,-3.948057565122,
    3.903109954002));
#11909 = CARTESIAN_POINT('',(4.125677653149E-02,-3.94916089951,
    3.904097420993));
#11910 = CARTESIAN_POINT('',(6.159614234814E-02,-3.951353034225,
    3.906059392732));
#11911 = CARTESIAN_POINT('',(8.168029931702E-02,-3.95463593353,
    3.908996436519));
#11912 = CARTESIAN_POINT('',(0.101376894734,-3.959010970283,
    3.91290771543));
#11913 = CARTESIAN_POINT('',(0.129701915144,-3.967084580389,
    3.92011854892));
#11914 = CARTESIAN_POINT('',(0.138733885475,-3.969941241737,
    3.922669083934));
#11915 = CARTESIAN_POINT('',(0.147631492909,-3.973045897175,
    3.925439970406));
#11916 = CARTESIAN_POINT('',(0.156379541138,-3.976397862991,
    3.928430313247));
#11917 = CARTESIAN_POINT('',(0.164962647455,-3.97999599548,
    3.931638810471));
#11918 = CARTESIAN_POINT('',(0.196093207325,-3.994232699391,
    3.94432779298));
#11919 = CARTESIAN_POINT('',(0.217507950026,-4.006419419492,
    3.955178535659));
#11920 = CARTESIAN_POINT('',(0.2372901246,-4.020360363222,3.967576251503
    ));
#11921 = CARTESIAN_POINT('',(0.255128446979,-4.035982836567,
    3.981452681818));
#11922 = CARTESIAN_POINT('',(0.270760023817,-4.053158445365,
    3.996695711074));
#11923 = CARTESIAN_POINT('',(0.292108804025,-4.083002005266,
    4.023180303165));
#11924 = CARTESIAN_POINT('',(0.299319323969,-4.094827778936,
    4.03367481985));
#11925 = CARTESIAN_POINT('',(0.305603020803,-4.107113136912,
    4.04457937674));
#11926 = CARTESIAN_POINT('',(0.310937861686,-4.119807750975,
    4.055852953665));
#11927 = CARTESIAN_POINT('',(0.315317662809,-4.132858020774,
    4.067452586335));
#11928 = CARTESIAN_POINT('',(0.320276586587,-4.152141893067,
    4.08461502386));
#11929 = CARTESIAN_POINT('',(0.321615446583,-4.15813491577,
    4.089951702603));
#11930 = CARTESIAN_POINT('',(0.322768124364,-4.164182676734,
    4.095340530685));
#11931 = CARTESIAN_POINT('',(0.323735899989,-4.170280539683,
    4.100777878088));
#11932 = CARTESIAN_POINT('',(0.324520540421,-4.176423968089,
    4.106260220344));
#11933 = CARTESIAN_POINT('',(0.32512429953,-4.18260852518,4.111784138534
    ));
#11934 = PCURVE('',#6005,#11935);
#11935 = DEFINITIONAL_REPRESENTATION('',(#11936),#11984);
#11936 = B_SPLINE_CURVE_WITH_KNOTS('',6,(#11937,#11938,#11939,#11940,
    #11941,#11942,#11943,#11944,#11945,#11946,#11947,#11948,#11949,
    #11950,#11951,#11952,#11953,#11954,#11955,#11956,#11957,#11958,
    #11959,#11960,#11961,#11962,#11963,#11964,#11965,#11966,#11967,
    #11968,#11969,#11970,#11971,#11972,#11973,#11974,#11975,#11976,
    #11977,#11978,#11979,#11980,#11981,#11982,#11983),.UNSPECIFIED.,.F.,
  .F.,(7,5,5,5,5,5,5,5,5,7),(0.,4.541151421038E-02,0.145542360885,
    0.311563861035,0.500327510007,0.628188351404,0.689214448458,
    0.854282373644,0.95516343517,1.),.UNSPECIFIED.);
#11937 = CARTESIAN_POINT('',(0.868176180766,0.));
#11938 = CARTESIAN_POINT('',(0.868174088279,6.688128432745E-03));
#11939 = CARTESIAN_POINT('',(0.868172443606,1.343588145387E-02));
#11940 = CARTESIAN_POINT('',(0.868171198914,2.024227433277E-02));
#11941 = CARTESIAN_POINT('',(0.868170307927,2.71060926864E-02));
#11942 = CARTESIAN_POINT('',(0.868169725926,3.40258924793E-02));
#11943 = CARTESIAN_POINT('',(0.868168712581,5.637767032032E-02));
#11944 = CARTESIAN_POINT('',(0.868169309032,7.202049101637E-02));
#11945 = CARTESIAN_POINT('',(0.868170738397,8.790835000488E-02));
#11946 = CARTESIAN_POINT('',(0.868172599625,0.104019003834));
#11947 = CARTESIAN_POINT('',(0.868174573676,0.120327041431));
#11948 = CARTESIAN_POINT('',(0.868179550086,0.164120484539));
#11949 = CARTESIAN_POINT('',(0.868182380207,0.191907555019));
#11950 = CARTESIAN_POINT('',(0.868183907955,0.220023060693));
#11951 = CARTESIAN_POINT('',(0.868183952438,0.248356926489));
#11952 = CARTESIAN_POINT('',(0.868182839112,0.276822152793));
#11953 = CARTESIAN_POINT('',(0.868179034479,0.337779201132));
#11954 = CARTESIAN_POINT('',(0.868176142705,0.370292004211));
#11955 = CARTESIAN_POINT('',(0.868173078663,0.402821108657));
#11956 = CARTESIAN_POINT('',(0.868170749924,0.435339367264));
#11957 = CARTESIAN_POINT('',(0.868169591023,0.467840508466));
#11958 = CARTESIAN_POINT('',(0.868169608466,0.522365524567));
#11959 = CARTESIAN_POINT('',(0.868170150948,0.544383050164));
#11960 = CARTESIAN_POINT('',(0.868171232741,0.566404297422));
#11961 = CARTESIAN_POINT('',(0.868172750825,0.588430028603));
#11962 = CARTESIAN_POINT('',(0.868174525481,0.610456794816));
#11963 = CARTESIAN_POINT('',(0.868177191982,0.64298649993));
#11964 = CARTESIAN_POINT('',(0.868178060998,0.653494400716));
#11965 = CARTESIAN_POINT('',(0.868178912269,0.663999283338));
#11966 = CARTESIAN_POINT('',(0.86817972073,0.674499495753));
#11967 = CARTESIAN_POINT('',(0.868180461505,0.684992868727));
#11968 = CARTESIAN_POINT('',(0.868182863777,0.723834205072));
#11969 = CARTESIAN_POINT('',(0.868183949277,0.752131592792));
#11970 = CARTESIAN_POINT('',(0.868183886066,0.78029801544));
#11971 = CARTESIAN_POINT('',(0.868182359053,0.808247713217));
#11972 = CARTESIAN_POINT('',(0.868179549223,0.835872398336));
#11973 = CARTESIAN_POINT('',(0.868174579211,0.879633172834));
#11974 = CARTESIAN_POINT('',(0.868172589156,0.89606266073));
#11975 = CARTESIAN_POINT('',(0.868170713233,0.912291767129));
#11976 = CARTESIAN_POINT('',(0.868169278019,0.928294523722));
#11977 = CARTESIAN_POINT('',(0.868168694448,0.944048236384));
#11978 = CARTESIAN_POINT('',(0.86816976347,0.96641434428));
#11979 = CARTESIAN_POINT('',(0.86817035363,0.973243263676));
#11980 = CARTESIAN_POINT('',(0.868171246625,0.980017563788));
#11981 = CARTESIAN_POINT('',(0.868172485535,0.986735860651));
#11982 = CARTESIAN_POINT('',(0.868174114909,0.993396988546));
#11983 = CARTESIAN_POINT('',(0.868176180766,1.));
#11984 = ( GEOMETRIC_REPRESENTATION_CONTEXT(2) 
PARAMETRIC_REPRESENTATION_CONTEXT() REPRESENTATION_CONTEXT('2D SPACE',''
  ) );
#11985 = PCURVE('',#200,#11986);
#11986 = DEFINITIONAL_REPRESENTATION('',(#11987),#12035);
#11987 = B_SPLINE_CURVE_WITH_KNOTS('',6,(#11988,#11989,#11990,#11991,
    #11992,#11993,#11994,#11995,#11996,#11997,#11998,#11999,#12000,
    #12001,#12002,#12003,#12004,#12005,#12006,#12007,#12008,#12009,
    #12010,#12011,#12012,#12013,#12014,#12015,#12016,#12017,#12018,
    #12019,#12020,#12021,#12022,#12023,#12024,#12025,#12026,#12027,
    #12028,#12029,#12030,#12031,#12032,#12033,#12034),.UNSPECIFIED.,.F.,
  .F.,(7,5,5,5,5,5,5,5,5,7),(0.,4.541151421038E-02,0.145542360885,
    0.311563861035,0.500327510007,0.628188351404,0.689214448458,
    0.854282373644,0.95516343517,1.),.UNSPECIFIED.);
#11988 = CARTESIAN_POINT('',(-0.155152855135,-0.844021272475));
#11989 = CARTESIAN_POINT('',(-0.155123243016,-0.845354961097));
#11990 = CARTESIAN_POINT('',(-0.155048644385,-0.84668088294));
#11991 = CARTESIAN_POINT('',(-0.154928110999,-0.847998143046));
#11992 = CARTESIAN_POINT('',(-0.154760813617,-0.849305809169));
#11993 = CARTESIAN_POINT('',(-0.154546042006,-0.850602911775));
#11994 = CARTESIAN_POINT('',(-0.153703658119,-0.854722999016));
#11995 = CARTESIAN_POINT('',(-0.152890407634,-0.85750150913));
#11996 = CARTESIAN_POINT('',(-0.15183729111,-0.860212841387));
#11997 = CARTESIAN_POINT('',(-0.150541658597,-0.862845838122));
#11998 = CARTESIAN_POINT('',(-0.149005053531,-0.865389576474));
#11999 = CARTESIAN_POINT('',(-0.144297230127,-0.871885976277));
#12000 = CARTESIAN_POINT('',(-0.140714816806,-0.875665486616));
#12001 = CARTESIAN_POINT('',(-0.136515983737,-0.879123575798));
#12002 = CARTESIAN_POINT('',(-0.131760278262,-0.882225459863));
#12003 = CARTESIAN_POINT('',(-0.126526858228,-0.884947550242));
#12004 = CARTESIAN_POINT('',(-0.114510659448,-0.88992095069));
#12005 = CARTESIAN_POINT('',(-0.107613209594,-0.89205700078));
#12006 = CARTESIAN_POINT('',(-0.100333198794,-0.893664339667));
#12007 = CARTESIAN_POINT('',(-9.280211541101E-02,-0.894735429142));
#12008 = CARTESIAN_POINT('',(-8.514859540338E-02,-0.895268701743));
#12009 = CARTESIAN_POINT('',(-7.231031485123E-02,-0.895260673852));
#12010 = CARTESIAN_POINT('',(-6.712657226943E-02,-0.895010559518));
#12011 = CARTESIAN_POINT('',(-6.198189231312E-02,-0.894513613003));
#12012 = CARTESIAN_POINT('',(-5.691580508057E-02,-0.893770275492));
#12013 = CARTESIAN_POINT('',(-5.196812554074E-02,-0.892781897512));
#12014 = CARTESIAN_POINT('',(-4.489188635608E-02,-0.890963876194));
#12015 = CARTESIAN_POINT('',(-4.264164409473E-02,-0.890321338186));
#12016 = CARTESIAN_POINT('',(-4.043172056756E-02,-0.889623938682));
#12017 = CARTESIAN_POINT('',(-3.826642400945E-02,-0.888872108578));
#12018 = CARTESIAN_POINT('',(-3.615002016834E-02,-0.888066404348));
#12019 = CARTESIAN_POINT('',(-2.850579786817E-02,-0.88488430143));
#12020 = CARTESIAN_POINT('',(-2.331154612433E-02,-0.882171154189));
#12021 = CARTESIAN_POINT('',(-1.859050768028E-02,-0.879082929418));
#12022 = CARTESIAN_POINT('',(-1.442030479971E-02,-0.875642911008));
#12023 = CARTESIAN_POINT('',(-1.085935085457E-02,-0.871885328329));
#12024 = CARTESIAN_POINT('',(-6.150283454916E-03,-0.865396511348));
#12025 = CARTESIAN_POINT('',(-4.602024212743E-03,-0.862833897429));
#12026 = CARTESIAN_POINT('',(-3.298361138005E-03,-0.860180702103));
#12027 = CARTESIAN_POINT('',(-2.24085650894E-03,-0.857448095864));
#12028 = CARTESIAN_POINT('',(-1.426755654231E-03,-0.854647487241));
#12029 = CARTESIAN_POINT('',(-5.932231435389E-04,-0.850520356301));
#12030 = CARTESIAN_POINT('',(-3.835703974176E-04,-0.849239231319));
#12031 = CARTESIAN_POINT('',(-2.201647071855E-04,-0.847947846059));
#12032 = CARTESIAN_POINT('',(-1.023194519695E-04,-0.846647132686));
#12033 = CARTESIAN_POINT('',(-2.923525827769E-05,-0.845337987807));
#12034 = CARTESIAN_POINT('',(-8.847451203629E-17,-0.844021272475));
#12035 = ( GEOMETRIC_REPRESENTATION_CONTEXT(2) 
PARAMETRIC_REPRESENTATION_CONTEXT() REPRESENTATION_CONTEXT('2D SPACE',''
  ) );
#12036 = ORIENTED_EDGE('',*,*,#6103,.F.);
#12037 = ADVANCED_FACE('',(#12038,#12041),#243,.T.);
#12038 = FACE_BOUND('',#12039,.T.);
#12039 = EDGE_LOOP('',(#12040));
#12040 = ORIENTED_EDGE('',*,*,#226,.F.);
#12041 = FACE_BOUND('',#12042,.T.);
#12042 = EDGE_LOOP('',(#12043));
#12043 = ORIENTED_EDGE('',*,*,#12044,.T.);
#12044 = EDGE_CURVE('',#12045,#12045,#12047,.T.);
#12045 = VERTEX_POINT('',#12046);
#12046 = CARTESIAN_POINT('',(1.5,-1.872003905944E-31,-2.13162820728E-14)
  );
#12047 = SURFACE_CURVE('',#12048,(#12053,#12064),.PCURVE_S1.);
#12048 = CIRCLE('',#12049,1.5);
#12049 = AXIS2_PLACEMENT_3D('',#12050,#12051,#12052);
#12050 = CARTESIAN_POINT('',(-2.54346140581E-15,-1.977094205607E-16,
    -2.13162820728E-14));
#12051 = DIRECTION('',(1.220963622102E-16,9.490846202742E-18,1.));
#12052 = DIRECTION('',(1.,-1.158797795652E-33,-1.220963622102E-16));
#12053 = PCURVE('',#243,#12054);
#12054 = DEFINITIONAL_REPRESENTATION('',(#12055),#12063);
#12055 = ( BOUNDED_CURVE() B_SPLINE_CURVE(2,(#12056,#12057,#12058,#12059
    ,#12060,#12061,#12062),.UNSPECIFIED.,.T.,.F.) 
B_SPLINE_CURVE_WITH_KNOTS((1,2,2,2,2,1),(-2.094395102393,0.,
    2.094395102393,4.188790204786,6.28318530718,8.377580409573),
.UNSPECIFIED.) CURVE() GEOMETRIC_REPRESENTATION_ITEM() 
RATIONAL_B_SPLINE_CURVE((1.,0.5,1.,0.5,1.,0.5,1.)) REPRESENTATION_ITEM(
  '') );
#12056 = CARTESIAN_POINT('',(0.116247960751,-1.495488686557));
#12057 = CARTESIAN_POINT('',(-2.474014426511,-1.696836060854));
#12058 = CARTESIAN_POINT('',(-1.353255174006,0.64707065613));
#12059 = CARTESIAN_POINT('',(-0.232495921502,2.990977373115));
#12060 = CARTESIAN_POINT('',(1.237007213255,0.848418030427));
#12061 = CARTESIAN_POINT('',(2.706510348013,-1.29414131226));
#12062 = CARTESIAN_POINT('',(0.116247960751,-1.495488686557));
#12063 = ( GEOMETRIC_REPRESENTATION_CONTEXT(2) 
PARAMETRIC_REPRESENTATION_CONTEXT() REPRESENTATION_CONTEXT('2D SPACE',''
  ) );
#12064 = PCURVE('',#12065,#12070);
#12065 = CYLINDRICAL_SURFACE('',#12066,1.5);
#12066 = AXIS2_PLACEMENT_3D('',#12067,#12068,#12069);
#12067 = CARTESIAN_POINT('',(-2.391234618951E-30,-1.856596466389E-31,
    20.831590391125));
#12068 = DIRECTION('',(1.220963622102E-16,9.490846202742E-18,1.));
#12069 = DIRECTION('',(1.,-1.158797795652E-33,-1.220963622102E-16));
#12070 = DEFINITIONAL_REPRESENTATION('',(#12071),#12075);
#12071 = LINE('',#12072,#12073);
#12072 = CARTESIAN_POINT('',(-6.28318530718,-20.83159039112));
#12073 = VECTOR('',#12074,1.);
#12074 = DIRECTION('',(1.,-0.));
#12075 = ( GEOMETRIC_REPRESENTATION_CONTEXT(2) 
PARAMETRIC_REPRESENTATION_CONTEXT() REPRESENTATION_CONTEXT('2D SPACE',''
  ) );
#12076 = ADVANCED_FACE('',(#12077),#12065,.F.);
#12077 = FACE_BOUND('',#12078,.T.);
#12078 = EDGE_LOOP('',(#12079,#12108,#12129,#12130));
#12079 = ORIENTED_EDGE('',*,*,#12080,.F.);
#12080 = EDGE_CURVE('',#12081,#12081,#12083,.T.);
#12081 = VERTEX_POINT('',#12082);
#12082 = CARTESIAN_POINT('',(1.5,-1.872003905944E-31,3.902412716745));
#12083 = SURFACE_CURVE('',#12084,(#12089,#12096),.PCURVE_S1.);
#12084 = CIRCLE('',#12085,1.5);
#12085 = AXIS2_PLACEMENT_3D('',#12086,#12087,#12088);
#12086 = CARTESIAN_POINT('',(-2.066794003029E-15,-5.551115123126E-17,
    3.902412716745));
#12087 = DIRECTION('',(0.,0.,-1.));
#12088 = DIRECTION('',(1.,-3.150367401063E-16,0.));
#12089 = PCURVE('',#12065,#12090);
#12090 = DEFINITIONAL_REPRESENTATION('',(#12091),#12095);
#12091 = LINE('',#12092,#12093);
#12092 = CARTESIAN_POINT('',(-0.,-16.92917767438));
#12093 = VECTOR('',#12094,1.);
#12094 = DIRECTION('',(-1.,-0.));
#12095 = ( GEOMETRIC_REPRESENTATION_CONTEXT(2) 
PARAMETRIC_REPRESENTATION_CONTEXT() REPRESENTATION_CONTEXT('2D SPACE',''
  ) );
#12096 = PCURVE('',#12097,#12102);
#12097 = PLANE('',#12098);
#12098 = AXIS2_PLACEMENT_3D('',#12099,#12100,#12101);
#12099 = CARTESIAN_POINT('',(-6.01659038452E-16,-4.67684155127E-17,
    3.902412716745));
#12100 = DIRECTION('',(-1.220963622102E-16,-9.490846202742E-18,-1.));
#12101 = DIRECTION('',(7.749864050068E-02,-0.996992457705,-0.));
#12102 = DEFINITIONAL_REPRESENTATION('',(#12103),#12107);
#12103 = CIRCLE('',#12104,1.5);
#12104 = AXIS2_PLACEMENT_2D('',#12105,#12106);
#12105 = CARTESIAN_POINT('',(-1.048295263336E-16,1.461406059335E-15));
#12106 = DIRECTION('',(7.749864050068E-02,-0.996992457705));
#12107 = ( GEOMETRIC_REPRESENTATION_CONTEXT(2) 
PARAMETRIC_REPRESENTATION_CONTEXT() REPRESENTATION_CONTEXT('2D SPACE',''
  ) );
#12108 = ORIENTED_EDGE('',*,*,#12109,.T.);
#12109 = EDGE_CURVE('',#12081,#12045,#12110,.T.);
#12110 = SEAM_CURVE('',#12111,(#12115,#12122),.PCURVE_S1.);
#12111 = LINE('',#12112,#12113);
#12112 = CARTESIAN_POINT('',(1.5,-1.872003905944E-31,20.831590391125));
#12113 = VECTOR('',#12114,1.);
#12114 = DIRECTION('',(0.,0.,-1.));
#12115 = PCURVE('',#12065,#12116);
#12116 = DEFINITIONAL_REPRESENTATION('',(#12117),#12121);
#12117 = LINE('',#12118,#12119);
#12118 = CARTESIAN_POINT('',(-0.,0.));
#12119 = VECTOR('',#12120,1.);
#12120 = DIRECTION('',(-0.,-1.));
#12121 = ( GEOMETRIC_REPRESENTATION_CONTEXT(2) 
PARAMETRIC_REPRESENTATION_CONTEXT() REPRESENTATION_CONTEXT('2D SPACE',''
  ) );
#12122 = PCURVE('',#12065,#12123);
#12123 = DEFINITIONAL_REPRESENTATION('',(#12124),#12128);
#12124 = LINE('',#12125,#12126);
#12125 = CARTESIAN_POINT('',(-6.28318530718,0.));
#12126 = VECTOR('',#12127,1.);
#12127 = DIRECTION('',(-0.,-1.));
#12128 = ( GEOMETRIC_REPRESENTATION_CONTEXT(2) 
PARAMETRIC_REPRESENTATION_CONTEXT() REPRESENTATION_CONTEXT('2D SPACE',''
  ) );
#12129 = ORIENTED_EDGE('',*,*,#12044,.F.);
#12130 = ORIENTED_EDGE('',*,*,#12109,.F.);
#12131 = ADVANCED_FACE('',(#12132,#12158),#12097,.F.);
#12132 = FACE_BOUND('',#12133,.T.);
#12133 = EDGE_LOOP('',(#12134));
#12134 = ORIENTED_EDGE('',*,*,#12135,.F.);
#12135 = EDGE_CURVE('',#12136,#12136,#12138,.T.);
#12136 = VERTEX_POINT('',#12137);
#12137 = CARTESIAN_POINT('',(0.305901778574,-3.935317627079,
    3.902412716745));
#12138 = SURFACE_CURVE('',#12139,(#12144,#12151),.PCURVE_S1.);
#12139 = CIRCLE('',#12140,3.947188964837);
#12140 = AXIS2_PLACEMENT_3D('',#12141,#12142,#12143);
#12141 = CARTESIAN_POINT('',(-6.01659038452E-16,-4.67684155127E-17,
    3.902412716745));
#12142 = DIRECTION('',(-1.220963622102E-16,-9.490846202742E-18,-1.));
#12143 = DIRECTION('',(7.749864050068E-02,-0.996992457705,0.));
#12144 = PCURVE('',#12097,#12145);
#12145 = DEFINITIONAL_REPRESENTATION('',(#12146),#12150);
#12146 = CIRCLE('',#12147,3.947188964837);
#12147 = AXIS2_PLACEMENT_2D('',#12148,#12149);
#12148 = CARTESIAN_POINT('',(0.,0.));
#12149 = DIRECTION('',(1.,-3.773734306841E-49));
#12150 = ( GEOMETRIC_REPRESENTATION_CONTEXT(2) 
PARAMETRIC_REPRESENTATION_CONTEXT() REPRESENTATION_CONTEXT('2D SPACE',''
  ) );
#12151 = PCURVE('',#200,#12152);
#12152 = DEFINITIONAL_REPRESENTATION('',(#12153),#12157);
#12153 = LINE('',#12154,#12155);
#12154 = CARTESIAN_POINT('',(-0.,-0.895437295856));
#12155 = VECTOR('',#12156,1.);
#12156 = DIRECTION('',(-1.,0.));
#12157 = ( GEOMETRIC_REPRESENTATION_CONTEXT(2) 
PARAMETRIC_REPRESENTATION_CONTEXT() REPRESENTATION_CONTEXT('2D SPACE',''
  ) );
#12158 = FACE_BOUND('',#12159,.T.);
#12159 = EDGE_LOOP('',(#12160));
#12160 = ORIENTED_EDGE('',*,*,#12080,.T.);
#12161 = ADVANCED_FACE('',(#12162),#148,.F.);
#12162 = FACE_BOUND('',#12163,.F.);
#12163 = EDGE_LOOP('',(#12164,#12165,#12166,#12319));
#12164 = ORIENTED_EDGE('',*,*,#4502,.F.);
#12165 = ORIENTED_EDGE('',*,*,#10590,.T.);
#12166 = ORIENTED_EDGE('',*,*,#12167,.T.);
#12167 = EDGE_CURVE('',#10541,#134,#12168,.T.);
#12168 = SURFACE_CURVE('',#12169,(#12217,#12268),.PCURVE_S1.);
#12169 = B_SPLINE_CURVE_WITH_KNOTS('',6,(#12170,#12171,#12172,#12173,
    #12174,#12175,#12176,#12177,#12178,#12179,#12180,#12181,#12182,
    #12183,#12184,#12185,#12186,#12187,#12188,#12189,#12190,#12191,
    #12192,#12193,#12194,#12195,#12196,#12197,#12198,#12199,#12200,
    #12201,#12202,#12203,#12204,#12205,#12206,#12207,#12208,#12209,
    #12210,#12211,#12212,#12213,#12214,#12215,#12216),.UNSPECIFIED.,.F.,
  .F.,(7,5,5,5,5,5,5,5,5,7),(0.,4.54115142036E-02,0.145542360726,
    0.311563866494,0.500327515427,0.628188266177,0.689214363014,
    0.854282126714,0.955162677536,1.),.UNSPECIFIED.);
#12170 = CARTESIAN_POINT('',(-4.18260852518,0.32512429953,4.111784138534
    ));
#12171 = CARTESIAN_POINT('',(-4.176344245251,0.324512757586,
    4.106189013558));
#12172 = CARTESIAN_POINT('',(-4.170122160609,0.323715641483,
    4.100636542847));
#12173 = CARTESIAN_POINT('',(-4.163946882806,0.322730607887,
    4.095130279997));
#12174 = CARTESIAN_POINT('',(-4.157823127619,0.321555826951,
    4.089673889121));
#12175 = CARTESIAN_POINT('',(-4.151755715053,0.320189982322,
    4.084271144844));
#12176 = CARTESIAN_POINT('',(-4.132506222026,0.31519757088,4.0671399202)
  );
#12177 = CARTESIAN_POINT('',(-4.119559749219,0.310829874189,
    4.055632747324));
#12178 = CARTESIAN_POINT('',(-4.106964524392,0.305521279178,
    4.044447495681));
#12179 = CARTESIAN_POINT('',(-4.094772947983,0.299277995788,
    4.033626175585));
#12180 = CARTESIAN_POINT('',(-4.083034225942,0.292121623064,
    4.023208895392));
#12181 = CARTESIAN_POINT('',(-4.05315492931,0.27077433649,3.996692593935
    ));
#12182 = CARTESIAN_POINT('',(-4.035879236328,0.255048714523,
    3.98136078672));
#12183 = CARTESIAN_POINT('',(-4.020175522115,0.2370905741,3.967412112902
    ));
#12184 = CARTESIAN_POINT('',(-4.006174157239,0.217167752643,
    3.954960446797));
#12185 = CARTESIAN_POINT('',(-3.993948575292,0.195597426915,
    3.944074823539));
#12186 = CARTESIAN_POINT('',(-3.971700108263,0.14667590324,3.92424448648
    ));
#12187 = CARTESIAN_POINT('',(-3.96220695528,0.118935354423,
    3.915768596792));
#12188 = CARTESIAN_POINT('',(-3.955099336882,8.993087892356E-02,
    3.909412320243));
#12189 = CARTESIAN_POINT('',(-3.950374539186,6.011106740795E-02,
    3.905183635359));
#12190 = CARTESIAN_POINT('',(-3.94802215176,2.989524286841E-02,
    3.903078259233));
#12191 = CARTESIAN_POINT('',(-3.948057565349,-2.079083291348E-02,
    3.903109954206));
#12192 = CARTESIAN_POINT('',(-3.949160898418,-4.125675277477E-02,
    3.904097420015));
#12193 = CARTESIAN_POINT('',(-3.951353030269,-6.159610431081E-02,
    3.906059389192));
#12194 = CARTESIAN_POINT('',(-3.954635925163,-8.168024751964E-02,
    3.908996429034));
#12195 = CARTESIAN_POINT('',(-3.959010955952,-0.101376829985,
    3.912907702618));
#12196 = CARTESIAN_POINT('',(-3.967084556816,-0.12970183935,
    3.920118527872));
#12197 = CARTESIAN_POINT('',(-3.969941216424,-0.138733810566,
    3.92266906134));
#12198 = CARTESIAN_POINT('',(-3.973045870123,-0.147631418971,
    3.925439946268));
#12199 = CARTESIAN_POINT('',(-3.976397834202,-0.156379468258,
    3.928430287568));
#12200 = CARTESIAN_POINT('',(-3.979995964961,-0.16496257572,
    3.931638783259));
#12201 = CARTESIAN_POINT('',(-3.994232652357,-0.196093118004,
    3.944327751088));
#12202 = CARTESIAN_POINT('',(-4.006419354212,-0.217507845059,
    3.955178477566));
#12203 = CARTESIAN_POINT('',(-4.020360276427,-0.237290008153,
    3.967576174342));
#12204 = CARTESIAN_POINT('',(-4.035982725336,-0.25512832409,
    3.981452583032));
#12205 = CARTESIAN_POINT('',(-4.05315830736,-0.270759900082,
    3.996695588596));
#12206 = CARTESIAN_POINT('',(-4.083001775546,-0.292108654978,
    4.023180099303));
#12207 = CARTESIAN_POINT('',(-4.094827481039,-0.299319154146,
    4.033674555467));
#12208 = CARTESIAN_POINT('',(-4.107112766904,-0.305602840055,
    4.044579048276));
#12209 = CARTESIAN_POINT('',(-4.119807305746,-0.310937679989,
    4.055852558225));
#12210 = CARTESIAN_POINT('',(-4.132857498069,-0.315317489945,
    4.067452121695));
#12211 = CARTESIAN_POINT('',(-4.152141386719,-0.320276473465,
    4.084614572966));
#12212 = CARTESIAN_POINT('',(-4.15813450699,-0.321615368671,
    4.089951338362));
#12213 = CARTESIAN_POINT('',(-4.164182367609,-0.322768075304,
    4.095340255044));
#12214 = CARTESIAN_POINT('',(-4.170280332059,-0.323735873472,
    4.100777692807));
#12215 = CARTESIAN_POINT('',(-4.176423863583,-0.324520530219,
    4.106260127002));
#12216 = CARTESIAN_POINT('',(-4.18260852518,-0.32512429953,
    4.111784138534));
#12217 = PCURVE('',#148,#12218);
#12218 = DEFINITIONAL_REPRESENTATION('',(#12219),#12267);
#12219 = B_SPLINE_CURVE_WITH_KNOTS('',6,(#12220,#12221,#12222,#12223,
    #12224,#12225,#12226,#12227,#12228,#12229,#12230,#12231,#12232,
    #12233,#12234,#12235,#12236,#12237,#12238,#12239,#12240,#12241,
    #12242,#12243,#12244,#12245,#12246,#12247,#12248,#12249,#12250,
    #12251,#12252,#12253,#12254,#12255,#12256,#12257,#12258,#12259,
    #12260,#12261,#12262,#12263,#12264,#12265,#12266),.UNSPECIFIED.,.F.,
  .F.,(7,5,5,5,5,5,5,5,5,7),(0.,4.54115142036E-02,0.145542360726,
    0.311563866494,0.500327515427,0.628188266177,0.689214363014,
    0.854282126714,0.955162677536,1.),.UNSPECIFIED.);
#12220 = CARTESIAN_POINT('',(0.868176180766,0.));
#12221 = CARTESIAN_POINT('',(0.868174088279,6.688128432745E-03));
#12222 = CARTESIAN_POINT('',(0.868172443606,1.343588145387E-02));
#12223 = CARTESIAN_POINT('',(0.868171198914,2.024227433277E-02));
#12224 = CARTESIAN_POINT('',(0.868170307927,2.71060926864E-02));
#12225 = CARTESIAN_POINT('',(0.868169725926,3.40258924793E-02));
#12226 = CARTESIAN_POINT('',(0.868168712581,5.637767029932E-02));
#12227 = CARTESIAN_POINT('',(0.868169309032,7.202049097366E-02));
#12228 = CARTESIAN_POINT('',(0.868170738397,8.790834993979E-02));
#12229 = CARTESIAN_POINT('',(0.868172599625,0.104019003746));
#12230 = CARTESIAN_POINT('',(0.868174573676,0.12032704132));
#12231 = CARTESIAN_POINT('',(0.868179550086,0.16412048533));
#12232 = CARTESIAN_POINT('',(0.868182380207,0.191907556769));
#12233 = CARTESIAN_POINT('',(0.868183907956,0.22002306342));
#12234 = CARTESIAN_POINT('',(0.868183952438,0.2483569302));
#12235 = CARTESIAN_POINT('',(0.868182839112,0.276822157489));
#12236 = CARTESIAN_POINT('',(0.868179034479,0.337779206819));
#12237 = CARTESIAN_POINT('',(0.868176142704,0.370292009899));
#12238 = CARTESIAN_POINT('',(0.868173078663,0.402821114343));
#12239 = CARTESIAN_POINT('',(0.868170749924,0.435339372946));
#12240 = CARTESIAN_POINT('',(0.868169591023,0.467840514144));
#12241 = CARTESIAN_POINT('',(0.868169608467,0.522365514636));
#12242 = CARTESIAN_POINT('',(0.868170150948,0.54438302463));
#12243 = CARTESIAN_POINT('',(0.868171232739,0.566404256276));
#12244 = CARTESIAN_POINT('',(0.868172750821,0.588429971835));
#12245 = CARTESIAN_POINT('',(0.868174525475,0.610456722432));
#12246 = CARTESIAN_POINT('',(0.868177191975,0.642986411942));
#12247 = CARTESIAN_POINT('',(0.86817806099,0.653494312711));
#12248 = CARTESIAN_POINT('',(0.868178912262,0.663999195325));
#12249 = CARTESIAN_POINT('',(0.868179720723,0.674499407742));
#12250 = CARTESIAN_POINT('',(0.868180461499,0.684992780731));
#12251 = CARTESIAN_POINT('',(0.868182863771,0.723834089549));
#12252 = CARTESIAN_POINT('',(0.868183949274,0.752131449899));
#12253 = CARTESIAN_POINT('',(0.868183886068,0.780297845683));
#12254 = CARTESIAN_POINT('',(0.868182359065,0.808247517431));
#12255 = CARTESIAN_POINT('',(0.868179549246,0.835872177731));
#12256 = CARTESIAN_POINT('',(0.868174579249,0.879632847135));
#12257 = CARTESIAN_POINT('',(0.868172589204,0.896062255075));
#12258 = CARTESIAN_POINT('',(0.868170713286,0.912291283975));
#12259 = CARTESIAN_POINT('',(0.868169278065,0.928293965883));
#12260 = CARTESIAN_POINT('',(0.868168694468,0.944047606943));
#12261 = CARTESIAN_POINT('',(0.86816976342,0.966413767305));
#12262 = CARTESIAN_POINT('',(0.868170353569,0.973242805788));
#12263 = CARTESIAN_POINT('',(0.868171246562,0.980017223211));
#12264 = CARTESIAN_POINT('',(0.86817248548,0.986735635532));
#12265 = CARTESIAN_POINT('',(0.868174114874,0.993396876969));
#12266 = CARTESIAN_POINT('',(0.868176180766,1.));
#12267 = ( GEOMETRIC_REPRESENTATION_CONTEXT(2) 
PARAMETRIC_REPRESENTATION_CONTEXT() REPRESENTATION_CONTEXT('2D SPACE',''
  ) );
#12268 = PCURVE('',#200,#12269);
#12269 = DEFINITIONAL_REPRESENTATION('',(#12270),#12318);
#12270 = B_SPLINE_CURVE_WITH_KNOTS('',6,(#12271,#12272,#12273,#12274,
    #12275,#12276,#12277,#12278,#12279,#12280,#12281,#12282,#12283,
    #12284,#12285,#12286,#12287,#12288,#12289,#12290,#12291,#12292,
    #12293,#12294,#12295,#12296,#12297,#12298,#12299,#12300,#12301,
    #12302,#12303,#12304,#12305,#12306,#12307,#12308,#12309,#12310,
    #12311,#12312,#12313,#12314,#12315,#12316,#12317),.UNSPECIFIED.,.F.,
  .F.,(7,5,5,5,5,5,5,5,5,7),(0.,4.54115142036E-02,0.145542360726,
    0.311563866494,0.500327515427,0.628188266177,0.689214363014,
    0.854282126714,0.955162677536,1.),.UNSPECIFIED.);
#12271 = CARTESIAN_POINT('',(-1.72594918193,-0.844021272475));
#12272 = CARTESIAN_POINT('',(-1.725919569811,-0.845354961097));
#12273 = CARTESIAN_POINT('',(-1.72584497118,-0.84668088294));
#12274 = CARTESIAN_POINT('',(-1.725724437794,-0.847998143046));
#12275 = CARTESIAN_POINT('',(-1.725557140412,-0.849305809169));
#12276 = CARTESIAN_POINT('',(-1.7253423688,-0.850602911775));
#12277 = CARTESIAN_POINT('',(-1.724499984914,-0.854722999013));
#12278 = CARTESIAN_POINT('',(-1.723686734431,-0.857501509123));
#12279 = CARTESIAN_POINT('',(-1.722633617909,-0.860212841376));
#12280 = CARTESIAN_POINT('',(-1.721337985399,-0.862845838108));
#12281 = CARTESIAN_POINT('',(-1.719801380336,-0.865389576456));
#12282 = CARTESIAN_POINT('',(-1.71509355684,-0.871885976396));
#12283 = CARTESIAN_POINT('',(-1.711511143377,-0.875665486855));
#12284 = CARTESIAN_POINT('',(-1.707312310125,-0.879123576134));
#12285 = CARTESIAN_POINT('',(-1.702556604435,-0.88222546027));
#12286 = CARTESIAN_POINT('',(-1.69732318416,-0.884947550692));
#12287 = CARTESIAN_POINT('',(-1.685306985051,-0.889920951079));
#12288 = CARTESIAN_POINT('',(-1.678409535138,-0.892057001092));
#12289 = CARTESIAN_POINT('',(-1.671129524294,-0.893664339901));
#12290 = CARTESIAN_POINT('',(-1.663598440883,-0.894735429298));
#12291 = CARTESIAN_POINT('',(-1.655944920861,-0.895268701821));
#12292 = CARTESIAN_POINT('',(-1.643106643984,-0.8952606738));
#12293 = CARTESIAN_POINT('',(-1.637922905083,-0.895010559765));
#12294 = CARTESIAN_POINT('',(-1.632778228731,-0.8945136139));
#12295 = CARTESIAN_POINT('',(-1.627712144943,-0.893770277387));
#12296 = CARTESIAN_POINT('',(-1.622764468601,-0.89278190075));
#12297 = CARTESIAN_POINT('',(-1.615688232043,-0.890963881497));
#12298 = CARTESIAN_POINT('',(-1.613437989514,-0.890321343875));
#12299 = CARTESIAN_POINT('',(-1.611228065695,-0.889623944754));
#12300 = CARTESIAN_POINT('',(-1.609062768821,-0.888872115031));
#12301 = CARTESIAN_POINT('',(-1.60694636464,-0.88806641118));
#12302 = CARTESIAN_POINT('',(-1.59930214643,-0.884884311915));
#12303 = CARTESIAN_POINT('',(-1.594107898221,-0.88217116869));
#12304 = CARTESIAN_POINT('',(-1.58938686213,-0.879082948613));
#12305 = CARTESIAN_POINT('',(-1.585216660226,-0.875642935475));
#12306 = CARTESIAN_POINT('',(-1.581655705788,-0.871885358508));
#12307 = CARTESIAN_POINT('',(-1.576946642609,-0.86539656119));
#12308 = CARTESIAN_POINT('',(-1.575398387026,-0.862833961894));
#12309 = CARTESIAN_POINT('',(-1.57409472507,-0.860180781946));
#12310 = CARTESIAN_POINT('',(-1.573037219056,-0.857448191661));
#12311 = CARTESIAN_POINT('',(-1.572223114431,-0.854647599395));
#12312 = CARTESIAN_POINT('',(-1.571389567653,-0.850520464543));
#12313 = CARTESIAN_POINT('',(-1.571179908237,-0.849239318606));
#12314 = CARTESIAN_POINT('',(-1.571016497476,-0.847947911998));
#12315 = CARTESIAN_POINT('',(-1.570898648717,-0.84664717693));
#12316 = CARTESIAN_POINT('',(-1.570825562547,-0.845338010057));
#12317 = CARTESIAN_POINT('',(-1.570796326795,-0.844021272475));
#12318 = ( GEOMETRIC_REPRESENTATION_CONTEXT(2) 
PARAMETRIC_REPRESENTATION_CONTEXT() REPRESENTATION_CONTEXT('2D SPACE',''
  ) );
#12319 = ORIENTED_EDGE('',*,*,#133,.F.);
#12320 = ADVANCED_FACE('',(#12321),#200,.F.);
#12321 = FACE_BOUND('',#12322,.T.);
#12322 = EDGE_LOOP('',(#12323,#12345,#12346,#12347,#12348,#12349,#12350,
    #12351,#12352,#12353,#12354,#12355,#12356,#12357,#12358,#12359,
    #12360,#12361,#12362,#12363,#12364,#12365,#12366,#12367,#12368,
    #12369,#12370,#12371,#12372,#12373,#12374,#12375,#12376,#12377,
    #12378,#12379,#12380,#12381,#12382,#12383,#12384,#12385,#12386,
    #12387,#12388,#12389,#12390,#12391,#12392,#12393,#12394,#12395,
    #12396,#12424,#12425,#12426,#12427,#12428,#12429,#12430,#12431,
    #12432,#12433,#12434,#12435,#12436,#12437));
#12323 = ORIENTED_EDGE('',*,*,#12324,.F.);
#12324 = EDGE_CURVE('',#12136,#6104,#12325,.T.);
#12325 = SEAM_CURVE('',#12326,(#12331,#12338),.PCURVE_S1.);
#12326 = CIRCLE('',#12327,6.313708498985);
#12327 = AXIS2_PLACEMENT_3D('',#12328,#12329,#12330);
#12328 = CARTESIAN_POINT('',(3.44163100244E-16,-4.427535927687E-15,
    8.830151983997));
#12329 = DIRECTION('',(-0.996992457705,-7.749864050068E-02,
    1.179611963664E-16));
#12330 = DIRECTION('',(4.845041208718E-02,-0.623297326399,
    -0.780482543349));
#12331 = PCURVE('',#200,#12332);
#12332 = DEFINITIONAL_REPRESENTATION('',(#12333),#12337);
#12333 = LINE('',#12334,#12335);
#12334 = CARTESIAN_POINT('',(-0.,-0.895437295856));
#12335 = VECTOR('',#12336,1.);
#12336 = DIRECTION('',(-0.,1.));
#12337 = ( GEOMETRIC_REPRESENTATION_CONTEXT(2) 
PARAMETRIC_REPRESENTATION_CONTEXT() REPRESENTATION_CONTEXT('2D SPACE',''
  ) );
#12338 = PCURVE('',#200,#12339);
#12339 = DEFINITIONAL_REPRESENTATION('',(#12340),#12344);
#12340 = LINE('',#12341,#12342);
#12341 = CARTESIAN_POINT('',(-6.28318530718,-0.895437295856));
#12342 = VECTOR('',#12343,1.);
#12343 = DIRECTION('',(-0.,1.));
#12344 = ( GEOMETRIC_REPRESENTATION_CONTEXT(2) 
PARAMETRIC_REPRESENTATION_CONTEXT() REPRESENTATION_CONTEXT('2D SPACE',''
  ) );
#12345 = ORIENTED_EDGE('',*,*,#12135,.T.);
#12346 = ORIENTED_EDGE('',*,*,#12324,.T.);
#12347 = ORIENTED_EDGE('',*,*,#6125,.T.);
#12348 = ORIENTED_EDGE('',*,*,#6184,.T.);
#12349 = ORIENTED_EDGE('',*,*,#6239,.T.);
#12350 = ORIENTED_EDGE('',*,*,#6314,.T.);
#12351 = ORIENTED_EDGE('',*,*,#6516,.T.);
#12352 = ORIENTED_EDGE('',*,*,#6575,.T.);
#12353 = ORIENTED_EDGE('',*,*,#6630,.T.);
#12354 = ORIENTED_EDGE('',*,*,#6705,.T.);
#12355 = ORIENTED_EDGE('',*,*,#6907,.T.);
#12356 = ORIENTED_EDGE('',*,*,#6966,.T.);
#12357 = ORIENTED_EDGE('',*,*,#7021,.T.);
#12358 = ORIENTED_EDGE('',*,*,#7096,.T.);
#12359 = ORIENTED_EDGE('',*,*,#7298,.T.);
#12360 = ORIENTED_EDGE('',*,*,#7357,.T.);
#12361 = ORIENTED_EDGE('',*,*,#7412,.T.);
#12362 = ORIENTED_EDGE('',*,*,#7487,.T.);
#12363 = ORIENTED_EDGE('',*,*,#7689,.T.);
#12364 = ORIENTED_EDGE('',*,*,#7748,.T.);
#12365 = ORIENTED_EDGE('',*,*,#7803,.T.);
#12366 = ORIENTED_EDGE('',*,*,#7878,.T.);
#12367 = ORIENTED_EDGE('',*,*,#8080,.T.);
#12368 = ORIENTED_EDGE('',*,*,#8139,.T.);
#12369 = ORIENTED_EDGE('',*,*,#8194,.T.);
#12370 = ORIENTED_EDGE('',*,*,#8269,.T.);
#12371 = ORIENTED_EDGE('',*,*,#8471,.T.);
#12372 = ORIENTED_EDGE('',*,*,#8530,.T.);
#12373 = ORIENTED_EDGE('',*,*,#8585,.T.);
#12374 = ORIENTED_EDGE('',*,*,#8660,.T.);
#12375 = ORIENTED_EDGE('',*,*,#8862,.T.);
#12376 = ORIENTED_EDGE('',*,*,#8921,.T.);
#12377 = ORIENTED_EDGE('',*,*,#8976,.T.);
#12378 = ORIENTED_EDGE('',*,*,#9051,.T.);
#12379 = ORIENTED_EDGE('',*,*,#9253,.T.);
#12380 = ORIENTED_EDGE('',*,*,#9312,.T.);
#12381 = ORIENTED_EDGE('',*,*,#9367,.T.);
#12382 = ORIENTED_EDGE('',*,*,#9442,.T.);
#12383 = ORIENTED_EDGE('',*,*,#9644,.T.);
#12384 = ORIENTED_EDGE('',*,*,#9703,.T.);
#12385 = ORIENTED_EDGE('',*,*,#9758,.T.);
#12386 = ORIENTED_EDGE('',*,*,#9833,.T.);
#12387 = ORIENTED_EDGE('',*,*,#10035,.T.);
#12388 = ORIENTED_EDGE('',*,*,#10094,.T.);
#12389 = ORIENTED_EDGE('',*,*,#10149,.T.);
#12390 = ORIENTED_EDGE('',*,*,#10224,.T.);
#12391 = ORIENTED_EDGE('',*,*,#10426,.T.);
#12392 = ORIENTED_EDGE('',*,*,#10485,.T.);
#12393 = ORIENTED_EDGE('',*,*,#10540,.T.);
#12394 = ORIENTED_EDGE('',*,*,#12167,.T.);
#12395 = ORIENTED_EDGE('',*,*,#164,.T.);
#12396 = ORIENTED_EDGE('',*,*,#12397,.T.);
#12397 = EDGE_CURVE('',#24,#10615,#12398,.T.);
#12398 = SURFACE_CURVE('',#12399,(#12405,#12415),.PCURVE_S1.);
#12399 = B_SPLINE_CURVE_WITH_KNOTS('',4,(#12400,#12401,#12402,#12403,
    #12404),.UNSPECIFIED.,.F.,.F.,(5,5),(0.,1.),
  .PIECEWISE_BEZIER_KNOTS.);
#12400 = CARTESIAN_POINT('',(-4.782044036636,-0.748075006527,
    4.77609800971));
#12401 = CARTESIAN_POINT('',(-4.76664426269,-0.846520748729,
    4.77609800971));
#12402 = CARTESIAN_POINT('',(-4.748540441667,-0.94454342085,
    4.77609800971));
#12403 = CARTESIAN_POINT('',(-4.727754538753,-1.042032593712,
    4.77609800971));
#12404 = CARTESIAN_POINT('',(-4.70430852018,-1.138877838347,
    4.77609800971));
#12405 = PCURVE('',#200,#12406);
#12406 = DEFINITIONAL_REPRESENTATION('',(#12407),#12414);
#12407 = B_SPLINE_CURVE_WITH_KNOTS('',5,(#12408,#12409,#12410,#12411,
    #12412,#12413),.UNSPECIFIED.,.F.,.F.,(6,6),(0.,1.),
  .PIECEWISE_BEZIER_KNOTS.);
#12408 = CARTESIAN_POINT('',(-1.493196253663,-0.697238920763));
#12409 = CARTESIAN_POINT('',(-1.476727034267,-0.697238880386));
#12410 = CARTESIAN_POINT('',(-1.460257826182,-0.69723895441));
#12411 = CARTESIAN_POINT('',(-1.443788600844,-0.69723895441));
#12412 = CARTESIAN_POINT('',(-1.427319392759,-0.697238880386));
#12413 = CARTESIAN_POINT('',(-1.410850173363,-0.697238920763));
#12414 = ( GEOMETRIC_REPRESENTATION_CONTEXT(2) 
PARAMETRIC_REPRESENTATION_CONTEXT() REPRESENTATION_CONTEXT('2D SPACE',''
  ) );
#12415 = PCURVE('',#47,#12416);
#12416 = DEFINITIONAL_REPRESENTATION('',(#12417),#12423);
#12417 = B_SPLINE_CURVE_WITH_KNOTS('',4,(#12418,#12419,#12420,#12421,
    #12422),.UNSPECIFIED.,.F.,.F.,(5,5),(0.,1.),
  .PIECEWISE_BEZIER_KNOTS.);
#12418 = CARTESIAN_POINT('',(0.868176180766,0.));
#12419 = CARTESIAN_POINT('',(0.868176180766,0.24999999594));
#12420 = CARTESIAN_POINT('',(0.868176180766,0.5));
#12421 = CARTESIAN_POINT('',(0.868176180766,0.75000000406));
#12422 = CARTESIAN_POINT('',(0.868176180766,1.));
#12423 = ( GEOMETRIC_REPRESENTATION_CONTEXT(2) 
PARAMETRIC_REPRESENTATION_CONTEXT() REPRESENTATION_CONTEXT('2D SPACE',''
  ) );
#12424 = ORIENTED_EDGE('',*,*,#10636,.T.);
#12425 = ORIENTED_EDGE('',*,*,#10711,.T.);
#12426 = ORIENTED_EDGE('',*,*,#10913,.T.);
#12427 = ORIENTED_EDGE('',*,*,#10972,.T.);
#12428 = ORIENTED_EDGE('',*,*,#11027,.T.);
#12429 = ORIENTED_EDGE('',*,*,#11102,.T.);
#12430 = ORIENTED_EDGE('',*,*,#11304,.T.);
#12431 = ORIENTED_EDGE('',*,*,#11363,.T.);
#12432 = ORIENTED_EDGE('',*,*,#11418,.T.);
#12433 = ORIENTED_EDGE('',*,*,#11493,.T.);
#12434 = ORIENTED_EDGE('',*,*,#11695,.T.);
#12435 = ORIENTED_EDGE('',*,*,#11754,.T.);
#12436 = ORIENTED_EDGE('',*,*,#11809,.T.);
#12437 = ORIENTED_EDGE('',*,*,#11884,.T.);
#12438 = ADVANCED_FACE('',(#12439),#47,.F.);
#12439 = FACE_BOUND('',#12440,.F.);
#12440 = EDGE_LOOP('',(#12441,#12442,#12443,#12444));
#12441 = ORIENTED_EDGE('',*,*,#4689,.F.);
#12442 = ORIENTED_EDGE('',*,*,#21,.T.);
#12443 = ORIENTED_EDGE('',*,*,#12397,.T.);
#12444 = ORIENTED_EDGE('',*,*,#10614,.F.);
#12445 = ( GEOMETRIC_REPRESENTATION_CONTEXT(3) 
GLOBAL_UNCERTAINTY_ASSIGNED_CONTEXT((#12449)) 
GLOBAL_UNIT_ASSIGNED_CONTEXT((#12446,#12447,#12448)) 
REPRESENTATION_CONTEXT('Context #1',
  '3D Context with UNIT and UNCERTAINTY') );
#12446 = ( LENGTH_UNIT() NAMED_UNIT(*) SI_UNIT(.MILLI.,.METRE.) );
#12447 = ( NAMED_UNIT(*) PLANE_ANGLE_UNIT() SI_UNIT($,.RADIAN.) );
#12448 = ( NAMED_UNIT(*) SI_UNIT($,.STERADIAN.) SOLID_ANGLE_UNIT() );
#12449 = UNCERTAINTY_MEASURE_WITH_UNIT(LENGTH_MEASURE(5.E-06),#12446,
  'distance_accuracy_value','confusion accuracy');
#12450 = PRODUCT_RELATED_PRODUCT_CATEGORY('part',$,(#7));
ENDSEC;
END-ISO-10303-21;
